pcode,day,act_in_vehicle_ep_0,act_still_ep_0,audio_convo_duration_ep_0,audio_convo_num_ep_0,loc_dist_ep_0,loc_visit_num_ep_0,loc_max_dis_from_campus_ep_0,sleep_duration,unlock_duration_ep_0,unlock_num_ep_0,act_physical_ep_0,loc_home_per,loc_study_per,loc_other_per,step_ep_0,std_sleep_duration,sleep_start,std_sleep_start,sleep_end,std_sleep_end,stress_binary_personal,stress_binary_overall,call_miss_num_ep_0,call_num_ep_0,call_duration_ep_0,sms_num_ep_0
003df5deff30e1e5a07b5d063fe85c3f,2017-10-06,209.5,76702.2,4094.0,9.5,4153.2,4.5,865.8,8.4,4578.8,53.5,9487.3,41.2,33.2,8.9,7583.0,7.5,01:33:20,02:37:09,10:32:00,04:50:28,0,0,0.0,0.0,0.0,0.0
003df5deff30e1e5a07b5d063fe85c3f,2017-10-13,96.7,75691.8,4321.2,10.2,4009.8,4.8,661.7,7.1,6522.5,59.5,10610.5,56.1,29.2,7.0,7679.6,5.1,01:44:36,02:26:11,09:20:00,03:50:55,0,0,0.0,0.0,0.0,0.0
003df5deff30e1e5a07b5d063fe85c3f,2017-10-14,673.3,74622.6,5371.9,11.2,18529.8,4.9,13521.2,6.8,6969.3,62.0,11103.1,59.3,27.1,6.5,8238.7,5.0,01:23:25,02:40:14,10:18:17,05:06:04,0,0,0.0,0.0,0.0,0.0
003df5deff30e1e5a07b5d063fe85c3f,2017-10-16,1190.2,72967.4,5865.9,12.2,32859.6,5.2,26485.3,5.4,8321.0,68.7,12241.4,67.2,27.6,5.1,8135.1,1.3,01:57:42,02:16:23,09:26:51,04:04:57,0,0,0.0,0.0,0.0,0.0
003df5deff30e1e5a07b5d063fe85c3f,2017-10-23,1100.4,73288.9,6041.1,12.4,32240.8,5.0,26254.7,5.4,9880.3,65.9,12009.7,63.4,30.2,6.5,8007.0,1.3,02:21:42,02:26:14,09:52:00,04:01:03,0,0,0.0,0.0,0.0,0.0
003df5deff30e1e5a07b5d063fe85c3f,2017-10-31,0.0,75034.5,5744.8,12.4,3394.1,4.9,438.0,5.7,10076.1,72.4,11364.6,62.3,33.7,4.0,7347.1,1.5,03:44:00,01:01:58,09:50:51,01:07:28,0,0,0.0,0.0,0.0,0.0
003df5deff30e1e5a07b5d063fe85c3f,2017-11-07,1489.9,74026.4,6661.3,13.7,33141.5,5.0,28999.0,5.6,11724.2,73.6,10882.9,62.9,27.4,2.6,6586.9,1.6,04:03:25,01:11:05,10:00:00,01:16:54,0,0,0.0,0.0,0.0,0.0
003df5deff30e1e5a07b5d063fe85c3f,2017-11-10,1489.9,75011.9,6198.4,14.2,33509.7,4.9,28998.6,5.1,12517.8,71.8,9897.3,65.4,24.8,2.7,6951.9,1.9,04:29:42,01:05:05,09:55:25,01:21:37,1,1,0.0,0.0,0.0,0.0
003df5deff30e1e5a07b5d063fe85c3f,2017-11-18,587.8,75716.5,7144.1,12.4,14724.8,3.9,9999.6,4.9,14341.3,64.5,10094.7,79.4,17.9,2.7,6591.8,1.6,04:57:08,01:25:27,10:08:00,01:47:19,1,1,0.0,0.0,0.0,0.0
003df5deff30e1e5a07b5d063fe85c3f,2017-11-19,602.9,75702.2,7705.6,12.4,15581.0,3.9,9999.7,4.7,13847.1,65.4,10093.9,79.4,17.9,2.7,6570.4,1.6,04:50:17,01:24:37,09:49:42,01:48:29,0,0,0.0,0.0,0.0,0.0
003df5deff30e1e5a07b5d063fe85c3f,2017-11-28,1771.9,76170.0,6432.4,7.9,24906.1,2.0,92638.4,6.2,11847.2,58.8,8457.1,81.2,4.5,0.0,2872.9,1.5,02:49:08,01:58:09,09:28:00,01:43:17,0,0,0.0,0.0,0.0,0.0
003df5deff30e1e5a07b5d063fe85c3f,2017-12-09,3148.4,77725.6,3924.1,6.6,30687.1,1.8,133113.2,8.4,12613.9,48.3,5525.1,85.7,0.0,0.0,1413.0,0.9,01:18:51,00:38:56,10:17:08,01:06:10,0,0,0.0,0.0,0.0,0.0
003df5deff30e1e5a07b5d063fe85c3f,2017-12-14,4481.7,74908.9,6517.9,10.0,54427.0,3.0,150653.9,7.6,11721.7,50.4,7008.4,85.7,0.0,0.0,3709.1,1.6,01:02:51,01:03:16,09:12:00,01:59:32,0,0,0.0,0.0,0.0,0.0
003df5deff30e1e5a07b5d063fe85c3f,2017-12-17,5697.3,73139.0,7514.6,10.7,77068.3,3.1,151050.5,7.3,10271.2,51.4,7562.7,91.0,1.9,0.0,3953.9,1.7,00:44:34,01:04:20,08:32:00,01:56:10,0,0,0.0,0.0,0.0,0.0
003df5deff30e1e5a07b5d063fe85c3f,2017-12-29,6304.5,72873.5,14963.3,12.2,102232.1,2.6,295188.9,8.4,5244.5,40.8,7221.0,41.0,1.9,0.0,2082.2,2.3,00:12:34,01:54:46,09:08:34,02:09:54,0,0,0.0,0.0,0.0,0.0
003df5deff30e1e5a07b5d063fe85c3f,2018-01-06,3131.8,77085.8,11418.2,11.8,51264.6,2.8,212360.4,7.9,5830.2,36.2,6181.4,33.7,8.5,7.8,1749.6,2.5,01:12:00,01:17:23,09:38:17,02:22:11,1,1,0.0,0.0,0.0,0.0
003df5deff30e1e5a07b5d063fe85c3f,2018-01-08,2596.2,78218.3,9889.4,11.9,41383.1,3.0,154446.3,7.6,6019.1,43.4,5584.5,39.4,17.1,7.8,1085.0,2.7,01:34:51,01:33:34,09:39:25,02:21:04,1,1,0.0,0.0,0.0,0.0
003df5deff30e1e5a07b5d063fe85c3f,2018-01-18,41.7,80260.6,6314.8,13.3,2384.5,3.5,495.5,6.9,6420.6,71.8,6096.7,60.3,30.9,1.1,6103.4,4.4,03:41:32,03:01:39,11:00:55,03:51:07,1,1,0.0,0.0,0.0,0.0
003df5deff30e1e5a07b5d063fe85c3f,2018-01-26,41.7,80625.6,5257.0,11.6,2293.6,3.5,496.2,6.1,5843.5,72.5,5731.7,71.6,18.9,1.8,5532.9,4.4,01:54:27,06:02:21,12:07:23,04:25:02,0,0,0.0,0.0,0.0,0.0
003df5deff30e1e5a07b5d063fe85c3f,2018-01-30,38.7,79438.2,8057.0,14.1,2959.4,3.9,547.1,4.5,7165.1,80.9,6922.1,75.4,22.7,2.0,5628.5,2.2,02:52:34,05:54:23,11:05:08,03:23:26,1,1,0.0,0.0,0.0,0.0
003df5deff30e1e5a07b5d063fe85c3f,2018-02-09,977.1,77883.8,9419.1,13.9,23846.9,4.6,28236.9,5.7,7260.1,66.7,7538.1,64.6,25.8,2.5,6230.6,2.7,02:21:42,04:12:01,10:11:25,02:13:12,0,0,0.0,0.0,0.0,0.0
003df5deff30e1e5a07b5d063fe85c3f,2018-02-11,977.1,78469.3,8464.6,13.2,23520.1,4.5,28223.8,6.0,7099.2,66.1,6952.6,61.8,28.6,2.5,5624.0,2.3,01:57:42,03:57:08,10:04:34,02:13:53,0,0,0.0,0.0,0.0,0.0
003df5deff30e1e5a07b5d063fe85c3f,2018-02-20,0.0,78739.3,8709.8,12.6,2992.6,4.4,532.1,6.9,7920.8,64.6,7659.7,55.2,38.0,6.7,5870.8,1.5,02:40:00,01:45:36,10:03:25,01:11:09,0,0,0.0,0.0,0.0,0.0
003df5deff30e1e5a07b5d063fe85c3f,2018-02-25,0.0,78672.6,7148.2,10.1,3047.7,4.7,531.4,6.5,7090.3,69.5,7726.4,53.4,38.6,8.1,6148.6,1.9,02:50:17,02:18:22,09:48:34,01:22:44,1,1,0.0,0.0,0.0,0.0
003df5deff30e1e5a07b5d063fe85c3f,2018-03-10,2300.7,76166.4,320.6,2.3,58739.4,4.2,72896.6,7.1,6407.0,62.9,7931.9,70.8,20.1,2.0,6062.4,2.3,01:37:08,02:19:16,09:08:34,02:01:18,1,1,0.0,0.0,0.0,0.0
003df5deff30e1e5a07b5d063fe85c3f,2018-03-13,2688.4,77096.7,270.7,1.9,68477.1,3.3,91229.9,7.5,6742.7,59.1,6613.9,71.4,14.3,0.0,4701.8,2.1,00:58:17,01:55:47,08:59:25,01:59:57,1,1,0.0,0.0,0.0,0.0
003df5deff30e1e5a07b5d063fe85c3f,2018-03-20,2135.6,77433.4,207.9,1.5,230765.1,1.7,859665.7,8.7,6133.9,38.9,6830.1,40.3,2.5,0.0,2106.2,2.6,01:22:17,02:59:59,10:36:34,04:42:57,0,0,0.0,0.0,0.0,0.0
003df5deff30e1e5a07b5d063fe85c3f,2018-03-27,3415.5,73860.3,236.6,1.4,547064.5,2.6,1276263.8,8.6,6028.9,43.3,9123.2,14.5,6.4,0.5,3670.4,2.7,00:54:51,03:08:24,10:06:51,05:05:17,0,0,0.0,0.0,0.0,0.0
003df5deff30e1e5a07b5d063fe85c3f,2018-04-06,1139.2,76587.1,280.8,1.9,24541.5,4.7,18950.3,6.7,6610.6,70.4,8672.6,50.9,38.1,3.8,6347.5,2.0,01:41:42,01:50:47,08:52:34,02:55:25,1,1,0.0,0.0,0.0,0.0
003df5deff30e1e5a07b5d063fe85c3f,2018-04-13,0.0,78149.9,439.9,2.3,2777.4,4.8,418.7,5.9,9825.1,78.3,8249.1,56.0,39.1,4.9,6293.1,1.5,02:57:08,01:45:10,09:13:08,02:40:25,1,1,0.0,0.0,0.0,0.0
003df5deff30e1e5a07b5d063fe85c3f,2018-04-19,100.7,77508.6,537.1,2.6,4069.1,4.9,423.6,5.3,11193.0,84.8,8789.7,59.3,32.4,8.3,6627.8,1.5,03:37:08,01:29:01,09:17:42,02:03:46,1,1,0.0,0.0,0.0,0.0
003df5deff30e1e5a07b5d063fe85c3f,2018-04-22,2776.3,73916.0,604.9,3.1,62530.5,4.9,52062.4,5.2,11438.9,84.1,9706.7,55.8,36.7,7.4,6953.4,1.6,03:29:08,01:47:14,09:00:34,02:01:34,1,1,0.0,0.0,0.0,0.0
003df5deff30e1e5a07b5d063fe85c3f,2018-05-01,2675.6,72547.4,744.2,3.5,62321.6,5.5,52093.9,5.6,11548.4,76.1,11176.0,55.6,38.8,5.6,8357.6,2.5,02:48:00,02:02:33,08:44:34,03:22:24,1,1,0.0,0.0,0.0,0.0
003df5deff30e1e5a07b5d063fe85c3f,2018-05-11,23.2,76365.1,702.8,3.1,4543.8,6.1,703.1,5.8,12262.4,65.1,10010.7,62.0,32.0,6.1,7829.9,1.8,02:53:42,01:59:51,10:49:08,03:49:37,1,1,0.0,0.0,0.0,0.0
003df5deff30e1e5a07b5d063fe85c3f,2018-05-17,23.2,76844.5,401.3,1.8,4496.9,6.2,683.5,5.6,12213.2,63.6,9531.3,61.0,32.7,6.3,7558.9,1.6,03:01:42,02:08:30,10:40:00,03:54:41,0,0,0.0,0.0,0.0,0.0
003df5deff30e1e5a07b5d063fe85c3f,2018-05-21,0.0,76786.0,0.0,0.0,3952.5,6.3,441.8,5.3,10282.6,65.3,9613.1,56.8,29.7,13.5,7986.4,1.5,02:33:08,02:05:21,09:57:42,04:11:17,0,0,0.0,0.0,0.0,0.0
003df5deff30e1e5a07b5d063fe85c3f,2018-05-29,0.0,77189.8,0.0,0.0,3886.9,5.9,437.8,6.2,11993.8,70.5,9209.3,47.9,31.4,20.6,7853.6,1.6,02:22:51,01:26:41,09:01:42,02:05:14,1,1,0.0,0.0,0.0,0.0
003df5deff30e1e5a07b5d063fe85c3f,2018-06-06,1062.7,76572.1,0.0,0.0,18085.9,4.1,46632.4,6.3,12641.1,67.1,8764.2,55.0,28.9,9.0,6034.1,2.5,03:05:08,02:10:05,09:46:17,01:51:36,0,0,0.0,0.0,0.0,0.0
003df5deff30e1e5a07b5d063fe85c3f,2018-06-13,3619.9,75209.1,0.0,0.0,61521.7,2.4,112453.2,7.2,9842.4,52.9,7570.1,73.0,12.7,0.0,4217.6,2.6,02:10:17,02:13:17,09:53:08,01:48:45,0,0,0.0,0.0,0.0,0.0
003df5deff30e1e5a07b5d063fe85c3f,2018-06-23,4444.2,75940.4,0.0,0.0,58160.6,2.6,139147.7,7.2,8276.9,46.4,6014.4,92.9,0.0,0.0,2508.1,1.5,23:45:08,03:08:00,09:06:17,03:34:44,0,0,0.0,0.0,0.0,0.0
003df5deff30e1e5a07b5d063fe85c3f,2018-06-27,4327.1,75921.0,0.0,0.0,55227.8,3.0,159294.1,6.5,7228.0,54.1,6150.9,78.6,0.0,0.0,3070.9,1.2,23:22:17,03:09:33,08:03:25,03:29:25,0,0,0.0,0.0,0.0,0.0
003df5deff30e1e5a07b5d063fe85c3f,2018-07-04,3515.7,75896.2,0.0,0.0,51474.9,3.2,173548.0,6.9,6527.6,68.6,6987.1,64.3,0.0,0.0,4496.9,1.8,22:57:08,03:03:22,08:03:25,03:16:20,0,0,0.0,0.0,0.0,0.0
003df5deff30e1e5a07b5d063fe85c3f,2018-07-11,2828.8,76517.7,0.0,0.0,47768.7,3.2,173833.4,7.3,8165.9,75.0,7052.6,57.1,0.0,0.0,4834.6,1.5,00:00:00,01:23:21,07:45:08,01:21:54,0,0,0.0,0.0,0.0,0.0
003df5deff30e1e5a07b5d063fe85c3f,2018-07-31,3079.6,75995.3,0.0,0.0,1894376.3,2.1,5248160.9,8.2,5588.6,51.4,7324.1,14.3,0.0,0.0,3595.1,3.8,23:54:17,03:00:28,10:20:34,05:22:13,0,0,0.0,0.0,0.0,0.0
003df5deff30e1e5a07b5d063fe85c3f,2018-08-08,1686.8,77464.3,0.0,0.0,27510.1,3.1,177143.6,7.4,8896.3,69.6,7247.9,35.7,0.0,0.0,5039.7,2.0,22:37:42,01:07:18,08:14:51,04:22:18,0,0,0.0,0.0,0.0,0.0
003df5deff30e1e5a07b5d063fe85c3f,2018-08-14,1938.9,76824.1,0.0,0.0,30554.1,3.6,174402.1,8.0,9214.2,73.2,7636.1,42.9,0.0,0.0,5454.1,1.0,23:04:00,00:49:46,07:37:08,01:06:59,0,0,0.0,0.0,0.0,0.0
003df5deff30e1e5a07b5d063fe85c3f,2018-08-25,4235.0,72886.1,0.0,0.0,69709.1,3.6,191646.5,7.1,9560.4,70.4,9278.0,42.9,0.0,0.0,6499.0,2.4,23:54:17,01:12:43,07:29:08,02:09:20,0,0,0.0,0.0,0.0,0.0
003df5deff30e1e5a07b5d063fe85c3f,2018-08-26,3746.3,74109.6,0.0,0.0,62584.0,3.4,207733.9,7.2,9306.7,66.6,8543.1,35.7,0.0,0.0,6061.5,2.4,23:53:08,01:11:44,07:32:34,02:13:39,0,0,0.0,0.0,0.0,0.0
003df5deff30e1e5a07b5d063fe85c3f,2018-09-02,5977.1,74847.6,0.0,0.0,107733.9,2.3,210802.6,8.2,7874.0,52.6,5574.4,78.6,0.0,0.0,2698.0,2.2,00:13:42,01:07:01,09:00:34,02:07:52,0,0,0.0,0.0,0.0,0.0
003df5deff30e1e5a07b5d063fe85c3f,2018-09-13,3004.4,76239.1,0.0,0.0,44038.9,3.3,102772.4,8.8,7215.4,56.0,7155.4,78.8,7.0,14.2,3766.8,1.7,00:12:34,00:57:44,09:33:42,01:18:48,0,0,0.0,0.0,0.0,0.0
003df5deff30e1e5a07b5d063fe85c3f,2018-09-19,1797.8,74985.9,0.0,0.0,23433.5,5.6,38768.4,7.4,9529.8,95.3,9615.3,55.4,22.4,22.2,6834.4,1.9,01:10:51,01:20:50,09:02:51,01:12:56,0,0,0.0,0.0,0.0,0.0
003df5deff30e1e5a07b5d063fe85c3f,2018-09-23,143.8,77089.4,0.0,0.0,5060.3,6.1,976.2,6.3,9910.9,110.7,9165.9,41.9,36.5,21.6,7295.7,1.8,02:12:34,01:36:16,08:58:17,00:54:57,1,1,0.0,0.0,0.0,0.0
003df5deff30e1e5a07b5d063fe85c3f,2018-10-04,0.0,78977.6,0.0,0.0,2560.6,4.9,460.3,6.3,8800.9,101.2,7421.4,54.2,41.7,4.1,9235.2,1.7,02:30:51,01:09:24,09:15:25,01:12:40,1,1,0.0,0.0,0.0,0.0
003df5deff30e1e5a07b5d063fe85c3f,2018-10-10,1267.1,75440.4,0.0,0.0,30109.1,5.4,458.7,6.0,8932.4,108.2,9691.5,52.3,41.9,5.8,14473.1,1.7,02:44:34,01:37:01,09:06:17,01:35:46,1,1,0.0,0.0,0.0,0.0
003df5deff30e1e5a07b5d063fe85c3f,2018-10-15,1267.1,74459.6,0.0,0.0,30248.4,5.5,457.3,5.5,8602.5,110.6,10672.4,56.9,35.8,7.3,7890.0,1.5,03:22:17,01:30:13,09:13:08,01:32:15,1,1,0.0,0.0,0.0,0.0
003df5deff30e1e5a07b5d063fe85c3f,2018-10-19,1267.1,74399.1,0.0,0.0,30370.5,5.1,439.4,5.3,7605.4,104.3,10732.8,64.6,29.2,6.2,7890.0,1.2,03:40:34,01:06:34,09:22:17,01:36:43,0,0,0.0,0.0,0.0,0.0
003df5deff30e1e5a07b5d063fe85c3f,2018-10-23,0.0,76312.2,0.0,0.0,3425.6,4.7,469.0,5.8,7633.9,103.4,10086.8,69.4,25.3,5.3,6250.7,1.1,03:38:17,01:00:21,09:52:00,00:57:22,0,0,0.0,0.0,0.0,0.0
003df5deff30e1e5a07b5d063fe85c3f,2018-10-29,1106.4,73946.5,0.0,0.0,32436.4,5.3,25948.8,6.1,8661.6,117.5,11346.1,72.1,21.6,6.3,0.0,1.5,03:22:17,02:09:30,09:50:51,01:17:47,1,1,0.0,0.0,0.0,0.0
003df5deff30e1e5a07b5d063fe85c3f,2018-11-10,428.4,75693.5,0.0,0.0,17052.5,5.3,13363.9,6.9,10193.2,117.9,10277.1,67.1,29.4,3.5,0.0,1.2,03:14:17,01:10:44,10:33:08,01:01:53,1,1,0.0,0.0,0.0,0.0
003df5deff30e1e5a07b5d063fe85c3f,2018-11-13,16.8,76312.8,0.0,0.0,3606.4,5.0,565.4,6.6,10778.6,118.1,10069.4,60.9,36.6,2.5,0.0,1.3,03:50:51,01:22:11,10:52:34,00:58:22,1,1,0.0,0.0,0.0,0.0
003df5deff30e1e5a07b5d063fe85c3f,2018-11-18,415.9,76505.5,0.0,0.0,12973.4,4.4,9740.8,6.2,11714.3,111.4,9477.6,65.4,32.8,1.8,0.0,1.6,04:17:08,01:56:33,10:54:51,01:01:30,0,0,0.0,0.0,0.0,0.0
003df5deff30e1e5a07b5d063fe85c3f,2018-12-01,4705.8,75197.6,0.0,0.0,84824.6,2.1,202066.8,7.6,10515.2,83.9,6495.6,68.8,2.7,0.0,0.0,2.7,02:44:34,02:59:26,10:49:08,02:18:47,0,0,0.0,0.0,0.0,0.0
003df5deff30e1e5a07b5d063fe85c3f,2018-12-06,5029.6,74453.4,0.0,0.0,84669.4,2.0,202218.6,8.6,9999.1,80.1,6916.1,71.4,0.0,0.0,0.0,2.1,01:46:17,01:34:46,10:56:00,01:44:02,0,0,0.0,0.0,0.0,0.0
003df5deff30e1e5a07b5d063fe85c3f,2018-12-14,3450.6,77198.3,0.0,0.0,35589.9,2.0,131327.7,8.1,11452.4,101.1,5750.1,92.9,0.0,0.0,0.0,1.2,02:16:00,00:31:16,10:56:00,01:20:13,0,0,0.0,0.0,0.0,0.0
003df5deff30e1e5a07b5d063fe85c3f,2018-12-22,3565.2,78081.3,0.0,0.0,27631.9,1.6,129453.6,7.5,10928.5,91.1,4752.5,100.0,0.0,0.0,0.0,1.0,02:03:25,00:27:59,10:02:17,00:58:11,0,0,0.0,0.0,0.0,0.0
003df5deff30e1e5a07b5d063fe85c3f,2018-12-26,3488.7,77108.9,0.0,0.0,29995.3,1.7,129468.8,7.5,9923.1,81.6,5801.4,92.9,0.0,0.0,0.0,1.2,01:55:25,00:29:44,09:56:34,00:56:13,0,0,0.0,0.0,0.0,0.0
003df5deff30e1e5a07b5d063fe85c3f,2019-01-01,2786.4,75826.4,0.0,0.0,37015.9,1.9,137216.1,7.2,8702.8,78.1,7786.1,92.9,0.0,0.0,0.0,1.3,02:44:34,01:36:27,10:26:17,00:48:42,0,0,0.0,0.0,0.0,0.0
003df5deff30e1e5a07b5d063fe85c3f,2019-01-10,1329.6,75302.9,0.0,0.0,30346.3,3.9,61404.4,6.9,12960.2,96.5,9766.5,76.9,17.4,5.7,0.0,1.3,02:52:34,01:23:23,10:16:00,01:10:58,0,0,0.0,0.0,0.0,0.0
003df5deff30e1e5a07b5d063fe85c3f,2019-01-14,642.2,76722.4,0.0,0.0,19321.1,4.4,21051.9,6.9,12849.5,100.3,9034.4,68.9,24.4,6.7,0.0,1.3,02:49:08,00:56:18,10:13:42,01:15:55,0,0,0.0,0.0,0.0,0.0
003df5deff30e1e5a07b5d063fe85c3f,2019-01-25,12.6,78310.5,0.0,0.0,2106.7,4.4,495.5,6.7,8740.7,96.6,8075.9,68.7,26.6,4.6,0.0,1.4,03:08:34,00:39:16,10:19:25,01:25:24,0,0,0.0,0.0,0.0,0.0
003df5deff30e1e5a07b5d063fe85c3f,2019-01-27,12.6,77456.1,0.0,0.0,2345.4,4.6,495.4,6.4,8913.6,97.3,8930.4,64.9,29.7,5.4,0.0,1.2,03:16:34,00:37:29,10:05:42,01:18:06,1,1,0.0,0.0,0.0,0.0
003df5deff30e1e5a07b5d063fe85c3f,2019-02-04,15.5,77521.1,0.0,0.0,2617.0,5.2,545.3,5.9,9337.8,117.3,8862.4,60.9,34.3,4.8,0.0,1.5,03:10:51,00:48:10,09:28:00,01:37:39,1,1,0.0,0.0,0.0,0.0
003df5deff30e1e5a07b5d063fe85c3f,2019-02-10,2.9,78325.7,0.0,0.0,2471.9,5.1,540.8,5.6,10259.6,126.4,8070.4,58.6,36.7,4.7,0.0,1.4,03:14:17,00:48:19,09:15:25,01:24:06,1,1,0.0,0.0,0.0,0.0
003df5deff30e1e5a07b5d063fe85c3f,2019-02-23,66.3,78280.4,0.0,0.0,3234.5,5.5,524.6,6.4,9160.8,108.3,8052.4,40.5,30.7,21.6,0.0,2.0,03:25:42,01:19:02,10:14:51,01:19:42,0,0,0.0,0.0,0.0,0.0
003df5deff30e1e5a07b5d063fe85c3f,2019-02-25,66.3,78139.0,0.0,0.0,3267.7,5.4,521.6,6.7,9232.5,112.1,8193.7,37.2,29.8,25.8,0.0,2.2,03:16:34,01:22:47,10:22:51,01:25:37,1,1,0.0,0.0,0.0,0.0
003df5deff30e1e5a07b5d063fe85c3f,2019-03-03,77.3,77014.5,0.0,0.0,4491.4,5.2,1009.4,6.8,9431.7,119.1,9307.2,34.9,22.4,35.5,0.0,2.0,02:48:00,01:02:11,10:04:34,01:24:42,1,1,0.0,0.0,0.0,0.0
003df5deff30e1e5a07b5d063fe85c3f,2019-03-16,2730.4,75733.8,0.0,0.0,53906.2,3.4,163794.5,5.8,9918.6,96.6,7934.9,24.5,11.4,21.2,0.0,1.9,02:04:34,01:14:06,08:13:42,01:48:49,0,0,0.0,0.0,0.0,0.0
003df5deff30e1e5a07b5d063fe85c3f,2019-03-17,3953.4,74864.1,0.0,0.0,80903.4,3.4,192756.7,5.6,9766.5,88.8,7581.5,19.4,10.4,20.2,0.0,1.8,02:03:25,01:13:55,08:04:34,01:38:20,0,0,0.0,0.0,0.0,0.0
003df5deff30e1e5a07b5d063fe85c3f,2019-03-29,3423.1,73477.6,0.0,0.0,69606.2,4.9,130501.2,5.8,10690.1,99.8,9498.3,4.8,18.0,20.0,0.0,0.9,02:05:42,00:56:41,08:17:08,01:05:32,0,0,0.0,0.0,0.0,0.0
003df5deff30e1e5a07b5d063fe85c3f,2019-04-02,1838.9,73420.1,0.0,0.0,39705.3,5.8,54633.4,6.4,10192.0,110.4,11140.0,17.1,32.9,21.5,0.0,1.8,01:26:51,01:14:14,08:17:08,00:56:33,1,1,0.0,0.0,0.0,0.0
003df5deff30e1e5a07b5d063fe85c3f,2019-04-07,71.4,75078.9,0.0,0.0,5069.6,6.7,1024.7,6.7,9290.3,118.1,11248.7,21.5,47.0,31.5,0.0,1.5,01:33:42,01:11:46,08:42:17,00:53:37,1,1,0.0,0.0,0.0,0.0
003df5deff30e1e5a07b5d063fe85c3f,2019-04-18,35.7,76192.6,0.0,0.0,3647.4,5.3,541.9,6.8,9277.1,113.2,10170.6,18.5,42.8,38.8,0.0,1.7,01:49:42,00:51:58,09:02:51,01:15:09,0,0,0.0,0.0,0.0,0.0
003df5deff30e1e5a07b5d063fe85c3f,2019-04-22,13.5,76128.6,0.0,0.0,3670.9,5.5,536.4,6.8,9145.0,113.9,10256.9,18.3,41.4,40.3,0.0,1.7,02:00:00,00:59:47,09:16:34,01:20:02,0,0,0.0,0.0,0.0,0.0
003df5deff30e1e5a07b5d063fe85c3f,2019-04-28,13.5,75564.9,0.0,0.0,3648.6,5.8,552.1,6.5,9107.3,113.1,10820.6,17.4,36.2,46.4,0.0,1.2,02:21:42,01:12:01,09:18:51,00:51:28,1,1,0.0,0.0,0.0,0.0
003df5deff30e1e5a07b5d063fe85c3f,2019-05-17,78.9,74061.9,0.0,0.0,4288.6,6.1,523.9,5.6,9477.2,123.0,12258.2,23.3,38.4,38.2,0.0,1.6,02:45:42,01:46:03,08:41:08,01:12:59,0,0,0.0,0.0,0.0,0.0
003df5deff30e1e5a07b5d063fe85c3f,2019-05-19,78.9,73410.4,0.0,0.0,4382.3,6.6,525.9,5.1,10027.9,130.4,12909.7,23.2,37.3,39.5,0.0,1.7,03:08:34,01:57:17,08:33:08,01:07:11,0,0,0.0,0.0,0.0,0.0
003df5deff30e1e5a07b5d063fe85c3f,2019-05-30,403.8,73776.6,0.0,0.0,9475.9,5.0,3475.1,5.9,8690.4,117.9,12218.6,24.0,53.4,22.6,0.0,1.6,03:01:42,01:27:45,09:17:42,01:52:18,0,0,0.0,0.0,0.0,0.0
003df5deff30e1e5a07b5d063fe85c3f,2019-06-05,1116.1,74701.4,0.0,0.0,21443.1,4.3,30988.4,5.6,7976.1,106.3,10581.6,18.7,41.1,25.8,0.0,1.8,03:05:08,01:12:14,09:05:08,02:30:01,0,0,0.0,0.0,0.0,0.0
003df5deff30e1e5a07b5d063fe85c3f,2019-06-14,5137.1,72055.4,0.0,0.0,102147.5,2.4,111139.2,5.5,9176.1,94.6,9206.6,2.8,3.4,15.3,0.0,2.1,02:02:17,01:34:46,07:55:25,02:32:19,0,0,0.0,0.0,0.0,0.0
003df5deff30e1e5a07b5d063fe85c3f,2019-07-17,0.0,86399.0,0.0,0.0,6337.0,4.5,817.5,10.4,6121.8,103.2,0.0,56.6,32.8,10.6,0.0,4.3,23:32:00,02:22:49,10:40:00,02:35:56,0,0,0.0,0.0,0.0,0.0
003df5deff30e1e5a07b5d063fe85c3f,2019-07-24,0.0,86399.0,0.0,0.0,32678.6,4.0,837.3,9.9,5616.6,88.3,0.0,68.5,18.0,6.4,0.0,3.8,00:05:42,02:07:13,10:42:17,03:11:42,0,0,0.0,0.0,0.0,0.0
003df5deff30e1e5a07b5d063fe85c3f,2019-07-29,0.0,86399.0,0.0,0.0,32895.1,4.4,901.4,9.6,5901.7,89.4,0.0,59.2,24.6,9.0,0.0,4.0,01:09:42,01:58:45,11:23:25,03:17:34,0,0,0.0,0.0,0.0,0.0
003df5deff30e1e5a07b5d063fe85c3f,2019-08-04,0.0,86399.0,0.0,0.0,4259.9,4.9,485.9,9.4,6238.6,93.4,0.0,64.4,29.3,6.3,0.0,2.8,01:07:25,01:56:30,11:10:51,02:04:44,0,0,0.0,0.0,0.0,0.0
003df5deff30e1e5a07b5d063fe85c3f,2019-08-17,0.0,86399.0,0.0,0.0,5829.1,4.7,444.1,8.5,6455.0,100.9,0.0,66.8,27.6,5.5,0.0,2.2,01:15:25,01:46:22,10:21:42,01:20:52,0,0,0.0,0.0,0.0,0.0
003df5deff30e1e5a07b5d063fe85c3f,2019-08-19,0.0,86399.0,0.0,0.0,5849.3,4.9,447.0,7.8,6802.6,106.5,0.0,63.5,31.3,5.2,0.0,1.8,01:47:25,01:07:59,10:08:00,01:23:47,0,0,0.0,0.0,0.0,0.0
003df5deff30e1e5a07b5d063fe85c3f,2019-08-27,0.0,86399.0,0.0,0.0,6574.3,4.4,493.3,7.6,7476.1,109.3,0.0,62.9,33.9,3.2,0.0,1.7,01:40:34,01:04:07,09:46:17,01:23:16,0,0,0.0,0.0,0.0,0.0
003df5deff30e1e5a07b5d063fe85c3f,2019-09-07,0.0,86399.0,0.0,0.0,193221.6,3.2,257032.1,8.9,8551.2,91.9,0.0,17.6,10.2,0.7,0.0,1.9,00:30:51,01:38:20,10:00:00,01:57:41,0,0,0.0,0.0,0.0,0.0
003df5deff30e1e5a07b5d063fe85c3f,2019-09-14,0.0,86399.0,0.0,0.0,187163.2,2.7,283204.0,9.0,9174.4,94.9,0.0,0.0,1.8,5.4,0.0,2.2,00:24:00,01:24:36,10:01:08,02:12:18,0,0,0.0,0.0,0.0,0.0
003df5deff30e1e5a07b5d063fe85c3f,2019-09-21,0.0,86399.0,0.0,0.0,22562.9,5.1,66144.3,8.1,9329.6,121.9,0.0,9.6,19.7,27.8,0.0,1.4,00:56:00,00:53:19,09:34:51,01:39:05,0,0,0.0,0.0,0.0,0.0
003df5deff30e1e5a07b5d063fe85c3f,2019-09-28,0.0,86399.0,0.0,0.0,4790.8,8.0,544.6,8.5,7757.9,130.2,0.0,22.4,35.9,41.7,0.0,1.4,00:51:25,00:48:04,09:55:25,01:26:50,1,1,0.0,0.0,0.0,0.0
003df5deff30e1e5a07b5d063fe85c3f,2019-10-02,0.0,86399.0,0.0,0.0,4481.2,7.7,558.4,8.7,7715.9,123.9,0.0,27.8,37.5,34.6,0.0,1.8,01:01:42,01:14:01,10:17:08,01:32:38,1,1,0.0,0.0,0.0,0.0
003df5deff30e1e5a07b5d063fe85c3f,2019-10-12,0.0,86399.0,0.0,0.0,23010.4,6.4,12721.1,8.2,8151.5,121.3,0.0,33.7,37.1,22.1,0.0,1.8,01:49:42,01:26:33,10:34:17,01:12:58,0,0,0.0,0.0,0.0,0.0
003df5deff30e1e5a07b5d063fe85c3f,2019-10-13,0.0,86399.0,0.0,0.0,29228.1,6.4,12721.2,8.3,8675.2,121.9,0.0,33.5,40.8,18.5,0.0,1.7,01:34:51,01:14:25,10:27:25,01:17:57,0,0,0.0,0.0,0.0,0.0
003df5deff30e1e5a07b5d063fe85c3f,2019-10-25,0.0,80349.0,0.0,0.0,27870.7,1.3,12114.0,10.4,8590.7,102.1,6050.0,20.3,7.5,0.8,0.0,5.7,00:11:25,01:56:14,11:14:17,04:30:22,0,0,0.0,0.0,0.0,0.0
003df5deff30e1e5a07b5d063fe85c3f,2019-10-29,87.2,73789.0,0.0,0.0,0.0,0.0,0.0,8.1,9711.1,106.5,12522.8,0.0,0.0,0.0,0.0,3.6,01:04:00,02:16:28,09:40:00,02:08:26,0,0,0.0,0.0,0.0,0.0
003df5deff30e1e5a07b5d063fe85c3f,2019-11-03,1105.5,73290.3,0.0,0.0,0.0,0.0,0.0,7.4,10179.0,112.6,12003.2,0.0,0.0,0.0,0.0,3.0,01:21:13,01:54:46,09:12:36,02:06:04,0,0,0.0,0.0,0.0,0.0
003df5deff30e1e5a07b5d063fe85c3f,2019-11-11,1009.8,75263.3,0.0,0.0,0.0,0.0,0.0,6.7,9817.1,111.4,10125.9,0.0,0.0,0.0,0.0,1.1,01:57:42,01:10:25,09:04:00,01:52:19,0,0,0.0,0.0,0.0,0.0
003df5deff30e1e5a07b5d063fe85c3f,2019-11-19,75.4,76222.5,0.0,0.0,0.0,0.0,0.0,7.2,8735.4,106.4,10101.1,0.0,0.0,0.0,0.0,1.4,02:37:42,00:47:33,10:20:34,01:25:33,1,1,0.0,0.0,0.0,0.0
003df5deff30e1e5a07b5d063fe85c3f,2019-11-25,42.4,77293.3,0.0,0.0,0.0,0.0,0.0,7.5,8406.5,94.6,9063.4,0.0,0.0,0.0,0.0,1.7,02:53:42,00:51:58,10:54:51,01:54:10,0,0,0.0,0.0,0.0,0.0
003df5deff30e1e5a07b5d063fe85c3f,2019-12-05,3042.4,73602.9,0.0,0.0,0.0,0.0,0.0,6.8,9328.9,77.1,9753.7,0.0,0.0,0.0,0.0,2.0,02:21:42,02:27:51,09:33:42,02:13:26,0,0,0.0,0.0,0.0,0.0
003df5deff30e1e5a07b5d063fe85c3f,2019-12-12,2644.9,72876.3,0.0,0.0,0.0,0.0,0.0,6.8,13559.0,79.6,10877.9,0.0,0.0,0.0,0.0,1.8,00:42:17,02:13:56,07:58:51,01:30:48,0,0,0.0,0.0,0.0,0.0
003df5deff30e1e5a07b5d063fe85c3f,2019-12-23,4961.0,71807.8,0.0,0.0,0.0,0.0,0.0,10.0,10186.1,59.2,9630.2,0.0,0.0,0.0,0.0,7.0,23:36:00,02:11:32,10:16:00,05:10:37,0,0,0.0,0.0,0.0,0.0
003df5deff30e1e5a07b5d063fe85c3f,2019-12-31,6356.8,70356.4,0.0,0.0,0.0,0.0,0.0,8.8,6681.9,54.5,9685.8,0.0,0.0,0.0,0.0,5.5,00:01:27,02:05:30,11:32:21,05:19:07,0,0,0.0,0.0,0.0,0.0
003df5deff30e1e5a07b5d063fe85c3f,2020-01-05,6097.3,68233.4,0.0,0.0,0.0,0.0,0.0,7.5,9246.8,67.3,12068.4,0.0,0.0,0.0,0.0,2.2,00:49:08,01:32:59,10:30:51,03:39:56,1,1,0.0,0.0,0.0,0.0
003df5deff30e1e5a07b5d063fe85c3f,2020-01-14,5017.3,67757.9,0.0,0.0,0.0,0.0,0.0,6.9,11582.8,75.0,13623.9,0.0,0.0,0.0,0.0,2.1,00:58:17,01:21:56,08:17:08,02:04:09,0,0,0.0,0.0,0.0,0.0
003df5deff30e1e5a07b5d063fe85c3f,2020-01-19,2946.4,72102.9,0.0,0.0,0.0,0.0,0.0,6.1,12743.8,87.3,11349.7,0.0,0.0,0.0,0.0,2.0,01:20:00,01:27:25,07:50:51,01:57:59,0,0,0.0,0.0,0.0,0.0
003df5deff30e1e5a07b5d063fe85c3f,2020-01-30,368.4,77569.6,0.0,0.0,0.0,0.0,0.0,6.9,13581.9,97.9,8461.0,0.0,0.0,0.0,0.0,1.2,01:39:25,00:54:49,08:58:17,01:07:46,0,0,0.0,0.0,0.0,0.0
003df5deff30e1e5a07b5d063fe85c3f,2020-02-06,450.7,76918.3,0.0,0.0,0.0,0.0,0.0,6.8,14057.8,102.4,9030.0,0.0,0.0,0.0,0.0,1.2,02:06:51,00:48:55,09:20:00,01:12:34,0,0,0.0,0.0,0.0,0.0
003df5deff30e1e5a07b5d063fe85c3f,2020-02-12,471.7,75496.9,0.0,0.0,0.0,0.0,0.0,6.4,11705.9,94.3,10430.4,0.0,0.0,0.0,0.0,1.5,02:35:25,01:17:18,09:24:34,01:06:38,1,1,0.0,0.0,0.0,0.0
003df5deff30e1e5a07b5d063fe85c3f,2020-02-18,493.4,76107.8,0.0,0.0,0.0,0.0,0.0,5.6,12391.3,91.9,9797.8,0.0,0.0,0.0,0.0,1.9,03:15:25,01:35:27,09:14:17,01:08:50,1,1,0.0,0.0,0.0,0.0
003df5deff30e1e5a07b5d063fe85c3f,2020-02-29,2735.7,75186.6,0.0,0.0,0.0,0.0,0.0,7.0,9170.0,65.4,8476.7,0.0,0.0,0.0,0.0,3.6,02:50:17,03:24:30,10:17:08,02:24:43,1,1,0.0,0.0,0.0,0.0
003df5deff30e1e5a07b5d063fe85c3f,2020-04-18,171.6,83702.0,0.0,0.0,0.0,0.0,0.0,9.8,1501.1,4.2,2525.4,0.0,0.0,0.0,0.0,2.7,01:12:00,05:01:52,11:37:08,04:58:45,1,1,0.0,0.0,0.0,0.0
003df5deff30e1e5a07b5d063fe85c3f,2020-05-20,198.2,85617.7,0.0,0.0,0.0,0.0,0.0,12.3,1254.6,10.5,583.1,0.0,0.0,0.0,0.0,3.9,22:02:17,01:53:14,11:12:00,02:36:10,0,0,0.0,0.0,0.0,0.0
003df5deff30e1e5a07b5d063fe85c3f,2020-05-29,0.0,86065.2,0.0,0.0,0.0,0.0,0.0,12.4,1302.5,13.1,333.8,0.0,0.0,0.0,0.0,3.7,22:01:08,01:59:50,11:17:42,02:25:50,1,1,0.0,0.0,0.0,0.0
003df5deff30e1e5a07b5d063fe85c3f,2020-06-02,0.0,86050.0,0.0,0.0,0.0,0.0,0.0,12.2,1626.8,17.2,349.0,0.0,0.0,0.0,0.0,3.7,22:11:25,01:58:22,11:10:51,02:25:26,1,1,0.0,0.0,0.0,0.0
003df5deff30e1e5a07b5d063fe85c3f,2020-06-13,0.0,86084.9,0.0,0.0,0.0,0.0,0.0,14.0,1501.8,15.7,314.1,0.0,0.0,0.0,0.0,4.5,21:36:00,01:31:30,12:32:00,03:36:01,0,0,0.0,0.0,0.0,0.0
003df5deff30e1e5a07b5d063fe85c3f,2020-06-18,6.1,85997.1,0.0,0.0,0.0,0.0,0.0,14.5,1599.7,11.6,395.9,0.0,0.0,0.0,0.0,4.1,21:49:42,03:36:30,13:16:34,04:04:19,1,1,0.0,0.0,0.0,0.0
003df5deff30e1e5a07b5d063fe85c3f,2020-06-23,6.1,85947.8,0.0,0.0,0.0,0.0,0.0,13.8,1825.1,12.2,445.1,0.0,0.0,0.0,0.0,3.1,21:44:00,03:33:52,12:29:42,03:39:32,1,1,0.0,0.0,0.0,0.0
003df5deff30e1e5a07b5d063fe85c3f,2020-07-02,353.6,85415.2,0.0,0.0,0.0,0.0,0.0,13.6,1636.6,11.6,630.2,0.0,0.0,0.0,0.0,3.2,20:53:42,01:27:08,11:22:17,02:54:04,0,0,0.0,0.0,0.0,0.0
003df5deff30e1e5a07b5d063fe85c3f,2020-07-09,353.6,85556.6,0.0,0.0,0.0,0.0,0.0,12.9,1858.0,14.1,488.9,0.0,0.0,0.0,0.0,3.7,21:04:00,01:32:18,10:46:51,03:10:43,1,1,0.0,0.0,0.0,0.0
003df5deff30e1e5a07b5d063fe85c3f,2020-07-12,1243.2,84515.0,0.0,0.0,0.0,0.0,0.0,12.7,1966.4,15.1,640.8,0.0,0.0,0.0,0.0,3.8,21:29:08,01:56:16,11:00:34,03:11:05,1,1,0.0,0.0,0.0,0.0
003df5deff30e1e5a07b5d063fe85c3f,2020-07-24,1883.1,81611.2,0.0,0.0,0.0,0.0,0.0,11.9,1417.4,14.7,2904.7,0.0,0.0,0.0,0.0,3.4,21:55:25,01:50:52,12:22:51,03:48:58,0,0,0.0,0.0,0.0,0.0
003df5deff30e1e5a07b5d063fe85c3f,2020-07-29,1843.3,81841.6,0.0,0.0,0.0,0.0,0.0,12.2,1317.8,11.3,2714.1,0.0,0.0,0.0,0.0,3.3,21:46:17,01:39:06,12:33:08,03:59:30,1,1,0.0,0.0,0.0,0.0
003df5deff30e1e5a07b5d063fe85c3f,2020-08-04,2814.4,80670.6,0.0,0.0,0.0,0.0,0.0,11.9,1512.0,12.4,2914.0,0.0,0.0,0.0,0.0,2.8,21:17:42,01:40:26,11:42:51,03:56:02,1,1,0.0,0.0,0.0,0.0
003df5deff30e1e5a07b5d063fe85c3f,2020-08-11,4331.1,81293.1,0.0,0.0,0.0,0.0,0.0,11.9,2469.7,21.7,774.8,0.0,0.0,0.0,0.0,1.7,20:30:51,01:02:23,09:10:51,01:44:20,1,1,0.0,0.0,0.0,0.0
003df5deff30e1e5a07b5d063fe85c3f,2020-08-18,3313.4,82088.8,0.0,0.0,0.0,0.0,0.0,10.9,2959.1,24.0,996.9,0.0,0.0,0.0,0.0,1.7,21:33:42,01:38:47,09:14:17,01:29:12,0,0,0.0,0.0,0.0,0.0
003df5deff30e1e5a07b5d063fe85c3f,2020-08-25,974.2,84175.3,0.0,0.0,0.0,0.0,0.0,11.2,4331.1,20.8,1249.5,0.0,0.0,0.0,0.0,1.9,21:53:08,01:29:10,09:50:51,00:45:50,0,0,0.0,0.0,0.0,0.0
003df5deff30e1e5a07b5d063fe85c3f,2020-08-30,819.2,84479.8,0.0,0.0,0.0,0.0,0.0,11.8,6485.6,21.8,1100.0,0.0,0.0,0.0,0.0,1.6,21:26:51,01:10:58,09:58:51,00:57:35,1,1,0.0,0.0,0.0,0.0
003df5deff30e1e5a07b5d063fe85c3f,2020-10-03,0.0,86073.9,0.0,0.0,0.0,0.0,0.0,12.5,1050.6,9.7,325.1,0.0,0.0,0.0,0.0,2.3,22:13:42,03:24:08,11:36:00,02:54:43,0,0,0.0,0.0,0.0,0.0
003df5deff30e1e5a07b5d063fe85c3f,2020-10-07,0.0,86022.0,0.0,0.0,0.0,0.0,0.0,12.3,1374.5,12.3,377.0,0.0,0.0,0.0,0.0,2.4,22:20:34,03:26:46,11:30:17,02:45:16,0,0,0.0,0.0,0.0,0.0
003df5deff30e1e5a07b5d063fe85c3f,2020-10-12,555.1,85317.5,0.0,0.0,0.0,0.0,0.0,11.9,2125.0,14.6,526.4,0.0,0.0,0.0,0.0,2.2,22:29:42,03:27:47,11:12:00,02:43:50,0,0,0.0,0.0,0.0,0.0
003df5deff30e1e5a07b5d063fe85c3f,2020-10-21,1051.9,84737.9,0.0,0.0,0.0,0.0,0.0,11.8,2255.4,18.4,609.2,0.0,0.0,0.0,0.0,1.7,21:49:42,01:15:15,10:25:08,00:59:42,0,0,0.0,0.0,0.0,0.0
003df5deff30e1e5a07b5d063fe85c3f,2020-10-29,539.6,85256.2,0.0,0.0,0.0,0.0,0.0,12.0,2077.1,20.5,603.1,0.0,0.0,0.0,0.0,1.9,22:05:42,00:54:02,10:54:51,01:37:02,0,0,0.0,0.0,0.0,0.0
003df5deff30e1e5a07b5d063fe85c3f,2020-11-03,592.9,84548.7,0.0,0.0,0.0,0.0,0.0,11.9,2607.4,21.9,1257.4,0.0,0.0,0.0,0.0,1.7,21:48:34,01:02:01,10:28:34,01:44:28,0,0,0.0,0.0,0.0,0.0
003df5deff30e1e5a07b5d063fe85c3f,2020-11-13,1051.6,83866.6,0.0,0.0,0.0,0.0,0.0,11.6,2696.8,23.9,1480.8,0.0,0.0,0.0,0.0,1.3,21:33:42,01:07:01,09:57:42,01:00:57,0,0,0.0,0.0,0.0,0.0
003df5deff30e1e5a07b5d063fe85c3f,2020-11-16,1064.9,84277.1,0.0,0.0,0.0,0.0,0.0,11.2,3124.8,27.7,1057.0,0.0,0.0,0.0,0.0,1.5,22:00:00,01:00:23,09:57:42,00:56:55,0,0,0.0,0.0,0.0,0.0
003df5deff30e1e5a07b5d063fe85c3f,2020-11-27,2554.1,80061.2,0.0,0.0,0.0,0.0,0.0,10.7,2857.9,29.6,3783.7,0.0,0.0,0.0,0.0,1.9,21:47:25,01:07:59,09:10:51,01:49:38,0,0,0.0,0.0,0.0,0.0
003df5deff30e1e5a07b5d063fe85c3f,2021-01-01,7501.0,74975.6,0.0,0.0,0.0,0.0,0.0,12.1,2051.0,18.4,3922.4,0.0,0.0,0.0,0.0,3.2,21:54:27,03:58:42,10:49:50,03:58:26,0,0,0.0,0.0,0.0,0.0
003df5deff30e1e5a07b5d063fe85c3f,2021-01-03,6965.2,75675.1,0.0,0.0,0.0,0.0,0.0,12.4,2141.7,17.1,3758.6,0.0,0.0,0.0,0.0,3.3,21:54:17,03:50:01,11:09:42,03:59:45,0,0,0.0,0.0,0.0,0.0
003df5deff30e1e5a07b5d063fe85c3f,2021-02-04,5667.5,74492.1,0.0,0.0,0.0,0.0,0.0,11.7,4837.4,37.4,6239.4,0.0,0.0,0.0,0.0,3.9,20:53:20,01:42:56,09:20:00,03:23:38,0,0,0.0,0.0,0.0,0.0
003df5deff30e1e5a07b5d063fe85c3f,2021-02-11,4457.1,74549.6,0.0,0.0,0.0,0.0,0.0,12.1,4502.2,36.5,7392.2,0.0,0.0,0.0,0.0,2.5,20:12:34,00:32:06,09:04:00,02:33:42,0,0,0.0,0.0,0.0,0.0
003df5deff30e1e5a07b5d063fe85c3f,2021-02-19,3522.9,77274.3,0.0,0.0,0.0,0.0,0.0,12.0,4233.9,34.4,5601.9,0.0,0.0,0.0,0.0,3.0,20:21:42,00:41:43,09:10:51,02:46:41,0,0,0.0,0.0,0.0,0.0
0107c61e54459068bb83f6be2058d65d,2018-10-31,3.2,73291.0,0.0,0.0,3495.8,3.5,392.2,9.8,9186.5,89.0,13104.8,63.0,9.4,2.6,12121.0,7.3,00:08:00,02:24:13,10:36:00,04:23:29,0,0,0.0,0.0,0.0,0.0
0107c61e54459068bb83f6be2058d65d,2018-11-02,2.2,70363.7,0.0,0.0,4832.0,4.3,469.0,8.6,10064.7,116.7,16033.2,61.1,14.8,7.4,13424.2,6.0,00:48:00,02:11:56,09:57:20,03:43:10,0,0,0.0,0.0,0.0,0.0
0107c61e54459068bb83f6be2058d65d,2018-11-10,134.2,71022.6,0.0,0.0,6522.1,5.3,509.6,7.7,11667.8,149.9,15242.1,66.5,16.0,10.3,11744.1,4.0,01:46:17,02:12:09,09:57:42,02:51:19,1,1,0.0,0.0,0.0,0.0
0107c61e54459068bb83f6be2058d65d,2018-11-13,134.2,70042.0,0.0,0.0,6963.5,5.9,554.0,6.4,12825.8,170.3,16222.8,71.0,16.2,12.7,11990.5,1.4,02:42:17,01:46:27,09:34:51,01:42:21,0,0,0.0,0.0,0.0,0.0
0107c61e54459068bb83f6be2058d65d,2018-11-15,133.3,70515.6,0.0,0.0,6449.4,5.6,512.1,6.3,13761.0,178.7,15750.1,71.0,17.1,11.9,10862.5,2.0,02:51:25,01:41:27,09:34:51,02:11:35,0,0,0.0,0.0,0.0,0.0
0107c61e54459068bb83f6be2058d65d,2018-11-16,133.3,71006.1,0.0,0.0,6087.4,5.6,535.4,6.4,13663.2,179.5,15259.6,71.4,16.5,12.1,10038.1,2.0,02:53:42,01:41:31,09:46:17,02:09:47,1,1,0.0,0.0,0.0,0.0
0107c61e54459068bb83f6be2058d65d,2018-11-23,3496.4,70503.6,0.0,0.0,79137.3,3.9,216264.1,6.4,14081.5,152.6,12399.0,60.5,12.9,12.3,6929.2,2.8,03:52:00,01:55:01,10:41:08,03:17:57,0,0,0.0,0.0,0.0,0.0
0107c61e54459068bb83f6be2058d65d,2018-11-30,6472.3,72055.9,0.0,0.0,146735.6,2.3,473949.5,7.7,13574.0,97.7,7870.9,53.8,4.4,6.2,2607.9,3.2,03:33:42,02:25:35,11:47:25,03:16:37,1,1,0.0,0.0,0.0,0.0
0107c61e54459068bb83f6be2058d65d,2018-12-06,4453.6,74902.8,0.0,0.0,86258.4,1.8,447203.2,8.0,16055.5,81.5,7042.6,71.4,0.0,0.0,1785.8,2.7,03:40:34,02:23:38,12:13:42,02:33:48,0,0,0.0,0.0,0.0,0.0
0107c61e54459068bb83f6be2058d65d,2018-12-08,3896.2,75951.5,0.0,0.0,82728.5,1.7,373898.2,7.5,16163.6,77.2,6551.3,85.7,0.0,0.0,1658.0,2.8,03:52:00,02:18:00,11:53:08,02:35:19,0,0,0.0,0.0,0.0,0.0
0107c61e54459068bb83f6be2058d65d,2018-12-09,3857.5,76690.6,0.0,0.0,82197.1,1.6,337248.9,7.2,16044.5,77.5,5850.9,92.9,0.0,0.0,1114.8,2.8,04:04:34,02:11:26,11:44:00,02:38:23,1,1,0.0,0.0,0.0,0.0
0107c61e54459068bb83f6be2058d65d,2018-12-14,1579.9,78008.8,0.0,0.0,19848.4,1.8,300590.7,6.8,17009.3,75.1,6810.4,100.0,0.0,0.0,1220.8,1.9,03:47:25,01:51:51,10:59:25,02:02:46,0,0,0.0,0.0,0.0,0.0
0107c61e54459068bb83f6be2058d65d,2018-12-15,1554.1,77952.4,0.0,0.0,19951.4,1.8,300587.7,6.9,17645.3,76.6,6892.5,100.0,0.0,0.0,1285.7,1.8,03:41:42,01:55:30,11:02:51,01:58:18,0,0,0.0,0.0,0.0,0.0
0107c61e54459068bb83f6be2058d65d,2018-12-18,1306.1,78358.6,0.0,0.0,17953.4,1.7,299754.8,6.7,18578.7,74.5,6734.4,100.0,0.0,0.0,1316.1,1.7,03:56:34,02:00:31,11:07:25,01:52:13,0,0,0.0,0.0,0.0,0.0
0107c61e54459068bb83f6be2058d65d,2018-12-22,1249.6,78822.9,0.0,0.0,11442.4,2.1,296173.5,6.8,17896.3,80.6,6326.5,100.0,0.0,0.0,1299.1,1.3,03:13:08,01:23:40,10:27:25,01:51:12,0,0,0.0,0.0,0.0,0.0
0107c61e54459068bb83f6be2058d65d,2018-12-25,1219.6,78770.1,0.0,0.0,10582.4,2.1,296173.0,7.0,18428.3,90.1,6409.3,100.0,0.0,0.0,1309.5,1.6,02:50:17,01:18:03,10:17:08,01:57:50,0,0,0.0,0.0,0.0,0.0
0107c61e54459068bb83f6be2058d65d,2018-12-30,3106.8,75726.6,0.0,0.0,39654.5,2.7,296581.9,7.1,16111.7,100.3,7565.6,92.9,0.0,0.0,1830.7,1.7,02:32:00,00:45:57,10:06:51,01:47:34,0,0,0.0,0.0,0.0,0.0
0107c61e54459068bb83f6be2058d65d,2019-01-02,4308.5,73484.4,0.0,0.0,68999.0,3.0,297676.5,6.9,15357.3,103.1,8606.1,85.7,0.0,7.1,2226.2,1.5,02:18:17,00:54:37,09:41:42,01:27:08,0,0,0.0,0.0,0.0,0.0
0107c61e54459068bb83f6be2058d65d,2019-01-04,4055.8,72107.5,0.0,0.0,67865.6,3.5,255250.9,6.9,14975.0,114.4,10235.7,80.8,1.5,10.6,3947.6,1.5,02:14:51,00:48:16,09:39:25,01:16:32,0,0,0.0,0.0,0.0,0.0
0107c61e54459068bb83f6be2058d65d,2019-01-07,3589.0,71343.0,0.0,0.0,64711.3,4.2,191899.2,7.4,13809.2,122.6,11467.0,72.7,6.5,13.6,5813.3,1.6,02:20:34,01:01:07,10:12:34,01:57:19,0,0,0.0,0.0,0.0,0.0
0107c61e54459068bb83f6be2058d65d,2019-01-11,2118.6,72597.1,0.0,0.0,40674.1,4.9,107453.0,6.9,12029.6,133.9,11683.3,62.6,14.6,15.6,7265.4,1.2,02:28:34,01:03:50,09:52:00,01:39:00,0,0,0.0,0.0,0.0,0.0
0107c61e54459068bb83f6be2058d65d,2019-01-14,1177.9,72980.4,0.0,0.0,30797.4,4.9,42607.9,6.9,11723.8,141.5,12240.7,67.4,16.3,16.3,8326.0,1.2,02:42:17,01:01:01,10:03:25,01:39:15,0,0,0.0,0.0,0.0,0.0
0107c61e54459068bb83f6be2058d65d,2019-01-16,5.8,74000.4,0.0,0.0,3054.2,5.1,385.7,6.8,10380.7,140.6,12392.8,71.0,19.5,9.5,9073.8,1.1,02:45:42,00:51:53,10:03:25,01:39:15,0,0,0.0,0.0,0.0,0.0
0107c61e54459068bb83f6be2058d65d,2019-01-26,279.5,74055.7,0.0,0.0,6803.0,4.8,374.6,7.1,8749.6,112.1,12063.8,75.1,20.1,4.7,6839.3,1.4,02:50:17,01:48:27,10:26:17,01:35:00,1,1,0.0,0.0,0.0,0.0
0107c61e54459068bb83f6be2058d65d,2019-01-27,273.7,74680.6,0.0,0.0,6705.2,4.7,374.7,7.1,8569.9,111.0,11444.6,75.8,19.8,4.4,6452.4,1.4,02:56:00,01:50:41,10:27:25,01:34:29,0,0,0.0,0.0,0.0,0.0
0107c61e54459068bb83f6be2058d65d,2019-01-31,562.9,73839.4,0.0,0.0,7288.1,4.6,363.7,6.7,9402.4,119.1,11996.7,72.7,21.8,5.5,6554.1,1.6,03:06:17,01:47:46,10:14:51,01:46:15,0,0,0.0,0.0,0.0,0.0
0107c61e54459068bb83f6be2058d65d,2019-02-09,1649.3,70657.6,0.0,0.0,33256.9,5.1,13283.6,6.5,9661.1,122.8,14092.1,76.5,17.2,6.3,8921.1,1.4,03:01:42,01:41:28,09:56:34,01:30:11,0,0,0.0,0.0,0.0,0.0
0107c61e54459068bb83f6be2058d65d,2019-02-16,0.0,71633.6,0.0,0.0,3484.1,5.4,386.1,5.8,9764.6,120.2,14765.4,77.6,15.8,6.6,9537.9,1.5,04:09:08,02:34:01,10:20:34,02:18:35,1,1,0.0,0.0,0.0,0.0
0107c61e54459068bb83f6be2058d65d,2019-02-22,410.0,71080.2,0.0,0.0,8718.4,5.4,1392.3,5.8,9856.1,117.2,14908.8,78.1,13.8,8.0,9849.0,1.4,04:03:25,02:29:15,10:13:42,02:15:34,1,1,0.0,0.0,0.0,0.0
0107c61e54459068bb83f6be2058d65d,2019-02-23,684.3,71943.2,0.0,0.0,13729.9,5.1,2363.7,5.9,10490.8,121.4,13771.5,72.2,13.8,6.8,8658.2,1.5,03:41:42,02:24:36,10:02:17,02:04:19,1,1,0.0,0.0,0.0,0.0
0107c61e54459068bb83f6be2058d65d,2019-02-28,836.6,71995.0,0.0,0.0,15711.2,4.9,3365.0,6.7,11431.5,133.4,13567.4,67.2,18.6,7.1,8878.7,2.1,03:20:00,02:47:46,10:29:42,01:51:06,0,0,0.0,0.0,0.0,0.0
0107c61e54459068bb83f6be2058d65d,2019-03-02,845.3,72807.0,0.0,0.0,15681.6,5.0,3367.0,7.0,11360.4,135.2,12746.7,68.2,17.6,7.1,8222.6,2.0,02:43:25,01:33:08,10:09:08,00:56:52,0,0,0.0,0.0,0.0,0.0
0107c61e54459068bb83f6be2058d65d,2019-03-08,465.2,74088.4,0.0,0.0,10239.1,4.4,2344.4,7.2,10161.1,122.6,11845.4,73.6,15.3,4.0,7652.5,1.9,02:58:17,01:41:20,10:42:17,01:10:44,0,0,0.0,0.0,0.0,0.0
0107c61e54459068bb83f6be2058d65d,2019-03-13,67.6,74055.6,0.0,0.0,2977.1,3.7,346.0,6.2,9050.8,105.6,12275.7,89.5,6.2,4.3,8098.5,1.5,02:40:00,04:12:41,10:59:25,02:31:05,1,1,0.0,0.0,0.0,0.0
0107c61e54459068bb83f6be2058d65d,2019-03-19,2202.3,66949.9,0.0,0.0,290240.4,1.9,508454.1,7.6,5905.8,70.4,17246.8,54.1,0.3,2.7,13170.6,3.0,00:13:42,04:50:23,10:02:17,03:07:25,0,0,0.0,0.0,0.0,0.0
0107c61e54459068bb83f6be2058d65d,2019-03-23,3397.9,62746.4,0.0,0.0,583212.5,1.8,1277366.9,7.6,5737.4,66.8,20254.8,27.6,0.0,1.0,14455.3,3.5,22:22:51,04:16:27,08:14:51,03:59:25,0,0,0.0,0.0,0.0,0.0
0107c61e54459068bb83f6be2058d65d,2019-03-24,3946.4,62314.1,0.0,0.0,597469.0,1.7,1290207.0,8.0,5717.3,67.6,20138.5,28.2,0.0,0.3,14138.6,3.6,22:01:08,03:57:50,08:17:08,04:00:47,0,0,0.0,0.0,0.0,0.0
0107c61e54459068bb83f6be2058d65d,2019-03-28,2515.6,63765.1,0.0,0.0,325312.2,2.5,1032856.6,8.7,5512.5,67.9,20118.3,29.3,2.8,3.6,14681.5,3.1,22:53:42,02:41:20,08:08:00,02:50:16,0,0,0.0,0.0,0.0,0.0
0107c61e54459068bb83f6be2058d65d,2019-04-01,2415.8,67063.1,0.0,0.0,322967.1,3.6,1032984.3,7.6,7890.4,93.8,16920.1,51.7,6.8,5.8,9890.5,2.5,00:33:08,03:00:33,08:36:34,03:13:33,0,0,0.0,0.0,0.0,0.0
0107c61e54459068bb83f6be2058d65d,2019-04-07,68.1,73512.1,0.0,0.0,3233.6,4.7,401.7,6.8,9279.1,105.2,12818.8,70.5,18.8,10.7,7738.4,1.5,02:44:34,01:38:09,10:00:00,01:23:31,0,0,0.0,0.0,0.0,0.0
0107c61e54459068bb83f6be2058d65d,2019-04-20,60.5,75358.6,0.0,0.0,2543.8,4.4,349.1,7.0,7704.7,93.4,10979.9,83.0,11.4,5.6,6292.1,1.7,02:35:25,01:05:48,10:04:34,01:14:21,0,0,0.0,0.0,0.0,0.0
0107c61e54459068bb83f6be2058d65d,2019-04-24,21.1,74536.8,0.0,0.0,3032.8,4.6,338.6,7.1,7633.2,94.3,11841.1,82.7,9.7,7.5,6018.8,1.8,02:28:34,01:23:40,10:04:34,01:26:50,1,1,0.0,0.0,0.0,0.0
0107c61e54459068bb83f6be2058d65d,2019-04-27,118.9,74895.0,0.0,0.0,4470.2,4.6,1002.2,7.4,7573.7,88.9,11385.1,82.9,9.2,8.0,5981.4,1.9,01:54:17,01:44:53,09:45:08,01:42:34,1,1,0.0,0.0,0.0,0.0
0107c61e54459068bb83f6be2058d65d,2019-05-02,104.6,75654.0,0.0,0.0,4307.2,4.1,994.6,7.7,7391.3,87.9,10640.4,82.9,10.3,6.8,5502.2,1.2,01:37:08,01:34:33,09:52:00,01:39:44,0,0,0.0,0.0,0.0,0.0
0107c61e54459068bb83f6be2058d65d,2019-05-04,696.4,74666.9,0.0,0.0,12851.6,4.4,1039.0,7.7,7653.8,95.1,11035.7,82.3,10.4,7.4,6003.5,1.4,01:26:51,01:27:34,09:37:08,01:27:18,0,0,0.0,0.0,0.0,0.0
0107c61e54459068bb83f6be2058d65d,2019-05-08,751.7,75722.9,0.0,0.0,12617.4,3.8,1040.0,7.1,7297.3,87.4,9924.4,83.2,11.2,5.6,6386.3,1.5,01:48:34,01:43:00,09:22:17,01:09:26,1,1,0.0,0.0,0.0,0.0
0107c61e54459068bb83f6be2058d65d,2019-05-10,1477.0,74900.4,0.0,0.0,20511.4,3.6,1039.9,7.3,8397.2,93.3,10021.6,83.9,11.6,4.5,5910.1,1.8,01:55:25,01:51:42,09:40:34,00:45:25,0,0,0.0,0.0,0.0,0.0
0107c61e54459068bb83f6be2058d65d,2019-05-12,1379.3,75376.7,0.0,0.0,19043.4,3.3,377.9,7.4,9033.8,96.9,9643.0,85.2,10.7,4.1,5709.1,1.9,01:54:17,01:49:59,09:46:17,01:13:13,0,0,0.0,0.0,0.0,0.0
0107c61e54459068bb83f6be2058d65d,2019-05-14,1379.3,74850.7,0.0,0.0,19312.6,3.4,396.4,7.4,8958.6,98.7,10169.0,83.5,12.0,4.5,6138.5,1.9,01:52:00,01:50:01,09:44:00,01:14:59,0,0,0.0,0.0,0.0,0.0
0107c61e54459068bb83f6be2058d65d,2019-05-24,80.0,74513.1,0.0,0.0,3609.2,4.1,381.1,7.8,9189.8,106.5,11805.9,85.1,10.8,4.1,8350.9,1.1,01:41:42,01:57:21,09:58:51,01:45:33,0,0,0.0,0.0,0.0,0.0
0107c61e54459068bb83f6be2058d65d,2019-06-01,77.8,76255.5,0.0,0.0,2382.6,3.5,351.4,7.8,9917.2,97.6,10065.8,81.2,8.4,3.3,6568.3,1.4,01:39:25,01:50:42,09:58:51,01:27:47,0,0,0.0,0.0,0.0,0.0
0107c61e54459068bb83f6be2058d65d,2019-06-05,1959.6,74182.1,0.0,0.0,39371.6,3.1,73527.1,7.8,10523.5,88.1,10257.4,78.8,4.4,2.6,6037.4,1.8,02:25:08,01:11:40,10:42:17,01:26:33,0,0,0.0,0.0,0.0,0.0
0107c61e54459068bb83f6be2058d65d,2019-06-14,4960.6,71217.5,0.0,0.0,81045.6,2.2,243443.2,7.3,14620.4,104.4,10220.9,76.8,1.2,0.6,4029.4,2.5,03:21:08,01:36:30,11:07:25,02:06:28,0,0,0.0,0.0,0.0,0.0
0107c61e54459068bb83f6be2058d65d,2019-06-15,5569.5,70269.1,0.0,0.0,94086.0,2.1,264557.9,7.5,15298.9,111.7,10560.5,78.0,0.0,0.6,4083.4,2.4,03:12:00,01:46:59,11:10:51,02:01:28,1,1,0.0,0.0,0.0,0.0
0107c61e54459068bb83f6be2058d65d,2019-06-22,4653.2,69302.1,0.0,0.0,77845.2,2.0,281184.9,7.0,17200.8,140.1,12443.7,78.6,0.0,0.0,5218.5,2.0,02:21:42,01:45:24,09:48:34,02:12:31,0,0,0.0,0.0,0.0,0.0
0107c61e54459068bb83f6be2058d65d,2019-06-25,4719.4,67848.1,0.0,0.0,83481.8,1.9,257725.6,7.0,15784.2,147.4,13831.6,57.1,0.0,0.0,6465.4,2.0,01:45:08,01:26:56,09:10:51,01:47:27,0,0,0.0,0.0,0.0,0.0
0107c61e54459068bb83f6be2058d65d,2019-07-08,566.4,78028.8,0.0,0.0,7786.6,1.3,167351.2,12.2,5008.5,58.4,7803.9,0.0,0.0,0.0,3994.1,4.5,23:33:42,01:44:40,12:34:17,03:48:16,0,0,0.0,0.0,0.0,0.0
0107c61e54459068bb83f6be2058d65d,2019-07-16,566.4,78860.5,0.0,0.0,7582.1,1.5,181031.8,12.1,7275.2,61.1,6972.1,0.0,0.0,0.0,3565.1,5.3,00:16:00,03:34:24,13:10:51,04:50:57,1,1,0.0,0.0,0.0,0.0
0107c61e54459068bb83f6be2058d65d,2019-07-26,469.1,78470.8,0.0,0.0,9537.4,1.4,165531.9,10.3,6541.9,50.6,7459.1,0.0,0.0,0.0,4300.6,4.2,00:27:25,03:21:58,11:25:42,04:31:31,0,0,0.0,0.0,0.0,0.0
0107c61e54459068bb83f6be2058d65d,2019-07-30,469.1,77670.7,0.0,0.0,9705.1,1.5,165533.9,10.5,7628.2,51.2,8259.2,0.0,0.0,0.0,4587.8,4.4,23:54:17,01:33:13,11:06:17,03:37:45,0,0,0.0,0.0,0.0,0.0
0107c61e54459068bb83f6be2058d65d,2019-08-05,407.9,75595.3,0.0,0.0,23364.1,1.9,192833.8,10.2,9780.4,71.5,10395.9,0.0,0.0,0.0,4952.1,3.4,23:57:42,01:35:58,10:50:17,03:12:26,0,0,0.0,0.0,0.0,0.0
0107c61e54459068bb83f6be2058d65d,2019-08-11,315.7,75508.5,0.0,0.0,19308.2,1.6,191009.0,10.6,8478.0,69.9,10574.8,0.0,0.0,0.0,5672.0,3.4,23:44:00,01:40:28,11:02:51,03:05:58,0,0,0.0,0.0,0.0,0.0
0107c61e54459068bb83f6be2058d65d,2019-08-16,1011.1,76870.6,0.0,0.0,28044.9,1.6,199848.6,11.1,9303.8,71.6,8517.2,21.4,0.0,0.0,4629.0,3.8,23:56:34,01:52:21,11:45:08,03:36:59,1,1,0.0,0.0,0.0,0.0
0107c61e54459068bb83f6be2058d65d,2019-08-18,1850.5,74829.4,0.0,0.0,199967.9,1.5,472340.8,10.1,10785.3,86.7,9719.1,21.4,0.0,0.0,5258.6,3.0,00:04:34,01:48:45,10:53:42,02:34:52,1,1,0.0,0.0,0.0,0.0
0107c61e54459068bb83f6be2058d65d,2019-08-26,5558.4,70042.1,0.0,0.0,410477.4,2.4,1048853.7,8.4,15014.1,122.6,10798.5,57.1,0.0,0.0,4916.0,3.7,01:30:17,02:56:59,10:28:34,02:43:33,1,1,0.0,0.0,0.0,0.0
0107c61e54459068bb83f6be2058d65d,2019-08-31,4871.8,71332.7,0.0,0.0,228312.8,2.3,941239.7,7.8,16492.9,124.2,10194.5,71.4,0.0,0.0,4445.9,2.4,02:14:51,02:24:58,10:36:34,01:43:22,1,1,0.0,0.0,0.0,0.0
0107c61e54459068bb83f6be2058d65d,2019-09-04,4140.6,70656.2,0.0,0.0,224966.1,2.7,366384.2,7.6,18313.4,162.7,11602.2,71.4,0.0,28.6,3132.9,2.5,02:04:34,02:24:39,10:11:25,01:41:13,0,0,0.0,0.0,0.0,0.0
0107c61e54459068bb83f6be2058d65d,2019-09-06,3946.9,69922.3,0.0,0.0,68800.4,2.4,207095.5,7.8,15749.1,140.9,12529.9,57.1,0.0,28.6,2249.9,1.8,01:54:17,01:49:29,10:13:42,01:40:23,1,1,0.0,0.0,0.0,0.0
0107c61e54459068bb83f6be2058d65d,2019-09-12,5186.2,68434.2,0.0,0.0,103593.2,2.1,165279.0,7.1,15155.9,122.5,12778.6,36.7,0.0,41.9,2882.9,1.7,01:42:51,01:30:27,09:20:00,01:21:08,1,1,0.0,0.0,0.0,0.0
0107c61e54459068bb83f6be2058d65d,2019-09-15,5114.9,67788.9,0.0,0.0,92799.7,2.1,139851.6,6.4,14533.6,119.1,13495.2,32.2,0.4,46.0,3626.2,1.6,02:29:42,02:19:57,09:16:34,01:43:53,0,0,0.0,0.0,0.0,0.0
0107c61e54459068bb83f6be2058d65d,2019-09-21,3797.6,68839.6,0.0,0.0,71192.9,3.7,128198.6,5.6,20761.9,161.0,13761.9,52.9,12.7,34.4,6447.1,1.5,03:10:51,02:06:55,09:07:25,01:49:13,0,0,0.0,0.0,0.0,0.0
0107c61e54459068bb83f6be2058d65d,2019-09-22,3521.5,69037.4,0.0,0.0,67609.7,3.9,128197.8,5.5,21979.3,170.9,13840.1,59.4,12.7,27.9,6306.9,1.5,03:13:08,02:05:28,09:02:51,01:53:12,1,1,0.0,0.0,0.0,0.0
0107c61e54459068bb83f6be2058d65d,2019-09-26,1511.9,69595.6,0.0,0.0,29013.2,5.3,42683.4,5.2,19567.5,190.7,15291.5,48.9,25.3,25.8,8863.1,1.3,02:53:42,02:10:06,08:25:08,01:47:37,1,1,0.0,0.0,0.0,0.0
0107c61e54459068bb83f6be2058d65d,2019-09-28,128.6,70954.6,0.0,0.0,4889.1,6.1,475.6,5.4,18519.5,204.2,15315.8,49.2,28.0,22.8,9321.2,1.2,02:43:25,02:01:34,08:27:25,01:45:20,1,1,0.0,0.0,0.0,0.0
0107c61e54459068bb83f6be2058d65d,2019-10-04,1787.1,70699.0,0.0,0.0,37381.3,5.6,21575.9,5.9,17762.3,197.9,13912.9,61.7,27.4,11.0,8958.2,1.5,02:12:34,01:11:39,08:27:25,01:07:27,1,1,0.0,0.0,0.0,0.0
0107c61e54459068bb83f6be2058d65d,2019-10-07,2736.5,69072.4,0.0,0.0,154306.6,5.6,136909.4,6.4,17360.5,209.0,14590.1,59.6,25.8,7.4,8657.7,1.3,01:46:17,00:47:51,08:37:42,00:59:26,1,1,0.0,0.0,0.0,0.0
0107c61e54459068bb83f6be2058d65d,2019-10-09,2736.5,69781.7,0.0,0.0,153934.0,5.3,136904.6,6.3,17368.7,202.9,13880.8,65.3,22.9,4.7,7672.4,1.4,01:54:17,00:53:21,08:38:51,00:59:46,1,1,0.0,0.0,0.0,0.0
0107c61e54459068bb83f6be2058d65d,2019-10-17,2881.7,69096.1,0.0,0.0,157490.6,5.9,137152.1,6.7,17150.7,187.1,14421.2,63.7,25.0,4.2,9271.1,1.4,02:21:42,01:40:48,09:31:25,01:32:11,0,0,0.0,0.0,0.0,0.0
0107c61e54459068bb83f6be2058d65d,2019-10-23,1154.4,71022.4,0.0,0.0,23010.9,6.2,4482.2,6.8,14721.9,157.4,14222.1,67.6,26.4,6.0,11045.3,1.2,02:43:25,01:33:31,09:57:42,01:21:02,0,0,0.0,0.0,0.0,0.0
0107c61e54459068bb83f6be2058d65d,2019-10-26,1272.8,70830.9,0.0,0.0,26804.6,6.6,4792.1,7.0,12886.4,146.6,14295.3,66.5,27.7,5.8,10420.0,1.3,02:45:42,01:39:39,10:16:00,01:21:58,0,0,0.0,0.0,0.0,0.0
0107c61e54459068bb83f6be2058d65d,2019-11-02,931.3,72099.7,0.0,0.0,9618.5,5.7,1027.1,7.1,14797.0,178.2,13368.0,61.0,33.1,5.8,9206.4,1.5,02:38:51,01:31:24,10:10:17,01:13:02,1,1,0.0,0.0,0.0,0.0
0107c61e54459068bb83f6be2058d65d,2019-11-07,931.3,72394.5,0.0,0.0,9185.5,5.3,1024.8,7.0,15866.1,182.1,13073.2,68.1,25.1,6.8,8364.3,1.6,02:25:08,01:30:48,09:54:17,01:24:50,1,1,0.0,0.0,0.0,0.0
0107c61e54459068bb83f6be2058d65d,2019-11-09,832.8,73069.5,0.0,0.0,7657.3,5.1,472.0,6.8,16004.4,185.1,12496.7,66.6,25.2,8.2,8323.4,1.7,02:27:25,01:20:56,09:41:42,01:27:20,0,0,0.0,0.0,0.0,0.0
0107c61e54459068bb83f6be2058d65d,2019-11-16,160.6,73862.9,0.0,0.0,7733.9,4.6,484.1,6.4,16562.6,174.6,12375.4,66.8,13.6,19.6,7977.0,1.7,01:54:17,01:51:19,08:46:51,02:34:35,1,1,0.0,0.0,0.0,0.0
0107c61e54459068bb83f6be2058d65d,2019-11-21,160.9,74484.7,0.0,0.0,7526.2,4.1,474.9,6.9,16409.9,161.9,11753.4,67.0,13.4,19.7,7791.3,1.9,01:55:25,02:02:55,09:18:51,02:46:13,0,0,0.0,0.0,0.0,0.0
0107c61e54459068bb83f6be2058d65d,2019-11-30,1250.6,75937.7,0.0,0.0,30468.9,2.9,106386.0,7.9,17365.5,148.6,9210.7,78.8,6.6,14.6,5228.0,2.1,02:40:00,02:12:12,11:07:25,02:12:16,0,0,0.0,0.0,0.0,0.0
0107c61e54459068bb83f6be2058d65d,2019-12-03,3125.6,73421.1,0.0,0.0,65659.4,2.4,169894.8,8.3,16997.9,153.6,9852.3,76.8,2.8,13.2,4491.0,2.5,02:24:00,02:34:32,11:17:42,02:17:43,0,0,0.0,0.0,0.0,0.0
0107c61e54459068bb83f6be2058d65d,2019-12-09,4950.6,73396.2,0.0,0.0,98666.9,2.1,196018.6,8.7,12029.7,112.9,8052.2,50.4,0.0,13.8,2528.2,2.5,03:23:25,02:38:12,12:42:17,02:00:44,1,1,0.0,0.0,0.0,0.0
0107c61e54459068bb83f6be2058d65d,2019-12-27,1137.4,75672.0,0.0,0.0,33093.9,1.1,295924.9,8.6,16221.9,90.0,9589.6,100.0,0.0,0.0,3728.4,2.7,01:06:17,02:28:58,10:19:25,00:36:59,0,0,0.0,0.0,0.0,0.0
0107c61e54459068bb83f6be2058d65d,2019-12-30,2152.3,73637.0,0.0,0.0,51211.9,1.5,296485.6,7.6,18572.8,118.7,10609.7,100.0,0.0,0.0,3786.5,2.9,02:04:48,02:39:29,10:14:24,00:45:22,1,1,0.0,0.0,0.0,0.0
0107c61e54459068bb83f6be2058d65d,2020-01-01,2249.2,73321.1,0.0,0.0,46742.3,1.5,296393.0,7.8,18897.6,118.5,10828.8,100.0,0.0,0.0,3447.5,2.8,01:56:00,02:29:49,10:17:20,00:44:59,1,1,0.0,0.0,0.0,0.0
0107c61e54459068bb83f6be2058d65d,2020-01-06,2856.3,69399.1,0.0,0.0,165935.6,1.4,971041.3,6.9,19009.2,132.6,14143.6,64.3,0.0,0.0,5384.7,2.7,02:32:00,02:32:50,09:52:00,01:02:15,1,1,0.0,0.0,0.0,0.0
0107c61e54459068bb83f6be2058d65d,2020-01-11,3071.6,64035.2,0.0,0.0,154364.7,0.8,865353.9,6.7,15734.0,138.2,19292.2,28.6,0.0,0.0,9699.6,2.5,02:18:17,02:31:08,09:26:51,00:59:09,0,0,0.0,0.0,0.0,0.0
0107c61e54459068bb83f6be2058d65d,2020-01-16,1619.9,63939.1,0.0,0.0,2031.7,0.1,629004.1,7.2,13533.9,135.3,20840.0,0.0,0.0,0.0,12720.5,1.9,01:22:17,01:48:29,09:01:42,01:08:22,1,1,0.0,0.0,0.0,0.0
0107c61e54459068bb83f6be2058d65d,2020-01-22,977.9,65374.8,0.0,0.0,0.0,0.0,0.0,7.3,14718.2,147.8,20046.4,0.0,0.0,0.0,12462.2,1.5,00:29:42,03:42:40,09:58:51,02:44:41,0,0,0.0,0.0,0.0,0.0
0107c61e54459068bb83f6be2058d65d,2020-01-25,1905.1,65079.9,0.0,0.0,0.0,0.0,0.0,7.2,14359.0,140.9,19414.0,0.0,0.0,0.0,11813.1,1.4,00:22:51,03:35:29,09:48:34,02:49:33,0,0,0.0,0.0,0.0,0.0
0107c61e54459068bb83f6be2058d65d,2020-01-30,2274.9,65538.8,0.0,0.0,0.0,0.0,0.0,6.8,14850.1,143.4,18585.3,0.0,0.0,0.0,10741.3,1.3,00:40:00,03:37:56,09:39:25,02:43:04,0,0,0.0,0.0,0.0,0.0
0107c61e54459068bb83f6be2058d65d,2020-02-07,3794.6,61326.9,0.0,0.0,0.0,0.0,0.0,7.0,12401.5,118.9,21277.5,0.0,0.0,0.0,15839.6,2.0,00:57:08,01:13:29,08:24:00,01:21:18,0,0,0.0,0.0,0.0,0.0
0107c61e54459068bb83f6be2058d65d,2020-02-11,3058.6,59422.6,0.0,0.0,0.0,0.0,0.0,7.4,12172.0,118.7,23917.8,0.0,0.0,0.0,18273.1,2.3,00:44:34,01:15:05,08:37:42,01:40:56,0,0,0.0,0.0,0.0,0.0
0107c61e54459068bb83f6be2058d65d,2020-02-17,2854.7,61973.5,0.0,0.0,0.0,0.0,0.0,7.1,12274.9,100.6,21570.8,0.0,0.0,0.0,17080.6,2.0,00:34:17,01:11:15,08:11:25,01:59:20,0,0,0.0,0.0,0.0,0.0
0107c61e54459068bb83f6be2058d65d,2020-02-25,1009.6,65860.2,0.0,0.0,0.0,0.0,0.0,6.7,14563.0,94.6,19529.2,0.0,0.0,0.0,13268.4,2.0,01:52:00,01:48:31,09:02:51,02:23:17,0,0,0.0,0.0,0.0,0.0
0107c61e54459068bb83f6be2058d65d,2020-03-06,450.6,65205.9,0.0,0.0,0.0,0.0,0.0,7.3,18270.9,131.8,20742.4,0.0,0.0,0.0,13621.8,1.7,02:20:34,01:26:50,10:06:51,01:14:10,0,0,0.0,0.0,0.0,0.0
0107c61e54459068bb83f6be2058d65d,2020-03-08,650.4,64831.8,0.0,0.0,0.0,0.0,0.0,7.1,18236.8,140.9,20916.8,0.0,0.0,0.0,12955.6,1.4,02:11:25,01:30:32,09:46:17,01:11:42,0,0,0.0,0.0,0.0,0.0
0107c61e54459068bb83f6be2058d65d,2020-03-14,584.4,68804.7,0.0,0.0,0.0,0.0,0.0,7.4,16240.8,134.9,17009.9,0.0,0.0,0.0,10021.5,1.0,01:33:42,00:58:53,09:25:42,00:44:41,0,0,0.0,0.0,0.0,0.0
0107c61e54459068bb83f6be2058d65d,2020-03-17,987.5,68933.4,0.0,0.0,0.0,0.0,0.0,7.5,17309.0,124.9,16478.2,0.0,0.0,0.0,9178.9,1.1,02:41:08,03:02:16,10:38:51,03:11:28,0,0,0.0,0.0,0.0,0.0
0107c61e54459068bb83f6be2058d65d,2020-03-18,987.5,68917.4,0.0,0.0,0.0,0.0,0.0,7.5,17939.7,128.7,16494.1,0.0,0.0,0.0,8755.1,1.1,02:51:25,02:59:38,10:52:34,03:09:54,0,0,0.0,0.0,0.0,0.0
0107c61e54459068bb83f6be2058d65d,2020-03-20,1933.2,69065.8,0.0,0.0,0.0,0.0,0.0,7.6,19766.9,130.8,15400.1,0.0,0.0,0.0,7206.5,1.2,03:13:08,02:56:15,11:17:42,03:10:37,0,0,0.0,0.0,0.0,0.0
0107c61e54459068bb83f6be2058d65d,2020-03-22,1615.3,71794.6,0.0,0.0,0.0,0.1,21138.1,7.7,21542.2,130.9,12989.1,7.1,0.0,0.0,4953.9,1.4,03:29:08,02:49:03,11:44:00,02:58:22,0,0,0.0,0.0,0.0,0.0
0107c61e54459068bb83f6be2058d65d,2020-03-28,2058.4,73113.9,0.0,0.0,7307.9,0.6,147964.7,8.2,23169.4,108.5,11226.9,50.0,0.0,0.0,2059.4,1.3,04:22:51,02:28:50,13:05:08,02:36:14,0,0,0.0,0.0,0.0,0.0
0107c61e54459068bb83f6be2058d65d,2020-03-30,1660.7,73648.9,0.0,0.0,7950.9,0.7,190240.6,7.8,24629.7,119.9,11089.6,64.3,0.0,0.0,1499.4,1.5,03:52:00,01:22:25,12:11:25,01:31:47,0,0,0.0,0.0,0.0,0.0
0107c61e54459068bb83f6be2058d65d,2020-04-04,577.9,76363.2,0.0,0.0,7960.5,1.1,295929.9,7.8,20831.0,107.2,9458.0,92.9,0.0,0.0,1104.8,1.3,02:53:42,01:46:27,11:09:42,01:53:16,0,0,0.0,0.0,0.0,0.0
0107c61e54459068bb83f6be2058d65d,2020-04-11,91.1,77820.6,0.0,0.0,1347.1,1.0,295930.4,7.2,19983.5,128.1,8487.3,85.7,0.0,0.0,1405.1,1.6,02:08:00,01:47:09,09:52:00,01:00:28,0,0,0.0,0.0,0.0,0.0
0107c61e54459068bb83f6be2058d65d,2020-04-15,24.8,78507.2,0.0,0.0,753.6,1.0,295930.1,7.2,21120.3,136.9,7867.0,78.6,0.0,0.0,1264.7,1.5,02:05:42,01:41:31,09:49:42,01:01:19,1,1,0.0,0.0,0.0,0.0
0107c61e54459068bb83f6be2058d65d,2020-04-17,24.8,78624.9,0.0,0.0,762.7,1.0,295930.0,6.9,21260.9,146.1,7749.3,85.7,0.0,0.0,1270.6,1.4,02:34:17,01:22:36,09:54:17,01:00:43,0,0,0.0,0.0,0.0,0.0
0107c61e54459068bb83f6be2058d65d,2020-04-20,0.0,79194.8,0.0,0.0,93.4,1.0,295929.8,7.2,21966.3,155.6,7204.2,85.7,0.0,0.0,710.9,1.4,02:42:17,01:22:26,10:21:42,01:56:55,0,0,0.0,0.0,0.0,0.0
0107c61e54459068bb83f6be2058d65d,2020-05-02,14.8,79539.5,0.0,0.0,73.6,1.0,295928.4,7.1,22813.9,121.6,6844.7,100.0,0.0,0.0,562.9,1.7,02:59:25,00:44:30,10:32:00,01:39:30,0,0,0.0,0.0,0.0,0.0
0107c61e54459068bb83f6be2058d65d,2020-05-06,354.9,78977.0,0.0,0.0,5412.4,1.1,295928.5,6.8,22166.2,116.4,7067.1,100.0,0.0,0.0,606.2,1.5,03:25:42,01:15:58,10:43:25,01:45:59,0,0,0.0,0.0,0.0,0.0
0107c61e54459068bb83f6be2058d65d,2020-05-14,431.1,77854.1,0.0,0.0,6609.9,1.1,295929.4,7.2,22428.6,126.7,8113.8,85.7,0.0,0.0,1035.8,1.2,03:40:34,01:20:56,11:22:17,01:50:17,0,0,0.0,0.0,0.0,0.0
0107c61e54459068bb83f6be2058d65d,2020-05-17,2427.4,75973.9,0.0,0.0,55656.1,1.1,295940.4,7.1,21905.5,128.9,7997.7,78.6,0.0,0.0,1249.5,1.3,03:02:51,01:19:00,10:40:00,01:55:03,0,0,0.0,0.0,0.0,0.0
0107c61e54459068bb83f6be2058d65d,2020-05-22,2273.9,74961.5,0.0,0.0,50289.1,0.7,190250.6,7.5,22054.4,127.3,9163.6,42.9,0.0,0.0,1388.5,1.4,02:37:42,01:16:41,10:38:51,02:03:51,0,0,0.0,0.0,0.0,0.0
0107c61e54459068bb83f6be2058d65d,2020-05-27,2418.4,74418.9,0.0,0.0,50289.1,0.4,84561.6,7.6,22661.4,137.6,9561.7,21.4,0.0,0.0,1650.2,1.4,02:14:51,00:56:57,10:20:34,01:35:16,1,1,0.0,0.0,0.0,0.0
0107c61e54459068bb83f6be2058d65d,2020-06-05,267.6,77076.9,0.0,0.0,0.0,0.0,0.0,7.5,23533.1,131.1,9054.6,0.0,0.0,0.0,1328.9,1.2,02:59:25,00:52:05,10:57:08,01:00:36,1,1,0.0,0.0,0.0,0.0
0107c61e54459068bb83f6be2058d65d,2020-06-13,660.8,76028.3,0.0,0.0,0.0,0.0,0.0,7.9,23589.3,117.5,9710.1,0.0,0.0,0.0,1946.7,2.2,03:48:34,01:24:58,12:13:42,01:32:28,0,0,0.0,0.0,0.0,0.0
0107c61e54459068bb83f6be2058d65d,2020-06-16,1089.1,74659.5,0.0,0.0,0.0,0.0,0.0,8.1,23773.7,110.6,10650.4,0.0,0.0,0.0,2940.2,2.2,03:44:00,01:23:21,12:20:34,01:32:35,0,0,0.0,0.0,0.0,0.0
0107c61e54459068bb83f6be2058d65d,2020-06-19,1993.0,73635.5,0.0,0.0,0.0,0.0,0.0,7.8,22239.7,105.0,10770.6,0.0,0.0,0.0,3114.0,2.5,03:44:00,01:42:05,12:01:08,02:04:26,0,0,0.0,0.0,0.0,0.0
0107c61e54459068bb83f6be2058d65d,2020-06-25,2416.9,74843.9,0.0,0.0,0.0,0.0,0.0,7.4,17228.1,90.4,9138.2,0.0,0.0,0.0,2765.6,2.4,03:33:42,02:12:51,11:30:17,03:08:19,0,0,0.0,0.0,0.0,0.0
0107c61e54459068bb83f6be2058d65d,2020-06-27,2251.7,75069.5,0.0,0.0,0.0,0.0,0.0,7.0,16444.1,91.6,9077.8,0.0,0.0,0.0,2566.8,1.9,03:31:25,02:12:55,10:59:25,02:50:57,0,0,0.0,0.0,0.0,0.0
0107c61e54459068bb83f6be2058d65d,2020-06-28,2141.8,75861.8,0.0,0.0,0.0,0.0,0.0,7.0,15464.9,87.4,8395.4,0.0,0.0,0.0,2171.6,1.9,03:28:00,02:15:13,10:57:08,02:50:20,0,0,0.0,0.0,0.0,0.0
0107c61e54459068bb83f6be2058d65d,2020-07-01,1692.0,77640.4,0.0,0.0,0.0,0.0,0.0,7.1,13750.3,89.6,7066.6,0.0,0.0,0.0,1424.8,1.9,03:36:00,02:13:17,11:09:42,02:33:55,0,0,0.0,0.0,0.0,0.0
0107c61e54459068bb83f6be2058d65d,2020-07-04,182.6,78640.4,0.0,0.0,0.0,0.0,0.0,7.7,13444.7,84.8,7576.0,0.0,0.0,0.0,1774.3,2.1,03:21:08,02:07:48,11:36:00,02:55:27,1,1,0.0,0.0,0.0,0.0
0107c61e54459068bb83f6be2058d65d,2020-07-06,245.6,77845.1,0.0,0.0,0.0,0.0,0.0,8.1,14826.7,90.4,8308.2,0.0,0.0,0.0,1791.5,1.8,03:36:00,02:19:19,12:16:00,02:33:56,0,0,0.0,0.0,0.0,0.0
0107c61e54459068bb83f6be2058d65d,2020-07-11,340.9,76737.6,0.0,0.0,0.0,0.0,0.0,8.4,17039.6,99.6,9320.6,0.0,0.0,0.0,1772.5,1.6,03:20:00,01:20:10,12:20:34,01:41:16,0,0,0.0,0.0,0.0,0.0
0107c61e54459068bb83f6be2058d65d,2020-07-18,296.1,76473.1,0.0,0.0,0.0,0.0,0.0,7.6,19040.7,110.3,9629.8,0.0,0.0,0.0,1809.8,1.6,04:08:00,01:45:44,12:16:00,01:17:40,0,0,0.0,0.0,0.0,0.0
0107c61e54459068bb83f6be2058d65d,2020-07-25,1196.4,75577.9,0.0,0.0,0.0,0.0,0.0,7.5,18149.7,96.9,9624.7,0.0,0.0,0.0,2504.1,2.8,04:00:00,02:16:50,12:01:08,02:09:03,0,0,0.0,0.0,0.0,0.0
0107c61e54459068bb83f6be2058d65d,2020-08-01,2894.1,71854.6,0.0,0.0,0.0,0.0,0.0,7.9,18899.8,94.0,11650.3,0.0,0.0,0.0,2184.2,3.3,03:18:51,02:09:22,11:45:08,02:48:30,0,0,0.0,0.0,0.0,0.0
0107c61e54459068bb83f6be2058d65d,2020-08-08,2823.4,69520.4,0.0,0.0,0.0,0.0,0.0,8.0,18852.3,122.3,14055.2,0.0,0.0,0.0,2341.1,2.3,02:17:08,01:35:56,10:51:25,02:12:41,0,0,0.0,0.0,0.0,0.0
0107c61e54459068bb83f6be2058d65d,2020-08-12,4608.1,68893.8,0.0,0.0,0.0,0.0,0.0,7.6,20949.1,135.4,12897.1,0.0,0.0,0.0,2362.4,1.8,01:49:42,00:53:01,09:58:51,01:18:33,0,0,0.0,0.0,0.0,0.0
0107c61e54459068bb83f6be2058d65d,2020-08-14,4562.1,68274.1,0.0,0.0,0.0,0.0,0.0,7.6,21606.6,140.1,13562.8,0.0,0.0,0.0,2538.3,1.8,01:55:25,01:00:49,10:02:17,01:19:54,0,0,0.0,0.0,0.0,0.0
0107c61e54459068bb83f6be2058d65d,2020-08-18,3156.5,70223.9,0.0,0.0,0.0,0.0,0.0,7.6,22165.1,123.4,13018.6,0.0,0.0,0.0,3246.7,1.6,02:27:25,02:25:47,10:36:34,01:34:29,0,0,0.0,0.0,0.0,0.0
0107c61e54459068bb83f6be2058d65d,2020-08-20,2881.2,70861.0,0.0,0.0,0.0,0.0,0.0,7.6,22700.7,121.5,12656.9,0.0,0.0,0.0,2942.6,2.0,02:54:51,02:47:45,11:02:51,01:34:24,0,0,0.0,0.0,0.0,0.0
0107c61e54459068bb83f6be2058d65d,2020-08-22,2597.8,72109.5,0.0,0.0,0.0,0.0,0.0,7.3,23296.7,121.7,11691.8,0.0,0.0,0.0,2660.3,2.1,03:20:00,02:40:25,11:09:42,01:52:08,0,0,0.0,0.0,0.0,0.0
0107c61e54459068bb83f6be2058d65d,2020-09-03,1436.1,74449.0,0.0,0.0,0.0,0.0,0.0,8.8,14268.8,76.2,10513.9,0.0,0.0,0.0,1850.4,1.8,02:48:00,01:44:52,12:13:42,01:49:19,0,0,0.0,0.0,0.0,0.0
0107c61e54459068bb83f6be2058d65d,2020-09-12,4726.0,68866.9,0.0,0.0,0.0,0.0,0.0,8.3,12872.9,56.4,12806.1,0.0,0.0,0.0,3687.9,1.9,02:08:00,01:50:01,11:01:42,02:34:57,0,0,0.0,0.0,0.0,0.0
0107c61e54459068bb83f6be2058d65d,2020-09-16,4759.7,68031.4,0.0,0.0,0.0,0.0,0.0,7.9,12817.9,61.5,13607.9,0.0,0.0,0.0,3939.6,2.1,01:21:08,01:36:05,09:45:08,02:01:12,0,0,0.0,0.0,0.0,0.0
0107c61e54459068bb83f6be2058d65d,2020-09-25,2068.9,71904.7,0.0,0.0,0.0,0.0,0.0,7.6,17248.2,101.9,12425.4,0.0,0.0,0.0,2854.1,1.7,00:48:00,01:08:09,08:53:42,01:39:06,0,0,0.0,0.0,0.0,0.0
0107c61e54459068bb83f6be2058d65d,2020-09-29,1556.4,72687.5,0.0,0.0,0.0,0.0,0.0,7.6,19979.1,110.1,12155.1,0.0,0.0,0.0,2374.1,1.3,00:44:34,01:06:01,08:51:25,01:34:41,0,0,0.0,0.0,0.0,0.0
0107c61e54459068bb83f6be2058d65d,2020-10-01,1338.9,73696.6,0.0,0.0,0.0,0.0,0.0,7.7,21209.2,120.9,11363.4,0.0,0.0,0.0,2136.6,1.2,00:42:17,01:03:36,08:53:42,01:33:36,0,0,0.0,0.0,0.0,0.0
0107c61e54459068bb83f6be2058d65d,2020-10-03,1205.5,73563.2,0.0,0.0,0.0,0.0,0.0,7.6,21844.4,124.0,11630.3,0.0,0.0,0.0,2459.6,1.4,00:52:34,01:04:41,08:58:17,01:35:09,0,0,0.0,0.0,0.0,0.0
0107c61e54459068bb83f6be2058d65d,2020-10-09,1175.2,74145.7,0.0,0.0,0.0,0.0,0.0,7.3,21405.6,121.3,11078.1,0.0,0.0,0.0,1976.9,1.7,01:38:17,01:12:01,09:23:25,01:25:20,0,0,0.0,0.0,0.0,0.0
0107c61e54459068bb83f6be2058d65d,2020-10-17,1371.4,76206.9,0.0,0.0,0.0,0.0,0.0,7.4,18520.6,111.6,8820.7,0.0,0.0,0.0,1557.7,1.9,02:22:51,01:37:47,10:17:08,02:32:21,0,0,0.0,0.0,0.0,0.0
0107c61e54459068bb83f6be2058d65d,2020-10-24,2214.4,75513.9,0.0,0.0,0.0,0.0,0.0,6.5,19034.1,100.4,8670.8,0.0,0.0,0.0,1412.1,2.1,03:05:08,01:49:48,10:02:17,02:26:20,0,0,0.0,0.0,0.0,0.0
0107c61e54459068bb83f6be2058d65d,2020-11-04,2235.9,75701.8,0.0,0.0,0.0,0.0,0.0,6.0,17422.9,103.1,8461.4,0.0,0.0,0.0,1137.9,2.3,03:21:08,01:26:18,09:45:08,01:44:10,0,0,0.0,0.0,0.0,0.0
0107c61e54459068bb83f6be2058d65d,2020-12-11,2113.5,73831.2,0.0,0.0,0.7,0.0,0.0,7.1,8415.7,56.1,10454.2,0.0,0.0,0.0,1927.1,2.7,02:08:00,01:58:54,09:39:41,01:45:58,0,0,0.0,0.0,0.0,0.0
0107c61e54459068bb83f6be2058d65d,2020-12-19,3032.6,70296.3,0.0,0.0,0.6,0.1,21137.9,7.9,19498.0,135.4,13070.1,0.0,0.0,0.0,2589.6,2.2,02:19:25,00:48:32,10:43:25,02:22:44,0,0,0.0,0.0,0.0,0.0
0107c61e54459068bb83f6be2058d65d,2020-12-25,2603.8,68628.6,0.0,0.0,0.0,0.1,21137.9,8.0,20936.2,159.5,15166.6,0.0,0.0,0.0,2744.5,2.1,02:19:25,00:45:25,10:53:42,02:09:15,0,0,0.0,0.0,0.0,0.0
0107c61e54459068bb83f6be2058d65d,2020-12-31,1843.5,70847.9,0.0,0.0,0.0,0.1,21137.9,8.6,20593.8,153.4,13707.6,0.0,0.0,0.0,1965.7,1.8,02:11:25,00:50:39,11:21:08,01:36:19,0,0,0.0,0.0,0.0,0.0
0107c61e54459068bb83f6be2058d65d,2021-01-02,2022.5,70605.4,0.0,0.0,0.0,0.1,21137.6,8.0,19517.3,149.6,13771.1,0.0,0.0,0.0,1961.6,2.2,02:22:51,00:56:33,10:57:08,01:52:43,0,0,0.0,0.0,0.0,0.0
0107c61e54459068bb83f6be2058d65d,2021-01-09,2176.6,72283.8,0.0,0.0,0.0,0.1,21137.6,7.8,17804.7,136.3,11938.7,0.0,0.0,0.0,2291.7,2.5,02:24:00,01:08:25,10:42:17,02:22:11,0,0,0.0,0.0,0.0,0.0
0107c61e54459068bb83f6be2058d65d,2021-01-16,2855.8,70653.1,0.0,0.0,3492.2,0.0,0.0,7.4,10479.0,89.9,12890.1,0.0,0.0,0.0,4091.1,1.8,02:17:08,00:57:54,10:09:08,01:52:04,0,0,0.0,0.0,0.0,0.0
0107c61e54459068bb83f6be2058d65d,2021-01-20,1951.8,73005.2,0.0,0.0,3492.9,0.0,0.0,7.3,11325.6,91.9,11442.0,0.0,0.0,0.0,3439.2,1.4,02:22:51,00:48:10,10:11:25,01:27:15,0,0,0.0,0.0,0.0,0.0
0107c61e54459068bb83f6be2058d65d,2021-01-21,1907.9,73400.3,0.0,0.0,3493.0,0.0,0.0,7.2,10880.4,85.9,11090.8,0.0,0.0,0.0,3334.7,1.6,02:32:00,00:50:30,10:11:25,01:27:15,0,0,0.0,0.0,0.0,0.0
0107c61e54459068bb83f6be2058d65d,2021-01-24,2011.6,72665.2,0.0,0.0,3493.0,0.0,0.0,6.8,11558.2,87.2,11722.1,0.0,0.0,0.0,3606.4,1.5,02:45:42,00:43:26,10:02:17,01:29:12,0,0,0.0,0.0,0.0,0.0
0107c61e54459068bb83f6be2058d65d,2021-01-30,622.9,76029.3,0.0,0.0,0.8,0.0,0.0,6.8,16564.5,123.2,9746.9,0.0,0.0,0.0,2479.7,1.6,02:56:00,00:43:36,10:13:42,01:37:48,0,0,0.0,0.0,0.0,0.0
0107c61e54459068bb83f6be2058d65d,2021-03-02,79.9,78030.1,0.0,0.0,5.7,0.0,0.0,7.0,16963.3,89.3,8289.0,0.0,0.0,0.0,1308.9,1.4,03:00:34,01:22:34,10:26:17,01:14:16,0,0,0.0,0.0,0.0,0.0
0107c61e54459068bb83f6be2058d65d,2021-03-06,27.2,78077.1,0.0,0.0,4.3,0.1,108503.3,7.2,18463.5,103.4,8294.6,0.0,0.0,0.0,1458.9,1.3,02:45:42,00:57:52,10:25:08,01:05:15,1,1,0.0,0.0,0.0,0.0
0107c61e54459068bb83f6be2058d65d,2021-03-09,27.2,77589.3,0.0,0.0,4.3,0.1,108503.3,7.1,19832.4,110.1,8782.5,0.0,0.0,0.0,2090.9,1.4,02:49:08,00:43:54,10:21:42,01:05:55,0,0,0.0,0.0,0.0,0.0
0107c61e54459068bb83f6be2058d65d,2021-03-20,1860.1,76648.4,0.0,0.0,15597.0,0.0,0.0,7.4,14189.4,90.1,7890.5,0.0,0.0,0.0,2948.2,1.2,02:40:00,01:12:34,10:32:00,01:26:44,0,0,0.0,0.0,0.0,0.0
0107c61e54459068bb83f6be2058d65d,2021-03-27,4222.7,73281.7,0.0,0.0,15597.0,0.1,89300.5,7.7,14139.3,88.4,8894.6,0.0,0.0,0.0,2732.8,2.0,03:16:34,01:30:35,11:26:51,01:52:14,0,0,0.0,0.0,0.0,0.0
0107c61e54459068bb83f6be2058d65d,2021-04-02,4407.6,71525.7,0.0,0.0,15597.0,0.1,89300.5,7.0,15811.0,88.4,10465.6,0.0,0.0,0.0,3147.6,2.1,03:24:34,01:26:50,10:53:42,01:51:48,0,0,0.0,0.0,0.0,0.0
0107c61e54459068bb83f6be2058d65d,2021-04-05,3161.2,72676.3,0.0,0.0,0.0,0.1,178601.5,6.6,16959.3,90.0,10561.5,0.0,0.0,0.0,3293.9,2.2,03:50:51,01:30:51,10:51:25,02:10:19,0,0,0.0,0.0,0.0,0.0
0107c61e54459068bb83f6be2058d65d,2021-04-21,978.4,75246.9,0.0,0.0,0.5,0.0,0.0,7.6,15477.1,85.4,10173.7,0.0,0.0,0.0,2774.6,1.4,02:34:17,00:42:09,10:42:17,01:09:42,0,0,0.0,0.0,0.0,0.0
0107c61e54459068bb83f6be2058d65d,2021-05-01,3307.9,73693.4,0.0,0.0,41446.1,0.0,0.0,6.5,16352.3,88.5,9397.8,0.0,0.0,0.0,3031.4,1.9,03:13:08,01:20:47,10:09:08,01:08:16,0,0,0.0,0.0,0.0,0.0
0107c61e54459068bb83f6be2058d65d,2021-05-02,3676.6,72853.8,0.0,0.0,41446.4,0.0,0.0,6.2,16968.7,90.4,9868.6,0.0,0.0,0.0,3088.4,1.9,03:42:51,01:58:53,10:18:17,01:24:47,0,0,0.0,0.0,0.0,0.0
0107c61e54459068bb83f6be2058d65d,2021-05-08,4369.3,71203.4,0.0,0.0,41445.9,0.0,0.0,6.1,16935.7,85.4,10826.3,0.0,0.0,0.0,2892.0,1.7,03:18:51,01:57:22,09:50:51,01:57:29,0,0,0.0,0.0,0.0,0.0
0107c61e54459068bb83f6be2058d65d,2021-05-12,4045.8,72094.9,0.0,0.0,41445.9,0.0,0.0,6.2,15317.9,79.5,10258.4,0.0,0.0,0.0,2062.7,1.8,03:02:51,02:04:46,09:40:34,02:03:59,0,0,0.0,0.0,0.0,0.0
0107c61e54459068bb83f6be2058d65d,2021-06-12,1655.4,75746.9,0.0,0.0,0.0,0.0,0.0,7.3,18075.2,72.1,8996.8,0.0,0.0,0.0,2504.1,2.6,02:27:25,01:22:57,10:16:00,01:57:22,0,0,0.0,0.0,0.0,0.0
0107c61e54459068bb83f6be2058d65d,2021-06-23,3252.1,69098.1,0.0,0.0,0.0,0.0,0.0,8.0,16980.9,97.0,14048.8,0.0,0.0,0.0,5112.8,2.1,01:55:25,01:01:07,10:27:25,01:40:51,0,0,0.0,0.0,0.0,0.0
0107c61e54459068bb83f6be2058d65d,2021-08-15,1349.1,68128.7,0.0,0.0,0.5,0.0,0.0,7.3,15158.0,120.5,16921.1,0.0,0.0,0.0,11690.1,4.7,01:54:17,02:43:42,09:39:25,03:22:02,0,0,0.0,0.0,0.0,0.0
0107c61e54459068bb83f6be2058d65d,2021-08-28,820.9,69997.6,0.0,0.0,0.0,0.0,0.0,6.8,16845.1,118.2,15580.5,0.0,0.0,0.0,12392.6,1.4,02:24:00,01:52:19,09:37:08,01:37:02,0,0,0.0,0.0,0.0,0.0
0107c61e54459068bb83f6be2058d65d,2021-10-17,3953.3,70794.6,0.0,0.0,0.0,0.0,0.0,7.7,7195.1,53.6,11651.1,0.0,0.0,0.0,4134.0,1.5,00:17:08,00:46:38,08:29:42,00:59:30,0,0,0.0,0.0,0.0,0.0
0107c61e54459068bb83f6be2058d65d,2021-10-30,3463.1,72777.7,0.0,0.0,2.2,0.0,0.0,8.4,8967.5,53.5,10158.2,0.0,0.0,0.0,3161.1,2.8,00:17:08,01:34:56,09:15:25,01:56:04,0,0,0.0,0.0,0.0,0.0
0107c61e54459068bb83f6be2058d65d,2021-11-12,4384.1,67339.6,0.0,0.0,2.2,0.0,0.0,7.2,9860.4,76.0,14675.3,0.0,0.0,0.0,5923.6,1.1,00:56:00,01:13:30,08:37:42,00:51:53,0,0,0.0,0.0,0.0,0.0
0107c61e54459068bb83f6be2058d65d,2021-12-03,6862.6,69244.8,0.0,0.0,0.0,0.0,0.0,7.5,12075.1,70.6,10291.7,0.0,0.0,0.0,2839.1,2.5,02:04:34,01:53:58,10:04:34,02:04:15,0,0,0.0,0.0,0.0,0.0
0107c61e54459068bb83f6be2058d65d,2021-12-04,6178.1,70376.8,0.0,0.0,0.0,0.0,0.0,7.5,12830.2,70.4,9844.1,0.0,0.0,0.0,2446.1,2.5,01:53:08,01:51:25,09:53:08,02:01:55,1,1,0.0,0.0,0.0,0.0
0107c61e54459068bb83f6be2058d65d,2021-12-22,3301.5,69764.2,0.0,0.0,0.0,0.1,29592.7,10.0,10683.5,59.5,13333.3,0.0,0.0,0.0,2996.9,5.7,00:14:24,02:14:31,10:51:12,04:27:03,0,0,0.0,0.0,0.0,0.0
0107c61e54459068bb83f6be2058d65d,2021-12-25,3194.2,69357.0,0.0,0.0,3.8,0.1,29592.7,10.2,10105.1,60.8,13847.8,0.0,0.0,0.0,3222.2,5.5,23:37:36,01:30:33,10:33:36,04:32:18,0,0,0.0,0.0,0.0,0.0
0107c61e54459068bb83f6be2058d65d,2022-01-01,3121.3,69429.9,0.0,0.0,2.7,0.1,21137.6,9.5,14168.8,72.2,13847.8,0.0,0.0,0.0,4904.5,3.2,23:40:34,01:45:59,09:47:25,02:04:35,0,0,0.0,0.0,0.0,0.0
0107c61e54459068bb83f6be2058d65d,2022-01-02,3216.7,68920.0,0.0,0.0,2.7,0.1,21137.6,8.9,15071.4,76.1,14262.3,0.0,0.0,0.0,5336.5,2.0,23:50:51,01:29:50,09:22:17,01:16:13,0,0,0.0,0.0,0.0,0.0
0107c61e54459068bb83f6be2058d65d,2022-01-15,1098.3,71837.3,0.0,0.0,0.0,0.0,0.0,7.8,13745.6,88.0,13463.4,0.0,0.0,0.0,8518.6,2.0,01:17:42,01:37:17,09:39:25,01:24:03,0,0,0.0,0.0,0.0,0.0
0107c61e54459068bb83f6be2058d65d,2022-01-22,99.4,71983.2,0.0,0.0,0.0,0.0,0.0,7.5,13773.0,84.9,14316.4,0.0,0.0,0.0,7265.1,1.7,02:00:00,01:40:25,09:57:42,01:28:35,0,0,0.0,0.0,0.0,0.0
03a0ce5623bfeb8aa3113605f7682215,2018-11-03,44.0,77457.6,0.0,0.0,2372.6,4.6,345.0,7.9,7539.5,99.0,8897.4,39.8,35.0,5.2,15086.6,5.8,00:38:24,02:39:13,09:04:00,03:12:31,0,0,0.0,0.0,0.0,0.0
03a0ce5623bfeb8aa3113605f7682215,2018-11-06,103.5,76340.6,0.0,0.0,2620.5,4.6,424.5,6.9,10736.1,113.5,9954.9,52.0,30.8,4.7,12050.9,4.6,01:04:00,02:15:31,08:26:00,02:43:09,0,1,0.0,0.0,0.0,0.0
03a0ce5623bfeb8aa3113605f7682215,2018-11-07,92.0,76535.2,0.0,0.0,2562.2,4.6,400.0,7.0,11064.7,111.9,9771.8,52.1,32.7,4.1,11456.7,4.4,00:56:53,02:09:21,08:26:40,02:33:50,0,1,0.0,0.0,0.0,0.0
03a0ce5623bfeb8aa3113605f7682215,2018-11-17,3215.2,74561.9,0.0,0.0,61567.6,4.7,53754.9,6.0,13294.2,123.1,8621.9,55.3,25.4,4.9,6273.9,1.4,01:42:51,01:19:28,08:09:08,01:08:36,0,1,0.0,0.0,0.0,0.0
03a0ce5623bfeb8aa3113605f7682215,2018-11-20,3849.1,74873.9,0.0,0.0,74618.7,4.9,66644.7,6.4,11948.5,115.9,7676.0,53.9,26.3,5.5,6076.3,1.5,01:45:08,01:20:23,08:37:42,01:09:06,0,0,0.0,0.0,0.0,0.0
03a0ce5623bfeb8aa3113605f7682215,2018-11-22,3393.1,75180.3,0.0,0.0,61169.9,5.0,298487.5,6.3,11189.7,111.1,7825.6,44.0,21.9,5.5,5460.4,2.0,02:25:08,02:31:29,09:06:17,01:42:14,0,0,0.0,0.0,0.0,0.0
03a0ce5623bfeb8aa3113605f7682215,2018-11-29,3422.5,73240.6,0.0,0.0,201079.8,4.9,496032.1,6.4,11265.3,117.4,9735.9,60.7,11.0,6.9,5529.1,2.0,01:44:00,03:27:53,10:14:51,03:20:43,0,0,0.0,0.0,0.0,0.0
03a0ce5623bfeb8aa3113605f7682215,2018-12-06,2267.4,72616.3,0.0,0.0,191070.6,4.6,298566.2,7.1,10816.7,115.1,11515.3,65.5,4.7,8.3,5478.4,1.5,00:40:00,02:23:19,09:55:25,03:10:17,0,0,0.0,0.0,0.0,0.0
03a0ce5623bfeb8aa3113605f7682215,2018-12-08,3169.4,72377.1,0.0,0.0,227785.5,4.6,233148.1,7.2,10328.0,105.1,10852.5,58.4,4.7,8.3,5635.2,1.1,01:13:08,01:00:41,08:54:51,01:11:44,0,0,0.0,0.0,0.0,0.0
03a0ce5623bfeb8aa3113605f7682215,2018-12-09,3696.7,71445.6,0.0,0.0,234785.4,5.0,391084.2,7.1,9970.7,104.6,11256.6,51.2,4.7,8.3,5768.4,1.1,01:01:42,00:58:16,08:38:51,01:11:28,0,0,0.0,0.0,0.0,0.0
03a0ce5623bfeb8aa3113605f7682215,2018-12-22,6334.1,67091.5,0.0,0.0,373589.1,4.7,2753998.1,7.0,12979.7,226.2,12973.4,0.0,0.0,0.0,5294.9,1.3,23:45:08,00:49:40,07:14:17,00:55:02,0,0,0.0,0.0,0.0,0.0
03a0ce5623bfeb8aa3113605f7682215,2018-12-24,7098.6,66145.3,0.0,0.0,566468.2,4.5,2847108.1,6.8,13270.3,253.5,13155.1,0.0,0.0,0.0,5333.1,1.5,00:09:08,01:34:24,07:25:42,01:03:57,0,0,0.0,0.0,0.0,0.0
03a0ce5623bfeb8aa3113605f7682215,2018-12-29,7272.9,66835.5,0.0,0.0,695995.8,4.4,2519914.5,6.4,13334.2,272.4,12290.6,13.5,0.0,0.8,4212.1,1.8,00:59:25,02:26:04,07:46:17,01:29:27,0,0,0.0,0.0,0.0,0.0
03a0ce5623bfeb8aa3113605f7682215,2019-01-01,6377.6,67983.8,0.0,0.0,681192.9,4.3,2046586.9,6.4,13782.5,268.5,12037.6,29.3,0.0,6.4,4569.5,1.9,01:10:51,02:22:18,08:02:17,01:46:06,0,0,0.0,0.0,0.0,0.0
03a0ce5623bfeb8aa3113605f7682215,2019-01-05,6780.9,68914.9,0.0,0.0,445518.8,4.4,925069.4,6.2,14386.9,240.5,10703.2,36.5,7.5,13.2,4625.9,2.2,01:47:25,02:15:41,08:24:00,01:42:35,0,1,0.0,0.0,0.0,0.0
03a0ce5623bfeb8aa3113605f7682215,2019-01-11,3871.6,72814.9,0.0,0.0,101888.9,5.1,61531.6,6.5,14701.6,221.3,9712.5,33.7,24.8,34.4,6399.1,2.2,01:17:42,01:26:46,08:13:42,01:39:53,0,1,0.0,0.0,0.0,0.0
03a0ce5623bfeb8aa3113605f7682215,2019-01-17,2548.3,73495.6,0.0,0.0,62952.8,5.3,47411.8,5.7,12822.5,235.6,10355.1,13.3,37.7,41.8,7851.7,1.4,02:42:17,01:54:04,08:48:00,01:38:48,0,0,0.0,0.0,0.0,0.0
03a0ce5623bfeb8aa3113605f7682215,2019-01-22,1244.9,74612.0,0.0,0.0,29078.1,5.9,13042.3,5.5,11002.7,217.8,10542.1,16.1,44.4,39.6,8827.0,0.7,02:54:51,01:46:12,08:45:42,01:44:43,0,1,0.0,0.0,0.0,0.0
03a0ce5623bfeb8aa3113605f7682215,2019-01-26,118.8,75521.6,0.0,0.0,3158.6,6.4,420.4,5.4,9225.5,178.4,10758.6,26.7,49.1,24.2,9529.1,1.6,03:02:51,01:48:07,08:48:00,01:49:21,0,1,0.0,0.0,0.0,0.0
03a0ce5623bfeb8aa3113605f7682215,2019-02-02,104.4,75324.1,0.0,0.0,3518.4,7.5,442.2,5.8,8883.7,179.6,10970.6,30.5,48.6,21.0,9279.6,1.7,02:24:00,01:11:48,08:35:25,01:20:16,0,0,0.0,0.0,0.0,0.0
03a0ce5623bfeb8aa3113605f7682215,2019-02-07,114.2,75942.4,0.0,0.0,3429.1,7.1,468.3,6.2,8083.3,166.2,10342.6,42.1,43.8,14.1,8561.8,1.3,02:14:51,01:14:58,08:52:34,00:46:37,0,1,0.0,0.0,0.0,0.0
03a0ce5623bfeb8aa3113605f7682215,2019-02-08,112.3,76022.5,0.0,0.0,3404.8,7.3,469.6,6.1,8057.8,165.0,10264.4,40.4,45.2,14.4,8507.6,1.4,02:16:00,01:16:26,08:48:00,00:49:52,0,1,0.0,0.0,0.0,0.0
03a0ce5623bfeb8aa3113605f7682215,2019-02-12,23.9,77240.9,0.0,0.0,3313.4,7.1,470.6,6.1,7636.0,144.3,9134.3,43.7,43.5,12.8,8034.9,1.2,02:17:08,01:07:48,08:50:17,00:51:15,0,0,0.0,0.0,0.0,0.0
03a0ce5623bfeb8aa3113605f7682215,2019-02-19,1537.6,76303.1,0.0,0.0,36278.2,5.8,30950.6,6.5,6688.5,123.5,8558.3,42.4,35.4,7.9,7387.9,1.3,01:16:34,03:40:28,09:55:25,03:16:26,0,1,0.0,0.0,0.0,0.0
03a0ce5623bfeb8aa3113605f7682215,2019-03-02,3446.0,71497.1,0.0,0.0,65514.4,4.0,152927.1,6.8,12151.7,212.6,11455.9,20.3,13.8,23.0,5654.4,1.7,23:47:25,03:48:32,08:42:17,04:12:13,0,1,0.0,0.0,0.0,0.0
03a0ce5623bfeb8aa3113605f7682215,2019-03-09,1087.1,73061.9,0.0,0.0,22598.7,5.2,1296.4,6.6,12605.0,201.9,12250.1,43.6,22.9,33.5,7779.9,1.9,01:00:34,02:00:58,08:01:08,02:29:17,0,0,0.0,0.0,0.0,0.0
03a0ce5623bfeb8aa3113605f7682215,2019-03-13,1543.1,71064.6,0.0,0.0,84261.9,4.8,157272.2,7.0,13422.1,219.9,13791.4,43.7,13.6,28.4,7590.4,1.6,01:24:34,01:09:51,08:54:51,01:06:10,0,0,0.0,0.0,0.0,0.0
03a0ce5623bfeb8aa3113605f7682215,2019-03-22,6722.3,63408.1,0.0,0.0,196510.2,3.7,1009535.0,6.8,14106.2,206.4,16268.6,18.3,0.0,3.1,5462.9,1.1,01:12:00,01:18:47,08:25:08,01:29:26,0,0,0.0,0.0,0.0,0.0
03a0ce5623bfeb8aa3113605f7682215,2019-03-25,8042.2,61794.3,0.0,0.0,293263.3,4.8,1196581.9,6.2,14245.5,201.0,16562.5,0.4,0.8,13.2,6148.6,1.1,01:24:34,01:16:21,08:04:34,01:27:05,0,0,0.0,0.0,0.0,0.0
03a0ce5623bfeb8aa3113605f7682215,2019-03-29,7241.4,64422.9,0.0,0.0,287537.6,5.9,987940.6,6.4,13518.8,189.7,14734.7,7.8,7.5,27.6,7175.1,1.1,01:02:51,01:09:20,07:50:51,01:08:04,0,1,0.0,0.0,0.0,0.0
03a0ce5623bfeb8aa3113605f7682215,2019-04-06,1232.7,73364.4,0.0,0.0,157051.4,6.9,120128.9,7.2,8762.3,154.4,11801.9,41.3,19.0,39.8,9131.2,1.3,00:51:25,01:16:46,08:32:00,00:52:22,1,1,0.0,0.0,0.0,0.0
03a0ce5623bfeb8aa3113605f7682215,2019-04-11,472.5,74537.1,0.0,0.0,10987.0,7.3,787.4,7.2,7012.0,119.3,11389.4,42.6,32.9,24.5,9100.3,1.6,00:38:51,01:25:14,08:21:42,01:05:01,0,1,0.0,0.0,0.0,0.0
03a0ce5623bfeb8aa3113605f7682215,2019-04-20,305.8,76005.7,0.0,0.0,9274.1,6.9,689.7,6.2,7905.7,114.3,10087.5,28.6,35.8,35.6,8666.5,1.7,00:59:25,01:22:20,07:34:51,01:24:36,0,0,0.0,0.0,0.0,0.0
03a0ce5623bfeb8aa3113605f7682215,2019-04-22,90.9,75542.8,0.0,0.0,4412.2,6.6,690.2,6.1,7948.9,113.4,10765.4,33.6,31.6,34.8,8690.9,1.6,01:04:00,01:18:50,07:33:42,01:23:42,0,0,0.0,0.0,0.0,0.0
03a0ce5623bfeb8aa3113605f7682215,2019-04-28,507.2,74262.6,0.0,0.0,8102.3,7.1,2150.6,6.9,8020.6,112.8,11629.1,31.5,26.1,42.4,7883.6,1.7,00:37:42,01:24:21,07:57:42,01:29:03,0,0,0.0,0.0,0.0,0.0
03a0ce5623bfeb8aa3113605f7682215,2019-05-06,662.1,74129.5,0.0,0.0,10025.5,7.6,2730.7,8.1,8866.5,95.6,11607.4,51.4,24.3,24.2,6101.1,1.1,00:01:08,01:24:45,08:42:17,00:52:35,0,1,0.0,0.0,0.0,0.0
03a0ce5623bfeb8aa3113605f7682215,2019-05-18,99.5,74291.0,0.0,0.0,5936.0,6.5,1421.1,7.6,7372.7,102.2,12008.6,42.7,30.5,26.7,6423.9,1.1,00:32:00,01:04:34,08:40:00,01:04:29,0,1,0.0,0.0,0.0,0.0
03a0ce5623bfeb8aa3113605f7682215,2019-05-24,47.1,74999.6,0.0,0.0,4321.6,6.5,796.1,8.4,6521.6,108.1,11352.4,42.7,31.2,26.1,7215.1,1.5,00:04:34,01:38:42,09:02:51,00:48:10,0,1,0.0,0.0,0.0,0.0
03a0ce5623bfeb8aa3113605f7682215,2019-05-30,428.6,76431.1,0.0,0.0,9892.0,5.8,3631.7,8.6,6634.8,93.6,9539.3,48.8,35.4,15.8,6479.1,1.9,23:28:00,01:37:41,08:35:25,00:51:01,0,1,0.0,0.0,0.0,0.0
03a0ce5623bfeb8aa3113605f7682215,2019-06-04,1859.7,73721.3,0.0,0.0,169460.5,5.3,123465.5,8.1,7860.5,91.4,10818.0,50.9,25.5,16.5,6724.4,2.6,23:20:00,01:35:11,07:58:51,01:38:20,0,0,0.0,0.0,0.0,0.0
03a0ce5623bfeb8aa3113605f7682215,2019-06-09,2326.9,71964.1,0.0,0.0,170112.4,4.5,700018.2,6.5,10670.9,106.1,12108.1,66.5,15.0,11.3,6609.1,2.4,00:25:08,01:04:46,07:21:08,01:50:08,0,1,0.0,0.0,0.0,0.0
03a0ce5623bfeb8aa3113605f7682215,2019-06-19,3781.8,70501.6,0.0,0.0,247347.2,3.6,4095811.7,6.0,13946.9,148.9,12115.6,64.3,0.0,0.0,5680.7,1.6,00:40:00,01:10:27,07:04:00,02:14:22,0,0,0.0,0.0,0.0,0.0
03a0ce5623bfeb8aa3113605f7682215,2019-06-27,3750.9,71871.8,0.0,0.0,150167.4,4.3,3107593.6,6.6,13339.0,130.4,10776.3,78.6,0.0,0.0,5946.3,1.5,00:26:17,01:09:22,07:31:25,02:14:34,0,0,0.0,0.0,0.0,0.0
03a0ce5623bfeb8aa3113605f7682215,2019-07-04,2497.1,73454.4,0.0,0.0,28487.8,4.5,1623095.9,6.8,13920.9,125.9,10447.5,100.0,0.0,0.0,4163.6,1.3,00:46:51,01:07:28,08:00:00,00:52:01,0,0,0.0,0.0,0.0,0.0
03a0ce5623bfeb8aa3113605f7682215,2019-07-13,2767.6,72359.4,0.0,0.0,142635.1,4.1,1558664.9,6.9,13027.3,133.6,11272.1,85.7,0.0,0.0,4767.2,1.5,00:38:51,01:17:36,07:58:51,00:51:07,0,0,0.0,0.0,0.0,0.0
03a0ce5623bfeb8aa3113605f7682215,2019-07-21,2887.4,69653.1,0.0,0.0,246035.6,3.8,1307060.2,7.4,9516.6,107.6,13858.6,57.1,0.0,0.0,7173.1,2.0,00:18:17,01:19:58,08:11:25,01:26:40,0,1,0.0,0.0,0.0,0.0
03a0ce5623bfeb8aa3113605f7682215,2019-07-25,3258.1,68391.3,0.0,0.0,249452.9,3.8,1307060.8,7.2,12096.3,109.1,14749.6,57.1,0.0,0.0,7077.0,2.0,00:21:42,01:17:49,08:04:34,01:41:27,0,0,0.0,0.0,0.0,0.0
03a0ce5623bfeb8aa3113605f7682215,2019-07-29,4654.6,69043.1,0.0,0.0,66467.1,3.1,1549449.6,6.7,12567.2,133.2,12701.3,64.3,0.0,0.0,4540.5,1.4,00:36:34,00:59:41,07:46:17,01:29:15,0,0,0.0,0.0,0.0,0.0
03a0ce5623bfeb8aa3113605f7682215,2019-08-07,10427.4,61128.6,0.0,0.0,234087.3,2.6,1543936.9,7.9,12308.2,185.8,14842.9,14.3,0.0,0.0,4241.5,1.5,00:12:34,01:04:03,08:40:00,01:23:05,0,0,0.0,0.0,0.0,0.0
03a0ce5623bfeb8aa3113605f7682215,2019-08-09,10351.8,61447.7,0.0,0.0,233342.1,2.6,1543938.1,7.8,12069.0,191.2,14599.5,14.3,0.0,0.0,3936.7,1.5,00:21:42,01:07:46,08:38:51,01:21:44,0,0,0.0,0.0,0.0,0.0
03a0ce5623bfeb8aa3113605f7682215,2019-08-16,9951.3,62495.2,0.0,0.0,236553.3,4.0,1454487.1,7.4,15715.4,204.7,13952.6,64.3,0.0,0.0,4634.6,1.3,00:50:17,01:02:48,08:43:25,00:56:52,0,0,0.0,0.0,0.0,0.0
03a0ce5623bfeb8aa3113605f7682215,2019-08-23,4302.2,70447.8,0.0,0.0,66831.6,3.7,1632062.9,7.4,15050.7,189.5,11649.1,100.0,0.0,0.0,4038.2,0.9,00:27:25,00:54:34,08:22:51,00:46:20,0,0,0.0,0.0,0.0,0.0
03a0ce5623bfeb8aa3113605f7682215,2019-08-28,3570.0,71451.4,0.0,0.0,52451.8,3.5,1632109.7,7.6,14188.5,179.1,11377.6,100.0,0.0,0.0,3987.9,0.9,00:19:25,00:40:11,08:24:00,01:01:00,0,0,0.0,0.0,0.0,0.0
03a0ce5623bfeb8aa3113605f7682215,2019-09-03,2551.4,74114.2,0.0,0.0,32248.2,3.4,1626282.3,7.3,13296.3,176.8,9733.4,92.9,0.0,0.0,3349.4,1.5,00:13:42,00:45:59,08:00:00,01:51:00,0,0,0.0,0.0,0.0,0.0
03a0ce5623bfeb8aa3113605f7682215,2019-09-09,2706.9,73695.6,0.0,0.0,36856.4,3.5,1626235.6,6.9,11802.9,170.2,9996.5,85.7,0.0,0.0,3353.0,1.5,00:35:25,01:12:06,07:56:34,01:48:02,0,1,0.0,0.0,0.0,0.0
03a0ce5623bfeb8aa3113605f7682215,2019-09-13,3556.7,71752.8,0.0,0.0,181726.4,3.4,1423654.5,6.9,11797.6,182.4,11089.5,64.3,0.0,7.1,4417.6,1.7,01:01:42,01:19:44,08:25:08,01:45:02,1,1,0.0,0.0,0.0,0.0
03a0ce5623bfeb8aa3113605f7682215,2019-09-21,3298.4,68903.7,0.0,0.0,189390.4,5.4,528794.6,7.1,10074.8,180.8,14196.9,35.0,12.4,24.0,8853.4,1.3,01:18:51,01:21:54,08:51:25,01:31:08,0,1,0.0,0.0,0.0,0.0
03a0ce5623bfeb8aa3113605f7682215,2019-09-24,2952.4,69141.7,0.0,0.0,187176.2,6.3,181085.4,7.0,9446.7,182.1,14304.9,24.8,23.8,30.0,10023.2,1.4,01:16:34,01:20:56,08:46:51,01:33:34,1,1,0.0,0.0,0.0,0.0
03a0ce5623bfeb8aa3113605f7682215,2019-09-28,968.0,73272.4,0.0,0.0,22658.1,7.4,16661.1,7.2,7910.8,175.2,12158.7,38.5,31.4,30.2,8960.7,0.9,01:04:00,00:44:26,08:43:25,01:02:23,0,1,0.0,0.0,0.0,0.0
03a0ce5623bfeb8aa3113605f7682215,2019-10-04,159.7,73845.1,0.0,0.0,6322.6,7.4,524.1,7.2,7688.8,172.2,12394.1,53.1,30.1,16.8,8308.6,0.7,01:07:25,00:44:55,08:50:17,01:00:07,1,1,0.0,0.0,0.0,0.0
03a0ce5623bfeb8aa3113605f7682215,2019-10-10,474.4,73276.4,0.0,0.0,8231.4,6.8,1586.9,7.2,8896.0,190.9,12648.3,60.4,21.8,17.8,7283.5,0.6,01:01:42,00:39:07,08:41:08,00:53:18,1,1,0.0,0.0,0.0,0.0
03a0ce5623bfeb8aa3113605f7682215,2019-10-17,365.5,73839.1,0.0,0.0,6054.0,6.4,1534.7,7.3,9527.0,195.8,12194.4,64.0,15.7,20.3,7304.2,1.5,00:49:08,01:09:20,08:35:25,01:13:51,0,0,0.0,0.0,0.0,0.0
03a0ce5623bfeb8aa3113605f7682215,2019-11-02,1109.2,75428.5,0.0,0.0,9427.0,4.5,1797.3,9.2,7223.3,68.0,9861.3,48.3,11.5,23.6,6537.3,4.2,00:32:00,02:04:16,10:24:00,02:04:37,0,1,0.0,0.0,0.0,0.0
03a0ce5623bfeb8aa3113605f7682215,2019-11-06,704.4,76082.4,0.0,0.0,6800.4,4.8,1248.0,9.2,8638.8,86.2,9612.2,56.8,13.6,19.6,6179.2,3.2,00:06:24,01:45:56,09:53:36,01:44:17,0,1,0.0,0.0,0.0,0.0
03a0ce5623bfeb8aa3113605f7682215,2019-11-13,1763.9,74124.9,0.0,0.0,35233.4,5.3,14043.4,7.8,10477.9,101.9,10510.2,67.0,16.4,16.7,5870.4,1.5,00:27:25,01:06:21,08:48:00,00:45:15,0,1,0.0,0.0,0.0,0.0
03a0ce5623bfeb8aa3113605f7682215,2019-11-22,427.4,73943.2,0.0,0.0,7694.5,4.9,1335.5,7.1,12476.5,112.0,12028.4,60.8,21.7,17.5,7260.4,1.7,01:12:00,01:23:44,08:45:42,00:48:42,0,0,0.0,0.0,0.0,0.0
03a0ce5623bfeb8aa3113605f7682215,2019-11-25,1582.9,73888.7,0.0,0.0,158873.6,4.6,249550.4,7.0,12462.4,113.4,10927.4,61.1,16.9,14.9,6479.9,1.9,01:38:17,01:30:16,09:08:34,00:55:34,0,0,0.0,0.0,0.0,0.0
03a0ce5623bfeb8aa3113605f7682215,2019-11-26,1966.9,73537.9,0.0,0.0,162580.5,4.5,365498.1,7.0,12661.8,111.5,10894.3,64.0,13.9,14.9,6208.5,1.8,01:39:25,01:29:07,09:07:25,00:55:09,0,0,0.0,0.0,0.0,0.0
03a0ce5623bfeb8aa3113605f7682215,2019-12-07,5186.2,71780.1,0.0,0.0,236971.5,3.5,1160485.6,7.5,12528.3,115.5,9432.6,53.6,0.0,17.9,3757.9,2.3,01:34:51,01:38:09,09:37:08,01:49:26,0,0,0.0,0.0,0.0,0.0
03a0ce5623bfeb8aa3113605f7682215,2019-12-11,6533.1,69320.1,0.0,0.0,415677.9,3.9,881523.2,7.7,10941.9,105.1,10545.8,32.1,0.0,39.3,4907.5,2.6,01:09:42,01:26:55,09:21:08,02:26:12,0,0,0.0,0.0,0.0,0.0
03a0ce5623bfeb8aa3113605f7682215,2019-12-27,6863.6,65661.0,0.0,0.0,1002714.3,2.1,2011906.0,7.2,6707.0,75.4,13874.4,14.3,0.0,0.0,5270.6,2.7,00:16:00,02:49:32,08:00:00,01:57:53,0,0,0.0,0.0,0.0,0.0
03a0ce5623bfeb8aa3113605f7682215,2019-12-29,7399.8,65867.9,0.0,0.0,812941.4,2.6,1942937.7,7.7,7486.9,84.7,13131.4,33.3,0.0,0.0,4679.6,2.6,00:28:26,02:32:29,08:42:40,02:11:56,0,0,0.0,0.0,0.0,0.0
03a0ce5623bfeb8aa3113605f7682215,2020-01-05,5372.0,67806.2,0.0,0.0,400126.1,4.0,1365620.1,6.9,9067.6,99.9,13220.9,21.4,0.0,50.0,6485.4,2.4,01:18:51,01:52:14,08:40:00,02:23:50,0,1,0.0,0.0,0.0,0.0
03a0ce5623bfeb8aa3113605f7682215,2020-01-12,2756.3,72407.2,0.0,0.0,190931.8,4.8,136133.5,7.0,9189.3,91.1,11235.6,22.3,8.4,69.3,8282.1,1.8,01:40:34,01:41:59,09:06:17,02:14:31,0,1,0.0,0.0,0.0,0.0
03a0ce5623bfeb8aa3113605f7682215,2020-01-21,3277.9,75388.3,0.0,0.0,76075.6,4.5,34835.7,7.3,8954.4,87.2,7732.9,36.5,24.1,39.4,6669.7,1.0,01:36:00,01:24:13,09:24:34,01:36:04,1,1,0.0,0.0,0.0,0.0
03a0ce5623bfeb8aa3113605f7682215,2020-01-26,1978.3,75026.9,0.0,0.0,38340.6,4.9,15547.6,7.2,8491.8,93.0,9393.9,29.4,23.8,46.7,7714.9,1.3,01:29:08,01:08:20,09:13:08,01:20:37,1,1,0.0,0.0,0.0,0.0
03a0ce5623bfeb8aa3113605f7682215,2020-02-07,2624.7,74332.4,0.0,0.0,58928.8,5.3,50189.2,7.4,9898.8,95.3,9441.9,25.0,19.6,48.2,7345.6,1.5,01:44:00,01:11:29,09:36:00,01:10:47,0,1,0.0,0.0,0.0,0.0
03a0ce5623bfeb8aa3113605f7682215,2020-02-11,2694.6,75664.6,0.0,0.0,58744.6,5.2,50325.3,7.2,9682.3,92.9,8039.7,22.8,21.1,48.9,6313.2,1.5,01:37:08,00:50:02,09:21:08,01:32:00,1,1,0.0,0.0,0.0,0.0
03a0ce5623bfeb8aa3113605f7682215,2020-02-22,1888.1,75473.6,0.0,0.0,37193.6,4.3,79225.0,7.6,12043.2,113.6,9037.4,22.5,12.3,36.6,5321.9,1.6,02:01:08,01:19:28,10:09:08,01:21:41,0,1,0.0,0.0,0.0,0.0
03a0ce5623bfeb8aa3113605f7682215,2020-02-26,1893.8,74991.9,0.0,0.0,36711.0,4.1,79056.5,7.8,12494.3,113.1,9513.3,26.7,12.0,32.7,5232.6,1.6,01:56:34,01:29:22,10:12:34,01:07:59,0,1,0.0,0.0,0.0,0.0
03a0ce5623bfeb8aa3113605f7682215,2020-02-29,2475.9,74343.3,0.0,0.0,50436.4,4.4,84788.4,7.5,12844.5,110.7,9579.9,31.0,13.1,27.3,5576.9,1.8,02:12:34,01:49:55,10:12:34,01:09:35,1,1,0.0,0.0,0.0,0.0
03a0ce5623bfeb8aa3113605f7682215,2020-03-04,1478.7,74293.4,0.0,0.0,32814.8,4.7,53352.1,7.5,13556.5,115.3,10626.9,32.1,13.3,33.2,6542.7,1.8,02:01:08,01:46:25,10:01:08,01:19:14,0,0,0.0,0.0,0.0,0.0
03a0ce5623bfeb8aa3113605f7682215,2020-03-12,756.9,76128.6,0.0,0.0,17306.6,4.9,6180.4,7.1,11802.8,96.6,9513.6,50.4,16.0,33.7,6730.9,1.8,02:36:34,01:19:07,10:11:25,01:39:02,1,1,0.0,0.0,0.0,0.0
03a0ce5623bfeb8aa3113605f7682215,2020-03-18,1648.7,76342.9,0.0,0.0,153032.3,3.9,580817.5,6.9,13047.1,100.5,8407.4,67.0,11.6,21.4,4583.9,2.2,02:40:00,01:26:22,10:00:00,02:04:20,0,1,0.0,0.0,0.0,0.0
03a0ce5623bfeb8aa3113605f7682215,2020-03-28,3223.0,78995.4,0.0,0.0,80539.7,1.4,1623103.5,8.2,15417.3,87.9,4180.6,100.0,0.0,0.0,821.7,1.4,02:29:42,01:07:46,11:16:34,01:29:59,0,1,0.0,0.0,0.0,0.0
03a0ce5623bfeb8aa3113605f7682215,2020-04-03,109.6,83348.9,0.0,0.0,1788.3,1.0,1623098.6,8.5,15094.6,67.5,2940.5,100.0,0.0,0.0,372.9,1.4,02:19:25,00:52:10,11:22:17,01:44:51,0,0,0.0,0.0,0.0,0.0
03a0ce5623bfeb8aa3113605f7682215,2020-04-09,109.6,83821.0,0.0,0.0,1672.1,1.1,1623098.6,8.1,12992.9,69.3,2468.4,85.7,0.0,0.0,319.4,1.5,02:14:51,00:41:19,10:56:00,01:28:15,0,1,0.0,0.0,0.0,0.0
03a0ce5623bfeb8aa3113605f7682215,2020-04-12,63.9,83183.7,0.0,0.0,799.7,1.1,1623098.6,7.5,13611.7,77.1,3151.4,78.6,0.0,0.0,464.7,1.7,02:29:42,01:16:52,10:27:25,01:16:03,0,0,0.0,0.0,0.0,0.0
03a0ce5623bfeb8aa3113605f7682215,2020-04-21,130.0,83464.8,0.0,0.0,912.4,1.3,1623098.2,7.5,15602.5,75.6,2804.2,85.7,0.0,0.0,432.1,1.3,02:06:51,01:31:48,10:09:08,01:08:48,0,1,0.0,0.0,0.0,0.0
03a0ce5623bfeb8aa3113605f7682215,2020-04-30,19.6,83651.1,0.0,0.0,256.3,1.1,1623098.0,7.8,16154.9,78.2,2728.4,100.0,0.0,0.0,318.8,1.3,01:47:25,00:59:23,10:06:51,00:49:40,0,1,0.0,0.0,0.0,0.0
03a0ce5623bfeb8aa3113605f7682215,2020-05-05,197.4,82800.6,0.0,0.0,1570.5,1.1,1623098.1,7.6,18215.4,79.1,3401.0,100.0,0.0,0.0,408.6,1.3,02:06:51,01:02:06,10:12:34,00:55:14,0,1,0.0,0.0,0.0,0.0
03a0ce5623bfeb8aa3113605f7682215,2020-05-16,200.4,83387.4,0.0,0.0,1815.4,1.1,1623108.7,7.6,15859.7,55.1,2811.2,92.9,0.0,0.0,777.3,1.6,02:13:42,01:07:14,10:22:51,01:16:50,0,0,0.0,0.0,0.0,0.0
03a0ce5623bfeb8aa3113605f7682215,2020-05-20,340.6,83236.1,0.0,0.0,2607.6,1.2,1623112.5,7.5,16355.3,61.3,2822.3,92.9,0.0,0.0,878.2,1.7,02:18:17,01:07:14,10:18:17,01:17:49,0,0,0.0,0.0,0.0,0.0
03a0ce5623bfeb8aa3113605f7682215,2020-05-30,1046.4,82156.0,0.0,0.0,7611.4,1.4,1623104.4,7.6,17797.0,72.5,3196.7,100.0,0.0,0.0,781.2,1.1,02:41:08,01:03:33,10:50:17,00:53:16,0,0,0.0,0.0,0.0,0.0
03a0ce5623bfeb8aa3113605f7682215,2020-06-04,732.1,82956.8,0.0,0.0,6147.3,1.4,1623103.7,7.4,15835.7,65.1,2710.2,100.0,0.0,0.0,698.0,1.4,02:36:34,01:06:34,10:30:51,01:08:20,0,0,0.0,0.0,0.0,0.0
03a0ce5623bfeb8aa3113605f7682215,2020-06-07,2685.6,80877.6,0.0,0.0,71458.2,1.6,1683229.7,7.4,15899.4,66.3,2835.9,100.0,0.0,0.0,644.8,1.8,02:25:08,01:12:41,10:18:17,01:15:26,0,0,0.0,0.0,0.0,0.0
03a0ce5623bfeb8aa3113605f7682215,2020-06-18,8703.2,71109.6,0.0,0.0,174880.3,2.4,1951399.9,7.4,14066.6,69.0,6586.2,71.4,0.0,0.0,2956.0,2.1,02:06:51,01:36:16,10:00:00,01:54:03,0,0,0.0,0.0,0.0,0.0
03a0ce5623bfeb8aa3113605f7682215,2020-06-26,1299.9,80954.1,0.0,0.0,12103.6,2.4,1623146.8,6.3,14533.7,74.1,4145.1,100.0,0.0,0.0,773.9,1.3,02:12:34,01:09:51,08:56:00,01:29:26,0,0,0.0,0.0,0.0,0.0
03a0ce5623bfeb8aa3113605f7682215,2020-07-03,1093.3,81818.9,0.0,0.0,9305.0,2.0,1623100.0,6.7,13512.2,87.4,3486.8,100.0,0.0,0.0,775.4,1.3,02:21:42,01:31:05,09:32:34,01:19:21,0,0,0.0,0.0,0.0,0.0
03a0ce5623bfeb8aa3113605f7682215,2020-07-11,1057.9,82392.1,0.0,0.0,8063.6,1.9,1623100.2,7.8,15336.9,96.9,2949.1,100.0,0.0,0.0,731.6,1.3,01:47:25,01:03:15,10:03:25,01:04:58,0,1,0.0,0.0,0.0,0.0
03a0ce5623bfeb8aa3113605f7682215,2020-07-14,937.9,82311.2,0.0,0.0,6648.3,1.8,1623100.5,7.8,16611.9,99.7,3149.9,100.0,0.0,0.0,712.4,1.4,01:44:00,01:04:29,10:04:34,01:05:44,1,1,0.0,0.0,0.0,0.0
03a0ce5623bfeb8aa3113605f7682215,2020-07-19,1059.9,82503.7,0.0,0.0,9268.7,1.9,1623100.9,7.7,17615.3,98.4,2835.4,100.0,0.0,0.0,662.4,1.4,01:47:25,01:08:15,09:58:51,00:41:19,0,0,0.0,0.0,0.0,0.0
03a0ce5623bfeb8aa3113605f7682215,2020-07-29,1219.7,81805.4,0.0,0.0,11107.6,1.7,1623104.8,7.1,16206.1,83.3,3373.9,92.9,0.0,0.0,835.5,1.1,02:13:42,00:57:52,09:48:34,00:56:47,0,0,0.0,0.0,0.0,0.0
03a0ce5623bfeb8aa3113605f7682215,2020-08-06,2959.9,79678.5,0.0,0.0,48621.6,2.2,1645430.6,6.7,16618.1,87.2,3760.6,92.9,0.0,0.0,868.9,1.5,02:09:08,00:55:54,09:17:42,01:13:32,0,1,0.0,0.0,0.0,0.0
03a0ce5623bfeb8aa3113605f7682215,2020-08-08,2847.8,80158.6,0.0,0.0,47033.1,2.2,1645428.1,6.7,17018.3,86.5,3392.6,92.9,0.0,0.0,728.9,1.4,02:24:00,00:39:11,09:33:42,01:11:46,0,1,0.0,0.0,0.0,0.0
03a0ce5623bfeb8aa3113605f7682215,2020-08-11,3017.6,79932.6,0.0,0.0,46807.2,2.3,1645428.3,6.5,18768.9,94.6,3448.9,100.0,0.0,0.0,764.9,1.5,02:27:25,00:40:38,09:21:08,01:17:04,1,1,0.0,0.0,0.0,0.0
03a0ce5623bfeb8aa3113605f7682215,2020-08-15,2299.9,80204.0,0.0,0.0,28413.9,2.3,1634266.8,6.2,18760.5,91.8,3895.1,92.9,0.0,0.0,962.3,1.8,02:34:17,01:00:03,09:10:51,01:16:25,0,1,0.0,0.0,0.0,0.0
03a0ce5623bfeb8aa3113605f7682215,2020-08-20,1457.0,81313.3,0.0,0.0,11449.0,2.2,1623104.7,5.9,18788.2,94.5,3628.7,92.9,0.0,0.0,914.8,1.4,02:53:42,00:51:58,09:13:08,01:06:10,0,1,0.0,0.0,0.0,0.0
03a0ce5623bfeb8aa3113605f7682215,2020-09-06,1251.4,81104.4,0.0,0.0,11219.6,1.4,1623099.6,7.9,13884.9,65.4,4043.3,92.9,0.0,0.0,1261.9,1.1,02:29:42,00:39:00,10:53:42,01:06:28,0,0,0.0,0.0,0.0,0.0
03a0ce5623bfeb8aa3113605f7682215,2020-09-11,2304.3,78487.6,0.0,0.0,148699.8,1.7,1623098.4,7.8,11955.1,51.4,5607.2,100.0,0.0,0.0,1967.4,1.4,02:14:51,00:36:38,10:34:17,01:26:55,0,0,0.0,0.0,0.0,0.0
03a0ce5623bfeb8aa3113605f7682215,2020-09-17,2982.6,77963.1,0.0,0.0,164759.5,1.4,933350.6,7.3,10244.1,56.4,5453.4,85.7,0.0,0.0,2192.4,1.8,00:32:00,03:42:21,10:01:08,02:14:30,0,1,0.0,0.0,0.0,0.0
03a0ce5623bfeb8aa3113605f7682215,2020-09-24,3422.4,78018.4,0.0,0.0,171668.3,1.5,128643.8,6.6,11620.2,77.1,4958.2,85.0,0.4,0.4,3010.1,1.9,23:46:17,03:26:29,08:29:42,02:25:14,0,0,0.0,0.0,0.0,0.0
03a0ce5623bfeb8aa3113605f7682215,2020-10-03,2756.1,78369.0,0.0,0.0,31767.3,1.8,13684.2,6.3,13864.5,102.6,5273.9,100.0,0.0,0.0,2719.3,1.5,00:30:51,00:45:02,07:13:08,01:09:20,0,1,0.0,0.0,0.0,0.0
03a0ce5623bfeb8aa3113605f7682215,2020-10-06,2578.9,78786.6,0.0,0.0,30246.6,1.9,13683.1,6.5,14064.1,101.1,5033.6,100.0,0.0,0.0,2175.0,1.5,00:27:25,00:38:27,07:23:25,01:15:09,1,1,0.0,0.0,0.0,0.0
03a0ce5623bfeb8aa3113605f7682215,2020-10-13,2175.3,79149.4,0.0,0.0,25851.1,2.0,13680.6,6.8,14494.4,88.9,5074.3,100.0,0.0,0.0,1733.1,1.4,00:28:34,00:49:33,07:44:00,01:26:22,0,1,0.0,0.0,0.0,0.0
03a0ce5623bfeb8aa3113605f7682215,2020-10-19,1524.4,80923.4,0.0,0.0,17794.5,1.8,13679.2,7.0,14604.7,79.8,3951.3,100.0,0.0,0.0,1126.4,1.4,00:28:34,00:56:27,07:56:34,01:24:16,1,1,0.0,0.0,0.0,0.0
03a0ce5623bfeb8aa3113605f7682215,2020-10-27,1424.6,81414.4,0.0,0.0,15753.8,1.6,13679.8,6.4,15915.1,76.9,3559.9,85.3,0.0,0.4,972.3,1.4,00:58:17,01:10:40,07:47:25,01:28:17,0,1,0.0,0.0,0.0,0.0
03a0ce5623bfeb8aa3113605f7682215,2020-11-01,1608.1,80788.2,0.0,0.0,18471.4,1.9,13680.9,5.8,15768.6,78.1,4002.6,78.2,0.0,0.4,1210.1,1.3,02:09:08,02:14:20,08:19:25,02:07:01,1,1,0.0,0.0,0.0,0.0
03a0ce5623bfeb8aa3113605f7682215,2020-11-06,1224.5,81448.6,0.0,0.0,15770.1,1.7,13681.0,5.7,16625.5,74.2,3725.9,85.7,0.0,0.0,936.6,1.5,02:24:00,02:08:17,08:30:51,02:10:02,1,1,0.0,0.0,0.0,0.0
03a0ce5623bfeb8aa3113605f7682215,2020-11-14,1055.6,82429.5,0.0,0.0,12852.6,1.4,13683.4,6.8,17235.2,73.4,2913.9,100.0,0.0,0.0,609.4,1.9,01:12:00,01:19:15,08:29:42,01:58:47,0,1,0.0,0.0,0.0,0.0
03a0ce5623bfeb8aa3113605f7682215,2020-11-18,3458.9,79741.4,0.0,0.0,70186.1,1.4,61706.9,6.9,17017.8,72.9,3198.8,100.0,0.0,0.0,822.5,1.9,01:13:08,01:17:36,08:33:08,02:03:33,0,1,0.0,0.0,0.0,0.0
03a0ce5623bfeb8aa3113605f7682215,2020-11-25,4963.6,75318.3,0.0,0.0,201935.2,1.8,602368.7,6.7,18244.9,73.3,6117.1,50.0,0.0,0.0,2512.3,1.2,00:57:08,01:05:19,08:04:34,01:52:33,0,1,0.0,0.0,0.0,0.0
03a0ce5623bfeb8aa3113605f7682215,2020-12-01,5589.9,74929.4,0.0,0.0,228338.5,1.9,1314514.9,6.8,19124.4,68.2,5879.8,7.1,0.0,0.0,3732.5,1.4,01:09:42,01:04:44,08:21:42,01:50:17,0,0,0.0,0.0,0.0,0.0
03a0ce5623bfeb8aa3113605f7682215,2020-12-09,1695.9,80732.6,0.0,0.0,39578.5,1.6,1645496.9,7.3,20023.6,75.1,3970.6,35.7,0.0,0.0,805.5,1.4,02:02:17,00:52:55,09:48:34,01:22:57,0,0,0.0,0.0,0.0,0.0
03a0ce5623bfeb8aa3113605f7682215,2020-12-12,274.4,81761.2,0.0,0.0,3573.8,1.4,1623099.9,6.6,20118.8,80.5,4363.5,57.1,0.0,0.0,694.7,1.5,02:35:25,01:01:30,09:40:34,01:22:20,0,0,0.0,0.0,0.0,0.0
03a0ce5623bfeb8aa3113605f7682215,2020-12-17,200.0,81277.8,0.0,0.0,2388.3,1.4,1623099.2,6.6,20658.6,85.1,4921.2,92.9,0.0,0.0,739.5,1.7,03:07:25,01:13:10,10:12:34,01:30:35,0,0,0.0,0.0,0.0,0.0
03a0ce5623bfeb8aa3113605f7682215,2020-12-26,1825.3,78695.6,0.0,0.0,24505.6,1.9,1645672.3,7.9,17373.8,82.9,5878.1,92.9,0.0,0.0,1260.8,3.1,02:53:42,01:15:29,11:18:51,02:55:45,0,1,0.0,0.0,0.0,0.0
03a0ce5623bfeb8aa3113605f7682215,2020-12-31,3433.5,75441.1,0.0,0.0,204569.6,2.4,1525425.7,7.6,15799.4,93.1,7524.4,71.4,0.0,0.0,2306.4,3.3,02:52:34,01:17:15,10:56:00,03:01:31,0,0,0.0,0.0,0.0,0.0
03a0ce5623bfeb8aa3113605f7682215,2021-01-20,2410.7,76494.0,0.0,0.0,3896.2,1.0,590225.8,9.3,5786.8,26.6,7494.3,36.4,0.0,0.0,2752.7,3.2,00:42:10,01:42:37,10:35:38,02:12:29,0,0,0.0,0.0,0.0,0.0
03a0ce5623bfeb8aa3113605f7682215,2021-01-25,3084.5,72904.5,0.0,0.0,15231.9,1.1,749123.5,8.7,6708.8,42.2,10409.9,46.2,0.0,0.0,2986.2,3.3,01:18:46,01:58:39,10:32:36,02:01:27,0,0,0.0,0.0,0.0,0.0
03a0ce5623bfeb8aa3113605f7682215,2021-02-06,1110.8,76885.0,0.0,0.0,10533.4,2.3,1623105.4,7.7,19283.7,103.8,8403.2,100.0,0.0,0.0,1926.5,1.3,01:45:08,00:51:55,09:55:25,01:00:31,0,0,0.0,0.0,0.0,0.0
03a0ce5623bfeb8aa3113605f7682215,2021-02-13,1744.9,75292.8,0.0,0.0,15635.7,2.1,1623101.4,7.1,17131.9,94.1,9361.4,92.9,0.0,0.0,2108.5,1.5,02:09:08,00:57:31,09:40:34,01:05:31,0,0,0.0,0.0,0.0,0.0
03a0ce5623bfeb8aa3113605f7682215,2021-02-15,1857.0,74967.7,0.0,0.0,17277.1,2.2,1623101.8,7.2,17501.4,93.5,9574.3,92.9,0.0,0.0,2131.1,1.6,02:05:42,00:57:19,09:45:08,01:09:55,0,0,0.0,0.0,0.0,0.0
03a0ce5623bfeb8aa3113605f7682215,2021-02-27,5637.8,73114.1,0.0,0.0,580799.0,2.6,6371845.9,6.8,14224.6,93.5,7647.2,28.6,0.0,0.0,4118.1,1.6,00:54:51,01:51:17,08:08:00,01:26:57,0,0,0.0,0.0,0.0,0.0
03a0ce5623bfeb8aa3113605f7682215,2021-03-07,5738.8,74686.3,0.0,0.0,277344.2,2.6,5931001.9,6.3,13961.0,90.9,5974.0,28.6,0.0,0.0,2594.6,2.1,01:04:00,02:01:33,07:49:42,01:27:33,0,0,0.0,0.0,0.0,0.0
03a0ce5623bfeb8aa3113605f7682215,2021-03-16,2602.7,77990.4,0.0,0.0,265505.5,2.4,1799508.1,6.1,16689.1,78.4,5805.9,92.9,0.0,0.0,1316.9,2.4,02:30:51,01:06:10,08:58:17,02:04:54,0,1,0.0,0.0,0.0,0.0
03a0ce5623bfeb8aa3113605f7682215,2021-03-20,2390.1,76522.9,0.0,0.0,30306.8,2.4,1623098.4,6.8,17066.4,74.9,7486.0,78.6,0.0,0.0,1736.9,2.0,02:43:25,01:16:17,10:01:08,01:43:27,0,0,0.0,0.0,0.0,0.0
03a0ce5623bfeb8aa3113605f7682215,2021-03-22,2459.1,76601.9,0.0,0.0,29977.8,2.5,1623098.4,6.5,16660.4,75.3,7338.1,64.3,0.0,0.0,1757.1,2.1,02:50:17,01:17:06,09:46:17,01:46:55,1,1,0.0,0.0,0.0,0.0
03a0ce5623bfeb8aa3113605f7682215,2021-03-27,2310.9,75554.4,0.0,0.0,27463.6,2.5,1623099.4,6.4,16317.9,83.6,8533.7,28.6,0.0,0.0,2045.5,2.1,03:37:08,01:27:09,10:29:42,01:50:57,0,1,0.0,0.0,0.0,0.0
03a0ce5623bfeb8aa3113605f7682215,2021-04-01,2728.8,76114.5,0.0,0.0,168588.6,2.1,1161368.5,6.0,16788.3,99.6,7555.7,28.6,0.0,0.0,2061.3,1.9,03:26:51,01:19:25,09:52:00,02:04:40,1,1,0.0,0.0,0.0,0.0
03a0ce5623bfeb8aa3113605f7682215,2021-04-04,2502.4,77422.6,0.0,0.0,166417.7,1.9,815069.4,6.3,15754.9,101.0,6474.1,50.0,0.0,0.0,1795.6,1.9,03:14:17,01:28:01,10:00:00,02:05:21,0,1,0.0,0.0,0.0,0.0
03a0ce5623bfeb8aa3113605f7682215,2021-04-11,1387.8,80111.4,0.0,0.0,13921.4,1.6,7214.2,6.6,13972.6,105.1,4899.9,99.7,0.0,0.3,1266.9,1.3,02:21:42,00:58:53,09:26:51,01:24:36,1,1,0.0,0.0,0.0,0.0
03a0ce5623bfeb8aa3113605f7682215,2021-04-15,1374.5,79909.2,0.0,0.0,15676.9,1.7,7301.9,6.9,12977.3,100.1,5115.3,99.3,0.0,0.7,1230.0,1.5,01:49:42,01:03:05,09:12:00,01:38:12,1,1,0.0,0.0,0.0,0.0
03a0ce5623bfeb8aa3113605f7682215,2021-04-20,1631.2,79231.0,0.0,0.0,19859.7,1.9,7301.8,6.9,13187.5,101.6,5536.8,99.7,0.0,0.3,1407.2,1.2,01:41:42,00:59:07,09:00:34,01:19:34,0,1,0.0,0.0,0.0,0.0
03a0ce5623bfeb8aa3113605f7682215,2021-04-29,1593.6,78835.0,0.0,0.0,20948.1,2.3,7191.3,6.1,15551.0,106.9,5970.4,97.6,2.4,0.0,1730.1,1.1,01:55:25,01:01:07,08:28:34,01:17:15,0,1,0.0,0.0,0.0,0.0
03a0ce5623bfeb8aa3113605f7682215,2021-05-24,1232.1,79374.8,0.0,0.0,16253.4,2.1,7073.7,5.1,17318.7,90.6,5792.1,97.6,2.0,0.3,1961.4,1.6,03:14:17,02:11:38,08:41:08,02:28:57,1,1,0.0,0.0,0.0,0.0
03a0ce5623bfeb8aa3113605f7682215,2021-05-31,1803.4,75347.9,0.0,0.0,22618.4,2.7,7454.8,6.0,17863.7,98.8,9247.6,92.8,6.9,0.3,3645.8,1.9,02:01:08,01:26:44,08:27:25,02:01:00,1,1,0.0,0.0,0.0,0.0
03a0ce5623bfeb8aa3113605f7682215,2021-06-12,2955.1,74576.9,0.0,0.0,204057.2,2.6,629550.9,6.1,16050.1,101.6,8867.0,50.9,3.9,2.4,2972.6,2.2,02:22:51,02:10:53,08:50:17,01:10:13,0,0,0.0,0.0,0.0,0.0
03a0ce5623bfeb8aa3113605f7682215,2021-07-03,1399.7,73704.2,0.0,0.0,160104.3,3.3,351518.3,6.1,16321.9,92.4,11295.1,79.8,3.8,2.1,5969.3,2.2,02:46:51,02:14:22,09:20:00,01:58:48,0,1,0.0,0.0,0.0,0.0
03a0ce5623bfeb8aa3113605f7682215,2021-07-07,156.1,75683.4,0.0,0.0,3500.5,3.4,450.9,6.3,15797.7,93.9,10559.6,91.8,6.4,1.8,5946.6,1.6,02:13:42,01:52:25,08:57:08,01:16:25,0,1,0.0,0.0,0.0,0.0
03a0ce5623bfeb8aa3113605f7682215,2021-07-30,36.0,78891.5,0.0,0.0,1898.4,3.9,494.6,6.8,15104.2,80.6,7471.5,74.6,22.7,2.7,4755.9,1.5,02:42:17,00:57:57,09:56:34,01:37:13,0,0,0.0,0.0,0.0,0.0
03a0ce5623bfeb8aa3113605f7682215,2021-08-07,165.4,77451.2,0.0,0.0,3811.6,4.5,708.2,6.9,14209.6,85.8,8782.4,74.8,19.1,6.1,6560.1,1.5,02:06:51,01:19:38,09:29:08,01:29:13,0,1,0.0,0.0,0.0,0.0
03a0ce5623bfeb8aa3113605f7682215,2021-08-14,756.4,72145.7,0.0,0.0,8509.9,4.1,445.1,7.4,13381.8,85.0,13496.9,81.1,12.8,6.1,11067.4,1.2,01:22:17,01:53:06,09:14:17,02:38:20,0,0,0.0,0.0,0.0,0.0
03a0ce5623bfeb8aa3113605f7682215,2021-08-21,701.4,73500.9,0.0,0.0,7036.9,3.3,420.7,6.5,14790.9,89.1,12196.6,83.2,12.4,4.4,9517.4,2.1,01:24:34,02:19:56,08:18:17,03:02:24,1,1,0.0,0.0,0.0,0.0
03a0ce5623bfeb8aa3113605f7682215,2021-09-22,2470.1,68241.6,0.0,0.0,185587.3,4.0,224391.2,6.3,14433.2,120.6,15687.3,60.5,9.7,8.4,9902.4,1.0,02:17:08,01:03:20,09:00:34,00:38:19,1,1,0.0,0.0,0.0,0.0
03a0ce5623bfeb8aa3113605f7682215,2021-10-02,440.1,71330.1,0.0,0.0,7290.6,4.2,959.5,6.2,14188.1,122.4,14628.9,84.8,13.6,1.7,9256.1,1.3,02:14:51,01:00:05,08:49:08,01:13:55,0,1,0.0,0.0,0.0,0.0
03a0ce5623bfeb8aa3113605f7682215,2021-10-14,809.1,69874.1,0.0,0.0,8538.0,3.9,952.9,6.8,15376.4,119.5,15715.9,86.0,12.8,1.2,10575.4,1.5,02:52:34,00:41:32,10:06:51,01:50:55,1,1,0.0,0.0,0.0,0.0
03a0ce5623bfeb8aa3113605f7682215,2021-10-20,540.6,70274.6,0.0,0.0,7448.8,3.8,523.7,6.9,15831.7,120.0,15583.8,86.7,12.5,0.8,10236.4,1.1,02:51:25,00:35:59,10:16:00,01:29:01,1,1,0.0,0.0,0.0,0.0
03a0ce5623bfeb8aa3113605f7682215,2021-11-07,1913.2,71293.6,0.0,0.0,43608.9,4.6,33079.4,7.0,13348.5,132.3,13192.2,89.2,9.6,1.2,9103.5,1.3,02:42:17,01:27:48,10:10:17,01:31:29,0,1,0.0,0.0,0.0,0.0
03a0ce5623bfeb8aa3113605f7682215,2021-11-21,3268.8,72467.2,0.0,0.0,67440.5,4.2,53615.4,6.2,15421.5,116.1,10663.0,87.2,8.7,4.1,7656.5,1.8,02:16:00,01:23:18,08:54:51,01:15:56,1,1,0.0,0.0,0.0,0.0
03a0ce5623bfeb8aa3113605f7682215,2021-11-30,3593.9,74422.0,0.0,0.0,344086.0,3.2,605678.3,6.0,16001.3,107.8,8383.1,63.0,13.6,2.0,5546.6,2.4,02:46:51,01:15:42,09:08:34,01:51:24,0,0,0.0,0.0,0.0,0.0
03a0ce5623bfeb8aa3113605f7682215,2021-12-10,2179.9,74724.4,0.0,0.0,315421.9,3.2,270039.8,6.6,14509.1,107.1,9494.8,99.1,0.0,0.9,7181.7,1.9,02:40:00,02:19:05,09:40:34,01:40:10,0,0,0.0,0.0,0.0,0.0
03a0ce5623bfeb8aa3113605f7682215,2021-12-16,3321.4,73770.1,0.0,0.0,177112.0,3.1,1050285.6,6.4,13598.8,118.1,9307.4,56.7,0.0,0.4,5431.3,1.6,01:30:17,02:55:20,08:21:42,02:23:18,0,0,0.0,0.0,0.0,0.0
03a0ce5623bfeb8aa3113605f7682215,2021-12-20,4932.9,72117.6,0.0,0.0,186680.6,3.6,1649610.4,6.3,14219.4,125.6,9348.5,28.2,0.0,0.4,4750.9,1.7,00:48:00,02:55:10,07:29:08,02:18:53,0,0,0.0,0.0,0.0,0.0
03a0ce5623bfeb8aa3113605f7682215,2021-12-27,5664.2,73206.6,0.0,0.0,242549.6,2.8,1940232.4,6.1,15888.0,118.8,7528.3,0.0,0.0,0.0,2660.6,1.4,00:01:08,00:58:46,06:32:00,01:45:13,0,0,0.0,0.0,0.0,0.0
03a0ce5623bfeb8aa3113605f7682215,2022-01-06,5693.8,70457.9,0.0,0.0,254282.5,3.1,871348.4,6.4,15901.2,134.3,10247.4,49.4,7.8,0.0,6372.1,1.5,01:10:51,01:34:59,08:00:00,01:45:26,1,1,0.0,0.0,0.0,0.0
03a0ce5623bfeb8aa3113605f7682215,2022-01-13,3232.7,69841.6,0.0,0.0,85671.6,3.8,71991.6,5.8,13351.0,158.3,13324.7,72.1,16.5,4.3,10155.7,1.3,02:19:25,01:40:54,08:33:08,01:18:15,1,1,0.0,0.0,0.0,0.0
03a0ce5623bfeb8aa3113605f7682215,2022-01-16,3064.5,70425.1,0.0,0.0,81286.6,3.9,69501.2,5.8,13656.8,152.0,12909.4,70.7,17.5,4.7,9107.0,1.3,02:44:34,01:15:09,08:57:08,00:35:06,1,1,0.0,0.0,0.0,0.0
03a0ce5623bfeb8aa3113605f7682215,2022-01-29,628.6,75425.7,0.0,0.0,7532.5,1.8,300.6,7.1,9563.5,95.4,10344.7,56.5,7.1,0.7,7496.6,4.2,23:54:17,04:55:14,10:52:34,03:39:28,1,1,0.0,0.0,0.0,0.0
03a0ce5623bfeb8aa3113605f7682215,2022-01-31,687.4,75323.4,0.0,0.0,7083.7,1.3,233.8,7.3,7445.0,74.5,10388.4,48.0,1.3,0.7,7149.0,4.2,23:37:08,04:48:21,10:52:34,03:39:48,1,1,0.0,0.0,0.0,0.0
03a0ce5623bfeb8aa3113605f7682215,2022-02-14,3289.6,70710.6,0.0,0.0,61234.5,3.2,50462.0,7.0,11521.1,134.6,12398.9,63.5,7.0,8.0,8488.6,1.8,01:09:42,01:34:11,08:37:42,00:42:09,1,1,0.0,0.0,0.0,0.0
03a0ce5623bfeb8aa3113605f7682215,2022-02-20,3262.2,69985.5,0.0,0.0,38292.4,3.4,64434.4,6.1,16113.5,173.1,13151.3,61.9,5.8,3.8,7481.7,2.0,01:36:00,01:33:17,08:08:00,01:28:49,1,1,0.0,0.0,0.0,0.0
03a0ce5623bfeb8aa3113605f7682215,2022-03-03,1177.3,71697.6,0.0,0.0,19134.9,3.4,26072.4,5.1,15949.2,173.7,13524.1,71.1,8.2,6.4,7503.0,2.0,01:45:08,02:07:05,08:54:51,04:06:48,0,1,0.0,0.0,0.0,0.0
03a0ce5623bfeb8aa3113605f7682215,2022-03-17,3094.5,70930.4,0.0,0.0,685046.6,3.5,1286296.7,3.9,15851.5,150.1,12374.1,48.0,10.3,6.1,6608.4,2.3,23:46:17,04:42:20,09:07:25,05:02:51,1,1,0.0,0.0,0.0,0.0
03a0ce5623bfeb8aa3113605f7682215,2022-03-21,3820.3,68967.3,0.0,0.0,691869.7,3.1,3386896.9,4.2,15343.4,135.5,13611.4,40.3,5.7,4.0,7473.4,1.9,01:01:42,03:26:02,08:57:08,04:33:19,0,0,0.0,0.0,0.0,0.0
03a0ce5623bfeb8aa3113605f7682215,2022-04-25,2601.6,70553.1,0.0,0.0,45455.3,3.1,27457.1,6.3,11854.4,136.7,13244.4,77.1,14.0,1.8,7976.0,2.0,02:57:08,01:52:24,09:40:34,02:01:54,1,1,0.0,0.0,0.0,0.0
03a0ce5623bfeb8aa3113605f7682215,2022-05-14,494.9,71742.1,0.0,0.0,8641.8,3.7,1341.5,6.3,10841.1,127.5,14162.0,83.7,11.9,4.4,9397.2,1.3,02:33:08,01:39:52,09:18:51,01:47:45,0,0,0.0,0.0,0.0,0.0
03a0ce5623bfeb8aa3113605f7682215,2022-05-23,852.2,67947.6,0.0,0.0,12220.1,3.6,1412.5,5.9,11541.3,150.8,17599.1,84.9,13.3,1.9,10075.5,1.8,03:06:17,01:46:34,09:22:17,01:25:03,0,0,0.0,0.0,0.0,0.0
03a0ce5623bfeb8aa3113605f7682215,2022-05-30,1075.1,66791.9,0.0,0.0,16029.8,3.7,2602.0,4.5,12923.3,157.6,18532.0,91.2,6.2,2.6,11215.4,1.7,04:21:42,01:47:15,09:10:51,01:37:04,0,0,0.0,0.0,0.0,0.0
03a0ce5623bfeb8aa3113605f7682215,2022-06-14,4308.4,66627.4,0.0,0.0,79560.1,3.1,55908.4,4.6,13366.7,140.5,15463.2,44.7,4.8,43.3,8688.7,1.4,03:52:00,02:56:04,10:27:25,03:07:29,0,0,0.0,0.0,0.0,0.0
0947cdc8e87a0a45a012aa387ccedbcd,2018-09-15,251.3,64739.3,0.0,0.0,10594.7,2.0,271.3,9.9,5310.6,73.7,21408.3,28.7,28.7,9.2,17466.0,5.5,22:56:00,02:08:39,09:30:40,02:45:25,0,0,0.0,0.0,0.0,0.0
0947cdc8e87a0a45a012aa387ccedbcd,2018-09-19,107.7,68535.6,0.0,0.0,8111.1,4.9,503.1,9.0,7957.9,82.4,17755.7,37.5,40.9,7.4,14429.7,3.3,22:51:25,01:26:15,08:25:08,02:06:13,0,1,0.0,0.0,0.0,0.0
0947cdc8e87a0a45a012aa387ccedbcd,2018-09-22,75.4,64765.1,0.0,0.0,8490.6,5.5,549.2,8.4,8959.9,92.6,21558.5,37.2,41.9,11.0,16993.3,3.0,23:15:12,01:51:43,08:11:12,01:51:05,0,1,0.0,0.0,0.0,0.0
0947cdc8e87a0a45a012aa387ccedbcd,2018-09-24,1385.2,63937.2,0.0,0.0,40068.1,5.9,16114.4,8.2,8657.8,92.8,21076.5,39.0,43.6,9.1,15843.9,2.8,23:21:20,01:48:59,08:05:20,01:43:33,0,1,0.0,0.0,0.0,0.0
0947cdc8e87a0a45a012aa387ccedbcd,2018-09-25,1278.7,64118.1,0.0,0.0,37430.9,6.0,14923.0,8.2,8296.2,90.1,21002.2,38.6,43.4,10.3,15444.7,2.6,23:16:55,01:45:49,08:00:00,01:41:11,0,1,0.0,0.0,0.0,0.0
0947cdc8e87a0a45a012aa387ccedbcd,2018-09-29,1591.4,63982.5,0.0,0.0,37707.4,7.0,15409.1,7.2,8049.4,86.1,20825.1,42.2,46.5,11.3,13377.2,1.7,23:32:34,01:43:46,07:16:34,00:47:00,1,1,0.0,0.0,0.0,0.0
0947cdc8e87a0a45a012aa387ccedbcd,2018-10-05,1613.5,64404.4,0.0,0.0,38567.3,6.6,15424.3,6.9,7192.1,84.9,20381.1,47.9,42.1,10.1,10835.0,1.6,23:49:42,01:44:30,07:13:08,00:45:02,0,1,0.0,0.0,0.0,0.0
0947cdc8e87a0a45a012aa387ccedbcd,2018-10-08,482.3,66312.9,0.0,0.0,11356.1,6.1,2008.4,7.0,6989.7,78.4,19603.8,49.1,35.9,14.9,9342.0,1.5,23:42:51,01:26:15,07:08:34,00:35:52,1,1,0.0,0.0,0.0,0.0
0947cdc8e87a0a45a012aa387ccedbcd,2018-10-15,419.2,71570.7,0.0,0.0,15284.5,5.3,8554.6,9.8,6622.9,65.6,14409.1,47.6,29.8,15.4,7098.8,5.3,23:29:08,02:32:41,09:57:42,05:06:33,0,1,0.0,0.0,0.0,0.0
0947cdc8e87a0a45a012aa387ccedbcd,2018-10-19,397.1,73055.7,0.0,0.0,14240.4,4.9,8567.3,10.0,6506.4,62.4,12946.1,43.3,32.1,17.5,9073.4,5.1,23:23:25,02:28:47,10:04:34,05:02:44,0,1,0.0,0.0,0.0,0.0
0947cdc8e87a0a45a012aa387ccedbcd,2018-10-20,397.1,73685.9,0.0,0.0,14336.6,4.9,8566.9,10.3,6579.5,63.7,12316.0,42.5,35.1,15.3,8388.0,5.0,23:10:51,02:23:02,10:08:00,05:01:35,0,1,0.0,0.0,0.0,0.0
0947cdc8e87a0a45a012aa387ccedbcd,2018-10-24,458.9,73642.8,0.0,0.0,15747.4,4.6,8880.8,10.2,6542.5,63.3,12297.3,45.5,37.1,10.3,13285.0,5.1,23:21:08,02:30:18,10:13:42,04:59:25,1,1,0.0,0.0,0.0,0.0
0947cdc8e87a0a45a012aa387ccedbcd,2018-10-26,389.9,71719.1,0.0,0.0,12369.4,4.7,4846.2,9.8,7274.2,72.6,14290.0,47.9,36.1,8.8,23981.1,4.9,22:45:42,01:31:50,09:13:08,03:57:59,0,1,0.0,0.0,0.0,0.0
0947cdc8e87a0a45a012aa387ccedbcd,2018-11-03,181.7,67823.1,0.0,0.0,10831.3,5.1,818.7,7.4,9253.8,95.4,18394.2,66.6,26.8,6.6,37194.5,0.7,00:05:42,01:32:02,08:00:00,01:05:41,0,0,0.0,0.0,0.0,0.0
0947cdc8e87a0a45a012aa387ccedbcd,2018-11-07,187.4,66453.8,0.0,0.0,10576.4,5.6,767.2,7.4,9387.3,97.6,19757.9,73.7,17.9,8.4,43297.5,0.9,00:01:08,01:41:59,07:56:34,01:07:23,0,1,0.0,0.0,0.0,0.0
0947cdc8e87a0a45a012aa387ccedbcd,2018-11-16,69.7,65852.9,0.0,0.0,8161.1,5.4,728.7,7.3,9506.2,80.5,20476.4,73.4,15.2,11.3,25699.1,1.2,23:53:08,01:42:02,07:42:51,00:52:11,0,0,0.0,0.0,0.0,0.0
0947cdc8e87a0a45a012aa387ccedbcd,2018-11-18,68.1,65600.6,0.0,0.0,8331.9,5.6,756.0,7.3,8303.0,77.9,20730.4,75.7,12.0,12.3,27694.3,1.3,23:46:17,01:33:51,07:32:34,00:38:27,0,0,0.0,0.0,0.0,0.0
0947cdc8e87a0a45a012aa387ccedbcd,2018-11-23,3283.7,63563.1,0.0,0.0,423177.9,4.6,902126.6,7.0,8468.2,86.6,19552.2,65.2,12.4,22.4,14763.9,1.3,00:05:42,01:33:01,07:33:42,00:58:30,0,0,0.0,0.0,0.0,0.0
0947cdc8e87a0a45a012aa387ccedbcd,2018-11-25,3295.4,64610.1,0.0,0.0,422148.0,4.3,1487255.1,7.2,9281.1,85.9,18493.5,68.0,12.0,20.0,10176.7,1.3,23:54:17,01:19:54,07:37:08,01:04:29,0,0,0.0,0.0,0.0,0.0
0947cdc8e87a0a45a012aa387ccedbcd,2018-11-26,3295.4,64920.6,0.0,0.0,422333.5,3.9,1779819.6,7.2,9007.1,85.6,18183.1,71.4,8.6,20.0,10185.1,1.2,23:55:25,01:18:42,07:37:08,01:04:29,0,0,0.0,0.0,0.0,0.0
0947cdc8e87a0a45a012aa387ccedbcd,2018-11-29,3295.4,67130.7,0.0,0.0,421381.9,3.1,2657495.1,7.5,9842.0,82.1,15972.9,75.2,7.5,17.3,9544.0,1.4,23:30:17,01:29:52,07:28:00,01:02:15,0,0,0.0,0.0,0.0,0.0
0947cdc8e87a0a45a012aa387ccedbcd,2018-12-01,3592.4,67697.7,0.0,0.0,426151.1,2.8,3242678.9,7.9,9726.2,88.6,15108.9,79.1,7.1,13.7,6911.1,1.4,23:12:00,01:21:35,07:39:25,01:14:10,0,0,0.0,0.0,0.0,0.0
0947cdc8e87a0a45a012aa387ccedbcd,2018-12-08,1739.2,71403.0,0.0,0.0,21909.5,1.9,4099202.6,8.7,9697.5,78.2,13256.8,100.0,0.0,0.0,5587.8,0.8,22:21:42,00:38:39,07:38:17,00:56:55,0,0,0.0,0.0,0.0,0.0
0947cdc8e87a0a45a012aa387ccedbcd,2018-12-12,2771.4,70606.4,0.0,0.0,31270.5,1.9,4101088.9,8.3,9736.9,76.5,13021.1,100.0,0.0,0.0,5577.6,1.1,22:45:42,00:51:53,07:39:25,00:57:49,0,0,0.0,0.0,0.0,0.0
0947cdc8e87a0a45a012aa387ccedbcd,2018-12-15,3347.3,69960.9,0.0,0.0,37463.8,1.9,4101031.6,8.3,9939.8,70.2,13090.8,100.0,0.0,0.0,5752.6,1.3,22:53:42,00:44:22,07:42:51,01:03:16,0,0,0.0,0.0,0.0,0.0
0947cdc8e87a0a45a012aa387ccedbcd,2018-12-21,8351.7,65438.7,0.0,0.0,119622.2,2.2,4100065.8,8.6,9071.3,67.0,12608.6,100.0,0.0,0.0,5614.2,1.8,22:56:00,00:58:37,08:06:51,01:13:44,0,0,0.0,0.0,0.0,0.0
0947cdc8e87a0a45a012aa387ccedbcd,2018-12-23,9073.0,65014.1,0.0,0.0,136814.3,2.3,4096871.3,8.4,9405.1,61.8,12311.9,85.7,0.0,0.0,5711.5,1.9,23:00:34,00:59:59,08:01:08,01:18:43,0,1,0.0,0.0,0.0,0.0
0947cdc8e87a0a45a012aa387ccedbcd,2018-12-28,10586.4,62585.6,0.0,0.0,177475.9,2.6,4092098.6,8.8,8232.0,63.2,13226.9,71.4,0.0,0.0,5004.6,1.9,22:59:25,01:22:30,08:24:00,01:19:29,0,0,0.0,0.0,0.0,0.0
0947cdc8e87a0a45a012aa387ccedbcd,2019-01-03,10308.4,61122.8,0.0,0.0,479732.1,3.2,3628388.8,8.2,8049.8,68.5,14967.9,52.6,11.5,0.3,6717.7,2.5,23:22:17,02:05:03,08:09:08,01:12:14,0,0,0.0,0.0,0.0,0.0
0947cdc8e87a0a45a012aa387ccedbcd,2019-01-12,4121.3,60488.1,0.0,0.0,358663.2,5.7,1004138.9,7.3,6986.1,94.4,21789.6,54.8,33.8,4.3,13613.3,2.5,23:26:51,02:17:01,07:15:25,01:39:35,1,1,0.0,0.0,0.0,0.0
0947cdc8e87a0a45a012aa387ccedbcd,2019-01-18,1749.8,63332.1,0.0,0.0,42034.1,5.9,15434.7,7.0,5917.3,84.4,21317.1,60.7,34.7,4.6,13070.8,1.2,23:01:42,01:41:07,06:27:25,01:56:49,1,1,0.0,0.0,0.0,0.0
0947cdc8e87a0a45a012aa387ccedbcd,2019-01-25,1580.6,64357.6,0.0,0.0,38909.3,5.5,13050.3,6.9,6881.5,78.4,20460.9,63.9,31.5,4.6,12858.9,0.9,23:44:00,02:00:20,07:05:08,02:22:18,0,1,0.0,0.0,0.0,0.0
0947cdc8e87a0a45a012aa387ccedbcd,2019-01-30,1315.1,62947.4,0.0,0.0,28000.3,6.0,12018.2,6.5,8254.8,86.1,22136.5,65.2,30.6,4.1,13245.3,1.1,00:04:34,02:04:44,07:02:51,02:12:02,0,1,0.0,0.0,0.0,0.0
0947cdc8e87a0a45a012aa387ccedbcd,2019-02-02,1311.5,63636.4,0.0,0.0,29288.6,5.9,4213.8,6.7,8494.7,88.6,21451.1,67.3,27.7,5.0,12965.3,1.2,23:47:25,02:04:33,06:57:08,02:03:42,1,1,0.0,0.0,0.0,0.0
0947cdc8e87a0a45a012aa387ccedbcd,2019-02-07,1361.2,65297.3,0.0,0.0,28537.6,5.8,4138.1,6.8,8010.6,82.8,19740.5,71.3,23.1,5.6,10451.4,1.8,23:31:25,02:12:31,06:45:42,02:04:45,1,1,0.0,0.0,0.0,0.0
0947cdc8e87a0a45a012aa387ccedbcd,2019-02-09,1378.0,65629.7,0.0,0.0,28294.9,5.9,4120.9,7.1,8636.2,84.0,19391.3,77.2,17.3,5.5,10368.6,1.9,22:59:25,02:14:58,06:30:51,02:04:37,0,1,0.0,0.0,0.0,0.0
0947cdc8e87a0a45a012aa387ccedbcd,2019-02-16,203.2,70307.0,0.0,0.0,6483.2,5.2,1131.4,7.1,9957.2,82.6,15888.8,85.0,8.5,6.5,6722.8,2.2,22:38:51,02:02:04,07:54:17,04:38:33,0,1,0.0,0.0,0.0,0.0
0947cdc8e87a0a45a012aa387ccedbcd,2019-02-22,219.2,69568.3,0.0,0.0,6808.1,5.1,1125.0,7.0,10598.7,90.5,16611.5,86.6,7.4,6.0,7117.4,1.8,22:50:17,01:40:34,08:01:08,04:26:35,0,1,0.0,0.0,0.0,0.0
0947cdc8e87a0a45a012aa387ccedbcd,2019-02-27,426.8,67904.3,0.0,0.0,13758.7,5.5,684.5,6.3,10192.2,96.0,18067.9,79.3,11.9,8.8,9291.6,1.6,23:37:08,01:34:24,08:04:34,04:25:33,0,1,0.0,0.0,0.0,0.0
0947cdc8e87a0a45a012aa387ccedbcd,2019-03-02,444.0,68115.5,0.0,0.0,13894.5,5.9,678.7,6.4,9308.2,105.6,17839.5,77.6,14.0,8.4,9975.6,1.5,00:03:25,01:20:43,06:54:51,01:07:44,0,1,0.0,0.0,0.0,0.0
0947cdc8e87a0a45a012aa387ccedbcd,2019-03-05,436.6,68035.1,0.0,0.0,14033.1,6.0,677.1,6.4,8903.3,111.0,17927.3,75.2,14.8,10.0,10915.6,1.7,23:58:51,01:15:09,06:46:51,01:20:23,1,1,0.0,0.0,0.0,0.0
0947cdc8e87a0a45a012aa387ccedbcd,2019-03-14,2952.1,68627.9,0.0,0.0,52630.8,4.1,2361626.1,7.0,8571.9,108.9,14819.0,34.7,4.8,3.3,7416.8,1.8,23:54:17,01:39:06,07:21:08,01:20:50,0,0,0.0,0.0,0.0,0.0
0947cdc8e87a0a45a012aa387ccedbcd,2019-03-19,5075.5,68174.1,0.0,0.0,90830.4,3.2,3828563.4,7.6,8198.8,93.4,13149.4,6.1,1.0,0.0,5950.4,1.8,23:44:00,01:42:05,07:52:00,01:44:52,0,0,0.0,0.0,0.0,0.0
0947cdc8e87a0a45a012aa387ccedbcd,2019-03-22,5445.6,66541.3,0.0,0.0,94554.8,3.1,4110303.6,7.8,8481.2,90.2,14412.1,0.0,0.0,0.0,5677.5,2.3,23:12:00,01:32:42,09:14:17,03:54:48,0,0,0.0,0.0,0.0,0.0
0947cdc8e87a0a45a012aa387ccedbcd,2019-03-27,5115.1,65541.3,0.0,0.0,316581.3,4.1,2947350.0,6.9,8621.1,89.6,15742.6,15.0,12.1,1.4,7189.4,2.7,23:24:34,01:30:32,08:27:25,04:26:31,1,1,0.0,0.0,0.0,0.0
0947cdc8e87a0a45a012aa387ccedbcd,2019-03-31,3125.4,66911.4,0.0,0.0,281458.1,5.0,1774025.4,6.6,9844.0,91.1,16362.1,31.9,21.5,3.7,6819.4,2.5,23:25:42,01:31:17,08:13:42,04:27:22,1,1,0.0,0.0,0.0,0.0
0947cdc8e87a0a45a012aa387ccedbcd,2019-04-05,1091.4,70067.6,0.0,0.0,251945.4,6.1,306247.5,6.6,9293.3,97.7,15239.9,52.0,35.5,5.3,7741.1,1.6,23:55:25,01:02:05,06:57:08,01:49:56,0,1,0.0,0.0,0.0,0.0
0947cdc8e87a0a45a012aa387ccedbcd,2019-04-09,88.7,71528.3,0.0,0.0,7564.7,6.4,793.5,7.0,9354.3,94.2,14782.0,59.9,34.8,5.3,7316.4,1.3,00:03:25,01:21:23,07:31:25,01:14:50,0,1,0.0,0.0,0.0,0.0
0947cdc8e87a0a45a012aa387ccedbcd,2019-04-17,34.3,67804.6,0.0,0.0,8899.1,6.5,991.0,6.3,10801.7,111.6,18560.1,71.5,24.5,4.0,9014.3,1.7,00:22:51,01:24:10,07:07:25,01:26:40,0,1,0.0,0.0,0.0,0.0
0947cdc8e87a0a45a012aa387ccedbcd,2019-04-23,84.3,65025.8,0.0,0.0,9397.6,6.4,1013.7,5.8,11941.0,121.7,21288.9,65.4,30.7,3.9,9559.0,1.4,00:40:00,01:25:15,06:48:00,01:38:23,1,1,0.0,0.0,0.0,0.0
0947cdc8e87a0a45a012aa387ccedbcd,2019-05-02,157.9,67694.9,0.0,0.0,7586.8,5.7,1060.8,6.8,11952.7,98.2,18546.1,54.8,41.5,3.7,7833.6,1.3,23:53:08,01:21:17,07:08:34,01:15:19,0,1,0.0,0.0,0.0,0.0
0947cdc8e87a0a45a012aa387ccedbcd,2019-05-08,125.0,70043.1,0.0,0.0,7403.4,5.9,1029.9,7.1,11694.7,81.7,16230.9,53.0,41.2,5.8,7062.2,1.1,23:45:08,00:53:13,07:16:34,01:06:54,0,1,0.0,0.0,0.0,0.0
0947cdc8e87a0a45a012aa387ccedbcd,2019-05-11,790.4,68493.3,0.0,0.0,24787.1,6.0,1032.4,7.0,11577.2,86.6,17115.4,53.8,40.1,6.0,7488.1,1.3,23:57:42,01:02:13,07:23:25,01:24:19,1,1,0.0,0.0,0.0,0.0
0947cdc8e87a0a45a012aa387ccedbcd,2019-05-13,781.0,67905.5,0.0,0.0,24869.9,6.0,1032.6,6.8,11731.0,90.8,17712.5,54.1,39.8,6.1,7756.4,1.2,00:04:34,00:56:32,07:16:34,01:23:40,1,1,0.0,0.0,0.0,0.0
0947cdc8e87a0a45a012aa387ccedbcd,2019-05-18,894.6,65086.1,0.0,0.0,26147.0,6.3,956.9,6.4,10183.2,103.3,20418.3,43.3,52.1,4.6,9931.9,1.3,00:05:42,00:55:37,06:58:17,01:21:06,1,1,0.0,0.0,0.0,0.0
0947cdc8e87a0a45a012aa387ccedbcd,2019-05-24,267.8,64998.1,0.0,0.0,8391.4,5.8,709.9,6.3,12918.0,98.3,21133.1,45.0,50.9,4.1,9654.5,1.2,00:02:17,01:05:05,06:48:00,01:34:48,0,1,0.0,0.0,0.0,0.0
0947cdc8e87a0a45a012aa387ccedbcd,2019-05-27,376.9,63845.9,0.0,0.0,8960.3,5.6,1012.0,6.4,13437.1,105.1,22176.2,49.0,46.6,4.4,9741.5,1.2,00:02:17,01:07:01,06:50:17,01:22:36,0,1,0.0,0.0,0.0,0.0
0947cdc8e87a0a45a012aa387ccedbcd,2019-05-29,327.4,63779.3,0.0,0.0,8391.1,5.3,1015.1,6.4,14011.0,109.5,22292.3,53.7,41.6,4.7,9409.4,1.2,00:13:42,00:57:57,07:02:51,01:24:23,0,1,0.0,0.0,0.0,0.0
0947cdc8e87a0a45a012aa387ccedbcd,2019-06-01,204.4,67147.4,0.0,0.0,6900.9,4.7,775.3,6.8,14463.4,92.5,19047.2,61.1,33.9,5.0,7692.6,1.2,23:56:34,00:58:03,07:14:17,01:23:58,0,0,0.0,0.0,0.0,0.0
0947cdc8e87a0a45a012aa387ccedbcd,2019-06-06,1993.9,64500.7,0.0,0.0,384732.6,4.1,881426.2,6.9,11844.6,91.9,19904.4,68.4,20.9,10.7,8375.8,1.4,23:15:25,02:05:25,08:22:51,03:52:09,0,0,0.0,0.0,0.0,0.0
0947cdc8e87a0a45a012aa387ccedbcd,2019-06-15,3189.0,66517.2,0.0,0.0,398662.9,2.6,3515376.9,6.7,11181.6,79.9,16692.8,89.0,4.3,6.7,8451.7,1.0,23:30:17,02:14:56,08:21:42,03:49:51,0,1,0.0,0.0,0.0,0.0
0947cdc8e87a0a45a012aa387ccedbcd,2019-06-17,3776.9,68070.4,0.0,0.0,404801.1,2.5,4100505.2,6.9,10521.8,74.1,14551.8,100.0,0.0,0.0,7160.9,1.5,23:21:08,02:10:55,08:28:34,03:53:31,0,1,0.0,0.0,0.0,0.0
0947cdc8e87a0a45a012aa387ccedbcd,2019-06-19,2743.2,69594.2,0.0,0.0,36994.8,2.4,4100653.7,7.2,10960.3,70.4,14061.6,100.0,0.0,0.0,7410.1,1.2,23:58:51,01:01:30,07:40:34,01:20:02,1,1,0.0,0.0,0.0,0.0
0947cdc8e87a0a45a012aa387ccedbcd,2019-06-22,3199.9,67576.6,0.0,0.0,49459.9,2.6,4101406.0,7.5,10396.0,69.2,15622.5,100.0,0.0,0.0,8669.8,1.6,23:47:25,01:02:01,07:49:42,01:27:58,1,1,0.0,0.0,0.0,0.0
0947cdc8e87a0a45a012aa387ccedbcd,2019-06-25,3402.8,66178.2,0.0,0.0,53085.2,2.7,4102403.9,7.6,11196.2,73.1,16818.0,100.0,0.0,0.0,9200.4,1.7,23:54:17,01:14:57,07:58:51,01:24:06,1,1,0.0,0.0,0.0,0.0
0947cdc8e87a0a45a012aa387ccedbcd,2019-06-30,2699.9,67819.7,0.0,0.0,43683.1,2.6,4102577.8,7.9,12300.1,70.4,15879.5,100.0,0.0,0.0,7963.0,1.5,23:23:25,01:09:35,07:49:42,01:00:03,0,1,0.0,0.0,0.0,0.0
0947cdc8e87a0a45a012aa387ccedbcd,2019-07-01,2393.0,68175.6,0.0,0.0,40673.6,2.5,4102577.8,7.9,13030.9,70.7,15830.5,92.9,0.0,0.0,7733.3,1.6,23:31:25,01:20:43,07:54:17,00:58:11,0,1,0.0,0.0,0.0,0.0
0947cdc8e87a0a45a012aa387ccedbcd,2019-07-09,5358.6,67590.9,0.0,0.0,121394.9,2.1,4092410.9,7.4,9802.1,71.4,13449.6,71.4,0.0,0.0,7234.5,1.3,23:29:08,01:01:30,07:25:42,01:03:23,0,1,0.0,0.0,0.0,0.0
0947cdc8e87a0a45a012aa387ccedbcd,2019-07-11,5673.1,67565.8,0.0,0.0,121174.9,2.1,4091407.9,7.2,9146.8,68.7,13160.1,71.4,0.0,0.0,7346.4,1.3,23:32:34,00:58:27,07:15:25,01:10:49,0,0,0.0,0.0,0.0,0.0
0947cdc8e87a0a45a012aa387ccedbcd,2019-07-19,5763.5,68043.6,0.0,0.0,101065.0,2.0,3804152.2,7.1,7522.1,57.6,12591.9,78.6,0.0,0.0,6546.3,1.0,23:16:34,00:49:39,06:53:42,01:00:25,0,0,0.0,0.0,0.0,0.0
0947cdc8e87a0a45a012aa387ccedbcd,2019-07-25,9111.6,63256.7,0.0,0.0,191379.0,2.6,3820607.8,7.5,7859.1,56.0,14030.6,64.3,0.0,0.0,8093.2,1.3,23:20:00,01:01:53,07:20:00,01:07:32,0,0,0.0,0.0,0.0,0.0
0947cdc8e87a0a45a012aa387ccedbcd,2019-08-06,11668.1,62339.9,0.0,0.0,223510.8,3.0,3988360.2,10.7,5351.2,47.1,12390.9,21.4,0.0,0.0,7296.4,6.1,23:37:08,05:05:21,12:45:42,05:55:08,0,0,0.0,0.0,0.0,0.0
0947cdc8e87a0a45a012aa387ccedbcd,2020-01-07,0.0,72595.5,0.0,0.0,0.0,0.0,0.0,12.8,4306.3,33.5,13803.5,0.0,0.0,0.0,9334.5,6.0,21:20:00,01:20:00,10:56:00,03:12:00,0,0,0.0,0.0,0.0,0.0
0947cdc8e87a0a45a012aa387ccedbcd,2020-01-10,362.8,72118.6,0.0,0.0,0.0,0.0,0.0,9.8,8555.0,89.8,13917.6,0.0,0.0,0.0,7924.6,4.1,21:58:24,01:00:22,08:22:24,03:02:18,0,0,0.0,0.0,0.0,0.0
0947cdc8e87a0a45a012aa387ccedbcd,2020-01-16,469.3,72267.8,0.0,0.0,0.0,0.0,0.0,9.2,10602.5,105.0,13661.9,0.0,0.0,0.0,8264.9,2.9,22:10:54,01:05:01,08:00:00,02:19:49,0,1,0.0,0.0,0.0,0.0
0947cdc8e87a0a45a012aa387ccedbcd,2020-01-17,450.2,72434.6,0.0,0.0,0.0,0.0,0.0,9.1,10650.3,102.8,13514.2,0.0,0.0,0.0,8342.7,2.8,22:14:40,01:03:29,07:57:20,02:14:09,0,1,0.0,0.0,0.0,0.0
0947cdc8e87a0a45a012aa387ccedbcd,2020-01-20,385.9,72303.5,0.0,0.0,0.0,0.0,0.0,8.4,12024.4,109.5,13709.6,0.0,0.0,0.0,8840.3,1.2,22:36:34,00:53:07,07:33:42,01:15:40,0,0,0.0,0.0,0.0,0.0
0947cdc8e87a0a45a012aa387ccedbcd,2020-01-25,339.1,73730.5,0.0,0.0,0.0,0.0,0.0,8.5,12510.5,91.1,12329.4,0.0,0.0,0.0,8618.6,1.1,22:45:42,00:56:16,07:49:42,01:01:33,1,1,0.0,0.0,0.0,0.0
0947cdc8e87a0a45a012aa387ccedbcd,2020-01-26,339.1,73206.3,0.0,0.0,0.0,0.0,0.0,8.2,12912.4,88.4,12853.6,0.0,0.0,0.0,9283.0,1.2,22:59:25,01:22:17,07:41:42,00:43:32,1,1,0.0,0.0,0.0,0.0
0947cdc8e87a0a45a012aa387ccedbcd,2020-01-27,314.3,73440.2,0.0,0.0,0.0,0.0,0.0,8.2,12758.3,85.7,12644.5,0.0,0.0,0.0,9092.2,1.2,22:58:17,01:22:53,07:45:08,00:38:56,0,0,0.0,0.0,0.0,0.0
0947cdc8e87a0a45a012aa387ccedbcd,2020-01-31,138.8,73412.5,0.0,0.0,0.0,0.0,0.0,7.9,12931.3,84.0,12847.7,0.0,0.0,0.0,8943.0,0.9,23:07:25,01:09:35,07:34:51,00:45:56,0,0,0.0,0.0,0.0,0.0
0947cdc8e87a0a45a012aa387ccedbcd,2020-02-02,258.3,72942.2,0.0,0.0,0.0,0.0,0.0,8.0,13134.3,86.9,13198.5,0.0,0.0,0.0,8839.9,0.9,23:06:17,01:06:57,07:39:25,00:48:09,0,0,0.0,0.0,0.0,0.0
0947cdc8e87a0a45a012aa387ccedbcd,2020-02-05,210.4,72724.9,0.0,0.0,0.0,0.0,0.0,7.8,13714.1,93.2,13463.7,0.0,0.0,0.0,8817.6,0.9,23:18:51,01:06:26,07:38:17,00:41:43,0,0,0.0,0.0,0.0,0.0
0947cdc8e87a0a45a012aa387ccedbcd,2020-02-08,1071.0,70155.1,0.0,0.0,0.0,0.0,0.0,7.4,13371.2,106.2,15172.9,0.0,0.0,0.0,9194.6,1.0,23:48:34,01:30:47,07:45:08,00:45:26,0,0,0.0,0.0,0.0,0.0
0947cdc8e87a0a45a012aa387ccedbcd,2020-02-11,1715.1,70229.1,0.0,0.0,0.0,0.0,0.0,7.6,13382.9,107.9,14454.9,0.0,0.0,0.0,8431.1,1.0,23:45:08,01:15:09,07:54:17,00:40:23,0,1,0.0,0.0,0.0,0.0
0947cdc8e87a0a45a012aa387ccedbcd,2020-02-19,1995.6,71045.9,0.0,0.0,0.0,0.0,0.0,8.1,13769.0,90.1,13357.4,0.0,0.0,0.0,7407.8,1.2,23:32:34,01:18:42,08:09:08,00:47:07,0,0,0.0,0.0,0.0,0.0
0947cdc8e87a0a45a012aa387ccedbcd,2020-02-23,883.9,74760.8,0.0,0.0,0.0,0.0,0.0,8.4,13905.9,76.8,10754.3,0.0,0.0,0.0,5665.4,0.8,23:00:34,00:22:58,08:00:00,00:44:26,0,0,0.0,0.0,0.0,0.0
0947cdc8e87a0a45a012aa387ccedbcd,2020-03-04,818.7,72424.8,0.0,0.0,0.0,0.0,0.0,8.1,13348.1,91.0,13155.5,0.0,0.0,0.0,8592.1,0.9,23:05:08,00:36:38,07:41:42,00:32:29,0,0,0.0,0.0,0.0,0.0
0947cdc8e87a0a45a012aa387ccedbcd,2020-03-07,4280.7,70590.9,0.0,0.0,0.0,0.0,0.0,8.4,11210.4,86.1,11527.4,0.0,0.0,0.0,7582.5,1.6,22:42:17,01:09:42,07:39:25,00:42:31,0,0,0.0,0.0,0.0,0.0
0947cdc8e87a0a45a012aa387ccedbcd,2020-03-12,4559.9,70238.2,0.0,0.0,0.0,0.0,0.0,7.9,12090.1,79.1,11600.9,0.0,0.0,0.0,7057.6,1.8,23:17:42,01:40:45,07:44:00,00:53:24,0,0,0.0,0.0,0.0,0.0
0947cdc8e87a0a45a012aa387ccedbcd,2020-03-18,4568.1,71465.1,0.0,0.0,0.0,0.0,0.0,7.8,12099.8,70.8,10365.7,0.0,0.0,0.0,4436.2,1.7,23:42:51,01:44:18,08:02:17,00:47:33,0,0,0.0,0.0,0.0,0.0
0947cdc8e87a0a45a012aa387ccedbcd,2020-03-22,2685.8,72492.3,0.0,0.0,0.0,0.0,0.0,7.3,12340.3,67.4,11220.9,0.0,0.0,0.0,5216.8,0.9,00:22:51,01:00:05,08:10:17,00:46:41,0,0,0.0,0.0,0.0,0.0
0947cdc8e87a0a45a012aa387ccedbcd,2020-03-26,5052.3,71007.8,0.0,0.0,0.0,0.0,0.0,7.9,11166.1,65.6,10338.9,0.0,0.0,0.0,4634.8,1.3,23:52:00,01:05:03,08:14:51,00:40:19,0,0,0.0,0.0,0.0,0.0
0947cdc8e87a0a45a012aa387ccedbcd,2020-03-30,4953.1,71760.4,0.0,0.0,0.0,0.0,0.0,7.9,11291.3,57.4,9685.4,0.0,0.0,0.0,4552.5,1.3,23:39:25,01:02:58,08:05:42,00:49:43,0,0,0.0,0.0,0.0,0.0
0947cdc8e87a0a45a012aa387ccedbcd,2020-04-11,123.6,74714.7,0.0,0.0,0.0,0.0,0.0,7.0,17449.3,66.9,11560.7,0.0,0.0,0.0,5203.6,1.2,23:21:08,00:31:15,06:48:00,01:20:51,0,0,0.0,0.0,0.0,0.0
0947cdc8e87a0a45a012aa387ccedbcd,2020-04-15,85.8,75400.8,0.0,0.0,0.0,0.0,0.0,7.1,16919.5,63.9,10912.4,0.0,0.0,0.0,5101.8,1.2,23:14:17,00:35:42,06:45:42,01:18:17,0,0,0.0,0.0,0.0,0.0
0947cdc8e87a0a45a012aa387ccedbcd,2020-04-20,174.1,75663.9,0.0,0.0,0.0,0.0,0.0,7.2,14866.6,65.1,10560.9,0.0,0.0,0.0,4986.1,1.1,22:59:25,00:31:31,06:41:08,01:09:04,0,0,0.0,0.0,0.0,0.0
0947cdc8e87a0a45a012aa387ccedbcd,2020-04-30,2553.2,72634.9,0.0,0.0,0.0,0.0,0.0,7.4,9145.6,61.9,11210.9,0.0,0.0,0.0,4811.1,1.0,22:51:25,00:37:58,06:44:34,00:53:53,0,0,0.0,0.0,0.0,0.0
0947cdc8e87a0a45a012aa387ccedbcd,2020-05-06,4441.1,71202.6,0.0,0.0,0.0,0.0,0.0,7.4,9691.1,58.1,10755.3,0.0,0.0,0.0,5865.4,1.1,22:57:08,00:47:24,06:50:17,01:13:13,0,0,0.0,0.0,0.0,0.0
0947cdc8e87a0a45a012aa387ccedbcd,2020-05-11,3032.7,74751.3,0.0,0.0,0.0,0.0,0.0,7.6,9761.1,51.6,8615.0,0.0,0.0,0.0,4393.9,1.1,22:50:17,00:53:37,06:56:00,01:16:58,0,0,0.0,0.0,0.0,0.0
0947cdc8e87a0a45a012aa387ccedbcd,2020-05-21,2576.9,71732.2,0.0,0.0,0.0,0.0,0.0,8.1,9309.0,50.9,12089.9,0.0,0.0,0.0,5118.2,1.0,22:01:08,00:53:59,06:41:08,01:02:41,0,0,0.0,0.0,0.0,0.0
0947cdc8e87a0a45a012aa387ccedbcd,2020-05-27,2864.7,69163.1,0.0,0.0,0.0,0.0,0.0,8.0,8544.9,46.4,14371.1,0.0,0.0,0.0,6952.6,1.6,22:19:25,01:21:54,06:50:17,00:53:37,0,0,0.0,0.0,0.0,0.0
0947cdc8e87a0a45a012aa387ccedbcd,2020-06-05,3111.1,71042.2,0.0,0.0,0.0,0.0,0.0,7.1,10787.3,46.9,12245.6,0.0,0.0,0.0,6569.0,2.0,23:25:42,01:41:20,07:01:42,00:53:57,0,0,0.0,0.0,0.0,0.0
0947cdc8e87a0a45a012aa387ccedbcd,2020-06-09,2415.0,66834.6,0.0,0.0,0.0,0.0,0.0,7.0,8842.6,37.5,17149.4,0.0,0.0,0.0,12740.4,2.3,22:42:17,02:29:42,07:50:51,03:48:20,0,0,0.0,0.0,0.0,0.0
0947cdc8e87a0a45a012aa387ccedbcd,2020-06-19,2322.3,61231.9,0.0,0.0,0.0,0.0,0.0,8.5,5896.4,32.4,22844.8,0.0,0.0,0.0,22400.3,2.4,21:52:00,02:13:10,08:40:00,03:50:01,0,0,0.0,0.0,0.0,0.0
0947cdc8e87a0a45a012aa387ccedbcd,2020-06-22,3857.9,65745.9,0.0,0.0,0.0,0.0,0.0,9.2,7685.8,37.9,16795.2,0.0,0.0,0.0,15411.1,2.1,22:22:51,01:48:35,08:12:34,01:50:03,0,0,0.0,0.0,0.0,0.0
0947cdc8e87a0a45a012aa387ccedbcd,2020-06-30,3656.6,69550.4,0.0,0.0,0.0,0.0,0.0,8.9,7836.1,29.6,13191.9,0.0,0.0,0.0,7767.2,1.8,21:52:00,02:49:58,09:06:17,03:58:46,0,0,0.0,0.0,0.0,0.0
0947cdc8e87a0a45a012aa387ccedbcd,2020-07-18,14872.6,62592.1,0.0,0.0,0.0,0.0,0.0,7.5,7829.8,38.6,8934.3,0.0,0.0,0.0,5584.8,1.6,00:00:00,01:46:28,07:57:42,01:20:11,0,0,0.0,0.0,0.0,0.0
0947cdc8e87a0a45a012aa387ccedbcd,2020-07-28,17633.4,58792.1,0.0,0.0,0.0,0.0,0.0,8.7,4078.7,19.6,9973.6,0.0,0.0,0.0,6721.2,1.4,23:31:25,01:31:56,08:45:42,01:22:26,0,0,0.0,0.0,0.0,0.0
0947cdc8e87a0a45a012aa387ccedbcd,2020-08-03,17882.9,58994.8,0.0,0.0,0.0,0.0,0.0,8.1,8472.1,51.1,9521.4,0.0,0.0,0.0,4623.1,1.7,23:48:34,01:30:23,08:26:17,01:40:12,0,0,0.0,0.0,0.0,0.0
0947cdc8e87a0a45a012aa387ccedbcd,2020-08-15,7267.3,70120.1,0.0,0.0,0.0,0.0,0.0,7.8,11224.5,69.6,9011.6,0.0,0.0,0.0,5362.7,1.0,23:29:08,01:20:20,07:47:25,00:59:18,0,0,0.0,0.0,0.0,0.0
0947cdc8e87a0a45a012aa387ccedbcd,2020-08-18,1745.1,75915.3,0.0,0.0,0.0,0.0,0.0,7.9,10362.9,57.1,8738.6,0.0,0.0,0.0,5131.3,1.0,23:39:25,01:20:33,08:06:51,00:58:13,0,1,0.0,0.0,0.0,0.0
0947cdc8e87a0a45a012aa387ccedbcd,2020-09-05,5295.9,70463.6,0.0,0.0,0.0,0.0,0.0,7.4,7987.8,45.2,10639.6,0.0,0.0,0.0,5160.6,1.8,00:34:17,03:25:09,08:25:08,02:23:04,0,1,0.0,0.0,0.0,0.0
0947cdc8e87a0a45a012aa387ccedbcd,2020-09-09,4240.5,70908.8,0.0,0.0,0.0,0.0,0.0,7.2,9139.8,47.2,11249.7,0.0,0.0,0.0,5786.7,1.7,00:56:00,03:13:40,08:38:51,02:09:31,0,1,0.0,0.0,0.0,0.0
0947cdc8e87a0a45a012aa387ccedbcd,2020-09-11,3498.7,73001.0,0.0,0.0,0.0,0.0,0.0,7.3,7806.4,41.7,9899.3,0.0,0.0,0.0,5490.6,2.4,01:26:51,03:04:47,09:13:08,03:09:05,0,1,0.0,0.0,0.0,0.0
0947cdc8e87a0a45a012aa387ccedbcd,2020-09-17,1428.6,74924.8,0.0,0.0,0.0,0.0,0.0,8.1,9946.7,41.2,10045.6,0.0,0.0,0.0,6361.8,2.3,00:12:34,01:58:31,08:52:34,02:51:05,0,1,0.0,0.0,0.0,0.0
0947cdc8e87a0a45a012aa387ccedbcd,2020-09-29,26.2,75515.4,0.0,0.0,0.0,0.0,0.0,7.9,14074.1,67.9,10857.4,0.0,0.0,0.0,6371.1,1.8,00:03:25,02:53:30,08:29:42,02:22:50,0,0,0.0,0.0,0.0,0.0
0947cdc8e87a0a45a012aa387ccedbcd,2020-09-30,26.2,75422.1,0.0,0.0,0.0,0.0,0.0,7.8,13862.5,71.7,10950.7,0.0,0.0,0.0,6515.9,1.8,00:12:34,02:51:23,08:29:42,02:22:50,0,1,0.0,0.0,0.0,0.0
0947cdc8e87a0a45a012aa387ccedbcd,2020-10-03,38.5,75005.6,0.0,0.0,0.0,0.0,0.0,7.6,13937.2,80.4,11354.9,0.0,0.0,0.0,7250.4,1.7,00:25:08,02:52:43,08:30:51,02:23:17,0,1,0.0,0.0,0.0,0.0
0947cdc8e87a0a45a012aa387ccedbcd,2020-10-09,101.1,73498.2,0.0,0.0,0.0,0.0,0.0,7.1,13590.1,93.4,12799.7,0.0,0.0,0.0,7771.5,1.7,01:09:42,02:52:23,08:41:08,02:13:08,0,0,0.0,0.0,0.0,0.0
0947cdc8e87a0a45a012aa387ccedbcd,2020-10-13,81.8,73831.6,0.0,0.0,0.0,0.0,0.0,7.3,12730.5,104.7,12485.6,0.0,0.0,0.0,8121.1,1.7,00:45:42,01:33:27,08:35:25,01:17:15,0,1,0.0,0.0,0.0,0.0
0947cdc8e87a0a45a012aa387ccedbcd,2020-10-19,84.2,74691.6,0.0,0.0,0.0,0.0,0.0,7.6,12139.0,104.0,11623.2,0.0,0.0,0.0,7070.4,1.8,00:24:00,01:43:07,08:28:34,01:14:21,1,1,0.0,0.0,0.0,0.0
0947cdc8e87a0a45a012aa387ccedbcd,2020-10-29,129.1,75931.4,0.0,0.0,0.0,0.0,0.0,7.3,12930.0,94.0,10338.5,0.0,0.0,0.0,6525.3,1.7,00:03:25,00:53:07,07:48:34,01:33:34,0,0,0.0,0.0,0.0,0.0
0947cdc8e87a0a45a012aa387ccedbcd,2020-11-02,114.4,76115.9,0.0,0.0,0.0,0.0,0.0,7.1,11879.5,89.8,10168.7,0.0,0.0,0.0,6415.1,1.8,00:03:25,01:00:31,07:38:17,01:27:45,0,1,0.0,0.0,0.0,0.0
0947cdc8e87a0a45a012aa387ccedbcd,2020-11-08,99.7,75701.2,0.0,0.0,0.0,0.0,0.0,6.6,10897.7,104.4,10598.1,0.0,0.0,0.0,6950.0,1.8,23:37:08,02:21:31,08:24:00,03:02:36,0,0,0.0,0.0,0.0,0.0
0947cdc8e87a0a45a012aa387ccedbcd,2020-11-16,45.0,76236.6,0.0,0.0,0.0,0.0,0.0,6.9,10669.3,121.1,10117.4,0.0,0.0,0.0,7353.9,1.9,23:45:08,02:53:06,08:48:00,02:59:29,0,1,0.0,0.0,0.0,0.0
0947cdc8e87a0a45a012aa387ccedbcd,2020-11-20,45.0,76564.0,0.0,0.0,0.0,0.0,0.0,7.1,9167.6,109.2,9790.0,0.0,0.0,0.0,7299.6,2.1,23:40:34,02:55:23,08:59:25,02:55:25,0,1,0.0,0.0,0.0,0.0
0947cdc8e87a0a45a012aa387ccedbcd,2020-11-22,799.0,75562.9,0.0,0.0,0.0,0.0,0.0,7.2,8166.4,98.0,10037.1,0.0,0.0,0.0,7383.4,1.8,00:16:00,02:20:16,07:58:51,01:25:24,0,0,0.0,0.0,0.0,0.0
0947cdc8e87a0a45a012aa387ccedbcd,2020-11-29,3199.1,71725.9,0.0,0.0,0.0,0.0,0.0,7.1,7142.2,75.1,11474.0,0.0,0.0,0.0,5569.9,1.6,00:38:51,03:13:23,08:12:34,03:14:28,0,1,0.0,0.0,0.0,0.0
0947cdc8e87a0a45a012aa387ccedbcd,2020-12-11,6164.3,71958.9,0.0,0.0,0.0,0.0,0.0,7.8,8565.6,53.6,8275.8,0.0,0.0,0.0,3083.7,1.4,00:32:00,03:05:18,08:53:42,02:54:48,0,0,0.0,0.0,0.0,0.0
0947cdc8e87a0a45a012aa387ccedbcd,2020-12-18,7072.6,69160.6,0.0,0.0,0.0,0.0,0.0,8.2,7662.1,44.2,10165.8,0.0,0.0,0.0,3140.7,1.5,23:36:00,03:22:54,08:21:42,03:36:44,0,0,0.0,0.0,0.0,0.0
0947cdc8e87a0a45a012aa387ccedbcd,2020-12-19,9427.2,66967.0,0.0,0.0,0.0,0.0,0.0,8.2,7187.4,40.5,10004.8,0.0,0.0,0.0,3538.3,1.5,23:25:42,03:22:38,08:13:42,03:37:41,0,1,0.0,0.0,0.0,0.0
0947cdc8e87a0a45a012aa387ccedbcd,2020-12-24,10319.4,65356.4,0.0,0.0,0.0,0.0,0.0,7.9,7349.4,46.8,10723.3,0.0,0.0,0.0,3412.3,1.4,00:01:08,03:25:39,08:28:34,03:39:58,0,0,0.0,0.0,0.0,0.0
0947cdc8e87a0a45a012aa387ccedbcd,2021-01-01,9983.4,66030.9,0.0,0.0,0.0,0.0,0.0,6.9,7956.7,57.9,10384.7,0.0,0.0,0.0,3438.1,1.9,00:29:42,03:24:04,09:31:25,02:48:04,0,0,0.0,0.0,0.0,0.0
0947cdc8e87a0a45a012aa387ccedbcd,2021-01-16,1552.9,71958.6,0.0,0.0,0.0,0.0,0.0,9.3,9806.6,52.8,12887.6,0.0,0.0,0.0,0.0,5.0,23:33:20,01:49:45,09:29:20,04:09:06,0,1,0.0,0.0,0.0,0.0
0947cdc8e87a0a45a012aa387ccedbcd,2021-01-19,2149.3,71059.8,0.0,0.0,0.0,0.0,0.0,8.8,10294.1,60.8,13189.9,0.0,0.0,0.0,0.0,5.4,23:29:20,01:49:58,08:50:40,04:36:57,0,1,0.0,0.0,0.0,0.0
0947cdc8e87a0a45a012aa387ccedbcd,2021-01-29,2432.6,74963.9,0.0,0.0,0.0,0.0,0.0,7.8,11353.8,67.1,9002.6,0.0,0.0,0.0,0.0,2.3,23:49:42,01:32:49,08:11:25,01:50:35,0,1,0.0,0.0,0.0,0.0
0947cdc8e87a0a45a012aa387ccedbcd,2021-01-30,1706.0,75638.7,0.0,0.0,0.0,0.0,0.0,8.2,11286.1,62.1,9054.3,0.0,0.0,0.0,0.0,2.3,23:34:51,01:07:15,08:20:34,02:00:42,0,0,0.0,0.0,0.0,0.0
0947cdc8e87a0a45a012aa387ccedbcd,2021-01-31,1006.8,76244.9,0.0,0.0,0.0,0.0,0.0,8.3,10468.9,57.5,9147.4,0.0,0.0,0.0,0.0,2.0,23:37:08,01:08:04,08:29:42,01:37:06,0,1,0.0,0.0,0.0,0.0
0947cdc8e87a0a45a012aa387ccedbcd,2021-02-09,1813.4,73474.7,0.0,0.0,0.0,0.0,0.0,8.5,8755.6,59.9,11110.9,0.0,0.0,0.0,0.0,1.6,23:30:17,02:14:47,08:34:17,02:21:56,0,1,0.0,0.0,0.0,0.0
0947cdc8e87a0a45a012aa387ccedbcd,2021-02-12,1813.4,72598.7,0.0,0.0,0.0,0.0,0.0,8.1,8599.2,62.4,11986.9,0.0,0.0,0.0,0.0,1.7,23:40:34,02:11:07,08:20:34,02:24:41,0,1,0.0,0.0,0.0,0.0
0947cdc8e87a0a45a012aa387ccedbcd,2021-02-17,1863.2,74083.1,0.0,0.0,0.0,0.0,0.0,8.2,7729.5,60.2,10452.6,0.0,0.0,0.0,0.0,1.4,23:26:51,02:12:08,08:10:17,02:10:46,1,1,0.0,0.0,0.0,0.0
0947cdc8e87a0a45a012aa387ccedbcd,2021-02-23,90.1,77317.1,0.0,0.0,0.0,0.0,0.0,7.5,7757.1,62.8,8991.9,0.0,0.0,0.0,0.0,1.5,23:08:34,00:45:43,07:07:25,01:07:27,0,1,0.0,0.0,0.0,0.0
0947cdc8e87a0a45a012aa387ccedbcd,2021-03-02,70.6,77480.2,0.0,0.0,0.0,0.0,0.0,7.3,8821.0,77.4,8848.2,0.0,0.0,0.0,0.0,1.1,23:07:25,00:49:17,06:54:51,00:58:46,0,1,0.0,0.0,0.0,0.0
0947cdc8e87a0a45a012aa387ccedbcd,2021-03-08,70.6,78296.1,0.0,0.0,0.0,0.0,0.0,8.1,8343.6,75.4,8032.3,0.0,0.0,0.0,0.0,1.2,22:42:17,01:00:07,07:23:25,00:45:49,0,1,0.0,0.0,0.0,0.0
0947cdc8e87a0a45a012aa387ccedbcd,2021-03-16,1078.7,76913.6,0.0,0.0,0.0,0.0,0.0,8.0,9618.0,65.4,8406.6,0.0,0.0,0.0,0.0,1.3,22:34:17,01:23:16,07:05:08,00:59:09,0,1,0.0,0.0,0.0,0.0
0947cdc8e87a0a45a012aa387ccedbcd,2021-03-27,9364.4,59917.0,0.0,0.0,0.0,0.0,0.0,7.5,11541.7,59.7,17117.6,0.0,0.0,0.0,0.0,1.3,22:49:08,01:40:57,06:50:17,00:58:11,0,1,0.0,0.0,0.0,0.0
0947cdc8e87a0a45a012aa387ccedbcd,2021-03-28,9364.4,59668.9,0.0,0.0,0.0,0.0,0.0,7.2,11327.1,58.7,17365.6,0.0,0.0,0.0,0.0,1.5,23:06:17,01:42:01,06:50:17,00:58:11,0,0,0.0,0.0,0.0,0.0
0947cdc8e87a0a45a012aa387ccedbcd,2021-04-07,5191.2,69825.1,0.0,0.0,0.0,0.0,0.0,6.6,8665.4,47.5,11382.6,0.0,0.0,0.0,0.0,1.9,23:42:51,01:55:46,06:45:42,01:30:25,0,1,0.0,0.0,0.0,0.0
0947cdc8e87a0a45a012aa387ccedbcd,2021-04-10,1826.1,74837.9,0.0,0.0,0.0,0.0,0.0,6.9,8312.6,43.3,9735.1,0.0,0.0,0.0,0.0,1.8,23:40:34,01:49:53,06:59:25,01:43:43,1,1,0.0,0.0,0.0,0.0
0947cdc8e87a0a45a012aa387ccedbcd,2021-04-16,1018.1,76480.6,0.0,0.0,0.0,0.0,0.0,7.2,10082.7,44.9,8900.3,0.0,0.0,0.0,0.0,1.7,23:31:25,01:41:45,07:13:08,01:41:38,0,1,0.0,0.0,0.0,0.0
0947cdc8e87a0a45a012aa387ccedbcd,2021-05-08,412.5,76244.5,0.0,0.0,0.0,0.0,0.0,6.9,12522.4,41.2,9742.0,0.0,0.0,0.0,0.0,1.9,00:17:08,01:18:57,07:41:42,01:31:53,0,1,0.0,0.0,0.0,0.0
0947cdc8e87a0a45a012aa387ccedbcd,2021-05-12,1141.3,75629.6,0.0,0.0,0.0,0.0,0.0,7.3,12236.5,39.5,9628.1,0.0,0.0,0.0,0.0,1.8,23:47:25,01:12:06,07:36:00,01:47:47,0,1,0.0,0.0,0.0,0.0
0947cdc8e87a0a45a012aa387ccedbcd,2021-05-20,1276.5,75381.6,0.0,0.0,0.0,0.0,0.0,7.2,12506.8,41.6,9740.9,0.0,0.0,0.0,0.0,1.6,23:40:34,01:08:27,07:21:08,01:35:45,0,1,0.0,0.0,0.0,0.0
0947cdc8e87a0a45a012aa387ccedbcd,2021-06-04,8655.4,69131.4,0.0,0.0,0.0,0.0,0.0,6.7,9392.3,44.0,8612.3,0.0,0.0,0.0,0.0,1.7,00:05:42,02:38:41,07:12:00,03:05:24,0,0,0.0,0.0,0.0,0.0
0947cdc8e87a0a45a012aa387ccedbcd,2021-06-12,6068.8,67700.4,0.0,0.0,0.0,0.0,0.0,6.8,9115.4,52.6,12629.8,0.0,0.0,0.0,0.0,1.7,23:56:34,02:58:48,07:10:51,02:45:46,0,0,0.0,0.0,0.0,0.0
0947cdc8e87a0a45a012aa387ccedbcd,2021-06-18,2047.1,75341.1,0.0,0.0,0.0,0.0,0.0,8.1,6672.4,39.3,9010.7,0.0,0.0,0.0,0.0,3.4,02:25:08,04:04:15,11:00:34,06:33:56,0,0,0.0,0.0,0.0,0.0
0947cdc8e87a0a45a012aa387ccedbcd,2021-06-24,605.9,82115.4,0.0,0.0,0.0,0.0,0.0,10.2,2735.7,20.4,3677.8,0.0,0.0,0.0,0.0,4.7,04:34:17,04:24:54,15:26:51,06:51:41,0,0,0.0,0.0,0.0,0.0
0947cdc8e87a0a45a012aa387ccedbcd,2021-09-14,489.0,70353.5,0.0,0.0,0.0,0.0,0.0,13.8,1700.4,23.5,15556.5,0.0,0.0,0.0,0.0,9.5,21:36:00,01:36:00,12:16:00,05:36:00,0,0,0.0,0.0,0.0,0.0
0947cdc8e87a0a45a012aa387ccedbcd,2021-09-15,799.0,65562.3,0.0,0.0,0.0,0.0,0.0,11.3,3748.3,57.0,20037.7,0.0,0.0,0.0,0.0,7.9,22:29:20,01:48:46,10:34:40,05:09:31,0,0,0.0,0.0,0.0,0.0
0947cdc8e87a0a45a012aa387ccedbcd,2021-09-21,513.8,62874.0,0.0,0.0,0.0,0.0,0.0,8.4,6688.0,80.0,23011.2,0.0,0.0,0.0,0.0,4.6,23:40:26,02:13:23,08:40:53,03:22:57,0,1,0.0,0.0,0.0,0.0
0947cdc8e87a0a45a012aa387ccedbcd,2021-09-26,330.3,62868.4,0.0,0.0,0.0,0.0,0.0,7.3,8158.3,85.9,23200.4,0.0,0.0,0.0,0.0,4.1,00:53:42,03:21:53,08:42:17,03:00:16,0,0,0.0,0.0,0.0,0.0
0947cdc8e87a0a45a012aa387ccedbcd,2021-10-04,7.1,64453.9,0.0,0.0,0.0,0.0,0.0,6.0,11657.2,112.1,21938.1,0.0,0.0,0.0,0.0,1.5,01:50:51,02:59:14,08:13:42,01:55:49,0,1,0.0,0.0,0.0,0.0
0947cdc8e87a0a45a012aa387ccedbcd,2021-10-13,266.1,65004.5,0.0,0.0,0.0,0.0,0.0,6.1,12480.1,119.1,21128.4,0.0,0.0,0.0,0.0,1.6,00:11:25,03:36:38,08:27:25,02:56:15,0,1,0.0,0.0,0.0,0.0
0947cdc8e87a0a45a012aa387ccedbcd,2021-10-19,272.4,63747.1,0.0,0.0,0.0,0.0,0.0,5.8,12192.1,126.9,22379.4,0.0,0.0,0.0,0.0,1.5,00:24:00,03:40:16,08:20:34,02:55:50,0,1,0.0,0.0,0.0,0.0
0947cdc8e87a0a45a012aa387ccedbcd,2021-10-23,774.3,62572.1,0.0,0.0,0.7,0.0,0.0,5.6,12796.4,131.1,23052.6,0.0,0.0,0.0,0.0,1.7,00:08:00,03:35:09,07:49:42,03:33:46,0,0,0.0,0.0,0.0,0.0
0947cdc8e87a0a45a012aa387ccedbcd,2021-10-30,1066.1,64112.6,0.0,0.0,3.5,0.0,0.0,5.8,12783.0,131.6,21220.3,0.0,0.0,0.0,0.0,1.8,00:46:51,01:56:52,06:57:08,02:08:46,0,1,0.0,0.0,0.0,0.0
0947cdc8e87a0a45a012aa387ccedbcd,2021-11-02,1099.7,65532.4,0.0,0.0,3.5,0.0,0.0,5.6,13253.5,124.9,19766.9,0.0,0.0,0.0,0.0,1.9,00:36:34,02:02:48,06:36:34,02:29:52,0,0,0.0,0.0,0.0,0.0
0947cdc8e87a0a45a012aa387ccedbcd,2021-11-09,211.8,65591.1,0.0,0.0,11.4,0.0,0.0,5.8,13416.0,121.1,20596.1,0.0,0.0,0.0,0.0,1.2,01:04:00,01:59:16,07:16:34,01:59:01,0,1,0.0,0.0,0.0,0.0
0947cdc8e87a0a45a012aa387ccedbcd,2021-11-18,272.7,63445.9,0.0,0.0,8.6,0.0,0.0,6.3,14968.4,113.6,22680.4,0.0,0.0,0.0,0.0,0.8,01:01:42,01:40:48,07:45:08,01:32:24,0,1,0.0,0.0,0.0,0.0
0947cdc8e87a0a45a012aa387ccedbcd,2021-11-23,1201.5,62793.7,0.0,0.0,0.0,0.0,0.0,6.1,13977.6,116.9,22403.8,0.0,0.0,0.0,0.0,1.4,01:05:08,01:46:43,07:37:08,01:19:28,0,1,0.0,0.0,0.0,0.0
0947cdc8e87a0a45a012aa387ccedbcd,2021-12-04,2544.6,69408.9,0.0,0.0,1293.4,0.0,0.0,6.3,10699.1,100.1,14445.5,0.0,0.0,0.0,0.0,1.7,00:01:08,01:37:47,06:45:42,00:48:36,0,1,0.0,0.0,0.0,0.0
0947cdc8e87a0a45a012aa387ccedbcd,2021-12-09,1831.5,73522.4,0.0,0.0,1293.4,0.1,292592.4,7.0,10062.8,85.6,11045.1,0.0,0.0,0.0,0.0,1.2,23:42:51,01:13:11,07:10:51,01:06:38,0,0,0.0,0.0,0.0,0.0
0947cdc8e87a0a45a012aa387ccedbcd,2021-12-16,7962.9,63552.6,0.0,0.0,1293.4,0.1,292592.4,6.8,11493.3,92.0,14883.4,0.0,0.0,0.0,0.0,1.2,23:53:08,01:27:34,07:08:34,01:22:04,1,1,0.0,0.0,0.0,0.0
0947cdc8e87a0a45a012aa387ccedbcd,2021-12-21,12423.7,57903.1,0.0,0.0,0.0,0.1,292592.4,7.0,13220.6,95.1,16072.2,0.0,0.0,0.0,0.0,1.3,23:16:34,01:15:52,06:42:17,01:05:05,0,0,0.0,0.0,0.0,0.0
0947cdc8e87a0a45a012aa387ccedbcd,2021-12-27,14014.6,58310.4,0.0,0.0,0.0,0.0,0.0,7.0,11998.1,87.6,14074.1,0.0,0.0,0.0,0.0,1.2,23:15:25,01:19:21,06:42:17,01:07:01,0,0,0.0,0.0,0.0,0.0
0947cdc8e87a0a45a012aa387ccedbcd,2022-01-04,16008.8,56566.1,0.0,0.0,0.6,0.0,0.0,7.0,9806.0,103.7,13824.1,0.0,0.0,0.0,0.0,1.8,23:50:51,01:29:01,07:21:08,01:35:56,0,1,0.0,0.0,0.0,0.0
0947cdc8e87a0a45a012aa387ccedbcd,2022-01-11,6058.9,62234.2,0.0,0.0,0.6,0.0,0.0,7.0,10566.7,110.3,18105.9,0.0,0.0,0.0,0.0,1.7,00:33:08,01:40:44,08:00:00,01:36:56,0,1,0.0,0.0,0.0,0.0
0947cdc8e87a0a45a012aa387ccedbcd,2022-01-20,2171.3,66038.4,0.0,0.0,0.0,0.0,0.0,6.1,10749.2,106.4,18189.4,0.0,0.0,0.0,0.0,1.2,01:22:17,01:46:57,07:49:42,01:53:14,0,1,0.0,0.0,0.0,0.0
0947cdc8e87a0a45a012aa387ccedbcd,2022-01-27,1396.5,69023.1,0.0,0.0,0.0,0.0,0.0,7.2,8287.2,80.8,15979.4,0.0,0.0,0.0,0.0,3.8,01:22:27,02:21:50,09:01:32,02:54:00,0,1,0.0,0.0,0.0,0.0
0947cdc8e87a0a45a012aa387ccedbcd,2022-02-05,1090.1,68619.1,0.0,0.0,0.0,0.0,0.0,7.5,2464.2,34.5,16689.8,0.0,0.0,0.0,0.0,3.6,00:50:27,02:08:35,08:48:00,02:22:16,0,0,0.0,0.0,0.0,0.0
0947cdc8e87a0a45a012aa387ccedbcd,2022-02-09,953.4,67754.4,0.0,0.0,0.0,0.0,0.0,6.4,4616.0,53.1,17691.2,0.0,0.0,0.0,0.0,1.3,00:42:17,01:40:56,07:32:34,01:32:47,1,1,0.0,0.0,0.0,0.0
0947cdc8e87a0a45a012aa387ccedbcd,2022-02-16,1086.5,66195.1,0.0,0.0,16.3,0.0,0.0,6.4,9806.6,106.7,19117.4,0.0,0.0,0.0,0.0,1.2,00:42:17,01:18:31,07:32:34,01:35:42,1,1,0.0,0.0,0.0,0.0
0947cdc8e87a0a45a012aa387ccedbcd,2022-02-22,641.3,68108.9,0.0,0.0,16.3,0.0,0.0,6.9,12769.1,112.9,17648.8,0.0,0.0,0.0,0.0,0.8,00:40:00,01:06:10,08:04:34,01:05:15,1,1,0.0,0.0,0.0,0.0
0947cdc8e87a0a45a012aa387ccedbcd,2022-03-02,384.4,69214.4,0.0,0.0,0.0,0.0,0.0,6.9,15471.5,113.4,16800.2,0.0,0.0,0.0,0.0,0.8,00:30:51,01:07:44,07:53:08,01:13:14,0,1,0.0,0.0,0.0,0.0
0947cdc8e87a0a45a012aa387ccedbcd,2022-03-11,938.2,68385.8,0.0,0.0,0.0,0.0,0.0,6.5,14127.2,102.1,17075.0,0.0,0.0,0.0,0.0,1.0,01:17:42,01:35:12,08:12:34,01:44:36,0,0,0.0,0.0,0.0,0.0
0ab7acb36e6c710a7733c1c24e566bb3,2017-09-22,263.0,76939.5,1082.5,3.5,2111.0,2.5,213.0,14.1,1823.1,30.0,9196.5,10.0,10.0,30.0,7351.5,9.0,22:16:00,02:16:00,13:20:00,04:32:00,0,0,0.0,0.0,0.0,0.0
0ab7acb36e6c710a7733c1c24e566bb3,2017-09-23,249.7,73428.0,1838.3,7.0,3165.0,5.0,299.7,11.8,3873.3,55.7,12721.3,32.3,9.2,25.1,9385.0,7.6,23:38:40,02:41:14,12:10:40,04:02:46,0,0,0.0,0.0,0.0,0.0
0ab7acb36e6c710a7733c1c24e566bb3,2017-09-25,204.6,73104.0,1830.2,6.8,3624.0,5.2,363.0,10.0,4880.1,68.8,13090.4,46.4,15.5,18.1,8142.8,5.9,00:22:24,02:20:26,11:05:36,03:31:41,0,0,0.0,0.0,0.0,0.0
0ab7acb36e6c710a7733c1c24e566bb3,2017-10-01,691.3,71594.7,2318.2,6.1,18347.4,5.7,8225.9,8.7,4872.7,73.7,14113.0,57.6,19.4,13.9,9188.5,4.1,00:10:10,01:54:25,09:27:16,02:49:22,0,0,0.0,0.0,0.0,0.0
0ab7acb36e6c710a7733c1c24e566bb3,2017-10-07,561.8,70365.3,3214.8,7.5,16401.2,6.6,6811.0,7.1,5514.1,81.9,15471.9,66.1,23.7,10.2,9410.1,1.4,00:30:51,01:15:38,08:08:00,01:25:53,1,1,0.0,0.0,0.0,0.0
0ab7acb36e6c710a7733c1c24e566bb3,2017-10-08,560.1,70703.3,3089.1,7.2,16219.7,6.6,6811.1,7.2,5408.1,80.8,15135.6,66.2,23.9,9.9,9262.6,1.5,00:20:34,01:09:03,08:03:25,01:18:11,1,1,0.0,0.0,0.0,0.0
0ab7acb36e6c710a7733c1c24e566bb3,2017-10-10,513.0,70945.5,3070.9,7.1,16185.6,7.0,6798.1,7.0,5406.4,81.1,14940.5,66.2,24.3,9.5,9443.3,2.0,00:11:25,01:13:40,07:41:42,01:54:23,1,1,0.0,0.0,0.0,0.0
0ab7acb36e6c710a7733c1c24e566bb3,2017-10-13,592.6,70601.2,2974.5,7.3,17059.4,6.7,7230.0,6.8,5982.8,80.2,15205.1,69.4,23.4,7.2,9444.9,1.9,00:25:08,01:13:14,07:41:42,01:53:55,0,0,0.0,0.0,0.0,0.0
0ab7acb36e6c710a7733c1c24e566bb3,2017-10-15,272.0,70362.2,3367.2,8.3,7573.9,6.9,1663.6,6.6,6675.5,86.2,15764.8,70.6,22.3,7.1,8905.8,1.8,00:38:51,01:00:05,07:39:25,02:00:06,0,0,0.0,0.0,0.0,0.0
0ab7acb36e6c710a7733c1c24e566bb3,2017-10-28,90.4,70643.1,2767.4,8.4,5401.3,6.7,735.0,7.4,6617.7,87.9,15665.5,65.9,20.0,14.1,9650.4,1.6,00:35:25,01:28:30,08:26:17,01:23:16,0,0,0.0,0.0,0.0,0.0
0ab7acb36e6c710a7733c1c24e566bb3,2017-10-31,60.1,70596.9,2817.9,8.8,5004.2,6.4,594.1,7.6,5932.4,87.4,15742.0,64.5,21.1,14.3,9539.1,1.6,00:45:42,01:27:48,08:49:08,01:21:14,0,0,0.0,0.0,0.0,0.0
0ab7acb36e6c710a7733c1c24e566bb3,2017-11-09,1287.9,69586.0,3293.5,8.7,33585.9,6.9,13327.4,7.1,6423.8,82.2,15525.1,71.3,18.4,10.2,7947.5,1.5,00:59:25,01:25:36,08:35:25,00:58:03,0,0,0.0,0.0,0.0,0.0
0ab7acb36e6c710a7733c1c24e566bb3,2017-11-11,2394.0,69224.6,3229.2,8.4,60972.1,6.9,26096.9,7.1,6689.1,80.6,14780.4,70.6,21.6,7.7,7993.9,1.5,01:13:08,01:18:19,08:50:17,01:32:52,0,0,0.0,0.0,0.0,0.0
0ab7acb36e6c710a7733c1c24e566bb3,2017-11-13,2385.9,69625.5,3521.8,8.4,60880.5,7.1,26092.4,7.1,7082.2,80.4,14387.6,70.4,21.1,8.4,7677.4,1.3,01:17:42,01:17:38,08:50:17,01:29:15,1,1,0.0,0.0,0.0,0.0
0ab7acb36e6c710a7733c1c24e566bb3,2017-11-18,1344.6,70916.5,2634.9,6.6,33977.5,6.1,13720.1,7.2,7587.3,79.4,14137.9,62.0,27.4,10.6,7211.8,2.0,01:39:25,01:56:39,09:18:51,01:30:48,0,0,0.0,0.0,0.0,0.0
0ab7acb36e6c710a7733c1c24e566bb3,2017-11-26,1924.0,75000.7,996.6,3.0,120314.6,3.9,402824.0,8.3,8731.4,69.8,9474.3,69.3,14.1,16.6,4377.3,2.4,23:46:17,02:32:51,08:35:25,01:47:52,0,0,0.0,0.0,0.0,0.0
0ab7acb36e6c710a7733c1c24e566bb3,2017-11-30,2700.6,75581.4,806.9,3.2,127689.1,2.7,714462.9,8.8,9814.0,69.3,8117.1,83.6,2.7,13.7,4022.2,1.9,22:34:17,01:48:47,07:56:34,01:42:39,1,1,0.0,0.0,0.0,0.0
0ab7acb36e6c710a7733c1c24e566bb3,2017-12-03,3429.7,75070.6,601.5,3.4,138786.9,2.8,951104.5,8.5,10202.9,72.3,7898.6,88.2,0.7,11.1,3756.0,2.2,22:22:51,01:29:47,07:28:00,01:48:41,0,0,0.0,0.0,0.0,0.0
0ab7acb36e6c710a7733c1c24e566bb3,2017-12-12,3933.9,70206.7,763.1,5.1,50216.1,2.9,1100037.1,8.7,9951.4,81.0,12258.4,100.0,0.0,0.0,5754.9,1.6,00:04:34,01:08:47,09:20:00,01:45:36,0,0,0.0,0.0,0.0,0.0
0ab7acb36e6c710a7733c1c24e566bb3,2017-12-16,4215.2,68386.6,1055.7,4.9,49778.4,3.5,1097368.8,8.4,9856.2,76.4,13797.1,100.0,0.0,0.0,6393.7,1.6,01:02:51,01:15:38,09:58:51,01:30:51,0,0,0.0,0.0,0.0,0.0
0ab7acb36e6c710a7733c1c24e566bb3,2017-12-22,4895.2,67180.3,1588.7,5.0,235583.6,3.4,1351938.5,7.9,10014.9,73.2,14323.5,92.9,0.0,0.0,6429.2,1.8,01:31:25,01:38:20,09:54:17,01:54:04,0,0,0.0,0.0,0.0,0.0
0ab7acb36e6c710a7733c1c24e566bb3,2017-12-29,6081.1,65972.4,2803.4,6.4,376319.1,3.1,2003673.3,7.6,10083.5,71.9,14345.6,64.3,0.0,0.0,5710.8,1.9,00:40:00,02:14:14,08:48:00,02:03:29,0,0,0.0,0.0,0.0,0.0
0ab7acb36e6c710a7733c1c24e566bb3,2018-01-04,4882.1,67660.5,2420.6,6.1,275920.2,3.3,1644232.2,8.2,9426.5,64.7,13856.5,50.8,2.3,11.1,5882.7,1.5,23:55:25,01:35:07,08:38:51,01:25:40,0,0,0.0,0.0,0.0,0.0
0ab7acb36e6c710a7733c1c24e566bb3,2018-01-11,1549.6,72800.4,1641.5,6.5,114619.4,4.4,316614.3,8.1,7045.5,65.6,12049.1,73.2,13.6,13.2,7749.1,1.2,00:20:34,01:00:18,09:01:42,01:18:21,1,1,0.0,0.0,0.0,0.0
0ab7acb36e6c710a7733c1c24e566bb3,2018-01-13,890.1,72638.6,2091.1,7.3,110550.9,5.0,160950.4,8.4,7473.8,66.5,12870.3,68.7,15.9,15.4,8602.7,0.9,00:05:42,00:55:37,09:00:34,01:12:51,0,0,0.0,0.0,0.0,0.0
0ab7acb36e6c710a7733c1c24e566bb3,2018-01-19,55.9,74826.9,2400.3,7.2,3843.7,5.1,639.3,9.6,5566.7,54.3,11516.1,56.5,21.0,8.3,10172.5,4.0,23:45:08,01:25:37,10:00:00,03:42:35,0,0,0.0,0.0,0.0,0.0
0ab7acb36e6c710a7733c1c24e566bb3,2018-01-25,333.1,74093.3,4389.1,7.8,5972.9,5.4,1604.8,9.4,5882.2,56.9,11972.6,56.6,19.3,9.8,10566.3,4.1,23:48:34,01:28:33,09:48:34,03:45:38,0,0,0.0,0.0,0.0,0.0
0ab7acb36e6c710a7733c1c24e566bb3,2018-01-30,2430.3,71365.9,5637.2,10.1,57473.0,6.1,46798.2,7.8,6446.7,67.2,12602.9,65.4,23.3,11.3,8444.7,0.9,00:05:42,01:11:11,08:26:17,01:00:39,0,0,0.0,0.0,0.0,0.0
0ab7acb36e6c710a7733c1c24e566bb3,2018-02-02,2430.3,71413.4,5610.6,9.4,57512.1,6.1,46787.4,7.9,6901.8,68.7,12555.4,64.0,23.2,12.8,8592.1,0.8,00:01:08,01:10:54,08:26:17,00:59:44,1,1,0.0,0.0,0.0,0.0
0ab7acb36e6c710a7733c1c24e566bb3,2018-02-04,2122.7,71869.1,4781.1,9.1,54758.6,6.2,45606.6,7.8,6976.0,70.0,12407.1,63.7,23.2,13.2,8596.2,0.8,00:08:00,01:23:57,08:26:17,01:01:33,0,0,0.0,0.0,0.0,0.0
0ab7acb36e6c710a7733c1c24e566bb3,2018-02-12,42.5,71547.7,3801.5,7.2,4677.7,6.6,671.8,7.0,8151.3,71.6,14808.9,67.0,20.3,12.7,10188.6,1.2,01:09:42,01:23:03,08:38:51,01:10:42,0,0,0.0,0.0,0.0,0.0
0ab7acb36e6c710a7733c1c24e566bb3,2018-02-16,235.0,71653.6,3336.6,7.1,6341.5,6.4,1183.1,6.8,7594.1,68.5,14510.4,66.8,24.1,9.2,10105.6,1.1,01:32:34,01:07:55,08:50:17,01:09:58,0,0,0.0,0.0,0.0,0.0
0ab7acb36e6c710a7733c1c24e566bb3,2018-02-23,854.4,72968.7,3435.6,7.4,18490.6,6.2,1015.3,7.6,7716.3,63.9,12575.9,60.9,27.6,11.6,9047.3,1.4,00:30:51,01:17:47,08:37:42,01:07:46,0,0,0.0,0.0,0.0,0.0
0ab7acb36e6c710a7733c1c24e566bb3,2018-02-27,1513.0,73467.3,3625.4,7.4,30822.4,6.0,6817.8,7.7,7136.0,64.9,11418.7,58.4,32.1,9.5,8033.1,1.4,00:17:08,01:11:40,08:27:25,01:12:25,0,0,0.0,0.0,0.0,0.0
0ab7acb36e6c710a7733c1c24e566bb3,2018-03-04,724.1,74103.4,3859.9,7.6,16234.7,6.1,6307.8,7.8,6661.4,65.5,11571.5,60.4,28.4,11.2,7920.6,1.5,00:29:42,01:46:57,08:46:51,01:27:31,0,0,0.0,0.0,0.0,0.0
0ab7acb36e6c710a7733c1c24e566bb3,2018-03-11,588.5,75130.9,3149.6,6.1,6973.3,5.2,586.3,8.1,6766.2,58.3,10679.6,63.4,28.8,7.8,7234.3,1.5,00:44:34,01:36:58,09:21:08,01:20:33,0,0,0.0,0.0,0.0,0.0
0ab7acb36e6c710a7733c1c24e566bb3,2018-03-12,1110.1,74716.2,3194.4,6.1,20208.4,4.8,13478.2,8.2,7655.0,57.6,10572.7,68.1,24.6,7.3,6825.9,1.4,00:42:17,01:37:59,09:26:51,01:09:55,0,0,0.0,0.0,0.0,0.0
0ab7acb36e6c710a7733c1c24e566bb3,2018-03-20,5569.9,62997.4,2126.7,5.7,363689.4,3.6,1827136.6,7.5,7714.8,49.6,17831.8,28.9,12.6,1.4,12784.3,2.9,00:11:25,00:43:22,08:09:08,03:01:35,0,0,0.0,0.0,0.0,0.0
0ab7acb36e6c710a7733c1c24e566bb3,2018-03-27,5303.9,62056.0,2873.2,8.8,449087.0,4.1,1923843.1,7.3,7225.4,53.7,19039.1,13.7,3.7,11.1,12607.6,3.1,00:53:42,03:01:53,08:42:17,03:40:45,0,0,0.0,0.0,0.0,0.0
0ab7acb36e6c710a7733c1c24e566bb3,2018-04-02,2233.0,70229.2,4956.1,10.6,128591.6,5.7,388492.2,8.2,9093.4,65.2,13936.9,41.9,9.4,20.1,7355.6,1.5,00:59:25,03:05:03,09:42:51,02:07:05,0,0,0.0,0.0,0.0,0.0
0ab7acb36e6c710a7733c1c24e566bb3,2018-04-06,899.4,71930.6,5939.3,10.6,22383.4,7.2,14481.7,8.2,7146.0,64.0,13569.1,53.6,18.3,28.1,8418.9,1.0,00:11:25,01:05:48,08:53:42,01:01:33,0,0,0.0,0.0,0.0,0.0
0ab7acb36e6c710a7733c1c24e566bb3,2018-04-11,197.2,73230.0,4996.1,9.4,6237.3,7.1,508.9,7.7,8046.3,61.6,12971.9,56.6,23.7,19.7,7717.5,1.0,00:37:42,01:08:50,08:52:34,01:12:40,0,0,0.0,0.0,0.0,0.0
0ab7acb36e6c710a7733c1c24e566bb3,2018-04-14,147.1,73834.9,3960.6,8.4,4429.7,7.1,500.1,7.6,7058.7,59.8,12417.1,49.9,29.5,20.6,6943.4,1.2,00:30:51,01:03:16,08:36:34,01:14:25,1,1,0.0,0.0,0.0,0.0
0ab7acb36e6c710a7733c1c24e566bb3,2018-04-19,750.1,72953.9,4400.1,7.1,201494.3,6.8,447.8,7.4,7807.9,64.6,12694.9,57.5,30.1,12.4,6830.1,1.1,00:37:42,01:01:33,08:33:08,01:10:54,1,1,0.0,0.0,0.0,0.0
0ab7acb36e6c710a7733c1c24e566bb3,2018-04-27,2437.2,72763.2,4100.1,8.1,415542.6,6.1,552786.2,7.4,7625.2,68.2,11198.6,51.5,27.2,7.0,7182.9,1.6,00:32:00,01:04:34,08:26:17,01:26:55,0,0,0.0,0.0,0.0,0.0
0ab7acb36e6c710a7733c1c24e566bb3,2018-05-04,1900.1,71343.3,4950.6,9.8,216919.6,6.3,368339.6,6.8,7633.4,71.5,13155.6,54.0,30.9,7.9,7843.3,1.5,00:58:17,00:58:30,08:11:25,01:06:38,0,0,0.0,0.0,0.0,0.0
0ab7acb36e6c710a7733c1c24e566bb3,2018-05-05,1631.5,70418.1,5240.8,10.1,212992.1,6.5,183145.9,6.5,7448.8,72.0,14349.4,55.6,34.8,9.6,8356.4,1.6,01:20:00,01:19:32,08:16:00,01:10:00,0,0,0.0,0.0,0.0,0.0
0ab7acb36e6c710a7733c1c24e566bb3,2018-05-10,625.1,70281.1,4666.9,8.1,10263.4,7.0,1538.0,6.6,7405.9,73.5,15492.9,57.7,32.9,9.4,8499.9,1.2,01:24:34,01:17:32,08:28:34,01:00:49,0,0,0.0,0.0,0.0,0.0
0ab7acb36e6c710a7733c1c24e566bb3,2018-05-16,292.3,70626.4,1873.4,4.0,7840.9,7.3,1399.0,6.7,7991.5,76.0,15480.4,63.7,27.7,8.6,8529.9,1.5,01:29:08,01:26:44,08:35:25,01:13:06,0,0,0.0,0.0,0.0,0.0
0ab7acb36e6c710a7733c1c24e566bb3,2018-05-18,91.7,68759.3,1048.1,2.3,5792.8,7.4,887.6,6.5,7652.6,77.6,17548.1,62.1,25.7,12.2,9220.2,1.4,01:32:34,01:20:16,08:28:34,01:20:16,0,0,0.0,0.0,0.0,0.0
0ab7acb36e6c710a7733c1c24e566bb3,2018-05-19,43.4,68385.6,390.0,0.9,5252.7,7.2,770.9,6.7,7600.4,77.1,17970.0,67.2,21.9,11.0,9487.2,1.3,01:23:25,01:02:53,08:33:08,01:25:37,0,0,0.0,0.0,0.0,0.0
0ab7acb36e6c710a7733c1c24e566bb3,2018-05-20,43.4,67842.2,45.7,0.3,4887.1,7.1,756.2,6.4,7696.2,78.6,18513.4,66.2,23.2,10.6,9603.5,1.4,01:32:34,01:14:36,08:25:08,01:19:56,0,0,0.0,0.0,0.0,0.0
0ab7acb36e6c710a7733c1c24e566bb3,2018-06-02,140.3,73108.4,0.0,0.0,4326.9,5.9,649.0,6.9,5926.3,72.5,13150.4,52.5,36.8,10.7,7175.0,1.9,01:14:17,01:17:49,08:36:34,01:33:22,1,1,0.0,0.0,0.0,0.0
0ab7acb36e6c710a7733c1c24e566bb3,2018-06-04,288.6,72935.8,0.0,0.0,4738.7,5.9,652.8,7.3,6126.3,72.6,13174.6,48.1,34.8,17.1,7534.1,1.8,01:00:34,01:02:53,08:45:42,01:25:29,0,0,0.0,0.0,0.0,0.0
0ab7acb36e6c710a7733c1c24e566bb3,2018-06-08,5041.9,68818.9,0.0,0.0,116316.6,5.0,274704.0,7.4,7874.2,71.4,12538.1,52.3,25.4,22.3,6616.4,2.0,01:07:25,01:05:10,08:58:17,01:39:39,0,0,0.0,0.0,0.0,0.0
0ab7acb36e6c710a7733c1c24e566bb3,2018-06-14,6686.6,66677.4,0.0,0.0,135010.7,4.3,742424.8,7.2,9682.6,70.6,13035.1,67.0,8.4,17.4,6223.0,2.0,01:13:08,01:33:49,08:54:51,01:57:31,0,0,0.0,0.0,0.0,0.0
0ab7acb36e6c710a7733c1c24e566bb3,2018-06-19,6106.0,67668.4,0.0,0.0,98474.2,3.1,1093704.0,7.3,10880.5,72.6,12624.6,92.9,0.0,0.0,4998.1,1.8,01:36:00,01:25:44,09:25:42,01:45:32,0,0,0.0,0.0,0.0,0.0
0ab7acb36e6c710a7733c1c24e566bb3,2018-06-30,8573.7,64484.7,0.0,0.0,118642.1,3.2,1153482.8,8.4,11497.5,73.9,13340.6,85.7,0.0,0.0,5209.2,1.2,00:58:17,00:52:55,09:54:17,01:26:46,0,0,0.0,0.0,0.0,0.0
0ab7acb36e6c710a7733c1c24e566bb3,2018-07-02,8696.6,64071.6,0.0,0.0,117215.1,3.6,1153703.4,8.3,11711.7,73.6,13630.8,85.7,0.0,0.0,4968.4,1.3,01:10:51,01:06:10,10:03:25,01:29:22,0,0,0.0,0.0,0.0,0.0
0ab7acb36e6c710a7733c1c24e566bb3,2018-07-10,6197.7,67547.1,0.0,0.0,308071.8,3.2,1968069.8,8.3,11467.3,68.2,12654.1,71.4,0.0,0.0,4873.4,1.3,00:33:08,01:26:41,09:23:25,01:52:01,0,0,0.0,0.0,0.0,0.0
0ab7acb36e6c710a7733c1c24e566bb3,2018-07-23,1717.1,69415.4,0.0,0.0,31787.6,2.4,4059839.0,7.0,5583.9,61.0,15266.4,0.0,0.0,0.0,5637.4,1.4,00:09:08,01:01:17,07:36:00,01:04:29,1,1,0.0,0.0,0.0,0.0
0ab7acb36e6c710a7733c1c24e566bb3,2018-08-02,1444.4,68757.9,0.0,0.0,28532.1,2.9,4059223.5,7.5,7416.3,72.0,16196.8,0.0,0.0,0.0,6046.4,1.6,00:18:17,00:59:49,08:18:17,01:10:44,0,0,0.0,0.0,0.0,0.0
0ab7acb36e6c710a7733c1c24e566bb3,2018-08-04,1576.4,68906.2,0.0,0.0,97587.1,2.7,3847145.2,7.6,7887.2,72.9,15916.4,7.1,0.0,0.0,6014.7,1.7,00:27:25,01:03:32,08:35:25,01:27:15,0,0,0.0,0.0,0.0,0.0
0ab7acb36e6c710a7733c1c24e566bb3,2018-08-09,6133.9,64529.6,0.0,0.0,155163.0,2.4,2859067.0,7.9,8187.2,83.2,15735.5,14.3,0.0,0.0,5688.9,1.7,01:02:51,01:11:25,09:26:51,01:39:07,0,0,0.0,0.0,0.0,0.0
0ab7acb36e6c710a7733c1c24e566bb3,2018-08-11,6242.8,65640.9,0.0,0.0,154886.8,2.4,2435144.1,7.9,8433.5,82.9,14515.4,28.6,0.0,0.0,5148.1,1.8,01:01:42,01:09:10,09:29:08,01:46:56,0,0,0.0,0.0,0.0,0.0
0ab7acb36e6c710a7733c1c24e566bb3,2018-08-18,7236.2,66537.1,0.0,0.0,93487.8,2.7,1163377.5,8.3,10065.2,88.1,12625.7,71.4,0.0,0.0,4441.1,1.3,01:46:17,00:39:00,10:40:00,01:22:28,0,0,0.0,0.0,0.0,0.0
0ab7acb36e6c710a7733c1c24e566bb3,2018-08-25,4127.4,68841.8,0.0,0.0,46707.3,3.9,1091905.4,8.2,11864.6,92.8,13429.9,100.0,0.0,0.0,5625.6,1.5,01:52:00,00:58:19,10:36:34,01:41:24,1,1,0.0,0.0,0.0,0.0
0ab7acb36e6c710a7733c1c24e566bb3,2018-08-26,4147.9,68717.8,0.0,0.0,46709.2,3.9,1091905.4,8.1,12085.2,93.4,13533.3,100.0,0.0,0.0,5604.4,1.4,01:50:51,00:59:05,10:29:42,01:36:29,1,1,0.0,0.0,0.0,0.0
0ab7acb36e6c710a7733c1c24e566bb3,2018-09-02,3570.3,65758.4,0.0,0.0,119371.7,3.6,937465.9,7.6,10895.2,93.2,17070.3,71.4,0.0,0.0,7135.3,1.8,02:03:25,01:44:17,10:11:25,02:19:22,0,0,0.0,0.0,0.0,0.0
0ab7acb36e6c710a7733c1c24e566bb3,2018-09-12,3489.9,62191.7,0.0,0.0,149171.0,4.6,244363.2,8.0,9518.2,81.1,20717.4,3.8,1.9,37.2,10969.7,1.8,01:30:17,02:07:48,10:02:17,01:54:50,1,1,0.0,0.0,0.0,0.0
0ab7acb36e6c710a7733c1c24e566bb3,2018-09-17,3631.2,64369.6,0.0,0.0,74702.8,6.0,63006.1,8.4,9203.6,78.6,18398.2,29.4,7.9,41.3,10394.1,1.2,00:52:34,01:12:55,09:53:08,01:02:23,0,0,0.0,0.0,0.0,0.0
0ab7acb36e6c710a7733c1c24e566bb3,2018-09-19,1903.2,66736.2,0.0,0.0,35601.6,6.2,10978.4,8.4,8030.3,79.9,17759.6,38.7,11.8,35.2,9380.4,1.1,00:51:25,01:06:50,09:46:17,01:03:53,0,0,0.0,0.0,0.0,0.0
0ab7acb36e6c710a7733c1c24e566bb3,2018-09-23,510.9,68252.6,0.0,0.0,11686.1,7.3,3587.0,8.3,7546.9,86.9,17635.4,55.1,19.2,25.8,14520.6,1.1,01:12:00,01:05:03,10:01:08,01:09:24,0,0,0.0,0.0,0.0,0.0
0ab7acb36e6c710a7733c1c24e566bb3,2018-10-06,498.7,69431.6,0.0,0.0,11992.4,6.9,3964.9,6.7,9351.5,102.1,16468.6,57.4,28.9,13.7,7766.3,1.6,02:13:42,01:39:06,09:22:17,02:01:22,0,0,0.0,0.0,0.0,0.0
0ab7acb36e6c710a7733c1c24e566bb3,2018-10-11,460.3,68514.1,0.0,0.0,11920.2,7.0,3744.9,6.4,8975.0,107.9,17424.6,54.8,31.9,13.2,16294.8,1.4,02:10:17,01:46:37,09:02:51,01:50:55,1,1,0.0,0.0,0.0,0.0
0ab7acb36e6c710a7733c1c24e566bb3,2018-10-20,33.0,69896.7,0.0,0.0,4724.5,7.1,635.7,6.7,8250.7,89.1,16469.3,44.7,33.3,22.0,21238.5,1.6,01:39:25,01:01:25,08:50:17,01:55:02,0,0,0.0,0.0,0.0,0.0
0ab7acb36e6c710a7733c1c24e566bb3,2018-10-21,70.4,70074.6,0.0,0.0,4804.1,7.3,839.9,6.9,8373.3,89.4,16253.9,43.8,34.6,21.6,37593.0,1.6,01:47:25,00:54:54,09:06:17,01:46:37,1,1,0.0,0.0,0.0,0.0
0ab7acb36e6c710a7733c1c24e566bb3,2018-11-01,74.9,68868.6,0.0,0.0,4819.4,6.6,858.9,6.3,8312.2,91.5,17455.5,45.6,29.3,25.1,68599.5,1.5,02:21:42,01:06:12,09:07:25,01:12:51,0,0,0.0,0.0,0.0,0.0
0ab7acb36e6c710a7733c1c24e566bb3,2018-11-08,1376.0,68229.1,0.0,0.0,27564.5,6.6,10106.8,6.6,8067.5,74.8,16793.9,49.4,24.1,26.6,16244.4,1.5,02:02:17,00:50:05,09:05:08,01:16:21,0,0,0.0,0.0,0.0,0.0
0ab7acb36e6c710a7733c1c24e566bb3,2018-11-13,3266.7,64833.1,0.0,0.0,64777.6,6.2,58042.2,7.3,9072.5,88.7,18299.2,47.0,25.1,20.8,7518.8,2.0,01:48:34,01:15:49,09:33:42,01:21:33,0,0,0.0,0.0,0.0,0.0
0ab7acb36e6c710a7733c1c24e566bb3,2018-11-23,2826.1,66021.3,0.0,0.0,146230.6,4.4,343896.0,7.4,11600.9,111.1,17551.6,51.6,23.7,17.6,8426.8,2.4,01:42:51,01:19:28,09:39:25,01:40:08,0,0,0.0,0.0,0.0,0.0
0ab7acb36e6c710a7733c1c24e566bb3,2018-11-28,3458.6,68773.7,0.0,0.0,241105.6,3.8,736094.2,7.2,11965.6,104.5,14166.7,73.9,12.1,14.0,5688.4,2.5,01:30:17,01:03:01,09:09:42,02:23:49,0,0,0.0,0.0,0.0,0.0
0ab7acb36e6c710a7733c1c24e566bb3,2018-12-05,4828.2,66262.4,0.0,0.0,331164.9,3.8,1345691.7,7.8,12376.8,109.3,15308.4,64.3,0.0,0.0,6392.6,2.8,00:33:08,01:31:00,08:49:08,02:33:24,0,0,0.0,0.0,0.0,0.0
0ab7acb36e6c710a7733c1c24e566bb3,2018-12-06,4882.7,64882.7,0.0,0.0,331258.4,3.9,1283875.9,7.5,12450.8,113.6,16633.6,57.1,0.0,0.0,6683.6,2.6,00:35:25,01:30:32,08:37:42,02:28:12,1,1,0.0,0.0,0.0,0.0
0ab7acb36e6c710a7733c1c24e566bb3,2018-12-08,5167.7,63786.0,0.0,0.0,394431.4,3.9,1222062.0,6.8,13298.8,117.4,17445.3,50.0,0.0,0.0,6497.1,2.5,01:02:51,01:57:10,08:16:00,02:08:25,0,0,0.0,0.0,0.0,0.0
0ab7acb36e6c710a7733c1c24e566bb3,2018-12-09,5099.1,63915.0,0.0,0.0,388966.4,3.9,1219085.1,6.9,13336.0,120.2,17384.9,50.0,0.0,0.0,6552.9,2.5,00:49:08,01:59:57,08:09:08,02:04:46,0,0,0.0,0.0,0.0,0.0
0ab7acb36e6c710a7733c1c24e566bb3,2018-12-30,6088.4,59198.2,0.0,0.0,367966.9,1.9,4570797.0,6.9,10123.0,83.9,21112.4,14.3,0.0,0.0,9473.9,2.1,23:44:00,01:40:28,07:06:17,01:48:16,1,1,0.0,0.0,0.0,0.0
0ab7acb36e6c710a7733c1c24e566bb3,2019-01-07,4189.6,65893.1,0.0,0.0,463885.1,3.9,1682876.6,8.2,11462.2,117.0,16316.4,33.6,5.7,17.9,6799.2,1.3,00:10:17,03:26:59,08:54:51,03:38:56,1,1,0.0,0.0,0.0,0.0
0ab7acb36e6c710a7733c1c24e566bb3,2019-01-28,187.4,70679.2,0.0,0.0,3399.3,4.6,541.8,7.8,10008.5,118.2,15532.4,57.4,30.4,12.2,9162.6,1.1,01:39:25,01:07:07,10:00:00,01:34:59,0,0,0.0,0.0,0.0,0.0
0ab7acb36e6c710a7733c1c24e566bb3,2019-02-05,86.1,71971.4,0.0,0.0,3112.1,4.1,470.4,7.4,10706.9,122.4,14341.5,49.2,37.2,13.6,8356.5,1.4,01:33:42,01:01:19,09:29:08,01:08:20,0,0,0.0,0.0,0.0,0.0
0ab7acb36e6c710a7733c1c24e566bb3,2019-02-11,253.6,68680.1,0.0,0.0,5769.1,4.2,583.4,7.4,9272.8,106.1,17465.3,39.6,32.5,20.8,10391.6,1.0,01:55:25,00:50:17,09:47:25,00:47:46,0,0,0.0,0.0,0.0,0.0
0ab7acb36e6c710a7733c1c24e566bb3,2019-02-23,1777.1,69416.9,0.0,0.0,43678.3,5.9,865.3,7.8,9186.6,93.1,15205.1,53.0,35.9,11.1,9781.7,0.9,01:37:08,00:55:54,09:57:42,00:43:26,0,0,0.0,0.0,0.0,0.0
0ab7acb36e6c710a7733c1c24e566bb3,2019-02-28,1731.8,69376.9,0.0,0.0,43192.4,6.1,756.2,7.6,9021.7,88.1,15290.4,57.8,36.3,5.9,9442.0,0.7,01:47:25,00:51:27,09:50:51,00:35:30,0,0,0.0,0.0,0.0,0.0
0ab7acb36e6c710a7733c1c24e566bb3,2019-03-08,753.9,71031.1,0.0,0.0,17778.4,5.6,1086.9,7.5,9615.3,89.7,14614.0,63.8,30.4,5.8,8346.1,0.9,02:02:17,00:40:50,10:00:00,00:38:36,1,1,0.0,0.0,0.0,0.0
0ab7acb36e6c710a7733c1c24e566bb3,2019-03-12,196.1,73179.4,0.0,0.0,5337.6,5.5,1042.6,7.7,10024.8,91.6,13023.6,59.7,35.0,5.3,7479.4,1.1,01:48:34,00:44:30,09:58:51,00:53:18,0,0,0.0,0.0,0.0,0.0
0ab7acb36e6c710a7733c1c24e566bb3,2019-03-18,2116.4,73249.4,0.0,0.0,120439.9,4.1,405053.2,8.4,11523.2,84.0,11033.2,33.7,27.8,2.8,5735.8,1.9,01:15:25,01:09:19,10:10:17,01:40:15,0,0,0.0,0.0,0.0,0.0
0ab7acb36e6c710a7733c1c24e566bb3,2019-03-24,6223.1,67357.4,0.0,0.0,296950.9,3.6,897182.1,8.3,12685.8,88.9,12818.5,12.0,12.4,4.2,6267.9,2.1,01:13:08,01:11:28,10:06:51,01:40:33,0,0,0.0,0.0,0.0,0.0
0ab7acb36e6c710a7733c1c24e566bb3,2019-03-30,5889.4,64996.4,0.0,0.0,213981.5,5.3,663284.6,7.5,11196.5,100.1,15513.2,30.6,9.0,10.4,7827.8,1.8,01:33:42,00:51:37,09:36:00,01:21:21,0,0,0.0,0.0,0.0,0.0
0ab7acb36e6c710a7733c1c24e566bb3,2019-04-01,5248.6,64905.8,0.0,0.0,206675.6,5.8,505056.6,7.3,10829.4,101.2,16244.6,39.6,12.6,12.2,8494.2,1.8,01:41:42,00:57:14,09:28:00,01:18:19,1,1,0.0,0.0,0.0,0.0
0ab7acb36e6c710a7733c1c24e566bb3,2019-04-16,95.9,70285.1,0.0,0.0,4320.5,7.2,651.8,7.6,8758.5,95.8,16018.1,49.6,35.3,15.1,8226.1,1.6,01:47:25,01:16:50,09:55:25,01:01:43,0,0,0.0,0.0,0.0,0.0
0ab7acb36e6c710a7733c1c24e566bb3,2019-04-22,139.6,69533.0,0.0,0.0,4747.6,6.8,823.1,7.4,8933.0,103.4,16726.4,45.8,40.0,14.2,8312.6,1.4,01:54:17,00:50:10,09:47:25,00:58:08,0,0,0.0,0.0,0.0,0.0
0ab7acb36e6c710a7733c1c24e566bb3,2019-05-03,340.2,74075.2,0.0,0.0,5694.1,6.1,1537.2,7.9,8627.8,83.6,11983.6,64.4,25.0,10.7,6797.4,1.8,01:29:08,01:15:27,09:57:42,01:58:17,1,1,0.0,0.0,0.0,0.0
0ab7acb36e6c710a7733c1c24e566bb3,2019-05-25,351.3,66411.9,0.0,0.0,6976.2,7.5,635.7,7.0,12337.0,174.4,19635.9,55.7,32.4,11.9,10616.5,0.9,02:18:17,00:38:32,09:48:34,00:56:08,0,0,0.0,0.0,0.0,0.0
0ab7acb36e6c710a7733c1c24e566bb3,2019-05-30,224.6,68558.0,0.0,0.0,4312.4,7.0,455.9,7.1,11987.3,173.2,17616.4,49.8,38.5,11.7,10432.9,1.4,02:12:34,01:03:50,09:44:00,00:58:14,1,1,0.0,0.0,0.0,0.0
0ab7acb36e6c710a7733c1c24e566bb3,2019-05-31,668.7,69320.4,0.0,0.0,13507.3,6.9,8752.6,7.0,11657.8,166.8,16409.9,48.6,40.3,11.1,9924.9,1.4,02:04:34,01:02:53,09:33:42,01:07:50,1,1,0.0,0.0,0.0,0.0
0ab7acb36e6c710a7733c1c24e566bb3,2020-01-07,5805.7,64430.9,0.0,0.0,4438.8,0.3,338156.7,8.5,1095.3,10.1,16162.4,11.1,0.0,0.0,5117.4,3.9,22:25:46,01:28:25,07:31:33,02:47:15,0,0,0.0,0.0,0.0,0.0
0ab7acb36e6c710a7733c1c24e566bb3,2020-01-14,5262.2,65724.1,0.0,0.0,44482.8,1.3,1477263.8,8.6,6567.5,52.4,15412.6,35.7,0.0,0.0,5551.2,2.3,22:45:42,01:09:54,07:54:17,01:55:56,0,0,0.0,0.0,0.0,0.0
0ab7acb36e6c710a7733c1c24e566bb3,2020-01-15,5491.0,65681.0,0.0,0.0,44482.8,1.3,1477263.8,8.9,8227.7,57.6,15227.0,35.7,0.0,0.0,5642.1,1.9,22:34:17,01:04:27,08:02:17,01:43:50,0,0,0.0,0.0,0.0,0.0
0ab7acb36e6c710a7733c1c24e566bb3,2020-01-23,7267.3,64837.0,0.0,0.0,37880.1,0.8,825104.1,8.4,12079.5,88.7,14294.7,14.3,0.0,0.0,5750.9,1.8,23:18:51,01:09:55,08:17:08,01:05:15,0,0,0.0,0.0,0.0,0.0
0ab7acb36e6c710a7733c1c24e566bb3,2020-01-25,6698.5,65528.1,0.0,0.0,3897.0,0.4,390330.6,8.1,12451.3,87.4,14172.4,0.0,0.0,0.0,6245.6,1.6,23:45:08,01:14:25,08:24:00,01:08:37,0,0,0.0,0.0,0.0,0.0
0ab7acb36e6c710a7733c1c24e566bb3,2020-01-28,6786.9,65314.5,0.0,0.0,0.0,0.0,0.0,7.5,13575.6,87.8,14297.6,0.0,0.0,0.0,5902.8,1.4,00:05:42,01:22:23,08:06:51,01:23:57,0,0,0.0,0.0,0.0,0.0
0ab7acb36e6c710a7733c1c24e566bb3,2020-02-01,5534.5,67112.1,0.0,0.0,0.0,0.0,0.0,7.4,14599.0,92.6,13752.4,0.0,0.0,0.0,6119.8,1.5,00:06:51,01:17:22,08:01:08,01:21:41,0,0,0.0,0.0,0.0,0.0
0ab7acb36e6c710a7733c1c24e566bb3,2020-02-10,6855.9,64464.9,0.0,0.0,0.0,0.0,0.0,7.7,13386.7,102.4,15078.2,0.0,0.0,0.0,7085.5,1.2,23:39:25,00:55:14,07:49:42,01:09:54,0,0,0.0,0.0,0.0,0.0
0ab7acb36e6c710a7733c1c24e566bb3,2020-02-18,6702.9,65177.3,0.0,0.0,0.0,0.0,0.0,8.1,13063.0,106.6,14518.9,0.0,0.0,0.0,6882.1,1.6,23:22:17,01:27:08,08:03:25,01:13:51,0,0,0.0,0.0,0.0,0.0
0ab7acb36e6c710a7733c1c24e566bb3,2020-02-24,6219.1,66612.1,0.0,0.0,0.0,0.0,0.0,8.2,13368.2,98.0,13567.9,0.0,0.0,0.0,6399.0,1.5,23:39:25,01:37:13,08:27:25,00:58:08,0,0,0.0,0.0,0.0,0.0
0ab7acb36e6c710a7733c1c24e566bb3,2020-02-27,6312.1,66434.7,0.0,0.0,0.0,0.0,0.0,7.9,14048.1,100.2,13652.1,0.0,0.0,0.0,6211.7,1.6,00:10:17,01:32:13,08:35:25,00:58:22,0,0,0.0,0.0,0.0,0.0
0ab7acb36e6c710a7733c1c24e566bb3,2020-03-05,5571.4,67545.9,0.0,0.0,0.0,0.0,0.0,7.7,13465.1,105.6,13281.9,0.0,0.0,0.0,5945.9,1.4,00:44:34,01:10:34,08:57:08,01:12:59,0,0,0.0,0.0,0.0,0.0
0ab7acb36e6c710a7733c1c24e566bb3,2020-03-10,5275.2,67321.1,0.0,0.0,0.0,0.0,0.0,7.6,12560.3,111.4,13802.7,0.0,0.0,0.0,6467.9,1.6,00:53:42,01:26:17,08:57:08,01:31:51,0,0,0.0,0.0,0.0,0.0
0ab7acb36e6c710a7733c1c24e566bb3,2020-03-16,6535.4,62635.7,0.0,0.0,0.0,0.0,0.0,7.9,11780.9,104.4,17227.9,0.0,0.0,0.0,6573.8,1.4,00:24:00,01:19:01,08:51:25,01:18:25,0,0,0.0,0.0,0.0,0.0
0ab7acb36e6c710a7733c1c24e566bb3,2020-03-20,11079.8,58108.6,0.0,0.0,0.0,0.0,0.0,7.9,14513.8,112.0,17210.6,0.0,0.0,0.0,5870.6,1.3,00:49:08,01:18:57,09:17:42,01:22:39,1,1,0.0,0.0,0.0,0.0
0ab7acb36e6c710a7733c1c24e566bb3,2020-03-24,9253.1,61159.1,0.0,0.0,0.0,0.0,0.0,8.1,17706.9,128.1,15986.7,0.0,0.0,0.0,4472.3,1.0,01:18:51,01:28:33,09:57:42,01:22:09,0,0,0.0,0.0,0.0,0.0
0ab7acb36e6c710a7733c1c24e566bb3,2020-03-29,7061.5,67234.6,0.0,0.0,0.0,0.0,0.0,7.7,20816.8,143.5,12102.9,0.0,0.0,0.0,3591.7,1.0,02:12:34,00:55:14,10:24:00,01:13:19,0,0,0.0,0.0,0.0,0.0
0ab7acb36e6c710a7733c1c24e566bb3,2020-04-07,865.1,76153.5,0.0,0.0,0.0,0.0,0.0,7.2,17544.3,150.7,9380.4,0.0,0.0,0.0,2891.2,1.5,02:16:00,00:44:20,09:56:34,01:30:47,0,0,0.0,0.0,0.0,0.0
0ab7acb36e6c710a7733c1c24e566bb3,2020-04-15,835.9,76544.2,0.0,0.0,0.0,0.0,0.0,7.9,15283.6,154.0,9018.9,0.0,0.0,0.0,2402.9,0.8,01:42:51,00:47:30,10:09:08,01:10:23,0,0,0.0,0.0,0.0,0.0
0ab7acb36e6c710a7733c1c24e566bb3,2020-04-24,579.2,78690.4,0.0,0.0,0.0,0.0,0.0,8.3,10365.8,92.7,7129.4,0.0,0.0,0.0,1991.0,0.9,00:59:25,00:55:34,09:50:51,01:00:54,1,1,0.0,0.0,0.0,0.0
0ab7acb36e6c710a7733c1c24e566bb3,2020-05-02,1049.8,77943.9,0.0,0.0,0.0,0.0,0.0,8.2,9806.9,88.4,7405.4,0.0,0.0,0.0,2096.1,1.2,01:17:42,01:03:57,10:05:42,00:49:48,1,1,0.0,0.0,0.0,0.0
0ab7acb36e6c710a7733c1c24e566bb3,2020-05-05,974.4,77593.1,0.0,0.0,0.0,0.0,0.0,8.4,10696.4,97.6,7831.6,0.0,0.0,0.0,2070.4,1.5,01:23:25,00:55:29,10:20:34,01:09:31,0,0,0.0,0.0,0.0,0.0
0ab7acb36e6c710a7733c1c24e566bb3,2020-05-16,523.9,77015.8,0.0,0.0,0.0,0.0,0.0,7.8,13698.9,124.4,8859.3,0.0,0.0,0.0,2172.7,1.6,01:10:51,00:39:03,09:31:25,01:30:23,0,0,0.0,0.0,0.0,0.0
0ab7acb36e6c710a7733c1c24e566bb3,2020-05-20,921.5,75905.9,0.0,0.0,0.0,0.0,0.0,7.5,13268.2,132.4,9571.6,0.0,0.0,0.0,2299.5,1.0,01:17:42,00:45:35,09:17:42,01:07:01,0,0,0.0,0.0,0.0,0.0
0ab7acb36e6c710a7733c1c24e566bb3,2020-06-09,5883.2,68495.9,0.0,0.0,0.0,0.0,0.0,7.5,11023.4,116.8,12019.9,0.0,0.0,0.0,4201.5,1.3,02:00:00,01:20:10,10:00:00,00:56:58,0,0,0.0,0.0,0.0,0.0
0ab7acb36e6c710a7733c1c24e566bb3,2020-06-10,5657.6,68745.4,0.0,0.0,0.0,0.0,0.0,7.5,11284.8,116.7,11996.1,0.0,0.0,0.0,4232.1,1.3,01:50:51,01:32:24,09:52:00,01:06:47,0,0,0.0,0.0,0.0,0.0
0ab7acb36e6c710a7733c1c24e566bb3,2020-06-15,6194.5,66647.3,0.0,0.0,0.0,0.0,0.0,7.7,12220.6,124.2,13557.3,0.0,0.0,0.0,5120.1,1.1,01:37:08,01:15:38,09:50:51,01:06:05,0,0,0.0,0.0,0.0,0.0
0ab7acb36e6c710a7733c1c24e566bb3,2020-06-23,2583.1,70997.9,0.0,0.0,0.0,0.0,0.0,7.6,12926.1,127.7,12817.9,0.0,0.0,0.0,4695.3,0.9,01:15:25,00:55:53,09:24:34,00:47:00,0,0,0.0,0.0,0.0,0.0
0ab7acb36e6c710a7733c1c24e566bb3,2020-07-03,2050.8,73739.7,0.0,0.0,0.0,0.0,0.0,7.5,13560.4,119.9,10608.5,0.0,0.0,0.0,3656.4,1.3,01:24:34,00:39:23,09:24:34,00:55:53,0,0,0.0,0.0,0.0,0.0
0ab7acb36e6c710a7733c1c24e566bb3,2020-07-09,5306.3,71207.4,0.0,0.0,0.0,0.0,0.0,7.3,13105.9,113.3,9885.4,0.0,0.0,0.0,3220.3,1.2,01:24:34,00:42:31,09:13:08,00:59:28,0,0,0.0,0.0,0.0,0.0
0ab7acb36e6c710a7733c1c24e566bb3,2020-07-16,5412.1,70752.4,0.0,0.0,0.0,0.0,0.0,6.9,12678.8,114.9,10234.6,0.0,0.0,0.0,3760.8,0.9,01:39:25,01:25:07,09:01:42,01:12:47,0,0,0.0,0.0,0.0,0.0
0ab7acb36e6c710a7733c1c24e566bb3,2020-07-23,1551.1,73794.9,0.0,0.0,0.0,0.0,0.0,6.8,13192.8,133.2,11053.0,0.0,0.0,0.0,3226.6,2.0,01:21:08,02:28:55,10:18:17,02:57:55,0,0,0.0,0.0,0.0,0.0
0ab7acb36e6c710a7733c1c24e566bb3,2020-07-27,2175.4,72580.7,0.0,0.0,0.0,0.0,0.0,6.6,11869.4,124.8,11642.9,0.0,0.0,0.0,3370.1,2.1,01:23:25,02:16:11,10:05:42,02:56:36,0,0,0.0,0.0,0.0,0.0
0ab7acb36e6c710a7733c1c24e566bb3,2020-08-02,6163.8,69110.7,0.0,0.0,0.0,0.0,0.0,7.1,10587.2,122.1,11124.5,0.0,0.0,0.0,4697.7,1.4,02:41:08,00:55:34,10:17:08,01:09:40,1,1,0.0,0.0,0.0,0.0
0ab7acb36e6c710a7733c1c24e566bb3,2020-08-09,5978.7,70061.8,0.0,0.0,0.0,0.0,0.0,7.9,11210.9,108.9,10358.5,0.0,0.0,0.0,4431.2,1.0,01:55:25,01:25:59,10:20:34,00:51:22,0,0,0.0,0.0,0.0,0.0
0ab7acb36e6c710a7733c1c24e566bb3,2020-08-19,2457.2,75083.3,0.0,0.0,0.0,0.0,0.0,8.4,11809.9,106.1,8858.5,0.0,0.0,0.0,2981.2,1.7,00:42:17,01:23:55,09:38:17,01:17:10,0,0,0.0,0.0,0.0,0.0
0ab7acb36e6c710a7733c1c24e566bb3,2020-08-23,2828.2,74713.8,0.0,0.0,0.0,0.0,0.0,8.5,10568.0,102.0,8857.0,0.0,0.0,0.0,3268.0,1.6,00:43:25,01:11:55,09:46:17,01:18:59,0,0,0.0,0.0,0.0,0.0
0ab7acb36e6c710a7733c1c24e566bb3,2020-08-30,3037.9,74595.3,0.0,0.0,0.0,0.0,0.0,8.7,9233.2,99.3,8765.9,0.0,0.0,0.0,3384.3,0.8,00:40:00,00:52:38,09:55:25,01:00:49,0,0,0.0,0.0,0.0,0.0
0ab7acb36e6c710a7733c1c24e566bb3,2020-09-10,5322.2,71899.9,0.0,0.0,0.0,0.0,0.0,8.9,6554.9,70.6,9176.9,0.0,0.0,0.0,3614.7,1.6,00:26:17,01:27:58,09:55:25,01:02:53,0,0,0.0,0.0,0.0,0.0
0ab7acb36e6c710a7733c1c24e566bb3,2020-09-15,8368.8,66890.6,0.0,0.0,0.0,0.0,0.0,8.5,6232.8,66.9,11139.6,0.0,0.0,0.0,4172.2,1.8,00:40:00,01:28:24,09:41:42,00:58:30,0,0,0.0,0.0,0.0,0.0
0ab7acb36e6c710a7733c1c24e566bb3,2020-09-23,5279.5,65978.4,0.0,0.0,0.0,0.0,0.0,7.3,8797.9,95.2,15141.1,0.0,0.0,0.0,4549.4,0.8,01:38:17,00:54:22,09:26:51,00:55:39,0,0,0.0,0.0,0.0,0.0
0ab7acb36e6c710a7733c1c24e566bb3,2020-10-02,2232.5,67719.4,0.0,0.0,0.0,0.0,0.0,7.1,10977.4,117.6,16447.1,0.0,0.0,0.0,6016.6,1.2,01:47:25,01:21:40,09:20:00,01:09:44,0,0,0.0,0.0,0.0,0.0
0ab7acb36e6c710a7733c1c24e566bb3,2020-10-10,2930.8,68393.1,0.0,0.0,0.0,0.0,0.0,7.1,11226.8,123.9,15075.2,0.0,0.0,0.0,4986.9,1.3,01:20:00,01:03:25,08:53:42,00:51:10,0,0,0.0,0.0,0.0,0.0
0ab7acb36e6c710a7733c1c24e566bb3,2020-10-12,3244.4,68213.8,0.0,0.0,0.0,0.0,0.0,7.1,10920.4,121.9,14940.9,0.0,0.0,0.0,5305.9,1.3,01:31:25,01:03:50,09:04:00,00:51:40,0,0,0.0,0.0,0.0,0.0
0ab7acb36e6c710a7733c1c24e566bb3,2020-10-20,3024.1,67963.0,0.0,0.0,0.0,0.0,0.0,7.2,10939.5,130.6,15412.0,0.0,0.0,0.0,4738.5,0.9,01:40:34,00:57:11,09:18:51,00:48:33,1,1,0.0,0.0,0.0,0.0
0ab7acb36e6c710a7733c1c24e566bb3,2020-10-26,2300.8,68361.2,0.0,0.0,0.0,0.0,0.0,6.8,12629.0,144.8,15737.0,0.0,0.0,0.0,3510.6,1.3,02:12:34,01:45:20,09:25:42,01:05:18,0,0,0.0,0.0,0.0,0.0
0ab7acb36e6c710a7733c1c24e566bb3,2020-10-31,1782.2,69721.9,0.0,0.0,0.0,0.0,0.0,6.8,13425.4,139.4,14894.9,0.0,0.0,0.0,3467.6,1.4,02:25:08,01:36:05,09:39:25,01:08:43,1,1,0.0,0.0,0.0,0.0
0ab7acb36e6c710a7733c1c24e566bb3,2020-11-07,1269.5,71505.6,0.0,0.0,0.0,0.0,0.0,6.6,13637.0,148.9,13623.9,0.0,0.0,0.0,2758.1,1.6,01:54:17,00:36:12,08:59:25,01:40:43,0,0,0.0,0.0,0.0,0.0
0ab7acb36e6c710a7733c1c24e566bb3,2020-11-10,1186.8,71649.7,0.0,0.0,0.0,0.0,0.0,6.4,13439.4,153.2,13562.5,0.0,0.0,0.0,2952.4,1.6,01:50:51,00:42:31,08:42:17,01:40:01,0,0,0.0,0.0,0.0,0.0
0ab7acb36e6c710a7733c1c24e566bb3,2020-11-17,1329.9,71356.9,0.0,0.0,0.0,0.0,0.0,6.7,14113.8,152.8,13712.2,0.0,0.0,0.0,3423.2,1.6,01:50:51,00:47:24,08:58:17,01:42:54,1,1,0.0,0.0,0.0,0.0
0ab7acb36e6c710a7733c1c24e566bb3,2020-11-20,4726.6,68456.4,0.0,0.0,0.0,0.0,0.0,6.8,14657.6,145.6,13216.0,0.0,0.0,0.0,3609.4,1.6,01:53:08,00:56:52,09:08:34,01:28:33,0,0,0.0,0.0,0.0,0.0
0ab7acb36e6c710a7733c1c24e566bb3,2020-11-27,5469.4,69453.2,0.0,0.0,0.0,0.0,0.0,7.1,13512.9,120.4,11476.4,0.0,0.0,0.0,3536.6,1.3,01:44:00,00:54:40,09:18:51,01:03:33,0,0,0.0,0.0,0.0,0.0
0ab7acb36e6c710a7733c1c24e566bb3,2020-11-28,6940.9,68594.1,0.0,0.0,0.0,0.0,0.0,7.4,13243.1,121.3,10864.1,0.0,0.0,0.0,2988.6,1.0,01:37:08,01:00:54,09:30:17,00:37:05,1,1,0.0,0.0,0.0,0.0
0ab7acb36e6c710a7733c1c24e566bb3,2020-12-01,7127.0,69666.3,0.0,0.0,0.0,0.0,0.0,7.6,12359.6,112.5,9605.8,0.0,0.0,0.0,2837.2,1.1,01:21:08,01:08:16,09:24:34,00:34:26,0,0,0.0,0.0,0.0,0.0
0ab7acb36e6c710a7733c1c24e566bb3,2020-12-10,3885.6,73723.7,0.0,0.0,0.0,0.0,0.0,7.7,12935.6,107.1,8789.7,0.0,0.0,0.0,2743.2,1.7,01:07:25,01:29:56,09:21:08,01:25:37,0,0,0.0,0.0,0.0,0.0
0ab7acb36e6c710a7733c1c24e566bb3,2020-12-17,4310.1,69308.6,0.0,0.0,0.0,0.0,0.0,7.0,12253.0,91.8,12780.3,0.0,0.0,0.0,4082.2,1.9,01:20:00,01:54:44,08:48:00,01:46:28,0,0,0.0,0.0,0.0,0.0
0ab7acb36e6c710a7733c1c24e566bb3,2020-12-25,5134.9,66787.5,0.0,0.0,0.0,0.0,0.0,6.7,11974.9,105.2,14476.6,0.0,0.0,0.0,4508.8,1.8,01:28:00,01:31:15,08:38:51,01:39:07,0,0,0.0,0.0,0.0,0.0
0ab7acb36e6c710a7733c1c24e566bb3,2021-01-11,6069.7,68892.3,0.0,0.0,0.0,0.0,0.0,8.5,10503.0,77.0,11437.0,0.0,0.0,0.0,3926.9,1.5,00:45:42,01:17:10,09:49:42,00:48:42,1,1,0.0,0.0,0.0,0.0
0ab7acb36e6c710a7733c1c24e566bb3,2021-01-13,5795.8,68823.7,0.0,0.0,0.0,0.0,0.0,8.5,9783.0,77.1,11779.5,0.0,0.0,0.0,3641.1,1.1,00:46:51,00:52:52,09:52:00,00:47:13,0,0,0.0,0.0,0.0,0.0
0ab7acb36e6c710a7733c1c24e566bb3,2021-01-19,5058.6,68836.3,0.0,0.0,0.0,0.0,0.0,8.1,8606.9,78.0,12504.2,0.0,0.0,0.0,3946.9,1.1,00:52:34,01:02:23,09:32:34,00:29:44,0,0,0.0,0.0,0.0,0.0
0ab7acb36e6c710a7733c1c24e566bb3,2021-01-29,1930.0,71366.9,0.0,0.0,0.0,0.0,0.0,6.9,10249.4,99.2,13102.1,0.0,0.0,0.0,6077.0,1.2,01:47:25,01:19:38,09:08:34,00:55:53,0,0,0.0,0.0,0.0,0.0
0ab7acb36e6c710a7733c1c24e566bb3,2021-02-03,2393.6,71817.7,0.0,0.0,0.0,0.0,0.0,6.6,10158.9,91.6,12187.7,0.0,0.0,0.0,4900.7,1.4,02:24:00,01:17:54,09:29:08,00:55:59,1,1,0.0,0.0,0.0,0.0
0ab7acb36e6c710a7733c1c24e566bb3,2021-02-12,1718.6,74493.4,0.0,0.0,0.0,0.0,0.0,7.3,9881.9,73.4,10187.1,0.0,0.0,0.0,2314.7,1.6,01:57:42,01:20:35,09:44:00,01:50:58,1,1,0.0,0.0,0.0,0.0
0ab7acb36e6c710a7733c1c24e566bb3,2021-02-14,2036.4,75071.2,0.0,0.0,0.0,0.0,0.0,7.4,9426.0,70.1,9291.4,0.0,0.0,0.0,1832.4,1.5,01:47:25,01:23:00,09:42:51,01:51:27,0,0,0.0,0.0,0.0,0.0
0ab7acb36e6c710a7733c1c24e566bb3,2021-03-09,1740.1,76649.0,0.0,0.0,0.0,0.0,0.0,7.4,10869.8,84.2,8009.9,0.0,0.0,0.0,1442.7,1.4,01:42:51,01:17:22,09:36:00,01:54:54,0,0,0.0,0.0,0.0,0.0
0ab7acb36e6c710a7733c1c24e566bb3,2021-03-16,1586.1,75774.2,0.0,0.0,0.0,0.0,0.0,7.4,10433.4,84.4,9038.8,0.0,0.0,0.0,1579.3,1.1,01:55:25,00:51:22,09:46:17,01:12:28,0,0,0.0,0.0,0.0,0.0
0ab7acb36e6c710a7733c1c24e566bb3,2021-03-22,2759.0,73849.9,0.0,0.0,0.0,0.0,0.0,7.2,11736.0,95.6,9790.2,0.0,0.0,0.0,1473.4,1.9,02:10:17,01:22:26,09:48:34,00:56:08,1,1,0.0,0.0,0.0,0.0
0ab7acb36e6c710a7733c1c24e566bb3,2021-04-13,2490.4,71681.7,0.0,0.0,0.0,0.0,0.0,7.7,7625.4,72.8,12226.9,0.0,0.0,0.0,3914.6,0.9,01:41:42,00:47:04,09:55:25,00:53:07,1,1,0.0,0.0,0.0,0.0
0ab7acb36e6c710a7733c1c24e566bb3,2021-05-09,1954.2,70033.6,0.0,0.0,0.4,0.0,0.0,6.7,10575.6,107.7,14411.2,0.0,0.0,0.0,5645.1,1.2,02:14:51,00:56:38,09:21:08,01:14:10,0,0,0.0,0.0,0.0,0.0
0ab7acb36e6c710a7733c1c24e566bb3,2021-05-18,2677.6,69398.2,0.0,0.0,0.0,0.0,0.0,7.0,10040.3,98.9,14323.1,0.0,0.0,0.0,6450.4,1.0,02:08:00,01:09:28,09:36:00,00:50:14,1,1,0.0,0.0,0.0,0.0
0ab7acb36e6c710a7733c1c24e566bb3,2021-05-27,2026.1,70415.6,0.0,0.0,0.0,0.0,0.0,6.8,9855.7,87.8,13957.2,0.0,0.0,0.0,6937.1,0.8,01:57:42,00:59:26,09:12:00,00:49:46,0,0,0.0,0.0,0.0,0.0
0ab7acb36e6c710a7733c1c24e566bb3,2021-06-02,2389.1,68421.3,0.0,0.0,0.0,0.0,0.0,7.0,10570.9,93.8,15588.6,0.0,0.0,0.0,7106.6,1.4,02:04:34,01:59:54,09:30:17,01:13:13,0,0,0.0,0.0,0.0,0.0
0ab7acb36e6c710a7733c1c24e566bb3,2021-06-07,6453.3,62947.5,0.0,0.0,0.0,0.0,0.0,6.2,11296.0,101.1,16998.2,0.0,0.0,0.0,7399.1,2.1,02:27:25,02:22:29,09:05:08,01:31:12,0,0,0.0,0.0,0.0,0.0
0ab7acb36e6c710a7733c1c24e566bb3,2021-06-11,7053.8,59419.5,0.0,0.0,0.0,0.0,0.0,5.8,11445.3,106.6,19925.7,0.0,0.0,0.0,8826.7,2.0,02:59:25,02:35:08,09:12:00,01:48:58,1,1,0.0,0.0,0.0,0.0
0ab7acb36e6c710a7733c1c24e566bb3,2021-06-15,10267.2,56102.9,0.0,0.0,0.0,0.0,0.0,4.9,12357.1,114.9,20028.9,0.0,0.0,0.0,8761.9,1.4,03:29:08,02:04:17,08:40:00,01:48:58,0,0,0.0,0.0,0.0,0.0
0ba15aa0582c5e825710d42fe3eb231d,2018-11-14,0.0,78280.0,15785.8,18.0,1092.0,3.0,627.0,20.5,10171.0,133.0,3259.0,0.0,60.0,40.0,0.0,0.0,20:00:00,00:00:00,17:52:00,00:00:00,0,0,0.0,2.0,160.0,9.0
0ba15aa0582c5e825710d42fe3eb231d,2018-11-17,243.5,77088.2,17839.7,19.8,5978.0,3.5,2692.8,11.4,18374.3,183.0,3425.0,23.1,23.0,54.0,0.0,6.3,02:04:00,03:33:16,14:12:00,02:21:28,1,1,0.0,6.0,643.0,14.0
0ba15aa0582c5e825710d42fe3eb231d,2018-11-18,214.4,74597.2,24222.7,23.8,4999.4,3.4,2280.6,9.7,21206.6,183.2,4820.0,18.5,34.6,46.9,0.0,6.6,02:14:24,03:11:53,12:35:12,03:51:17,0,0,0.0,4.8,514.4,11.4
0ba15aa0582c5e825710d42fe3eb231d,2018-11-21,2652.4,69142.6,23715.2,21.4,295353.1,3.5,529213.8,7.9,25374.2,204.6,5579.9,36.6,27.2,36.3,0.0,5.6,01:36:00,03:53:55,10:00:00,05:24:57,0,0,0.0,9.5,1204.9,25.6
0ba15aa0582c5e825710d42fe3eb231d,2018-11-24,2362.8,70409.7,21475.6,24.9,217285.8,3.0,958012.4,8.3,25030.2,183.1,4560.4,53.9,19.8,26.4,0.0,5.6,01:53:27,03:22:33,10:44:21,05:28:58,0,0,0.0,8.4,997.0,19.0
0ba15aa0582c5e825710d42fe3eb231d,2018-11-25,2376.9,70823.2,21720.9,26.7,201260.7,3.0,1053140.0,8.2,24822.6,184.7,4409.6,57.7,18.1,24.2,0.0,5.3,02:00:00,03:15:08,10:42:40,05:15:01,0,0,0.0,7.8,1075.6,17.4
0ba15aa0582c5e825710d42fe3eb231d,2018-11-28,2805.8,70693.6,20632.2,25.9,181633.0,2.8,1353184.7,6.3,28167.5,198.8,4187.4,70.9,11.2,17.9,0.0,3.7,02:53:42,03:02:42,09:39:25,04:38:47,0,0,0.0,10.8,1776.5,19.9
0ba15aa0582c5e825710d42fe3eb231d,2018-12-01,5149.2,66937.6,19688.9,26.6,200902.0,2.6,1803825.2,5.6,29811.3,209.4,4395.6,85.7,9.0,5.3,0.0,3.5,02:35:25,02:58:12,08:32:00,04:22:58,0,0,0.0,12.5,2054.9,17.5
0ba15aa0582c5e825710d42fe3eb231d,2018-12-03,5380.2,68365.3,14413.2,24.7,203471.1,2.3,2104988.0,6.0,29446.6,200.4,3344.1,100.0,0.0,0.0,0.0,3.5,02:30:51,02:54:43,08:57:08,04:05:15,0,0,0.0,11.9,1871.1,17.0
0ba15aa0582c5e825710d42fe3eb231d,2018-12-06,11878.0,59891.4,13772.4,23.1,186676.2,2.6,1996265.1,5.7,31258.7,213.1,3245.5,85.7,0.0,0.0,0.0,3.6,02:42:17,02:04:39,08:48:00,03:32:51,0,0,0.0,11.2,1772.7,10.3
0ba15aa0582c5e825710d42fe3eb231d,2018-12-07,15602.6,56030.4,13343.3,21.4,219179.4,2.9,1891130.9,5.7,31221.8,215.2,3221.9,78.6,0.0,0.0,0.0,3.6,02:54:51,02:12:25,08:59:25,03:32:33,0,0,0.0,11.3,1817.7,18.1
0ba15aa0582c5e825710d42fe3eb231d,2018-12-09,18172.4,50883.9,11772.2,18.9,308798.9,3.3,1840156.6,5.0,33886.1,219.4,4008.4,64.3,0.0,0.0,0.0,1.8,02:54:51,02:11:35,08:13:42,01:54:52,0,0,0.0,11.1,1756.9,18.0
0ba15aa0582c5e825710d42fe3eb231d,2018-12-13,19394.9,48251.5,14833.0,20.6,343971.9,3.3,1840154.6,6.4,32785.7,186.1,4228.5,64.3,0.0,0.0,0.0,2.0,02:21:42,01:26:46,09:08:34,01:51:34,0,0,0.0,7.9,1060.7,16.8
0ba15aa0582c5e825710d42fe3eb231d,2018-12-16,18716.6,47698.5,21265.9,26.1,348995.9,3.6,1841842.4,6.4,33596.6,175.7,4780.4,64.3,0.0,0.0,0.0,2.0,02:33:08,01:21:17,09:22:17,01:45:35,0,0,0.0,9.2,1172.2,23.7
0ba15aa0582c5e825710d42fe3eb231d,2018-12-20,11811.4,56311.2,23857.5,27.4,212632.5,3.1,1949125.6,6.7,31430.0,141.6,4823.1,78.6,0.0,0.0,0.0,1.7,01:31:25,03:38:29,10:25:08,03:08:46,0,0,0.0,10.6,1349.4,24.4
0ba15aa0582c5e825710d42fe3eb231d,2018-12-24,4045.8,63805.2,23155.7,26.7,53473.5,2.4,2105227.1,8.8,25087.9,116.7,7399.3,92.3,0.0,0.0,0.0,5.1,00:04:55,03:56:46,11:15:41,04:22:14,0,0,0.0,11.8,1333.8,19.5
0ba15aa0582c5e825710d42fe3eb231d,2018-12-26,3751.1,64585.5,23993.7,26.3,49760.2,2.4,2104530.4,8.2,24276.7,131.8,7438.9,92.3,0.0,0.0,0.0,5.3,00:41:50,04:22:34,11:15:41,04:22:32,1,1,0.0,11.9,1522.4,15.4
0ba15aa0582c5e825710d42fe3eb231d,2018-12-27,3963.8,65463.8,25664.0,27.8,51048.0,2.5,2105643.0,8.2,24255.8,135.5,6978.3,92.3,0.0,0.0,0.0,5.3,00:29:32,04:18:12,11:05:50,04:23:05,0,0,0.0,12.7,1410.7,16.8
0ba15aa0582c5e825710d42fe3eb231d,2018-12-31,3641.2,68453.9,21787.3,25.1,34849.8,2.1,2104343.7,8.1,23024.5,137.6,6046.8,92.3,0.0,0.0,0.0,5.4,00:51:41,04:33:29,11:23:04,04:17:29,0,0,0.0,14.5,1339.6,15.4
0ba15aa0582c5e825710d42fe3eb231d,2019-01-04,3777.0,70076.1,24091.6,27.8,161573.8,2.8,1899629.3,8.1,25450.9,174.2,3918.3,82.7,7.7,1.9,0.0,5.7,01:55:41,03:12:19,10:35:04,04:19:59,0,0,0.0,13.3,1418.1,26.8
0ba15aa0582c5e825710d42fe3eb231d,2019-01-06,3503.3,69382.9,24685.7,28.1,149904.4,3.2,1614063.4,6.9,26614.8,179.6,4646.3,84.9,12.8,2.3,0.0,3.0,02:27:25,02:40:55,09:50:51,03:02:10,0,0,0.0,12.4,1347.6,37.1
0ba15aa0582c5e825710d42fe3eb231d,2019-01-10,2804.7,69794.4,22820.2,28.4,141539.1,3.6,1011989.0,6.5,24215.6,187.3,5579.9,75.6,22.1,2.3,0.0,2.5,02:51:25,01:47:44,09:46:17,03:02:05,0,0,0.0,11.9,1368.2,40.0
0ba15aa0582c5e825710d42fe3eb231d,2019-01-13,1913.6,70639.6,21593.1,24.9,139099.2,3.8,561642.7,6.7,22300.7,191.4,5727.6,69.2,28.5,2.3,0.0,2.2,02:24:00,01:57:34,09:30:17,03:12:03,0,0,0.0,9.5,1435.2,36.6
0ba15aa0582c5e825710d42fe3eb231d,2019-01-15,1434.6,72019.1,22956.1,26.8,137790.9,3.9,261178.1,6.5,20498.2,185.0,5655.1,65.2,32.5,2.3,0.0,2.2,02:18:17,01:54:50,09:15:25,03:00:09,0,0,0.0,9.6,1686.9,35.6
0ba15aa0582c5e825710d42fe3eb231d,2019-01-17,634.6,73981.9,22492.3,23.6,7205.8,3.9,635.5,7.0,18407.7,190.1,5152.9,59.0,38.7,2.3,0.0,1.6,02:27:25,01:46:20,09:53:08,01:52:24,1,1,0.0,9.5,1690.3,33.1
0ba15aa0582c5e825710d42fe3eb231d,2019-01-19,614.2,73288.1,23708.6,24.9,7272.6,3.6,633.5,7.0,18821.9,191.7,5100.2,61.3,37.9,0.8,0.0,1.7,02:35:25,01:41:05,10:02:17,01:53:52,1,1,0.0,9.2,1804.2,22.6
0ba15aa0582c5e825710d42fe3eb231d,2019-01-20,811.5,72486.4,24351.3,25.8,9031.6,3.6,635.6,7.1,19096.5,199.0,5562.3,63.3,36.0,0.8,0.0,1.8,02:24:00,01:38:04,09:55:25,01:46:20,1,1,0.0,9.6,1828.1,25.4
0ba15aa0582c5e825710d42fe3eb231d,2019-01-24,564.9,72059.8,25250.1,26.0,7429.9,3.9,632.4,7.0,19891.0,191.0,5995.6,61.6,37.3,1.1,0.0,1.8,02:35:25,01:55:45,10:02:17,01:47:36,0,0,0.0,9.2,1668.0,35.2
0ba15aa0582c5e825710d42fe3eb231d,2019-01-27,478.9,69301.4,29327.5,28.3,7864.9,4.5,1563.6,6.9,19773.0,194.9,8253.6,51.2,39.0,9.7,0.0,1.6,02:59:25,01:41:13,10:22:51,00:53:54,0,0,0.0,9.6,1508.4,42.9
0ba15aa0582c5e825710d42fe3eb231d,2019-01-30,490.9,67673.3,31020.8,29.6,8087.4,4.8,2107.9,6.5,20951.5,194.1,8938.5,46.0,43.1,10.9,0.0,1.8,02:35:25,03:57:44,11:15:25,02:53:30,0,0,0.0,9.1,1510.6,54.9
0ba15aa0582c5e825710d42fe3eb231d,2019-02-02,625.8,67718.6,32585.2,29.5,9265.7,4.7,2605.5,6.1,21739.1,211.0,9066.1,49.1,40.7,10.2,0.0,1.6,02:58:17,03:57:59,11:08:34,02:59:37,0,0,0.0,8.9,1365.5,75.6
0ba15aa0582c5e825710d42fe3eb231d,2019-02-05,413.2,68160.9,32982.1,27.3,7762.1,4.4,2604.9,6.1,21505.1,214.9,8990.1,47.1,41.3,11.6,0.0,1.9,02:49:08,04:05:01,11:04:00,03:00:23,0,0,0.0,9.5,1458.6,85.2
0ba15aa0582c5e825710d42fe3eb231d,2019-02-10,633.6,69287.3,31584.4,26.0,7115.6,4.4,1674.1,7.0,22830.8,217.6,7196.8,40.7,40.8,18.5,0.0,2.5,01:28:00,03:58:54,10:37:42,03:12:44,1,1,0.0,9.9,2094.6,99.1
0ba15aa0582c5e825710d42fe3eb231d,2019-02-13,637.9,70362.2,31808.4,26.2,6629.4,4.1,1127.4,7.2,24472.4,227.1,6572.4,45.6,35.9,18.5,0.0,2.4,01:47:25,02:18:13,09:29:08,01:23:57,0,0,0.0,8.8,1893.9,126.3
0ba15aa0582c5e825710d42fe3eb231d,2019-02-16,1011.7,69975.6,28374.3,25.2,33328.1,3.8,23490.6,7.3,25128.4,206.4,6080.1,45.5,28.9,18.5,0.0,2.2,01:21:08,02:11:26,09:08:34,01:24:06,0,0,0.0,8.1,1839.1,141.2
0ba15aa0582c5e825710d42fe3eb231d,2019-02-17,2272.4,68410.9,26964.4,25.7,59779.8,4.0,46228.6,6.9,26295.4,211.4,6116.7,45.7,26.3,20.8,0.0,2.2,01:20:00,02:12:37,08:43:25,01:54:29,0,0,0.0,8.4,1949.6,154.4
0ba15aa0582c5e825710d42fe3eb231d,2019-02-21,2127.4,69062.8,23434.2,27.6,58956.0,3.3,46695.7,6.6,28758.2,205.9,5735.2,63.4,22.6,6.9,0.0,2.3,01:45:08,02:34:15,08:46:51,01:55:36,0,0,0.0,7.9,2585.1,163.2
0ba15aa0582c5e825710d42fe3eb231d,2019-02-23,2324.9,69247.4,25959.3,27.9,60404.7,3.2,46689.8,5.9,28273.0,217.1,5915.0,72.4,16.9,3.6,0.0,2.0,02:04:34,02:24:31,08:24:00,02:02:24,0,0,0.0,6.9,1889.3,162.4
0ba15aa0582c5e825710d42fe3eb231d,2019-02-25,2394.4,68392.5,26893.8,27.2,60482.4,3.4,46695.7,6.1,28364.1,235.4,6265.8,70.6,14.9,7.4,0.0,2.0,01:47:25,02:21:45,08:19:25,02:03:48,0,0,0.0,7.7,1916.9,171.4
0ba15aa0582c5e825710d42fe3eb231d,2019-03-04,1755.6,68061.4,27836.8,24.5,28502.1,3.3,26790.8,7.0,29297.2,236.8,6459.3,55.8,25.0,12.1,0.0,2.0,01:39:25,01:28:05,09:07:25,01:30:20,0,0,0.0,8.9,1800.1,230.6
0ba15aa0582c5e825710d42fe3eb231d,2019-03-07,1735.1,67618.0,28895.5,23.2,27817.1,3.9,26319.3,6.5,29439.1,257.0,6422.4,45.6,32.7,14.5,0.0,2.3,01:20:00,02:46:23,10:00:00,02:51:39,0,0,0.0,7.6,1157.6,287.9
0ba15aa0582c5e825710d42fe3eb231d,2019-03-09,1669.3,68638.2,27312.8,22.4,27246.0,3.8,26816.3,6.9,29974.6,258.6,6119.6,43.4,34.9,14.5,0.0,2.1,01:22:17,02:47:27,10:29:42,02:33:32,0,0,0.0,7.9,1351.9,323.3
0ba15aa0582c5e825710d42fe3eb231d,2019-03-10,1668.7,69145.2,27015.4,22.1,27200.9,3.5,26810.5,7.0,30033.5,257.7,5849.1,49.1,33.5,10.2,0.0,2.1,01:37:08,02:56:58,10:45:42,02:19:49,1,1,0.0,8.0,1367.0,344.7
0ba15aa0582c5e825710d42fe3eb231d,2019-03-13,1653.4,69040.6,25601.1,22.1,181970.6,3.7,39627.1,6.6,30010.2,244.6,5729.8,47.3,32.8,12.8,0.0,2.1,02:03:25,03:14:07,10:50:17,02:18:54,0,0,0.0,7.6,1444.6,424.7
0ba15aa0582c5e825710d42fe3eb231d,2019-03-20,7611.1,61438.4,27052.4,25.6,232527.6,3.2,1070541.3,7.3,28672.8,219.4,4508.7,34.9,11.8,3.3,0.0,2.7,02:05:42,02:26:44,09:50:51,01:44:49,0,0,0.0,12.2,1915.7,409.8
0ba15aa0582c5e825710d42fe3eb231d,2019-03-23,8236.5,56310.0,29861.2,30.1,369147.9,3.5,1685992.0,6.6,31424.2,224.8,5409.8,17.4,7.8,3.3,0.0,2.9,02:16:00,02:40:46,09:21:08,01:35:53,0,0,0.0,12.4,1911.3,386.6
0ba15aa0582c5e825710d42fe3eb231d,2019-03-24,8386.1,56147.9,30302.2,31.9,370914.7,3.6,1890476.2,6.8,31611.3,222.5,5376.9,10.3,7.8,3.3,0.0,2.9,02:06:51,02:34:28,09:22:17,01:36:43,0,0,0.0,12.9,1943.1,382.2
0ba15aa0582c5e825710d42fe3eb231d,2019-03-28,6914.9,57785.5,32506.7,36.9,609641.1,3.9,2134431.9,7.1,32710.7,229.7,5579.1,13.0,7.2,1.2,0.0,3.2,01:15:25,02:23:02,08:46:51,02:04:09,0,0,0.0,13.7,1936.7,341.5
0ba15aa0582c5e825710d42fe3eb231d,2019-04-01,3280.8,56973.7,34116.6,40.6,591329.0,5.0,1531634.9,6.4,34892.1,301.1,6432.5,33.2,14.4,2.5,0.0,2.3,02:00:00,01:58:18,08:52:34,01:45:20,0,0,0.0,11.1,1893.4,308.9
0ba15aa0582c5e825710d42fe3eb231d,2019-04-08,1670.8,60427.4,29463.7,38.1,454319.9,5.2,206587.8,6.2,32022.3,353.0,5281.9,69.8,26.7,3.5,0.0,2.0,01:41:42,01:56:34,10:03:25,03:39:39,0,0,0.0,9.7,1535.1,240.1
0ba15aa0582c5e825710d42fe3eb231d,2019-04-12,1486.6,60935.8,28192.2,37.2,28014.6,4.6,4321.7,6.3,31734.0,352.4,4884.1,73.0,24.7,2.3,0.0,1.8,01:40:34,02:07:37,10:08:00,03:35:00,0,0,0.0,7.2,1245.1,197.3
0ba15aa0582c5e825710d42fe3eb231d,2019-04-14,1430.4,61995.0,28176.6,36.6,26723.3,4.4,3824.1,6.3,32318.8,357.3,4658.8,73.8,24.0,2.2,0.0,1.8,01:49:42,02:15:04,10:15:25,03:36:32,0,0,0.0,7.1,1094.1,201.1
0ba15aa0582c5e825710d42fe3eb231d,2019-04-17,1181.4,62796.1,28744.7,35.9,20681.5,4.0,3823.5,6.1,33136.0,335.7,4199.1,73.4,24.4,2.2,0.0,1.8,01:28:00,02:15:03,09:41:08,03:58:32,1,1,0.0,8.0,1225.5,196.9
0ba15aa0582c5e825710d42fe3eb231d,2019-04-20,986.8,63202.8,28770.0,35.7,20057.3,4.2,5519.3,6.2,31441.9,319.4,4228.1,73.7,23.7,2.6,0.0,1.3,02:03:25,01:34:21,08:40:34,02:19:22,0,0,0.0,7.6,1162.6,184.4
0ba15aa0582c5e825710d42fe3eb231d,2019-04-21,1144.9,64330.3,29768.7,36.0,21817.6,4.3,5514.1,6.0,31436.3,311.4,3757.6,73.5,24.9,1.6,0.0,1.2,02:05:42,01:35:35,08:30:17,02:11:44,1,1,0.0,7.4,1107.9,185.6
0ba15aa0582c5e825710d42fe3eb231d,2019-04-23,1154.9,65223.4,29392.9,36.9,21650.8,4.0,5618.3,5.4,31474.1,303.4,3390.7,75.8,22.7,1.6,0.0,1.7,01:48:34,02:40:14,09:19:25,03:58:17,0,0,0.0,6.7,882.6,178.2
0ba15aa0582c5e825710d42fe3eb231d,2019-04-24,1188.0,65009.1,28599.4,37.0,23133.2,4.0,5618.3,5.1,32320.4,296.6,3504.8,80.1,18.3,1.6,0.0,1.5,02:06:51,02:41:25,09:17:08,03:58:34,0,0,0.0,7.8,1023.9,165.4
0ba15aa0582c5e825710d42fe3eb231d,2019-04-27,808.9,65804.6,29989.1,37.7,15376.6,4.1,3424.5,5.2,31458.0,281.1,3553.8,70.9,26.0,3.1,0.0,1.8,02:06:51,02:29:47,09:24:00,03:48:08,0,0,0.0,8.1,931.6,147.9
0ba15aa0582c5e825710d42fe3eb231d,2019-04-30,704.4,66329.9,28826.6,37.4,14025.4,4.4,3424.4,5.4,30318.4,263.3,3618.2,74.6,22.7,2.7,0.0,1.9,01:47:25,02:28:03,09:18:51,03:39:05,0,0,0.0,9.7,1054.4,136.0
0ba15aa0582c5e825710d42fe3eb231d,2019-05-04,571.2,64605.6,28400.9,36.5,10692.0,4.4,1231.4,5.9,30459.6,270.3,3684.9,75.0,21.7,3.2,0.0,2.1,01:52:00,02:27:53,09:53:08,03:27:57,0,0,0.0,9.4,890.4,173.4
0ba15aa0582c5e825710d42fe3eb231d,2019-05-05,404.0,65045.6,26987.8,37.5,8609.1,4.4,1231.4,5.9,30609.8,265.0,3777.1,77.3,19.5,3.2,0.0,2.1,01:57:42,02:32:20,09:55:25,03:27:34,0,0,0.0,9.9,976.9,177.4
0ba15aa0582c5e825710d42fe3eb231d,2019-05-08,426.7,62411.7,28606.8,38.6,8823.1,4.4,629.1,6.2,30412.1,266.4,3942.0,72.0,25.2,2.8,0.0,1.6,02:22:51,01:24:58,09:02:51,01:31:12,0,0,0.0,9.8,1055.6,169.9
0ba15aa0582c5e825710d42fe3eb231d,2019-05-11,932.4,61453.2,27905.9,39.4,27922.4,4.5,15492.6,6.0,30703.8,265.2,3686.0,76.8,22.3,0.8,0.0,1.8,02:37:42,01:56:18,08:59:25,01:14:54,0,0,0.0,10.1,1004.0,181.2
0ba15aa0582c5e825710d42fe3eb231d,2019-05-12,1311.6,61009.5,29373.3,40.1,41783.4,4.6,27981.4,6.0,31218.9,271.3,3538.2,74.3,24.8,0.8,0.0,1.9,02:33:08,02:02:15,08:57:08,01:14:43,0,0,0.0,9.3,906.5,182.6
0ba15aa0582c5e825710d42fe3eb231d,2019-05-20,2913.3,58940.5,29675.5,41.1,95736.6,4.2,53724.4,4.7,31257.1,292.4,3291.3,76.5,22.8,0.8,0.0,1.8,03:06:17,03:34:32,09:49:42,03:31:44,0,0,0.0,8.0,734.5,136.2
0ba15aa0582c5e825710d42fe3eb231d,2019-05-23,3017.9,58804.8,30195.0,39.3,96757.9,4.2,54222.8,5.0,31254.7,320.9,3139.4,80.3,17.7,2.0,0.0,2.0,03:15:25,03:33:34,10:20:34,03:25:48,0,0,0.0,8.2,901.4,172.4
0ba15aa0582c5e825710d42fe3eb231d,2019-05-27,2465.1,59100.6,29525.8,36.1,72425.1,3.7,31257.0,4.9,29589.0,309.8,3247.3,81.9,15.6,2.5,0.0,1.6,03:45:08,03:21:36,10:38:51,03:24:13,0,0,0.0,6.9,835.6,149.2
0ba15aa0582c5e825710d42fe3eb231d,2019-06-03,1142.4,60545.0,29105.6,37.3,21794.1,3.6,6234.7,5.5,29857.2,305.5,3300.9,75.4,15.3,9.4,0.0,2.0,03:25:42,03:04:12,09:15:25,02:45:26,0,0,0.0,6.3,1013.3,189.1
0ba15aa0582c5e825710d42fe3eb231d,2019-06-07,779.4,59593.6,31899.7,40.1,14747.4,3.2,3543.2,5.0,29447.0,315.6,3830.6,51.7,11.6,36.7,0.0,1.7,03:14:17,03:41:16,08:35:25,03:11:20,0,0,0.0,6.1,817.3,159.1
0ba15aa0582c5e825710d42fe3eb231d,2019-06-09,930.4,59803.9,33093.6,42.6,17882.4,3.4,3542.9,5.2,28928.4,324.4,3537.9,42.3,6.7,51.0,0.0,1.9,03:31:25,04:03:07,09:04:00,03:23:01,0,0,0.0,6.2,822.1,160.8
0ba15aa0582c5e825710d42fe3eb231d,2019-06-15,1022.1,53768.0,33742.6,41.6,21540.9,3.2,626.0,5.4,25472.2,308.4,3750.7,5.4,5.4,89.2,0.0,1.7,03:48:34,03:25:39,09:37:08,02:37:52,0,0,0.0,5.5,802.9,177.2
0ba15aa0582c5e825710d42fe3eb231d,2019-06-17,5152.4,49723.3,36719.5,44.2,177761.1,3.1,236357.0,5.4,26254.9,300.9,3765.4,7.1,3.7,82.0,0.0,1.8,03:34:51,03:11:52,09:22:17,02:29:57,0,0,0.0,6.4,842.9,170.0
0ba15aa0582c5e825710d42fe3eb231d,2019-06-20,6834.4,48333.1,34017.0,43.1,204182.2,3.2,693035.2,5.7,27353.6,283.6,3352.9,28.6,3.7,60.6,0.0,1.8,03:30:17,02:28:14,09:33:42,01:39:20,0,0,0.0,8.0,1146.4,192.7
0ba15aa0582c5e825710d42fe3eb231d,2019-06-24,7876.1,48799.3,33941.8,44.2,212276.8,2.6,1293556.1,5.7,30846.9,275.4,2326.8,57.1,3.7,32.1,0.0,1.7,03:07:25,01:57:47,09:09:42,01:31:26,1,1,0.0,9.4,1482.4,214.4
0ba15aa0582c5e825710d42fe3eb231d,2019-06-27,8883.0,52280.1,34803.2,44.6,219841.4,2.6,1744391.2,5.3,33075.6,284.3,1539.6,78.6,0.0,14.3,0.0,1.6,02:42:17,02:01:04,08:24:00,01:59:23,0,0,0.0,11.8,1557.2,184.9
0ba15aa0582c5e825710d42fe3eb231d,2019-06-29,9138.9,54579.3,35465.3,45.9,215154.1,2.4,2044762.9,5.5,33615.9,286.4,1221.4,92.9,0.0,0.0,0.0,1.5,02:32:00,01:59:14,08:26:17,02:06:04,1,1,0.0,14.5,1691.4,152.4
0ba15aa0582c5e825710d42fe3eb231d,2019-07-01,5625.2,57465.5,35649.0,44.4,65426.1,2.6,2111693.9,5.8,33610.0,295.9,1221.6,100.0,0.0,0.0,0.0,1.4,02:13:42,01:30:25,08:25:08,02:07:05,0,0,0.0,14.4,1729.9,122.9
0ba15aa0582c5e825710d42fe3eb231d,2019-07-04,5315.0,58082.6,33251.4,40.9,52540.1,2.4,2106614.1,5.5,32765.6,292.5,1159.8,100.0,0.0,0.0,0.0,1.6,02:10:17,02:02:16,08:03:25,02:30:57,0,0,0.0,15.2,1628.6,149.6
0ba15aa0582c5e825710d42fe3eb231d,2019-07-07,5786.3,57711.3,26139.5,31.9,60580.6,2.6,2107846.2,5.3,30405.1,295.3,1237.1,100.0,0.0,0.0,0.0,1.5,02:13:42,02:12:42,07:53:08,02:26:06,0,0,0.0,15.7,1402.4,133.3
0ba15aa0582c5e825710d42fe3eb231d,2019-08-03,27659.0,40573.0,37328.4,24.0,1084240.0,2.0,1863512.0,14.0,30415.2,236.0,837.0,0.0,0.0,0.0,0.0,0.0,20:00:00,00:00:00,10:56:00,00:00:00,0,0,0.0,10.0,760.0,446.0
0ba15aa0582c5e825710d42fe3eb231d,2019-08-05,17743.3,46417.7,37455.8,37.3,546418.7,2.7,2022677.0,7.9,30954.7,284.7,843.7,66.7,0.0,0.0,0.0,5.5,23:28:00,02:30:39,07:54:40,02:53:58,0,0,0.0,10.7,832.0,354.7
0ba15aa0582c5e825710d42fe3eb231d,2019-08-09,10751.9,49402.6,31319.1,39.9,262587.7,2.7,2073127.1,6.1,32678.8,263.9,885.9,85.7,0.0,0.0,0.0,3.8,01:15:25,02:33:52,07:44:00,02:10:32,0,0,0.0,11.4,1253.9,300.1
0ba15aa0582c5e825710d42fe3eb231d,2019-08-11,8874.2,53195.2,30915.3,40.0,208931.7,2.4,2078998.8,6.2,34482.3,250.0,985.1,88.9,0.0,0.0,0.0,3.4,01:32:26,02:40:18,08:07:06,02:07:34,0,0,0.0,10.6,1262.8,255.2
0ba15aa0582c5e825710d42fe3eb231d,2019-08-13,8134.3,53450.1,32675.2,41.1,182900.8,2.7,2084791.2,6.3,33936.8,254.5,990.4,90.9,0.0,0.0,0.0,3.0,01:34:32,02:26:04,08:20:21,01:58:58,0,0,0.0,10.2,1088.1,239.5
0ba15aa0582c5e825710d42fe3eb231d,2019-08-17,5976.7,54722.0,30839.0,41.1,76022.1,2.6,2105843.9,6.1,32589.7,251.4,1067.9,100.0,0.0,0.0,0.0,1.7,02:04:34,01:35:50,08:34:17,01:47:28,0,0,0.0,9.9,1056.5,220.4
0ba15aa0582c5e825710d42fe3eb231d,2019-08-19,4484.2,56746.5,28486.4,39.3,40034.6,2.4,2105456.7,6.4,32419.9,241.4,1103.1,100.0,0.0,0.0,0.0,1.7,02:00:00,01:38:12,08:51:25,01:32:20,0,0,0.0,9.6,994.4,221.6
0ba15aa0582c5e825710d42fe3eb231d,2019-08-21,4485.4,58342.5,27408.2,37.7,40780.2,2.3,2104755.1,6.8,31165.7,245.4,1152.7,100.0,0.0,0.0,0.0,1.7,02:01:08,01:37:49,09:18:51,01:26:15,0,0,0.0,9.9,1105.9,233.9
0ba15aa0582c5e825710d42fe3eb231d,2019-08-24,4296.2,58358.3,26531.0,38.0,41057.9,2.3,2103620.8,7.5,30287.1,239.8,1044.9,100.0,0.0,0.0,0.0,1.3,01:21:08,01:01:12,09:21:08,01:21:00,0,0,0.0,9.9,998.6,248.7
0ba15aa0582c5e825710d42fe3eb231d,2019-08-26,3971.4,58058.8,25560.9,37.0,36904.1,2.0,2102889.1,7.2,29588.0,234.6,985.8,100.0,0.0,0.0,0.0,1.5,01:16:34,00:56:08,08:57:08,01:45:02,0,0,0.0,11.1,1085.4,249.6
0ba15aa0582c5e825710d42fe3eb231d,2019-08-29,4892.4,58185.4,23748.7,36.8,53004.8,1.9,2104582.8,6.8,29840.6,225.7,902.1,100.0,0.0,0.0,0.0,1.7,01:02:51,00:58:09,08:20:34,01:55:55,0,0,0.0,11.4,1105.5,210.6
0ba15aa0582c5e825710d42fe3eb231d,2019-09-01,4375.4,59267.3,23548.8,36.8,53801.0,1.9,2104259.6,7.0,31905.1,222.9,952.9,100.0,0.0,0.0,0.0,1.9,00:56:00,00:49:24,08:26:17,02:01:20,0,0,0.0,10.0,1013.2,189.6
0ba15aa0582c5e825710d42fe3eb231d,2019-09-04,4800.3,56899.4,25097.5,37.6,82640.9,1.9,2103730.5,7.1,31529.8,218.5,787.6,100.0,0.0,0.0,0.0,1.9,01:00:34,00:51:22,08:32:00,01:48:31,0,0,0.0,8.1,868.3,158.9
0ba15aa0582c5e825710d42fe3eb231d,2019-09-07,4990.7,54919.2,25039.1,36.3,228546.3,2.2,1854397.6,6.9,29959.9,235.4,1608.6,85.7,0.0,0.0,0.0,2.0,00:48:00,00:57:41,08:09:08,02:10:05,0,0,0.0,7.6,871.9,153.8
0ba15aa0582c5e825710d42fe3eb231d,2019-09-09,4980.6,53576.8,24496.9,35.9,231576.6,2.4,1605852.1,7.0,29726.5,239.5,2654.7,71.4,0.0,0.0,0.0,2.0,00:57:08,01:01:53,08:25:08,02:01:12,0,0,0.0,5.9,757.9,146.1
0ba15aa0582c5e825710d42fe3eb231d,2019-09-14,4126.9,50799.6,25034.1,36.7,238790.2,2.6,981436.2,6.5,28270.0,235.9,4463.1,35.7,0.0,7.1,0.0,2.4,00:24:00,01:56:07,07:20:00,02:47:53,0,0,0.0,5.4,827.0,151.1
0ba15aa0582c5e825710d42fe3eb231d,2019-09-15,4132.1,50241.7,26421.1,37.1,239866.5,2.8,832068.4,6.3,27356.1,249.6,4592.9,28.6,0.0,14.3,0.0,2.2,00:30:51,02:01:01,07:12:00,02:39:53,0,0,0.0,6.1,935.8,160.2
0ba15aa0582c5e825710d42fe3eb231d,2019-09-16,3107.4,53016.5,28059.3,38.6,206259.1,2.9,682128.5,6.3,26498.3,250.7,4852.0,26.8,1.8,14.3,0.0,2.2,00:26:17,02:00:16,07:07:25,02:37:03,0,0,0.0,6.4,1046.0,163.2
0ba15aa0582c5e825710d42fe3eb231d,2019-09-18,2853.1,52244.7,30447.3,39.9,203849.6,3.5,382498.7,6.1,24921.1,254.9,5312.7,22.8,4.3,15.8,0.0,2.2,00:20:34,02:00:15,06:52:34,02:24:46,1,1,0.0,6.7,948.8,164.8
0ba15aa0582c5e825710d42fe3eb231d,2019-09-21,2183.1,54188.0,32404.4,42.1,51351.6,3.6,181351.0,6.1,24234.4,246.0,4942.2,32.6,7.4,17.2,0.0,1.9,00:28:34,01:57:08,06:56:00,02:08:42,0,0,0.0,6.2,885.1,135.7
0ba15aa0582c5e825710d42fe3eb231d,2019-09-23,1767.1,56773.0,33678.9,43.5,43608.1,3.8,129387.7,6.2,23643.8,246.1,4224.0,44.9,9.3,17.2,0.0,1.9,00:38:51,02:04:28,07:15:25,02:25:32,1,1,0.0,7.3,960.6,167.5
0ba15aa0582c5e825710d42fe3eb231d,2019-09-27,1525.2,58883.7,34577.8,42.4,36600.2,4.4,27054.9,6.8,21421.1,247.1,3787.4,66.4,15.0,18.6,0.0,1.9,01:02:51,01:11:55,08:19:25,01:46:09,0,0,0.0,8.2,1037.5,217.3
0ba15aa0582c5e825710d42fe3eb231d,2019-10-01,1639.6,59546.6,28441.7,38.9,29486.7,4.1,346.1,7.2,23445.7,213.4,3628.9,79.1,18.2,2.8,0.0,1.9,00:45:42,01:34:14,08:28:34,01:44:25,0,0,0.0,6.8,1065.9,224.5
0ba15aa0582c5e825710d42fe3eb231d,2019-10-05,1740.3,59314.7,30617.2,40.0,31112.7,4.4,362.3,7.2,25766.3,211.0,3808.6,77.9,18.3,3.9,0.0,2.1,01:07:25,02:04:24,08:48:00,01:33:52,0,0,0.0,8.1,1198.2,232.4
0ba15aa0582c5e825710d42fe3eb231d,2019-10-06,1741.1,59031.3,31221.1,39.6,31132.7,4.4,370.0,7.1,25925.7,215.3,3824.7,77.1,19.0,3.9,0.0,2.1,01:18:51,02:17:33,08:51:25,01:37:32,0,0,0.0,7.4,1152.1,206.8
0ba15aa0582c5e825710d42fe3eb231d,2019-10-07,1757.3,58573.6,30689.8,38.9,31155.7,4.4,369.8,7.0,25932.6,219.8,3886.5,77.2,18.9,3.9,0.0,2.2,01:20:00,02:18:33,08:49:08,01:35:42,1,1,0.0,7.4,1226.1,195.2
0ba15aa0582c5e825710d42fe3eb231d,2019-10-11,1761.2,56972.3,30439.4,38.9,33695.8,4.4,337.4,6.1,26636.5,249.4,3992.1,77.8,18.0,4.3,0.0,2.0,01:55:25,02:42:37,08:25:08,02:08:14,0,0,0.0,8.1,1069.3,177.0
0ba15aa0582c5e825710d42fe3eb231d,2019-10-14,1266.5,58860.6,30473.3,36.6,11582.2,4.4,852.3,6.2,26264.6,255.5,3924.6,76.7,18.6,4.7,0.0,1.7,02:27:25,02:16:35,09:04:00,01:53:37,1,1,0.0,9.4,1187.2,181.4
0ba15aa0582c5e825710d42fe3eb231d,2019-10-18,1124.7,58808.8,27425.4,34.1,8841.5,4.4,856.2,6.1,25705.0,243.9,3762.6,79.2,18.0,2.9,0.0,1.7,02:40:00,02:06:25,09:12:00,01:52:46,0,0,0.0,9.1,1130.7,188.8
0ba15aa0582c5e825710d42fe3eb231d,2019-10-21,1231.3,56322.3,26401.1,34.7,9948.2,4.1,823.6,6.7,26808.6,238.6,3422.1,81.1,16.1,2.9,0.0,1.6,02:02:17,01:46:34,09:12:00,01:53:05,0,0,0.0,10.1,1284.0,221.6
0ba15aa0582c5e825710d42fe3eb231d,2019-10-25,1195.9,57396.8,27402.0,36.4,9831.8,3.9,806.0,6.6,27303.7,231.8,3039.4,81.7,16.1,2.2,0.0,1.7,02:19:25,00:59:23,09:22:17,01:06:45,0,0,0.0,9.6,1294.4,217.3
0ba15aa0582c5e825710d42fe3eb231d,2019-10-28,1741.4,56350.3,28326.7,35.6,51857.6,4.1,21695.4,6.1,28318.6,264.2,2867.6,82.0,15.8,2.2,0.0,1.7,02:45:42,01:20:08,09:16:34,01:14:21,0,0,0.0,7.7,959.1,174.1
0ba15aa0582c5e825710d42fe3eb231d,2019-10-31,1964.2,57033.7,29013.8,35.7,54468.4,4.0,22226.3,6.0,31606.6,246.3,2926.9,80.2,18.3,1.5,0.0,1.6,03:08:34,01:16:32,09:30:17,01:14:42,1,1,0.0,7.6,1016.6,144.4
0ba15aa0582c5e825710d42fe3eb231d,2019-11-04,2019.6,56436.3,29839.6,34.0,55786.5,4.6,22768.6,5.4,35245.4,220.4,3243.5,77.5,21.0,1.5,0.0,1.2,03:37:08,01:05:19,09:23:25,01:16:17,0,0,0.0,6.3,1039.6,104.7
0ba15aa0582c5e825710d42fe3eb231d,2019-11-07,2185.2,55784.5,28657.2,30.2,57382.2,4.4,22766.7,5.5,39239.0,166.4,2836.4,78.5,21.1,0.4,0.0,1.0,03:23:25,01:14:25,09:17:42,01:26:20,0,0,0.0,6.2,1296.7,105.4
0ba15aa0582c5e825710d42fe3eb231d,2019-11-10,1238.9,56066.1,27595.4,30.8,16641.2,4.5,2631.0,5.6,43059.2,136.1,3083.4,79.5,20.5,0.0,0.0,1.1,03:16:34,01:12:40,09:12:00,01:14:29,0,0,0.0,6.3,1342.8,124.4
0ba15aa0582c5e825710d42fe3eb231d,2019-11-13,988.1,56540.6,28481.9,32.9,13328.5,4.5,2096.1,5.9,44456.2,93.3,3041.8,79.6,20.4,0.0,0.0,1.0,02:59:25,01:14:36,09:17:42,01:09:26,1,1,0.0,7.6,1532.6,140.4
0ba15aa0582c5e825710d42fe3eb231d,2019-11-16,1076.6,58637.1,26867.0,33.2,14508.4,4.3,2108.2,6.2,43387.1,90.4,2956.7,85.4,14.0,0.6,0.0,2.0,02:22:51,02:06:11,08:58:17,01:18:45,1,1,0.0,8.5,1371.9,147.6
0ba15aa0582c5e825710d42fe3eb231d,2019-11-18,999.6,59576.1,27240.6,34.4,13355.1,4.1,1585.9,5.6,45533.4,82.7,2886.6,84.0,13.6,2.4,0.0,2.6,01:57:42,02:45:40,09:39:25,03:07:58,1,1,0.0,9.1,1296.0,146.6
0ba15aa0582c5e825710d42fe3eb231d,2019-11-21,685.4,62084.7,28338.2,38.8,8701.6,3.9,1572.7,6.0,45593.8,82.7,2810.0,87.6,9.7,2.7,0.0,2.8,01:52:00,02:48:14,10:00:00,02:59:52,1,1,0.0,10.1,1197.1,123.0
0ba15aa0582c5e825710d42fe3eb231d,2019-11-25,630.3,62349.6,27901.5,37.2,6979.3,3.6,929.6,6.0,45079.4,84.2,2350.1,79.8,12.8,7.4,0.0,2.8,02:10:17,03:05:29,10:19:25,03:14:35,1,1,0.0,9.3,985.0,111.4
0ba15aa0582c5e825710d42fe3eb231d,2019-11-29,4304.0,57610.9,30145.9,38.9,177678.1,3.6,384405.9,5.8,43849.0,104.6,2377.9,67.0,11.3,14.5,0.0,3.0,01:15:25,04:01:42,10:50:17,03:50:00,0,0,0.0,9.1,960.6,101.2
0ba15aa0582c5e825710d42fe3eb231d,2019-12-02,5472.8,56889.2,29888.9,38.5,193795.4,3.4,836648.9,6.0,42614.7,114.6,2001.1,73.0,7.7,12.1,0.0,2.2,02:22:51,03:50:18,10:28:34,02:55:18,0,0,0.0,8.6,962.6,117.1
0ba15aa0582c5e825710d42fe3eb231d,2019-12-09,8033.4,53226.9,31529.7,37.9,224126.6,3.0,1892288.7,5.4,44945.4,115.7,1440.7,85.7,0.0,7.1,0.0,2.0,01:34:51,03:25:55,09:01:42,03:11:59,0,0,0.0,12.7,2062.6,181.3
0ba15aa0582c5e825710d42fe3eb231d,2020-02-26,113.0,79999.0,7375.0,14.0,344.0,3.0,263.0,22.5,11093.3,22.0,793.0,66.7,0.0,33.3,0.0,0.0,20:00:00,00:00:00,20:00:00,00:00:00,0,0,0.0,5.0,287.0,248.0
0ba15aa0582c5e825710d42fe3eb231d,2020-03-01,860.2,64279.2,18542.8,25.8,15000.2,3.4,1705.0,9.5,33498.0,51.0,1639.2,78.2,15.1,6.7,0.0,7.5,00:38:24,03:10:49,10:46:24,04:37:58,0,0,0.0,4.4,422.2,276.8
0ba15aa0582c5e825710d42fe3eb231d,2020-03-08,553.5,63856.8,15952.6,22.6,9085.1,3.5,914.2,7.8,34857.9,51.6,1871.3,79.3,17.0,3.6,0.0,4.9,01:12:00,02:24:31,09:33:20,03:36:19,1,1,0.0,4.3,606.7,262.6
0ba15aa0582c5e825710d42fe3eb231d,2020-03-09,532.6,63048.2,16677.7,23.6,8598.6,3.5,863.8,7.4,37218.8,55.5,1925.1,79.0,16.7,4.3,0.0,4.9,00:13:32,04:05:32,09:56:55,03:43:19,1,1,0.0,4.5,593.8,258.5
0ba15aa0582c5e825710d42fe3eb231d,2020-03-12,1698.0,60343.8,18889.3,25.6,183484.4,3.4,451066.7,6.3,41246.1,64.4,1761.9,69.5,14.6,1.6,0.0,2.1,23:26:51,04:16:14,09:38:17,03:50:06,0,0,0.0,4.9,600.6,228.6
0ba15aa0582c5e825710d42fe3eb231d,2020-03-18,3961.2,58553.6,23416.2,32.8,217248.6,2.8,1351543.4,6.4,44949.7,71.9,1192.8,70.0,7.0,1.6,0.0,2.3,23:38:17,04:16:45,09:56:34,03:39:14,0,0,0.0,8.0,1464.6,196.7
0ba15aa0582c5e825710d42fe3eb231d,2020-03-21,4534.0,57260.2,26908.5,37.1,221055.6,2.3,1801428.8,6.4,46664.4,81.2,969.1,73.4,3.5,1.6,0.0,2.4,23:48:34,04:26:35,10:04:34,03:38:48,0,0,0.0,9.1,1745.5,174.4
0ba15aa0582c5e825710d42fe3eb231d,2020-03-23,4616.2,58086.2,28758.5,38.6,221249.5,1.9,2101311.1,6.8,44469.7,75.2,671.4,78.6,0.0,0.0,0.0,2.1,00:59:25,03:26:11,09:56:34,03:28:23,0,0,0.0,9.2,1908.3,173.5
0ba15aa0582c5e825710d42fe3eb231d,2020-03-27,3480.9,58889.9,29343.5,40.2,45599.8,1.4,2100252.1,7.5,43868.7,65.8,829.1,100.0,0.0,0.0,0.0,1.2,02:08:00,01:46:18,10:09:08,01:14:25,0,0,0.0,9.8,1947.9,168.6
0ba15aa0582c5e825710d42fe3eb231d,2020-04-06,1084.7,64832.0,26429.0,36.6,8015.7,1.3,2099714.0,7.7,46273.7,52.7,567.4,78.6,0.0,0.0,0.0,1.0,02:12:34,00:40:45,10:24:00,00:45:15,0,0,0.0,7.1,849.9,191.3
0ba15aa0582c5e825710d42fe3eb231d,2020-04-09,850.8,66952.9,25798.1,34.9,5135.9,1.3,2099714.2,7.7,44221.2,50.0,288.3,71.4,0.0,0.0,0.0,1.7,01:31:25,01:37:46,09:42:51,01:41:08,0,0,0.0,6.1,779.9,181.7
0ba15aa0582c5e825710d42fe3eb231d,2020-04-18,1058.6,67164.6,26015.7,36.0,6220.6,1.3,2100698.9,6.5,43284.3,51.7,379.5,71.4,0.0,0.0,0.0,2.5,01:36:00,02:05:15,08:30:51,01:50:45,0,0,0.0,7.4,1303.4,132.0
0ba15aa0582c5e825710d42fe3eb231d,2020-04-24,1232.3,67738.5,25509.1,38.8,9178.2,1.1,2100649.1,6.7,45756.1,48.4,383.4,71.4,0.0,0.0,0.0,1.8,02:02:17,01:44:30,09:12:00,01:17:23,1,1,0.0,7.8,1365.1,154.9
0ba15aa0582c5e825710d42fe3eb231d,2020-04-26,1273.9,67770.6,25425.3,38.2,9701.6,1.1,2100649.2,7.0,43767.7,49.1,476.2,71.4,0.0,0.0,0.0,1.8,01:54:17,01:38:25,09:23:25,01:26:12,1,1,0.0,7.8,1281.2,152.8
0ba15aa0582c5e825710d42fe3eb231d,2020-04-29,1152.6,68809.9,27228.4,39.2,8933.2,1.1,2100649.6,7.7,45165.2,44.1,523.6,64.3,0.0,0.0,0.0,1.4,01:17:42,01:33:39,09:32:34,01:17:00,0,0,0.0,6.1,832.3,145.1
0ba15aa0582c5e825710d42fe3eb231d,2020-06-18,7.0,82477.0,5285.0,14.0,0.0,1.0,2099548.0,19.5,13746.3,11.0,38.0,100.0,0.0,0.0,0.0,0.0,20:00:00,00:00:00,16:48:00,00:00:00,0,0,0.0,11.0,1196.0,84.0
0ba15aa0582c5e825710d42fe3eb231d,2020-06-21,5079.8,68107.5,24764.8,39.2,61912.0,1.5,2103561.2,10.8,35973.6,56.5,1156.2,100.0,0.0,0.0,0.0,5.9,01:00:00,02:54:40,12:32:00,02:29:39,0,0,0.0,16.0,1526.2,54.5
0ba15aa0582c5e825710d42fe3eb231d,2020-06-26,4575.0,67393.6,24958.8,38.6,57923.3,1.7,2108150.1,8.9,40089.0,56.9,1012.6,88.9,0.0,0.0,0.0,4.2,01:52:00,02:16:23,11:19:06,02:15:47,1,1,0.0,11.1,1296.2,72.3
0ba15aa0582c5e825710d42fe3eb231d,2020-06-27,4418.1,67377.9,26373.2,38.9,59442.8,1.7,2109180.4,8.8,40697.0,57.6,928.0,90.0,0.0,0.0,0.0,3.9,02:03:12,02:13:41,11:29:36,02:12:36,0,0,0.0,10.3,1173.1,66.7
0ba15aa0582c5e825710d42fe3eb231d,2020-07-03,4730.6,64873.0,30147.6,42.4,56824.0,1.9,2107904.7,7.4,45465.1,62.1,987.9,85.7,0.0,0.0,0.0,1.6,02:11:25,01:34:06,10:03:25,02:20:11,0,0,0.0,11.6,1353.5,62.5
0ba15aa0582c5e825710d42fe3eb231d,2020-07-06,4550.2,65299.0,25833.5,34.6,52957.3,1.7,2106572.1,7.4,44720.0,59.9,655.3,85.7,0.0,0.0,0.0,1.6,02:12:34,01:33:34,10:05:42,02:14:56,0,0,0.0,10.6,1198.2,57.9
0ba15aa0582c5e825710d42fe3eb231d,2020-07-11,4358.7,64585.7,15819.4,21.1,42433.4,1.5,2101185.9,6.7,45545.0,56.4,962.1,92.9,0.0,0.0,0.0,1.8,02:08:00,01:45:57,09:17:42,02:07:07,0,0,0.0,15.0,1584.4,48.1
0ba15aa0582c5e825710d42fe3eb231d,2020-07-12,4408.8,65462.7,12862.7,16.6,44798.9,1.4,2102692.6,6.7,44377.6,52.8,943.1,92.9,0.0,0.0,0.0,1.9,02:03:25,01:42:20,09:10:51,02:05:56,0,0,0.0,14.9,1591.4,49.9
0ba15aa0582c5e825710d42fe3eb231d,2020-07-15,4241.6,66115.2,7568.0,9.0,43598.7,1.3,2101460.5,6.5,43459.7,53.9,845.1,100.0,0.0,0.0,0.0,2.4,02:02:17,02:06:21,08:57:08,02:04:46,0,0,0.0,13.7,1390.2,43.1
0ba15aa0582c5e825710d42fe3eb231d,2020-07-17,3800.1,66725.5,1843.8,2.2,38544.1,1.2,2101460.3,6.2,43026.6,52.9,766.5,100.0,0.0,0.0,0.0,2.3,02:05:42,02:00:55,08:43:25,01:55:55,1,1,0.0,13.5,1369.8,38.7
0ba15aa0582c5e825710d42fe3eb231d,2020-07-19,4353.6,66147.5,0.0,0.0,44546.8,1.3,2101460.3,5.9,43866.3,52.1,762.5,100.0,0.0,0.0,0.0,2.1,02:19:25,02:05:45,08:37:42,01:48:06,0,0,0.0,14.1,1527.7,47.0
0ba15aa0582c5e825710d42fe3eb231d,2020-07-22,3828.4,65914.6,0.0,0.0,40106.5,1.3,2101819.8,5.7,44469.9,51.7,716.5,100.0,0.0,0.0,0.0,2.1,02:42:17,02:18:32,08:44:34,01:50:42,0,0,0.0,11.9,1291.1,43.1
0ba15aa0582c5e825710d42fe3eb231d,2020-07-27,3520.9,65813.1,0.0,0.0,34906.0,1.3,2099988.1,6.2,46956.9,51.1,778.6,92.9,0.0,0.0,0.0,2.0,02:10:17,02:02:25,08:46:51,02:07:38,0,0,0.0,10.6,1013.2,36.5
0ba15aa0582c5e825710d42fe3eb231d,2020-07-31,4559.9,64034.4,0.0,0.0,48974.9,1.5,2101945.9,6.6,46969.9,48.9,1039.6,92.9,0.0,0.0,0.0,1.5,02:52:34,01:39:13,09:52:00,01:32:54,0,0,0.0,10.1,1037.7,42.1
0ba15aa0582c5e825710d42fe3eb231d,2020-08-02,4951.8,63334.9,0.0,0.0,62433.2,1.4,2101945.8,6.4,47325.7,49.6,1043.0,92.9,0.0,0.0,0.0,1.7,02:41:08,01:57:10,09:28:00,02:13:17,0,0,0.0,10.4,1046.6,37.6
0ba15aa0582c5e825710d42fe3eb231d,2020-08-06,4887.0,62399.6,0.0,0.0,63939.8,1.6,2102303.6,6.2,46070.4,47.3,998.4,92.9,0.0,0.0,0.0,1.8,02:46:51,02:01:21,09:24:34,02:11:26,0,0,0.0,9.8,1364.3,45.4
0ba15aa0582c5e825710d42fe3eb231d,2020-08-09,4753.6,64053.1,0.0,0.0,64473.8,1.5,2102386.6,6.7,44505.8,49.9,891.2,100.0,0.0,0.0,0.0,2.2,02:53:42,01:57:14,10:04:34,02:17:23,0,0,0.0,9.9,1308.2,44.4
0ba15aa0582c5e825710d42fe3eb231d,2020-08-12,4470.1,64566.7,0.0,0.0,60622.4,1.4,2100993.5,6.6,43876.3,46.4,834.8,100.0,0.0,0.0,0.0,2.3,03:04:00,01:53:44,10:05:42,02:23:36,0,0,0.0,9.4,1317.0,39.0
0ba15aa0582c5e825710d42fe3eb231d,2020-08-20,3743.6,67896.3,0.0,0.0,39580.9,1.6,2100634.4,7.3,43028.3,40.6,893.1,100.0,0.0,0.0,0.0,1.9,03:05:08,01:23:43,10:53:42,01:50:19,1,1,0.0,9.6,814.0,46.6
0ba15aa0582c5e825710d42fe3eb231d,2020-08-23,4403.6,66492.7,0.0,0.0,50063.9,1.7,2100471.7,7.0,42188.1,38.1,1019.8,100.0,0.0,0.0,0.0,1.8,03:06:17,01:23:16,10:34:17,01:43:05,0,0,0.0,9.3,856.4,49.8
0ba15aa0582c5e825710d42fe3eb231d,2020-08-27,3554.1,65093.0,0.0,0.0,40321.9,1.6,2100307.4,7.1,41975.4,40.1,1030.1,100.0,0.0,0.0,0.0,1.5,02:43:25,01:17:15,10:20:34,01:15:19,0,0,0.0,9.4,859.4,56.8
0ba15aa0582c5e825710d42fe3eb231d,2020-08-30,2879.4,66319.4,0.0,0.0,34180.9,1.6,2100110.1,6.8,42607.7,41.6,957.3,100.0,0.0,0.0,0.0,1.8,02:28:34,01:39:15,09:41:42,02:02:41,0,0,0.0,9.4,871.6,56.8
0ba15aa0582c5e825710d42fe3eb231d,2020-09-01,3703.8,64258.5,0.0,0.0,44839.2,1.9,2100282.6,6.6,43951.3,42.6,928.8,100.0,0.0,0.0,0.0,1.7,02:18:17,01:43:26,09:21:08,02:00:33,0,0,0.0,11.1,1323.9,58.3
0ba15aa0582c5e825710d42fe3eb231d,2020-09-02,3756.9,64406.8,0.0,0.0,45306.2,2.0,2100346.8,6.8,44146.2,41.1,883.1,100.0,0.0,0.0,0.0,1.5,01:53:08,01:21:00,09:08:34,01:59:11,0,0,0.0,9.6,1278.9,59.4
0ba15aa0582c5e825710d42fe3eb231d,2020-09-05,3375.0,63978.9,0.0,0.0,38819.1,2.1,2100568.1,6.1,46254.8,42.0,833.5,100.0,0.0,0.0,0.0,1.6,01:30:17,01:19:40,08:00:00,02:02:18,0,0,0.0,8.4,1039.5,63.4
0ba15aa0582c5e825710d42fe3eb231d,2020-09-07,3403.7,65700.4,0.0,0.0,41578.4,2.1,2100553.8,6.1,46891.8,44.4,803.6,100.0,0.0,0.0,0.0,1.9,01:20:00,01:14:18,07:48:34,02:15:16,0,0,0.0,9.8,1071.6,63.4
0ba15aa0582c5e825710d42fe3eb231d,2020-09-09,5809.2,63750.1,0.0,0.0,172053.8,2.0,2100339.6,5.6,47624.8,42.7,510.4,100.0,0.0,0.0,0.0,1.9,01:48:34,01:40:29,07:49:42,02:11:28,1,1,0.0,9.1,974.8,57.4
0ba15aa0582c5e825710d42fe3eb231d,2020-09-13,6582.4,63012.0,0.0,0.0,202272.5,2.1,1532357.0,5.3,46026.5,46.1,499.4,71.4,0.0,0.0,0.0,1.7,02:00:00,01:43:17,07:41:42,02:03:46,0,0,0.0,9.5,1211.8,49.4
0ba15aa0582c5e825710d42fe3eb231d,2020-09-17,5089.2,64662.1,0.0,0.0,183107.8,1.5,932004.2,5.3,44984.9,50.4,540.9,64.3,0.0,0.0,0.0,1.6,01:50:51,01:45:52,07:29:08,02:05:19,0,0,0.0,7.4,893.4,46.7
0ba15aa0582c5e825710d42fe3eb231d,2020-09-19,5027.4,64376.5,0.0,0.0,182082.1,1.4,632040.9,5.4,45233.3,47.9,551.9,64.3,0.0,0.0,0.0,1.7,01:50:51,01:50:35,07:34:51,02:13:08,0,0,0.0,7.3,989.0,55.4
0ba15aa0582c5e825710d42fe3eb231d,2020-09-24,715.4,69434.2,0.0,0.0,4019.6,1.0,254.9,6.2,46569.6,46.4,559.7,64.3,0.0,0.0,0.0,1.4,01:12:00,01:37:27,07:47:25,01:44:15,0,0,0.0,5.3,865.6,72.1
0ba15aa0582c5e825710d42fe3eb231d,2020-09-27,808.7,69362.3,0.0,0.0,8102.3,1.3,886.1,6.2,47389.9,51.2,1042.6,83.8,1.9,0.0,0.0,1.4,01:17:42,01:37:40,07:52:00,01:45:13,0,0,0.0,4.4,702.1,78.8
0ba15aa0582c5e825710d42fe3eb231d,2020-09-30,836.1,69268.9,0.0,0.0,9842.2,1.5,1515.6,6.3,47670.6,53.9,1323.6,82.4,3.3,0.0,0.0,1.4,01:31:25,01:37:24,08:16:00,01:38:37,0,0,0.0,4.4,828.4,73.7
0ba15aa0582c5e825710d42fe3eb231d,2020-10-05,692.5,72109.3,0.0,0.0,8754.3,1.9,1568.8,6.9,45529.9,53.9,1288.0,78.9,6.8,0.0,0.0,1.5,01:41:42,01:28:35,09:05:08,00:42:31,0,0,0.0,4.7,724.6,71.9
0ba15aa0582c5e825710d42fe3eb231d,2020-10-12,397.0,71732.0,0.0,0.0,5520.4,2.1,1013.0,6.8,47888.9,50.4,1376.2,85.1,7.8,0.0,0.0,1.2,01:57:42,01:05:51,09:15:25,00:48:54,1,1,0.0,6.4,1359.3,61.3
0ba15aa0582c5e825710d42fe3eb231d,2020-10-16,376.9,72178.4,0.0,0.0,3531.8,1.9,331.9,6.4,49483.4,45.1,1238.0,91.7,8.3,0.0,0.0,1.0,02:20:34,01:07:23,09:12:00,00:48:17,0,0,0.0,7.5,1561.1,61.8
0ba15aa0582c5e825710d42fe3eb231d,2020-10-18,503.4,71221.6,0.0,0.0,6076.6,2.0,857.8,6.3,50536.7,46.1,1307.6,92.3,7.7,0.0,0.0,1.1,02:30:51,01:07:32,09:14:17,00:47:51,0,0,0.0,7.6,1683.8,65.8
0ba15aa0582c5e825710d42fe3eb231d,2020-10-22,592.9,70663.4,0.0,0.0,7498.6,1.9,855.3,6.2,49415.6,47.9,1449.5,93.3,6.7,0.0,0.0,1.1,02:40:00,01:14:18,09:15:25,00:44:12,1,1,0.0,6.7,1131.9,73.6
0ba15aa0582c5e825710d42fe3eb231d,2020-10-25,640.9,69798.4,0.0,0.0,6472.8,1.9,812.7,5.9,51249.9,46.9,1281.3,93.0,7.0,0.0,0.0,1.0,02:51:25,01:15:52,09:10:51,00:38:06,1,1,0.0,5.9,955.2,76.8
0ba15aa0582c5e825710d42fe3eb231d,2020-10-29,700.6,68512.3,0.0,0.0,7723.3,2.2,847.0,5.9,50155.5,49.9,1519.2,91.4,8.6,0.0,0.0,1.1,03:05:08,01:15:13,09:22:17,00:44:22,0,0,0.0,4.9,623.6,82.7
0ba15aa0582c5e825710d42fe3eb231d,2020-11-02,666.1,68051.4,0.0,0.0,7087.8,2.1,321.1,5.8,50759.8,48.9,1611.5,89.9,10.1,0.0,0.0,0.9,03:14:17,01:02:48,09:22:17,00:41:50,1,1,0.0,4.6,471.7,83.4
0ba15aa0582c5e825710d42fe3eb231d,2020-11-08,1062.4,67293.4,0.0,0.0,13101.7,2.2,919.6,6.1,46323.8,47.4,1510.9,87.4,12.6,0.0,0.0,0.9,02:37:42,01:15:58,09:05:08,01:20:33,1,1,0.0,5.6,665.1,80.7
0ba15aa0582c5e825710d42fe3eb231d,2020-11-15,1256.7,68013.1,0.0,0.0,13084.7,2.1,884.8,5.8,49267.6,49.1,1831.5,90.0,10.0,0.0,0.0,1.4,02:41:08,01:23:53,08:50:17,01:37:51,1,1,0.0,5.6,802.4,76.6
0ba15aa0582c5e825710d42fe3eb231d,2020-12-03,1468.1,67370.6,0.0,0.0,140224.9,1.4,1707901.9,4.3,47924.7,51.5,879.6,0.0,0.0,0.0,0.0,1.4,04:50:17,02:06:06,09:28:00,02:03:09,0,0,0.0,6.3,1058.5,53.1
0ba15aa0582c5e825710d42fe3eb231d,2020-12-11,3106.7,66363.8,0.0,0.0,31623.9,1.5,2101067.2,4.8,48819.4,54.2,551.1,42.9,0.0,0.0,0.0,1.9,03:33:42,02:28:56,08:37:42,01:53:43,0,0,0.0,12.9,1542.5,61.3
0ba15aa0582c5e825710d42fe3eb231d,2020-12-13,3902.9,64740.6,0.0,0.0,45782.5,1.6,2101621.5,5.2,47000.7,59.0,569.4,57.1,0.0,0.0,0.0,2.1,03:05:08,02:31:23,08:38:51,01:55:57,0,0,0.0,13.5,1583.6,57.4
0ba15aa0582c5e825710d42fe3eb231d,2020-12-27,7462.1,56742.3,0.0,0.0,93220.3,2.6,2106562.3,6.2,48295.5,38.2,1373.6,100.0,0.0,0.0,0.0,1.5,01:08:34,01:20:46,07:47:25,01:44:46,0,0,0.0,17.7,2049.0,79.1
0ba15aa0582c5e825710d42fe3eb231d,2021-01-02,10126.8,56535.2,0.0,0.0,208653.0,2.6,1991850.8,6.2,46034.9,36.6,1186.7,85.7,0.0,0.0,0.0,1.8,01:57:42,02:09:55,08:34:17,01:38:02,0,0,0.0,13.2,1810.7,49.7
0ba15aa0582c5e825710d42fe3eb231d,2021-01-04,15163.0,50560.5,0.0,0.0,378257.5,2.9,1911005.0,5.6,45653.1,35.9,1104.0,78.6,0.0,0.0,0.0,2.2,02:45:42,02:56:59,08:46:51,01:45:41,0,0,0.0,12.8,1810.4,49.5
0ba15aa0582c5e825710d42fe3eb231d,2021-01-12,13274.1,53663.4,0.0,0.0,356807.9,2.5,1908164.2,5.5,47270.4,34.6,1077.7,85.7,0.0,0.0,0.0,1.8,03:04:00,02:36:02,08:58:17,01:11:57,0,0,0.0,6.9,1227.9,46.4
0ba15aa0582c5e825710d42fe3eb231d,2021-01-17,5861.1,62009.6,0.0,0.0,135006.9,2.1,2103946.1,6.2,49487.3,33.1,1014.7,100.0,0.0,0.0,0.0,1.5,01:58:51,01:29:38,08:37:42,00:57:14,1,1,0.0,7.3,826.1,52.8
0ba15aa0582c5e825710d42fe3eb231d,2021-01-20,3530.1,66245.3,0.0,0.0,38056.6,1.9,2103586.1,6.8,46524.4,34.9,1067.3,100.0,0.0,0.0,0.0,1.4,01:24:34,01:14:10,08:41:08,00:51:55,0,0,0.0,8.6,842.4,55.6
0ba15aa0582c5e825710d42fe3eb231d,2021-01-23,4669.9,64013.1,0.0,0.0,55492.3,2.0,2103821.1,6.6,46156.4,41.4,1071.7,100.0,0.0,0.0,0.0,1.8,01:31:25,01:16:50,08:34:17,01:03:05,0,0,0.0,11.4,1273.9,55.6
0ba15aa0582c5e825710d42fe3eb231d,2021-01-24,5035.1,63220.1,0.0,0.0,58582.6,1.9,2103773.0,6.4,46780.4,40.4,1043.9,100.0,0.0,0.0,0.0,1.8,01:41:42,01:31:26,08:34:17,01:03:05,0,0,0.0,12.3,1441.5,53.4
0ba15aa0582c5e825710d42fe3eb231d,2021-01-28,5901.5,63085.9,0.0,0.0,67514.5,1.8,2103711.4,6.6,46060.3,42.9,1099.7,100.0,0.0,0.0,0.0,1.8,01:42:51,01:33:49,08:42:17,01:00:39,1,1,0.0,13.7,1774.4,59.1
0ba15aa0582c5e825710d42fe3eb231d,2021-02-03,5538.8,65603.3,0.0,0.0,60706.9,1.4,2100549.5,5.1,50725.3,39.1,984.1,100.0,0.0,0.0,0.0,1.6,02:19:25,01:26:15,07:48:34,01:54:19,1,1,0.0,11.9,1874.1,65.4
0ba15aa0582c5e825710d42fe3eb231d,2021-02-08,4699.9,67004.6,0.0,0.0,45288.4,1.7,2102998.6,5.5,50642.5,32.3,1066.1,100.0,0.0,0.0,0.0,2.1,01:39:25,01:22:44,07:31:25,02:22:21,1,1,0.0,9.5,1689.8,61.6
0ba15aa0582c5e825710d42fe3eb231d,2021-02-12,3405.2,68148.4,0.0,0.0,32192.2,1.8,2102233.6,5.6,50381.3,35.9,986.6,78.6,0.0,0.0,0.0,2.3,01:33:42,01:35:58,09:14:17,04:11:21,0,0,0.0,9.3,1394.6,70.1
0ba15aa0582c5e825710d42fe3eb231d,2021-02-14,3349.4,67254.1,0.0,0.0,33857.6,1.9,2102455.2,5.7,48460.5,35.6,1005.9,64.3,0.0,0.0,0.0,2.4,01:21:08,01:58:43,09:10:51,04:21:00,0,0,0.0,8.8,1293.9,66.8
0ba15aa0582c5e825710d42fe3eb231d,2021-02-17,2863.9,68033.4,0.0,0.0,29073.0,1.9,2102455.7,6.2,46853.6,36.2,941.1,42.9,0.0,0.0,0.0,2.3,01:23:25,02:03:31,09:44:00,04:16:46,1,1,0.0,9.3,1172.6,82.1
0ba15aa0582c5e825710d42fe3eb231d,2021-02-20,2486.0,68942.4,0.0,0.0,25606.6,1.6,2101381.0,6.3,44852.5,36.5,851.4,21.4,0.0,0.0,0.0,2.0,01:50:51,02:02:40,10:17:08,03:47:17,1,1,0.0,9.0,1219.9,83.3
0ba15aa0582c5e825710d42fe3eb231d,2021-03-09,5888.9,57093.6,0.0,0.0,98403.8,2.4,2102429.4,6.0,47038.3,32.4,1172.2,0.0,0.0,0.0,0.0,1.8,02:35:25,01:10:53,08:58:17,01:46:34,1,1,0.0,11.3,703.6,49.1
0ba15aa0582c5e825710d42fe3eb231d,2021-03-12,4206.6,56482.9,0.0,0.0,49480.9,2.4,2103581.7,5.7,48768.0,31.9,1191.8,0.0,0.0,0.0,0.0,1.8,03:09:42,01:34:26,09:15:25,01:30:35,1,1,0.0,12.0,814.1,50.2
0ba15aa0582c5e825710d42fe3eb231d,2021-03-16,3727.3,57226.9,0.0,0.0,41113.9,1.9,2103642.7,5.5,49103.0,26.6,993.9,0.0,0.0,0.0,0.0,1.7,04:01:08,01:34:44,09:52:00,01:35:14,1,1,0.0,9.8,735.3,45.8
0ba15aa0582c5e825710d42fe3eb231d,2021-03-19,3385.0,57864.1,0.0,0.0,39159.6,1.8,2104276.5,5.2,49208.1,26.2,807.9,0.0,0.0,0.0,0.0,1.7,04:00:00,01:34:16,09:36:00,02:00:02,1,1,0.0,9.3,720.6,44.8
0ba15aa0582c5e825710d42fe3eb231d,2021-03-22,3097.7,58944.4,0.0,0.0,34958.7,1.7,2103569.3,5.9,49900.6,26.0,758.4,0.0,0.0,0.0,0.0,2.4,03:44:00,01:47:40,10:03:25,01:57:57,0,0,0.0,9.5,808.4,48.4
0ba15aa0582c5e825710d42fe3eb231d,2021-04-03,6070.6,59397.9,0.0,0.0,353733.4,2.7,2200096.3,6.0,45161.3,35.4,865.5,35.7,0.0,0.0,0.0,2.2,01:17:42,02:38:50,09:22:17,04:10:52,0,0,0.0,8.1,802.3,38.6
0ba15aa0582c5e825710d42fe3eb231d,2021-04-04,6580.1,58093.8,0.0,0.0,359235.1,2.9,2200255.9,5.5,45261.4,37.4,934.6,42.9,0.0,0.0,0.0,2.2,01:53:08,03:21:25,09:26:51,04:13:06,1,1,0.0,8.5,815.0,39.1
0ba15aa0582c5e825710d42fe3eb231d,2021-04-08,5769.8,59224.3,0.0,0.0,323710.2,2.7,2199173.3,6.3,44050.2,38.4,795.1,71.4,0.0,0.0,0.0,2.7,02:04:34,03:38:18,10:28:34,03:49:54,1,1,0.0,7.3,709.4,34.8
0ba15aa0582c5e825710d42fe3eb231d,2021-04-21,5616.6,59520.1,0.0,0.0,68218.4,2.1,2105951.6,6.9,42341.5,28.4,796.4,100.0,0.0,0.0,0.0,2.2,02:02:17,02:05:38,09:23:25,02:20:09,0,0,0.0,7.0,467.6,34.1
0f2be96bde481cd3898f147a995a7d56,2018-11-07,106.2,69534.4,0.0,0.0,3227.0,5.4,443.4,9.0,12379.6,174.8,16758.4,48.9,15.6,15.5,10226.4,6.3,01:00:48,02:49:08,10:36:48,03:27:14,0,0,0.0,0.0,0.0,0.0
0f2be96bde481cd3898f147a995a7d56,2018-11-09,89.3,69655.0,0.0,0.0,3245.4,5.3,458.3,7.4,13676.8,188.1,16654.7,55.5,16.4,13.9,10116.7,5.9,02:08:00,03:42:01,09:58:51,03:33:47,0,0,0.0,0.0,0.0,0.0
0f2be96bde481cd3898f147a995a7d56,2018-11-10,78.1,68715.2,0.0,0.0,3402.4,5.6,453.5,7.0,13750.5,196.6,17605.6,58.4,14.3,14.8,10211.1,5.5,02:16:00,03:28:46,09:46:00,03:22:50,0,0,0.0,0.0,0.0,0.0
0f2be96bde481cd3898f147a995a7d56,2018-11-16,199.0,69392.8,0.0,0.0,3347.7,5.7,453.0,6.4,16098.6,204.4,16807.2,62.8,16.7,13.4,9915.0,4.3,03:08:34,02:56:44,09:57:42,02:36:08,1,1,0.0,0.0,0.0,0.0
0f2be96bde481cd3898f147a995a7d56,2018-11-17,293.4,68469.4,0.0,0.0,3616.2,6.1,483.1,5.3,17621.4,222.6,17636.1,69.2,16.7,14.1,10196.8,2.1,03:39:25,02:11:01,09:20:00,01:49:11,1,1,0.0,0.0,0.0,0.0
0f2be96bde481cd3898f147a995a7d56,2018-11-24,2418.9,67861.6,0.0,0.0,137084.7,5.1,438296.8,5.1,20333.2,221.9,16118.6,68.6,9.6,21.8,8186.8,2.1,04:45:42,02:18:48,10:10:17,01:25:55,0,0,0.0,0.0,0.0,0.0
0f2be96bde481cd3898f147a995a7d56,2018-11-28,3626.9,68281.7,0.0,0.0,201330.0,3.8,939686.1,5.2,21388.1,208.3,14490.4,69.0,5.3,18.6,6044.4,2.3,04:12:34,03:03:32,09:44:00,02:29:49,0,0,0.0,0.0,0.0,0.0
0f2be96bde481cd3898f147a995a7d56,2018-12-01,3963.1,69014.6,0.0,0.0,205940.3,3.0,1371423.5,5.6,22434.5,178.4,13421.4,54.2,1.1,16.1,4551.4,2.2,03:40:34,03:09:54,09:41:42,02:30:31,1,1,0.0,0.0,0.0,0.0
0f2be96bde481cd3898f147a995a7d56,2018-12-17,4721.4,67793.4,0.0,0.0,103916.0,3.4,1607594.5,5.9,22123.7,174.1,13884.2,85.7,0.0,0.0,3129.9,1.3,03:12:00,01:48:41,09:30:17,01:34:11,0,0,0.0,0.0,0.0,0.0
0f2be96bde481cd3898f147a995a7d56,2018-12-27,4035.2,69186.3,0.0,0.0,36592.3,4.2,1492273.1,6.2,18584.6,168.9,13177.5,100.0,0.0,0.0,3818.4,2.5,03:31:25,02:20:40,10:11:25,02:24:08,1,1,0.0,0.0,0.0,0.0
0f2be96bde481cd3898f147a995a7d56,2018-12-31,4626.4,68809.1,0.0,0.0,44404.6,4.2,1492302.1,6.4,17815.9,179.9,12963.4,100.0,0.0,0.0,3847.4,2.6,03:41:42,02:18:16,10:30:51,02:18:15,1,1,0.0,0.0,0.0,0.0
0f2be96bde481cd3898f147a995a7d56,2019-01-07,2917.3,67939.8,0.0,0.0,148589.1,4.6,958788.2,5.8,18234.8,194.2,15541.9,82.4,3.2,14.4,6420.9,2.6,03:44:00,01:49:21,09:54:17,02:28:51,0,0,0.0,0.0,0.0,0.0
0f2be96bde481cd3898f147a995a7d56,2019-01-11,2227.6,66927.4,0.0,0.0,143803.7,5.9,534795.6,4.9,17439.6,211.8,17244.1,70.4,10.1,19.5,8335.1,1.8,04:01:08,01:49:16,09:16:34,01:58:31,0,0,0.0,0.0,0.0,0.0
0f2be96bde481cd3898f147a995a7d56,2019-01-18,14.9,69098.8,0.0,0.0,3129.0,6.2,398.2,4.7,14874.1,192.9,17285.4,64.6,14.8,20.6,9045.1,1.4,03:57:42,01:32:05,08:58:17,01:00:21,0,0,0.0,0.0,0.0,0.0
0f2be96bde481cd3898f147a995a7d56,2019-01-21,14.9,70669.8,0.0,0.0,2827.5,5.6,416.9,5.3,14165.6,181.9,15714.4,65.5,13.7,20.8,8574.0,1.5,03:47:25,01:17:43,09:26:51,01:23:30,0,0,0.0,0.0,0.0,0.0
0f2be96bde481cd3898f147a995a7d56,2019-01-27,33.1,71682.8,0.0,0.0,2398.4,4.4,408.4,5.7,14628.2,168.3,14683.1,76.0,8.0,16.1,7419.3,1.5,03:39:25,01:14:10,09:41:42,01:24:34,0,0,0.0,0.0,0.0,0.0
0f2be96bde481cd3898f147a995a7d56,2019-02-13,207.1,70709.0,0.0,0.0,5056.2,5.6,1338.4,5.3,17176.8,206.2,15482.9,77.5,12.9,9.6,7213.0,2.0,04:13:42,01:26:20,09:53:08,01:48:55,0,0,0.0,0.0,0.0,0.0
0f2be96bde481cd3898f147a995a7d56,2019-02-18,105.8,73138.4,0.0,0.0,2390.4,4.7,353.3,4.9,15945.0,168.7,13154.9,84.6,10.6,4.8,6536.3,2.1,04:01:08,01:37:35,09:17:42,02:14:47,0,0,0.0,0.0,0.0,0.0
0f2be96bde481cd3898f147a995a7d56,2019-03-02,91.0,71012.6,0.0,0.0,2888.9,5.4,384.4,5.6,16059.7,195.5,15295.4,74.3,7.7,18.0,7585.8,1.5,03:28:00,01:11:02,09:26:51,01:38:01,0,0,0.0,0.0,0.0,0.0
0f2be96bde481cd3898f147a995a7d56,2019-03-08,53.7,71916.7,0.0,0.0,2820.1,5.6,411.7,5.8,17378.1,225.2,14428.6,66.3,7.1,26.6,7555.1,1.6,03:07:25,00:53:33,09:17:42,01:20:52,0,0,0.0,0.0,0.0,0.0
0f2be96bde481cd3898f147a995a7d56,2019-03-19,2800.2,70001.0,0.0,0.0,145709.3,4.1,744437.2,5.9,20380.8,206.2,13597.8,38.5,3.4,15.2,4653.1,1.5,03:47:25,01:51:12,10:05:42,01:51:09,0,0,0.0,0.0,0.0,0.0
0f2be96bde481cd3898f147a995a7d56,2019-03-23,4458.4,66059.0,0.0,0.0,166197.0,4.4,1169557.4,5.6,21312.9,236.1,15881.6,22.1,3.1,3.4,5597.2,1.3,04:37:42,01:44:51,10:37:42,01:54:43,0,0,0.0,0.0,0.0,0.0
0f2be96bde481cd3898f147a995a7d56,2019-03-28,4148.5,65385.4,0.0,0.0,163878.0,5.3,1172943.1,5.4,22011.8,254.5,16865.1,20.6,3.8,4.3,6658.6,1.8,04:46:51,01:53:51,10:29:42,01:47:46,0,0,0.0,0.0,0.0,0.0
0f2be96bde481cd3898f147a995a7d56,2019-03-30,3230.6,65577.9,0.0,0.0,155992.5,5.4,959741.5,5.6,20683.6,257.4,17590.5,26.1,4.2,12.6,7979.1,1.9,04:16:00,01:51:50,10:16:00,01:34:36,0,0,0.0,0.0,0.0,0.0
0f2be96bde481cd3898f147a995a7d56,2019-04-01,3725.6,65217.9,0.0,0.0,180067.7,5.8,760276.1,5.6,18280.1,243.1,17455.5,31.8,4.5,20.8,8333.9,1.9,04:01:08,01:57:48,09:58:51,01:53:34,1,1,0.0,0.0,0.0,0.0
0f2be96bde481cd3898f147a995a7d56,2019-04-13,4626.1,63747.5,0.0,0.0,99116.4,6.3,73270.7,5.6,15084.5,211.8,18025.4,67.0,9.0,23.9,9944.9,1.5,03:49:42,01:32:37,09:47:25,01:43:35,0,0,0.0,0.0,0.0,0.0
0f2be96bde481cd3898f147a995a7d56,2019-04-19,2256.4,65325.9,0.0,0.0,39706.2,5.6,30614.1,5.0,16960.2,240.1,18816.8,73.6,10.4,16.1,9860.9,1.5,04:14:51,01:32:24,09:33:42,01:23:45,0,0,0.0,0.0,0.0,0.0
0f2be96bde481cd3898f147a995a7d56,2019-04-25,21.8,68141.9,0.0,0.0,3275.6,5.4,514.9,5.7,17251.1,245.2,18235.4,67.7,9.8,22.5,9137.5,1.9,03:13:08,01:59:57,09:17:42,01:21:33,0,0,0.0,0.0,0.0,0.0
0f2be96bde481cd3898f147a995a7d56,2019-05-03,8.4,71006.3,0.0,0.0,3313.1,5.4,511.1,6.5,16835.3,221.5,15384.3,63.1,4.2,32.7,8571.1,2.1,02:27:25,01:33:19,09:21:08,01:53:51,0,0,0.0,0.0,0.0,0.0
0f2be96bde481cd3898f147a995a7d56,2019-05-11,98.1,71406.2,0.0,0.0,3659.2,4.5,889.4,6.5,16761.3,217.6,14894.7,62.5,6.4,31.0,7230.4,2.4,03:39:25,01:35:53,10:33:08,01:35:22,1,1,0.0,0.0,0.0,0.0
0f2be96bde481cd3898f147a995a7d56,2019-05-13,98.1,71621.9,0.0,0.0,3573.8,4.1,888.4,6.5,16779.1,220.1,14679.0,65.5,6.1,28.4,6922.9,2.3,03:26:51,01:33:46,10:20:34,01:36:02,1,1,0.0,0.0,0.0,0.0
0f2be96bde481cd3898f147a995a7d56,2019-05-18,51.4,70243.2,0.0,0.0,2605.7,4.1,428.4,5.9,16577.0,234.1,16104.4,67.7,8.8,23.5,7177.1,1.8,03:40:34,01:24:16,09:58:51,01:29:50,0,0,0.0,0.0,0.0,0.0
0f2be96bde481cd3898f147a995a7d56,2019-05-19,42.2,69977.9,0.0,0.0,2599.4,3.9,466.4,5.6,16295.5,228.9,16378.9,72.3,8.8,18.8,7369.1,1.7,03:55:25,01:22:07,09:56:34,01:29:10,0,0,0.0,0.0,0.0,0.0
0f2be96bde481cd3898f147a995a7d56,2019-05-26,0.0,69276.6,0.0,0.0,3174.4,4.4,474.8,5.6,15780.9,233.9,17122.4,74.6,8.1,17.4,8583.2,1.3,03:49:42,01:00:57,09:47:25,01:29:59,0,0,0.0,0.0,0.0,0.0
0f2be96bde481cd3898f147a995a7d56,2019-05-31,11.8,69995.6,0.0,0.0,3229.1,4.6,451.6,5.4,15812.1,226.6,16391.6,70.5,7.6,21.9,9008.3,1.7,03:53:08,01:22:51,09:39:25,01:55:33,0,0,0.0,0.0,0.0,0.0
0f2be96bde481cd3898f147a995a7d56,2019-06-03,916.9,67318.1,0.0,0.0,21287.4,5.2,25827.9,5.5,15529.9,235.0,18164.0,61.1,8.0,23.7,10806.4,1.8,03:18:51,01:48:07,09:08:34,02:15:25,0,0,0.0,0.0,0.0,0.0
0f2be96bde481cd3898f147a995a7d56,2019-06-07,2260.8,67052.0,0.0,0.0,141047.5,5.5,451045.7,5.5,15176.1,220.6,17086.3,65.5,4.7,22.6,9581.2,2.0,02:52:34,01:41:45,08:45:42,02:18:32,0,0,0.0,0.0,0.0,0.0
0f2be96bde481cd3898f147a995a7d56,2019-06-12,3465.1,66456.3,0.0,0.0,156382.9,4.9,986096.4,5.3,15287.4,205.0,16477.6,87.0,1.5,4.3,8133.3,1.8,03:05:08,01:48:48,08:43:25,02:12:16,0,0,0.0,0.0,0.0,0.0
0f2be96bde481cd3898f147a995a7d56,2019-06-16,4478.6,67870.6,0.0,0.0,153875.9,4.4,1399283.0,5.6,16958.6,195.9,14049.8,92.9,0.0,0.0,5158.9,1.6,03:45:08,02:00:15,09:42:51,01:49:58,0,0,0.0,0.0,0.0,0.0
0f2be96bde481cd3898f147a995a7d56,2019-06-20,4532.8,68240.5,0.0,0.0,43346.1,4.0,1494287.0,5.3,18431.1,196.9,13625.7,100.0,0.0,0.0,4094.6,1.4,04:21:42,01:13:28,10:02:17,01:14:12,0,0,0.0,0.0,0.0,0.0
0f2be96bde481cd3898f147a995a7d56,2019-06-29,6424.6,66966.1,0.0,0.0,64702.4,3.8,1495920.4,5.3,18769.6,182.1,13008.3,100.0,0.0,0.0,4368.6,1.2,03:20:00,01:16:40,08:58:17,01:10:40,0,0,0.0,0.0,0.0,0.0
0f2be96bde481cd3898f147a995a7d56,2019-07-02,6127.7,67324.9,0.0,0.0,62022.4,3.6,1495566.1,5.3,17214.5,166.4,12946.4,100.0,0.0,0.0,4235.1,1.5,03:05:08,01:11:13,08:45:42,00:58:53,0,0,0.0,0.0,0.0,0.0
0f2be96bde481cd3898f147a995a7d56,2019-07-15,7053.4,66311.3,0.0,0.0,114147.2,3.5,1490568.4,5.3,18480.5,194.3,13034.3,85.7,0.0,0.0,4417.6,1.9,03:08:34,01:29:19,08:46:51,02:09:37,0,0,0.0,0.0,0.0,0.0
0f2be96bde481cd3898f147a995a7d56,2019-07-26,5928.4,67923.1,0.0,0.0,70025.6,2.9,1395081.8,5.6,15979.7,162.6,12547.5,92.9,0.0,0.0,3648.5,1.3,03:25:42,01:32:28,09:23:25,01:31:56,0,0,0.0,0.0,0.0,0.0
0f2be96bde481cd3898f147a995a7d56,2019-08-02,7003.1,65445.9,0.0,0.0,83052.5,3.6,1505770.9,6.0,15780.2,161.5,13950.0,100.0,0.0,0.0,4193.2,1.4,02:37:42,01:42:14,09:01:42,01:11:31,0,0,0.0,0.0,0.0,0.0
0f2be96bde481cd3898f147a995a7d56,2019-08-10,7057.1,66319.6,0.0,0.0,91456.4,3.7,1502194.8,5.4,15184.5,157.6,13022.3,100.0,0.0,0.0,4161.5,1.4,02:41:08,01:29:59,08:26:17,01:34:34,0,0,0.0,0.0,0.0,0.0
0f2be96bde481cd3898f147a995a7d56,2019-08-15,6602.5,66653.7,0.0,0.0,86608.6,4.1,1497969.2,5.2,16305.4,165.4,13142.8,100.0,0.0,0.0,4075.4,1.1,02:45:42,01:08:02,08:20:34,01:20:05,0,0,0.0,0.0,0.0,0.0
0f2be96bde481cd3898f147a995a7d56,2019-08-23,7052.9,65156.1,0.0,0.0,82984.0,3.9,1495896.4,5.4,18452.3,174.0,14190.0,92.9,0.0,0.0,4313.2,1.0,02:28:34,01:43:56,08:17:08,01:27:56,0,0,0.0,0.0,0.0,0.0
0f2be96bde481cd3898f147a995a7d56,2019-08-29,4806.5,67750.6,0.0,0.0,56513.4,3.4,1498839.9,5.6,18810.1,164.2,13841.9,85.7,0.0,0.0,4463.4,1.1,02:29:42,01:44:09,08:25:08,01:34:12,0,0,0.0,0.0,0.0,0.0
0f2be96bde481cd3898f147a995a7d56,2019-09-06,2712.1,71193.6,0.0,0.0,26509.9,3.5,1495367.5,6.0,17939.3,157.4,12493.4,85.7,0.0,0.0,4424.5,1.8,02:00:00,01:06:27,08:22:51,02:00:45,0,0,0.0,0.0,0.0,0.0
0f2be96bde481cd3898f147a995a7d56,2019-09-11,3300.6,71133.0,0.0,0.0,29831.2,3.4,1493381.9,6.3,17737.0,157.6,11965.4,92.9,0.0,0.0,4105.8,1.7,02:33:08,01:50:38,09:18:51,02:10:53,0,0,0.0,0.0,0.0,0.0
0f2be96bde481cd3898f147a995a7d56,2019-10-02,159.1,67105.7,0.0,0.0,5215.9,5.6,984.1,4.8,13032.6,189.4,19134.3,76.2,7.3,16.5,10834.5,1.6,04:32:00,01:30:30,09:41:42,02:04:01,0,0,0.0,0.0,0.0,0.0
0f2be96bde481cd3898f147a995a7d56,2019-10-09,291.1,67262.8,0.0,0.0,6404.6,5.5,962.9,4.9,13677.4,200.8,18845.2,80.0,9.2,10.8,9597.1,1.6,04:42:17,01:33:48,09:54:17,01:55:11,1,1,0.0,0.0,0.0,0.0
0f2be96bde481cd3898f147a995a7d56,2019-10-12,160.6,68271.4,0.0,0.0,4664.8,5.1,346.5,5.3,13480.6,201.9,17967.1,82.8,9.5,7.7,8656.1,1.6,04:12:34,02:02:28,09:53:08,01:44:07,0,0,0.0,0.0,0.0,0.0
0f2be96bde481cd3898f147a995a7d56,2019-10-26,1667.9,67144.2,0.0,0.0,23739.3,6.0,14456.3,5.4,12974.4,197.2,17586.9,63.6,12.4,24.0,8887.7,2.0,04:50:17,01:46:27,10:34:17,01:33:36,0,0,0.0,0.0,0.0,0.0
0f2be96bde481cd3898f147a995a7d56,2019-10-29,1739.9,68075.4,0.0,0.0,24691.9,5.6,14447.4,5.4,11981.3,189.1,16583.8,64.6,13.0,22.3,8194.9,2.4,04:42:17,01:48:06,10:25:08,01:46:23,0,0,0.0,0.0,0.0,0.0
0f2be96bde481cd3898f147a995a7d56,2019-11-03,2818.9,67179.0,0.0,0.0,56799.0,5.4,45605.9,5.4,12721.3,182.6,16401.3,63.0,14.9,22.1,7231.6,2.2,04:24:00,01:44:31,10:06:51,01:29:59,0,0,0.0,0.0,0.0,0.0
0f2be96bde481cd3898f147a995a7d56,2019-11-09,1718.7,70334.9,0.0,0.0,40727.6,5.4,32622.4,5.9,12669.9,170.4,14345.4,54.4,20.8,24.8,6891.1,2.2,03:44:00,01:11:17,10:00:00,01:26:57,0,0,0.0,0.0,0.0,0.0
0f2be96bde481cd3898f147a995a7d56,2019-11-19,203.2,74234.1,0.0,0.0,4827.4,4.5,1494.6,6.1,12229.3,157.1,11961.7,74.6,9.4,16.0,6493.1,1.8,03:52:00,01:33:26,10:21:42,01:02:30,1,1,0.0,0.0,0.0,0.0
0f2be96bde481cd3898f147a995a7d56,2019-11-26,1403.6,72369.5,0.0,0.0,138261.0,3.6,430667.4,5.9,13252.3,152.5,12625.9,56.2,6.1,16.2,6490.4,2.0,03:57:42,01:46:37,10:12:34,01:14:39,1,1,0.0,0.0,0.0,0.0
0f2be96bde481cd3898f147a995a7d56,2020-01-16,158.3,72163.7,0.0,0.0,3370.5,3.8,806.5,8.8,12185.8,104.5,14077.0,73.5,5.3,4.6,7647.8,6.9,01:36:00,02:40:00,10:56:00,04:31:03,0,0,0.0,0.0,0.0,0.0
0f2be96bde481cd3898f147a995a7d56,2020-01-22,125.6,71450.8,0.0,0.0,2646.5,3.3,571.8,6.9,15983.1,132.0,14822.7,84.0,5.4,2.3,7232.4,5.1,02:53:20,02:26:54,10:17:20,03:18:23,0,0,0.0,0.0,0.0,0.0
0f2be96bde481cd3898f147a995a7d56,2020-01-25,126.4,71076.6,0.0,0.0,2782.4,3.7,566.0,5.5,18733.6,151.7,15195.9,89.8,6.8,3.4,7202.1,1.4,03:57:42,01:52:37,09:49:42,01:49:29,0,0,0.0,0.0,0.0,0.0
0f2be96bde481cd3898f147a995a7d56,2020-01-28,127.6,72318.9,0.0,0.0,2637.3,3.6,546.1,5.6,19759.7,159.6,13952.6,89.7,7.1,3.2,6812.4,1.5,04:09:08,01:42:02,10:04:34,01:41:24,0,0,0.0,0.0,0.0,0.0
0f2be96bde481cd3898f147a995a7d56,2020-02-04,192.6,74118.1,0.0,0.0,4748.1,3.5,1588.1,5.6,18831.6,155.9,12088.4,88.8,7.7,3.6,5845.7,1.1,04:19:25,01:30:56,10:16:00,01:19:01,0,0,0.0,0.0,0.0,0.0
0f2be96bde481cd3898f147a995a7d56,2020-02-07,245.4,73910.0,0.0,0.0,4649.7,3.4,1578.4,5.6,18635.2,151.8,12243.6,91.4,6.2,2.5,5702.4,1.0,04:03:25,00:49:11,10:00:00,01:00:05,0,0,0.0,0.0,0.0,0.0
0f2be96bde481cd3898f147a995a7d56,2020-02-13,407.4,71972.2,0.0,0.0,7205.1,3.1,1558.6,5.4,17818.0,146.5,14019.4,90.1,8.0,1.9,6010.1,0.8,04:27:25,00:35:59,10:14:51,01:00:05,0,0,0.0,0.0,0.0,0.0
0f2be96bde481cd3898f147a995a7d56,2020-02-18,433.9,71675.4,0.0,0.0,7630.1,3.4,1557.9,5.5,17769.6,144.9,14289.6,88.3,8.6,3.0,6438.1,1.1,03:54:17,00:59:44,09:48:34,01:06:50,1,1,0.0,0.0,0.0,0.0
0f2be96bde481cd3898f147a995a7d56,2020-02-24,477.9,72828.0,0.0,0.0,11261.2,3.9,2821.6,5.9,17742.1,146.3,13093.1,88.0,9.0,3.0,6448.2,1.2,03:54:17,01:12:13,10:13:42,01:17:35,0,0,0.0,0.0,0.0,0.0
0f2be96bde481cd3898f147a995a7d56,2020-02-29,572.1,72687.4,0.0,0.0,11707.8,3.6,3017.4,5.9,18856.5,149.9,13139.6,90.5,8.0,1.5,6763.5,1.4,04:06:51,01:13:29,10:26:17,01:26:20,0,0,0.0,0.0,0.0,0.0
0f2be96bde481cd3898f147a995a7d56,2020-03-02,514.2,72782.3,0.0,0.0,9207.3,3.6,1763.0,5.9,19556.6,152.1,13102.6,91.2,7.7,1.2,6931.5,1.3,04:17:08,00:58:46,10:37:42,01:26:07,1,1,0.0,0.0,0.0,0.0
0f2be96bde481cd3898f147a995a7d56,2020-03-08,281.6,72809.9,0.0,0.0,3180.2,3.9,521.6,5.9,19460.5,143.0,13307.6,90.5,7.1,2.4,7047.9,1.4,03:53:08,01:19:56,10:08:00,01:08:25,0,0,0.0,0.0,0.0,0.0
0f2be96bde481cd3898f147a995a7d56,2020-03-12,254.1,72961.3,0.0,0.0,2929.4,3.4,501.1,5.4,19234.4,127.6,13183.6,92.1,5.9,2.0,6605.1,1.6,04:14:51,01:43:35,09:58:51,01:27:59,1,1,0.0,0.0,0.0,0.0
0f2be96bde481cd3898f147a995a7d56,2020-03-18,1435.5,73326.5,0.0,0.0,131252.8,2.7,636511.9,5.9,18149.6,118.4,11637.0,90.9,1.2,0.7,4652.4,2.5,04:17:08,02:28:26,10:35:25,01:44:28,1,1,0.0,0.0,0.0,0.0
0f2be96bde481cd3898f147a995a7d56,2020-03-20,1432.9,74003.0,0.0,0.0,130906.6,2.3,848456.4,6.0,19135.7,117.9,10963.1,91.6,0.8,0.4,3827.1,2.5,03:47:25,02:42:57,10:11:25,02:06:35,0,0,0.0,0.0,0.0,0.0
0f2be96bde481cd3898f147a995a7d56,2020-03-27,1416.4,75305.7,0.0,0.0,17420.9,1.5,1484336.7,6.8,17776.6,114.5,9676.9,78.6,0.0,0.0,2235.5,2.5,02:25:08,04:32:26,11:24:34,02:31:41,0,0,0.0,0.0,0.0,0.0
0f2be96bde481cd3898f147a995a7d56,2020-04-03,787.6,76719.1,0.0,0.0,12681.5,1.1,1483976.6,6.4,19456.9,127.5,8892.4,78.6,0.0,0.0,1718.9,2.2,02:26:17,04:13:06,10:57:08,02:24:41,0,0,0.0,0.0,0.0,0.0
0f2be96bde481cd3898f147a995a7d56,2020-04-11,132.2,77605.9,0.0,0.0,319.3,1.1,1483991.8,5.9,23573.8,176.4,8661.0,71.4,0.0,0.0,1423.9,1.8,04:02:17,01:36:21,10:20:34,01:17:15,0,0,0.0,0.0,0.0,0.0
0f2be96bde481cd3898f147a995a7d56,2020-04-18,132.4,77595.1,0.0,0.0,430.4,1.0,1483973.6,5.8,24526.9,191.9,8671.6,78.6,0.0,0.0,1155.1,1.2,04:30:51,01:07:28,10:40:00,00:50:14,1,1,0.0,0.0,0.0,0.0
0f2be96bde481cd3898f147a995a7d56,2020-04-23,159.3,76863.9,0.0,0.0,393.1,1.0,1483973.6,5.7,25190.3,185.7,9375.8,100.0,0.0,0.0,1109.1,1.4,04:38:51,01:09:24,10:45:42,00:55:57,0,0,0.0,0.0,0.0,0.0
0f2be96bde481cd3898f147a995a7d56,2020-05-04,95.1,77488.1,0.0,0.0,441.6,1.0,1483973.9,4.8,20643.7,166.8,8815.9,92.9,0.0,0.0,1110.6,1.5,05:38:17,01:37:29,10:48:00,00:52:58,0,0,0.0,0.0,0.0,0.0
0f2be96bde481cd3898f147a995a7d56,2020-05-09,45.6,77603.9,0.0,0.0,108.8,1.0,1483974.1,4.6,19883.1,152.5,8749.4,85.7,0.0,0.0,1144.7,1.2,05:38:17,01:49:39,10:35:25,01:13:55,1,1,0.0,0.0,0.0,0.0
0f2be96bde481cd3898f147a995a7d56,2020-05-13,335.1,77067.4,0.0,0.0,2811.2,1.1,1483997.6,4.5,20921.3,143.1,8996.5,85.7,0.0,0.0,1078.8,1.0,05:36:00,02:01:42,10:21:42,01:26:33,1,1,0.0,0.0,0.0,0.0
0f2be96bde481cd3898f147a995a7d56,2020-06-06,1370.6,75402.2,0.0,0.0,25297.6,1.4,1484498.9,6.1,22790.9,160.9,9626.1,100.0,0.0,0.0,1746.1,1.0,03:24:34,01:06:34,09:57:42,01:03:53,1,1,0.0,0.0,0.0,0.0
0f2be96bde481cd3898f147a995a7d56,2020-06-11,1231.3,76117.0,0.0,0.0,24415.6,1.4,1484564.8,5.6,24732.1,168.9,9050.7,71.4,0.0,0.0,1313.9,1.2,04:14:51,01:37:58,10:11:25,01:23:50,1,1,0.0,0.0,0.0,0.0
0f2be96bde481cd3898f147a995a7d56,2020-06-17,1186.6,76535.4,0.0,0.0,23700.6,1.5,1484259.9,5.5,24639.8,161.1,8677.0,28.6,0.0,0.0,1600.3,1.3,04:40:00,01:43:49,10:32:00,01:47:27,1,1,0.0,0.0,0.0,0.0
0f2be96bde481cd3898f147a995a7d56,2020-06-23,705.5,77207.1,0.0,0.0,4129.1,1.6,1484817.9,5.6,24075.7,165.9,8486.4,0.0,0.0,0.0,1648.2,1.4,05:00:34,01:04:03,11:01:42,01:43:37,0,0,0.0,0.0,0.0,0.0
0f2be96bde481cd3898f147a995a7d56,2020-06-27,895.8,77276.4,0.0,0.0,5329.1,1.6,1485037.6,5.5,24212.0,169.7,8226.9,0.0,0.0,0.0,1491.7,1.4,05:13:08,00:52:37,11:07:25,01:25:24,1,1,0.0,0.0,0.0,0.0
0f2be96bde481cd3898f147a995a7d56,2020-07-27,1562.1,77019.6,0.0,0.0,15750.6,2.1,3002612.4,6.2,16621.0,93.9,7817.4,92.9,0.0,0.0,1776.9,0.9,00:30:51,01:29:23,07:05:08,01:30:39,1,1,0.0,0.0,0.0,0.0
0f2be96bde481cd3898f147a995a7d56,2020-08-05,1593.6,76125.9,0.0,0.0,16112.3,2.1,3002211.0,6.3,17364.8,113.1,8679.5,100.0,0.0,0.0,2674.8,1.3,00:33:08,01:38:31,07:14:17,01:16:13,1,1,0.0,0.0,0.0,0.0
0f2be96bde481cd3898f147a995a7d56,2020-08-08,1730.2,76641.5,0.0,0.0,16134.9,2.2,3002210.9,6.4,18514.9,123.4,8027.3,100.0,0.0,0.0,2455.1,1.3,00:11:25,01:23:40,07:02:51,01:14:58,1,1,0.0,0.0,0.0,0.0
0f2be96bde481cd3898f147a995a7d56,2020-08-13,1762.7,76397.2,0.0,0.0,15561.9,2.3,3002210.7,6.6,19622.2,131.1,8239.1,100.0,0.0,0.0,2823.2,1.2,00:13:42,01:04:31,07:15:25,01:02:36,1,1,0.0,0.0,0.0,0.0
0f2be96bde481cd3898f147a995a7d56,2020-08-20,1783.2,74039.0,0.0,0.0,18022.4,2.7,3002319.5,5.9,20454.1,133.2,10576.9,100.0,0.0,0.0,3880.4,1.2,00:27:25,01:19:38,06:44:34,01:19:38,1,1,0.0,0.0,0.0,0.0
0f2be96bde481cd3898f147a995a7d56,2020-08-25,2854.3,71993.6,0.0,0.0,44073.9,2.5,2992488.5,6.0,19728.0,120.7,11551.2,78.6,0.0,0.0,3524.6,1.5,00:25:08,01:24:49,06:50:17,01:24:34,1,1,0.0,0.0,0.0,0.0
0f2be96bde481cd3898f147a995a7d56,2020-09-03,3881.1,71578.9,0.0,0.0,224478.4,1.4,2869188.0,6.2,17849.1,91.9,10938.9,50.0,0.0,0.0,2561.6,1.4,01:26:51,01:44:52,08:02:17,01:25:55,1,1,0.0,0.0,0.0,0.0
0f2be96bde481cd3898f147a995a7d56,2020-09-06,3204.1,70428.9,0.0,0.0,201927.7,1.5,2544605.9,5.5,19182.5,90.1,12765.9,35.7,0.0,0.0,3496.9,1.2,02:29:42,01:39:17,08:20:34,01:31:59,0,0,0.0,0.0,0.0,0.0
0f2be96bde481cd3898f147a995a7d56,2020-09-15,2524.9,68400.6,0.0,0.0,255620.4,1.2,1278851.4,5.1,17001.5,76.2,15473.6,7.1,0.0,0.0,3827.1,1.0,03:49:42,01:53:33,09:17:42,01:51:19,1,1,0.0,0.0,0.0,0.0
0f2be96bde481cd3898f147a995a7d56,2020-09-26,2202.9,71681.5,0.0,0.0,29619.7,1.1,309863.9,6.2,15515.6,108.0,12514.6,64.3,0.0,0.0,5093.8,1.3,01:13:08,01:05:36,07:52:00,01:48:08,1,1,0.0,0.0,0.0,0.0
0f2be96bde481cd3898f147a995a7d56,2020-10-03,2398.4,73983.4,0.0,0.0,31894.6,1.9,482012.1,5.8,17201.4,131.4,10017.2,100.0,0.0,0.0,3348.9,1.0,01:12:00,01:35:34,07:25:42,01:22:53,1,1,0.0,0.0,0.0,0.0
0f2be96bde481cd3898f147a995a7d56,2020-10-09,2567.1,74109.2,0.0,0.0,32589.5,2.0,482013.0,6.0,16898.5,131.4,9722.7,100.0,0.0,0.0,3288.3,1.6,01:16:34,01:50:42,07:39:25,00:42:56,0,0,0.0,0.0,0.0,0.0
0f2be96bde481cd3898f147a995a7d56,2020-10-15,2104.0,74048.5,0.0,0.0,27036.4,1.8,482012.7,6.1,20039.5,144.2,10246.5,100.0,0.0,0.0,3046.6,1.6,01:20:00,01:49:01,07:53:08,00:37:37,0,0,0.0,0.0,0.0,0.0
0f2be96bde481cd3898f147a995a7d56,2020-11-16,1757.5,74294.7,0.0,0.0,24655.4,2.0,482009.9,5.8,17309.6,134.3,10346.9,100.0,0.0,0.0,3427.4,1.0,00:05:42,01:13:58,06:13:42,01:51:46,0,0,0.0,0.0,0.0,0.0
0f2be96bde481cd3898f147a995a7d56,2020-11-19,1179.7,74457.6,0.0,0.0,16617.6,1.6,482008.9,5.6,18427.2,123.8,10761.8,100.0,0.0,0.0,3051.1,1.0,01:05:08,01:42:21,07:02:51,01:38:34,0,0,0.0,0.0,0.0,0.0
0f2be96bde481cd3898f147a995a7d56,2020-11-26,508.7,73303.3,0.0,0.0,85502.9,1.4,768283.6,5.5,19929.0,107.1,12587.0,78.6,0.0,0.0,3125.5,1.1,03:04:00,01:34:24,08:53:42,01:23:42,1,1,0.0,0.0,0.0,0.0
0f2be96bde481cd3898f147a995a7d56,2020-11-30,884.9,72550.8,0.0,0.0,92339.4,1.4,1058644.5,5.1,21168.9,107.6,12963.3,50.0,0.0,0.0,2829.4,0.9,03:34:51,01:10:11,09:02:51,01:18:57,1,1,0.0,0.0,0.0,0.0
0f2be96bde481cd3898f147a995a7d56,2020-12-12,1440.6,71084.0,0.0,0.0,20073.1,1.6,1491051.6,4.6,27682.0,147.7,13874.4,57.1,0.0,0.0,2257.7,1.0,04:37:42,01:37:03,09:34:51,01:18:57,1,1,0.0,0.0,0.0,0.0
0f2be96bde481cd3898f147a995a7d56,2020-12-19,867.4,70843.2,0.0,0.0,7854.0,1.8,1485459.3,4.6,27125.2,154.6,14688.4,92.9,0.0,0.0,2461.6,1.2,05:10:51,01:24:23,10:08:00,01:30:54,1,1,0.0,0.0,0.0,0.0
0f2be96bde481cd3898f147a995a7d56,2020-12-25,1574.9,70194.8,0.0,0.0,13626.9,1.8,1485884.0,4.8,24881.7,146.7,14629.4,92.9,0.0,0.0,2812.1,1.2,05:07:25,01:22:44,10:13:42,01:42:44,1,1,0.0,0.0,0.0,0.0
0f2be96bde481cd3898f147a995a7d56,2021-01-15,1327.1,67785.4,0.0,0.0,62411.9,1.1,920108.1,6.6,9356.2,67.9,17286.4,28.6,0.0,0.0,5494.9,1.4,03:05:08,01:56:35,10:09:08,01:29:47,1,1,0.0,0.0,0.0,0.0
0f2be96bde481cd3898f147a995a7d56,2021-02-11,307.6,71235.6,0.0,0.0,3519.9,1.6,1899344.4,6.2,17870.1,135.6,14855.7,100.0,0.0,0.0,4142.1,1.4,02:44:34,01:14:25,09:21:08,00:41:39,0,0,0.0,0.0,0.0,0.0
0f2be96bde481cd3898f147a995a7d56,2021-02-24,2114.2,70403.6,0.0,0.0,32282.7,1.4,1906827.5,5.8,17599.4,123.6,13881.2,100.0,0.0,0.0,4759.1,2.5,03:32:34,01:18:42,09:42:51,02:08:40,1,1,0.0,0.0,0.0,0.0
0f2be96bde481cd3898f147a995a7d56,2021-03-18,1657.6,70295.6,0.0,0.0,65692.1,1.9,1751012.6,5.6,19871.0,134.1,14445.8,64.3,0.0,0.0,4789.9,1.8,01:39:25,02:46:11,09:17:42,03:00:54,0,0,0.0,0.0,0.0,0.0
0f2be96bde481cd3898f147a995a7d56,2021-04-19,910.0,74526.4,0.0,0.0,6707.4,1.8,1486049.1,6.3,21018.5,145.9,10962.6,100.0,0.0,0.0,3255.5,1.5,00:48:00,01:40:38,07:33:42,01:08:50,1,1,0.0,0.0,0.0,0.0
0f2be96bde481cd3898f147a995a7d56,2021-05-04,1565.1,74749.8,0.0,0.0,19743.4,1.0,742406.0,5.6,21653.3,144.1,10084.1,50.0,0.0,0.0,2628.6,1.4,01:53:08,00:46:14,07:54:17,01:11:42,1,1,0.0,0.0,0.0,0.0
0f2be96bde481cd3898f147a995a7d56,2021-06-01,676.1,73911.5,0.0,0.0,0.0,0.0,0.0,6.2,19027.1,124.6,11811.4,0.0,0.0,0.0,4086.9,1.1,02:12:34,01:05:48,08:46:51,00:57:31,0,0,0.0,0.0,0.0,0.0
0f2be96bde481cd3898f147a995a7d56,2021-06-17,1466.8,72767.9,0.0,0.0,0.0,0.0,0.0,5.5,18141.8,124.9,12164.3,0.0,0.0,0.0,4265.6,1.1,03:45:08,01:06:22,09:36:00,00:51:40,0,0,0.0,0.0,0.0,0.0
0f2be96bde481cd3898f147a995a7d56,2021-07-04,290.6,67414.3,0.0,0.0,0.0,0.0,0.0,5.5,14342.9,115.6,18694.1,0.0,0.0,0.0,9721.5,2.1,03:08:34,02:07:18,09:01:42,01:58:19,0,0,0.0,0.0,0.0,0.0
0f2be96bde481cd3898f147a995a7d56,2021-07-21,19.1,72902.1,0.0,0.0,0.1,0.0,0.0,5.8,15879.2,112.4,13477.9,0.0,0.0,0.0,7220.8,1.0,03:16:34,00:48:09,09:26:51,00:59:28,0,0,0.0,0.0,0.0,0.0
0f2be96bde481cd3898f147a995a7d56,2021-09-27,141.2,70265.6,0.0,0.0,0.0,0.0,0.0,5.4,11593.6,101.1,15992.1,0.0,0.0,0.0,8828.9,1.3,03:37:08,01:09:40,09:22:17,01:38:47,0,0,0.0,0.0,0.0,0.0
0f2be96bde481cd3898f147a995a7d56,2021-10-09,113.5,71116.3,0.0,0.0,0.0,0.0,0.0,5.2,13374.2,104.8,15169.2,0.0,0.0,0.0,8011.9,1.5,04:05:42,01:46:24,09:39:25,02:22:21,0,0,0.0,0.0,0.0,0.0
0f2be96bde481cd3898f147a995a7d56,2021-11-02,398.6,73499.4,0.0,0.0,0.0,0.0,0.0,5.4,14042.4,116.9,12500.9,0.0,0.0,0.0,6635.6,0.9,04:01:08,01:05:15,09:48:34,01:10:03,0,0,0.0,0.0,0.0,0.0
0f2be96bde481cd3898f147a995a7d56,2021-11-10,93.2,73776.3,0.0,0.0,0.0,0.0,0.0,5.8,14343.9,119.9,12529.5,0.0,0.0,0.0,6725.1,1.1,03:54:17,01:11:57,10:05:42,01:16:13,0,0,0.0,0.0,0.0,0.0
0f2be96bde481cd3898f147a995a7d56,2021-11-29,2092.6,72837.7,0.0,0.0,0.0,0.0,0.0,5.0,17993.6,121.6,11468.6,0.0,0.0,0.0,4033.0,1.0,04:04:34,01:49:45,09:22:17,01:39:31,0,0,0.0,0.0,0.0,0.0
0f2be96bde481cd3898f147a995a7d56,2021-12-04,2722.4,70865.1,0.0,0.0,0.0,0.0,0.0,5.0,19881.0,133.1,12811.5,0.0,0.0,0.0,4286.2,1.3,03:15:25,02:14:01,08:35:25,01:54:36,0,0,0.0,0.0,0.0,0.0
0f727c1018c74fbb7142e8c7a77840d6,2018-10-31,0.0,73021.7,0.0,0.0,1551.0,2.0,144.0,11.1,4128.5,33.7,13377.3,23.3,43.3,0.0,33819.0,11.0,02:02:40,04:19:25,13:52:00,05:17:51,1,1,0.0,0.0,0.0,0.0
0f727c1018c74fbb7142e8c7a77840d6,2018-11-10,66.9,69911.5,0.0,0.0,3629.6,4.9,601.6,6.3,9870.6,67.4,16420.5,64.9,25.1,2.3,17409.2,5.3,04:20:55,02:49:15,11:04:36,03:19:54,1,1,0.0,0.0,0.0,0.0
0f727c1018c74fbb7142e8c7a77840d6,2018-11-16,266.9,70932.4,0.0,0.0,4895.3,5.2,1213.9,5.4,11836.7,69.4,15199.7,77.4,17.9,4.7,5567.6,1.4,04:09:08,02:45:15,09:55:25,02:44:51,1,1,0.0,0.0,0.0,0.0
0f727c1018c74fbb7142e8c7a77840d6,2018-11-24,2992.4,66742.2,0.0,0.0,253116.4,5.2,1015022.4,5.9,13714.9,82.5,16664.4,61.3,8.9,15.5,5316.5,2.1,03:12:00,03:10:28,09:29:08,03:05:52,0,0,0.0,0.0,0.0,0.0
0f727c1018c74fbb7142e8c7a77840d6,2018-11-29,4395.9,64278.2,0.0,0.0,270253.7,4.8,2024508.0,6.8,13766.0,91.1,17725.0,41.7,3.2,12.2,5760.2,2.3,02:32:00,02:46:08,09:46:17,02:04:19,0,0,0.0,0.0,0.0,0.0
0f727c1018c74fbb7142e8c7a77840d6,2018-12-05,4786.4,63387.8,0.0,0.0,71167.4,4.2,2833388.8,7.6,14805.5,82.7,18224.9,14.3,0.0,0.0,6215.8,1.2,00:59:25,00:45:49,09:04:00,01:04:51,1,1,0.0,0.0,0.0,0.0
0f727c1018c74fbb7142e8c7a77840d6,2018-12-13,4241.3,66197.4,0.0,0.0,68534.4,3.6,2843922.6,7.3,16707.5,77.8,15960.4,42.9,0.0,0.0,6082.4,1.6,01:31:25,00:52:10,09:18:51,01:39:27,0,0,0.0,0.0,0.0,0.0
0f727c1018c74fbb7142e8c7a77840d6,2018-12-16,4447.5,68635.1,0.0,0.0,63116.4,3.4,2847462.5,7.3,16131.2,75.6,13316.4,64.3,0.0,0.0,4839.4,1.6,01:18:51,00:50:02,09:05:08,01:44:18,0,0,0.0,0.0,0.0,0.0
0f727c1018c74fbb7142e8c7a77840d6,2018-12-26,6458.6,63842.4,0.0,0.0,305644.4,3.2,2862161.5,6.5,16202.1,91.0,16097.9,78.6,0.0,7.1,5794.9,2.2,01:24:34,01:25:11,08:20:34,01:19:38,0,0,0.0,0.0,0.0,0.0
0f727c1018c74fbb7142e8c7a77840d6,2019-01-02,6098.8,60691.2,0.0,0.0,329142.9,4.3,1470175.3,6.2,15347.2,87.1,19609.1,28.6,0.3,56.8,8395.4,1.9,01:42:51,01:20:37,08:17:08,02:04:44,0,0,0.0,0.0,0.0,0.0
0f727c1018c74fbb7142e8c7a77840d6,2019-01-12,6598.1,64643.8,0.0,0.0,132982.4,4.1,192711.8,5.7,14928.6,74.4,15157.1,23.4,3.1,30.6,7407.6,1.4,02:21:42,02:24:44,08:24:00,02:06:40,0,0,0.0,0.0,0.0,0.0
0f727c1018c74fbb7142e8c7a77840d6,2019-01-19,8060.1,62498.3,0.0,0.0,133204.9,4.5,111222.3,5.2,11916.2,62.6,15840.6,53.1,4.3,6.9,8330.9,1.2,02:19:25,02:28:25,07:50:51,01:51:27,0,0,0.0,0.0,0.0,0.0
0f727c1018c74fbb7142e8c7a77840d6,2019-01-25,6518.6,62406.4,0.0,0.0,111970.6,5.1,62524.2,5.2,11633.9,64.6,17474.0,58.7,5.1,14.8,7947.5,1.6,01:56:34,03:08:34,09:15:25,04:10:15,0,0,0.0,0.0,0.0,0.0
0f727c1018c74fbb7142e8c7a77840d6,2019-01-27,6391.9,61934.0,0.0,0.0,108685.5,5.4,57248.4,5.4,11274.7,63.4,18073.1,58.7,5.1,14.8,8010.6,1.6,01:54:17,03:08:02,09:20:00,04:07:47,0,0,0.0,0.0,0.0,0.0
0f727c1018c74fbb7142e8c7a77840d6,2019-02-06,5716.2,64338.9,0.0,0.0,106319.6,6.6,58027.5,4.7,11996.8,72.6,16343.9,53.6,10.4,21.7,7681.1,1.9,02:13:42,01:18:17,07:15:25,01:36:24,0,0,0.0,0.0,0.0,0.0
0f727c1018c74fbb7142e8c7a77840d6,2019-02-15,4815.5,64997.8,0.0,0.0,73437.2,6.1,29249.2,4.3,12812.7,78.8,16585.7,66.2,13.0,13.7,8830.2,1.2,02:08:00,01:04:00,06:44:34,01:33:34,0,0,0.0,0.0,0.0,0.0
0f727c1018c74fbb7142e8c7a77840d6,2019-02-22,2974.3,69482.9,0.0,0.0,45189.1,4.9,23288.9,4.9,10735.0,61.9,13941.8,64.1,11.2,17.5,7023.6,1.6,03:04:00,02:36:58,08:17:08,02:12:25,1,1,0.0,0.0,0.0,0.0
0f727c1018c74fbb7142e8c7a77840d6,2019-02-28,2972.1,70113.5,0.0,0.0,48708.9,4.3,26963.8,4.6,11845.8,55.1,13313.4,62.4,5.3,18.0,6090.2,1.7,03:47:25,04:19:25,10:21:42,03:33:01,1,1,0.0,0.0,0.0,0.0
0f727c1018c74fbb7142e8c7a77840d6,2019-03-09,2830.9,70278.4,0.0,0.0,49305.5,4.2,35259.4,4.5,14782.9,65.6,13289.8,50.5,2.9,25.2,5799.2,1.8,04:27:25,04:00:11,10:56:00,03:29:39,1,1,0.0,0.0,0.0,0.0
0f727c1018c74fbb7142e8c7a77840d6,2019-03-14,1970.6,70085.3,0.0,0.0,41006.0,3.9,28750.1,4.6,15375.9,68.1,14343.1,53.2,2.2,30.2,5782.0,2.0,03:48:34,04:28:46,10:24:00,02:59:29,0,0,0.0,0.0,0.0,0.0
0f727c1018c74fbb7142e8c7a77840d6,2019-03-20,2388.1,69630.6,0.0,0.0,45567.8,3.6,62295.9,4.6,14867.8,70.0,14380.3,48.5,1.6,21.4,5222.2,1.7,03:16:34,04:36:49,09:55:25,02:55:36,0,0,0.0,0.0,0.0,0.0
0f727c1018c74fbb7142e8c7a77840d6,2019-03-25,3912.9,65138.1,0.0,0.0,65578.7,3.5,88740.6,5.7,14816.4,76.6,17348.0,30.0,4.2,8.6,5609.8,1.3,02:27:25,02:15:06,08:32:00,01:36:11,0,0,0.0,0.0,0.0,0.0
0f727c1018c74fbb7142e8c7a77840d6,2019-03-30,3739.0,65105.6,0.0,0.0,56483.4,3.3,90873.4,6.7,17066.1,83.4,17554.4,11.4,8.3,8.8,5715.8,1.5,00:58:17,01:08:18,08:06:51,01:11:13,0,0,0.0,0.0,0.0,0.0
0f727c1018c74fbb7142e8c7a77840d6,2019-04-05,3379.2,66201.6,0.0,0.0,62791.6,3.6,63914.9,6.5,17876.1,73.9,16818.2,27.7,9.8,12.5,6157.7,2.0,01:24:34,01:31:23,08:19:25,01:31:32,0,0,0.0,0.0,0.0,0.0
0f727c1018c74fbb7142e8c7a77840d6,2019-04-13,2434.8,66306.6,0.0,0.0,61611.6,5.1,55296.1,6.0,14804.2,66.0,17657.6,47.8,10.1,13.5,8020.9,1.7,02:32:00,01:12:45,08:58:17,01:24:08,0,0,0.0,0.0,0.0,0.0
0f727c1018c74fbb7142e8c7a77840d6,2019-04-16,1395.6,67893.7,0.0,0.0,37653.9,5.3,47988.1,5.4,14163.5,62.4,17109.7,44.6,15.7,11.1,7824.4,2.1,03:23:25,02:20:19,09:12:00,01:18:05,1,1,0.0,0.0,0.0,0.0
0f727c1018c74fbb7142e8c7a77840d6,2019-04-20,570.6,69623.6,0.0,0.0,17033.8,6.4,13288.3,5.2,13538.6,62.1,16204.8,64.6,21.3,14.1,8245.9,1.9,04:04:34,02:05:45,09:34:51,01:41:59,0,0,0.0,0.0,0.0,0.0
0f727c1018c74fbb7142e8c7a77840d6,2019-04-27,29.4,74076.9,0.0,0.0,2484.4,5.1,454.1,4.5,15051.5,49.0,12292.7,71.2,21.8,7.0,6414.1,1.5,05:44:00,02:28:28,10:34:17,02:26:20,0,0,0.0,0.0,0.0,0.0
0f727c1018c74fbb7142e8c7a77840d6,2019-04-29,37.8,74318.6,0.0,0.0,2457.0,4.9,454.3,5.1,15211.0,48.3,12042.6,69.7,19.0,11.2,6103.6,1.9,05:36:00,02:38:44,11:00:34,02:26:34,0,0,0.0,0.0,0.0,0.0
0f727c1018c74fbb7142e8c7a77840d6,2019-05-02,121.4,73444.0,0.0,0.0,4021.6,4.6,1206.3,5.1,15618.7,49.2,12833.6,72.4,17.0,10.6,6263.1,1.6,04:37:42,03:19:04,10:06:51,03:04:51,0,0,0.0,0.0,0.0,0.0
0f727c1018c74fbb7142e8c7a77840d6,2019-05-06,235.4,71294.9,0.0,0.0,4803.1,5.1,1379.0,5.6,14693.6,48.9,14868.7,71.6,13.8,14.6,6608.6,2.1,04:26:17,02:51:57,10:25:08,02:51:31,1,1,0.0,0.0,0.0,0.0
0f727c1018c74fbb7142e8c7a77840d6,2019-05-11,279.2,72046.0,0.0,0.0,4721.5,5.1,1415.1,5.5,12863.5,48.4,14073.8,71.9,10.1,18.0,5958.7,2.1,03:38:17,04:55:00,11:12:00,04:02:21,1,1,0.0,0.0,0.0,0.0
0f727c1018c74fbb7142e8c7a77840d6,2019-05-14,180.1,73415.9,0.0,0.0,3617.6,4.4,689.6,4.6,15061.0,46.1,12803.0,81.1,6.3,12.6,5691.9,2.0,00:42:17,06:44:45,12:30:51,05:07:51,0,0,0.0,0.0,0.0,0.0
0f727c1018c74fbb7142e8c7a77840d6,2019-05-15,180.1,73142.1,0.0,0.0,2979.9,4.4,673.8,4.5,14698.6,45.5,13076.7,79.6,6.9,13.5,5748.9,2.0,00:32:00,06:45:29,12:13:42,05:30:07,0,0,0.0,0.0,0.0,0.0
0f727c1018c74fbb7142e8c7a77840d6,2019-05-25,1030.1,72833.8,0.0,0.0,15524.2,3.8,3602.9,4.3,17373.6,46.9,12535.1,75.4,15.1,9.5,7140.0,1.7,00:16:00,05:50:23,11:40:34,05:12:19,1,1,0.0,0.0,0.0,0.0
0f727c1018c74fbb7142e8c7a77840d6,2019-06-01,1636.5,72492.4,0.0,0.0,29104.4,3.9,16485.4,5.4,15603.1,50.1,12270.1,70.0,15.9,14.2,7717.1,2.2,03:20:00,04:09:45,12:33:08,04:33:30,1,1,0.0,0.0,0.0,0.0
0f727c1018c74fbb7142e8c7a77840d6,2019-06-03,2551.9,71108.3,0.0,0.0,478960.3,3.2,906381.8,5.3,14703.1,46.7,12738.9,61.7,13.6,10.4,7031.6,2.2,01:47:25,04:50:14,14:17:08,05:26:59,0,0,0.0,0.0,0.0,0.0
0f727c1018c74fbb7142e8c7a77840d6,2019-06-10,2921.4,67217.9,0.0,0.0,473561.6,2.5,3569547.3,4.6,11626.6,48.5,16259.6,26.9,3.4,5.4,6929.3,1.8,23:37:08,04:25:02,11:22:17,07:48:48,0,0,0.0,0.0,0.0,0.0
0f727c1018c74fbb7142e8c7a77840d6,2019-06-15,3545.7,63794.4,0.0,0.0,917047.2,2.3,4509722.1,5.4,13161.7,67.4,19058.9,0.0,0.0,0.0,5600.2,2.1,23:08:34,02:39:47,08:19:25,06:17:05,0,0,0.0,0.0,0.0,0.0
0f727c1018c74fbb7142e8c7a77840d6,2019-06-22,4636.1,65013.6,0.0,0.0,727576.6,2.8,2894322.4,7.0,16637.3,75.8,16749.3,35.7,0.0,0.0,5271.4,2.0,00:22:51,01:13:44,07:49:42,01:58:45,0,0,0.0,0.0,0.0,0.0
0f727c1018c74fbb7142e8c7a77840d6,2019-06-25,4762.4,68165.4,0.0,0.0,726603.5,2.6,2175258.4,7.0,16240.0,71.9,13471.1,57.1,0.0,0.0,5322.9,1.9,00:53:42,03:51:59,10:02:17,03:32:03,0,0,0.0,0.0,0.0,0.0
0f727c1018c74fbb7142e8c7a77840d6,2019-07-01,2528.6,74558.6,0.0,0.0,235883.6,1.6,2849681.3,5.6,14301.6,49.0,9311.8,85.7,0.0,0.0,4137.0,2.1,02:01:08,04:36:58,09:41:42,03:50:43,0,0,0.0,0.0,0.0,0.0
0f727c1018c74fbb7142e8c7a77840d6,2019-07-03,1811.9,75343.7,0.0,0.0,21072.9,1.4,2850077.2,5.4,13466.7,49.4,9243.4,85.7,0.0,0.0,3466.4,1.9,01:33:42,04:49:45,08:59:25,04:27:53,0,0,0.0,0.0,0.0,0.0
0f727c1018c74fbb7142e8c7a77840d6,2019-07-08,1823.6,75731.3,0.0,0.0,20651.9,1.5,2851776.9,4.7,11441.7,49.9,8844.1,78.6,0.0,0.0,2504.0,1.8,02:32:00,04:53:01,09:17:42,04:30:02,0,0,0.0,0.0,0.0,0.0
0f727c1018c74fbb7142e8c7a77840d6,2019-08-12,67.5,82480.1,0.0,0.0,409.5,1.1,2846765.4,6.1,10350.8,23.9,3851.4,78.6,0.0,0.0,8937.2,1.9,02:41:08,03:59:34,09:08:34,04:15:10,0,0,0.0,0.0,0.0,0.0
0f727c1018c74fbb7142e8c7a77840d6,2019-08-17,158.0,82155.6,0.0,0.0,1168.5,1.1,2846733.4,6.0,9863.9,27.5,4085.4,78.6,0.0,0.0,6979.5,2.2,05:44:00,03:39:51,12:09:08,03:31:12,0,0,0.0,0.0,0.0,0.0
0f727c1018c74fbb7142e8c7a77840d6,2019-08-18,158.0,82047.9,0.0,0.0,1168.5,1.1,2846733.4,5.9,9654.8,27.8,4193.1,78.6,0.0,0.0,6649.8,2.3,05:58:51,03:42:35,12:19:25,03:26:57,0,0,0.0,0.0,0.0,0.0
0f727c1018c74fbb7142e8c7a77840d6,2019-08-21,817.4,80202.1,0.0,0.0,9344.0,1.4,2849557.9,6.1,12029.3,36.7,5379.4,78.6,0.0,0.0,6443.3,2.1,06:54:51,02:20:27,13:22:17,01:17:52,0,0,0.0,0.0,0.0,0.0
0f727c1018c74fbb7142e8c7a77840d6,2019-08-29,4299.5,72630.4,0.0,0.0,281728.4,1.9,2728480.9,6.2,15244.7,44.6,9469.1,50.0,0.0,21.4,5159.5,2.8,03:12:00,05:44:23,11:33:42,02:55:20,0,0,0.0,0.0,0.0,0.0
0f727c1018c74fbb7142e8c7a77840d6,2019-09-03,3978.9,70483.9,0.0,0.0,280532.4,1.9,3874187.9,6.6,14798.9,46.1,11936.1,21.4,0.0,21.4,5086.1,2.4,23:53:08,04:44:16,08:40:00,04:03:00,0,0,0.0,0.0,0.0,0.0
0f727c1018c74fbb7142e8c7a77840d6,2019-09-11,1193.9,68672.4,0.0,0.0,18391.1,2.1,6058619.0,6.4,15591.4,58.5,16532.7,0.0,0.0,0.0,6434.9,0.9,22:29:42,01:04:10,05:17:42,01:23:58,0,0,0.0,0.0,0.0,0.0
0f727c1018c74fbb7142e8c7a77840d6,2019-09-14,2552.8,66541.1,0.0,0.0,488073.2,2.9,5625954.8,6.5,15056.9,59.6,17305.1,0.0,1.0,6.1,6824.7,0.9,22:49:08,01:15:27,05:46:17,01:45:32,0,0,0.0,0.0,0.0,0.0
0f727c1018c74fbb7142e8c7a77840d6,2019-09-16,2555.3,65938.6,0.0,0.0,487864.8,3.4,4760558.9,6.3,15908.1,64.0,17905.1,2.0,1.7,17.7,7457.9,1.3,23:20:00,01:31:39,06:02:17,01:49:57,0,0,0.0,0.0,0.0,0.0
0f727c1018c74fbb7142e8c7a77840d6,2019-09-20,2576.6,66730.0,0.0,0.0,487457.9,4.1,3030270.4,6.7,14344.4,65.2,17092.4,25.9,5.7,18.5,8476.1,1.6,00:32:00,01:46:38,07:38:17,02:08:22,0,0,0.0,0.0,0.0,0.0
0f727c1018c74fbb7142e8c7a77840d6,2019-09-21,2244.4,67547.8,0.0,0.0,484389.0,4.1,2597553.9,6.5,13982.0,64.2,16606.8,33.0,5.7,18.5,8183.6,1.5,00:49:08,02:03:15,07:47:25,02:20:25,0,0,0.0,0.0,0.0,0.0
0f727c1018c74fbb7142e8c7a77840d6,2019-09-22,2244.4,68794.4,0.0,0.0,484347.4,4.1,2164843.6,6.5,14053.9,62.9,15360.1,39.8,5.7,18.8,7452.4,1.5,01:20:00,02:16:26,08:17:08,02:41:59,1,1,0.0,0.0,0.0,0.0
0f727c1018c74fbb7142e8c7a77840d6,2019-09-26,1626.9,72428.6,0.0,0.0,474599.1,4.4,433884.1,6.5,14391.4,63.4,12343.6,63.4,9.7,19.8,7131.9,1.8,02:54:51,02:05:10,09:50:51,02:07:12,0,0,0.0,0.0,0.0,0.0
0f727c1018c74fbb7142e8c7a77840d6,2019-09-28,344.2,74016.2,0.0,0.0,5650.2,3.8,1058.2,6.6,14349.6,60.9,12038.6,76.6,8.7,14.7,7357.2,2.5,03:18:51,01:51:08,10:22:51,02:32:48,0,0,0.0,0.0,0.0,0.0
0f727c1018c74fbb7142e8c7a77840d6,2019-10-02,146.2,75087.6,0.0,0.0,3974.6,3.4,417.0,7.7,14270.2,57.6,11165.1,86.5,7.0,6.6,6889.4,2.6,03:29:08,02:01:19,11:44:00,01:52:39,0,0,0.0,0.0,0.0,0.0
0f727c1018c74fbb7142e8c7a77840d6,2019-10-04,207.3,75642.2,0.0,0.0,3731.1,3.1,407.1,7.4,14971.9,56.5,10549.5,88.1,5.7,6.1,6175.3,2.7,03:52:00,02:39:37,11:45:08,03:07:36,0,0,0.0,0.0,0.0,0.0
0f727c1018c74fbb7142e8c7a77840d6,2019-10-09,411.2,73964.6,0.0,0.0,4132.7,3.0,378.6,7.3,15827.4,57.9,12023.2,88.8,5.3,5.9,7043.8,3.0,03:50:51,02:40:45,11:40:34,03:10:46,0,0,0.0,0.0,0.0,0.0
0f727c1018c74fbb7142e8c7a77840d6,2019-10-13,427.3,73857.1,0.0,0.0,3853.4,3.2,514.9,6.2,14094.7,57.4,12114.6,88.6,5.7,5.8,6571.7,2.9,04:02:17,02:54:31,10:38:51,03:29:52,0,0,0.0,0.0,0.0,0.0
0f727c1018c74fbb7142e8c7a77840d6,2019-10-24,201.3,70787.6,0.0,0.0,4159.4,3.7,530.4,6.4,16659.3,64.3,15410.1,78.3,8.4,13.3,8023.6,2.7,04:05:42,02:15:50,10:54:51,02:58:43,0,0,0.0,0.0,0.0,0.0
0f727c1018c74fbb7142e8c7a77840d6,2019-10-26,88.4,73498.6,0.0,0.0,3294.3,3.6,416.6,6.8,16982.8,62.9,12812.0,78.7,9.0,12.3,7046.1,2.6,04:08:00,02:03:18,11:22:17,02:22:48,0,0,0.0,0.0,0.0,0.0
0f727c1018c74fbb7142e8c7a77840d6,2019-10-30,64.6,74143.4,0.0,0.0,2797.6,3.6,427.4,7.0,16838.9,63.9,12191.1,78.2,10.0,11.8,6788.2,2.6,03:58:51,01:38:54,11:29:08,01:59:29,0,0,0.0,0.0,0.0,0.0
0f727c1018c74fbb7142e8c7a77840d6,2019-11-03,34.7,76675.8,0.0,0.0,2488.1,3.6,423.3,6.7,16940.8,66.9,9688.6,78.4,8.8,12.8,5743.1,3.0,04:18:17,02:14:47,11:28:00,02:36:25,0,0,0.0,0.0,0.0,0.0
0f727c1018c74fbb7142e8c7a77840d6,2019-11-15,0.0,75080.3,0.0,0.0,2306.6,4.0,406.5,7.0,16571.4,59.8,11318.7,80.9,8.6,10.4,5974.4,2.0,04:45:42,02:54:18,12:14:51,02:47:45,0,0,0.0,0.0,0.0,0.0
0f727c1018c74fbb7142e8c7a77840d6,2019-11-21,1107.4,73913.8,0.0,0.0,20348.8,3.6,6051.6,7.6,16869.4,57.3,11377.8,86.6,4.0,9.4,5425.8,2.0,04:58:17,02:39:43,13:05:08,02:40:30,0,0,0.0,0.0,0.0,0.0
0f727c1018c74fbb7142e8c7a77840d6,2019-11-27,2984.0,72304.9,0.0,0.0,252083.3,3.3,415906.4,7.2,18474.1,58.2,11110.1,68.7,6.6,10.4,4856.4,3.1,04:02:17,01:52:57,11:41:42,03:28:25,0,0,0.0,0.0,0.0,0.0
0f727c1018c74fbb7142e8c7a77840d6,2019-11-30,3720.6,68890.9,0.0,0.0,370219.2,3.1,1055395.8,6.5,17989.5,61.7,13787.4,56.8,5.3,9.3,5025.9,3.5,03:33:42,01:50:37,10:28:34,04:20:29,0,0,0.0,0.0,0.0,0.0
0f727c1018c74fbb7142e8c7a77840d6,2019-12-07,3703.0,64048.4,0.0,0.0,369718.4,3.7,2699335.6,5.5,19077.0,92.8,18647.6,61.7,3.4,6.3,6451.8,2.5,01:50:51,01:43:35,07:40:34,02:21:58,0,0,0.0,0.0,0.0,0.0
0f727c1018c74fbb7142e8c7a77840d6,2019-12-24,4841.7,56818.5,0.0,0.0,323066.0,3.2,3315191.7,8.6,10976.4,59.2,24738.8,16.7,0.0,0.0,6070.2,2.3,01:22:40,04:45:14,10:34:40,04:49:52,0,0,0.0,0.0,0.0,0.0
0f727c1018c74fbb7142e8c7a77840d6,2020-01-04,5776.9,65228.3,0.0,0.0,410782.4,3.5,1362738.6,6.6,15827.9,80.4,15393.9,0.0,0.0,0.0,5577.4,2.0,01:29:08,01:57:50,08:32:00,02:38:16,0,0,0.0,0.0,0.0,0.0
0f727c1018c74fbb7142e8c7a77840d6,2020-01-10,4597.5,67368.1,0.0,0.0,85346.0,3.4,76946.7,6.6,16501.3,81.6,14433.4,14.3,0.0,0.0,6434.1,1.4,01:23:25,01:53:48,08:25:08,02:34:30,0,0,0.0,0.0,0.0,0.0
0f727c1018c74fbb7142e8c7a77840d6,2020-01-18,5015.7,64977.6,0.0,0.0,100142.3,3.4,88584.6,6.5,17793.2,94.5,16405.7,42.9,0.0,0.0,6386.5,1.3,01:08:34,01:17:04,08:05:42,01:05:51,0,0,0.0,0.0,0.0,0.0
0f727c1018c74fbb7142e8c7a77840d6,2020-01-25,4931.2,65858.4,0.0,0.0,87913.1,3.1,73448.7,6.4,17307.8,91.6,15609.4,71.4,0.0,0.0,6405.7,1.3,01:05:08,01:12:10,07:52:00,01:05:20,0,0,0.0,0.0,0.0,0.0
0f727c1018c74fbb7142e8c7a77840d6,2020-01-30,4616.1,67560.7,0.0,0.0,79676.9,2.9,70077.4,6.7,16159.7,89.1,14222.1,78.6,0.0,0.0,7048.0,2.0,01:02:51,01:29:59,08:10:17,01:22:49,0,0,0.0,0.0,0.0,0.0
0f727c1018c74fbb7142e8c7a77840d6,2020-01-31,4617.1,67708.5,0.0,0.0,81365.6,2.9,80804.3,6.7,15990.3,87.5,14073.4,78.6,0.0,0.0,7210.9,2.0,00:58:17,01:31:26,08:09:08,01:23:30,0,0,0.0,0.0,0.0,0.0
0f727c1018c74fbb7142e8c7a77840d6,2020-02-07,4598.2,68083.0,0.0,0.0,92084.3,3.2,98515.0,7.2,17192.2,95.9,13717.8,57.1,0.0,0.0,6589.9,2.0,01:01:42,01:47:18,08:40:00,01:31:15,0,0,0.0,0.0,0.0,0.0
0f727c1018c74fbb7142e8c7a77840d6,2020-02-14,5045.0,67780.9,0.0,0.0,98119.4,3.6,95739.4,7.3,18522.8,96.9,13573.1,50.0,0.0,0.0,6230.5,1.2,00:58:17,01:23:42,08:43:25,01:35:19,0,0,0.0,0.0,0.0,0.0
0f727c1018c74fbb7142e8c7a77840d6,2020-02-17,5015.5,68287.1,0.0,0.0,85739.0,3.6,112178.8,7.1,17604.7,88.1,13096.4,42.9,0.0,0.0,5943.2,1.2,00:38:51,01:10:42,08:13:42,01:48:39,0,0,0.0,0.0,0.0,0.0
0f727c1018c74fbb7142e8c7a77840d6,2020-02-25,5425.4,66879.6,0.0,0.0,100556.1,3.9,109587.6,6.8,17321.5,76.7,14094.0,50.0,0.0,0.0,6091.9,1.1,00:40:00,01:44:52,07:56:34,01:50:52,0,0,0.0,0.0,0.0,0.0
0f727c1018c74fbb7142e8c7a77840d6,2020-03-06,5712.9,67106.6,0.0,0.0,111705.4,3.2,56917.6,6.6,17903.4,76.8,13579.5,71.4,0.0,0.0,5953.9,1.7,01:49:42,01:41:42,08:49:08,01:38:31,0,0,0.0,0.0,0.0,0.0
0f727c1018c74fbb7142e8c7a77840d6,2020-03-11,5455.7,66770.0,0.0,0.0,111287.0,2.9,54279.1,6.5,19512.1,86.4,14173.3,85.7,0.0,0.0,5808.9,2.0,02:03:25,01:24:06,09:00:34,02:02:19,0,0,0.0,0.0,0.0,0.0
0f727c1018c74fbb7142e8c7a77840d6,2020-03-20,9088.1,63868.7,0.0,0.0,252119.4,2.4,645693.8,6.4,21280.9,85.9,13442.1,64.3,0.0,0.0,5549.0,2.5,01:21:08,01:54:58,09:56:34,03:18:30,0,0,0.0,0.0,0.0,0.0
0f727c1018c74fbb7142e8c7a77840d6,2020-03-26,7851.3,66865.6,0.0,0.0,225932.9,1.6,1844111.9,5.9,19913.7,69.4,11682.1,42.9,0.0,0.0,3927.4,2.5,02:00:00,02:39:03,10:00:00,03:22:59,0,0,0.0,0.0,0.0,0.0
0f727c1018c74fbb7142e8c7a77840d6,2020-04-02,0.0,77821.8,0.0,0.0,0.0,1.0,2846700.1,5.2,19392.5,59.5,8577.2,71.4,0.0,0.0,2397.1,1.5,03:24:34,02:33:07,09:00:34,02:26:47,0,0,0.0,0.0,0.0,0.0
0f727c1018c74fbb7142e8c7a77840d6,2020-04-11,0.0,78763.9,0.0,0.0,0.0,1.0,2846700.0,6.3,18304.5,85.2,7635.1,92.9,0.0,0.0,2772.1,2.2,02:18:17,00:48:58,09:00:34,02:40:42,0,0,0.0,0.0,0.0,0.0
0f727c1018c74fbb7142e8c7a77840d6,2020-04-14,11.6,79017.4,0.0,0.0,0.0,1.0,2846699.7,6.6,17652.1,82.6,7370.1,92.9,0.0,0.0,2630.4,2.2,02:51:25,01:11:55,09:56:34,02:53:38,0,0,0.0,0.0,0.0,0.0
0f727c1018c74fbb7142e8c7a77840d6,2020-04-19,11.6,79079.3,0.0,0.0,0.0,1.0,2846698.9,6.8,17903.4,83.2,7308.1,100.0,0.0,0.0,2629.4,2.0,03:01:42,01:20:35,10:18:17,02:51:13,0,0,0.0,0.0,0.0,0.0
0f727c1018c74fbb7142e8c7a77840d6,2020-04-27,8.1,79450.0,0.0,0.0,0.0,1.0,2846698.4,6.9,16859.9,62.2,6940.9,100.0,0.0,0.0,2317.4,2.5,03:52:00,01:11:14,11:13:08,02:52:16,0,0,0.0,0.0,0.0,0.0
0f727c1018c74fbb7142e8c7a77840d6,2020-05-05,19.7,79576.8,0.0,0.0,11.1,1.0,2846699.4,6.5,15888.4,44.6,6802.5,100.0,0.0,0.0,3366.4,2.3,02:59:25,04:16:13,11:38:17,03:06:44,1,1,0.0,0.0,0.0,0.0
0f727c1018c74fbb7142e8c7a77840d6,2020-05-15,10.6,79546.2,0.0,0.0,11.1,1.0,2846700.9,5.6,18045.8,40.2,6842.2,92.9,0.0,0.0,3360.4,2.5,03:37:08,04:51:08,11:18:51,03:06:27,1,1,0.0,0.0,0.0,0.0
0f727c1018c74fbb7142e8c7a77840d6,2020-05-18,5.3,79564.7,0.0,0.0,0.0,1.0,2846701.1,5.4,20006.5,41.6,6829.0,92.9,0.0,0.0,2987.1,2.6,05:47:25,02:49:22,11:31:25,03:09:25,0,0,0.0,0.0,0.0,0.0
0f727c1018c74fbb7142e8c7a77840d6,2020-05-23,3.9,79487.6,0.0,0.0,0.0,1.0,2846700.5,5.1,20044.9,42.9,6907.4,92.9,0.0,0.0,2948.0,2.4,05:54:17,05:17:14,13:06:17,04:13:15,0,0,0.0,0.0,0.0,0.0
0f727c1018c74fbb7142e8c7a77840d6,2020-05-28,3.9,79950.7,0.0,0.0,0.0,1.0,2846699.9,5.0,21909.6,49.4,6444.4,92.9,0.0,0.0,3232.4,2.1,05:31:25,06:39:19,14:16:00,04:35:07,0,0,0.0,0.0,0.0,0.0
0f727c1018c74fbb7142e8c7a77840d6,2020-05-31,3.9,79963.3,0.0,0.0,0.0,1.0,2846699.7,5.4,21031.7,51.0,6431.8,92.9,0.0,0.0,2928.6,1.9,03:10:51,07:11:43,14:05:42,05:11:56,0,0,0.0,0.0,0.0,0.0
0f727c1018c74fbb7142e8c7a77840d6,2020-06-11,256.7,78558.4,0.0,0.0,2997.6,1.1,2846732.1,5.0,21376.1,57.7,7583.9,100.0,0.0,0.0,4959.9,1.8,20:46:51,04:28:10,12:21:42,06:56:33,0,0,0.0,0.0,0.0,0.0
0f727c1018c74fbb7142e8c7a77840d6,2020-06-17,4375.2,73708.5,0.0,0.0,82757.5,0.9,2252175.7,5.7,15755.7,43.4,8315.3,78.6,0.0,0.0,4834.8,1.9,23:17:42,03:19:31,08:46:51,04:55:36,0,0,0.0,0.0,0.0,0.0
0f727c1018c74fbb7142e8c7a77840d6,2020-07-02,1871.6,76733.1,0.0,0.0,23915.6,1.4,2850163.9,5.9,17392.2,64.1,7794.4,92.9,0.0,0.0,4799.7,2.5,03:07:25,03:48:14,11:10:51,03:27:57,0,0,0.0,0.0,0.0,0.0
0f727c1018c74fbb7142e8c7a77840d6,2020-07-13,1463.4,77744.4,0.0,0.0,16823.3,1.4,2850165.4,5.4,12995.6,65.9,7191.2,92.9,0.0,0.0,3801.1,1.8,02:58:17,01:17:38,08:41:08,01:05:36,1,1,0.0,0.0,0.0,0.0
0f727c1018c74fbb7142e8c7a77840d6,2020-07-22,1130.0,77141.7,0.0,0.0,17454.4,1.2,2850481.9,4.6,15054.4,74.5,8127.3,100.0,0.0,0.0,5343.6,1.1,03:57:42,01:23:58,08:49:08,00:45:50,1,1,0.0,0.0,0.0,0.0
0f727c1018c74fbb7142e8c7a77840d6,2020-07-31,1099.9,77012.5,0.0,0.0,13732.5,1.4,2849176.7,5.7,12317.2,71.7,8286.6,100.0,0.0,0.0,6269.4,1.4,03:02:51,00:58:32,09:07:25,01:02:53,0,0,0.0,0.0,0.0,0.0
0f727c1018c74fbb7142e8c7a77840d6,2020-08-04,748.5,76497.0,0.0,0.0,8944.4,1.4,2849176.0,6.1,12201.4,70.4,9153.5,92.9,0.0,0.0,6169.6,1.1,02:53:42,01:02:48,09:21:08,01:08:48,0,0,0.0,0.0,0.0,0.0
0f727c1018c74fbb7142e8c7a77840d6,2020-08-21,273.1,75982.3,0.0,0.0,2307.9,0.8,2236692.1,5.5,12956.7,71.7,10143.6,64.3,0.0,0.0,5660.9,1.3,03:12:00,00:52:43,09:01:42,00:58:53,0,0,0.0,0.0,0.0,0.0
0f727c1018c74fbb7142e8c7a77840d6,2020-09-03,557.7,75946.1,0.0,0.0,0.0,0.0,0.0,6.2,14038.9,66.6,9895.1,0.0,0.0,0.0,4885.6,1.9,02:53:42,01:18:35,09:30:17,01:29:24,0,0,0.0,0.0,0.0,0.0
0f727c1018c74fbb7142e8c7a77840d6,2020-09-13,10584.2,64353.5,0.0,0.0,0.0,0.0,0.0,5.5,12496.3,61.8,11461.4,0.0,0.0,0.0,4165.3,2.2,03:06:17,01:33:01,08:57:08,01:34:36,0,0,0.0,0.0,0.0,0.0
0f727c1018c74fbb7142e8c7a77840d6,2020-09-15,10330.8,65109.7,0.0,0.0,180.6,0.0,0.0,5.5,13383.8,61.4,10958.6,0.0,0.0,0.0,4170.9,2.2,03:08:34,01:26:50,08:58:17,01:31:14,0,0,0.0,0.0,0.0,0.0
0f727c1018c74fbb7142e8c7a77840d6,2020-09-26,30.6,78302.1,0.0,0.0,1655.9,0.9,264.1,5.4,17510.7,80.7,8066.2,71.0,0.4,0.0,5255.6,2.0,03:58:51,01:02:41,09:45:08,01:50:48,0,0,0.0,0.0,0.0,0.0
0f727c1018c74fbb7142e8c7a77840d6,2020-10-03,0.0,77070.9,0.0,0.0,1734.3,1.5,368.6,5.2,18746.1,90.6,9328.1,97.0,2.4,0.6,4825.5,2.0,04:24:00,01:05:20,09:58:51,01:41:19,0,0,0.0,0.0,0.0,0.0
0f727c1018c74fbb7142e8c7a77840d6,2020-10-04,8.1,76688.7,0.0,0.0,1885.4,1.5,368.6,5.3,18557.5,90.1,9702.1,97.0,2.4,0.6,5099.6,2.0,04:16:00,00:54:05,09:54:17,01:41:31,0,0,0.0,0.0,0.0,0.0
0f727c1018c74fbb7142e8c7a77840d6,2020-10-13,200.3,75469.4,0.0,0.0,3346.8,2.2,717.9,5.1,16778.1,88.6,10729.4,95.6,2.7,1.7,6512.3,2.0,04:33:08,00:54:14,09:58:51,01:52:55,0,0,0.0,0.0,0.0,0.0
0f727c1018c74fbb7142e8c7a77840d6,2020-10-18,258.6,76113.8,0.0,0.0,3943.0,2.3,834.1,5.1,16214.2,85.3,10026.6,96.5,1.4,2.1,6519.0,1.9,04:14:51,01:51:25,09:41:42,01:50:47,1,1,0.0,0.0,0.0,0.0
0f727c1018c74fbb7142e8c7a77840d6,2020-10-28,169.1,77482.3,0.0,0.0,3280.6,1.9,719.3,5.1,13849.9,80.6,8747.7,94.9,2.5,2.7,5724.1,1.7,04:01:08,02:09:46,09:25:42,01:38:11,0,0,0.0,0.0,0.0,0.0
0f727c1018c74fbb7142e8c7a77840d6,2020-11-03,218.5,78088.6,0.0,0.0,2566.0,1.6,641.6,4.9,13583.3,81.9,8091.9,99.0,0.7,0.3,5088.1,1.9,04:54:51,01:51:47,10:08:00,02:01:05,0,0,0.0,0.0,0.0,0.0
0f727c1018c74fbb7142e8c7a77840d6,2020-11-13,241.5,77799.9,0.0,0.0,2242.6,1.6,725.6,5.1,13559.7,84.5,8357.6,100.0,0.0,0.0,5292.1,2.0,04:32:00,00:57:22,10:00:00,01:40:58,0,0,0.0,0.0,0.0,0.0
0f727c1018c74fbb7142e8c7a77840d6,2020-11-19,1366.2,76309.1,0.0,0.0,22737.9,1.4,15180.6,5.0,13841.5,74.8,8723.7,100.0,0.0,0.0,5143.6,1.6,04:16:00,01:12:19,09:33:42,01:25:42,0,0,0.0,0.0,0.0,0.0
0f727c1018c74fbb7142e8c7a77840d6,2020-11-21,1922.6,75539.6,0.0,0.0,248075.3,1.4,44209.3,5.0,14113.4,71.5,8936.9,85.7,0.0,0.0,4778.4,1.5,03:58:51,01:18:01,09:21:08,01:10:38,0,0,0.0,0.0,0.0,0.0
0f727c1018c74fbb7142e8c7a77840d6,2020-11-24,2055.4,74837.6,0.0,0.0,250639.1,1.3,654096.6,5.4,14269.4,71.7,9506.1,64.3,0.0,0.0,4066.6,1.7,03:20:00,01:35:22,09:08:34,00:59:23,0,0,0.0,0.0,0.0,0.0
0f727c1018c74fbb7142e8c7a77840d6,2020-12-02,1966.4,72784.4,0.0,0.0,249410.5,1.1,2280374.2,5.9,17974.0,79.4,11648.2,7.1,0.0,0.0,2679.5,1.6,02:34:17,01:18:17,08:51:25,01:15:05,1,1,0.0,0.0,0.0,0.0
0f727c1018c74fbb7142e8c7a77840d6,2020-12-06,350.6,74001.3,0.0,0.0,5924.9,1.0,2846697.9,5.3,18585.9,88.2,12047.1,14.3,0.0,0.0,2348.7,1.3,03:30:17,02:02:25,09:10:51,01:20:37,0,0,0.0,0.0,0.0,0.0
0f727c1018c74fbb7142e8c7a77840d6,2020-12-14,177.4,73487.2,0.0,0.0,3014.0,1.0,2846697.5,4.9,16151.4,85.4,12734.4,71.4,0.0,0.0,2788.5,1.5,04:10:17,01:57:30,09:22:17,01:12:47,0,0,0.0,0.0,0.0,0.0
0f727c1018c74fbb7142e8c7a77840d6,2020-12-26,630.6,71140.8,0.0,0.0,7466.8,1.1,2846729.9,5.6,18558.5,88.8,14627.6,85.7,0.0,0.0,3386.4,1.8,03:30:17,01:00:25,09:31:25,01:11:55,0,0,0.0,0.0,0.0,0.0
0f727c1018c74fbb7142e8c7a77840d6,2020-12-27,630.6,71698.6,0.0,0.0,7466.8,1.1,2846730.0,6.0,17765.2,85.6,14069.8,85.7,0.0,0.0,3167.1,1.7,03:15:25,01:04:54,09:38:17,01:07:18,0,0,0.0,0.0,0.0,0.0
0f727c1018c74fbb7142e8c7a77840d6,2021-01-02,506.3,72156.4,0.0,0.0,4711.7,1.1,2846762.7,5.4,18040.5,81.6,13736.4,85.7,0.0,0.0,3083.6,2.0,04:04:34,02:08:46,09:49:42,01:50:19,0,0,0.0,0.0,0.0,0.0
0f727c1018c74fbb7142e8c7a77840d6,2021-01-03,513.6,72133.4,0.0,0.0,4711.7,1.1,2846762.9,5.3,18163.2,82.8,13752.0,92.9,0.0,0.0,3111.6,2.0,04:16:00,02:06:25,09:53:08,01:50:06,0,0,0.0,0.0,0.0,0.0
0f727c1018c74fbb7142e8c7a77840d6,2021-01-26,271.6,79676.1,0.0,0.0,961.1,1.0,271.7,7.1,13190.9,69.7,6451.3,100.0,0.0,0.0,3808.1,5.1,03:07:12,02:41:45,10:40:00,02:40:28,0,0,0.0,0.0,0.0,0.0
0f727c1018c74fbb7142e8c7a77840d6,2021-01-29,275.1,79157.5,0.0,0.0,1038.3,1.1,271.6,6.4,14816.4,78.9,6966.4,100.0,0.0,0.0,3925.8,4.7,03:04:36,02:22:30,09:54:27,02:48:22,0,0,0.0,0.0,0.0,0.0
0f727c1018c74fbb7142e8c7a77840d6,2021-01-31,255.4,79060.8,0.0,0.0,1052.0,1.1,271.6,5.1,15605.1,80.4,7082.8,100.0,0.0,0.0,3852.7,2.1,03:37:08,01:10:27,09:05:08,01:41:38,0,0,0.0,0.0,0.0,0.0
0f727c1018c74fbb7142e8c7a77840d6,2021-02-10,192.2,79394.6,0.0,0.0,1064.9,1.1,270.9,4.3,14884.3,87.9,6812.1,100.0,0.0,0.0,3942.4,1.6,04:06:51,01:39:07,08:42:17,01:21:56,1,1,0.0,0.0,0.0,0.0
0f727c1018c74fbb7142e8c7a77840d6,2021-02-18,246.1,79384.3,0.0,0.0,1168.4,1.0,270.0,3.8,13197.8,77.7,6768.6,100.0,0.0,0.0,3956.4,1.1,04:48:00,01:29:05,08:51:25,00:59:18,0,0,0.0,0.0,0.0,0.0
0f727c1018c74fbb7142e8c7a77840d6,2021-02-21,301.1,79308.2,0.0,0.0,1236.8,1.0,269.6,3.7,13819.0,74.6,6789.6,100.0,0.0,0.0,3741.0,0.9,04:46:51,01:41:38,08:45:42,01:05:55,1,1,0.0,0.0,0.0,0.0
0f727c1018c74fbb7142e8c7a77840d6,2021-03-05,206.1,79823.3,0.0,0.0,969.8,1.0,269.2,4.5,16497.3,60.9,6369.6,100.0,0.0,0.0,3038.0,2.1,03:17:42,02:53:26,08:06:51,03:24:47,1,1,0.0,0.0,0.0,0.0
0f727c1018c74fbb7142e8c7a77840d6,2021-03-10,177.5,80026.8,0.0,0.0,970.1,1.0,269.3,4.9,19534.1,57.8,6194.7,100.0,0.0,0.0,3216.4,2.6,02:46:51,04:27:59,09:46:17,03:14:31,1,1,0.0,0.0,0.0,0.0
0f727c1018c74fbb7142e8c7a77840d6,2021-03-16,992.4,78965.5,0.0,0.0,17489.5,1.1,13167.9,4.4,20127.8,61.6,6441.1,100.0,0.0,0.0,3631.9,2.6,03:45:08,06:35:11,11:55:25,02:42:05,0,0,0.0,0.0,0.0,0.0
0f727c1018c74fbb7142e8c7a77840d6,2021-03-20,1728.6,76951.3,0.0,0.0,231172.7,1.2,826433.9,4.4,17784.2,63.6,7719.1,71.4,0.0,0.0,3436.6,2.2,03:06:17,06:37:24,11:13:08,03:33:35,0,0,0.0,0.0,0.0,0.0
0f727c1018c74fbb7142e8c7a77840d6,2021-03-24,1852.8,75325.9,0.0,0.0,233635.6,1.3,1640226.4,5.0,16379.3,68.1,9220.4,42.9,0.0,0.0,3354.6,2.1,03:49:42,05:18:43,10:54:51,03:33:20,0,0,0.0,0.0,0.0,0.0
0f727c1018c74fbb7142e8c7a77840d6,2021-03-30,1465.7,74453.9,0.0,0.0,221004.7,1.3,2847678.9,5.2,15567.8,73.1,10479.4,7.1,0.0,0.0,2947.6,2.0,03:44:00,01:51:30,09:18:51,02:36:49,0,0,0.0,0.0,0.0,0.0
0f727c1018c74fbb7142e8c7a77840d6,2021-04-05,691.9,76083.1,0.0,0.0,7048.4,1.1,2847678.6,5.5,15929.2,73.7,9624.0,50.0,0.0,0.0,2788.9,2.1,04:01:08,01:28:21,09:50:51,02:08:12,0,0,0.0,0.0,0.0,0.0
0f727c1018c74fbb7142e8c7a77840d6,2021-04-12,105.9,77828.7,0.0,0.0,674.7,1.0,2846700.4,5.2,14798.9,72.2,8464.4,100.0,0.0,0.0,2230.7,2.0,03:40:34,01:34:41,09:14:17,01:43:58,0,0,0.0,0.0,0.0,0.0
0f727c1018c74fbb7142e8c7a77840d6,2021-04-21,1518.2,75586.1,0.0,0.0,27613.6,1.1,2848452.6,4.9,16161.9,67.5,9294.7,100.0,0.0,0.0,2666.7,2.0,03:04:00,01:51:28,08:17:08,02:12:08,0,0,0.0,0.0,0.0,0.0
0f727c1018c74fbb7142e8c7a77840d6,2021-04-27,1512.6,75701.4,0.0,0.0,27603.6,1.1,2848452.1,5.9,17649.1,72.6,9185.0,92.9,0.0,0.0,2729.2,2.0,02:08:00,01:30:06,08:22:51,02:10:05,0,0,0.0,0.0,0.0,0.0
0f727c1018c74fbb7142e8c7a77840d6,2021-05-04,2.4,78067.4,0.0,0.0,9.6,1.0,2846700.0,6.7,16349.8,73.5,8329.2,92.9,0.0,0.0,2232.7,1.5,02:43:25,01:45:17,09:53:08,01:51:05,0,0,0.0,0.0,0.0,0.0
0f727c1018c74fbb7142e8c7a77840d6,2021-05-11,88.5,78867.4,0.0,0.0,668.8,1.0,2846700.1,6.6,14686.0,69.1,7443.3,100.0,0.0,0.0,2045.9,1.9,03:13:08,01:33:11,10:14:51,02:00:17,1,1,0.0,0.0,0.0,0.0
0f727c1018c74fbb7142e8c7a77840d6,2021-05-18,183.1,79370.2,0.0,0.0,785.3,1.0,2846699.8,6.8,14400.3,66.8,6845.8,100.0,0.0,0.0,1914.0,2.2,03:12:00,01:43:52,10:29:42,01:40:12,1,1,0.0,0.0,0.0,0.0
0f727c1018c74fbb7142e8c7a77840d6,2021-05-26,0.0,78773.5,0.0,0.0,42.9,1.0,2846699.4,6.6,15673.2,71.9,7625.5,92.9,0.0,0.0,1955.3,2.3,03:33:42,01:35:55,10:33:08,02:02:33,1,1,0.0,0.0,0.0,0.0
0f727c1018c74fbb7142e8c7a77840d6,2021-06-03,10.8,77998.2,0.0,0.0,32.3,1.0,2846699.1,5.9,15298.6,76.5,8390.0,92.9,0.0,0.0,2299.4,2.0,03:34:51,01:01:53,09:53:08,02:10:19,1,1,0.0,0.0,0.0,0.0
0f727c1018c74fbb7142e8c7a77840d6,2021-06-05,10.8,77805.3,0.0,0.0,32.3,1.0,2846698.8,5.8,15954.5,75.6,8582.9,92.9,0.0,0.0,2347.8,1.9,03:31:25,01:01:43,09:41:42,01:53:43,1,1,0.0,0.0,0.0,0.0
0f727c1018c74fbb7142e8c7a77840d6,2021-06-12,0.0,78038.0,0.0,0.0,40.4,1.0,2846699.0,5.8,16606.4,67.6,8361.0,100.0,0.0,0.0,2353.8,2.2,03:26:51,00:56:13,09:40:34,01:48:35,0,0,0.0,0.0,0.0,0.0
0f727c1018c74fbb7142e8c7a77840d6,2021-06-13,133.8,77557.0,0.0,0.0,3163.9,1.1,2848038.1,5.8,17072.4,69.4,8708.2,100.0,0.0,0.0,2419.0,2.3,03:34:51,01:09:08,09:45:08,01:46:15,0,0,0.0,0.0,0.0,0.0
0f727c1018c74fbb7142e8c7a77840d6,2021-06-17,1771.4,75618.1,0.0,0.0,239044.0,1.3,2467013.5,5.5,18516.0,63.1,9009.5,92.9,0.0,0.0,2671.0,2.5,04:20:34,02:18:29,10:13:42,02:14:05,1,1,0.0,0.0,0.0,0.0
0f727c1018c74fbb7142e8c7a77840d6,2021-06-24,1789.6,73959.2,0.0,0.0,240713.0,1.7,1133512.3,6.1,17581.6,65.9,10650.2,92.9,0.0,0.0,4525.5,2.4,03:45:08,02:30:08,10:13:42,02:05:55,0,0,0.0,0.0,0.0,0.0
0f727c1018c74fbb7142e8c7a77840d6,2021-06-30,26.9,76767.4,0.0,0.0,3023.2,1.7,179770.1,5.7,14557.5,67.4,9604.6,100.0,0.0,0.0,5259.5,1.7,03:31:25,01:24:16,09:37:08,01:25:11,0,0,0.0,0.0,0.0,0.0
0f727c1018c74fbb7142e8c7a77840d6,2021-07-05,1288.7,75233.3,0.0,0.0,31284.0,1.9,166970.9,5.2,14814.6,69.7,9877.0,85.7,0.0,0.0,5288.6,0.9,03:58:51,01:27:18,09:32:34,01:37:21,0,0,0.0,0.0,0.0,0.0
0f727c1018c74fbb7142e8c7a77840d6,2021-07-10,1325.6,76037.6,0.0,0.0,31218.5,1.9,166870.6,5.7,14601.9,65.9,9035.8,85.7,0.0,0.0,4183.1,1.2,03:17:42,01:31:26,09:23:25,01:40:08,0,0,0.0,0.0,0.0,0.0
0f727c1018c74fbb7142e8c7a77840d6,2021-07-13,1316.8,76294.4,0.0,0.0,30561.1,1.7,166861.2,5.7,14413.0,64.2,8787.8,85.7,0.0,0.0,3159.5,1.2,03:52:00,02:16:48,09:54:17,02:11:30,0,0,0.0,0.0,0.0,0.0
0f727c1018c74fbb7142e8c7a77840d6,2021-07-20,104.1,79243.7,0.0,0.0,1719.6,1.3,179645.2,5.3,15123.9,75.0,7051.1,100.0,0.0,0.0,1922.9,1.6,03:58:51,02:17:33,09:37:08,01:42:42,0,0,0.0,0.0,0.0,0.0
0f727c1018c74fbb7142e8c7a77840d6,2021-07-31,201.9,78321.9,0.0,0.0,2237.4,1.4,179595.4,5.0,14617.3,70.2,7875.3,100.0,0.0,0.0,1759.2,1.3,05:14:17,01:38:55,10:32:00,01:38:23,0,0,0.0,0.0,0.0,0.0
0f727c1018c74fbb7142e8c7a77840d6,2021-08-01,201.9,78254.6,0.0,0.0,2254.8,1.4,179595.5,5.3,14493.2,69.4,7942.6,100.0,0.0,0.0,1736.6,1.7,05:15:25,01:38:09,10:52:34,01:44:25,0,0,0.0,0.0,0.0,0.0
0f727c1018c74fbb7142e8c7a77840d6,2021-08-10,13.7,79792.4,0.0,0.0,487.5,1.3,179569.4,4.7,14161.3,62.6,6592.9,100.0,0.0,0.0,842.1,1.6,05:18:51,01:13:11,10:17:08,01:31:39,1,1,0.0,0.0,0.0,0.0
0f727c1018c74fbb7142e8c7a77840d6,2021-08-15,37.0,80578.2,0.0,0.0,544.9,1.1,179587.1,4.6,14885.8,66.5,5783.8,100.0,0.0,0.0,1125.6,1.4,04:44:34,02:29:22,11:18:51,03:27:05,0,0,0.0,0.0,0.0,0.0
0f727c1018c74fbb7142e8c7a77840d6,2021-08-27,1160.1,79019.9,0.0,0.0,27539.4,1.3,179537.6,5.3,14853.5,65.7,6219.1,99.0,1.0,0.0,2850.0,1.3,04:46:51,01:02:23,10:24:00,00:52:43,0,0,0.0,0.0,0.0,0.0
0f727c1018c74fbb7142e8c7a77840d6,2021-09-02,1750.1,76896.1,0.0,0.0,241480.1,1.4,941678.6,4.7,14651.0,67.8,7752.9,70.4,1.0,0.0,2803.9,1.6,04:11:25,01:24:19,09:10:51,01:38:12,0,0,0.0,0.0,0.0,0.0
0f727c1018c74fbb7142e8c7a77840d6,2021-09-11,1918.7,73360.9,0.0,0.0,454098.5,1.5,2275294.9,4.7,16742.9,86.1,11119.4,28.6,0.0,0.0,4133.0,1.8,04:11:25,01:51:24,09:09:42,02:22:25,0,0,0.0,0.0,0.0,0.0
0f727c1018c74fbb7142e8c7a77840d6,2021-09-29,8.4,68121.1,0.0,0.0,2529.6,3.1,474.4,6.3,9414.0,68.6,18269.6,62.9,35.4,1.7,9371.7,1.1,03:12:00,00:41:53,09:56:34,01:23:40,0,0,0.0,0.0,0.0,0.0
0f727c1018c74fbb7142e8c7a77840d6,2021-10-04,0.0,68720.6,0.0,0.0,2856.6,3.4,518.5,6.0,8203.6,78.6,17678.4,54.2,45.4,0.3,9508.7,1.2,03:21:08,01:18:46,09:45:08,01:42:34,0,0,0.0,0.0,0.0,0.0
0f727c1018c74fbb7142e8c7a77840d6,2021-10-07,0.0,68528.9,0.0,0.0,2913.1,3.7,516.6,6.0,8009.9,78.9,17870.1,53.2,46.0,0.9,9226.6,1.1,03:36:00,01:32:51,10:01:08,01:40:35,1,1,0.0,0.0,0.0,0.0
0f727c1018c74fbb7142e8c7a77840d6,2021-10-09,70.1,67593.3,0.0,0.0,3230.5,3.9,519.3,6.0,8116.5,78.5,18735.6,53.3,45.8,0.9,9610.9,1.1,03:45:08,01:31:24,10:08:00,01:32:54,0,0,0.0,0.0,0.0,0.0
0f727c1018c74fbb7142e8c7a77840d6,2021-10-11,70.1,67320.3,0.0,0.0,3256.1,3.9,519.6,5.7,8022.7,76.1,19008.6,50.8,47.2,2.0,9722.8,1.1,03:58:51,01:43:03,10:01:08,01:23:57,1,1,0.0,0.0,0.0,0.0
0f727c1018c74fbb7142e8c7a77840d6,2021-10-23,78.2,68617.9,0.0,0.0,2508.4,3.9,518.1,6.1,7867.2,69.9,17702.9,52.7,45.2,2.1,8236.8,1.8,04:01:08,01:26:41,10:30:51,01:10:11,1,1,0.0,0.0,0.0,0.0
0f727c1018c74fbb7142e8c7a77840d6,2021-10-29,414.4,66535.2,0.0,0.0,7110.1,4.6,1135.1,6.3,8572.2,76.8,19449.4,55.9,41.4,2.6,9674.1,1.8,03:45:08,01:30:24,10:29:42,01:17:35,0,0,0.0,0.0,0.0,0.0
0f727c1018c74fbb7142e8c7a77840d6,2021-11-06,378.0,65553.1,0.0,0.0,6902.2,4.1,1053.6,5.2,10825.0,75.1,20467.9,64.3,30.9,4.8,10426.8,2.1,05:07:25,02:50:57,10:41:08,01:48:55,1,1,0.0,0.0,0.0,0.0
0f727c1018c74fbb7142e8c7a77840d6,2021-11-07,378.0,65915.4,0.0,0.0,6908.0,4.1,1053.5,5.1,11017.0,76.1,20105.6,64.4,30.8,4.8,10343.7,2.1,05:02:51,02:51:50,10:29:42,01:46:45,0,0,0.0,0.0,0.0,0.0
0f727c1018c74fbb7142e8c7a77840d6,2021-11-13,41.8,66931.1,0.0,0.0,2144.3,3.9,414.6,4.3,11832.5,76.9,19426.1,65.7,30.4,3.9,8915.9,1.2,05:21:08,02:11:35,09:58:51,01:48:48,1,1,0.0,0.0,0.0,0.0
0f727c1018c74fbb7142e8c7a77840d6,2021-12-03,1786.9,75984.3,0.0,0.0,235771.6,1.3,2848557.3,5.6,18606.7,84.6,8627.9,71.4,0.0,0.0,2514.1,2.5,05:31:25,03:30:39,11:26:51,03:53:47,1,1,0.0,0.0,0.0,0.0
0f727c1018c74fbb7142e8c7a77840d6,2021-12-05,756.3,77536.7,0.0,0.0,10816.0,1.2,2848556.5,6.2,16543.0,77.6,8106.0,78.6,0.0,0.0,2346.9,2.4,05:44:00,03:34:33,12:20:34,03:44:46,1,1,0.0,0.0,0.0,0.0
0f727c1018c74fbb7142e8c7a77840d6,2021-12-10,678.7,77312.3,0.0,0.0,11317.9,1.1,2848069.5,5.8,17186.5,69.6,8408.0,100.0,0.0,0.0,2424.8,2.3,06:09:08,03:34:21,12:21:42,03:47:51,0,0,0.0,0.0,0.0,0.0
0f727c1018c74fbb7142e8c7a77840d6,2021-12-12,1361.1,75696.1,0.0,0.0,150055.9,1.6,2992281.3,6.1,16024.2,70.0,9341.7,92.9,0.0,0.0,3829.7,2.1,05:29:08,03:28:03,12:00:00,03:51:13,0,0,0.0,0.0,0.0,0.0
0f727c1018c74fbb7142e8c7a77840d6,2021-12-14,1356.4,73383.9,0.0,0.0,151841.1,2.0,3136550.6,6.2,14853.0,71.6,11658.7,78.6,0.0,0.0,5576.1,2.0,06:13:42,02:24:04,12:48:00,02:11:48,0,0,0.0,0.0,0.0,0.0
0f727c1018c74fbb7142e8c7a77840d6,2021-12-18,1845.1,72087.9,0.0,0.0,278061.6,2.6,3279458.9,6.3,13495.4,78.1,12466.0,71.4,0.0,0.0,6396.2,1.9,05:28:00,02:14:55,12:11:25,02:19:00,0,0,0.0,0.0,0.0,0.0
0f727c1018c74fbb7142e8c7a77840d6,2021-12-22,2884.3,71499.9,0.0,0.0,299739.1,2.6,3279459.5,6.5,12483.9,80.6,12014.9,71.4,0.0,0.0,6202.4,1.8,05:08:34,01:45:41,12:04:34,02:07:37,0,0,0.0,0.0,0.0,0.0
0f727c1018c74fbb7142e8c7a77840d6,2021-12-26,3080.4,72114.4,0.0,0.0,181664.6,2.2,3135247.9,6.4,11649.1,82.7,11204.2,78.6,0.0,0.0,4763.6,1.7,06:09:08,02:22:39,12:57:08,02:24:05,1,1,0.0,0.0,0.0,0.0
0f727c1018c74fbb7142e8c7a77840d6,2021-12-31,2401.9,75755.5,0.0,0.0,49803.6,1.0,2846703.0,6.6,11270.9,72.5,8241.6,92.9,0.0,0.0,1954.7,1.9,05:56:34,04:34:26,14:38:51,02:27:11,1,1,0.0,0.0,0.0,0.0
0f727c1018c74fbb7142e8c7a77840d6,2022-01-07,1609.9,74434.7,0.0,0.0,231485.9,1.9,1820294.6,5.9,12628.0,63.9,10354.4,69.0,8.9,0.7,4330.1,2.2,05:00:34,04:59:05,13:00:34,03:25:53,1,1,0.0,0.0,0.0,0.0
0f727c1018c74fbb7142e8c7a77840d6,2022-01-13,1505.8,71497.4,0.0,0.0,229790.8,2.6,600434.8,5.8,13162.0,62.6,13395.9,59.7,23.9,2.1,6624.9,2.2,04:26:17,03:06:50,10:40:00,01:56:10,1,1,0.0,0.0,0.0,0.0
0f727c1018c74fbb7142e8c7a77840d6,2022-01-21,122.3,71171.9,0.0,0.0,2069.7,2.7,361.3,6.1,12107.9,60.7,15104.8,71.5,26.3,2.2,6392.2,2.1,03:41:42,02:58:39,10:09:08,02:36:49,1,1,0.0,0.0,0.0,0.0
0f727c1018c74fbb7142e8c7a77840d6,2022-02-08,426.8,70720.8,0.0,0.0,3989.5,1.0,153.0,5.3,5432.8,27.5,15251.4,28.9,12.1,1.9,6462.1,2.6,04:41:08,03:26:17,10:21:42,02:23:28,1,1,0.0,0.0,0.0,0.0
0f727c1018c74fbb7142e8c7a77840d6,2022-02-19,331.6,76013.3,0.0,0.0,2280.6,2.6,361.7,5.8,14273.9,71.4,10054.1,77.7,18.0,4.3,4853.9,1.4,05:25:42,02:40:31,11:33:42,02:25:58,1,1,0.0,0.0,0.0,0.0
0f727c1018c74fbb7142e8c7a77840d6,2022-02-23,253.6,75239.2,0.0,0.0,3533.2,2.6,364.4,5.9,14914.0,71.0,10906.1,67.3,27.7,4.9,5593.9,1.6,05:14:17,02:53:14,11:29:08,02:27:04,1,1,0.0,0.0,0.0,0.0
0f727c1018c74fbb7142e8c7a77840d6,2022-02-26,253.6,74965.4,0.0,0.0,3773.4,2.8,372.6,6.1,15315.4,77.5,11180.0,67.2,27.6,5.3,6112.9,1.5,04:50:17,02:16:41,11:23:25,02:20:35,1,1,0.0,0.0,0.0,0.0
0f727c1018c74fbb7142e8c7a77840d6,2022-03-05,152.6,76198.0,0.0,0.0,4236.4,2.6,368.6,6.8,13950.7,63.1,10048.4,60.9,35.2,4.0,5798.0,2.0,04:37:42,02:18:06,11:49:42,02:08:56,1,1,0.0,0.0,0.0,0.0
0f727c1018c74fbb7142e8c7a77840d6,2022-03-06,152.6,76416.0,0.0,0.0,4167.4,2.6,366.2,6.9,13953.3,63.8,9830.4,63.6,33.5,2.9,5475.4,2.0,04:43:25,02:22:00,12:06:51,02:20:21,1,1,0.0,0.0,0.0,0.0
0f727c1018c74fbb7142e8c7a77840d6,2022-03-12,1373.4,75907.9,0.0,0.0,29403.6,2.3,13219.1,6.0,12740.0,56.2,9117.7,66.0,33.2,0.8,4418.9,2.5,05:15:25,03:18:57,11:38:17,03:54:11,1,1,0.0,0.0,0.0,0.0
0f727c1018c74fbb7142e8c7a77840d6,2022-03-14,1373.4,75844.1,0.0,0.0,29428.6,2.4,13219.1,5.3,12830.6,55.9,9181.5,64.3,34.9,0.8,4438.1,1.8,03:18:51,06:37:00,12:21:42,04:35:02,1,1,0.0,0.0,0.0,0.0
0f727c1018c74fbb7142e8c7a77840d6,2022-03-22,2169.6,75477.9,0.0,0.0,260549.6,1.9,1436390.6,5.7,14197.1,57.0,8751.4,38.8,18.4,0.0,3339.4,2.3,01:28:00,07:03:49,12:43:25,05:22:35,0,0,0.0,0.0,0.0,0.0
0f727c1018c74fbb7142e8c7a77840d6,2022-04-02,2048.9,72458.3,0.0,0.0,231054.6,2.4,1415414.2,6.2,13047.8,61.6,11891.9,37.0,17.2,3.0,5612.1,2.4,00:32:00,04:04:00,08:54:51,04:43:30,0,0,0.0,0.0,0.0,0.0
0f727c1018c74fbb7142e8c7a77840d6,2022-04-04,2048.9,71910.4,0.0,0.0,231268.1,2.7,1008810.4,6.2,12367.4,64.0,12439.8,44.5,23.2,3.7,6252.9,2.2,01:12:00,02:36:37,07:50:51,03:05:40,1,1,0.0,0.0,0.0,0.0
0f727c1018c74fbb7142e8c7a77840d6,2022-04-11,81.3,71270.4,0.0,0.0,3305.7,2.6,475.9,6.4,10178.7,70.1,15047.4,62.4,33.8,3.8,7711.7,2.4,03:38:17,01:50:47,10:29:42,02:47:19,0,0,0.0,0.0,0.0,0.0
0f727c1018c74fbb7142e8c7a77840d6,2022-04-14,81.3,72469.5,0.0,0.0,2626.8,2.2,448.9,6.7,11977.4,64.7,13848.3,74.5,24.3,1.2,6250.1,2.5,04:33:08,01:58:16,11:41:42,02:55:46,0,0,0.0,0.0,0.0,0.0
0f727c1018c74fbb7142e8c7a77840d6,2022-04-20,37.9,75665.1,0.0,0.0,1425.0,1.6,398.3,6.2,14382.3,62.4,10696.0,90.7,8.8,0.5,3167.4,2.5,05:49:42,02:39:24,12:29:42,03:19:44,1,1,0.0,0.0,0.0,0.0
0f727c1018c74fbb7142e8c7a77840d6,2022-04-23,751.9,73692.1,0.0,0.0,16271.3,1.7,13282.6,6.3,14959.8,64.9,11955.1,89.0,9.4,1.5,3613.2,2.2,06:19:25,02:21:14,13:01:42,02:38:08,1,1,0.0,0.0,0.0,0.0
0f727c1018c74fbb7142e8c7a77840d6,2022-04-25,795.6,74602.4,0.0,0.0,28903.3,1.7,26122.4,6.7,14995.1,61.0,11001.0,86.5,12.5,1.0,2929.0,2.6,06:01:08,02:21:47,13:09:42,03:08:47,1,1,0.0,0.0,0.0,0.0
0f727c1018c74fbb7142e8c7a77840d6,2022-05-05,1796.9,69482.7,0.0,0.0,56494.1,2.6,39048.7,6.5,10776.6,63.4,15119.4,67.1,32.9,0.0,6453.7,2.6,04:54:51,02:51:39,11:48:34,03:52:03,1,1,0.0,0.0,0.0,0.0
0f727c1018c74fbb7142e8c7a77840d6,2022-05-10,1135.9,72957.1,0.0,0.0,29542.3,2.5,13755.1,6.2,10742.8,59.9,12305.9,69.3,30.7,0.0,6422.4,3.0,05:57:42,03:39:30,12:36:34,04:19:47,1,1,0.0,0.0,0.0,0.0
0f727c1018c74fbb7142e8c7a77840d6,2022-05-14,73.8,74209.5,0.0,0.0,3547.2,2.6,900.6,5.9,11351.5,61.6,12115.7,62.6,36.4,1.0,6915.0,3.1,05:52:00,03:37:47,12:09:08,04:24:45,1,1,0.0,0.0,0.0,0.0
0f727c1018c74fbb7142e8c7a77840d6,2022-05-20,1009.0,73394.9,0.0,0.0,19361.6,2.8,13135.1,6.7,14662.3,70.0,11995.1,58.9,38.6,2.5,6676.6,3.7,04:41:08,05:33:57,15:16:34,03:56:02,1,1,0.0,0.0,0.0,0.0
0f727c1018c74fbb7142e8c7a77840d6,2022-05-21,1985.9,72488.7,0.0,0.0,35827.4,2.9,25692.0,6.5,15090.1,74.1,11924.4,56.0,41.5,2.5,6630.4,3.4,04:16:00,05:43:12,14:40:00,03:53:54,1,1,0.0,0.0,0.0,0.0
0f727c1018c74fbb7142e8c7a77840d6,2022-06-04,139.4,72612.3,0.0,0.0,3575.6,2.6,475.4,6.6,14324.4,70.6,13647.3,53.4,44.2,2.4,6322.6,3.0,03:18:51,05:30:23,13:44:00,03:50:10,1,1,0.0,0.0,0.0,0.0
0f727c1018c74fbb7142e8c7a77840d6,2022-06-05,171.2,72323.4,0.0,0.0,3542.8,2.6,466.1,6.0,14132.2,70.6,13904.4,55.8,41.6,2.7,6114.2,2.9,02:24:00,06:02:35,13:54:17,04:02:29,0,0,0.0,0.0,0.0,0.0
0f727c1018c74fbb7142e8c7a77840d6,2022-06-11,798.4,71512.8,0.0,0.0,8218.6,2.1,3420.1,5.5,14943.3,70.9,14087.8,44.6,29.3,4.7,5479.5,2.3,02:49:08,05:47:57,13:49:42,04:12:01,1,1,0.0,0.0,0.0,0.0
107c06248d28377b345ae06e5bda10c1,2017-10-20,0.0,78781.3,965.3,2.7,2331.3,5.0,250.7,10.2,3562.4,37.0,7617.7,13.6,41.9,11.1,16996.7,5.5,00:00:00,02:49:49,10:56:00,02:04:37,1,1,0.0,0.0,0.0,0.0
107c06248d28377b345ae06e5bda10c1,2017-10-21,1023.2,76125.2,1000.5,4.2,19525.5,4.8,6000.2,9.3,7078.5,47.8,9250.5,33.7,31.4,9.9,19229.8,4.9,00:48:00,02:48:56,10:44:00,01:49:54,1,1,0.0,0.0,0.0,0.0
107c06248d28377b345ae06e5bda10c1,2017-10-22,818.6,77088.6,1318.4,4.8,16209.4,4.4,4872.2,9.2,8167.7,51.0,8491.8,39.4,30.2,10.4,17750.6,4.2,01:04:00,02:34:27,10:49:36,01:38:56,1,1,0.0,0.0,0.0,0.0
107c06248d28377b345ae06e5bda10c1,2017-11-03,408.4,76371.3,1888.7,5.1,10141.0,5.6,2536.1,7.4,12504.9,66.4,9619.3,66.4,27.1,6.5,18218.3,1.2,01:33:42,01:13:02,09:29:08,00:56:57,0,1,0.0,0.0,0.0,0.0
107c06248d28377b345ae06e5bda10c1,2017-11-07,116.1,77823.9,1598.0,4.0,4877.7,5.2,894.4,7.8,11617.6,60.9,8459.0,68.8,27.0,4.1,13918.1,1.3,01:00:34,01:16:32,09:18:51,00:40:19,0,1,0.0,0.0,0.0,0.0
107c06248d28377b345ae06e5bda10c1,2017-11-12,0.0,78894.4,859.6,3.1,3211.3,5.2,345.7,8.1,11885.5,54.7,7504.7,62.7,32.6,4.7,9939.4,1.0,00:57:08,01:09:08,09:33:42,01:03:40,0,0,0.0,0.0,0.0,0.0
107c06248d28377b345ae06e5bda10c1,2017-11-16,6.1,80168.5,737.3,3.2,2922.2,4.6,338.7,8.1,12689.7,49.8,6224.4,54.4,38.9,6.6,6393.5,1.3,01:01:42,01:08:54,09:42:51,01:06:10,1,1,0.0,0.0,0.0,0.0
107c06248d28377b345ae06e5bda10c1,2017-11-20,1381.9,77755.4,826.8,3.5,36186.4,4.7,25868.1,7.5,14603.7,51.5,7261.7,52.8,33.4,13.8,7092.1,1.4,01:44:00,01:22:38,09:42:51,01:17:50,0,0,0.0,0.0,0.0,0.0
107c06248d28377b345ae06e5bda10c1,2017-11-25,3534.7,75261.2,935.5,3.9,72210.3,3.6,159059.2,7.8,15066.0,51.7,7603.1,63.1,18.3,11.5,5733.2,1.5,02:00:00,01:14:44,10:17:08,01:31:15,0,0,0.0,0.0,0.0,0.0
107c06248d28377b345ae06e5bda10c1,2017-11-29,3754.6,76253.1,741.9,3.1,72621.5,2.8,261299.9,8.1,17624.4,49.1,6391.4,77.4,7.1,8.4,3806.6,1.5,02:18:17,01:20:35,10:53:42,01:34:26,0,0,0.0,0.0,0.0,0.0
107c06248d28377b345ae06e5bda10c1,2017-12-07,1600.1,80396.6,226.4,1.3,26086.1,1.7,363418.5,9.0,16056.5,36.9,4402.3,92.9,0.0,0.0,2491.6,1.4,02:29:42,01:17:49,12:04:34,01:07:43,0,0,0.0,0.0,0.0,0.0
107c06248d28377b345ae06e5bda10c1,2017-12-12,1425.1,79824.3,584.0,1.9,25046.8,2.4,371863.5,8.8,14498.1,38.1,5149.6,85.7,0.0,0.0,3976.5,1.7,02:26:17,01:16:27,11:47:25,01:15:34,0,1,0.0,0.0,0.0,0.0
107c06248d28377b345ae06e5bda10c1,2017-12-20,3007.5,74693.9,692.2,2.3,48783.6,3.0,378245.3,7.6,12725.0,43.6,8697.6,92.9,0.0,0.0,4346.1,2.0,02:08:00,01:18:36,10:11:25,02:50:25,0,0,0.0,0.0,0.0,0.0
107c06248d28377b345ae06e5bda10c1,2017-12-22,3132.9,73430.4,1257.9,3.3,51257.3,2.8,369434.0,7.3,12662.5,48.6,9835.8,100.0,0.0,0.0,4959.4,2.1,02:08:00,01:20:00,09:57:42,02:50:34,1,1,0.0,0.0,0.0,0.0
107c06248d28377b345ae06e5bda10c1,2017-12-29,3982.1,72418.6,3648.7,7.1,85780.4,2.3,364474.4,7.2,12185.4,58.6,9998.2,100.0,0.0,0.0,4020.3,2.0,02:29:42,01:42:54,10:12:34,02:49:54,0,0,0.0,0.0,0.0,0.0
107c06248d28377b345ae06e5bda10c1,2018-01-01,4475.4,73329.1,7516.9,9.9,112576.7,2.3,380864.4,7.7,12049.9,61.9,8594.6,78.6,0.0,0.0,3873.9,1.2,03:01:42,01:26:17,11:15:25,01:22:30,0,0,0.0,0.0,0.0,0.0
107c06248d28377b345ae06e5bda10c1,2018-01-13,2202.5,75246.5,9228.4,10.9,64961.7,5.6,72844.3,8.1,7118.5,54.6,8950.0,40.1,31.3,14.3,7895.4,1.7,01:37:08,01:42:10,10:18:17,01:35:32,1,1,0.0,0.0,0.0,0.0
107c06248d28377b345ae06e5bda10c1,2018-01-19,7.9,78648.2,5534.4,8.8,3178.2,5.2,397.8,9.9,4941.5,40.1,7742.8,43.3,40.0,8.9,9207.5,5.3,01:08:55,01:48:35,11:44:00,04:14:18,1,1,0.0,0.0,0.0,0.0
107c06248d28377b345ae06e5bda10c1,2018-01-24,53.5,78834.0,4208.9,8.8,3598.0,5.1,706.1,9.8,4817.5,45.3,7511.5,47.5,35.4,9.4,8621.2,5.4,01:28:36,01:47:32,11:52:36,04:05:36,1,1,0.0,0.0,0.0,0.0
107c06248d28377b345ae06e5bda10c1,2018-02-01,49.7,79176.4,4997.0,7.8,4068.0,5.7,735.6,7.5,6487.2,53.5,7173.1,50.1,40.6,9.3,7682.5,1.0,02:10:17,00:57:57,10:08:00,00:37:45,1,1,0.0,0.0,0.0,0.0
107c06248d28377b345ae06e5bda10c1,2018-02-10,0.0,77160.9,8361.7,9.4,3465.1,5.6,446.9,7.0,6540.6,57.7,9238.2,45.9,42.1,11.9,8756.7,0.8,02:51:25,00:56:32,10:19:25,00:45:01,0,1,0.0,0.0,0.0,0.0
107c06248d28377b345ae06e5bda10c1,2018-02-17,0.0,76460.8,6774.3,9.6,3510.4,5.4,426.1,7.5,7497.7,60.4,9938.2,53.4,38.6,8.0,9178.9,0.8,02:34:17,01:08:34,10:32:00,00:49:24,0,0,0.0,0.0,0.0,0.0
107c06248d28377b345ae06e5bda10c1,2018-02-19,0.0,76168.6,6384.4,9.1,3604.3,5.4,416.1,7.3,7959.8,58.1,10230.4,57.0,34.6,8.4,9468.5,1.0,02:41:08,01:13:41,10:27:25,00:46:07,0,1,0.0,0.0,0.0,0.0
107c06248d28377b345ae06e5bda10c1,2018-03-01,0.0,77192.4,6087.4,9.0,3506.0,5.2,394.9,8.0,7850.4,52.9,9206.6,60.2,29.0,10.7,8484.5,1.4,01:55:25,01:19:07,10:28:34,01:01:30,1,1,0.0,0.0,0.0,0.0
107c06248d28377b345ae06e5bda10c1,2018-03-07,0.0,76368.9,8482.2,11.1,3497.9,5.9,419.5,7.9,6990.8,50.8,10030.1,54.8,33.4,11.7,8683.6,1.3,02:14:51,01:24:23,10:43:25,01:08:27,0,0,0.0,0.0,0.0,0.0
107c06248d28377b345ae06e5bda10c1,2018-03-15,2230.6,76543.0,8242.1,10.2,48574.9,4.6,218596.9,8.4,8025.5,55.1,7625.4,28.5,16.6,5.0,6344.5,1.4,02:44:34,01:17:04,11:40:34,00:57:06,0,0,0.0,0.0,0.0,0.0
107c06248d28377b345ae06e5bda10c1,2018-03-20,2742.8,74594.9,9523.1,12.2,665461.1,3.9,1447483.3,8.0,8574.2,60.1,9061.4,12.3,1.4,0.6,7498.6,2.2,02:40:00,01:26:22,11:09:42,01:46:57,1,1,0.0,0.0,0.0,0.0
107c06248d28377b345ae06e5bda10c1,2018-03-27,2448.4,74116.9,12310.1,12.7,659864.5,4.2,1382997.2,7.2,9568.6,67.1,9833.7,13.3,8.0,7.3,7359.1,2.1,03:00:34,01:42:52,10:38:51,02:43:13,1,1,0.0,0.0,0.0,0.0
107c06248d28377b345ae06e5bda10c1,2018-03-30,2279.4,73808.1,11810.9,14.0,656460.7,4.9,1306265.0,7.2,9706.3,65.1,10311.5,25.4,15.9,8.7,8594.5,1.9,02:33:08,01:25:02,10:11:25,02:30:21,0,0,0.0,0.0,0.0,0.0
107c06248d28377b345ae06e5bda10c1,2018-04-05,1937.7,75666.7,9928.4,13.9,43100.2,5.9,51636.1,7.4,7952.2,64.6,8794.6,48.0,34.2,10.7,7865.3,1.7,02:16:00,01:03:55,10:12:34,02:06:02,0,0,0.0,0.0,0.0,0.0
107c06248d28377b345ae06e5bda10c1,2018-04-12,230.0,77692.6,7152.9,10.0,5876.9,6.3,440.6,7.8,7234.6,62.0,8476.4,52.0,40.0,7.9,8549.9,1.2,02:22:51,00:49:18,10:40:00,01:00:46,1,1,0.0,0.0,0.0,0.0
107c06248d28377b345ae06e5bda10c1,2018-04-18,184.9,77152.8,4274.9,5.7,4923.0,6.6,444.6,7.6,7536.6,64.5,9061.3,43.5,38.5,18.0,8890.7,0.7,02:14:51,00:58:51,10:24:00,00:58:00,0,0,0.0,0.0,0.0,0.0
107c06248d28377b345ae06e5bda10c1,2018-04-27,151.3,76874.0,0.0,0.0,5962.3,6.1,1629.7,7.6,7601.6,62.8,9373.7,49.3,30.6,20.1,8273.8,1.7,02:02:17,01:23:29,10:11:25,01:09:47,1,1,0.0,0.0,0.0,0.0
107c06248d28377b345ae06e5bda10c1,2018-05-03,151.3,77171.4,0.0,0.0,6343.2,6.1,1615.7,8.0,7911.7,60.4,9076.3,57.6,31.3,11.1,8583.2,1.7,01:48:34,01:18:39,10:20:34,00:58:22,0,0,0.0,0.0,0.0,0.0
107c06248d28377b345ae06e5bda10c1,2018-05-08,186.1,76943.0,0.0,0.0,7130.7,6.0,1572.6,8.3,7721.5,56.3,9269.9,60.7,31.2,8.0,9180.8,1.7,01:18:51,01:23:53,10:09:08,00:58:27,0,1,0.0,0.0,0.0,0.0
107c06248d28377b345ae06e5bda10c1,2018-05-14,186.1,77649.5,0.0,0.0,6642.3,5.8,1535.0,8.2,8666.3,55.0,8563.4,64.1,26.2,9.6,8186.8,0.8,01:14:17,00:55:37,09:58:51,00:31:50,1,1,0.0,0.0,0.0,0.0
107c06248d28377b345ae06e5bda10c1,2018-05-21,0.0,76689.6,0.0,0.0,3447.9,5.4,407.1,8.1,9864.2,55.6,9709.4,61.4,27.9,10.7,8353.6,0.9,01:32:34,00:53:28,10:09:08,00:29:17,1,1,0.0,0.0,0.0,0.0
107c06248d28377b345ae06e5bda10c1,2018-06-01,34.1,76708.8,0.0,0.0,3341.0,5.1,414.1,7.1,10277.3,65.9,9656.1,47.3,37.8,14.9,7838.8,0.6,02:17:08,01:00:23,09:49:42,00:55:42,0,0,0.0,0.0,0.0,0.0
107c06248d28377b345ae06e5bda10c1,2018-06-03,2045.9,74229.3,0.0,0.0,49754.6,5.3,60663.1,7.1,9889.1,69.5,10123.9,45.0,35.8,12.1,7706.4,0.8,02:08:00,01:18:23,09:40:34,00:52:31,0,0,0.0,0.0,0.0,0.0
107c06248d28377b345ae06e5bda10c1,2018-06-13,4248.2,69201.1,0.0,0.0,87162.3,3.8,299620.8,8.1,11786.7,55.3,12949.7,73.1,4.4,1.0,9004.0,1.2,01:46:17,01:21:56,10:21:42,01:45:45,0,0,0.0,0.0,0.0,0.0
107c06248d28377b345ae06e5bda10c1,2018-06-23,2669.4,74558.7,0.0,0.0,42099.7,2.5,333985.9,7.9,11745.9,49.0,9170.9,78.6,0.0,0.0,5472.2,1.5,02:06:51,01:05:49,10:30:51,02:00:36,0,0,0.0,0.0,0.0,0.0
107c06248d28377b345ae06e5bda10c1,2018-06-27,3845.4,74173.5,0.0,0.0,61699.0,2.8,364215.8,7.4,11329.9,61.7,8380.1,92.9,0.0,0.0,5737.0,1.5,01:49:42,01:13:46,09:41:42,02:08:47,0,0,0.0,0.0,0.0,0.0
107c06248d28377b345ae06e5bda10c1,2018-07-04,5078.1,71070.9,0.0,0.0,84012.8,3.6,363527.6,7.2,10721.4,63.5,10249.9,92.9,0.0,0.0,6756.1,1.1,01:16:34,01:05:44,08:58:17,01:56:44,0,0,0.0,0.0,0.0,0.0
107c06248d28377b345ae06e5bda10c1,2018-07-07,4535.8,71776.4,0.0,0.0,78834.4,3.4,362347.4,7.1,11470.3,63.9,10086.9,85.7,0.0,0.0,6609.1,1.0,01:18:51,01:27:06,08:53:42,01:44:51,0,0,0.0,0.0,0.0,0.0
107c06248d28377b345ae06e5bda10c1,2018-07-14,1906.9,74089.4,0.0,0.0,43126.5,3.4,358490.9,7.1,12089.1,60.7,10402.7,57.1,0.0,0.0,6829.8,0.9,01:10:51,01:33:02,08:45:42,01:24:37,0,1,0.0,0.0,0.0,0.0
107c06248d28377b345ae06e5bda10c1,2018-07-19,1495.7,74049.3,0.0,0.0,38690.8,3.2,358787.8,6.8,11734.4,67.5,10854.0,42.9,0.0,0.0,7290.2,0.9,01:15:25,01:25:49,08:27:25,01:07:11,0,1,0.0,0.0,0.0,0.0
107c06248d28377b345ae06e5bda10c1,2018-07-23,1525.8,71403.5,0.0,0.0,39589.8,3.1,358547.1,7.0,10729.3,69.3,13469.7,35.7,0.0,0.0,8604.5,1.1,01:01:42,01:07:01,08:30:51,01:02:58,0,0,0.0,0.0,0.0,0.0
107c06248d28377b345ae06e5bda10c1,2018-07-28,1625.3,71048.2,0.0,0.0,39886.9,3.3,358864.1,6.8,10170.3,72.1,13725.5,35.7,0.0,0.0,8987.9,1.2,01:38:17,01:06:45,08:50:17,01:28:13,0,0,0.0,0.0,0.0,0.0
107c06248d28377b345ae06e5bda10c1,2018-07-30,2140.1,70475.4,0.0,0.0,48031.4,3.4,358727.0,6.8,10193.3,71.9,13783.4,35.7,0.0,0.0,9033.1,1.5,01:42:51,00:59:46,08:57:08,01:36:53,0,1,0.0,0.0,0.0,0.0
107c06248d28377b345ae06e5bda10c1,2018-08-05,2089.4,72344.0,0.0,0.0,44866.6,3.7,359124.3,6.9,9959.3,70.9,11965.6,35.7,0.0,0.0,7983.9,1.6,01:28:00,01:33:38,08:49:08,01:37:13,0,1,0.0,0.0,0.0,0.0
107c06248d28377b345ae06e5bda10c1,2018-08-14,1461.7,70194.1,0.0,0.0,35539.4,4.2,360059.0,7.1,10079.4,74.1,14743.1,14.3,0.0,0.0,10845.9,1.1,00:58:17,01:21:56,08:35:25,01:03:45,0,0,0.0,0.0,0.0,0.0
107c06248d28377b345ae06e5bda10c1,2018-08-21,1680.3,68453.9,0.0,0.0,39886.1,4.4,361108.0,6.9,9820.5,73.9,16264.8,21.4,0.0,0.0,11752.5,1.3,01:21:08,00:27:21,08:40:00,01:05:37,0,0,0.0,0.0,0.0,0.0
107c06248d28377b345ae06e5bda10c1,2018-08-29,1934.2,68555.4,0.0,0.0,47850.2,4.9,361862.7,7.0,11814.4,82.7,15909.4,28.6,0.0,0.0,11201.9,1.5,01:38:17,00:52:40,09:06:17,01:26:33,0,0,0.0,0.0,0.0,0.0
107c06248d28377b345ae06e5bda10c1,2018-09-06,2714.6,72520.8,0.0,0.0,50577.9,3.6,363993.2,6.7,13332.1,65.6,11163.6,57.1,0.0,0.0,7085.6,2.1,02:16:00,02:03:18,09:25:42,01:53:43,0,0,0.0,0.0,0.0,0.0
107c06248d28377b345ae06e5bda10c1,2018-09-15,2726.4,75914.9,0.0,0.0,57650.7,3.6,184302.1,6.7,10698.3,57.5,7757.7,68.2,9.8,22.0,5173.7,1.8,02:59:25,02:17:55,10:06:51,01:25:11,0,0,0.0,0.0,0.0,0.0
107c06248d28377b345ae06e5bda10c1,2018-09-21,1308.3,76977.5,0.0,0.0,37553.0,5.6,26583.0,7.1,8232.3,63.2,8113.2,50.2,26.3,23.5,7247.1,1.2,02:29:42,01:48:47,10:02:17,00:54:57,1,1,0.0,0.0,0.0,0.0
107c06248d28377b345ae06e5bda10c1,2018-09-23,6.6,78850.7,0.0,0.0,3792.5,5.9,579.7,7.2,8468.1,64.3,7541.7,52.8,30.2,17.0,7366.7,1.2,02:27:25,01:50:42,10:09:08,00:58:09,1,1,0.0,0.0,0.0,0.0
107c06248d28377b345ae06e5bda10c1,2018-09-29,159.7,78001.6,0.0,0.0,6469.3,6.9,1098.9,6.9,9570.5,72.2,8237.6,56.7,35.6,7.7,8215.6,1.2,02:35:25,01:18:15,09:56:34,00:37:58,0,0,0.0,0.0,0.0,0.0
107c06248d28377b345ae06e5bda10c1,2018-10-04,272.7,77485.0,0.0,0.0,9690.0,6.9,1098.9,6.8,10551.7,76.9,8641.3,54.6,35.2,10.2,8681.4,1.2,02:19:25,01:27:43,09:36:00,00:52:43,0,1,0.0,0.0,0.0,0.0
107c06248d28377b345ae06e5bda10c1,2018-10-10,553.6,76949.9,0.0,0.0,14467.1,6.5,1516.9,7.0,10449.3,83.8,8895.5,52.3,37.9,9.8,9629.2,0.8,01:40:34,00:54:14,09:06:17,00:42:42,1,1,0.0,0.0,0.0,0.0
107c06248d28377b345ae06e5bda10c1,2018-10-20,768.1,76255.8,0.0,0.0,16124.7,6.9,1476.9,7.1,8748.8,90.1,9375.1,44.5,46.0,9.5,9518.5,1.1,01:41:42,00:56:55,09:15:25,00:41:38,1,1,0.0,0.0,0.0,0.0
107c06248d28377b345ae06e5bda10c1,2018-10-25,640.7,76902.1,0.0,0.0,14564.5,7.4,1476.5,7.5,8183.5,88.0,8856.2,46.7,44.4,8.9,9151.0,1.1,01:30:17,01:06:41,09:30:17,00:52:14,0,0,0.0,0.0,0.0,0.0
107c06248d28377b345ae06e5bda10c1,2018-11-01,320.3,75640.5,0.0,0.0,10925.7,7.7,1065.6,7.5,8433.7,92.2,10438.2,45.9,41.5,12.5,12352.7,0.9,01:33:42,01:01:19,09:36:00,00:50:14,1,1,0.0,0.0,0.0,0.0
107c06248d28377b345ae06e5bda10c1,2018-11-04,103.2,75941.1,0.0,0.0,5977.6,7.8,1124.7,7.3,7990.6,94.7,10354.7,47.6,39.5,12.9,11808.3,0.9,01:38:17,00:57:00,09:26:51,00:38:35,0,0,0.0,0.0,0.0,0.0
107c06248d28377b345ae06e5bda10c1,2018-11-10,107.4,76332.9,0.0,0.0,5656.9,7.1,1124.7,6.8,8389.8,115.9,9958.6,40.4,44.2,15.3,12008.9,0.9,01:49:42,00:35:42,09:07:25,00:56:27,0,1,0.0,0.0,0.0,0.0
107c06248d28377b345ae06e5bda10c1,2018-11-11,112.0,75671.4,0.0,0.0,5891.5,7.5,1124.6,6.7,8736.2,119.6,10615.6,40.3,43.1,16.6,12053.8,1.0,01:57:42,00:48:58,09:06:17,00:55:42,0,0,0.0,0.0,0.0,0.0
107c06248d28377b345ae06e5bda10c1,2018-11-18,34.5,76817.2,0.0,0.0,4410.6,6.4,581.6,6.2,8151.8,115.1,9547.3,39.9,40.7,19.4,9267.7,1.0,01:53:08,00:57:11,08:29:42,00:48:42,0,0,0.0,0.0,0.0,0.0
107c06248d28377b345ae06e5bda10c1,2018-11-24,2649.9,73051.4,0.0,0.0,51394.9,4.9,133584.0,6.4,9375.0,115.7,10697.7,24.8,21.6,25.0,8153.5,1.4,01:45:08,01:09:40,08:37:42,00:53:57,0,0,0.0,0.0,0.0,0.0
107c06248d28377b345ae06e5bda10c1,2018-11-29,5341.7,69287.8,0.0,0.0,101722.9,4.6,263624.1,7.1,10190.1,110.8,11769.5,10.1,7.1,18.5,8634.8,1.2,01:14:17,00:58:11,08:49:08,00:49:18,0,0,0.0,0.0,0.0,0.0
107c06248d28377b345ae06e5bda10c1,2018-12-01,5341.7,68721.3,0.0,0.0,101920.1,4.6,263620.9,7.1,10518.0,107.8,12336.0,4.1,6.6,25.1,8849.0,1.3,01:21:08,01:05:49,08:54:51,00:47:53,1,1,0.0,0.0,0.0,0.0
107c06248d28377b345ae06e5bda10c1,2018-12-02,6595.9,65837.4,0.0,0.0,130169.4,4.6,289455.4,7.0,9659.8,103.9,13965.7,0.0,5.2,23.3,8667.4,1.4,01:15:25,01:07:43,08:42:17,01:10:09,0,0,0.0,0.0,0.0,0.0
107c06248d28377b345ae06e5bda10c1,2018-12-14,6005.3,64184.0,0.0,0.0,112113.4,4.3,5903019.4,7.2,5968.0,74.6,16209.7,7.1,2.7,4.5,10000.4,1.5,00:01:08,03:39:25,09:24:34,03:27:14,0,0,0.0,0.0,0.0,0.0
107c06248d28377b345ae06e5bda10c1,2018-12-18,4860.4,64937.4,0.0,0.0,80361.4,4.5,8273022.9,7.0,8503.4,91.3,16601.2,35.7,0.0,0.0,11536.8,1.3,23:55:25,03:36:44,09:08:34,03:37:24,0,0,0.0,0.0,0.0,0.0
107c06248d28377b345ae06e5bda10c1,2018-12-29,3676.4,63441.6,0.0,0.0,118290.8,4.8,11673405.7,7.6,16239.3,114.9,19280.9,78.6,0.0,0.0,12376.7,1.5,00:08:00,01:25:53,08:13:42,01:45:24,0,0,0.0,0.0,0.0,0.0
107c06248d28377b345ae06e5bda10c1,2019-01-03,2237.2,66348.9,0.0,0.0,91824.4,4.9,11669484.1,8.1,16319.4,109.4,17812.9,50.0,0.0,0.0,11326.5,1.2,00:09:08,00:53:18,08:49:08,01:10:23,0,0,0.0,0.0,0.0,0.0
107c06248d28377b345ae06e5bda10c1,2019-01-10,1019.8,71202.1,0.0,0.0,179450.8,4.1,9272627.7,8.3,13874.6,95.0,14177.1,64.3,0.0,0.0,9386.2,1.1,23:15:25,01:18:53,08:05:42,01:33:48,0,0,0.0,0.0,0.0,0.0
107c06248d28377b345ae06e5bda10c1,2019-01-14,296.6,73493.9,0.0,0.0,155496.3,3.8,7636668.9,8.5,12542.4,82.4,12608.5,71.4,0.0,0.0,9876.1,1.0,23:02:51,01:24:23,08:09:08,01:22:38,0,0,0.0,0.0,0.0,0.0
107c06248d28377b345ae06e5bda10c1,2019-01-18,194.0,74252.0,0.0,0.0,149279.9,3.6,6001031.5,8.5,10180.0,64.3,11953.0,92.9,0.0,0.0,10466.6,1.0,22:45:42,01:10:40,07:49:42,01:05:51,0,0,0.0,0.0,0.0,0.0
107c06248d28377b345ae06e5bda10c1,2019-01-23,777.3,73429.4,0.0,0.0,46342.2,4.1,5889344.8,8.5,11525.4,78.2,12192.3,92.9,0.0,0.0,11082.9,1.1,23:09:42,01:33:16,08:13:42,01:22:53,0,0,0.0,0.0,0.0,0.0
107c06248d28377b345ae06e5bda10c1,2019-01-27,1836.1,72887.9,0.0,0.0,66363.9,3.8,5889264.2,8.2,12733.7,79.8,11674.9,92.9,0.0,0.0,10176.4,0.9,23:29:08,01:28:21,08:11:25,01:24:19,1,1,0.0,0.0,0.0,0.0
107c06248d28377b345ae06e5bda10c1,2019-02-04,2996.1,72279.1,0.0,0.0,90620.4,3.8,5877303.0,7.8,12600.1,89.8,11123.7,92.9,0.0,0.0,8838.9,1.0,00:06:51,01:06:26,08:22:51,00:36:08,0,0,0.0,0.0,0.0,0.0
107c06248d28377b345ae06e5bda10c1,2019-03-30,955.1,77832.0,0.0,0.0,11657.0,5.1,3948.0,10.9,3841.6,46.9,7611.9,51.9,16.2,17.6,7562.2,5.0,21:31:25,01:00:18,09:10:51,04:21:54,0,0,0.0,0.0,0.0,0.0
107c06248d28377b345ae06e5bda10c1,2019-04-06,483.9,78743.4,0.0,0.0,6956.9,5.8,2195.7,10.1,5469.8,59.3,7171.8,52.4,22.4,18.1,6666.5,3.6,22:14:51,01:19:56,08:59:25,03:07:54,0,1,0.0,0.0,0.0,0.0
107c06248d28377b345ae06e5bda10c1,2019-04-13,417.2,78795.9,0.0,0.0,7438.2,6.9,1535.9,9.0,6710.4,74.2,7185.9,53.5,26.4,20.1,6113.6,0.9,23:08:34,00:56:47,08:43:25,00:37:29,0,0,0.0,0.0,0.0,0.0
107c06248d28377b345ae06e5bda10c1,2019-04-18,410.9,78519.3,0.0,0.0,7529.4,6.6,1526.4,8.8,6700.1,76.4,7468.8,60.4,21.6,18.0,6209.4,1.3,23:32:34,00:50:23,08:52:34,00:53:12,1,1,0.0,0.0,0.0,0.0
107c06248d28377b345ae06e5bda10c1,2019-04-22,529.2,77841.8,0.0,0.0,7603.4,6.2,1032.9,8.8,7002.1,77.9,8028.0,65.6,16.6,17.9,6486.4,1.5,23:42:51,00:46:38,09:06:17,01:00:43,1,1,0.0,0.0,0.0,0.0
107c06248d28377b345ae06e5bda10c1,2019-05-02,2215.4,75381.8,0.0,0.0,36236.8,5.9,37796.9,8.4,6466.4,76.6,8801.9,62.9,14.6,15.3,7573.1,1.4,00:04:34,00:47:23,09:05:08,00:48:55,0,0,0.0,0.0,0.0,0.0
107c06248d28377b345ae06e5bda10c1,2019-05-08,2921.0,74529.2,0.0,0.0,50484.2,5.9,40073.6,8.6,7501.1,79.7,8948.8,58.0,17.8,17.0,7926.9,1.2,23:53:08,00:58:32,09:02:51,00:37:30,0,1,0.0,0.0,0.0,0.0
107c06248d28377b345ae06e5bda10c1,2019-05-18,1506.6,76390.6,0.0,0.0,23994.9,5.9,2777.9,8.1,8602.2,77.9,8501.8,55.5,20.3,24.2,6891.0,1.2,00:24:00,01:43:38,09:04:00,00:53:03,0,1,0.0,0.0,0.0,0.0
107c06248d28377b345ae06e5bda10c1,2019-05-19,1421.6,76421.6,0.0,0.0,23916.1,5.9,2778.1,7.9,8278.4,78.4,8555.8,50.6,19.9,29.5,6868.4,1.2,00:43:25,01:47:44,09:08:34,00:52:52,1,1,0.0,0.0,0.0,0.0
107c06248d28377b345ae06e5bda10c1,2019-05-28,1093.4,76294.1,0.0,0.0,14778.3,5.7,3118.6,7.2,9573.6,80.4,9011.5,51.3,16.4,32.3,7332.3,1.2,01:01:42,01:09:42,08:44:34,01:12:51,1,1,0.0,0.0,0.0,0.0
107c06248d28377b345ae06e5bda10c1,2019-06-06,3346.4,72240.6,0.0,0.0,109400.1,4.6,82325.4,8.0,10503.0,86.3,10811.9,49.0,12.4,17.3,7322.3,1.6,00:37:42,01:03:18,09:08:34,01:40:10,0,0,0.0,0.0,0.0,0.0
107c06248d28377b345ae06e5bda10c1,2019-06-10,4844.2,69704.7,0.0,0.0,131239.3,4.4,185316.8,8.0,12017.2,85.3,11850.1,33.6,7.0,9.4,8208.6,1.5,00:43:25,01:10:38,09:13:08,01:35:33,0,0,0.0,0.0,0.0,0.0
107c06248d28377b345ae06e5bda10c1,2019-06-19,6083.4,68980.1,0.0,0.0,146424.7,3.6,356701.9,7.5,14011.7,75.8,11335.4,7.1,0.0,0.0,8290.9,0.8,01:57:42,01:06:08,09:56:34,00:43:22,0,0,0.0,0.0,0.0,0.0
107c06248d28377b345ae06e5bda10c1,2019-06-28,2418.8,74218.6,0.0,0.0,46419.0,4.6,128694.0,6.8,13853.5,82.2,9761.6,53.2,13.7,4.6,7610.7,1.0,01:53:08,00:58:09,09:05:08,01:26:02,1,1,0.0,0.0,0.0,0.0
107c06248d28377b345ae06e5bda10c1,2019-07-06,840.8,76161.8,0.0,0.0,13712.5,4.7,2127.2,7.2,12730.5,84.5,9396.4,77.6,15.6,6.8,6471.0,1.7,01:08:34,01:02:58,08:49:08,01:31:36,0,0,0.0,0.0,0.0,0.0
107c06248d28377b345ae06e5bda10c1,2019-07-10,1100.4,75844.5,0.0,0.0,15776.4,4.4,3145.3,7.6,10716.9,77.2,9454.1,75.1,17.2,7.7,5945.2,1.6,01:04:00,00:56:43,09:07:25,01:28:42,0,0,0.0,0.0,0.0,0.0
107c06248d28377b345ae06e5bda10c1,2019-07-14,1051.6,76238.6,0.0,0.0,14653.7,3.9,2730.3,7.4,11871.2,70.7,9108.8,72.6,21.9,5.5,5598.9,2.0,01:21:08,01:11:55,09:16:34,01:36:47,1,1,0.0,0.0,0.0,0.0
107c06248d28377b345ae06e5bda10c1,2019-07-24,235.7,78559.1,0.0,0.0,5674.8,3.1,1078.6,7.5,11286.8,58.0,7604.1,64.9,21.1,6.9,5410.9,2.3,01:33:42,01:37:17,09:34:51,01:32:59,1,1,0.0,0.0,0.0,0.0
107c06248d28377b345ae06e5bda10c1,2019-08-01,394.6,78028.1,0.0,0.0,8035.8,3.6,1506.9,7.8,10615.0,71.8,7976.2,67.7,21.2,4.0,5780.6,1.9,01:04:00,01:28:03,09:23:25,01:34:41,1,1,0.0,0.0,0.0,0.0
107c06248d28377b345ae06e5bda10c1,2019-08-04,826.8,77717.6,0.0,0.0,16016.7,3.6,1552.9,7.3,12155.5,79.6,7854.6,76.0,20.6,3.4,5494.6,1.0,01:06:17,01:03:40,08:53:42,01:12:43,0,1,0.0,0.0,0.0,0.0
107c06248d28377b345ae06e5bda10c1,2019-08-17,286.3,79585.5,0.0,0.0,5450.2,3.6,2146.2,7.9,11882.8,72.2,6527.2,80.9,15.2,3.9,4360.0,1.6,01:14:17,01:15:55,09:40:34,01:35:19,0,0,0.0,0.0,0.0,0.0
107c06248d28377b345ae06e5bda10c1,2019-08-24,0.0,79897.0,0.0,0.0,2354.2,3.6,638.3,7.1,13207.2,73.0,6502.0,66.9,29.5,3.6,5153.2,1.3,01:46:17,01:00:39,09:18:51,01:27:56,1,1,0.0,0.0,0.0,0.0
107c06248d28377b345ae06e5bda10c1,2019-08-25,0.0,79785.6,0.0,0.0,2462.7,3.8,638.6,7.0,13350.3,74.1,6613.4,63.3,33.1,3.6,5363.8,1.3,01:54:17,01:05:55,09:22:17,01:28:50,1,1,0.0,0.0,0.0,0.0
107c06248d28377b345ae06e5bda10c1,2019-09-07,3827.6,73602.2,0.0,0.0,71529.8,3.6,285608.4,6.9,12935.9,67.6,8969.1,21.7,6.4,0.5,6516.6,1.6,02:18:17,01:36:06,09:42:51,01:42:23,0,0,0.0,0.0,0.0,0.0
107c06248d28377b345ae06e5bda10c1,2019-09-11,3348.5,74802.4,0.0,0.0,50308.6,3.3,362195.4,7.7,11539.9,65.5,8248.1,0.0,0.0,0.0,6046.3,1.7,02:04:34,01:12:06,10:16:00,01:11:14,1,1,0.0,0.0,0.0,0.0
107c06248d28377b345ae06e5bda10c1,2019-09-15,4131.2,74353.9,0.0,0.0,72939.4,3.4,336056.6,7.6,13089.5,71.1,7913.9,7.6,1.8,4.9,6304.0,1.8,02:17:08,01:27:47,10:26:17,01:11:00,0,1,0.0,0.0,0.0,0.0
107c06248d28377b345ae06e5bda10c1,2019-09-28,1057.6,76254.4,0.0,0.0,28478.5,6.1,11614.0,7.8,5869.9,79.7,9087.1,35.8,37.8,26.4,9306.2,1.6,00:03:25,01:00:49,08:19:25,01:12:21,0,1,0.0,0.0,0.0,0.0
107c06248d28377b345ae06e5bda10c1,2019-10-05,1144.4,75928.1,0.0,0.0,29672.1,5.9,11611.1,7.5,6709.1,81.9,9326.5,42.9,36.7,20.4,9336.7,1.5,00:09:08,00:58:32,08:09:08,01:03:03,1,1,0.0,0.0,0.0,0.0
107c06248d28377b345ae06e5bda10c1,2019-10-10,664.1,77319.1,0.0,0.0,19863.4,5.7,6996.6,7.3,7095.0,84.6,8415.7,51.4,33.1,15.5,8536.7,0.7,00:32:00,00:44:01,08:21:42,00:36:35,1,1,0.0,0.0,0.0,0.0
107c06248d28377b345ae06e5bda10c1,2019-10-14,358.0,78238.8,0.0,0.0,8514.4,5.3,1157.3,7.9,7334.3,81.6,7802.2,54.5,32.9,12.7,7986.6,1.0,00:17:08,00:48:55,08:40:00,01:02:46,1,1,0.0,0.0,0.0,0.0
107c06248d28377b345ae06e5bda10c1,2019-10-22,66.9,79386.1,0.0,0.0,4245.1,5.0,636.4,7.9,6263.4,60.6,6946.1,56.3,30.8,5.8,6820.1,1.6,00:53:42,01:07:14,09:16:34,01:30:20,1,1,0.0,0.0,0.0,0.0
107c06248d28377b345ae06e5bda10c1,2019-10-31,254.2,79968.9,0.0,0.0,6052.4,4.8,2133.3,7.7,6515.3,53.4,6175.9,34.9,42.8,7.9,5832.1,1.2,01:10:51,00:46:20,09:21:08,01:12:10,0,1,0.0,0.0,0.0,0.0
107c06248d28377b345ae06e5bda10c1,2019-11-05,264.1,78501.9,0.0,0.0,6909.8,5.5,2217.7,7.1,6117.2,60.1,7633.1,29.0,55.7,8.1,7681.9,1.3,01:04:00,00:52:43,08:38:51,00:43:29,1,1,0.0,0.0,0.0,0.0
107c06248d28377b345ae06e5bda10c1,2019-11-09,583.4,77609.0,0.0,0.0,10884.4,5.7,2739.9,7.1,5525.4,57.6,8206.6,40.5,43.9,8.4,8494.9,1.3,01:00:34,00:56:08,08:37:42,00:34:31,1,1,0.0,0.0,0.0,0.0
107c06248d28377b345ae06e5bda10c1,2019-11-15,591.4,77597.7,0.0,0.0,10918.4,6.0,2648.6,7.4,4465.1,51.7,8209.9,55.4,36.3,8.3,8921.4,1.0,00:41:08,00:40:53,08:33:08,00:37:59,1,1,0.0,0.0,0.0,0.0
107c06248d28377b345ae06e5bda10c1,2019-11-20,1036.8,77872.2,0.0,0.0,22408.1,5.6,8403.1,7.7,5339.8,54.6,7490.0,63.1,31.2,5.7,7573.4,1.3,00:45:42,00:49:04,08:56:00,00:52:38,1,1,0.0,0.0,0.0,0.0
107c06248d28377b345ae06e5bda10c1,2019-12-01,2192.6,73120.1,0.0,0.0,46387.7,3.0,3194262.6,7.8,7787.6,45.1,11086.3,35.2,13.6,1.2,8165.3,1.9,23:23:25,04:04:47,09:28:00,04:07:20,0,0,0.0,0.0,0.0,0.0
107c06248d28377b345ae06e5bda10c1,2019-12-08,2739.1,62517.1,0.0,0.0,5656335.4,3.1,8535850.4,7.5,10594.0,59.9,21142.8,21.4,0.0,0.0,14888.0,2.1,22:26:17,03:48:02,08:08:00,04:17:41,0,0,0.0,0.0,0.0,0.0
107c06248d28377b345ae06e5bda10c1,2019-12-25,1811.5,75978.5,0.0,0.0,39436.7,2.3,304264.3,9.2,10635.3,51.2,8609.0,83.3,8.3,8.3,7337.8,3.5,22:50:40,02:45:25,08:42:40,01:59:36,1,1,0.0,0.0,0.0,0.0
107c06248d28377b345ae06e5bda10c1,2019-12-29,2798.2,75974.2,0.0,0.0,55491.0,2.2,366820.2,9.4,12238.6,55.0,7626.6,88.9,0.0,0.0,5544.9,2.7,00:03:33,02:20:15,10:04:26,01:01:10,1,1,0.0,0.0,0.0,0.0
107c06248d28377b345ae06e5bda10c1,2020-01-10,3866.6,74481.9,0.0,0.0,88409.3,4.2,235092.1,8.5,12484.1,67.0,8050.6,59.3,13.7,12.8,7202.2,0.8,01:22:17,01:25:03,10:24:00,01:10:15,0,1,0.0,0.0,0.0,0.0
107c06248d28377b345ae06e5bda10c1,2020-01-13,4835.9,72366.6,0.0,0.0,111106.3,4.9,234529.9,8.2,12992.4,75.8,9196.6,45.8,18.4,14.4,8265.8,1.3,01:25:42,01:32:13,10:08:00,01:20:54,0,1,0.0,0.0,0.0,0.0
107c06248d28377b345ae06e5bda10c1,2020-01-21,3450.4,73637.1,0.0,0.0,75681.5,6.2,105183.1,8.2,11012.5,81.6,9311.4,37.5,36.8,11.4,9142.0,1.4,00:32:00,01:16:15,09:14:17,01:00:21,0,0,0.0,0.0,0.0,0.0
107c06248d28377b345ae06e5bda10c1,2020-01-29,3052.4,75280.4,0.0,0.0,71561.1,5.9,77534.9,7.9,9324.7,73.4,8066.2,45.9,35.3,11.7,7883.9,1.5,00:29:42,01:13:32,08:56:00,01:15:57,1,1,0.0,0.0,0.0,0.0
107c06248d28377b345ae06e5bda10c1,2020-02-03,3051.7,74637.6,0.0,0.0,71477.4,5.7,77531.9,8.0,9055.1,77.7,8709.7,57.2,25.8,9.8,8136.4,1.6,00:35:25,01:17:15,09:05:08,01:29:35,1,1,0.0,0.0,0.0,0.0
107c06248d28377b345ae06e5bda10c1,2020-02-15,505.4,76832.1,0.0,0.0,10498.0,5.4,2813.5,8.6,7968.0,70.7,9061.6,40.1,44.1,15.8,7580.8,1.6,00:26:17,01:04:10,09:34:51,01:11:55,0,1,0.0,0.0,0.0,0.0
107c06248d28377b345ae06e5bda10c1,2020-02-21,2441.4,75443.9,0.0,0.0,41784.5,4.9,28296.6,8.3,7945.9,64.2,8513.7,29.6,40.1,16.0,6917.1,1.7,00:34:17,00:59:49,09:28:00,01:29:14,1,1,0.0,0.0,0.0,0.0
107c06248d28377b345ae06e5bda10c1,2020-02-28,3972.9,74168.1,0.0,0.0,73530.0,4.9,102287.7,8.3,8044.7,66.5,8258.0,25.3,35.7,10.5,8021.5,2.0,00:51:25,01:05:10,09:44:00,01:41:52,0,1,0.0,0.0,0.0,0.0
107c06248d28377b345ae06e5bda10c1,2020-03-04,3874.9,74158.9,0.0,0.0,74212.6,4.8,102454.0,8.0,7917.9,72.0,8365.3,16.7,39.8,22.1,7492.1,1.6,00:52:34,00:45:49,09:22:17,01:35:58,0,1,0.0,0.0,0.0,0.0
107c06248d28377b345ae06e5bda10c1,2020-03-11,1869.5,76291.2,0.0,0.0,32465.9,4.3,51761.9,7.9,8945.4,73.6,8238.4,15.0,48.0,29.8,6995.4,1.0,01:23:25,01:23:50,09:46:17,00:54:17,0,0,0.0,0.0,0.0,0.0
107c06248d28377b345ae06e5bda10c1,2020-03-16,1479.6,77927.2,0.0,0.0,32410.9,3.1,178999.6,8.1,8383.2,62.6,6992.3,19.2,36.9,15.3,6916.6,0.8,01:41:42,01:23:03,10:22:51,00:53:34,1,1,0.0,0.0,0.0,0.0
107c06248d28377b345ae06e5bda10c1,2020-03-20,1311.5,80147.0,0.0,0.0,31551.1,1.8,280922.5,8.1,8508.7,49.2,4940.6,42.9,17.1,11.4,4922.1,1.3,02:22:51,01:15:53,11:04:00,00:54:00,1,1,0.0,0.0,0.0,0.0
107c06248d28377b345ae06e5bda10c1,2020-03-26,199.4,83995.6,0.0,0.0,1910.2,1.1,357364.3,8.7,7054.0,36.7,2204.0,78.6,0.0,0.0,1585.4,1.2,01:50:51,01:03:16,11:09:42,00:47:10,0,1,0.0,0.0,0.0,0.0
107c06248d28377b345ae06e5bda10c1,2020-03-30,0.0,84996.7,0.0,0.0,295.8,1.0,357363.8,8.7,6189.0,31.8,1402.3,92.9,0.0,0.0,381.5,1.3,01:36:00,01:06:47,10:54:51,01:07:44,1,1,0.0,0.0,0.0,0.0
107c06248d28377b345ae06e5bda10c1,2020-04-06,12.7,84991.4,0.0,0.0,295.8,1.0,357363.7,8.3,4148.5,30.4,1394.9,78.6,0.0,0.0,386.1,1.0,00:43:25,00:34:57,09:32:34,01:04:03,0,0,0.0,0.0,0.0,0.0
107c06248d28377b345ae06e5bda10c1,2020-04-17,0.0,83819.4,0.0,0.0,261.9,1.0,357364.6,7.9,4970.9,30.1,2579.6,92.9,0.0,0.0,524.4,2.2,02:20:34,03:17:49,10:48:00,02:51:20,1,1,0.0,0.0,0.0,0.0
107c06248d28377b345ae06e5bda10c1,2020-04-20,0.0,83755.1,0.0,0.0,261.9,1.0,357364.9,7.9,5702.1,31.9,2643.9,100.0,0.0,0.0,512.6,2.3,02:27:25,03:16:20,10:52:34,02:51:29,1,1,0.0,0.0,0.0,0.0
107c06248d28377b345ae06e5bda10c1,2020-04-29,0.0,85487.6,0.0,0.0,45.4,1.0,357364.2,8.9,3684.9,24.9,911.4,100.0,0.0,0.0,283.1,3.6,02:01:08,03:34:43,11:33:42,03:38:45,1,1,0.0,0.0,0.0,0.0
107c06248d28377b345ae06e5bda10c1,2020-05-06,83.4,83949.7,0.0,0.0,2189.4,1.1,357649.1,12.1,3204.3,22.3,2365.9,100.0,0.0,0.0,3085.7,5.0,23:53:08,03:48:30,12:49:08,04:03:44,1,1,0.0,0.0,0.0,0.0
107c06248d28377b345ae06e5bda10c1,2020-05-16,310.2,83300.5,0.0,0.0,3155.7,1.1,357889.1,10.8,3395.4,27.0,2788.3,92.9,0.0,0.0,3524.9,2.5,22:46:51,01:55:48,10:20:34,01:12:06,1,1,0.0,0.0,0.0,0.0
107c06248d28377b345ae06e5bda10c1,2020-05-22,760.5,82542.3,0.0,0.0,10920.4,1.1,357603.7,9.9,3826.3,29.4,3096.2,100.0,0.0,0.0,4070.2,2.9,23:10:51,01:54:20,09:42:51,01:20:50,1,1,0.0,0.0,0.0,0.0
107c06248d28377b345ae06e5bda10c1,2020-05-29,533.7,83125.4,0.0,0.0,10161.4,1.1,357518.7,9.1,3148.4,23.8,2739.9,100.0,0.0,0.0,4085.9,3.5,00:21:42,03:15:49,10:05:42,02:07:07,1,1,0.0,0.0,0.0,0.0
107c06248d28377b345ae06e5bda10c1,2020-06-05,0.0,83781.2,0.0,0.0,2010.4,1.1,357518.7,10.0,3443.0,20.3,2617.8,100.0,0.0,0.0,4170.3,4.4,00:58:17,03:02:53,11:37:08,03:47:22,1,1,0.0,0.0,0.0,0.0
107c06248d28377b345ae06e5bda10c1,2020-06-10,4.3,83788.4,0.0,0.0,2175.0,1.0,357362.6,10.9,3480.6,22.5,2606.4,100.0,0.0,0.0,4326.8,4.7,00:17:08,02:09:46,11:56:34,03:47:44,1,1,0.0,0.0,0.0,0.0
107c06248d28377b345ae06e5bda10c1,2020-06-15,359.9,82592.9,0.0,0.0,8576.1,1.1,357517.3,11.4,3665.9,24.6,3446.3,100.0,0.0,0.0,5468.6,4.4,00:01:08,01:34:21,12:08:00,04:00:17,1,1,0.0,0.0,0.0,0.0
107c06248d28377b345ae06e5bda10c1,2020-06-25,1236.8,81030.9,0.0,0.0,18489.6,1.3,358182.9,10.1,4742.3,29.4,4131.4,92.9,0.0,0.0,5879.1,2.1,00:08:00,01:37:05,10:57:08,01:48:35,1,1,0.0,0.0,0.0,0.0
107c06248d28377b345ae06e5bda10c1,2020-07-03,718.4,83410.6,0.0,0.0,9764.8,1.1,357365.1,11.2,4694.9,26.7,2270.1,85.7,0.0,0.0,2340.8,3.7,00:42:17,02:11:53,12:36:34,02:35:31,1,1,0.0,0.0,0.0,0.0
107c06248d28377b345ae06e5bda10c1,2020-07-10,2002.3,80015.0,0.0,0.0,62460.1,0.9,255904.1,10.5,7164.2,41.4,4381.7,57.1,0.0,0.0,3134.1,3.8,01:04:00,01:28:40,12:16:00,02:52:00,1,1,0.0,0.0,0.0,0.0
107c06248d28377b345ae06e5bda10c1,2020-07-12,2002.3,78956.6,0.0,0.0,62235.0,0.7,204852.1,10.4,6991.9,46.9,5440.1,50.0,0.0,0.0,3646.1,3.8,00:50:17,01:35:00,11:55:25,02:54:35,1,1,0.0,0.0,0.0,0.0
107c06248d28377b345ae06e5bda10c1,2020-07-23,0.0,79524.7,0.0,0.0,0.0,0.0,0.0,8.5,8299.2,56.4,6874.3,0.0,0.0,0.0,6266.3,1.4,01:29:08,01:23:43,10:34:17,01:05:34,1,1,0.0,0.0,0.0,0.0
107c06248d28377b345ae06e5bda10c1,2020-07-25,0.0,79581.5,0.0,0.0,44.7,0.0,0.0,8.4,7545.2,55.6,6817.5,0.0,0.0,0.0,6758.9,1.5,01:45:08,01:31:27,10:42:17,01:04:48,0,1,0.0,0.0,0.0,0.0
107c06248d28377b345ae06e5bda10c1,2020-07-30,503.9,79383.7,0.0,0.0,44.7,0.0,0.0,9.1,6360.7,47.4,6511.4,0.0,0.0,0.0,6099.5,2.4,01:20:00,02:02:00,11:02:51,00:54:19,0,0,0.0,0.0,0.0,0.0
107c06248d28377b345ae06e5bda10c1,2020-08-02,685.2,80748.1,0.0,0.0,44.7,0.0,0.0,9.5,5617.2,37.5,4965.6,0.0,0.0,0.0,4017.9,2.5,01:05:08,01:59:11,11:12:00,01:03:08,0,1,0.0,0.0,0.0,0.0
107c06248d28377b345ae06e5bda10c1,2020-08-06,1091.4,80147.1,0.0,0.0,44.7,0.0,0.0,9.9,7336.1,40.1,5160.6,0.0,0.0,0.0,3951.6,2.5,00:51:25,01:55:52,11:28:00,01:10:15,1,1,0.0,0.0,0.0,0.0
107c06248d28377b345ae06e5bda10c1,2020-08-09,734.6,81993.8,0.0,0.0,0.0,0.0,0.0,10.1,8439.2,38.6,3670.6,0.0,0.0,0.0,3367.4,2.3,01:05:08,01:17:19,11:48:34,01:24:45,0,1,0.0,0.0,0.0,0.0
107c06248d28377b345ae06e5bda10c1,2020-08-20,5796.6,75541.2,0.0,0.0,0.0,0.0,0.0,9.0,10379.7,53.1,5061.2,0.0,0.0,0.0,4503.5,2.3,01:25:42,01:09:06,11:02:51,01:38:56,1,1,0.0,0.0,0.0,0.0
107c06248d28377b345ae06e5bda10c1,2020-08-25,5799.9,75240.1,0.0,0.0,0.0,0.0,0.0,7.8,12726.2,55.4,5358.9,0.0,0.0,0.0,4372.2,1.7,01:42:51,00:54:39,10:04:34,01:35:50,0,1,0.0,0.0,0.0,0.0
107c06248d28377b345ae06e5bda10c1,2020-09-01,2271.1,79202.4,0.0,0.0,0.0,0.0,0.0,8.7,9871.7,46.7,4925.5,0.0,0.0,0.0,4201.2,2.3,01:15:25,01:21:27,10:30:51,01:40:13,0,0,0.0,0.0,0.0,0.0
107c06248d28377b345ae06e5bda10c1,2020-09-09,2795.1,78289.1,0.0,0.0,0.0,0.0,0.0,8.6,6347.4,40.6,5314.7,0.0,0.0,0.0,5052.8,1.8,01:04:00,01:12:03,10:14:51,01:10:42,1,1,0.0,0.0,0.0,0.0
107c06248d28377b345ae06e5bda10c1,2020-09-19,1277.7,81320.1,0.0,0.0,0.0,0.0,0.0,8.3,6386.7,34.6,3801.2,0.0,0.0,0.0,3983.4,1.4,01:08:34,00:47:00,09:57:42,01:00:39,1,1,0.0,0.0,0.0,0.0
107c06248d28377b345ae06e5bda10c1,2020-09-23,889.0,82338.4,0.0,0.0,0.0,0.0,0.0,8.1,6367.8,36.4,3171.6,0.0,0.0,0.0,3079.6,1.5,01:09:42,00:50:05,09:47:25,00:58:27,0,1,0.0,0.0,0.0,0.0
107c06248d28377b345ae06e5bda10c1,2020-09-30,1079.7,82482.1,0.0,0.0,0.0,0.0,0.0,8.4,6550.6,46.9,2837.2,0.0,0.0,0.0,2340.8,2.6,01:01:42,01:26:58,10:00:00,01:33:49,1,1,0.0,0.0,0.0,0.0
107c06248d28377b345ae06e5bda10c1,2020-10-10,1658.1,81572.1,0.0,0.0,0.0,0.0,0.0,8.3,6497.9,46.7,3168.8,0.0,0.0,0.0,2873.8,2.7,01:23:25,01:34:53,10:14:51,01:35:45,0,1,0.0,0.0,0.0,0.0
107c06248d28377b345ae06e5bda10c1,2020-10-15,1497.3,82066.1,0.0,0.0,0.0,0.0,0.0,8.9,4798.0,32.6,2835.6,0.0,0.0,0.0,3021.4,2.5,00:20:34,02:25:49,09:52:00,00:55:25,1,1,0.0,0.0,0.0,0.0
107c06248d28377b345ae06e5bda10c1,2020-10-19,1294.1,82224.2,0.0,0.0,0.0,0.0,0.0,9.6,3943.1,29.6,2880.6,0.0,0.0,0.0,3101.4,2.7,23:36:00,02:19:19,09:49:42,01:09:10,0,1,0.0,0.0,0.0,0.0
107c06248d28377b345ae06e5bda10c1,2020-10-26,698.6,82337.5,0.0,0.0,0.2,0.0,0.0,10.7,3417.7,24.4,3362.9,0.0,0.0,0.0,4223.5,1.9,22:35:25,01:25:24,09:58:51,01:41:08,0,1,0.0,0.0,0.0,0.0
107c06248d28377b345ae06e5bda10c1,2020-11-03,502.5,82627.8,0.0,0.0,0.2,0.0,0.0,11.0,3320.8,24.7,3268.7,0.0,0.0,0.0,3905.1,2.3,22:13:42,01:54:02,09:58:51,01:42:13,0,1,0.0,0.0,0.0,0.0
107c06248d28377b345ae06e5bda10c1,2020-11-09,538.3,80735.1,0.0,0.0,0.0,0.0,0.0,9.9,4040.5,34.4,5125.6,0.0,0.0,0.0,6022.6,2.6,22:48:00,02:05:04,09:20:00,01:14:48,0,1,0.0,0.0,0.0,0.0
107c06248d28377b345ae06e5bda10c1,2020-11-15,299.4,80494.9,0.0,0.0,0.0,0.0,0.0,8.7,5091.0,40.1,5604.6,0.0,0.0,0.0,7054.7,1.8,00:21:42,01:30:50,09:37:08,01:25:50,0,0,0.0,0.0,0.0,0.0
107c06248d28377b345ae06e5bda10c1,2020-11-27,1043.6,82763.9,0.0,0.0,0.0,0.0,0.0,12.4,3784.2,25.3,2591.5,0.0,0.0,0.0,3412.8,4.0,22:11:25,02:16:43,11:25:42,02:50:49,0,0,0.0,0.0,0.0,0.0
107c06248d28377b345ae06e5bda10c1,2020-12-04,1191.1,82123.5,0.0,0.0,0.0,0.0,0.0,12.0,3445.6,21.8,3084.4,0.0,0.0,0.0,4002.4,3.4,22:12:34,01:37:35,11:00:34,02:38:19,0,1,0.0,0.0,0.0,0.0
107c06248d28377b345ae06e5bda10c1,2020-12-08,1057.6,82448.4,0.0,0.0,0.0,0.0,0.0,11.8,3616.5,21.1,2893.1,0.0,0.0,0.0,3526.1,3.4,22:20:34,01:32:56,10:53:42,02:41:41,0,1,0.0,0.0,0.0,0.0
107c06248d28377b345ae06e5bda10c1,2020-12-15,165.9,84497.6,0.0,0.0,0.0,0.0,0.0,12.2,3026.0,20.3,1735.6,0.0,0.0,0.0,1463.5,1.8,21:30:17,01:17:49,10:32:00,01:55:01,1,1,0.0,0.0,0.0,0.0
107c06248d28377b345ae06e5bda10c1,2020-12-21,525.5,84672.0,0.0,0.0,0.0,0.0,0.0,12.4,3064.6,23.1,1201.5,0.0,0.0,0.0,920.2,2.2,21:44:00,01:40:25,10:56:00,01:57:25,0,1,0.0,0.0,0.0,0.0
107c06248d28377b345ae06e5bda10c1,2020-12-27,896.5,84370.6,0.0,0.0,904.0,0.0,0.0,12.4,2700.6,20.0,1131.9,0.0,0.0,0.0,939.4,2.3,21:58:51,01:41:51,11:10:51,01:21:14,0,0,0.0,0.0,0.0,0.0
107c06248d28377b345ae06e5bda10c1,2021-01-05,562.0,83536.4,0.0,0.0,904.2,0.0,0.0,13.0,2203.8,17.6,2300.6,0.0,0.0,0.0,2643.4,2.2,21:48:34,01:20:43,11:42:51,01:27:43,1,1,0.0,0.0,0.0,0.0
107c06248d28377b345ae06e5bda10c1,2021-01-28,312.6,83442.7,0.0,0.0,0.1,0.0,0.0,11.6,2847.9,18.7,2643.7,0.0,0.0,0.0,3096.6,3.4,22:40:00,01:42:05,11:01:42,02:37:11,0,0,0.0,0.0,0.0,0.0
107c06248d28377b345ae06e5bda10c1,2021-02-06,461.7,81837.1,0.0,0.0,0.4,0.0,0.0,8.5,5875.2,42.5,4100.1,0.0,0.0,0.0,4918.2,1.0,00:01:08,00:56:33,09:04:00,00:51:40,1,1,0.0,0.0,0.0,0.0
107c06248d28377b345ae06e5bda10c1,2021-02-07,211.2,82035.7,0.0,0.0,0.4,0.1,25842.6,8.8,5899.6,42.3,4152.1,0.0,0.0,0.0,4930.3,1.3,23:50:51,00:40:26,09:10:51,01:09:24,0,1,0.0,0.0,0.0,0.0
107c06248d28377b345ae06e5bda10c1,2021-02-14,481.7,82508.5,0.0,0.0,0.4,0.1,25842.6,9.3,5038.8,36.6,3408.8,0.0,0.0,0.0,3276.2,2.1,23:16:34,01:28:33,09:13:08,01:16:39,0,0,0.0,0.0,0.0,0.0
107c06248d28377b345ae06e5bda10c1,2021-02-22,314.4,83809.8,0.0,0.0,0.0,0.0,0.0,11.2,4686.9,27.2,2274.8,0.0,0.0,0.0,2013.0,2.8,22:14:51,02:16:55,10:10:17,01:31:05,0,1,0.0,0.0,0.0,0.0
107c06248d28377b345ae06e5bda10c1,2021-03-03,0.0,85509.2,0.0,0.0,0.9,0.0,0.0,12.7,3408.1,22.3,889.8,0.0,0.0,0.0,906.1,1.2,21:38:17,01:21:59,11:08:34,01:19:48,1,1,0.0,0.0,0.0,0.0
107c06248d28377b345ae06e5bda10c1,2021-03-09,364.4,84973.1,0.0,0.0,1.6,0.0,0.0,12.4,3432.8,20.6,1061.6,0.0,0.0,0.0,1030.2,1.5,21:42:51,01:12:14,10:54:51,01:16:36,1,1,0.0,0.0,0.0,0.0
107c06248d28377b345ae06e5bda10c1,2021-03-20,564.9,83868.3,0.0,0.0,0.7,0.0,0.0,11.5,4091.3,28.4,1965.9,0.0,0.0,0.0,2007.6,3.1,22:22:51,02:31:36,10:41:08,01:02:06,1,1,0.0,0.0,0.0,0.0
107c06248d28377b345ae06e5bda10c1,2021-03-23,200.5,83484.6,0.0,0.0,0.0,0.0,0.0,10.4,4277.0,32.6,2713.9,0.0,0.0,0.0,3228.7,3.0,22:52:34,02:20:48,10:00:00,01:20:37,0,1,0.0,0.0,0.0,0.0
107c06248d28377b345ae06e5bda10c1,2021-04-01,645.7,81265.6,0.0,0.0,0.0,0.0,0.0,9.3,5233.1,36.9,4487.6,0.0,0.0,0.0,3855.7,1.8,23:22:17,01:22:49,09:17:42,00:59:49,0,1,0.0,0.0,0.0,0.0
107c06248d28377b345ae06e5bda10c1,2021-04-10,515.3,83414.3,0.0,0.0,0.0,0.0,0.0,9.6,5689.3,30.4,2469.4,0.0,0.0,0.0,2273.4,1.5,23:32:34,01:32:11,09:44:00,00:53:19,0,1,0.0,0.0,0.0,0.0
107c06248d28377b345ae06e5bda10c1,2021-04-11,515.3,83297.6,0.0,0.0,1.9,0.0,0.0,9.3,5918.8,32.1,2586.1,0.0,0.0,0.0,2273.4,1.3,23:55:25,01:32:11,09:53:08,01:06:05,0,0,0.0,0.0,0.0,0.0
107c06248d28377b345ae06e5bda10c1,2021-04-19,411.1,82149.4,0.0,0.0,2.6,0.0,0.0,9.2,7130.6,39.4,3838.4,0.0,0.0,0.0,3948.7,1.3,00:00:00,01:29:05,09:48:34,00:58:59,0,0,0.0,0.0,0.0,0.0
107c06248d28377b345ae06e5bda10c1,2021-04-27,1506.5,80139.9,0.0,0.0,0.9,0.0,0.0,8.6,7475.4,45.6,4752.6,0.0,0.0,0.0,4748.4,1.2,23:56:34,00:53:28,09:05:08,00:42:31,0,1,0.0,0.0,0.0,0.0
107c06248d28377b345ae06e5bda10c1,2021-05-03,1229.6,81992.0,0.0,0.0,0.1,0.0,0.0,8.9,6750.3,37.8,3177.4,0.0,0.0,0.0,2362.1,2.0,23:48:34,01:19:52,09:18:51,01:04:42,0,1,0.0,0.0,0.0,0.0
107c06248d28377b345ae06e5bda10c1,2021-05-11,1732.0,79107.3,0.0,0.0,0.0,0.1,25526.0,8.9,5312.9,40.5,5559.8,0.0,0.0,0.0,5124.4,2.4,00:10:17,01:48:16,09:39:25,00:55:48,0,1,0.0,0.0,0.0,0.0
107c06248d28377b345ae06e5bda10c1,2021-05-18,1287.4,78310.4,0.0,0.0,0.0,0.1,25526.0,8.6,5150.2,41.7,6801.3,0.0,0.0,0.0,7145.8,1.8,00:12:34,01:43:22,09:25:42,00:34:31,1,1,0.0,0.0,0.0,0.0
107c06248d28377b345ae06e5bda10c1,2021-05-23,1933.3,75572.9,0.0,0.0,0.0,0.1,25526.0,9.2,5991.3,51.1,8892.8,0.0,0.0,0.0,8085.5,1.6,23:54:17,01:38:55,09:40:34,00:36:29,0,0,0.0,0.0,0.0,0.0
107c06248d28377b345ae06e5bda10c1,2021-05-31,2723.2,74069.4,0.0,0.0,0.0,0.1,25525.6,9.2,7237.2,54.0,9606.4,0.0,0.0,0.0,8589.5,2.0,00:36:34,01:41:48,10:25:08,00:51:49,1,1,0.0,0.0,0.0,0.0
107c06248d28377b345ae06e5bda10c1,2021-06-07,2487.4,79083.9,0.0,0.0,0.0,0.1,25525.6,9.7,7198.6,40.4,4827.8,0.0,0.0,0.0,3138.6,2.0,00:24:00,01:30:39,10:46:51,00:56:18,0,1,0.0,0.0,0.0,0.0
12f90c19f2c2b74ec542b62e74e7cad1,2018-11-20,7383.0,65810.5,0.0,0.0,0.0,0.0,0.0,11.0,5422.1,86.0,13205.5,0.0,0.0,0.0,4670.5,3.5,21:20:00,01:20:00,09:04:00,01:20:00,0,0,0.0,0.0,0.0,0.0
12f90c19f2c2b74ec542b62e74e7cad1,2018-11-21,5971.7,67467.0,0.0,0.0,0.0,0.0,0.0,10.5,9322.4,109.0,12960.3,0.0,0.0,0.0,4073.7,2.6,21:25:20,01:05:45,08:37:20,01:15:25,0,0,0.0,0.0,0.0,0.0
12f90c19f2c2b74ec542b62e74e7cad1,2018-11-24,6476.3,65310.3,0.0,0.0,0.0,0.0,0.0,9.2,11259.1,122.7,14612.3,0.0,0.0,0.0,4002.5,2.4,22:24:00,01:30:30,08:10:40,01:15:25,0,0,0.0,0.0,0.0,0.0
12f90c19f2c2b74ec542b62e74e7cad1,2018-11-30,5629.9,65421.0,0.0,0.0,1758.1,0.7,953270.9,8.7,12100.4,135.8,15348.1,0.0,0.0,0.0,5459.6,2.2,22:26:40,03:50:16,09:42:40,03:45:16,0,1,0.0,0.0,0.0,0.0
12f90c19f2c2b74ec542b62e74e7cad1,2018-12-06,5456.7,66549.9,0.0,0.0,1030452.4,2.6,1485718.2,7.1,14750.0,164.4,14392.4,14.3,0.0,0.0,6001.1,2.1,23:04:00,03:38:21,08:18:17,04:25:23,0,0,0.0,0.0,0.0,0.0
12f90c19f2c2b74ec542b62e74e7cad1,2018-12-09,4456.6,68069.4,0.0,0.0,1035800.1,3.6,1523179.5,7.0,15047.3,165.5,13873.0,14.3,0.0,0.0,6730.4,2.1,22:58:17,03:37:21,08:10:17,04:25:30,0,1,0.0,0.0,0.0,0.0
12f90c19f2c2b74ec542b62e74e7cad1,2018-12-15,4370.4,71100.0,0.0,0.0,460001.1,4.0,713976.3,7.2,15908.4,171.1,10928.6,21.4,0.0,0.0,5263.1,1.6,23:14:17,01:13:46,06:54:51,01:08:00,0,0,0.0,0.0,0.0,0.0
12f90c19f2c2b74ec542b62e74e7cad1,2018-12-16,3880.8,71975.0,0.0,0.0,246981.1,4.0,711599.0,7.4,15787.5,166.5,10543.2,21.4,0.0,0.0,5006.5,1.2,23:09:42,01:08:38,07:06:17,01:01:33,0,0,0.0,0.0,0.0,0.0
12f90c19f2c2b74ec542b62e74e7cad1,2018-12-19,4653.5,71045.5,0.0,0.0,263977.8,3.6,1259251.8,8.0,15080.5,157.3,10700.0,42.9,0.0,0.0,4911.4,1.2,22:53:42,01:04:31,07:23:25,01:06:38,0,1,0.0,0.0,0.0,0.0
12f90c19f2c2b74ec542b62e74e7cad1,2018-12-26,5738.0,69227.6,0.0,0.0,287142.9,3.6,2567234.7,8.0,16017.0,143.8,11433.4,64.3,0.0,0.0,4041.1,2.0,23:30:17,01:57:33,08:01:08,01:58:16,0,1,0.0,0.0,0.0,0.0
12f90c19f2c2b74ec542b62e74e7cad1,2019-01-01,5032.9,69471.4,0.0,0.0,89375.3,3.1,2745622.1,7.3,17471.2,149.6,11894.7,71.4,0.0,0.0,3304.9,2.1,23:40:34,01:49:33,07:25:42,02:21:01,0,1,0.0,0.0,0.0,0.0
12f90c19f2c2b74ec542b62e74e7cad1,2019-01-06,3785.9,69921.1,0.0,0.0,283216.3,3.5,1927102.9,7.1,16243.9,180.0,12692.0,87.0,2.7,10.2,5454.9,2.2,23:57:42,01:58:56,07:32:34,02:36:35,0,0,0.0,0.0,0.0,0.0
12f90c19f2c2b74ec542b62e74e7cad1,2019-01-18,1832.4,72909.1,0.0,0.0,232882.8,5.1,14271.7,7.6,11372.9,188.8,11657.4,67.4,19.6,13.0,9993.1,1.4,23:52:00,01:13:45,07:55:25,01:23:27,0,1,0.0,0.0,0.0,0.0
12f90c19f2c2b74ec542b62e74e7cad1,2019-01-22,4052.8,69201.1,0.0,0.0,465225.2,4.6,621857.7,7.5,11862.0,186.9,13145.1,48.0,13.3,17.2,9186.7,1.1,23:42:51,01:29:35,07:41:42,01:01:55,0,1,0.0,0.0,0.0,0.0
12f90c19f2c2b74ec542b62e74e7cad1,2019-01-23,4035.9,69452.2,0.0,0.0,465266.7,4.7,621858.4,7.5,11871.2,181.1,12910.9,42.9,11.6,24.0,9074.8,1.1,23:44:00,01:29:05,07:44:00,01:02:33,0,1,0.0,0.0,0.0,0.0
12f90c19f2c2b74ec542b62e74e7cad1,2019-01-29,4139.1,68697.3,0.0,0.0,464954.9,5.0,621629.9,7.5,12030.2,178.8,13562.6,46.6,14.1,17.8,9988.9,1.2,23:41:42,01:29:15,07:44:00,01:01:40,0,0,0.0,0.0,0.0,0.0
12f90c19f2c2b74ec542b62e74e7cad1,2019-02-01,3086.1,69542.8,0.0,0.0,242068.7,5.7,608738.9,7.4,12415.0,189.9,13770.1,42.5,18.3,17.8,10033.0,1.1,23:46:17,01:29:15,07:37:08,01:00:05,0,1,0.0,0.0,0.0,0.0
12f90c19f2c2b74ec542b62e74e7cad1,2019-02-05,1119.2,73038.4,0.0,0.0,9145.0,5.8,922.1,7.4,12529.3,199.4,12241.4,65.3,19.8,14.9,10649.2,1.1,23:58:51,01:09:20,07:50:51,00:20:41,0,0,0.0,0.0,0.0,0.0
12f90c19f2c2b74ec542b62e74e7cad1,2019-02-09,1100.1,72887.4,0.0,0.0,9724.2,5.4,1151.8,7.4,13429.6,201.1,12411.6,75.4,17.2,7.4,10495.6,0.8,23:46:17,00:50:10,07:41:42,00:18:59,0,0,0.0,0.0,0.0,0.0
12f90c19f2c2b74ec542b62e74e7cad1,2019-02-11,971.1,72993.0,0.0,0.0,9790.7,5.1,1145.6,7.1,13493.5,194.4,12434.9,71.9,14.7,13.5,10751.5,0.9,23:44:00,00:52:01,07:17:42,00:55:57,0,0,0.0,0.0,0.0,0.0
12f90c19f2c2b74ec542b62e74e7cad1,2019-02-13,1026.4,72373.7,0.0,0.0,10442.4,4.9,1377.4,7.2,13783.3,197.4,12998.9,74.8,11.7,13.6,10911.4,1.1,23:38:17,00:58:49,07:17:42,00:55:57,0,0,0.0,0.0,0.0,0.0
12f90c19f2c2b74ec542b62e74e7cad1,2019-02-15,1569.0,71597.5,0.0,0.0,96040.6,4.9,75277.9,7.0,15102.5,207.5,13232.5,77.1,9.0,13.8,11095.9,1.2,23:40:34,00:59:55,07:06:17,00:59:07,1,1,0.0,0.0,0.0,0.0
12f90c19f2c2b74ec542b62e74e7cad1,2019-02-17,2320.0,69631.3,0.0,0.0,185846.8,5.3,222682.9,6.9,15650.2,207.6,14447.7,68.1,12.5,12.2,11376.4,1.1,23:39:25,00:46:37,07:04:00,00:58:14,0,1,0.0,0.0,0.0,0.0
12f90c19f2c2b74ec542b62e74e7cad1,2019-02-22,2324.1,69635.1,0.0,0.0,185717.0,4.9,222673.4,6.5,15271.9,203.6,14439.7,66.7,16.1,10.0,11756.4,1.3,23:50:51,01:06:26,06:48:00,01:04:29,1,1,0.0,0.0,0.0,0.0
12f90c19f2c2b74ec542b62e74e7cad1,2019-03-01,1601.1,71375.8,0.0,0.0,96764.0,5.1,148545.9,6.4,13358.8,197.5,13422.1,54.5,27.1,11.2,11668.2,1.1,00:18:17,01:05:05,07:05:08,01:09:08,0,1,0.0,0.0,0.0,0.0
12f90c19f2c2b74ec542b62e74e7cad1,2019-03-04,657.2,73786.9,0.0,0.0,6915.8,4.8,1141.3,6.5,13520.3,200.4,11954.9,60.7,24.9,14.4,10999.0,1.3,00:01:08,01:18:15,06:57:08,01:08:00,0,1,0.0,0.0,0.0,0.0
12f90c19f2c2b74ec542b62e74e7cad1,2019-03-06,549.1,73915.4,0.0,0.0,6314.9,5.0,902.6,6.7,13397.0,198.4,11934.5,59.9,24.7,15.4,11056.9,1.3,23:57:42,01:19:58,07:07:25,00:57:11,1,1,0.0,0.0,0.0,0.0
12f90c19f2c2b74ec542b62e74e7cad1,2019-03-09,2391.1,72223.6,0.0,0.0,250448.0,5.1,574113.6,7.0,13773.2,193.4,11784.3,54.4,18.6,12.7,9777.1,1.9,23:25:42,01:12:16,06:56:00,01:39:33,0,1,0.0,0.0,0.0,0.0
12f90c19f2c2b74ec542b62e74e7cad1,2019-03-10,2570.7,72107.1,0.0,0.0,251852.7,5.2,764944.4,7.3,13486.1,190.0,11721.2,49.2,17.6,11.7,9424.6,1.8,23:15:25,01:12:21,07:00:34,01:37:13,0,0,0.0,0.0,0.0,0.0
12f90c19f2c2b74ec542b62e74e7cad1,2019-03-13,3058.2,71078.7,0.0,0.0,261981.1,4.9,1341386.4,7.4,13850.5,190.9,12262.1,38.5,13.8,4.8,8461.8,1.7,23:07:25,01:14:25,07:02:51,01:34:59,1,1,0.0,0.0,0.0,0.0
12f90c19f2c2b74ec542b62e74e7cad1,2019-03-15,3163.6,70430.4,0.0,0.0,272865.5,4.6,1726291.8,7.5,13896.0,185.9,12804.9,32.6,6.1,4.2,7713.6,1.7,22:41:08,00:42:57,06:42:17,01:25:03,0,1,0.0,0.0,0.0,0.0
12f90c19f2c2b74ec542b62e74e7cad1,2019-03-18,5595.9,66851.3,0.0,0.0,330989.1,5.1,2317507.4,7.3,13749.4,187.1,13951.8,16.9,3.5,1.0,7359.1,2.1,23:09:42,01:24:25,06:56:00,01:38:04,0,0,0.0,0.0,0.0,0.0
12f90c19f2c2b74ec542b62e74e7cad1,2019-03-27,7368.2,63137.6,0.0,0.0,348805.0,5.1,2163735.0,7.6,12893.8,176.4,15893.2,24.1,3.7,0.8,9261.6,1.8,23:00:34,01:39:04,07:08:34,01:13:36,1,1,0.0,0.0,0.0,0.0
12f90c19f2c2b74ec542b62e74e7cad1,2019-04-04,2531.1,68606.4,0.0,0.0,248503.1,5.9,580255.8,7.7,12615.8,191.6,15261.5,64.4,16.1,5.2,14345.1,1.2,22:14:51,01:08:52,06:25:08,00:22:59,1,1,0.0,0.0,0.0,0.0
12f90c19f2c2b74ec542b62e74e7cad1,2019-04-12,393.4,71234.9,0.0,0.0,10651.8,5.9,1857.2,7.9,11281.1,178.8,14770.6,65.7,22.1,12.2,15633.9,0.8,22:04:34,00:52:46,06:28:34,00:12:43,1,1,0.0,0.0,0.0,0.0
12f90c19f2c2b74ec542b62e74e7cad1,2019-04-15,457.3,71339.8,0.0,0.0,9958.8,5.6,1860.4,7.8,11920.7,180.1,14601.9,67.3,22.8,10.0,14723.6,0.9,22:06:51,01:01:12,06:28:34,00:12:43,0,1,0.0,0.0,0.0,0.0
12f90c19f2c2b74ec542b62e74e7cad1,2019-04-22,435.4,72149.0,0.0,0.0,7413.4,5.3,763.6,8.1,12494.0,177.1,13814.6,69.9,23.7,6.4,14991.1,1.1,22:01:08,01:08:52,06:37:42,00:17:59,0,1,0.0,0.0,0.0,0.0
12f90c19f2c2b74ec542b62e74e7cad1,2019-04-23,382.9,72194.7,0.0,0.0,7636.1,5.3,763.6,8.1,12698.0,178.6,13821.4,71.1,22.4,6.4,15244.4,1.1,22:01:08,01:08:52,06:38:51,00:17:35,1,1,0.0,0.0,0.0,0.0
12f90c19f2c2b74ec542b62e74e7cad1,2019-04-30,1359.0,71362.9,0.0,0.0,33772.4,5.7,39080.9,7.4,14951.6,195.9,13677.1,65.1,22.0,5.7,13873.8,1.9,22:58:17,01:53:16,06:49:08,00:57:54,0,1,0.0,0.0,0.0,0.0
12f90c19f2c2b74ec542b62e74e7cad1,2019-05-03,1263.2,71535.0,0.0,0.0,35251.1,5.8,39713.8,7.2,15266.4,200.7,13600.8,66.9,20.9,5.1,13779.0,1.9,22:57:08,01:52:43,06:41:08,01:31:36,0,0,0.0,0.0,0.0,0.0
12f90c19f2c2b74ec542b62e74e7cad1,2019-05-11,3197.3,67807.4,0.0,0.0,127477.6,6.4,162601.9,6.9,14810.8,182.3,15394.4,63.7,21.0,8.2,15083.7,1.8,23:22:17,01:22:09,06:42:17,01:35:23,0,0,0.0,0.0,0.0,0.0
12f90c19f2c2b74ec542b62e74e7cad1,2019-05-17,3900.3,65884.0,0.0,0.0,206777.5,6.5,299597.4,7.1,14418.3,173.0,16614.7,55.6,18.8,11.3,15754.9,1.7,23:21:08,01:40:35,06:52:34,00:54:29,0,0,0.0,0.0,0.0,0.0
12f90c19f2c2b74ec542b62e74e7cad1,2019-05-19,3526.4,66999.4,0.0,0.0,200344.6,6.4,299339.4,7.1,14710.0,175.5,15873.1,56.6,18.8,10.4,14894.0,2.0,23:22:17,01:46:24,06:54:51,01:01:30,0,0,0.0,0.0,0.0,0.0
12f90c19f2c2b74ec542b62e74e7cad1,2019-05-30,1053.4,69082.6,0.0,0.0,19560.2,6.5,4119.1,7.5,14767.4,184.1,16262.9,67.0,16.0,17.1,15624.1,2.1,22:44:34,01:22:20,06:42:17,01:19:58,1,1,0.0,0.0,0.0,0.0
12f90c19f2c2b74ec542b62e74e7cad1,2019-06-08,2360.2,68116.3,0.0,0.0,303886.2,5.7,771042.4,7.0,13518.4,154.2,15922.5,57.5,8.9,33.6,14602.4,1.9,23:05:08,01:05:36,06:33:08,01:18:46,0,0,0.0,0.0,0.0,0.0
12f90c19f2c2b74ec542b62e74e7cad1,2019-06-13,2834.8,67774.1,0.0,0.0,365935.7,5.1,2716936.1,7.3,10931.4,119.9,15790.1,41.9,4.0,25.5,13411.9,2.0,23:18:51,01:11:59,07:05:08,01:33:37,0,0,0.0,0.0,0.0,0.0
12f90c19f2c2b74ec542b62e74e7cad1,2019-06-22,3805.4,63498.0,0.0,0.0,792543.7,4.1,5834753.2,7.9,7556.5,91.8,19095.6,14.3,0.0,0.0,14643.6,1.8,22:56:00,01:32:06,07:18:51,01:55:38,0,1,0.0,0.0,0.0,0.0
12f90c19f2c2b74ec542b62e74e7cad1,2019-06-26,4450.1,64368.1,0.0,0.0,743711.3,4.2,5093794.0,7.9,9189.9,114.4,17580.9,35.7,0.0,0.0,12111.4,1.6,22:27:25,01:23:36,06:51:25,01:28:58,0,0,0.0,0.0,0.0,0.0
12f90c19f2c2b74ec542b62e74e7cad1,2019-07-01,4410.7,67419.5,0.0,0.0,710633.8,4.6,3884276.1,7.8,10914.0,128.6,14568.8,71.4,0.0,0.0,8282.4,1.3,22:16:00,01:02:11,06:33:08,01:30:14,0,1,0.0,0.0,0.0,0.0
12f90c19f2c2b74ec542b62e74e7cad1,2019-07-06,4634.9,70383.3,0.0,0.0,59663.6,4.6,2684094.6,7.5,12762.6,143.9,11380.9,100.0,0.0,0.0,4763.6,1.3,22:42:17,01:19:02,06:43:25,01:04:54,1,1,0.0,0.0,0.0,0.0
12f90c19f2c2b74ec542b62e74e7cad1,2019-07-10,4899.4,69308.1,0.0,0.0,63805.6,4.7,2681350.8,7.7,12439.9,144.9,12191.5,100.0,0.0,0.0,5632.7,0.9,22:38:51,01:15:09,06:49:08,00:57:16,1,1,0.0,0.0,0.0,0.0
12f90c19f2c2b74ec542b62e74e7cad1,2019-07-13,5149.9,68617.4,0.0,0.0,65104.4,4.6,2681363.5,7.8,12767.4,145.5,12631.7,100.0,0.0,0.0,5664.9,0.9,22:34:17,01:16:09,06:53:42,00:53:21,0,0,0.0,0.0,0.0,0.0
12f90c19f2c2b74ec542b62e74e7cad1,2019-07-14,5123.7,68566.8,0.0,0.0,65415.1,4.7,2681458.7,7.6,12770.1,146.4,12708.5,100.0,0.0,0.0,5916.4,1.1,22:46:51,01:35:56,06:51:25,00:48:54,1,1,0.0,0.0,0.0,0.0
12f90c19f2c2b74ec542b62e74e7cad1,2019-07-18,5445.4,68637.1,0.0,0.0,75052.9,4.8,2684217.6,7.9,12209.6,144.8,12316.5,100.0,0.0,0.0,5604.6,1.0,22:25:08,01:16:21,06:50:17,00:46:17,1,1,0.0,0.0,0.0,0.0
12f90c19f2c2b74ec542b62e74e7cad1,2019-07-25,4475.1,68005.8,0.0,0.0,50569.5,4.0,2490197.9,7.4,11760.1,116.1,13918.1,92.9,0.0,0.0,5219.1,1.6,22:25:08,01:17:47,06:16:00,01:35:22,1,1,0.0,0.0,0.0,0.0
12f90c19f2c2b74ec542b62e74e7cad1,2019-07-27,4660.3,67388.6,0.0,0.0,61099.4,4.1,2493021.6,7.0,11127.4,114.4,14350.1,92.9,0.0,0.0,5359.9,1.9,22:49:08,01:45:23,06:16:00,01:35:22,1,1,0.0,0.0,0.0,0.0
12f90c19f2c2b74ec542b62e74e7cad1,2019-08-01,4347.3,66485.1,0.0,0.0,51599.0,3.6,2487296.1,6.7,12756.9,105.9,15566.6,85.7,0.0,0.0,4952.5,2.5,22:46:51,01:37:27,05:56:34,01:59:29,0,0,0.0,0.0,0.0,0.0
12f90c19f2c2b74ec542b62e74e7cad1,2019-08-03,6095.9,63074.5,0.0,0.0,88425.6,4.4,2694868.4,6.1,14159.7,125.5,17228.6,78.6,0.0,0.0,6637.3,2.4,23:15:25,01:52:11,05:47:25,01:54:10,0,1,0.0,0.0,0.0,0.0
12f90c19f2c2b74ec542b62e74e7cad1,2019-08-07,6712.1,63294.5,0.0,0.0,110298.9,4.6,2717423.6,6.8,13403.5,130.9,16392.4,71.4,0.0,0.0,6687.4,2.8,23:34:51,01:56:54,06:46:51,01:48:38,0,0,0.0,0.0,0.0,0.0
12f90c19f2c2b74ec542b62e74e7cad1,2019-08-08,6382.1,64231.1,0.0,0.0,107447.5,4.6,2717443.9,7.0,13480.7,133.2,15785.7,71.4,0.0,0.0,6470.1,2.9,23:32:34,01:58:34,07:02:51,01:46:25,0,1,0.0,0.0,0.0,0.0
12f90c19f2c2b74ec542b62e74e7cad1,2019-08-09,6404.8,64089.1,0.0,0.0,107636.3,4.6,2717432.4,7.3,13948.7,138.0,15905.1,71.4,0.0,0.0,6446.1,2.7,23:22:17,01:44:30,07:09:42,01:47:49,0,1,0.0,0.0,0.0,0.0
12f90c19f2c2b74ec542b62e74e7cad1,2019-08-14,13011.2,59583.8,0.0,0.0,292428.8,3.9,2657721.5,7.9,11312.8,113.4,13804.1,50.0,0.0,0.0,7165.6,2.5,22:49:08,01:52:46,07:17:42,01:30:25,0,1,0.0,0.0,0.0,0.0
12f90c19f2c2b74ec542b62e74e7cad1,2019-08-16,13940.9,60515.2,0.0,0.0,329896.5,4.1,2679471.3,8.4,11151.5,113.6,11942.9,64.3,0.0,0.0,6489.5,2.2,22:49:08,01:47:27,07:48:34,01:12:40,0,0,0.0,0.0,0.0,0.0
12f90c19f2c2b74ec542b62e74e7cad1,2019-08-17,13966.5,61182.9,0.0,0.0,330972.4,4.0,2681464.2,8.4,11629.7,112.8,11249.6,64.3,0.0,0.0,5454.4,2.2,22:51:25,01:49:35,07:52:00,01:09:40,0,1,0.0,0.0,0.0,0.0
12f90c19f2c2b74ec542b62e74e7cad1,2019-08-24,12602.9,63231.9,0.0,0.0,288151.6,3.7,2695278.7,8.9,12267.1,118.5,10564.1,64.3,0.0,0.0,5026.5,2.2,22:38:51,01:43:14,08:09:08,01:56:16,0,0,0.0,0.0,0.0,0.0
12f90c19f2c2b74ec542b62e74e7cad1,2019-08-28,10293.5,64372.5,0.0,0.0,229280.5,4.5,2825009.8,8.3,14415.5,144.8,11733.0,78.6,0.0,0.0,5115.0,2.2,23:29:08,01:53:12,08:18:17,02:09:49,0,1,0.0,0.0,0.0,0.0
12f90c19f2c2b74ec542b62e74e7cad1,2019-09-07,8001.5,64602.6,0.0,0.0,165020.1,3.1,2729992.5,8.2,18143.9,169.6,13794.9,92.9,0.0,0.0,5679.7,1.9,23:38:17,01:53:23,08:21:42,01:34:46,0,0,0.0,0.0,0.0,0.0
12f90c19f2c2b74ec542b62e74e7cad1,2019-09-09,6176.8,67020.6,0.0,0.0,119359.4,2.8,2705802.0,8.0,18476.0,165.8,13201.6,92.9,0.0,0.0,5479.8,2.2,00:16:00,02:40:06,08:49:08,02:02:13,0,1,0.0,0.0,0.0,0.0
12f90c19f2c2b74ec542b62e74e7cad1,2019-09-20,3179.4,68675.8,0.0,0.0,252571.4,4.8,1539019.1,7.7,15024.7,189.6,14543.9,61.3,27.6,11.1,9411.7,2.1,23:42:51,02:45:46,07:53:08,02:11:03,1,1,0.0,0.0,0.0,0.0
12f90c19f2c2b74ec542b62e74e7cad1,2019-09-21,2999.6,68635.2,0.0,0.0,251718.8,5.1,1347963.1,7.7,14832.6,196.7,14764.2,56.9,31.2,11.9,10495.9,2.1,23:30:17,02:42:08,07:42:51,02:08:12,0,1,0.0,0.0,0.0,0.0
12f90c19f2c2b74ec542b62e74e7cad1,2019-09-27,1133.8,68933.6,0.0,0.0,224587.6,6.9,195092.9,6.8,13591.0,214.4,16331.6,29.6,55.8,14.6,14494.5,2.0,23:40:34,01:46:40,06:52:34,00:59:36,0,1,0.0,0.0,0.0,0.0
12f90c19f2c2b74ec542b62e74e7cad1,2019-09-28,64.6,70999.8,0.0,0.0,8220.8,6.9,727.0,6.7,14110.8,210.8,15334.6,32.5,58.9,8.6,14366.6,1.9,23:45:08,01:40:22,06:51:25,01:00:36,0,1,0.0,0.0,0.0,0.0
12f90c19f2c2b74ec542b62e74e7cad1,2019-10-01,22.3,71741.3,0.0,0.0,7281.0,6.8,504.2,7.2,14499.6,203.5,14635.4,37.9,54.5,7.6,13600.3,1.8,23:20:00,01:10:27,07:04:00,01:01:18,1,1,0.0,0.0,0.0,0.0
12f90c19f2c2b74ec542b62e74e7cad1,2019-10-06,75.8,71871.3,0.0,0.0,7686.6,7.1,522.8,6.9,14728.8,188.8,14451.9,39.8,54.0,6.1,12815.5,2.2,23:26:51,01:13:26,06:49:08,01:28:12,1,1,0.0,0.0,0.0,0.0
12f90c19f2c2b74ec542b62e74e7cad1,2019-10-17,414.8,72071.8,0.0,0.0,2557.4,2.1,186.9,7.5,15931.8,158.3,13912.4,14.8,18.3,2.6,11149.9,2.3,22:46:51,01:18:33,06:49:08,02:01:30,1,1,0.0,0.0,0.0,0.0
12f90c19f2c2b74ec542b62e74e7cad1,2019-10-19,1747.6,71247.4,0.0,0.0,909.8,1.1,109.1,7.2,15326.3,143.6,13403.9,9.5,10.7,1.3,10681.9,2.1,23:05:08,01:33:02,06:48:00,01:46:05,0,1,0.0,0.0,0.0,0.0
12f90c19f2c2b74ec542b62e74e7cad1,2019-10-26,2647.9,69375.7,0.0,0.0,0.0,0.0,0.0,7.1,14883.8,140.6,14375.4,0.0,0.0,0.0,10599.4,1.5,23:17:42,01:15:26,06:54:51,01:43:35,0,1,0.0,0.0,0.0,0.0
12f90c19f2c2b74ec542b62e74e7cad1,2019-10-28,2456.7,69691.1,0.0,0.0,0.0,0.0,0.0,7.8,14472.1,144.9,14251.1,0.0,0.0,0.0,10564.4,1.1,23:15:25,01:12:06,07:36:00,00:45:57,1,1,0.0,0.0,0.0,0.0
12f90c19f2c2b74ec542b62e74e7cad1,2019-11-08,575.4,72648.9,0.0,0.0,0.0,0.0,0.0,7.8,13390.8,139.4,13174.7,0.0,0.0,0.0,11057.3,1.6,23:32:34,01:37:46,07:48:34,00:54:14,0,0,0.0,0.0,0.0,0.0
12f90c19f2c2b74ec542b62e74e7cad1,2019-11-15,2249.5,70340.7,0.0,0.0,0.0,0.0,0.0,7.2,13526.6,133.4,13808.8,0.0,0.0,0.0,10918.1,2.0,00:00:00,02:13:10,07:42:51,01:23:14,0,1,0.0,0.0,0.0,0.0
12f90c19f2c2b74ec542b62e74e7cad1,2019-11-20,2299.9,70217.6,0.0,0.0,0.0,0.0,0.0,7.8,14405.1,133.1,13881.5,0.0,0.0,0.0,11061.8,1.9,23:25:42,01:56:36,07:47:25,01:21:37,0,1,0.0,0.0,0.0,0.0
12f90c19f2c2b74ec542b62e74e7cad1,2019-11-30,4343.0,67458.9,0.0,0.0,0.0,0.0,0.0,7.4,15800.1,135.7,14597.1,0.0,0.0,0.0,7947.5,2.7,23:33:42,02:44:54,07:28:00,01:40:17,0,0,0.0,0.0,0.0,0.0
12f90c19f2c2b74ec542b62e74e7cad1,2019-12-02,6308.7,65753.0,0.0,0.0,0.0,0.0,0.0,7.5,16645.3,133.5,14337.3,0.0,0.0,0.0,6982.3,2.7,23:29:08,02:45:26,07:26:51,01:42:21,0,0,0.0,0.0,0.0,0.0
12f90c19f2c2b74ec542b62e74e7cad1,2019-12-23,8114.3,68013.7,0.0,0.0,0.0,0.0,0.0,11.5,6863.6,80.7,10271.0,0.0,0.0,0.0,5176.0,6.0,22:05:20,02:21:44,10:18:40,05:03:40,0,0,0.0,0.0,0.0,0.0
12f90c19f2c2b74ec542b62e74e7cad1,2020-01-01,5261.8,66256.1,0.0,0.0,0.0,0.0,0.0,7.1,16979.1,146.6,14881.2,0.0,0.0,0.0,4466.3,2.5,23:01:20,01:58:21,06:33:20,02:06:44,0,0,0.0,0.0,0.0,0.0
12f90c19f2c2b74ec542b62e74e7cad1,2020-01-07,3489.0,68301.5,0.0,0.0,0.0,0.0,0.0,7.0,19024.6,185.9,14608.5,0.0,0.0,0.0,5785.2,2.0,23:37:08,01:48:58,07:06:17,01:52:44,0,0,0.0,0.0,0.0,0.0
12f90c19f2c2b74ec542b62e74e7cad1,2020-01-12,2067.0,70557.4,0.0,0.0,0.0,0.0,0.0,7.4,16107.0,174.5,13774.6,0.0,0.0,0.0,8623.1,1.7,23:57:42,01:39:42,07:53:08,01:01:53,0,1,0.0,0.0,0.0,0.0
12f90c19f2c2b74ec542b62e74e7cad1,2020-01-17,1216.6,72648.8,0.0,0.0,0.0,0.0,0.0,7.6,12433.8,154.6,12533.6,0.0,0.0,0.0,11010.0,1.1,23:45:08,01:09:20,07:48:34,00:48:32,0,0,0.0,0.0,0.0,0.0
12f90c19f2c2b74ec542b62e74e7cad1,2020-01-18,145.7,74221.6,0.0,0.0,0.0,0.0,0.0,7.8,12534.5,151.4,12031.7,0.0,0.0,0.0,11082.1,1.1,23:30:17,01:09:42,07:48:34,00:48:32,0,1,0.0,0.0,0.0,0.0
12f90c19f2c2b74ec542b62e74e7cad1,2020-01-23,172.9,74951.4,0.0,0.0,0.0,0.0,0.0,7.5,10814.3,139.6,11274.7,0.0,0.0,0.0,11109.2,1.5,23:44:00,01:59:25,07:42:51,01:40:33,1,1,0.0,0.0,0.0,0.0
12f90c19f2c2b74ec542b62e74e7cad1,2020-01-27,134.3,74930.4,0.0,0.0,0.0,0.0,0.0,7.5,11917.5,146.4,11334.3,0.0,0.0,0.0,11092.1,2.0,23:18:51,02:07:14,07:18:51,02:13:08,1,1,0.0,0.0,0.0,0.0
12f90c19f2c2b74ec542b62e74e7cad1,2020-02-01,884.1,72614.4,0.0,0.0,0.0,0.0,0.0,7.2,12388.3,155.3,12900.6,0.0,0.0,0.0,11473.9,2.1,23:22:17,01:58:54,07:06:17,02:24:04,0,0,0.0,0.0,0.0,0.0
12f90c19f2c2b74ec542b62e74e7cad1,2020-02-04,926.3,71652.1,0.0,0.0,0.0,0.0,0.0,7.0,13389.4,159.2,13820.6,0.0,0.0,0.0,12012.9,2.0,23:09:42,01:06:45,06:40:00,01:51:30,1,1,0.0,0.0,0.0,0.0
12f90c19f2c2b74ec542b62e74e7cad1,2020-02-14,594.1,71302.1,0.0,0.0,0.0,0.0,0.0,7.9,14056.0,158.0,14502.8,0.0,0.0,0.0,16318.4,1.3,23:36:00,01:05:37,07:58:51,00:45:02,0,1,0.0,0.0,0.0,0.0
12f90c19f2c2b74ec542b62e74e7cad1,2020-02-16,108.6,72598.1,0.0,0.0,0.0,0.0,0.0,8.2,13718.8,155.6,13692.2,0.0,0.0,0.0,17285.7,1.3,23:28:00,01:05:58,08:12:34,00:47:18,0,1,0.0,0.0,0.0,0.0
12f90c19f2c2b74ec542b62e74e7cad1,2020-02-20,176.5,72118.6,0.0,0.0,0.0,0.0,0.0,8.4,14760.2,161.3,14103.9,0.0,0.0,0.0,20134.9,1.1,23:23:25,00:55:14,08:21:42,00:43:51,0,1,0.0,0.0,0.0,0.0
12f90c19f2c2b74ec542b62e74e7cad1,2020-02-25,142.0,72673.9,0.0,0.0,0.0,0.0,0.0,8.6,14217.1,154.1,13583.1,0.0,0.0,0.0,22449.7,0.9,23:01:42,00:59:07,08:14:51,00:39:52,0,0,0.0,0.0,0.0,0.0
12f90c19f2c2b74ec542b62e74e7cad1,2020-02-27,202.3,71742.8,0.0,0.0,0.0,0.0,0.0,8.2,14599.4,158.5,14453.9,0.0,0.0,0.0,23099.5,1.2,23:23:25,01:03:32,08:10:17,00:43:26,0,0,0.0,0.0,0.0,0.0
12f90c19f2c2b74ec542b62e74e7cad1,2020-02-29,654.4,69612.2,0.0,0.0,0.0,0.0,0.0,7.8,13852.6,153.9,16132.4,0.0,0.0,0.0,23578.3,1.2,23:40:34,01:11:20,08:00:00,00:36:47,0,1,0.0,0.0,0.0,0.0
12f90c19f2c2b74ec542b62e74e7cad1,2020-03-01,738.6,69869.4,0.0,0.0,0.0,0.0,0.0,7.7,13991.7,152.4,15791.1,0.0,0.0,0.0,22759.1,1.2,23:48:34,01:12:10,08:02:17,00:38:39,0,1,0.0,0.0,0.0,0.0
12f90c19f2c2b74ec542b62e74e7cad1,2020-03-09,817.5,69290.9,0.0,0.0,0.0,0.0,0.0,7.1,13093.3,158.8,16290.6,0.0,0.0,0.0,16341.3,1.6,00:27:25,01:37:24,08:03:25,01:09:15,0,1,0.0,0.0,0.0,0.0
12f90c19f2c2b74ec542b62e74e7cad1,2020-03-15,1709.9,69499.7,0.0,0.0,0.0,0.0,0.0,7.3,13367.5,151.8,15189.4,0.0,0.0,0.0,11457.6,2.2,00:06:51,01:51:47,07:56:34,02:05:25,0,0,0.0,0.0,0.0,0.0
12f90c19f2c2b74ec542b62e74e7cad1,2020-03-19,3123.0,68846.0,0.0,0.0,0.0,0.0,0.0,7.5,15210.0,134.4,14430.0,0.0,0.0,0.0,9273.4,2.1,00:12:34,01:45:28,08:12:34,02:03:39,1,1,0.0,0.0,0.0,0.0
12f90c19f2c2b74ec542b62e74e7cad1,2020-04-04,1711.8,70080.8,0.0,0.0,6235.2,0.8,1337612.8,8.9,12213.2,90.4,14606.4,35.7,0.0,0.0,6686.5,2.2,23:29:08,01:42:31,09:00:34,01:14:06,0,0,0.0,0.0,0.0,0.0
12f90c19f2c2b74ec542b62e74e7cad1,2020-04-09,1492.8,70449.2,0.0,0.0,6235.2,0.8,1337612.8,8.8,13608.9,100.4,14457.0,35.7,0.0,0.0,7860.8,2.1,23:13:08,01:33:46,08:36:34,01:41:48,0,0,0.0,0.0,0.0,0.0
12f90c19f2c2b74ec542b62e74e7cad1,2020-04-15,1641.9,71011.0,0.0,0.0,1999.1,0.2,382174.7,8.9,14384.8,114.4,13746.1,14.3,0.0,0.0,8950.1,1.1,23:05:08,01:21:31,08:36:34,01:25:36,0,0,0.0,0.0,0.0,0.0
12f90c19f2c2b74ec542b62e74e7cad1,2020-04-16,1616.4,70790.6,0.0,0.0,1447.9,0.1,191087.4,8.9,14232.6,113.1,13992.0,7.1,0.0,0.0,9141.9,1.1,23:09:42,01:17:10,08:41:08,01:26:06,0,0,0.0,0.0,0.0,0.0
12f90c19f2c2b74ec542b62e74e7cad1,2020-04-18,2194.4,70182.4,0.0,0.0,0.0,0.0,0.0,8.8,15830.5,118.0,14022.2,0.0,0.0,0.0,8989.7,1.3,22:50:17,01:15:55,08:11:25,01:47:54,0,0,0.0,0.0,0.0,0.0
12f90c19f2c2b74ec542b62e74e7cad1,2020-04-24,2599.4,70908.9,0.0,0.0,0.0,0.0,0.0,8.6,16233.9,122.0,12890.8,0.0,0.0,0.0,8492.5,1.4,23:24:34,01:48:22,08:36:34,01:44:28,0,0,0.0,0.0,0.0,0.0
12f90c19f2c2b74ec542b62e74e7cad1,2020-04-26,3048.9,70431.1,0.0,0.0,0.0,0.0,0.0,8.8,16416.0,126.4,12919.0,0.0,0.0,0.0,8759.6,1.3,23:09:42,01:36:21,08:32:00,01:37:19,0,0,0.0,0.0,0.0,0.0
12f90c19f2c2b74ec542b62e74e7cad1,2020-05-11,1522.0,71362.5,0.0,0.0,0.0,0.0,0.0,8.7,16809.7,131.1,13514.5,0.0,0.0,0.0,7510.3,1.1,23:33:42,01:38:11,08:52:34,00:36:59,0,0,0.0,0.0,0.0,0.0
12f90c19f2c2b74ec542b62e74e7cad1,2020-05-19,1813.9,70272.4,0.0,0.0,0.0,0.0,0.0,8.2,15985.5,120.4,14312.7,0.0,0.0,0.0,8446.5,1.3,23:16:34,01:22:47,08:02:17,01:36:43,0,0,0.0,0.0,0.0,0.0
12f90c19f2c2b74ec542b62e74e7cad1,2020-05-23,4428.8,68121.2,0.0,0.0,0.0,0.0,0.0,8.4,16048.9,119.2,13849.0,0.0,0.0,0.0,9192.6,1.3,22:50:17,01:16:38,07:46:17,01:36:32,0,0,0.0,0.0,0.0,0.0
12f90c19f2c2b74ec542b62e74e7cad1,2020-05-27,5167.1,66411.6,0.0,0.0,0.0,0.0,0.0,8.2,17637.0,127.2,14820.3,0.0,0.0,0.0,9404.1,1.5,22:34:17,01:15:40,07:21:08,01:27:59,0,0,0.0,0.0,0.0,0.0
12f90c19f2c2b74ec542b62e74e7cad1,2020-05-29,5142.0,66668.8,0.0,0.0,0.0,0.0,0.0,8.4,18175.4,130.1,14588.2,0.0,0.0,0.0,9033.1,1.5,22:36:34,01:18:11,07:33:42,01:18:59,0,1,0.0,0.0,0.0,0.0
12f90c19f2c2b74ec542b62e74e7cad1,2020-05-30,5534.9,67352.4,0.0,0.0,0.0,0.0,0.0,8.4,18434.8,130.5,13511.7,0.0,0.0,0.0,8784.6,1.5,22:24:00,01:03:42,07:21:08,01:03:20,0,1,0.0,0.0,0.0,0.0
12f90c19f2c2b74ec542b62e74e7cad1,2020-06-12,6461.1,69057.8,0.0,0.0,0.0,0.0,0.0,8.3,14686.2,114.9,10880.1,0.0,0.0,0.0,6373.8,2.3,22:20:34,01:43:43,07:13:08,01:58:25,0,1,0.0,0.0,0.0,0.0
12f90c19f2c2b74ec542b62e74e7cad1,2020-06-16,6977.6,68133.6,0.0,0.0,0.0,0.0,0.0,8.6,13306.0,119.3,11287.8,0.0,0.0,0.0,7374.8,1.9,21:57:42,00:48:58,07:08:34,01:44:04,0,0,0.0,0.0,0.0,0.0
12f90c19f2c2b74ec542b62e74e7cad1,2020-06-26,5355.7,68994.8,0.0,0.0,0.0,0.0,0.0,8.8,14104.9,129.9,12048.5,0.0,0.0,0.0,9406.1,0.7,22:13:42,00:57:52,07:38:17,00:55:37,0,1,0.0,0.0,0.0,0.0
12f90c19f2c2b74ec542b62e74e7cad1,2020-07-02,3777.8,72091.8,0.0,0.0,0.0,0.0,0.0,8.7,16519.7,142.6,10529.4,0.0,0.0,0.0,8274.6,1.1,22:21:42,01:16:27,07:37:08,00:48:38,1,1,0.0,0.0,0.0,0.0
12f90c19f2c2b74ec542b62e74e7cad1,2020-07-03,4310.5,71445.1,0.0,0.0,0.0,0.0,0.0,8.7,16925.6,146.8,10643.4,0.0,0.0,0.0,8500.9,1.1,22:11:25,01:14:21,07:30:17,00:42:16,0,1,0.0,0.0,0.0,0.0
12f90c19f2c2b74ec542b62e74e7cad1,2020-07-08,4408.6,71633.9,0.0,0.0,0.0,0.0,0.0,8.3,17668.4,151.4,10356.6,0.0,0.0,0.0,7994.6,1.5,22:13:42,01:11:27,07:02:51,01:10:58,1,1,0.0,0.0,0.0,0.0
12f90c19f2c2b74ec542b62e74e7cad1,2020-07-13,3811.6,72566.9,0.0,0.0,0.0,0.0,0.0,8.5,16063.4,147.5,10020.4,0.0,0.0,0.0,7978.0,1.5,22:10:17,00:38:39,07:16:34,01:15:23,0,1,0.0,0.0,0.0,0.0
12f90c19f2c2b74ec542b62e74e7cad1,2020-07-18,2840.0,72965.6,0.0,0.0,0.0,0.0,0.0,8.4,15932.3,151.5,10593.4,0.0,0.0,0.0,7832.6,1.6,22:27:25,00:24:19,07:24:34,01:35:16,0,1,0.0,0.0,0.0,0.0
12f90c19f2c2b74ec542b62e74e7cad1,2020-07-24,2407.3,71059.4,0.0,0.0,0.0,0.0,0.0,8.4,19866.8,188.1,12932.3,0.0,0.0,0.0,8315.2,1.6,22:27:25,00:32:06,07:23:25,01:34:55,0,1,0.0,0.0,0.0,0.0
12f90c19f2c2b74ec542b62e74e7cad1,2020-07-29,2315.4,70152.1,0.0,0.0,0.0,0.0,0.0,8.0,18919.5,178.7,13931.5,0.0,0.0,0.0,8260.8,1.6,22:17:08,00:30:39,06:49:08,01:42:02,1,1,0.0,0.0,0.0,0.0
12f90c19f2c2b74ec542b62e74e7cad1,2020-07-31,2639.9,69812.6,0.0,0.0,0.0,0.0,0.0,8.1,18606.0,185.2,13946.5,0.0,0.0,0.0,8816.9,1.6,22:08:00,00:46:50,06:44:34,01:42:52,0,1,0.0,0.0,0.0,0.0
12f90c19f2c2b74ec542b62e74e7cad1,2020-08-07,4943.3,69458.4,0.0,0.0,0.0,0.0,0.0,8.1,17667.1,174.9,11997.3,0.0,0.0,0.0,8357.6,1.1,22:09:08,00:48:55,06:44:34,01:07:27,1,1,0.0,0.0,0.0,0.0
12f90c19f2c2b74ec542b62e74e7cad1,2020-10-08,962.1,70006.1,0.0,0.0,0.0,0.0,0.0,6.2,14317.8,130.7,15430.8,0.0,0.0,0.0,12735.9,1.9,00:27:25,01:54:39,07:06:17,00:53:16,0,1,0.0,0.0,0.0,0.0
12f90c19f2c2b74ec542b62e74e7cad1,2020-10-15,906.8,72334.1,0.0,0.0,0.0,0.0,0.0,6.1,18672.1,193.4,13158.1,0.0,0.0,0.0,11167.2,1.5,00:49:08,01:46:23,07:21:08,01:21:04,1,1,0.0,0.0,0.0,0.0
12f90c19f2c2b74ec542b62e74e7cad1,2020-10-24,1077.5,72529.1,0.0,0.0,0.0,0.0,0.0,6.3,15516.8,176.1,12792.4,0.0,0.0,0.0,10619.2,1.6,00:24:00,01:34:13,07:08:34,02:02:37,0,0,0.0,0.0,0.0,0.0
12f90c19f2c2b74ec542b62e74e7cad1,2020-10-31,754.9,72904.5,0.0,0.0,0.0,0.0,0.0,6.9,14462.1,150.9,12739.6,0.0,0.0,0.0,11062.1,2.0,23:04:00,01:30:51,06:26:17,01:32:28,0,1,0.0,0.0,0.0,0.0
12f90c19f2c2b74ec542b62e74e7cad1,2020-11-07,480.1,73054.0,0.0,0.0,0.0,0.0,0.0,7.5,14959.6,148.9,12864.9,0.0,0.0,0.0,11340.9,1.7,22:59:25,01:45:07,06:58:17,00:55:22,0,0,0.0,0.0,0.0,0.0
12f90c19f2c2b74ec542b62e74e7cad1,2020-11-13,537.9,72879.3,0.0,0.0,0.0,0.0,0.0,6.9,17138.7,150.6,12981.9,0.0,0.0,0.0,11337.6,2.0,23:39:25,01:59:11,06:59:25,01:16:46,0,1,0.0,0.0,0.0,0.0
12f90c19f2c2b74ec542b62e74e7cad1,2020-11-17,423.6,73498.7,0.0,0.0,0.0,0.0,0.0,6.6,17644.0,139.2,12476.7,0.0,0.0,0.0,11006.6,1.6,23:20:00,01:50:28,06:24:00,01:49:31,0,1,0.0,0.0,0.0,0.0
12f90c19f2c2b74ec542b62e74e7cad1,2020-11-24,3814.3,69787.4,0.0,0.0,0.0,0.0,0.0,7.1,15686.7,118.6,12797.3,0.0,0.0,0.0,9724.6,2.2,23:09:42,02:06:23,06:43:25,01:53:38,0,1,0.0,0.0,0.0,0.0
12f90c19f2c2b74ec542b62e74e7cad1,2020-12-03,4458.9,68758.4,0.0,0.0,0.0,0.0,0.0,8.2,16995.4,106.8,13181.7,0.0,0.0,0.0,8364.1,1.8,22:42:17,01:47:59,07:24:34,01:06:34,0,1,0.0,0.0,0.0,0.0
12f90c19f2c2b74ec542b62e74e7cad1,2020-12-05,3531.9,69372.5,0.0,0.0,0.4,0.0,0.0,8.3,17444.4,107.1,13494.6,0.0,0.0,0.0,8572.2,1.9,22:28:34,01:55:17,07:18:51,01:08:20,0,0,0.0,0.0,0.0,0.0
12f90c19f2c2b74ec542b62e74e7cad1,2020-12-06,3348.4,69344.6,0.0,0.0,0.4,0.0,0.0,7.8,17945.6,113.5,13706.0,0.0,0.0,0.0,8054.6,1.8,22:56:00,02:02:09,07:14:17,01:04:14,0,0,0.0,0.0,0.0,0.0
12f90c19f2c2b74ec542b62e74e7cad1,2020-12-13,2046.4,72096.3,0.0,0.0,0.4,0.0,0.0,7.6,18141.4,127.6,12256.3,0.0,0.0,0.0,6783.5,1.7,22:32:00,01:34:01,06:38:51,01:11:40,0,1,0.0,0.0,0.0,0.0
12f90c19f2c2b74ec542b62e74e7cad1,2020-12-21,1988.7,73731.1,0.0,0.0,0.0,0.0,0.0,7.8,16807.0,125.6,10679.2,0.0,0.0,0.0,5797.9,1.5,22:21:42,01:26:20,06:37:42,00:22:30,0,1,0.0,0.0,0.0,0.0
12f90c19f2c2b74ec542b62e74e7cad1,2020-12-26,2719.7,73520.6,0.0,0.0,1.0,0.0,0.0,7.0,14124.7,101.9,10158.7,0.0,0.0,0.0,5546.0,2.1,21:56:34,01:57:01,05:26:51,01:57:50,0,0,0.0,0.0,0.0,0.0
12f90c19f2c2b74ec542b62e74e7cad1,2020-12-30,4106.6,72121.2,0.0,0.0,1.0,0.0,0.0,6.7,14209.7,93.1,10171.1,0.0,0.0,0.0,4877.9,2.4,21:38:17,01:30:40,04:48:00,02:23:52,0,0,0.0,0.0,0.0,0.0
12f90c19f2c2b74ec542b62e74e7cad1,2021-02-04,3853.6,72749.0,0.0,0.0,2.4,0.0,0.0,8.8,14055.0,117.0,9796.4,0.0,0.0,0.0,6733.0,1.2,22:19:25,00:55:34,07:39:25,00:47:46,0,1,0.0,0.0,0.0,0.0
12f90c19f2c2b74ec542b62e74e7cad1,2021-02-09,2256.9,72360.4,0.0,0.0,701.3,0.0,0.0,8.7,14605.4,119.6,11781.6,0.0,0.0,0.0,7662.0,1.7,22:09:08,00:49:18,07:26:51,01:34:56,0,1,0.0,0.0,0.0,0.0
12f90c19f2c2b74ec542b62e74e7cad1,2021-02-16,4392.0,68268.1,0.0,0.0,698.9,0.0,0.0,7.8,17672.9,136.0,13738.9,0.0,0.0,0.0,7824.1,2.0,23:12:00,01:49:41,07:31:25,02:01:16,0,0,0.0,0.0,0.0,0.0
12f90c19f2c2b74ec542b62e74e7cad1,2021-02-24,7059.4,65961.6,0.0,0.0,0.0,0.0,0.0,7.1,19436.3,139.6,13378.0,0.0,0.0,0.0,6891.2,1.9,23:23:25,01:51:15,06:56:00,02:06:07,1,1,0.0,0.0,0.0,0.0
12f90c19f2c2b74ec542b62e74e7cad1,2021-02-27,5494.0,68031.9,0.0,0.0,0.0,0.1,191087.6,7.1,19549.9,134.6,12873.1,0.0,0.0,0.0,6573.4,1.9,23:26:51,01:30:36,06:58:17,02:01:49,0,1,0.0,0.0,0.0,0.0
12f90c19f2c2b74ec542b62e74e7cad1,2021-02-28,5549.9,68160.8,0.0,0.0,0.0,0.1,191087.6,7.0,19567.2,133.4,12688.4,0.0,0.0,0.0,6470.5,1.9,23:18:51,01:32:15,06:49:08,01:55:29,1,1,0.0,0.0,0.0,0.0
12f90c19f2c2b74ec542b62e74e7cad1,2021-03-07,4796.2,69967.2,0.0,0.0,0.0,0.1,191087.6,7.5,16577.1,117.6,11635.6,0.0,0.0,0.0,6543.1,2.0,23:34:51,01:59:23,07:32:34,01:30:59,1,1,0.0,0.0,0.0,0.0
12f90c19f2c2b74ec542b62e74e7cad1,2021-03-12,3310.8,70654.1,0.0,0.0,0.0,0.1,191087.6,7.8,17011.5,119.1,12434.1,0.0,0.0,0.0,6486.4,2.1,23:54:17,02:11:36,08:11:25,01:15:52,1,1,0.0,0.0,0.0,0.0
12f90c19f2c2b74ec542b62e74e7cad1,2021-03-13,3214.7,70512.9,0.0,0.0,0.0,0.1,191087.9,7.9,16859.3,118.2,12671.5,0.0,0.0,0.0,6431.9,1.9,23:46:17,02:06:32,08:13:42,01:15:00,0,0,0.0,0.0,0.0,0.0
12f90c19f2c2b74ec542b62e74e7cad1,2021-03-20,2652.4,69684.7,0.0,0.0,0.0,0.1,191087.9,7.8,16263.3,104.4,14061.9,0.0,0.0,0.0,6332.4,2.1,00:09:08,02:28:27,08:26:17,01:03:53,0,0,0.0,0.0,0.0,0.0
12f90c19f2c2b74ec542b62e74e7cad1,2021-03-27,4462.7,69206.8,0.0,0.0,0.0,0.1,191087.2,7.5,16249.0,101.4,12729.5,0.0,0.0,0.0,6457.6,2.7,23:14:17,02:30:19,07:16:34,02:42:05,0,0,0.0,0.0,0.0,0.0
12f90c19f2c2b74ec542b62e74e7cad1,2021-04-01,12112.9,62627.5,0.0,0.0,0.0,0.1,191087.2,7.5,17087.9,120.6,11658.6,0.0,0.0,0.0,7062.8,2.7,22:49:08,01:55:10,06:50:17,03:10:54,1,1,0.0,0.0,0.0,0.0
12f90c19f2c2b74ec542b62e74e7cad1,2021-04-06,11979.9,62736.6,0.0,0.0,0.0,0.1,191087.2,7.5,17628.2,131.1,11682.6,0.0,0.0,0.0,8133.1,1.8,22:30:51,01:06:59,06:33:08,02:17:11,1,1,0.0,0.0,0.0,0.0
12f90c19f2c2b74ec542b62e74e7cad1,2021-04-14,4042.3,70058.2,0.0,0.0,0.0,0.0,0.0,7.7,16223.0,146.1,12298.5,0.0,0.0,0.0,9012.2,1.9,23:53:08,03:20:27,08:06:51,01:40:03,1,1,0.0,0.0,0.0,0.0
12f90c19f2c2b74ec542b62e74e7cad1,2021-04-23,5126.6,69584.3,0.0,0.0,0.0,0.0,0.0,6.9,16832.5,153.1,11688.2,0.0,0.0,0.0,9613.8,2.7,01:10:51,03:58:22,08:34:17,01:36:43,1,1,0.0,0.0,0.0,0.0
12f90c19f2c2b74ec542b62e74e7cad1,2021-04-29,4250.3,70188.8,0.0,0.0,0.0,0.0,0.0,6.9,17253.1,146.9,11960.0,0.0,0.0,0.0,9212.8,2.6,00:21:42,02:56:03,07:41:42,02:16:08,0,1,0.0,0.0,0.0,0.0
12f90c19f2c2b74ec542b62e74e7cad1,2021-05-06,3548.1,70803.9,0.0,0.0,640.8,0.0,0.0,7.2,16093.3,145.2,12046.9,0.0,0.0,0.0,9967.4,2.7,23:10:51,02:22:23,06:50:17,02:28:04,0,1,0.0,0.0,0.0,0.0
12f90c19f2c2b74ec542b62e74e7cad1,2021-05-09,3647.1,71322.4,0.0,0.0,640.8,0.0,0.0,7.1,16721.2,144.6,11429.4,0.0,0.0,0.0,9414.8,2.8,22:51:25,02:09:28,06:25:08,02:27:04,1,1,0.0,0.0,0.0,0.0
12f90c19f2c2b74ec542b62e74e7cad1,2021-05-14,3892.7,70635.9,0.0,0.0,640.8,0.0,0.0,6.8,17468.3,153.9,11870.4,0.0,0.0,0.0,9373.0,2.0,23:53:08,02:06:05,07:06:17,01:47:56,1,1,0.0,0.0,0.0,0.0
12f90c19f2c2b74ec542b62e74e7cad1,2021-05-17,4014.6,69862.8,0.0,0.0,12.9,0.0,0.0,6.6,18502.7,153.5,12521.6,0.0,0.0,0.0,9855.8,2.1,23:58:51,01:56:42,06:58:17,01:38:36,0,0,0.0,0.0,0.0,0.0
12f90c19f2c2b74ec542b62e74e7cad1,2021-05-29,6144.7,64168.0,0.0,0.0,0.0,0.1,42.9,6.6,16057.9,142.3,16086.4,0.0,0.0,0.0,13167.0,2.5,23:24:34,03:05:37,08:11:25,03:49:02,0,0,0.0,0.0,0.0,0.0
12f90c19f2c2b74ec542b62e74e7cad1,2021-06-03,5952.3,65669.1,0.0,0.0,0.0,0.1,42.9,7.3,13135.4,130.9,14777.7,0.0,0.0,0.0,10867.4,2.4,23:23:25,02:53:44,08:56:00,03:31:43,1,1,0.0,0.0,0.0,0.0
12f90c19f2c2b74ec542b62e74e7cad1,2021-06-04,6292.9,64933.7,0.0,0.0,0.0,0.1,42.9,7.4,12782.0,134.5,15172.4,0.0,0.0,0.0,10929.9,2.4,23:21:08,02:52:49,08:58:17,03:31:27,1,1,0.0,0.0,0.0,0.0
12f90c19f2c2b74ec542b62e74e7cad1,2021-06-06,5445.6,66154.9,0.0,0.0,1350.1,0.0,0.0,7.6,12697.8,132.6,14798.5,0.0,0.0,0.0,10478.6,2.2,23:22:17,02:40:11,09:10:51,03:31:01,1,1,0.0,0.0,0.0,0.0
12f90c19f2c2b74ec542b62e74e7cad1,2021-06-15,11540.2,63000.4,0.0,0.0,37195.5,0.0,0.0,8.2,15041.7,132.5,11858.4,0.0,0.0,0.0,8650.0,2.7,23:39:25,02:10:44,08:22:51,02:20:37,0,0,0.0,0.0,0.0,0.0
12f90c19f2c2b74ec542b62e74e7cad1,2021-06-26,4912.3,72606.9,0.0,0.0,199.0,0.0,0.0,7.6,15285.1,98.1,8879.9,0.0,0.0,0.0,6506.3,2.3,21:57:42,00:55:37,07:44:00,04:29:09,0,0,0.0,0.0,0.0,0.0
12f90c19f2c2b74ec542b62e74e7cad1,2021-07-02,4966.1,72755.3,0.0,0.0,199.0,0.0,0.0,7.0,15531.7,101.2,8677.6,0.0,0.0,0.0,6244.1,2.5,22:05:42,00:55:42,07:16:34,04:46:45,0,0,0.0,0.0,0.0,0.0
12f90c19f2c2b74ec542b62e74e7cad1,2021-07-07,4083.4,73171.8,0.0,0.0,199.0,0.0,0.0,7.4,14602.8,102.4,9143.9,0.0,0.0,0.0,7469.6,2.2,22:43:25,01:57:26,06:34:17,02:05:20,0,0,0.0,0.0,0.0,0.0
12f90c19f2c2b74ec542b62e74e7cad1,2021-07-09,5065.6,71764.9,0.0,0.0,199.0,0.0,0.0,7.2,14995.7,111.5,9568.4,0.0,0.0,0.0,8082.9,2.2,22:41:08,02:00:15,06:20:34,02:23:38,1,1,0.0,0.0,0.0,0.0
12f90c19f2c2b74ec542b62e74e7cad1,2021-07-12,5074.1,71248.4,0.0,0.0,0.0,0.0,0.0,6.6,14942.5,114.1,10076.6,0.0,0.0,0.0,8384.6,1.6,23:23:25,02:16:45,06:28:34,01:56:14,0,0,0.0,0.0,0.0,0.0
12f90c19f2c2b74ec542b62e74e7cad1,2021-08-06,4871.7,71312.0,0.0,0.0,0.0,0.0,0.0,8.8,14365.8,115.4,10215.3,0.0,0.0,0.0,6430.8,1.7,21:12:00,00:56:19,06:37:42,02:03:37,0,0,0.0,0.0,0.0,0.0
12f90c19f2c2b74ec542b62e74e7cad1,2021-08-14,5950.4,68935.8,0.0,0.0,0.0,0.0,0.0,8.8,13589.7,110.7,11512.9,0.0,0.0,0.0,6880.1,1.9,21:25:42,01:00:03,06:50:17,02:21:30,0,0,0.0,0.0,0.0,0.0
12f90c19f2c2b74ec542b62e74e7cad1,2021-08-15,5897.4,68922.5,0.0,0.0,1.5,0.0,0.0,8.8,13457.4,110.2,11579.1,0.0,0.0,0.0,6860.6,1.9,21:26:51,00:59:46,06:52:34,02:22:06,0,0,0.0,0.0,0.0,0.0
12f90c19f2c2b74ec542b62e74e7cad1,2021-08-20,7678.6,67562.4,0.0,0.0,1.5,0.0,0.0,8.0,13149.0,107.3,11158.0,0.0,0.0,0.0,6101.4,1.9,21:48:34,01:16:03,06:22:51,02:19:32,1,1,0.0,0.0,0.0,0.0
13789d5f8a59f1e347e42b99233530d6,2017-12-14,0.0,75347.0,70.0,0.5,285.5,1.0,216.0,15.0,885.1,2.0,11052.0,0.0,16.6,33.4,5663.5,12.4,22:56:00,02:56:00,14:56:00,06:24:00,0,1,0.0,0.0,0.0,0.0
13789d5f8a59f1e347e42b99233530d6,2017-12-15,0.0,73592.7,2293.3,2.3,1179.0,1.3,288.3,11.8,7553.4,14.7,12806.3,0.0,22.8,43.9,5327.0,10.3,00:10:40,02:58:19,12:48:00,06:02:02,0,0,0.0,0.0,0.0,0.0
13789d5f8a59f1e347e42b99233530d6,2017-12-17,4130.6,68646.2,4090.4,7.0,90878.0,2.6,71569.6,9.7,10139.5,28.2,13622.2,3.6,15.9,60.5,6482.8,7.9,00:51:12,02:27:07,11:12:00,05:04:15,0,0,0.0,0.0,0.0,0.0
13789d5f8a59f1e347e42b99233530d6,2018-01-16,0.0,77714.0,1120.5,2.5,1053.0,1.5,318.5,15.5,1934.1,4.5,8685.0,0.0,30.0,20.0,9836.0,10.3,22:24:00,02:24:00,14:56:00,05:20:00,1,1,0.0,0.0,0.0,0.0
13789d5f8a59f1e347e42b99233530d6,2018-01-17,0.0,73986.7,3268.7,7.3,2423.3,4.0,417.7,12.2,4909.4,19.7,12412.3,15.9,34.3,16.5,10973.0,9.3,23:33:20,02:33:05,12:32:00,05:31:16,0,0,0.0,0.0,0.0,0.0
13789d5f8a59f1e347e42b99233530d6,2018-01-24,650.0,70027.4,9279.7,11.7,30494.3,6.0,21651.9,8.3,8391.2,46.0,15721.6,46.8,30.7,12.5,10071.0,5.2,01:20:00,02:03:56,10:09:36,03:46:05,0,0,0.0,0.0,0.0,0.0
13789d5f8a59f1e347e42b99233530d6,2018-01-27,500.0,69938.2,10340.1,12.2,24637.8,6.2,16817.2,7.8,8883.1,47.2,15960.8,51.3,28.4,12.6,10202.8,4.7,01:37:13,02:00:37,09:53:13,03:30:09,1,1,0.0,0.0,0.0,0.0
13789d5f8a59f1e347e42b99233530d6,2018-01-31,464.3,68954.9,11805.6,13.6,23675.0,6.9,15691.6,6.3,9393.9,60.1,16979.8,58.7,28.5,12.8,9752.4,1.3,02:26:17,01:18:21,09:07:25,01:53:00,1,1,0.0,0.0,0.0,0.0
13789d5f8a59f1e347e42b99233530d6,2018-02-03,458.6,68726.6,10337.5,13.2,23945.0,6.3,16902.1,6.3,9765.4,61.8,17213.8,62.2,28.3,9.5,9543.0,1.4,02:42:17,01:15:29,09:23:25,01:49:23,0,1,0.0,0.0,0.0,0.0
13789d5f8a59f1e347e42b99233530d6,2018-02-05,147.4,68497.6,9695.1,12.7,15269.9,6.4,9214.3,6.1,9797.6,64.4,17753.9,60.6,28.4,11.0,9831.9,1.2,02:44:34,01:14:39,09:12:00,01:36:42,0,0,0.0,0.0,0.0,0.0
13789d5f8a59f1e347e42b99233530d6,2018-02-12,212.4,66572.8,8613.6,11.8,11346.5,6.9,3108.6,6.1,11393.7,69.1,19613.8,62.1,27.0,10.9,10677.4,1.2,02:20:34,01:05:10,08:52:34,01:10:53,0,1,0.0,0.0,0.0,0.0
13789d5f8a59f1e347e42b99233530d6,2018-02-24,167.2,70524.7,8198.1,12.4,7913.2,7.3,1891.6,6.4,8129.7,59.7,15707.1,57.9,32.4,9.7,11341.3,1.1,01:33:42,01:22:13,08:22:51,01:50:08,0,0,0.0,0.0,0.0,0.0
13789d5f8a59f1e347e42b99233530d6,2018-03-02,13.9,71950.0,9138.2,12.7,4655.1,7.0,654.6,6.6,9185.2,57.4,14435.1,61.5,25.9,12.6,9028.4,1.2,01:44:00,01:12:45,08:48:00,02:00:56,1,1,0.0,0.0,0.0,0.0
13789d5f8a59f1e347e42b99233530d6,2018-03-09,249.4,71114.3,10546.1,12.2,7147.9,6.8,1670.8,6.6,10240.1,60.0,15035.5,57.3,25.2,17.6,8031.4,1.6,02:21:42,01:55:40,09:21:08,01:24:58,1,1,0.0,0.0,0.0,0.0
13789d5f8a59f1e347e42b99233530d6,2018-03-16,2005.7,69159.0,11278.9,12.4,117616.1,6.4,281216.6,7.0,8715.4,55.8,15234.4,47.3,21.4,17.1,8294.4,2.0,01:38:17,02:12:20,09:04:00,01:21:48,0,1,0.0,0.0,0.0,0.0
13789d5f8a59f1e347e42b99233530d6,2018-03-18,2426.9,69800.3,9860.0,11.1,120655.9,5.9,474220.6,7.9,8061.5,52.8,14172.0,42.5,17.7,11.2,7698.3,1.4,00:33:08,01:27:31,08:56:00,01:05:54,0,1,0.0,0.0,0.0,0.0
13789d5f8a59f1e347e42b99233530d6,2018-03-21,2944.4,68317.8,10243.9,10.9,127090.9,5.1,764100.6,8.6,8741.7,48.0,15136.9,30.7,11.2,8.0,6898.0,1.7,23:41:42,01:24:37,08:53:42,01:24:21,0,0,0.0,0.0,0.0,0.0
13789d5f8a59f1e347e42b99233530d6,2018-03-26,3419.1,69510.8,8477.6,9.1,154788.3,3.6,1093136.0,11.5,6617.9,37.3,13469.1,16.9,0.0,1.3,6070.9,5.8,22:42:54,01:31:13,10:57:27,05:01:55,0,0,0.0,0.0,0.0,0.0
13789d5f8a59f1e347e42b99233530d6,2018-04-03,4569.5,69680.4,5796.3,6.2,109894.7,4.9,333375.1,10.1,9100.6,42.2,12149.1,38.2,15.6,18.9,7089.4,6.4,00:27:38,02:17:18,11:14:54,05:01:24,0,1,0.0,0.0,0.0,0.0
13789d5f8a59f1e347e42b99233530d6,2018-04-14,3255.6,65931.9,11480.7,13.1,78516.5,6.9,61197.1,6.9,10189.3,58.1,17211.5,50.3,28.6,13.9,8973.4,1.5,01:25:42,01:16:09,08:46:51,01:14:25,0,1,0.0,0.0,0.0,0.0
13789d5f8a59f1e347e42b99233530d6,2018-04-19,3261.9,66552.9,11223.1,13.9,78594.9,6.7,61164.2,6.9,9929.9,60.6,16584.2,50.5,30.9,11.4,9392.2,1.5,01:25:42,01:15:40,08:50:17,01:25:42,0,0,0.0,0.0,0.0,0.0
13789d5f8a59f1e347e42b99233530d6,2018-04-28,2468.3,67871.3,10413.5,13.4,55431.1,6.9,37689.7,7.3,9400.3,53.8,16059.4,60.9,25.7,13.5,9220.8,1.4,00:48:00,01:04:51,08:36:34,01:36:50,1,1,0.0,0.0,0.0,0.0
13789d5f8a59f1e347e42b99233530d6,2018-04-29,3302.1,65952.3,10369.3,13.6,71779.1,6.9,49398.0,7.2,9327.5,53.0,17144.6,57.7,29.2,13.1,9308.1,1.4,00:32:00,01:02:50,08:13:42,01:31:17,1,1,0.0,0.0,0.0,0.0
13789d5f8a59f1e347e42b99233530d6,2018-05-08,2179.4,68466.9,11717.2,11.9,46498.2,6.9,26686.5,7.1,9333.6,52.8,15752.7,59.1,26.2,14.7,8827.0,1.7,00:40:00,01:16:26,08:14:51,01:42:21,0,0,0.0,0.0,0.0,0.0
13789d5f8a59f1e347e42b99233530d6,2018-05-18,3841.3,62594.4,10305.4,11.9,93420.5,7.3,106886.1,7.2,10102.4,69.4,19963.4,49.8,23.1,12.8,10208.1,2.3,01:24:34,01:43:46,09:04:00,01:22:55,0,1,0.0,0.0,0.0,0.0
13789d5f8a59f1e347e42b99233530d6,2018-05-25,3208.7,62622.2,11098.5,12.6,79664.9,6.9,92994.1,6.9,9565.0,74.9,20568.1,53.8,19.3,12.6,10553.4,2.1,01:31:25,01:42:10,08:56:00,01:22:51,0,0,0.0,0.0,0.0,0.0
13789d5f8a59f1e347e42b99233530d6,2018-06-02,3070.3,67633.5,9595.2,10.8,75614.4,5.6,72801.5,7.0,12681.5,67.8,15695.2,62.7,19.4,10.7,5412.0,1.7,01:56:34,00:47:46,09:25:42,01:37:26,1,1,0.0,0.0,0.0,0.0
13789d5f8a59f1e347e42b99233530d6,2018-06-03,3115.1,68083.1,9533.4,10.5,76616.9,5.6,73310.2,7.1,13173.6,64.6,15200.9,61.2,19.4,12.3,5225.0,1.8,01:57:42,00:47:51,09:29:08,01:39:41,1,1,0.0,0.0,0.0,0.0
13789d5f8a59f1e347e42b99233530d6,2018-06-12,4021.6,69114.3,6234.2,6.8,62919.6,3.9,215066.4,8.3,15743.3,49.8,13263.1,22.1,10.7,10.1,3990.1,1.7,00:57:08,01:15:27,09:49:42,01:23:06,0,0,0.0,0.0,0.0,0.0
13789d5f8a59f1e347e42b99233530d6,2018-06-19,4325.1,67954.3,8188.3,7.6,54367.5,2.6,314040.6,8.9,14077.3,51.1,14119.6,0.0,0.0,0.0,2450.8,1.2,00:22:51,01:12:14,09:49:42,00:41:23,0,0,0.0,0.0,0.0,0.0
13789d5f8a59f1e347e42b99233530d6,2018-06-28,2809.6,65590.9,8587.7,9.0,68353.6,2.9,2499570.0,7.3,14503.2,56.8,17998.4,35.7,0.0,0.0,7994.9,2.2,01:52:00,03:02:01,09:40:34,02:04:35,0,1,0.0,0.0,0.0,0.0
13789d5f8a59f1e347e42b99233530d6,2018-07-03,2117.9,65105.3,7055.4,7.1,60332.1,3.0,4295436.5,6.7,15394.1,56.6,19175.8,71.4,0.0,0.0,12735.6,1.9,02:20:34,02:50:31,09:29:08,02:08:06,0,1,0.0,0.0,0.0,0.0
13789d5f8a59f1e347e42b99233530d6,2018-07-10,1581.7,67250.1,8251.0,5.9,31503.5,2.6,5367814.4,6.9,15132.5,50.6,17567.1,100.0,0.0,0.0,13175.5,1.4,01:48:34,01:20:29,09:12:00,01:15:28,0,1,0.0,0.0,0.0,0.0
13789d5f8a59f1e347e42b99233530d6,2018-07-17,1291.1,67930.9,9467.4,6.2,26551.2,2.7,5364328.6,6.6,13225.8,47.4,17177.1,100.0,0.0,0.0,11875.9,1.2,02:25:08,01:18:15,09:26:51,01:32:27,1,1,0.0,0.0,0.0,0.0
13789d5f8a59f1e347e42b99233530d6,2018-07-18,1294.7,67702.9,9302.3,6.1,26765.1,2.7,5364329.0,6.6,13804.9,45.0,17401.4,100.0,0.0,0.0,11840.6,1.2,02:22:51,01:18:43,09:26:51,01:32:27,1,1,0.0,0.0,0.0,0.0
13789d5f8a59f1e347e42b99233530d6,2018-07-24,2510.6,60657.7,9729.1,9.4,79617.7,3.6,5374880.6,5.9,10912.7,53.4,23230.7,71.4,0.0,0.0,14517.1,1.3,03:00:34,01:18:15,09:18:51,01:14:10,0,0,0.0,0.0,0.0,0.0
13789d5f8a59f1e347e42b99233530d6,2018-07-31,4636.0,55116.7,10211.8,12.9,214957.1,4.1,5525819.6,5.9,10896.4,56.6,26646.3,42.9,0.0,0.0,15036.1,2.1,02:38:51,02:08:55,08:56:00,00:55:40,0,0,0.0,0.0,0.0,0.0
13789d5f8a59f1e347e42b99233530d6,2018-08-08,1499.7,66583.4,9359.4,9.6,123529.7,3.4,5504713.9,7.1,13716.2,44.3,18315.9,64.3,0.0,0.0,8086.4,1.8,01:15:25,01:05:31,08:52:34,01:30:35,0,1,0.0,0.0,0.0,0.0
13789d5f8a59f1e347e42b99233530d6,2018-08-11,960.6,69345.4,8108.1,7.6,68844.3,2.9,5422719.2,7.3,13681.3,39.6,16093.0,78.6,0.0,0.0,5613.0,1.8,01:17:42,01:04:14,09:05:08,01:25:50,1,1,0.0,0.0,0.0,0.0
13789d5f8a59f1e347e42b99233530d6,2018-08-12,835.1,69723.4,8101.1,7.7,29046.1,2.9,5384073.3,7.6,12444.1,38.7,15840.6,78.6,0.0,0.0,5715.6,1.8,01:07:25,01:06:50,09:12:00,01:26:44,1,1,0.0,0.0,0.0,0.0
13789d5f8a59f1e347e42b99233530d6,2018-08-19,949.4,69294.1,10078.0,10.3,30728.1,3.4,5384237.4,7.5,11105.6,47.5,16155.6,85.7,0.0,0.0,6910.6,1.3,01:26:51,01:15:42,09:26:51,01:08:36,1,1,0.0,0.0,0.0,0.0
13789d5f8a59f1e347e42b99233530d6,2018-08-24,1261.0,69302.5,7816.0,10.2,625092.8,3.6,4968850.6,7.0,11938.2,52.4,15835.5,78.6,0.0,0.0,6658.6,2.0,00:45:42,02:40:53,09:55:25,02:38:52,0,0,0.0,0.0,0.0,0.0
13789d5f8a59f1e347e42b99233530d6,2018-08-26,1760.9,67868.1,9386.3,11.5,786120.2,3.9,4393150.1,6.8,12265.8,55.4,16770.0,64.3,0.0,0.0,7207.6,2.0,00:30:51,02:45:13,09:28:00,03:00:53,0,0,0.0,0.0,0.0,0.0
13789d5f8a59f1e347e42b99233530d6,2018-09-08,7039.3,64953.3,6787.8,9.4,211756.2,3.4,394598.4,7.9,9528.4,38.2,14406.4,0.0,0.0,14.3,4460.8,1.6,00:14:51,01:26:28,08:40:00,01:51:47,0,0,0.0,0.0,0.0,0.0
13789d5f8a59f1e347e42b99233530d6,2018-09-14,4167.4,64816.6,11814.6,11.7,146822.8,5.1,322471.6,8.2,11491.5,56.0,17414.9,12.1,7.1,23.7,6207.2,1.3,00:38:51,01:20:09,09:21:08,01:14:54,0,0,0.0,0.0,0.0,0.0
13789d5f8a59f1e347e42b99233530d6,2018-09-22,2848.1,64179.5,18223.8,13.5,21854.9,7.4,2302.8,8.0,8847.2,77.2,19371.4,52.5,18.4,29.1,12355.0,1.1,00:25:08,01:08:20,08:54:51,01:04:12,1,1,0.0,0.0,0.0,0.0
13789d5f8a59f1e347e42b99233530d6,2018-09-25,3002.6,65225.2,16652.6,12.6,19305.4,7.9,1993.1,7.8,9533.2,81.7,18171.2,65.9,24.3,9.8,12639.5,1.3,00:33:08,01:09:36,08:53:42,01:25:26,1,1,0.0,0.0,0.0,0.0
13789d5f8a59f1e347e42b99233530d6,2018-10-04,2812.6,66575.2,14130.6,13.1,19433.9,7.9,1878.6,7.4,9948.8,83.4,17011.2,65.1,24.7,10.1,11322.7,1.5,00:52:34,01:23:00,08:45:42,01:33:27,0,1,0.0,0.0,0.0,0.0
13789d5f8a59f1e347e42b99233530d6,2018-10-06,2480.0,65883.5,14660.6,13.7,19766.0,8.0,1881.4,7.1,10583.1,90.0,18035.5,63.2,25.1,11.8,10502.4,1.6,01:12:00,01:28:12,08:46:51,01:33:34,0,0,0.0,0.0,0.0,0.0
13789d5f8a59f1e347e42b99233530d6,2018-10-11,1950.6,64800.2,15666.1,14.2,19462.8,7.6,1487.4,6.8,10833.5,97.9,19648.2,65.5,23.2,11.3,10081.5,1.2,01:32:34,01:19:48,08:46:51,01:32:35,0,0,0.0,0.0,0.0,0.0
13789d5f8a59f1e347e42b99233530d6,2018-10-20,3042.6,60703.7,9554.3,7.9,60103.5,6.9,24274.1,6.8,10635.8,96.1,22652.6,59.6,22.5,10.7,10875.6,1.2,01:25:42,01:06:41,08:41:08,01:52:36,0,0,0.0,0.0,0.0,0.0
13789d5f8a59f1e347e42b99233530d6,2018-10-27,3469.1,60915.9,1027.7,0.9,84954.9,7.1,56210.0,6.7,10373.0,88.6,22014.1,38.1,29.9,17.6,12173.3,1.5,01:20:00,01:10:47,08:30:51,01:37:35,0,0,0.0,0.0,0.0,0.0
13789d5f8a59f1e347e42b99233530d6,2018-11-03,3798.8,61628.6,0.0,0.0,96149.4,7.1,73840.4,6.8,11376.1,82.5,20971.6,41.1,33.3,18.5,11750.2,1.4,01:18:51,01:13:55,08:32:00,01:12:03,0,0,0.0,0.0,0.0,0.0
13789d5f8a59f1e347e42b99233530d6,2018-11-08,3468.0,63568.0,0.0,0.0,80267.6,7.1,61204.1,6.6,10771.9,75.5,19363.0,45.8,28.3,18.8,11194.5,1.2,01:25:42,01:19:27,08:28:34,01:09:31,1,1,0.0,0.0,0.0,0.0
13789d5f8a59f1e347e42b99233530d6,2018-11-12,832.3,66481.8,0.0,0.0,10786.4,7.1,1266.3,6.8,9934.9,80.6,19085.0,49.6,33.6,16.9,11351.1,1.2,01:30:17,01:10:56,08:45:42,01:09:42,1,1,0.0,0.0,0.0,0.0
13789d5f8a59f1e347e42b99233530d6,2018-11-19,904.6,69228.4,0.0,0.0,10103.9,6.1,2367.1,7.1,10198.7,76.0,16266.1,57.0,29.2,13.8,10173.0,1.2,00:58:17,00:52:55,08:34:17,01:21:46,0,0,0.0,0.0,0.0,0.0
13789d5f8a59f1e347e42b99233530d6,2018-11-28,2859.5,65838.2,0.0,0.0,368101.0,4.7,1512461.0,8.2,14252.0,60.0,17701.4,18.4,11.2,13.2,7481.3,2.2,00:18:17,02:30:48,09:01:42,01:32:28,0,0,0.0,0.0,0.0,0.0
13789d5f8a59f1e347e42b99233530d6,2018-12-08,5663.7,57780.9,0.0,0.0,384975.1,4.5,2148785.1,8.1,11853.9,48.3,22954.4,0.0,0.0,0.0,8089.0,0.9,22:59:25,01:09:31,07:34:51,01:33:26,0,0,0.0,0.0,0.0,0.0
13789d5f8a59f1e347e42b99233530d6,2018-12-10,5739.7,58173.4,0.0,0.0,244844.0,4.2,2148670.0,8.2,11535.7,46.2,22485.9,14.3,0.0,0.0,8029.1,1.1,22:52:34,01:10:34,07:34:51,01:33:26,0,0,0.0,0.0,0.0,0.0
13789d5f8a59f1e347e42b99233530d6,2018-12-15,4092.4,63001.5,0.0,0.0,231946.4,3.8,2293499.3,8.4,16451.2,54.6,19305.1,50.0,0.0,0.0,5135.4,1.3,23:48:34,01:43:14,08:49:08,01:52:24,0,0,0.0,0.0,0.0,0.0
13789d5f8a59f1e347e42b99233530d6,2019-01-04,3621.1,61436.5,0.0,0.0,268629.4,2.9,3001587.0,8.6,17039.6,61.5,21341.4,28.6,0.0,0.0,4150.7,1.3,00:04:34,00:45:25,09:16:34,01:27:02,0,0,0.0,0.0,0.0,0.0
13789d5f8a59f1e347e42b99233530d6,2019-01-10,5185.4,63064.2,0.0,0.0,166286.8,3.1,2718418.1,8.6,16933.3,63.0,18149.4,50.0,0.0,0.0,3509.1,1.6,00:50:17,01:03:05,09:57:42,01:47:15,0,0,0.0,0.0,0.0,0.0
13789d5f8a59f1e347e42b99233530d6,2019-01-17,7191.8,64456.9,0.0,0.0,76241.7,3.5,2435581.3,8.9,15860.2,51.0,14750.3,71.4,0.0,0.0,2603.9,1.3,01:06:17,01:12:31,10:36:34,01:39:57,0,0,0.0,0.0,0.0,0.0
13789d5f8a59f1e347e42b99233530d6,2019-01-19,6698.7,65075.4,0.0,0.0,73174.4,3.6,2435558.9,8.7,16774.9,46.8,14624.9,71.4,0.0,0.0,2406.4,1.3,01:12:00,01:14:29,10:29:42,01:46:24,0,0,0.0,0.0,0.0,0.0
13789d5f8a59f1e347e42b99233530d6,2019-01-22,7122.2,65492.1,0.0,0.0,77751.2,3.8,2435861.6,8.5,16925.0,46.7,13784.8,71.4,0.0,0.0,2667.7,1.2,00:46:51,01:18:29,09:49:42,01:55:11,0,0,0.0,0.0,0.0,0.0
13789d5f8a59f1e347e42b99233530d6,2019-02-01,6406.2,67132.6,0.0,0.0,69440.1,3.5,2435585.1,8.9,16127.6,53.1,12860.4,100.0,0.0,0.0,2886.6,1.1,00:05:42,01:03:01,09:33:42,01:26:07,0,0,0.0,0.0,0.0,0.0
13789d5f8a59f1e347e42b99233530d6,2019-02-04,6252.1,66419.2,0.0,0.0,65386.6,3.4,2435364.6,8.6,15618.3,56.1,13727.7,100.0,0.0,0.0,2827.6,1.4,00:24:00,01:28:37,09:32:34,01:21:50,0,0,0.0,0.0,0.0,0.0
13789d5f8a59f1e347e42b99233530d6,2019-02-11,4065.9,67147.7,0.0,0.0,288580.4,3.5,2337918.6,7.4,15877.2,56.2,15185.4,92.9,0.0,0.0,3093.9,2.0,01:15:25,02:59:26,09:12:00,02:17:28,0,0,0.0,0.0,0.0,0.0
13789d5f8a59f1e347e42b99233530d6,2019-02-23,4133.2,63509.3,0.0,0.0,348340.3,3.1,1243872.1,8.2,14005.1,56.4,18756.5,42.9,0.0,0.0,3309.7,2.1,23:57:42,02:54:44,08:41:08,02:23:57,0,0,0.0,0.0,0.0,0.0
13789d5f8a59f1e347e42b99233530d6,2019-02-28,3796.7,62447.8,0.0,0.0,383676.0,2.8,1193649.6,8.6,14182.8,56.0,20154.5,42.9,0.0,0.0,3748.6,1.5,23:45:08,00:47:24,08:56:00,01:45:54,0,0,0.0,0.0,0.0,0.0
13789d5f8a59f1e347e42b99233530d6,2019-03-02,3706.5,62363.2,0.0,0.0,212560.9,2.9,1192397.1,8.8,15528.2,54.3,20329.3,42.9,0.0,0.0,3827.6,1.1,00:03:25,01:03:45,09:29:08,01:07:48,0,0,0.0,0.0,0.0,0.0
13789d5f8a59f1e347e42b99233530d6,2019-03-06,3607.1,64849.9,0.0,0.0,205363.4,2.9,1821371.1,8.8,18397.1,55.6,17942.0,71.4,0.0,0.0,3165.1,1.2,00:29:42,00:54:02,09:49:42,01:13:46,0,0,0.0,0.0,0.0,0.0
13789d5f8a59f1e347e42b99233530d6,2019-03-15,3987.8,63476.4,0.0,0.0,350399.3,3.9,1695144.6,8.2,15939.1,64.0,18934.8,55.1,2.6,20.8,4910.4,1.3,01:15:25,01:17:46,10:00:00,01:56:45,0,0,0.0,0.0,0.0,0.0
13789d5f8a59f1e347e42b99233530d6,2019-03-18,4386.6,60885.4,0.0,0.0,355355.6,3.9,1463536.4,7.9,13792.4,64.2,21127.1,33.7,2.6,20.8,6013.4,1.1,01:07:25,01:23:23,09:32:34,01:59:27,0,0,0.0,0.0,0.0,0.0
13789d5f8a59f1e347e42b99233530d6,2019-03-30,6922.5,58627.0,0.0,0.0,246517.6,5.1,745497.5,7.9,11008.3,63.4,20849.5,19.4,2.7,13.6,8662.7,1.0,00:00:00,00:40:34,08:28:34,01:12:06,1,1,0.0,0.0,0.0,0.0
13789d5f8a59f1e347e42b99233530d6,2019-04-01,6180.1,60596.6,0.0,0.0,240376.2,5.4,552308.4,7.7,11165.6,64.6,19622.4,24.2,8.7,17.1,8826.4,1.2,00:26:17,01:13:43,08:37:42,01:07:46,0,1,0.0,0.0,0.0,0.0
13789d5f8a59f1e347e42b99233530d6,2019-04-09,7223.9,61722.7,0.0,0.0,163270.7,6.3,158942.4,7.1,10145.7,55.4,17452.4,35.6,19.2,16.6,9742.4,1.1,00:51:25,01:04:37,08:27:25,01:21:00,1,1,0.0,0.0,0.0,0.0
13789d5f8a59f1e347e42b99233530d6,2019-04-16,4345.2,63999.9,0.0,0.0,91748.5,6.2,90756.2,7.1,8706.6,57.5,18053.9,48.9,19.6,17.1,10117.5,0.9,00:49:08,00:47:01,08:26:17,01:14:42,0,1,0.0,0.0,0.0,0.0
13789d5f8a59f1e347e42b99233530d6,2019-04-27,5083.6,61974.0,0.0,0.0,315004.5,5.9,496822.1,7.0,11137.2,75.0,19341.4,34.1,23.1,14.3,9479.7,1.9,01:17:42,01:23:32,08:46:51,01:27:06,1,1,0.0,0.0,0.0,0.0
13789d5f8a59f1e347e42b99233530d6,2019-04-29,6690.4,59874.4,0.0,0.0,345912.5,5.9,523278.0,6.9,11644.0,73.9,19834.2,34.3,24.6,12.6,9469.6,1.8,01:14:17,01:26:17,08:33:08,01:30:11,1,1,0.0,0.0,0.0,0.0
13789d5f8a59f1e347e42b99233530d6,2019-05-09,5233.9,64174.4,0.0,0.0,109909.7,6.4,77367.8,6.1,9551.7,58.5,16990.6,49.8,30.4,19.8,9935.6,0.9,01:22:17,01:05:22,07:49:42,00:56:55,1,1,0.0,0.0,0.0,0.0
13789d5f8a59f1e347e42b99233530d6,2019-05-15,2162.3,67697.3,0.0,0.0,45138.7,6.5,24475.9,6.2,10888.0,61.3,16539.4,43.6,35.7,20.7,9731.5,1.3,01:17:42,01:00:07,07:52:00,01:02:28,1,1,0.0,0.0,0.0,0.0
13789d5f8a59f1e347e42b99233530d6,2019-05-19,3811.4,65036.9,0.0,0.0,83885.9,6.2,103491.6,6.2,12587.6,64.9,17550.7,37.0,25.6,16.0,9575.9,1.4,00:56:00,01:08:37,07:32:34,00:59:41,1,1,0.0,0.0,0.0,0.0
13789d5f8a59f1e347e42b99233530d6,2019-05-23,3976.6,64660.6,0.0,0.0,88671.8,6.3,102997.1,6.3,12288.2,67.3,17761.9,36.2,28.6,13.8,9338.4,1.4,01:20:00,01:49:51,08:05:42,01:34:11,1,1,0.0,0.0,0.0,0.0
13789d5f8a59f1e347e42b99233530d6,2019-06-08,2901.2,71231.9,0.0,0.0,587715.1,4.6,1680365.2,7.9,14348.9,59.6,12265.9,33.0,21.5,2.6,6635.9,2.3,01:10:51,02:31:30,09:36:00,01:27:13,0,0,0.0,0.0,0.0,0.0
13789d5f8a59f1e347e42b99233530d6,2019-06-13,4618.1,66564.9,0.0,0.0,745801.9,4.1,2771138.2,8.1,15903.9,67.4,15216.1,17.1,3.2,1.1,6400.4,2.7,01:39:25,02:49:14,10:20:34,00:58:59,0,0,0.0,0.0,0.0,0.0
13789d5f8a59f1e347e42b99233530d6,2019-06-22,3474.3,65595.6,0.0,0.0,366425.9,4.0,1282042.7,9.7,11700.4,66.4,17329.1,23.0,3.5,16.4,5632.7,5.0,00:37:42,02:41:26,10:57:08,03:24:45,0,0,0.0,0.0,0.0,0.0
13789d5f8a59f1e347e42b99233530d6,2019-06-23,3372.1,65855.7,0.0,0.0,365968.0,4.2,1015982.1,9.6,11389.3,68.1,17171.1,29.1,3.5,17.5,6030.4,5.1,00:42:17,02:45:14,10:53:42,03:25:25,0,0,0.0,0.0,0.0,0.0
13789d5f8a59f1e347e42b99233530d6,2019-07-04,1322.9,66190.9,0.0,0.0,74274.9,7.3,51973.2,5.9,11740.5,89.9,18885.2,74.0,12.2,13.9,9388.1,1.6,02:48:00,00:56:00,09:04:00,01:36:34,0,1,0.0,0.0,0.0,0.0
13789d5f8a59f1e347e42b99233530d6,2019-07-10,2033.7,64138.4,0.0,0.0,128647.9,6.0,239407.3,6.0,12117.0,90.4,20226.9,52.3,16.2,10.1,9651.6,1.8,02:33:08,01:16:39,08:56:00,01:33:14,0,0,0.0,0.0,0.0,0.0
13789d5f8a59f1e347e42b99233530d6,2019-08-01,1195.3,66860.0,0.0,0.0,17432.3,6.1,2847.1,6.7,9504.4,71.4,18343.8,50.9,24.7,24.4,9825.6,1.7,01:42:51,01:12:14,08:52:34,01:11:09,0,1,0.0,0.0,0.0,0.0
13789d5f8a59f1e347e42b99233530d6,2019-08-21,1191.6,68416.3,0.0,0.0,26081.3,6.6,8220.5,7.0,9519.2,67.9,16791.1,57.8,30.5,11.7,11235.1,2.2,00:37:42,03:11:52,09:49:42,02:15:20,1,1,0.0,0.0,0.0,0.0
13789d5f8a59f1e347e42b99233530d6,2019-09-02,854.8,72660.1,0.0,0.0,12101.4,4.6,2989.6,7.8,7604.0,45.9,12884.2,38.6,31.0,22.6,8683.2,1.8,00:16:00,02:05:49,08:35:41,01:21:37,0,0,0.0,0.0,0.0,0.0
13789d5f8a59f1e347e42b99233530d6,2019-09-12,4702.6,67009.1,0.0,0.0,282658.5,3.1,1732787.2,8.5,15400.4,45.4,14687.3,6.4,0.0,9.0,6185.1,2.5,22:36:18,02:12:06,09:32:18,03:09:50,0,0,0.0,0.0,0.0,0.0
13789d5f8a59f1e347e42b99233530d6,2019-09-18,4099.2,68996.4,0.0,0.0,303531.6,4.2,1674312.6,8.3,15650.7,54.2,13303.4,25.7,7.2,2.8,5740.4,1.3,00:03:25,00:56:27,08:52:34,01:10:38,0,1,0.0,0.0,0.0,0.0
13789d5f8a59f1e347e42b99233530d6,2019-09-25,2785.1,69118.7,0.0,0.0,214056.4,6.6,524163.1,7.3,10298.9,58.6,14495.2,54.7,15.8,15.2,9317.0,1.4,00:25:08,01:16:39,08:14:51,00:42:05,0,1,0.0,0.0,0.0,0.0
13789d5f8a59f1e347e42b99233530d6,2019-10-13,552.0,64023.2,0.0,0.0,17792.1,7.6,630.2,6.0,10559.9,73.9,21823.8,52.8,22.7,24.5,12415.2,1.3,00:33:08,02:58:00,08:38:51,02:32:57,1,1,0.0,0.0,0.0,0.0
13789d5f8a59f1e347e42b99233530d6,2019-10-18,677.9,65265.3,0.0,0.0,14974.5,7.4,648.4,5.5,12290.4,78.1,20455.8,55.7,22.2,22.1,11549.4,1.2,00:54:51,03:00:10,08:29:42,02:38:43,0,0,0.0,0.0,0.0,0.0
13789d5f8a59f1e347e42b99233530d6,2019-10-22,291.8,66019.9,0.0,0.0,12430.1,7.6,647.5,5.6,12539.3,81.6,20087.4,60.4,17.6,22.0,11452.6,1.3,01:09:42,03:30:19,08:49:08,02:47:38,0,1,0.0,0.0,0.0,0.0
13789d5f8a59f1e347e42b99233530d6,2019-10-31,597.8,66429.2,0.0,0.0,16380.2,7.4,682.1,6.6,12104.1,78.9,19372.0,57.8,22.8,19.4,11016.9,1.3,01:32:34,02:02:19,08:35:25,01:16:03,1,1,0.0,0.0,0.0,0.0
13789d5f8a59f1e347e42b99233530d6,2019-11-01,401.4,66598.9,0.0,0.0,15975.0,7.4,667.9,6.5,12159.5,77.9,19398.8,57.6,23.2,19.1,11599.9,1.3,01:37:08,02:02:58,08:35:25,01:16:03,0,0,0.0,0.0,0.0,0.0
13789d5f8a59f1e347e42b99233530d6,2019-11-04,651.3,65782.6,0.0,0.0,18058.1,7.6,699.4,6.4,11518.6,77.9,19965.1,52.2,24.5,23.3,12153.9,1.5,01:29:08,01:18:46,08:17:08,00:46:14,0,0,0.0,0.0,0.0,0.0
13789d5f8a59f1e347e42b99233530d6,2019-11-11,633.0,67149.5,0.0,0.0,13398.8,7.2,669.4,6.0,11743.1,81.7,18616.5,48.6,33.7,17.8,11504.2,1.6,02:02:17,01:25:26,08:28:34,01:16:03,0,1,0.0,0.0,0.0,0.0
13789d5f8a59f1e347e42b99233530d6,2020-04-15,0.0,81940.5,0.0,0.0,0.0,0.5,1216548.5,16.1,6323.5,6.5,4458.5,50.0,0.0,0.0,523.0,8.3,22:16:00,02:16:00,15:28:00,04:00:00,0,0,0.0,0.0,0.0,0.0
13789d5f8a59f1e347e42b99233530d6,2020-04-20,86.1,79030.7,0.0,0.0,1276.9,0.9,2085509.9,11.8,14797.9,26.1,7282.1,85.7,0.0,0.0,657.0,4.6,00:36:34,01:57:10,13:08:34,02:38:05,1,1,0.0,0.0,0.0,0.0
13789d5f8a59f1e347e42b99233530d6,2020-04-30,519.1,76071.2,0.0,0.0,7484.4,1.1,2433095.3,8.9,17045.9,45.5,9808.7,100.0,0.0,0.0,1114.0,1.4,01:29:08,00:37:08,10:58:17,01:36:21,0,1,0.0,0.0,0.0,0.0
13789d5f8a59f1e347e42b99233530d6,2020-05-01,699.0,75574.5,0.0,0.0,9018.7,1.1,2433095.4,8.8,17137.5,45.9,10125.5,100.0,0.0,0.0,1217.4,1.4,01:30:17,00:37:05,10:54:51,01:34:21,0,1,0.0,0.0,0.0,0.0
13789d5f8a59f1e347e42b99233530d6,2020-05-02,723.2,75447.4,0.0,0.0,9587.1,1.1,2433095.5,8.8,17801.4,47.4,10228.4,100.0,0.0,0.0,1308.6,1.4,01:28:00,00:38:36,10:50:17,01:31:02,0,1,0.0,0.0,0.0,0.0
13789d5f8a59f1e347e42b99233530d6,2020-05-09,1078.5,73363.1,0.0,0.0,17319.0,1.3,2434031.3,8.9,17105.9,45.4,11957.4,92.9,0.0,0.0,2229.1,1.2,01:17:42,00:50:32,10:46:51,01:38:23,0,0,0.0,0.0,0.0,0.0
13789d5f8a59f1e347e42b99233530d6,2020-05-10,1078.5,73816.6,0.0,0.0,17305.6,1.2,2434031.3,8.8,17071.5,46.2,11503.9,92.9,0.0,0.0,2202.1,1.2,01:21:08,00:54:14,10:44:34,01:37:01,0,1,0.0,0.0,0.0,0.0
13789d5f8a59f1e347e42b99233530d6,2020-05-20,661.9,73392.9,0.0,0.0,10398.1,1.1,2434031.1,8.6,17043.4,41.5,12344.3,78.6,0.0,0.0,1978.4,1.8,01:56:34,00:58:08,11:06:17,01:22:36,0,0,0.0,0.0,0.0,0.0
13789d5f8a59f1e347e42b99233530d6,2020-05-22,353.4,72839.1,0.0,0.0,3880.3,1.1,2433158.8,8.5,18000.4,41.4,13206.5,85.7,0.0,0.0,1693.9,1.7,02:01:08,00:57:35,11:07:25,01:21:40,0,1,0.0,0.0,0.0,0.0
13789d5f8a59f1e347e42b99233530d6,2020-05-29,2706.3,69131.4,0.0,0.0,73478.3,1.4,2472727.5,7.5,19659.6,45.7,14561.3,78.6,0.0,0.0,1375.4,1.4,02:42:17,01:04:14,10:42:17,01:49:39,0,0,0.0,0.0,0.0,0.0
13789d5f8a59f1e347e42b99233530d6,2020-06-01,2664.7,69483.1,0.0,0.0,73057.2,1.6,2588655.5,7.8,18857.8,47.3,14251.2,71.4,0.0,0.0,1412.1,1.0,02:27:25,01:23:10,10:46:51,01:35:22,1,1,0.0,0.0,0.0,0.0
13789d5f8a59f1e347e42b99233530d6,2020-06-06,4966.1,68211.5,0.0,0.0,149562.9,1.8,2665934.9,8.2,19637.8,50.1,13221.4,64.3,0.0,0.0,1420.9,1.1,01:40:34,01:33:34,10:26:17,01:42:57,1,1,0.0,0.0,0.0,0.0
13789d5f8a59f1e347e42b99233530d6,2020-06-10,4794.6,69706.9,0.0,0.0,146020.9,1.7,2665934.6,8.1,19083.9,48.9,11897.5,64.3,0.0,0.0,1186.4,1.3,01:09:42,01:08:18,09:49:42,01:29:27,0,0,0.0,0.0,0.0,0.0
13789d5f8a59f1e347e42b99233530d6,2020-06-20,1027.1,75002.8,0.0,0.0,14550.0,1.5,2434196.7,8.3,18645.4,48.4,10369.2,100.0,0.0,0.0,1241.1,1.3,01:39:25,00:37:21,10:29:42,01:13:58,0,1,0.0,0.0,0.0,0.0
13789d5f8a59f1e347e42b99233530d6,2020-06-26,938.4,75623.3,0.0,0.0,12245.1,1.5,2433265.4,8.3,18392.0,44.2,9837.5,100.0,0.0,0.0,1242.0,1.2,02:00:00,01:08:05,10:50:17,01:12:58,0,0,0.0,0.0,0.0,0.0
13789d5f8a59f1e347e42b99233530d6,2020-06-27,1147.3,75128.6,0.0,0.0,13165.1,1.5,2433265.4,8.1,18913.9,44.1,10123.1,100.0,0.0,0.0,1388.4,1.2,02:08:00,01:05:41,10:49:08,01:13:14,0,0,0.0,0.0,0.0,0.0
13789d5f8a59f1e347e42b99233530d6,2020-06-30,1418.7,73968.1,0.0,0.0,18012.7,1.6,2434181.4,8.3,18645.9,45.4,11012.2,100.0,0.0,0.0,1693.9,1.2,02:03:25,01:05:31,10:52:34,01:15:49,0,0,0.0,0.0,0.0,0.0
13789d5f8a59f1e347e42b99233530d6,2020-07-04,1214.7,72848.1,0.0,0.0,15962.4,1.4,2434181.8,8.0,19314.0,42.9,12336.2,100.0,0.0,0.0,1959.1,1.4,02:02:17,01:10:09,10:34:17,01:39:28,0,0,0.0,0.0,0.0,0.0
13789d5f8a59f1e347e42b99233530d6,2020-07-22,1293.9,74619.6,0.0,0.0,20544.9,1.8,2436500.0,8.2,15142.4,41.9,10485.5,100.0,0.0,0.0,1266.5,1.9,01:57:42,01:10:25,10:42:17,02:07:33,0,1,0.0,0.0,0.0,0.0
13789d5f8a59f1e347e42b99233530d6,2020-08-07,1903.0,71018.7,0.0,0.0,150135.9,2.0,2264258.9,8.7,16124.0,51.9,13477.3,92.9,0.0,0.0,1783.4,1.3,01:36:00,01:05:24,10:51:25,01:12:40,0,0,0.0,0.0,0.0,0.0
13789d5f8a59f1e347e42b99233530d6,2020-08-11,2140.2,69337.1,0.0,0.0,280347.4,2.4,2135930.1,8.8,16591.9,55.6,14921.7,78.6,0.0,0.0,3412.4,1.2,01:04:00,00:54:05,10:26:17,01:05:22,0,0,0.0,0.0,0.0,0.0
13789d5f8a59f1e347e42b99233530d6,2020-09-16,2967.9,72123.1,0.0,0.0,35746.3,1.2,2436899.1,8.3,13250.2,37.9,11307.9,64.3,0.0,0.0,2942.3,1.2,00:12:34,01:04:20,09:01:42,01:08:22,0,0,0.0,0.0,0.0,0.0
13789d5f8a59f1e347e42b99233530d6,2020-09-20,3045.2,73697.8,0.0,0.0,34111.6,1.3,2436915.9,8.5,13624.5,39.2,9656.0,35.7,0.0,0.0,2554.9,1.2,00:09:08,00:35:06,09:14:17,01:10:25,0,1,0.0,0.0,0.0,0.0
13789d5f8a59f1e347e42b99233530d6,2020-09-25,1751.3,75165.1,0.0,0.0,21017.1,1.4,2440622.4,7.8,13119.8,43.6,9482.6,0.0,0.0,0.0,2960.7,1.3,00:05:42,00:26:46,08:27:25,01:21:54,0,0,0.0,0.0,0.0,0.0
13789d5f8a59f1e347e42b99233530d6,2020-09-28,2256.0,74390.1,0.0,0.0,185147.2,1.5,2179931.9,8.1,12518.3,46.3,9752.9,0.0,0.0,0.0,2982.9,1.4,00:18:17,00:29:32,08:57:08,01:26:06,0,0,0.0,0.0,0.0,0.0
13789d5f8a59f1e347e42b99233530d6,2020-10-06,1999.5,72365.9,0.0,0.0,198924.4,1.8,1120367.9,7.8,13556.5,49.2,12033.6,14.3,0.0,0.0,2853.9,1.5,00:58:17,01:12:58,09:16:34,01:16:03,0,0,0.0,0.0,0.0,0.0
13789d5f8a59f1e347e42b99233530d6,2020-10-17,2378.6,73141.8,0.0,0.0,58577.9,1.9,387213.9,7.9,10535.0,45.4,10878.6,92.9,0.0,0.0,1767.7,1.4,01:37:08,01:15:53,10:05:42,00:43:57,0,0,0.0,0.0,0.0,0.0
13789d5f8a59f1e347e42b99233530d6,2020-10-21,1905.3,74413.9,0.0,0.0,39631.9,1.8,349225.0,7.8,11797.9,45.7,10079.8,92.9,0.0,0.0,1397.9,1.3,01:55:25,01:05:10,10:11:25,00:45:19,0,1,0.0,0.0,0.0,0.0
13789d5f8a59f1e347e42b99233530d6,2020-10-29,1161.7,75927.6,0.0,0.0,17399.3,1.4,349000.4,8.2,15186.4,51.5,9309.6,85.7,0.0,0.0,910.6,0.7,01:41:42,00:41:17,10:29:42,00:24:38,1,1,0.0,0.0,0.0,0.0
13789d5f8a59f1e347e42b99233530d6,2020-11-04,1319.6,74429.4,0.0,0.0,19221.4,1.4,348754.1,8.3,15944.1,52.7,10650.0,92.9,0.0,0.0,1324.2,0.8,01:36:00,00:50:57,10:28:34,00:27:59,1,1,0.0,0.0,0.0,0.0
13789d5f8a59f1e347e42b99233530d6,2020-11-08,1157.9,73383.9,0.0,0.0,15562.4,1.3,348449.8,8.2,16405.6,54.7,11857.2,100.0,0.0,0.0,1698.8,0.8,01:44:00,00:56:38,10:30:51,00:33:30,0,0,0.0,0.0,0.0,0.0
13789d5f8a59f1e347e42b99233530d6,2020-12-05,3571.0,70427.6,0.0,0.0,224906.6,1.8,490655.9,8.1,19418.5,63.2,12400.4,92.9,0.0,0.0,1735.6,1.3,01:01:42,00:47:10,09:37:08,01:22:34,0,0,0.0,0.0,0.0,0.0
13789d5f8a59f1e347e42b99233530d6,2020-12-11,4090.5,69751.3,0.0,0.0,219880.3,2.1,1385519.9,8.9,17858.6,57.7,12557.2,92.9,0.0,0.0,2351.6,1.2,00:28:34,00:57:06,10:01:08,00:47:53,0,0,0.0,0.0,0.0,0.0
13789d5f8a59f1e347e42b99233530d6,2020-12-29,3390.0,70578.6,0.0,0.0,24473.4,1.6,2434396.6,9.1,20792.8,45.1,12430.4,100.0,0.0,0.0,2230.1,1.3,01:31:25,00:53:33,11:12:00,01:10:15,0,0,0.0,0.0,0.0,0.0
13789d5f8a59f1e347e42b99233530d6,2021-01-04,2082.0,71000.4,0.0,0.0,15491.4,1.4,2433714.4,9.0,22166.3,39.8,13316.6,100.0,0.0,0.0,1760.7,1.4,02:08:00,01:06:47,11:45:08,01:23:01,0,1,0.0,0.0,0.0,0.0
13789d5f8a59f1e347e42b99233530d6,2021-01-15,2080.8,73298.1,0.0,0.0,7506.0,0.7,1241594.1,7.9,9966.9,25.2,11020.1,35.7,0.0,0.0,2099.7,1.7,02:25:08,01:03:33,10:51:25,01:51:44,0,1,0.0,0.0,0.0,0.0
13789d5f8a59f1e347e42b99233530d6,2021-01-29,1916.4,70995.8,0.0,0.0,38395.1,1.7,26936.4,6.8,15668.9,65.4,13486.8,98.9,0.0,1.1,5346.9,1.7,01:32:34,00:53:48,08:49:08,02:02:58,0,1,0.0,0.0,0.0,0.0
13789d5f8a59f1e347e42b99233530d6,2021-02-06,932.4,69880.8,0.0,0.0,15899.1,2.4,1709.9,6.7,17312.7,72.4,15585.8,97.3,1.1,1.5,5346.4,1.7,01:42:51,00:46:43,08:50:17,01:59:33,1,1,0.0,0.0,0.0,0.0
13789d5f8a59f1e347e42b99233530d6,2021-02-13,620.5,69886.1,0.0,0.0,10784.0,2.6,1218.4,7.1,16771.8,66.7,15892.4,95.0,3.5,1.5,5170.5,1.9,01:47:25,01:04:58,09:21:08,01:27:31,1,1,0.0,0.0,0.0,0.0
13789d5f8a59f1e347e42b99233530d6,2021-02-20,578.5,70243.4,0.0,0.0,11394.7,2.3,1143.1,6.9,19198.7,56.3,15577.2,91.9,5.3,2.8,5281.7,2.3,01:28:00,01:10:27,08:52:34,01:41:48,0,1,0.0,0.0,0.0,0.0
13789d5f8a59f1e347e42b99233530d6,2021-02-27,1357.0,68666.4,0.0,0.0,20823.2,2.1,4032.7,7.2,19705.3,51.9,16375.8,92.8,2.9,4.2,5214.0,2.2,01:34:51,00:53:54,09:14:17,02:01:02,0,1,0.0,0.0,0.0,0.0
13789d5f8a59f1e347e42b99233530d6,2021-03-04,1136.9,70989.1,0.0,0.0,15300.7,1.9,4032.7,7.5,17851.8,51.9,14273.1,91.9,3.8,4.2,4018.9,2.0,01:45:08,00:49:23,09:47:25,01:54:19,1,1,0.0,0.0,0.0,0.0
13789d5f8a59f1e347e42b99233530d6,2021-03-16,1281.1,73370.9,0.0,0.0,20534.0,1.6,23611.5,7.2,15847.2,53.1,11747.1,78.6,0.0,0.0,2945.1,1.3,01:57:42,00:26:46,09:40:34,01:23:53,0,0,0.0,0.0,0.0,0.0
13789d5f8a59f1e347e42b99233530d6,2021-03-26,3640.1,68837.1,0.0,0.0,250075.3,2.3,1250961.9,7.8,14145.2,49.9,13921.8,14.3,0.0,0.0,4494.5,1.8,01:42:51,01:05:36,10:00:00,01:39:08,0,0,0.0,0.0,0.0,0.0
13789d5f8a59f1e347e42b99233530d6,2021-04-12,1309.3,68284.6,0.0,0.0,19072.4,2.8,3338.4,7.3,17696.1,65.4,16805.1,91.5,6.1,2.4,6885.9,1.8,00:56:00,01:39:19,08:41:08,01:45:44,1,1,0.0,0.0,0.0,0.0
13789d5f8a59f1e347e42b99233530d6,2021-04-19,1985.4,64909.6,0.0,0.0,27016.6,3.6,4549.4,6.6,15792.0,68.1,19504.0,91.1,5.7,3.1,7163.8,1.2,00:28:34,01:47:21,07:31:25,00:59:55,1,1,0.0,0.0,0.0,0.0
13789d5f8a59f1e347e42b99233530d6,2021-05-26,7377.9,60111.4,0.0,0.0,98832.4,3.6,45386.7,7.0,13308.5,75.5,18909.7,92.4,5.9,1.8,5454.0,1.3,23:29:08,01:11:55,06:59:25,00:57:06,1,1,0.0,0.0,0.0,0.0
13789d5f8a59f1e347e42b99233530d6,2021-06-09,4164.2,64352.9,0.0,0.0,66676.6,3.4,94204.3,7.2,14470.3,109.9,17881.9,72.0,12.6,1.1,7520.4,1.9,00:51:25,01:36:47,08:30:51,01:32:35,0,1,0.0,0.0,0.0,0.0
13789d5f8a59f1e347e42b99233530d6,2021-06-12,2145.0,66150.8,0.0,0.0,31673.2,3.9,3638.2,6.7,13640.2,114.9,18103.2,86.3,12.6,1.1,7078.1,2.0,01:32:34,01:27:15,08:43:25,01:26:02,0,1,0.0,0.0,0.0,0.0
1618e7f7049efc1a0fbe48af6fda8e57,2017-10-20,3008.5,74807.0,1135.0,4.0,21220.5,1.5,7722.5,12.0,1402.8,20.0,8583.5,37.5,0.0,12.5,8450.5,7.1,22:08:00,02:08:00,10:56:00,03:12:00,0,1,0.0,0.0,0.0,0.0
1618e7f7049efc1a0fbe48af6fda8e57,2017-10-26,4862.9,71244.9,2654.4,8.8,75147.5,4.8,52469.1,7.9,7093.5,63.4,10291.2,74.9,7.1,5.5,8273.6,3.9,00:02:00,02:13:58,08:28:00,02:16:24,0,1,0.0,0.0,0.0,0.0
1618e7f7049efc1a0fbe48af6fda8e57,2017-11-01,4304.1,72014.9,2863.3,8.2,79015.6,4.9,57510.5,7.9,8187.1,66.5,10080.0,80.6,5.5,6.7,7738.6,3.0,23:40:34,01:59:18,08:09:08,02:10:47,1,1,0.0,0.0,0.0,0.0
1618e7f7049efc1a0fbe48af6fda8e57,2017-11-11,3187.9,72079.5,2661.7,6.7,67247.6,5.4,71893.0,7.4,8352.5,72.9,11131.6,77.8,5.7,9.4,8996.5,1.6,00:03:25,01:51:12,07:57:42,01:32:40,0,1,0.0,0.0,0.0,0.0
1618e7f7049efc1a0fbe48af6fda8e57,2017-11-15,3058.1,71640.4,1844.3,6.4,81158.2,5.4,85222.3,7.4,8346.6,77.4,11700.4,79.5,6.3,7.1,9190.4,1.5,00:11:25,01:33:10,08:04:34,01:02:40,1,1,0.0,0.0,0.0,0.0
1618e7f7049efc1a0fbe48af6fda8e57,2017-11-24,2487.7,72695.6,1320.1,4.9,78784.2,4.3,164754.0,8.7,7132.0,73.2,11215.6,70.0,15.8,7.0,6933.6,1.6,23:36:00,01:46:36,08:50:17,01:19:16,0,0,0.0,0.0,0.0,0.0
1618e7f7049efc1a0fbe48af6fda8e57,2017-11-25,2395.1,73015.9,1276.5,4.5,81743.4,4.3,169044.0,8.8,7139.8,72.1,10987.9,77.2,15.8,7.0,6476.8,1.6,23:38:17,01:47:26,08:59:25,01:18:29,0,0,0.0,0.0,0.0,0.0
1618e7f7049efc1a0fbe48af6fda8e57,2017-12-02,3895.4,72200.7,1475.6,5.5,219252.7,3.2,831523.4,7.8,6993.5,72.6,10302.9,52.0,7.3,5.0,4911.8,1.8,23:58:51,01:23:40,08:18:17,01:40:48,0,0,0.0,0.0,0.0,0.0
1618e7f7049efc1a0fbe48af6fda8e57,2017-12-10,4863.4,72899.0,1321.6,5.6,128524.5,2.6,804778.9,7.9,8190.9,66.8,8636.6,64.3,0.0,0.0,2964.4,1.7,00:20:34,00:42:05,08:44:34,01:24:55,0,0,0.0,0.0,0.0,0.0
1618e7f7049efc1a0fbe48af6fda8e57,2017-12-14,6802.9,68930.9,1552.0,5.3,135364.6,3.1,516519.3,8.4,9685.5,76.9,10665.2,92.9,0.0,0.0,3829.3,1.5,23:52:00,00:43:30,08:50:17,01:27:23,0,0,0.0,0.0,0.0,0.0
1618e7f7049efc1a0fbe48af6fda8e57,2017-12-16,7688.9,69925.9,1759.1,5.4,67908.8,3.1,372664.8,8.6,10170.2,74.6,8784.2,100.0,0.0,0.0,3564.3,1.3,23:41:42,00:40:57,08:52:34,01:23:27,0,0,0.0,0.0,0.0,0.0
1618e7f7049efc1a0fbe48af6fda8e57,2017-12-22,9678.6,66015.4,2021.8,5.4,222515.3,4.0,499765.0,8.1,10945.1,87.6,10705.0,100.0,0.0,0.0,4570.3,0.9,23:32:34,00:54:34,08:08:00,01:18:05,0,0,0.0,0.0,0.0,0.0
1618e7f7049efc1a0fbe48af6fda8e57,2018-01-04,8540.5,64997.4,3193.3,8.6,301116.6,4.4,1538562.6,7.4,8998.1,81.1,12861.1,26.8,5.0,11.0,7237.8,1.4,22:59:25,01:04:20,06:56:00,01:15:02,0,1,0.0,0.0,0.0,0.0
1618e7f7049efc1a0fbe48af6fda8e57,2018-01-08,10354.6,63531.2,3285.4,7.9,237027.0,4.1,1012170.9,7.6,9241.5,83.4,12513.1,37.2,7.2,12.8,6811.1,1.5,23:02:51,01:08:04,07:06:17,01:13:28,0,0,0.0,0.0,0.0,0.0
1618e7f7049efc1a0fbe48af6fda8e57,2018-01-20,1548.9,68759.4,1893.3,6.4,32043.6,3.4,26746.8,8.5,6943.1,57.8,16090.8,42.6,9.0,5.6,7659.6,4.1,23:53:08,02:15:03,08:54:51,03:14:37,0,1,0.0,0.0,0.0,0.0
1618e7f7049efc1a0fbe48af6fda8e57,2018-01-22,237.1,69986.9,1984.2,6.5,1509.8,2.9,215.9,8.6,6500.1,57.0,16175.1,30.1,9.0,3.8,8285.1,4.1,23:50:51,02:13:49,09:02:51,03:12:31,0,1,0.0,0.0,0.0,0.0
1618e7f7049efc1a0fbe48af6fda8e57,2018-01-31,226.9,74448.1,1886.7,5.4,0.0,0.0,0.0,7.9,7935.0,58.7,11724.1,0.0,0.0,0.0,8664.2,0.9,23:34:51,01:14:29,08:03:25,00:58:41,0,1,0.0,0.0,0.0,0.0
1618e7f7049efc1a0fbe48af6fda8e57,2018-02-05,0.0,74202.6,2929.4,7.1,0.0,0.0,0.0,7.7,7836.6,58.6,12196.4,0.0,0.0,0.0,8942.1,0.9,23:38:17,01:34:34,07:53:08,01:12:59,0,1,0.0,0.0,0.0,0.0
1618e7f7049efc1a0fbe48af6fda8e57,2018-02-08,0.0,73608.7,3398.1,6.9,288.1,0.4,36.4,7.4,8931.6,62.9,12790.3,6.1,1.0,0.0,9109.8,1.6,23:46:17,01:44:11,07:37:08,01:39:52,1,1,0.0,0.0,0.0,0.0
1618e7f7049efc1a0fbe48af6fda8e57,2018-02-09,0.0,73317.1,4118.9,7.8,598.4,0.8,73.9,7.1,8919.2,66.9,13081.9,12.0,1.4,0.8,9350.2,1.9,00:04:34,02:00:33,07:37:08,01:39:52,0,1,0.0,0.0,0.0,0.0
1618e7f7049efc1a0fbe48af6fda8e57,2018-02-15,213.7,73037.7,4700.6,8.5,5012.6,3.1,1704.1,6.3,9196.1,77.5,13147.6,45.9,8.3,3.0,8799.6,2.1,01:01:42,02:38:57,07:44:00,01:40:38,0,1,0.0,0.0,0.0,0.0
1618e7f7049efc1a0fbe48af6fda8e57,2018-02-16,213.7,72523.6,4735.6,8.4,5196.3,3.5,1741.6,6.2,9857.9,78.2,13661.6,52.3,8.7,3.4,8860.2,2.0,01:12:00,02:28:35,07:48:34,01:39:04,0,0,0.0,0.0,0.0,0.0
1618e7f7049efc1a0fbe48af6fda8e57,2018-02-19,213.7,73786.7,3604.6,6.5,5663.9,4.3,1834.6,6.2,10989.7,78.9,12398.6,68.9,12.2,4.6,8397.2,2.0,01:06:17,02:23:13,07:46:17,01:26:58,0,0,0.0,0.0,0.0,0.0
1618e7f7049efc1a0fbe48af6fda8e57,2018-02-21,213.7,74353.9,3620.7,7.1,6226.4,4.9,1909.9,6.6,10391.0,78.7,11831.4,78.1,15.1,6.8,8263.5,2.2,00:54:51,02:20:52,08:00:00,01:33:41,0,1,0.0,0.0,0.0,0.0
1618e7f7049efc1a0fbe48af6fda8e57,2018-02-24,1874.9,74166.9,3260.4,7.4,41360.6,4.7,53512.3,7.4,9863.5,76.2,10357.2,73.0,14.0,5.8,7706.6,1.7,00:19:25,02:04:06,08:11:25,01:03:32,0,0,0.0,0.0,0.0,0.0
1618e7f7049efc1a0fbe48af6fda8e57,2018-02-27,3151.6,73754.0,3006.3,8.3,71619.4,4.5,79970.7,7.8,9958.6,72.7,9493.4,71.0,14.5,7.3,7509.4,1.4,23:40:34,01:08:27,07:56:34,00:49:56,0,0,0.0,0.0,0.0,0.0
1618e7f7049efc1a0fbe48af6fda8e57,2018-03-01,3126.4,73910.6,3248.2,8.9,71693.1,4.5,79978.3,7.7,10227.3,74.1,9362.1,72.5,12.3,8.0,7614.2,1.3,23:45:08,01:04:07,08:00:00,00:49:52,0,1,0.0,0.0,0.0,0.0
1618e7f7049efc1a0fbe48af6fda8e57,2018-03-08,4556.4,71598.6,3361.9,8.8,108319.7,5.0,112882.4,7.9,8444.6,73.4,10244.1,75.8,8.7,8.3,9484.7,1.5,23:28:00,01:04:34,07:54:17,00:44:41,0,0,0.0,0.0,0.0,0.0
1618e7f7049efc1a0fbe48af6fda8e57,2018-03-09,3277.4,72460.1,3599.7,9.2,74257.2,5.4,86417.7,8.1,7898.2,69.2,10661.6,73.7,10.8,8.3,9545.9,1.3,23:20:00,01:01:00,07:56:34,00:40:38,0,1,0.0,0.0,0.0,0.0
1618e7f7049efc1a0fbe48af6fda8e57,2018-03-11,1736.1,73547.1,2902.0,8.4,41288.7,5.2,33977.2,8.2,7813.7,69.1,11115.8,79.0,12.7,8.3,10006.4,0.9,23:05:08,00:25:27,07:50:51,00:45:32,0,1,0.0,0.0,0.0,0.0
1618e7f7049efc1a0fbe48af6fda8e57,2018-03-13,1745.5,73462.4,3898.0,8.9,41134.4,5.2,33977.6,7.9,7652.3,72.1,11191.1,79.8,12.1,8.1,9716.2,1.4,23:23:25,01:03:50,07:49:42,00:46:41,0,0,0.0,0.0,0.0,0.0
1618e7f7049efc1a0fbe48af6fda8e57,2018-03-14,3263.4,70689.8,3980.6,8.8,108024.1,5.2,92429.1,7.7,8068.8,74.5,12445.9,81.2,10.7,8.1,9524.1,1.6,23:36:00,01:16:26,07:47:25,00:46:54,0,0,0.0,0.0,0.0,0.0
1618e7f7049efc1a0fbe48af6fda8e57,2018-03-20,3951.9,70764.9,4612.4,10.3,126935.7,4.0,650790.7,6.5,8271.2,75.8,11682.1,44.6,8.9,3.6,8686.3,1.7,01:24:34,05:28:42,10:04:34,04:34:13,0,0,0.0,0.0,0.0,0.0
1618e7f7049efc1a0fbe48af6fda8e57,2018-03-25,5222.6,70061.9,4348.9,10.8,262620.4,3.4,981636.8,6.2,9145.0,81.1,11114.5,23.9,2.6,2.0,4437.6,2.0,01:17:42,05:51:34,11:22:17,04:51:30,1,1,0.0,0.0,0.0,0.0
1618e7f7049efc1a0fbe48af6fda8e57,2018-03-27,6175.4,69577.7,3003.6,8.9,289440.8,3.2,994359.9,6.6,9203.1,78.2,10645.9,23.5,2.4,2.7,3949.4,2.1,01:05:08,05:50:52,11:33:42,04:43:52,0,1,0.0,0.0,0.0,0.0
1618e7f7049efc1a0fbe48af6fda8e57,2018-03-28,4766.9,71890.5,3174.4,8.9,222642.4,3.4,935908.0,6.9,8522.8,75.5,9741.6,21.5,4.0,3.1,4319.0,2.2,00:44:34,05:55:00,11:34:51,04:42:55,0,1,0.0,0.0,0.0,0.0
1618e7f7049efc1a0fbe48af6fda8e57,2018-03-30,4721.6,71930.4,3148.6,8.8,206203.6,3.9,751994.9,7.0,8205.4,76.6,9747.0,33.6,5.4,3.8,4951.7,2.3,23:55:25,05:22:04,10:49:08,04:24:12,0,1,0.0,0.0,0.0,0.0
1618e7f7049efc1a0fbe48af6fda8e57,2018-04-04,5180.6,70956.4,4341.6,6.6,231480.4,4.6,292227.1,8.5,8330.1,79.1,10262.1,58.9,8.2,4.3,6059.8,1.8,22:25:08,01:52:04,09:09:42,03:03:17,0,1,0.0,0.0,0.0,0.0
1618e7f7049efc1a0fbe48af6fda8e57,2018-04-08,5997.1,69695.6,4881.5,6.8,158085.9,5.3,107017.6,8.7,7929.7,82.9,10706.3,73.5,13.4,5.9,6967.9,1.0,22:42:17,00:47:33,07:56:34,00:52:05,0,0,0.0,0.0,0.0,0.0
1618e7f7049efc1a0fbe48af6fda8e57,2018-04-14,5361.2,70719.6,2913.3,6.4,136941.1,5.2,85083.5,8.1,8307.5,82.8,10318.1,74.0,12.6,13.5,7368.4,1.5,23:10:51,01:14:10,07:48:34,00:47:23,0,0,0.0,0.0,0.0,0.0
1618e7f7049efc1a0fbe48af6fda8e57,2018-04-16,4843.6,71005.9,3746.7,7.4,122396.3,5.4,72352.1,7.9,8349.7,84.1,10549.5,71.8,12.2,16.0,7271.9,1.5,23:26:51,01:25:11,07:50:51,00:49:01,0,0,0.0,0.0,0.0,0.0
1618e7f7049efc1a0fbe48af6fda8e57,2018-04-18,4786.1,71022.8,4686.0,8.2,119340.2,5.6,72351.9,7.8,8715.6,85.6,10590.1,70.1,12.1,17.8,7338.8,1.3,23:37:08,01:14:58,07:54:17,00:46:41,0,0,0.0,0.0,0.0,0.0
1618e7f7049efc1a0fbe48af6fda8e57,2018-04-20,6049.0,70079.7,4899.4,8.5,147271.5,5.6,95190.5,7.2,9175.5,88.6,10270.3,75.8,8.0,16.2,7370.4,1.9,23:20:00,02:33:11,08:45:42,02:55:27,0,0,0.0,0.0,0.0,0.0
1618e7f7049efc1a0fbe48af6fda8e57,2018-04-22,6190.2,70922.6,4209.9,7.4,143295.8,5.5,104837.4,7.2,9460.5,84.2,9286.2,68.7,8.0,16.2,6953.9,1.9,23:25:42,02:31:53,08:49:08,02:54:41,0,0,0.0,0.0,0.0,0.0
