pcode,day,act_in_vehicle_ep_0,act_still_ep_0,audio_convo_duration_ep_0,audio_convo_num_ep_0,loc_dist_ep_0,loc_visit_num_ep_0,loc_max_dis_from_campus_ep_0,sleep_duration,unlock_duration_ep_0,unlock_num_ep_0,act_physical_ep_0,loc_home_per,loc_study_per,loc_other_per,step_ep_0,std_sleep_duration,sleep_start,std_sleep_start,sleep_end,std_sleep_end,stress_binary_personal,stress_binary_overall,call_miss_num_ep_0,call_num_ep_0,call_duration_ep_0,sms_num_ep_0
003df5deff30e1e5a07b5d063fe85c3f,2017-10-06,0.0075743880834448,0.7883995984812114,0.0954726291585629,0.1607445008460236,4.081177325205185e-05,0.4054054054054054,5.53937997882406e-05,0.2769953051643192,0.0861356710184732,0.1138055732822803,0.3060330506533681,0.412,0.332,0.089,0.1104532837265718,0.493421052631579,0.0648410814566085,0.2492466296590008,0.4873417721518987,0.5207517853407835,0,0,,,,
003df5deff30e1e5a07b5d063fe85c3f,2017-10-13,0.0034961495354134,0.7663509797931306,0.1007709636345828,0.1725888324873096,3.94026409482032e-05,0.4324324324324324,4.233550163996166e-05,0.2159624413145539,0.1227002520787087,0.1265688151457136,0.3422642568441561,0.561,0.292,0.07,0.111861594802953,0.3355263157894737,0.0726683262895849,0.2318530266983875,0.430379746835443,0.413989900498999,0,0,,,,
003df5deff30e1e5a07b5d063fe85c3f,2017-10-14,0.0243428901984887,0.7430192467158383,0.1252734285727611,0.1895093062605752,0.0001820846566517,0.4414414414414415,0.0008650850608648,0.2018779342723004,0.1311053839497347,0.1318868325888109,0.3581541181062485,0.593,0.271,0.065,0.1200125960742235,0.3289473684210526,0.0579517165518439,0.2541369283637325,0.4764899789029536,0.548719634266591,0,0,,,,
003df5deff30e1e5a07b5d063fe85c3f,2017-10-16,0.0430312014172602,0.7069000130930039,0.1367935748366424,0.2064297800338409,0.0003228976558685,0.4684684684684685,0.0016945269179157,0.136150234741784,0.1565333533993002,0.1461391193363114,0.3948724069301214,0.672,0.276,0.051,0.1185022334705683,0.0855263157894736,0.0817692352226017,0.2163098070314565,0.4357990506329113,0.4391490124600352,0,0,,,,
003df5deff30e1e5a07b5d063fe85c3f,2017-10-23,0.0397845186015401,0.7139156810544232,0.1408792623375169,0.2098138747884941,0.0003168169650064,0.4504504504504504,0.001679773152345,0.136150234741784,0.1858666616501749,0.1401829398000425,0.3873984303681506,0.634,0.302,0.065,0.1166346905214541,0.0855263157894736,0.0984426561685868,0.2319323288395453,0.4556962025316455,0.4321570502285834,0,0,,,,
003df5deff30e1e5a07b5d063fe85c3f,2017-10-31,0.0,0.7520075939423035,0.1339695065926019,0.2098138747884941,3.3352412499949246e-05,0.4414414414414415,2.8023197398070436e-05,0.1502347417840375,0.1895500206930283,0.1540097851520953,0.3665893570831814,0.623,0.337,0.04,0.1070141472574381,0.0986842105263157,0.1556185954958606,0.0982817869415807,0.4547863924050632,0.1209549705680222,0,0,,,,
003df5deff30e1e5a07b5d063fe85c3f,2017-11-07,0.0538667341552478,0.7300091651027799,0.1553424095295396,0.2318104906937394,0.0003256677702092,0.4504504504504504,0.0018553531994215,0.1455399061032863,0.2205538206855036,0.1565624335247819,0.3510510985164946,0.629,0.2739999999999999,0.026,0.0959313513954817,0.1052631578947368,0.1691078561917443,0.112741210679355,0.4620253164556961,0.1378671527176024,0,0,,,,
003df5deff30e1e5a07b5d063fe85c3f,2017-11-10,0.0538667341552478,0.7515144241260419,0.1445475194373318,0.2402707275803722,0.0003292859188443,0.4414414414414415,0.0018553276074604,0.1220657276995305,0.2354829000338613,0.1527334609657519,0.3192584731411023,0.654,0.248,0.027,0.1012526096033402,0.125,0.1873675678805071,0.1032249537404176,0.4583992616033754,0.1463232437923925,1,1,,,,
003df5deff30e1e5a07b5d063fe85c3f,2017-11-18,0.0212516721501138,0.7668899751232925,0.1666013702910819,0.2098138747884941,0.0001446945003327,0.3513513513513513,0.0006397734353921,0.1126760563380281,0.2697862974528763,0.1372048500319081,0.3256260302120261,0.794,0.179,0.027,0.0960027874645735,0.1052631578947368,0.2064262143229317,0.1355273592386994,0.4683544303797468,0.1923984820868318,1,1,,,,
003df5deff30e1e5a07b5d063fe85c3f,2017-11-19,0.0217976065656748,0.7665779251953039,0.1796956256092385,0.2098138747884941,0.0001531080224983,0.3513513513513513,0.0006397798333823,0.1032863849765258,0.2604894841792393,0.1391193363114231,0.3256002245096109,0.794,0.179,0.027,0.0956908013669073,0.1052631578947368,0.2016673420945985,0.1342056568860692,0.453876582278481,0.1944900947201721,0,0,,,,
003df5deff30e1e5a07b5d063fe85c3f,2017-11-28,0.0640623305253263,0.7767861039584515,0.1500044308254861,0.1336717428087986,0.0002447419112474,0.1801801801801802,0.0059269958215557,0.1737089201877934,0.2228676774897475,0.1250797702616464,0.2728017573683344,0.812,0.045,0.0,0.0417857267818196,0.0986842105263157,0.1175013026110114,0.187390959555908,0.4367088607594936,0.1851674784115696,0,0,,,,
003df5deff30e1e5a07b5d063fe85c3f,2017-12-09,0.1138291333743085,0.8107318989220095,0.0915105383686167,0.1116751269035532,0.000301549399731,0.1621621621621621,0.0085165695887872,0.2769953051643192,0.2372907182362015,0.1027440970006381,0.1782238580170253,0.857,0.0,0.0,0.0205021518293465,0.0592105263157894,0.0547791350662884,0.0617499339148823,0.4755801687763712,0.1186243164908716,0,0,,,,
003df5deff30e1e5a07b5d063fe85c3f,2017-12-14,0.1620340576304277,0.7492667917775934,0.1519983022942347,0.1692047377326565,0.0005348315474307,0.2702702702702703,0.0096388218686967,0.2394366197183098,0.2205067910756612,0.1072112316528398,0.2260708560074062,0.857,0.0,0.0,0.0539765106541794,0.1052631578947368,0.0436635211022983,0.1003436426116838,0.4240506329113923,0.2143006543759524,0,0,,,,
003df5deff30e1e5a07b5d063fe85c3f,2017-12-17,0.2059835858129361,0.7106446122288657,0.1752414799889929,0.1810490693739424,0.0007573182087356,0.2792792792792793,0.0096641962981215,0.2253521126760563,0.1932202114451258,0.1093384386300787,0.2439509820682625,0.91,0.019,0.0,0.0575453983508473,0.1118421052631579,0.0309616163955305,0.1020354216230504,0.3924050632911392,0.2082648579197418,0,0,,,,
003df5deff30e1e5a07b5d063fe85c3f,2017-12-29,0.2279366571459561,0.7048509579714572,0.3489461631383303,0.2064297800338409,0.0010045924309643,0.2342342342342342,0.0188861571105462,0.2769953051643192,0.0986587155272959,0.0867900446713465,0.2329287214242167,0.41,0.019,0.0,0.0302582778367408,0.1513157894736842,0.0087303884675505,0.1820248480042294,0.4213343881856539,0.2328861266322048,0,0,,,,
003df5deff30e1e5a07b5d063fe85c3f,2018-01-06,0.113228967063162,0.7967703923536857,0.2662739556077926,0.1996615905245347,0.0005037559546993,0.2522522522522522,0.0135867977368337,0.2535211267605634,0.1096768125211633,0.0770048925760476,0.1993942111358057,0.337,0.085,0.078,0.0254093724122648,0.1644736842105263,0.0500202628379551,0.1227332804652392,0.4448444092827003,0.2549078196432306,1,1,,,,
003df5deff30e1e5a07b5d063fe85c3f,2018-01-08,0.0938645648794244,0.8214834373499761,0.2306221345385178,0.2013536379018612,0.0004066545539986,0.2702702702702703,0.0098814592518301,0.2394366197183098,0.1132303698408518,0.0923207828121676,0.1801399314213458,0.3939999999999999,0.171,0.078,0.0157203088370791,0.1776315789473684,0.0658947490302784,0.1484007401533174,0.4457410337552742,0.2529058475513192,1,1,,,,
003df5deff30e1e5a07b5d063fe85c3f,2018-01-18,0.0015076466972775,0.8660498407017851,0.1472619830509265,0.2250423011844331,2.343149217940808e-05,0.3153153153153153,3.170204180535137e-05,0.2065727699530516,0.1207833251815343,0.1527334609657519,0.1966620323926079,0.603,0.309,0.011,0.0888825066187704,0.2894736842105263,0.1539049383430787,0.2881046788263283,0.5102188818565401,0.4143484626647145,1,1,,,,
003df5deff30e1e5a07b5d063fe85c3f,2018-01-26,0.0015076466972775,0.8740147514511414,0.1225939451603725,0.1962774957698815,2.2538255593495648e-05,0.3153153153153153,3.1746827737266096e-05,0.1690140845070422,0.1099270100455246,0.1542225058498191,0.1848881806657226,0.716,0.1889999999999999,0.018,0.0805653071459395,0.2894736842105263,0.0795113761361662,0.5747026169706583,0.5628032700421941,0.4751546299339649,0,0,,,,
003df5deff30e1e5a07b5d063fe85c3f,2018-01-30,0.0013991829061065,0.8481036965914546,0.1878903207451249,0.2385786802030456,2.908079595543732e-05,0.3513513513513513,3.500340478649392e-05,0.0938967136150234,0.1347887429925881,0.1720910444586258,0.2232870658593782,0.754,0.2269999999999999,0.02,0.0819590394327101,0.1447368421052631,0.1198865281074509,0.5620671424795136,0.513554852320675,0.3647174828935967,1,1,,,,
003df5deff30e1e5a07b5d063fe85c3f,2018-02-09,0.0353266567844101,0.8141840876358399,0.2196546754536932,0.2351945854483925,0.0002343335923057,0.4144144144144144,0.0018065941155469,0.1502347417840375,0.1365758681665977,0.1418847053818336,0.2431574567189985,0.6459999999999999,0.258,0.025,0.0907369286572351,0.1776315789473684,0.0984426561685868,0.3997092254824214,0.4710574894514768,0.2388024023665103,0,0,,,,
003df5deff30e1e5a07b5d063fe85c3f,2018-02-11,0.0353266567844101,0.8269606773447389,0.1973956074195338,0.2233502538071065,0.0002311222642939,0.4054054054054054,0.0018057559788211,0.164319248826291,0.1335490424771436,0.1406083811954903,0.2242709082639536,0.618,0.286,0.025,0.0818934348794625,0.1513157894736842,0.0817692352226017,0.3761036214644462,0.4656381856540084,0.2400274897660382,0,0,,,,
003df5deff30e1e5a07b5d063fe85c3f,2018-02-20,0.0,0.8328525291319339,0.2031137043100271,0.2131979695431472,2.940703858087508e-05,0.3963963963963964,3.404370624546411e-05,0.2065727699530516,0.1490048534557357,0.1374175707296319,0.2470799234860923,0.552,0.38,0.067,0.0854914801553515,0.0986842105263157,0.1111561396399004,0.1674861221252974,0.4647283755274261,0.1275584904532823,0,0,,,,
003df5deff30e1e5a07b5d063fe85c3f,2018-02-25,0.0,0.8313970235237639,0.1666969828410452,0.170896785109983,2.9948483420080525e-05,0.4234234234234234,3.3998920313549376e-05,0.1877934272300469,0.1333816170661048,0.1478408849181025,0.2492314739249505,0.534,0.386,0.081,0.0895414679091683,0.125,0.1183002373646732,0.2194554586307163,0.4529799578059071,0.1483252158843039,1,1,,,,
003df5deff30e1e5a07b5d063fe85c3f,2018-03-10,0.0831808814490762,0.7767075459346221,0.0074764350044541,0.0389170896785109,0.0005772077130312,0.3783783783783784,0.0046639173777355,0.2159624413145539,0.1205274841039918,0.1338013188683258,0.2558603137328271,0.708,0.201,0.02,0.088284776244737,0.1513157894736842,0.0674810397730562,0.2208828971715569,0.4213343881856539,0.2174679535064392,1,1,,,,
003df5deff30e1e5a07b5d063fe85c3f,2018-03-13,0.0971980187280812,0.797008248592502,0.0063127603109973,0.0321489001692047,0.0006728960507941,0.2972972972972973,0.005836880128553,0.2347417840375587,0.1268426201136235,0.1257179323548181,0.2133454190039644,0.7140000000000001,0.143,0.0,0.0684488751005936,0.1381578947368421,0.0404909396167428,0.1836373248744382,0.414095464135021,0.2150476588878597,1,1,,,,
003df5deff30e1e5a07b5d063fe85c3f,2018-03-20,0.0772117574749629,0.804355605987867,0.0048482558871678,0.0253807106598984,0.0022676328940785,0.1531531531531531,0.0550013278708913,0.2910798122065727,0.1153899695248128,0.0827483514145926,0.2203194100816428,0.4029999999999999,0.025,0.0,0.0306081687873945,0.1710526315789473,0.0571643605627279,0.2854612741210679,0.4909546413502109,0.5072758239459767,0,0,,,,
003df5deff30e1e5a07b5d063fe85c3f,2018-03-27,0.1234860262482374,0.7263845851699909,0.0055175437369115,0.0236886632825719,0.0053757758663794,0.2342342342342342,0.0816552337886107,0.2863849765258215,0.1134147259114338,0.0921080621144437,0.2942882303416997,0.145,0.064,0.005,0.0534123114962503,0.1776315789473684,0.0381057141203033,0.2988104678826329,0.4674446202531644,0.5473152657842054,0,0,,,,
003df5deff30e1e5a07b5d063fe85c3f,2018-04-06,0.0411873169673524,0.7858879238860037,0.0065482936657851,0.0321489001692047,0.0002411591383187,0.4234234234234234,0.0012124383508051,0.1971830985915493,0.1243575755295534,0.1497553711976175,0.2797531684563996,0.509,0.381,0.038,0.0924411891627109,0.131578947368421,0.0706536212586117,0.1757071107586571,0.4086761603375527,0.3144888995129531,1,1,,,,
003df5deff30e1e5a07b5d063fe85c3f,2018-04-13,0.0,0.8199908348972198,0.0102585270070473,0.0389170896785109,2.7292357466591743e-05,0.4324324324324324,2.6788385275278747e-05,0.1596244131455399,0.1848282478648557,0.1665603063178047,0.2660922747404107,0.56,0.391,0.049,0.0916481030078958,0.0986842105263157,0.1230591095930064,0.1667988369019297,0.4249472573839662,0.287596737084292,1,1,,,,
003df5deff30e1e5a07b5d063fe85c3f,2018-04-19,0.0036407679236414,0.8059965958189675,0.0125252440452037,0.0439932318104906,3.998535744484354e-05,0.4414414414414415,2.710188679868182e-05,0.1314553990610328,0.2105609691861996,0.1803871516698574,0.2835304781474086,0.593,0.324,0.083,0.0965276238905541,0.0986842105263157,0.1508481445029815,0.1411842453079566,0.4285601265822784,0.2218902202169301,1,1,,,,
003df5deff30e1e5a07b5d063fe85c3f,2018-04-22,0.1003760078093929,0.7276000523720159,0.0141063491397202,0.0524534686971235,0.0006144612798173,0.4414414414414415,0.0033309472881673,0.1267605633802817,0.2151868016102938,0.1788981067857902,0.3131102645407069,0.5579999999999999,0.367,0.074,0.1012744777877561,0.1052631578947368,0.1452903375209865,0.1700766587364525,0.4150052742616033,0.2179460363940598,1,1,,,,
003df5deff30e1e5a07b5d063fe85c3f,2018-05-01,0.0967352398857514,0.6977349103129227,0.0173548438250616,0.0592216582064297,0.0006124085061892,0.4954954954954955,0.0033329626551035,0.1455399061032863,0.217246698521389,0.1618804509678791,0.3605056627388237,0.556,0.3879999999999999,0.0559999999999999,0.1217460141589204,0.1644736842105263,0.1167139466218954,0.1943695479777954,0.4023470464135021,0.3628649117040667,1,1,,,,
003df5deff30e1e5a07b5d063fe85c3f,2018-05-11,0.0008387866517227,0.7810435124165322,0.0163893902717728,0.0524534686971235,4.465003739349736e-05,0.5495495495495495,4.4984269613203936e-05,0.1549295774647887,0.2306783550923661,0.1384811742182514,0.3229164314584415,0.62,0.32,0.061,0.1140527868814219,0.1184210526315789,0.1206738840965669,0.1900872323552736,0.5008966244725738,0.4116592464218484,1,1,,,,
003df5deff30e1e5a07b5d063fe85c3f,2018-05-17,0.0008387866517227,0.7915048225897962,0.0093583698293432,0.0304568527918781,4.418917055214099e-05,0.5585585585585586,4.373026351959165e-05,0.1455399061032863,0.2297528123706685,0.1352903637523931,0.3074523642861981,0.61,0.327,0.063,0.1101019348969571,0.1052631578947368,0.1262316910785619,0.2038065027755749,0.4936708860759493,0.4207428212866406,0,0,,,,
003df5deff30e1e5a07b5d063fe85c3f,2018-05-21,0.0,0.7902282547025706,0.0,0.0,3.883957762176995e-05,0.5675675675675675,2.826632102846465e-05,0.1314553990610328,0.193434666466007,0.1389066156136992,0.3100909973581412,0.568,0.297,0.135,0.1163343674554763,0.0986842105263157,0.1063856886470213,0.1988104678826328,0.4602056962025316,0.4505034810410255,0,0,,,,
003df5deff30e1e5a07b5d063fe85c3f,2018-05-29,0.0,0.7990398463754201,0.0,0.0,3.819495363897726e-05,0.5315315315315315,2.801040141752337e-05,0.1737089201877934,0.2256254938109033,0.1499680918953414,0.2970655690641239,0.479,0.314,0.206,0.1143983041951925,0.1052631578947368,0.0992415909222486,0.1374834787205921,0.4159018987341772,0.2245196760988436,1,1,,,,
003df5deff30e1e5a07b5d063fe85c3f,2018-06-06,0.0384214902924906,0.7855605987867151,0.0,0.0,0.0001777226355242,0.3693693693693693,0.0029835364163145,0.1784037558685446,0.2378024003912863,0.1427355881727292,0.2827079213829276,0.55,0.289,0.09,0.0878721964987579,0.1644736842105263,0.1286169165750014,0.2063177372455723,0.451173523206751,0.2000776884692383,0,0,,,,
003df5deff30e1e5a07b5d063fe85c3f,2018-06-13,0.1308760258866915,0.755817658098023,0.0,0.0,0.0006045482207648,0.2162162162162162,0.0071947447982755,0.2206572769953051,0.1851536927649648,0.112529249095937,0.2441896848156021,0.73,0.127,0.0,0.0613898251711549,0.1710526315789473,0.0905112024546981,0.2113930742796722,0.4565928270042194,0.1949681776077927,0,0,,,,
003df5deff30e1e5a07b5d063fe85c3f,2018-06-23,0.1606782602407896,0.771775847772007,0.0,0.0,0.0005715200855733,0.2342342342342342,0.0089026563118435,0.2206572769953051,0.155703751081681,0.0987024037438842,0.1940072707566554,0.929,0.0,0.0,0.0364673843318832,0.0986842105263157,0.9900769987842296,0.2981760507533703,0.4195279535864978,0.3849762452565213,0,0,,,,
003df5deff30e1e5a07b5d063fe85c3f,2018-06-27,0.1564445569254131,0.7713525073102605,0.0,0.0,0.0005427006767816,0.2702702702702703,0.0101916210243104,0.1877934272300469,0.1359720079762218,0.1150818974686237,0.1984103687312303,0.7859999999999999,0.0,0.0,0.0446723271247128,0.0789473684210526,0.9742025125919064,0.3006344171292625,0.3697916666666666,0.3754444676845848,0,0,,,,
003df5deff30e1e5a07b5d063fe85c3f,2018-07-04,0.1271087168733504,0.77081132981277,0.0,0.0,0.0005058224855465,0.2882882882882883,0.0111035841599094,0.2065727699530516,0.1227961924827871,0.1459263986385875,0.2253837791806044,0.643,0.0,0.0,0.0654616811093875,0.1184210526315789,0.9567301568922596,0.2908273856727465,0.3697916666666666,0.3519885260106971,0,0,,,,
003df5deff30e1e5a07b5d063fe85c3f,2018-07-11,0.1022741241548863,0.7843734997599615,0.0,0.0,0.0004694031958358,0.2882882882882883,0.01112184402415,0.2253521126760563,0.1536156364046803,0.1595405232929164,0.22749662106584,0.5710000000000001,0.0,0.0,0.0703849383608775,0.0986842105263157,0.0,0.1321966693100713,0.3553270042194093,0.1468312068604894,0,0,,,,
003df5deff30e1e5a07b5d063fe85c3f,2018-07-31,0.1113416970967858,0.7729738576354035,0.0,0.0,0.0186152499300926,0.1891891891891892,0.3357768239213128,0.2676056338028169,0.1051318710259979,0.1093384386300787,0.2362544313229616,0.143,0.0,0.0,0.0523145286385743,0.25,0.9964337405198864,0.2862278614855934,0.4782964135021096,0.5776735291481161,0,0,,,,
003df5deff30e1e5a07b5d063fe85c3f,2018-08-08,0.0609855743157742,0.8050298956924018,0.0,0.0,0.000270330338857,0.2792792792792793,0.0113336302981845,0.2300469483568075,0.1673558072162233,0.1480536056158264,0.2337964381679241,0.357,0.0,0.0,0.0733750481100057,0.131578947368421,0.94322931743183,0.1067406819984139,0.3788370253164557,0.4702542803358533,0,0,,,,
003df5deff30e1e5a07b5d063fe85c3f,2018-08-14,0.0701001482338479,0.7910596604547638,0.0,0.0,0.0003002424639122,0.3243243243243243,0.0111582293948356,0.2582159624413145,0.1733360924037774,0.1557115507338864,0.2463186552648471,0.429,0.0,0.0,0.0794164985246265,0.0657894736842105,0.9615006078851388,0.0789320644990748,0.3489978902953586,0.1200884453342098,0,0,,,,
003df5deff30e1e5a07b5d063fe85c3f,2018-08-25,0.1531147185364619,0.7051259110548598,0.0,0.0,0.0006850024036416,0.3243243243243243,0.0122615244295646,0.2159624413145539,0.1798487527747469,0.1497553711976175,0.2992816337590199,0.429,0.0,0.0,0.0946498757887125,0.1578947368421052,0.9964337405198864,0.1153317472905101,0.342668776371308,0.231870200496011,0,0,,,,
003df5deff30e1e5a07b5d063fe85c3f,2018-08-26,0.1354459669546983,0.7318247283201678,0.0,0.0,0.0006149870021203,0.3063063063063063,0.0132907947168288,0.2206572769953051,0.1750761879679446,0.1416719846841097,0.2755758703779568,0.357,0.0,0.0,0.0882716553340875,0.1578947368421052,0.9956348057662248,0.1137721385144065,0.3453850210970464,0.2396091672393701,0,0,,,,
003df5deff30e1e5a07b5d063fe85c3f,2018-09-02,0.2160996420694891,0.7479291232051675,0.0,0.0,0.001058656336887,0.2072072072072072,0.0134871298443527,0.2676056338028169,0.1481244591594868,0.1118910870027653,0.1798141344283552,0.7859999999999999,0.0,0.0,0.0392358964789307,0.1447368421052631,0.0095177444566664,0.1062913031985197,0.4150052742616033,0.2292407446140975,0,0,,,,
003df5deff30e1e5a07b5d063fe85c3f,2018-09-13,0.1086228713980982,0.7782939815825078,0.0,0.0,0.0004327519987166,0.2972972972972973,0.0065753681558754,0.295774647887324,0.1357349787426163,0.1191235907253775,0.2308126538261792,0.7879999999999999,0.07,0.142,0.0548177068147094,0.1118421052631579,0.0087303884675505,0.0915675389902194,0.4412183544303797,0.1412734932918994,0,0,,,,
003df5deff30e1e5a07b5d063fe85c3f,2018-09-19,0.064998734589103,0.7509470606206082,0.0,0.0,0.0002302712820239,0.5045045045045045,0.002480398461204,0.2300469483568075,0.1792731103502765,0.2027228249308657,0.3101619630397826,0.5539999999999999,0.2239999999999999,0.222,0.0995396018240981,0.125,0.0492213280842934,0.1282051282051282,0.4168117088607594,0.1307556697642453,0,0,,,,
003df5deff30e1e5a07b5d063fe85c3f,2018-09-23,0.0051990310567988,0.7968489503775148,0.0,0.0,4.972546859947944e-05,0.5495495495495495,6.245718105022e-05,0.1784037558685446,0.1864423040746453,0.2354818123803446,0.2956656097081052,0.419,0.365,0.216,0.1062647974714547,0.1184210526315789,0.0920974931974758,0.1526830557758392,0.4131988396624472,0.0985149550303284,1,1,,,,
003df5deff30e1e5a07b5d063fe85c3f,2018-10-04,0.0,0.8380526338759657,0.0,0.0,2.516195381614273e-05,0.4414414414414415,2.9449949229068085e-05,0.1784037558685446,0.165561157304639,0.2152733460965752,0.239393049879197,0.542,0.417,0.0409999999999999,0.1345403599211579,0.1118421052631579,0.1047993979042436,0.110071371927042,0.4267536919831223,0.1302775868766247,1,1,,,,
003df5deff30e1e5a07b5d063fe85c3f,2018-10-10,0.0458114899309447,0.7608650111290532,0.0,0.0,0.0002958696335412,0.4864864864864865,2.934758138469157e-05,0.164319248826291,0.1680349147823469,0.2301637949372474,0.3126199561948201,0.523,0.419,0.0579999999999999,0.2109026020223696,0.1118421052631579,0.1143287211254559,0.1538725878932064,0.4195279535864978,0.1716915170167627,1,1,,,,
003df5deff30e1e5a07b5d063fe85c3f,2018-10-15,0.0458114899309447,0.7394623139702353,0.0,0.0,0.0002972384768461,0.4954954954954955,2.9258009520862123e-05,0.1408450704225352,0.1618288874675495,0.2352690916826207,0.3442609730685237,0.569,0.358,0.073,0.1149289721370172,0.0986842105263157,0.1405314652926532,0.1430874966957441,0.4249472573839662,0.1653867989362656,1,1,,,,
003df5deff30e1e5a07b5d063fe85c3f,2018-10-19,0.0458114899309447,0.738142102736438,0.0,0.0,0.0002984383028872,0.4594594594594594,2.811276926189988e-05,0.1314553990610328,0.143071597878024,0.2218676877260157,0.3462093036008631,0.6459999999999999,0.292,0.062,0.1149289721370172,0.0789473684210526,0.153233369999421,0.1055775839280993,0.4321861814345991,0.1733946873039113,0,0,,,,
003df5deff30e1e5a07b5d063fe85c3f,2018-10-23,0.0,0.7798891458997075,0.0,0.0,3.366194993071098e-05,0.4234234234234234,3.000657438286537e-05,0.1549295774647887,0.1436077354302268,0.2199532014465007,0.325371198900677,0.6940000000000001,0.253,0.053,0.0910299623284076,0.0723684210526315,0.1516470792566433,0.0957176843774782,0.4556962025316455,0.1028475811993904,0,0,,,,
003df5deff30e1e5a07b5d063fe85c3f,2018-10-29,0.0400014461838822,0.7282656134072361,0.0,0.0,0.0003187390450526,0.4774774774774775,0.0016602017000982,0.1690140845070422,0.1629406674442229,0.249946819825569,0.3659926002148325,0.721,0.216,0.063,,0.0986842105263157,0.1405314652926532,0.2053925455987311,0.4547863924050632,0.1394508022828458,1,1,,,,
003df5deff30e1e5a07b5d063fe85c3f,2018-11-10,0.0154886293792255,0.7663880766377166,0.0,0.0,0.0001675678424782,0.4774774774774775,0.0008550210221645,0.2065727699530516,0.1917528876180443,0.2507977026164645,0.3315097303626669,0.6709999999999999,0.294,0.035,,0.0789473684210526,0.1349736583106582,0.1121860956912503,0.4882383966244725,0.110945110108465,1,1,,,,
003df5deff30e1e5a07b5d063fe85c3f,2018-11-13,0.0006073972305578,0.7799022389036792,0.0,0.0,3.5438596517432294e-05,0.4504504504504504,3.617423700655028e-05,0.1924882629107981,0.2027653410587306,0.2512231440119123,0.3248099248731488,0.609,0.366,0.025,,0.0855263157894736,0.1603774677241938,0.1303462860163891,0.5036128691983122,0.1046403920279678,1,1,,,,
003df5deff30e1e5a07b5d063fe85c3f,2018-11-18,0.0150366969160128,0.7841072753458735,0.0,0.0,0.0001274842191823,0.3963963963963964,0.0006232154365642,0.1737089201877934,0.2203675834305278,0.2369708572644118,0.3057201565115851,0.654,0.3279999999999999,0.018,,0.1052631578947368,0.1786371794129566,0.184853291038858,0.5054193037974684,0.1102578659575103,0,0,,,,
003df5deff30e1e5a07b5d063fe85c3f,2018-12-01,0.1701363028309049,0.7555667088552351,0.0,0.0,0.0008335361507743,0.1891891891891892,0.0129282142100374,0.2394366197183098,0.1978103013657398,0.1784726653903424,0.2095294007593328,0.688,0.027,0.0,,0.1776315789473684,0.1143287211254559,0.284588950568332,0.5008966244725738,0.2488122628260675,0,0,,,,
003df5deff30e1e5a07b5d063fe85c3f,2018-12-06,0.1818431613579667,0.7393270195958624,0.0,0.0,0.0008320110647662,0.1801801801801802,0.0129379263592727,0.2863849765258215,0.1881015087098837,0.1703892788768347,0.2230935230912651,0.7140000000000001,0.0,0.0,,0.1381578947368421,0.073837781508713,0.1503039915411049,0.5063291139240506,0.1865120865330026,0,0,,,,
003df5deff30e1e5a07b5d063fe85c3f,2018-12-14,0.1247550526049387,0.7992253305983503,0.0,0.0,0.0003497271811767,0.1801801801801802,0.0084023334724533,0.2629107981220657,0.2154407615034425,0.2150606253988513,0.1854817118212697,0.929,0.0,0.0,,0.0789473684210526,0.0944827186939153,0.0495902722706846,0.5063291139240506,0.1438133086323841,0,0,,,,
003df5deff30e1e5a07b5d063fe85c3f,2018-12-22,0.1288983694276727,0.8184938681098067,0.0,0.0,0.0002715272169227,0.1441441441441441,0.0082824287367371,0.2347417840375587,0.2055852364648782,0.1937885556264624,0.153302000909651,1.0,0.0,0.0,,0.0657894736842105,0.085740751461819,0.0443827650013217,0.4638317510548522,0.1043117100427286,0,0,,,,
003df5deff30e1e5a07b5d063fe85c3f,2018-12-26,0.126132542752811,0.79727447300659,0.0,0.0,0.0002947513681564,0.1531531531531531,0.0082834012312586,0.2347417840375587,0.1866718085706761,0.173580089342693,0.1871365024886374,0.929,0.0,0.0,,0.0789473684210526,0.080182944479824,0.0471583399418451,0.4593090717299578,0.1007858487465264,0,0,,,,
003df5deff30e1e5a07b5d063fe85c3f,2019-01-01,0.1007411692396688,0.7692881770174136,0.0,0.0,0.0003637398915343,0.1711711711711711,0.00877907273172,0.2206572769953051,0.1637157154144249,0.1661348649223569,0.2511572244676767,0.929,0.0,0.0,,0.0855263157894736,0.1143287211254559,0.1529738302934179,0.4828190928270042,0.0873098873517196,0,0,,,,
003df5deff30e1e5a07b5d063fe85c3f,2019-01-10,0.0480711522470082,0.7578645310522409,0.0,0.0,0.0002982004995277,0.3513513513513513,0.0039286475395207,0.2065727699530516,0.2438052597915647,0.2052754733035524,0.3150392407962349,0.769,0.174,0.057,,0.0855263157894736,0.1198865281074509,0.1322495374041765,0.4746835443037975,0.1272298084680431,0,0,,,,
003df5deff30e1e5a07b5d063fe85c3f,2019-01-14,0.0232184822300155,0.7888403962815868,0.0,0.0,0.0001898604334441,0.3963963963963964,0.0013468985143936,0.2065727699530516,0.2417227886677452,0.2133588598170601,0.2914237973736246,0.6890000000000001,0.244,0.067,,0.0855263157894736,0.1175013026110114,0.0892942109436954,0.4728639240506329,0.1361042220695013,0,0,,,,
003df5deff30e1e5a07b5d063fe85c3f,2019-01-25,0.0004555479229183,0.8234953956269366,0.0,0.0,2.070166683764269e-05,0.3963963963963964,3.170204180535137e-05,0.1971830985915493,0.164428684299635,0.2054881940012763,0.2605053401675435,0.687,0.266,0.046,,0.0921052631578947,0.1310021420714409,0.0622786148559344,0.4773866033755274,0.1531060447605103,0,0,,,,
003df5deff30e1e5a07b5d063fe85c3f,2019-01-27,0.0004555479229183,0.8048509579714573,0.0,0.0,2.304727270185939e-05,0.4144144144144144,3.169564381507784e-05,0.1830985915492957,0.1676812521163324,0.2069772388853435,0.2880690560596627,0.649,0.297,0.054,,0.0789473684210526,0.136559949053436,0.0594501718213058,0.4665348101265822,0.1400185257118953,1,1,,,,
003df5deff30e1e5a07b5d063fe85c3f,2019-02-04,0.0005603962543837,0.8062693667350413,0.0,0.0,2.5716173215982786e-05,0.4684684684684685,3.488824096157033e-05,0.1596244131455399,0.1756612363143835,0.2495213784301212,0.28587557135438,0.609,0.3429999999999999,0.048,,0.0986842105263157,0.1325884328142187,0.0763943959820248,0.4367088607594936,0.1750679774105835,1,1,,,,
003df5deff30e1e5a07b5d063fe85c3f,2019-02-10,0.0001048483314653,0.8238270850608824,0.0,0.0,2.4290335717458105e-05,0.4594594594594594,3.460033139926139e-05,0.1455399061032863,0.1930019940554573,0.2688789619229951,0.2603279259634397,0.586,0.367,0.047,,0.0921052631578947,0.1349736583106582,0.0766323024054982,0.4267536919831223,0.1507753906833597,1,1,,,,
003df5deff30e1e5a07b5d063fe85c3f,2019-02-23,0.0023970497848801,0.8228385632610308,0.0,0.0,3.178408951742312e-05,0.4954954954954955,3.3563856974949205e-05,0.1830985915492957,0.1723315399375446,0.2303765156349712,0.2597472976591002,0.405,0.307,0.216,,0.131578947368421,0.1429051120245469,0.125350251123447,0.4737737341772152,0.1428870230376191,0,0,,,,
003df5deff30e1e5a07b5d063fe85c3f,2019-02-25,0.0023970497848801,0.8197529786584036,0.0,0.0,3.2110332142860886e-05,0.4864864864864865,3.337191726674324e-05,0.1971830985915493,0.1736803491478234,0.238459902148479,0.2643052298481657,0.372,0.298,0.258,,0.1447368421052631,0.136559949053436,0.1312979117102828,0.4801028481012658,0.1534944871067021,1,1,,,,
003df5deff30e1e5a07b5d063fe85c3f,2019-03-03,0.0027947503525073,0.7952145070484005,0.0,0.0,4.413512433407149e-05,0.4684684684684685,6.458131382103263e-05,0.2018779342723004,0.1774276684600624,0.2533503509891512,0.3002235418971707,0.349,0.2239999999999999,0.355,,0.131578947368421,0.1167139466218954,0.0986254295532646,0.4656381856540084,0.1518510771805061,1,1,,,,
003df5deff30e1e5a07b5d063fe85c3f,2019-03-16,0.0987165118044759,0.7672674900711387,0.0,0.0,0.0005297138619088,0.3063063063063063,0.0104795561785804,0.1549295774647887,0.1865871552729598,0.2054881940012763,0.2559570851168837,0.245,0.114,0.212,,0.125,0.0865396862154808,0.1175257731958763,0.3779272151898734,0.1950876983296979,0,0,,,,
003df5deff30e1e5a07b5d063fe85c3f,2019-03-17,0.1429335840052062,0.748289180814385,0.0,0.0,0.0007950041452663,0.3063063063063063,0.0123325549175813,0.1455399061032863,0.1837258738101508,0.188895979578813,0.2445574160750171,0.1939999999999999,0.104,0.2019999999999999,,0.1184210526315789,0.085740751461819,0.1172349986782976,0.3707014767932489,0.1762930648101114,0,0,,,,
003df5deff30e1e5a07b5d063fe85c3f,2019-03-29,0.1237608011858707,0.7180334308034741,0.0,0.0,0.0006839912480345,0.4414414414414415,0.0083494540828426,0.1549295774647887,0.2011004928703111,0.2122952563284407,0.3063878790615756,0.048,0.18,0.2,,0.0592105263157894,0.0873270422045967,0.0899021940259053,0.3806434599156117,0.1174888696327726,0,0,,,,
003df5deff30e1e5a07b5d063fe85c3f,2019-04-02,0.0664846885281463,0.7167786845895344,0.0,0.0,0.0003901675095118,0.5225225225225225,0.0034954396180998,0.1830985915492957,0.1917303134053199,0.2348436502871729,0.3593444061301445,0.171,0.3289999999999999,0.215,,0.1184210526315789,0.0603369420482834,0.1177372455722971,0.3806434599156117,0.1013834523560522,1,1,,,,
003df5deff30e1e5a07b5d063fe85c3f,2019-04-07,0.0025814382298709,0.7529764762361977,0.0,0.0,4.981685584094243e-05,0.6036036036036037,6.556020633288305e-05,0.1971830985915493,0.1747676737273787,0.2512231440119123,0.3628507559457951,0.215,0.47,0.315,,0.0986842105263157,0.0650958142766166,0.1138250066085117,0.4005406118143459,0.0961245405922252,1,1,,,,
003df5deff30e1e5a07b5d063fe85c3f,2019-04-18,0.0012907191149354,0.7772792737747132,0.0,0.0,3.584148650667773e-05,0.4774774774774775,3.467070929227025e-05,0.2018779342723004,0.1745193573874111,0.2407998298234418,0.3280743462286579,0.185,0.428,0.3879999999999999,,0.1118421052631579,0.0762114282406067,0.0824213587100185,0.4168117088607594,0.1347297337675919,0,0,,,,
003df5deff30e1e5a07b5d063fe85c3f,2019-04-22,0.0004880870602697,0.7758826866844151,0.0,0.0,3.6072411256611085e-05,0.4954954954954955,3.431881982722598e-05,0.2018779342723004,0.1720343128033409,0.242288874707509,0.3308581363766858,0.183,0.414,0.4029999999999999,,0.1118421052631579,0.0833671047299253,0.0948189267776896,0.4276635021097046,0.1434846266471449,0,0,,,,
003df5deff30e1e5a07b5d063fe85c3f,2019-04-28,0.0004880870602697,0.7635818094531487,0.0,0.0,3.5853278408801984e-05,0.5225225225225225,3.532330430017052e-05,0.1877934272300469,0.1713251062869182,0.2405871091257179,0.3490414794409194,0.174,0.362,0.4639999999999999,,0.0789473684210526,0.0984426561685868,0.1142215173143008,0.4294699367088607,0.0922699973107837,1,1,,,,
003df5deff30e1e5a07b5d063fe85c3f,2019-05-17,0.0028525977077985,0.7307838345044296,0.0,0.0,4.214229287507214e-05,0.5495495495495495,3.3519071043034474e-05,0.1455399061032863,0.1782836073591933,0.2616464582003829,0.3954143266808383,0.233,0.384,0.382,,0.1052631578947368,0.1151160771145718,0.1681998413957177,0.3996308016877637,0.1308453103056742,0,0,,,,
003df5deff30e1e5a07b5d063fe85c3f,2019-05-19,0.0028525977077985,0.7165670143586609,0.0,0.0,4.30630438992745e-05,0.5945945945945946,3.364703084850512e-05,0.1220657276995305,0.1886432898152676,0.2773877898319506,0.4164298455851282,0.2319999999999999,0.373,0.395,,0.1118421052631579,0.1310021420714409,0.1860163891091726,0.393301687763713,0.1204470074999253,0,0,,,,
003df5deff30e1e5a07b5d063fe85c3f,2019-05-30,0.0145992262916229,0.7245581111159605,0.0,0.0,9.311573778270204e-05,0.4504504504504504,0.0002223365599955,0.1596244131455399,0.1634824485496068,0.2507977026164645,0.3941369444112912,0.24,0.534,0.226,,0.1052631578947368,0.1262316910785619,0.1391752577319587,0.4285601265822784,0.2013326560492425,0,0,,,,
003df5deff30e1e5a07b5d063fe85c3f,2019-06-05,0.0403521457753353,0.7447387945707675,0.0,0.0,0.0002107124470338,0.3873873873873873,0.0019826348179232,0.1455399061032863,0.1500451484254486,0.2261221016804935,0.3413320258444109,0.187,0.411,0.258,,0.1184210526315789,0.1286169165750014,0.1145651599259846,0.4186181434599155,0.268951504467087,0,0,,,,
003df5deff30e1e5a07b5d063fe85c3f,2019-06-14,0.1857297805415959,0.6869986470562561,0.0,0.0,0.0010037611018645,0.2162162162162162,0.0071106752060813,0.1408450704225352,0.1726193611497799,0.2012337800467985,0.296978474818473,0.0279999999999999,0.034,0.153,,0.1381578947368421,0.084953395472703,0.1503039915411049,0.363462552742616,0.273074969372815,0,0,,,,
003df5deff30e1e5a07b5d063fe85c3f,2019-07-17,0.0,1.0,0.0,0.0,6.227106980117804e-05,0.4054054054054054,5.230357048612461e-05,0.3708920187793427,0.1151623462131758,0.2195277600510529,0.0,0.5660000000000001,0.3279999999999999,0.106,,0.2828947368421052,0.9809529323221212,0.2265133491937615,0.4936708860759493,0.2795589685361699,0,0,,,,
003df5deff30e1e5a07b5d063fe85c3f,2019-07-24,0.0,1.0,0.0,0.0,0.0003211190439647,0.3603603603603604,5.357037256028396e-05,0.3474178403755869,0.1056586026562323,0.1878323760901935,0.0,0.685,0.18,0.064,,0.25,0.0039599374746714,0.2017710811525244,0.4954773206751054,0.3436818358382885,0,0,,,,
003df5deff30e1e5a07b5d063fe85c3f,2019-07-29,0.0,1.0,0.0,0.0,0.0003232464996396,0.3963963963963964,5.767148432561801e-05,0.3333333333333333,0.1110218593626547,0.1901723037651563,0.0,0.5920000000000001,0.246,0.09,,0.2631578947368421,0.0484223933306316,0.1883425852498017,0.5280195147679324,0.3541996593659426,0,0,,,,
003df5deff30e1e5a07b5d063fe85c3f,2019-08-04,0.0,1.0,0.0,0.0,4.1860269882600326e-05,0.4414414414414415,3.108783473909229e-05,0.323943661971831,0.1173595695850107,0.1986811316741119,0.0,0.644,0.293,0.063,,0.1842105263157894,0.0468361025878538,0.1847739888977002,0.5180775316455696,0.2236232706845549,0,0,,,,
003df5deff30e1e5a07b5d063fe85c3f,2019-08-17,0.0,1.0,0.0,0.0,5.728014722708646e-05,0.4234234234234234,2.8413474804755893e-05,0.2816901408450704,0.1214304526129651,0.2146351840034035,0.0,0.6679999999999999,0.276,0.055,,0.1447368421052631,0.0523939095698489,0.1687020882897171,0.4791930379746835,0.1449786356709594,0,0,,,,
003df5deff30e1e5a07b5d063fe85c3f,2019-08-19,0.0,1.0,0.0,0.0,5.747864424617811e-05,0.4414414414414415,2.859901652268832e-05,0.2488262910798122,0.1279694495654464,0.2265475430759412,0.0,0.635,0.313,0.052,,0.1184210526315789,0.0746251374978289,0.1078244779275707,0.4683544303797468,0.1502076672543102,0,0,,,,
003df5deff30e1e5a07b5d063fe85c3f,2019-08-27,0.0,1.0,0.0,0.0,6.460291844624976e-05,0.3963963963963964,3.156128601933366e-05,0.2394366197183098,0.1406392264569773,0.2325037226122101,0.0,0.629,0.3389999999999999,0.032,,0.1118421052631579,0.0698662652694957,0.1016917790113666,0.451173523206751,0.1492813816595452,0,0,,,,
003df5deff30e1e5a07b5d063fe85c3f,2019-09-07,0.0,1.0,0.0,0.0,0.0018987084962435,0.2882882882882883,0.0164448887578552,0.3004694835680751,0.1608638398735844,0.1954903212082535,0.0,0.176,0.102,0.0069999999999999,,0.125,0.0214322931743183,0.1559608776103621,0.4620253164556961,0.2109839543430842,0,0,,,,
003df5deff30e1e5a07b5d063fe85c3f,2019-09-14,0.0,1.0,0.0,0.0,0.0018391751130522,0.2432432432432432,0.0181193643742537,0.3051643192488262,0.172587381015087,0.2018719421399702,0.0,0.0,0.018,0.054,,0.1447368421052631,0.016673420945985,0.1341792228390166,0.46292194092827,0.2371888726207906,0,0,,,,
003df5deff30e1e5a07b5d063fe85c3f,2019-09-21,0.0,1.0,0.0,0.0,0.0002217162570328,0.4594594594594594,0.0042319058804958,0.2629107981220657,0.1755069791941006,0.2593065305254201,0.0,0.096,0.1969999999999999,0.278,,0.0921052631578947,0.0389046488739651,0.0845625165212794,0.4421281645569619,0.1776376729315445,0,0,,,,
003df5deff30e1e5a07b5d063fe85c3f,2019-09-28,0.0,1.0,0.0,0.0,4.7077203914073496e-05,0.7207207207207208,3.4843455029655616e-05,0.2816901408450704,0.1459404040784077,0.2769623484365028,0.0,0.2239999999999999,0.359,0.417,,0.0921052631578947,0.0357204886238638,0.0762357916997092,0.4583992616033754,0.1556757402814713,1,1,,,,
003df5deff30e1e5a07b5d063fe85c3f,2019-10-02,0.0,1.0,0.0,0.0,4.40348931660153e-05,0.6936936936936937,3.572637768740304e-05,0.2910798122065727,0.1451503066330561,0.2635609444798979,0.0,0.278,0.375,0.346,,0.1184210526315789,0.0428645863486366,0.1173936029606132,0.4755801687763712,0.1660740430872202,1,1,,,,
003df5deff30e1e5a07b5d063fe85c3f,2019-10-12,0.0,1.0,0.0,0.0,0.0002261136538666,0.5765765765765766,0.0008138947406862,0.2676056338028169,0.1533447458519884,0.2580302063390767,0.0,0.337,0.371,0.221,,0.1184210526315789,0.0762114282406067,0.1372720063441712,0.4891482067510548,0.1308154301251979,0,0,,,,
003df5deff30e1e5a07b5d063fe85c3f,2019-10-13,0.0,1.0,0.0,0.0,0.0002872124120649,0.5765765765765766,0.0008139011386765,0.2723004694835681,0.1631965085217653,0.2593065305254201,0.0,0.335,0.408,0.185,,0.1118421052631579,0.0658947490302784,0.1180280200898757,0.483715717299578,0.1397496040876087,0,0,,,,
003df5deff30e1e5a07b5d063fe85c3f,2019-10-25,0.0,0.8679788766202592,0.0,0.0,0.0002738738054454,0.1171171171171171,0.0007750525417356,0.3708920187793427,0.1616069077090936,0.2171878323760901,0.195155624514127,0.203,0.075,0.008,,0.375,0.0079314537138887,0.1843510441448586,0.520793776371308,0.4847162876863776,0,0,,,,
003df5deff30e1e5a07b5d063fe85c3f,2019-10-29,0.0031526808633717,0.7248286998647057,0.0,0.0,0.0,0.0,0.0,0.2629107981220657,0.1826836976560442,0.2265475430759412,0.4039495627546297,0.0,0.0,0.0,,0.2368421052631579,0.0444624558559601,0.2164419772667195,0.4462025316455695,0.2302566707502913,0,0,,,,
003df5deff30e1e5a07b5d063fe85c3f,2019-11-03,0.0399689070465309,0.7139462313970236,0.0,0.0,0.0,0.0,0.0,0.2300469483568075,0.1914857594341397,0.2395235056370984,0.387188759036028,0.0,0.0,0.0,,0.1973684210526315,0.0564233196317952,0.1820248480042294,0.4245253164556962,0.2260136851226581,0,0,,,,
003df5deff30e1e5a07b5d063fe85c3f,2019-11-11,0.0365089121081745,0.7570003927901192,0.0,0.0,0.0,0.0,0.0,0.1971830985915493,0.1846777531133601,0.2369708572644118,0.3266324526062146,0.0,0.0,0.0,,0.0723684210526315,0.0817692352226017,0.1116838487972508,0.4177215189873417,0.2013625362297188,0,0,,,,
003df5deff30e1e5a07b5d063fe85c3f,2019-11-19,0.0027260566180989,0.7779317418059617,0.0,0.0,0.0,0.0,0.0,0.2206572769953051,0.1643289815267692,0.2263348223782174,0.3258324758313468,0.0,0.0,0.0,,0.0921052631578947,0.1095582701325768,0.0754163362410785,0.4782964135021096,0.1533749663847969,1,1,,,,
003df5deff30e1e5a07b5d063fe85c3f,2019-11-25,0.0015329549152174,0.8012983895605116,0.0,0.0,0.0,0.0,0.0,0.2347417840375587,0.1581417660559088,0.2012337800467985,0.2923592540861717,0.0,0.0,0.0,,0.1118421052631579,0.1206738840965669,0.0824213587100185,0.5054193037974684,0.204679236262587,0,0,,,,
003df5deff30e1e5a07b5d063fe85c3f,2019-12-05,0.1099967460862648,0.7207676864661982,0.0,0.0,0.0,0.0,0.0,0.2018779342723004,0.1754938109033447,0.164007657945118,0.3146263495575935,0.0,0.0,0.0,,0.131578947368421,0.0984426561685868,0.2344964314036479,0.4412183544303797,0.2392207248931783,0,0,,,,
003df5deff30e1e5a07b5d063fe85c3f,2019-12-12,0.095625293756101,0.7049120586566578,0.0,0.0,0.0,0.0,0.0,0.2018779342723004,0.255069791941006,0.1693256753882152,0.3508898128764003,0.0,0.0,0.0,,0.1184210526315789,0.0293753256527528,0.2124240021147237,0.3661787974683544,0.1627872232348283,0,0,,,,
003df5deff30e1e5a07b5d063fe85c3f,2019-12-23,0.1793629559998553,0.6815956007506656,0.0,0.0,0.0,0.0,0.0,0.352112676056338,0.191619323526092,0.125930653052542,0.3106425942472638,0.0,0.0,0.0,,0.4605263157894737,0.9837318358131188,0.2086174993391488,0.4746835443037975,0.5568769235366182,0,0,,,,
003df5deff30e1e5a07b5d063fe85c3f,2019-12-31,0.229827542572038,0.6499236241434992,0.0,0.0,0.0,0.0,0.0,0.295774647887324,0.1256988600022574,0.1159327802595192,0.3124360905651125,0.0,0.0,0.0,,0.3618421052631579,0.0010073525154865,0.1990483743061062,0.5350870253164557,0.5721158155795262,0,0,,,,
003df5deff30e1e5a07b5d063fe85c3f,2020-01-05,0.2204454246357424,0.6035962117575174,0.0,0.0,0.0,0.0,0.0,0.2347417840375587,0.1739493585161217,0.1431610295681769,0.3892919237828579,0.0,0.0,0.0,,0.1447368421052631,0.034134197881086,0.1474755485064763,0.4864319620253164,0.3942988615651239,1,1,,,,
003df5deff30e1e5a07b5d063fe85c3f,2020-01-14,0.1813984598141653,0.5932200061100684,0.0,0.0,0.0,0.0,0.0,0.2065727699530516,0.2178938259528199,0.1595405232929164,0.4394678864162007,0.0,0.0,0.0,,0.1381578947368421,0.0404909396167428,0.1299497753106,0.3806434599156117,0.2225774643678848,0,0,,,,
003df5deff30e1e5a07b5d063fe85c3f,2020-01-19,0.1065259047687913,0.6880351765373367,0.0,0.0,0.0,0.0,0.0,0.1690140845070422,0.2397343767636103,0.1857051691129546,0.3661087258757003,0.0,0.0,0.0,,0.131578947368421,0.0555780698199502,0.1386465767909067,0.3598496835443038,0.2115217975916574,0,0,,,,
003df5deff30e1e5a07b5d063fe85c3f,2020-01-30,0.0133193535558046,0.8073277178894079,0.0,0.0,0.0,0.0,0.0,0.2065727699530516,0.255500583167162,0.2082535630716868,0.272927560167608,0.0,0.0,0.0,,0.0789473684210526,0.0690673305158339,0.0869415807560137,0.4131988396624472,0.1214928138165954,0,0,,,,
003df5deff30e1e5a07b5d063fe85c3f,2020-02-06,0.016294876893597,0.7931152620782962,0.0,0.0,0.0,0.0,0.0,0.2018779342723004,0.264453139696753,0.2178259944692618,0.2912818660103416,0.0,0.0,0.0,,0.0789473684210526,0.0881259769582585,0.077583928099392,0.430379746835443,0.130098305793767,0,0,,,,
003df5deff30e1e5a07b5d063fe85c3f,2020-02-12,0.0170541234317943,0.7620979356697071,0.0,0.0,0.0,0.0,0.0,0.1830985915492957,0.2202095639414575,0.2005956179536268,0.3364547480879587,0.0,0.0,0.0,,0.0986842105263157,0.1079719793897991,0.1226011102299762,0.4339926160337552,0.1194609615442077,1,1,,,,
003df5deff30e1e5a07b5d063fe85c3f,2020-02-18,0.0178386781879315,0.7754287958800682,0.0,0.0,0.0,0.0,0.0,0.1455399061032863,0.233103201775838,0.1954903212082535,0.3160488889032253,0.0,0.0,0.0,,0.125,0.1357610142997742,0.1513877874702617,0.4258570675105485,0.123405145367078,1,1,,,,
003df5deff30e1e5a07b5d063fe85c3f,2020-02-29,0.0989081311688781,0.7553266704490902,0.0,0.0,0.0,0.0,0.0,0.2112676056338028,0.1725046089017645,0.1391193363114231,0.2734339970775042,0.0,0.0,0.0,,0.2368421052631579,0.1183002373646732,0.324345757335448,0.4755801687763712,0.2594496070756267,1,1,,,,
003df5deff30e1e5a07b5d063fe85c3f,2020-04-18,0.0062041288549839,0.9411469471479073,0.0,0.0,0.0,0.0,0.0,0.3427230046948357,0.0282384589337446,0.0089342693044033,0.081462151098839,0.0,0.0,0.0,,0.1776315789473684,0.0500202628379551,0.4787734602167592,0.5388713080168777,0.5356022350374997,1,1,,,,
003df5deff30e1e5a07b5d063fe85c3f,2020-05-20,0.0071658411367005,0.9829507266617205,0.0,0.0,0.0,0.0,0.0,0.460093896713615,0.0236013394032883,0.0223356732610082,0.0188091313477995,0.0,0.0,0.0,,0.2565789473684211,0.9186244427719562,0.1795929156753899,0.5189873417721518,0.279977291062838,0,0,,,,
003df5deff30e1e5a07b5d063fe85c3f,2020-05-29,0.0,0.992715925457164,0.0,0.0,0.0,0.0,0.0,0.4647887323943662,0.0245024267278678,0.0278664114018293,0.0107674293326967,0.0,0.0,0.0,,0.2434210526315789,0.9178255080182944,0.190060798308221,0.5234968354430379,0.2614515791675382,1,1,,,,
003df5deff30e1e5a07b5d063fe85c3f,2020-06-02,0.0,0.9923842360232182,0.0,0.0,0.0,0.0,0.0,0.4553990610328638,0.0306031077166183,0.0365879600085088,0.0112577376785835,0.0,0.0,0.0,,0.2434210526315789,0.9249696057430672,0.1877346021675918,0.5180775316455696,0.2607344548361072,1,1,,,,
003df5deff30e1e5a07b5d063fe85c3f,2020-06-13,0.0,0.9931458124208964,0.0,0.0,0.0,0.0,0.0,0.539906103286385,0.0282516272245005,0.0333971495426504,0.0101319639107251,0.0,0.0,0.0,,0.2960526315789474,0.9003647310831935,0.1451229183187946,0.5822784810126582,0.3872770191531957,0,0,,,,
003df5deff30e1e5a07b5d063fe85c3f,2020-06-18,0.0002205430420477,0.991229869506394,0.0,0.0,0.0,0.0,0.0,0.5633802816901409,0.0300933067459272,0.024675600935971,0.0127705969826682,0.0,0.0,0.0,,0.2697368421052631,0.90988247553986,0.3433782712133227,0.6175369198312236,0.4380135656019362,1,1,,,,
003df5deff30e1e5a07b5d063fe85c3f,2020-06-23,0.0002205430420477,0.9901540610133984,0.0,0.0,0.0,0.0,0.0,0.5305164319248826,0.0343334963693141,0.0259519251223144,0.0143576476811963,0.0,0.0,0.0,,0.2039473684210526,0.9059225380651884,0.3392016917790114,0.5804588607594936,0.3935817372336929,1,1,,,,
003df5deff30e1e5a07b5d063fe85c3f,2020-07-02,0.0127842655193607,0.978531837821324,0.0,0.0,0.0,0.0,0.0,0.5211267605633803,0.0307874637872004,0.024675600935971,0.020328442077488,0.0,0.0,0.0,,0.2105263157894737,0.8709778266658947,0.1381971979910124,0.5271228902953586,0.3120686048943736,0,0,,,,
003df5deff30e1e5a07b5d063fe85c3f,2020-07-09,0.0127842655193607,0.9816174224239516,0.0,0.0,0.0,0.0,0.0,0.488262910798122,0.0349524060348395,0.0299936183790682,0.0157705098884225,0.0,0.0,0.0,,0.2434210526315789,0.8781335031552133,0.1463917525773196,0.4990901898734177,0.3419189051901873,1,1,,,,
003df5deff30e1e5a07b5d063fe85c3f,2020-07-12,0.044947395061282,0.95888796752935,0.0,0.0,0.0,0.0,0.0,0.4788732394366197,0.0369916099176041,0.0321208253563071,0.020670367634488,0.0,0.0,0.0,,0.25,0.8955942800903144,0.1844039122389638,0.5099419831223628,0.3425762691606657,1,1,,,,
003df5deff30e1e5a07b5d063fe85c3f,2020-07-24,0.0680827217180664,0.8955221926417317,0.0,0.0,0.0,0.0,0.0,0.4413145539906103,0.0266639075962225,0.0312699425654116,0.0936972797563941,0.0,0.0,0.0,,0.2236842105263158,0.9138539917790772,0.1758392809939201,0.5750395569620252,0.4104939193832731,0,0,,,,
003df5deff30e1e5a07b5d063fe85c3f,2020-07-29,0.0666437687551972,0.900549906166805,0.0,0.0,0.0,0.0,0.0,0.4553990610328638,0.024790247940103,0.0240374388427994,0.0875490711559986,0.0,0.0,0.0,,0.2171052631578947,0.9075088288079662,0.1571768437747819,0.583175105485232,0.4293781934442884,1,1,,,,
003df5deff30e1e5a07b5d063fe85c3f,2020-08-04,0.1017534979572652,0.8749967267490072,0.0,0.0,0.0,0.0,0.0,0.4413145539906103,0.0284435080326573,0.0263773665177621,0.0939972710469696,0.0,0.0,0.0,,0.1842105263157894,0.8876512476118799,0.1592915675389902,0.5433939873417721,0.4231631159052201,1,1,,,,
003df5deff30e1e5a07b5d063fe85c3f,2020-08-11,0.1565891753136411,0.8885807183694847,0.0,0.0,0.0,0.0,0.0,0.4413145539906103,0.0464596109710673,0.0461603914060838,0.0249928227890158,0.0,0.0,0.0,,0.1118421052631579,0.8551033404735715,0.0989426381178958,0.4231408227848101,0.1870499297815759,1,1,,,,
003df5deff30e1e5a07b5d063fe85c3f,2020-08-18,0.1197946418887161,0.9059442238030812,0.0,0.0,0.0,0.0,0.0,0.3943661971830986,0.0556661273938071,0.0510529674537332,0.0321571309220054,0.0,0.0,0.0,,0.1118421052631579,0.8987668615758699,0.1566745968807824,0.4258570675105485,0.1599187259091045,0,0,,,,
003df5deff30e1e5a07b5d063fe85c3f,2020-08-25,0.0352218084529447,0.9514751451141276,0.0,0.0,0.0,0.0,0.0,0.408450704225352,0.0814759772752925,0.0442459051265688,0.0403052814595705,0.0,0.0,0.0,,0.125,0.9122677010362994,0.1414221517314301,0.4547863924050632,0.0821704963097977,0,0,,,,
003df5deff30e1e5a07b5d063fe85c3f,2020-08-30,0.0296178459091073,0.9581198446296862,0.0,0.0,0.0,0.0,0.0,0.4366197183098592,0.1220060950374355,0.0463731121038077,0.0354828408207503,0.0,0.0,0.0,,0.1052631578947368,0.8940079893475367,0.1125561723499867,0.4611155063291138,0.1032360235455822,1,1,,,,
003df5deff30e1e5a07b5d063fe85c3f,2020-10-03,0.0,0.9929057740147512,0.0,0.0,0.0,0.0,0.0,0.4694835680751174,0.019763723240152,0.0206339076792171,0.0104867923189326,0.0,0.0,0.0,,0.1513157894736842,0.9265558964858448,0.3237642083002908,0.5379746835443038,0.3132339319329489,0,0,,,,
003df5deff30e1e5a07b5d063fe85c3f,2020-10-07,0.0,0.9917732291712128,0.0,0.0,0.0,0.0,0.0,0.460093896713615,0.0258568794913277,0.0261646458200382,0.0121609372631117,0.0,0.0,0.0,,0.1578947368421052,0.931326347478724,0.3279407877346021,0.5334520042194092,0.2962918696028924,0,0,,,,
003df5deff30e1e5a07b5d063fe85c3f,2020-10-12,0.0200694168263494,0.976399860341291,0.0,0.0,0.0,0.0,0.0,0.4413145539906103,0.0399751683660032,0.0310572218676877,0.0169801521891299,0.0,0.0,0.0,,0.1447368421052631,0.9376715104498352,0.329553264604811,0.5189873417721518,0.2937221740819314,0,0,,,,
003df5deff30e1e5a07b5d063fe85c3f,2020-10-21,0.0380310206442749,0.9637520185047788,0.0,0.0,0.0,0.0,0.0,0.4366197183098592,0.0424282328153805,0.0391406083811954,0.0196510423890919,0.0,0.0,0.0,,0.1118421052631579,0.90988247553986,0.1193497224425059,0.4819092827004219,0.107030806466071,0,0,,,,
003df5deff30e1e5a07b5d063fe85c3f,2020-10-29,0.0195090205719657,0.9750621917688648,0.0,0.0,0.0,0.0,0.0,0.4460093896713615,0.0390740810414236,0.0436077430333971,0.0194542739081768,0.0,0.0,0.0,,0.125,0.92099808950385,0.0856991805445413,0.5054193037974684,0.1739624107329608,0,0,,,,
003df5deff30e1e5a07b5d063fe85c3f,2020-11-03,0.0214360605951046,0.9596233579190852,0.0,0.0,0.0,0.0,0.0,0.4413145539906103,0.0490500018811843,0.0465858328015315,0.0405601127709195,0.0,0.0,0.0,,0.1118421052631579,0.909095119550744,0.0983610890827385,0.4846255274261603,0.1872889712253862,0,0,,,,
003df5deff30e1e5a07b5d063fe85c3f,2020-11-13,0.0380201742651578,0.9447387945707678,0.0,0.0,0.0,0.0,0.0,0.4272300469483567,0.050731780729147,0.0508402467560093,0.0477663551703337,0.0,0.0,0.0,,0.0855263157894736,0.8987668615758699,0.1062913031985197,0.4602056962025316,0.1092718200017928,0,0,,,,
003df5deff30e1e5a07b5d063fe85c3f,2020-11-16,0.0385010304060161,0.9536965914546328,0.0,0.0,0.0,0.0,0.0,0.408450704225352,0.0587832499341585,0.0589236332695171,0.0340957843159392,0.0,0.0,0.0,,0.0986842105263157,0.9170381520291784,0.0957705524715834,0.4602056962025316,0.1020408163265306,0,0,,,,
003df5deff30e1e5a07b5d063fe85c3f,2020-11-27,0.092342456343324,0.8616985990485749,0.0,0.0,0.0,0.0,0.0,0.3849765258215962,0.0537623687873885,0.062965326526271,0.1220512952849755,0.0,0.0,0.0,,0.125,0.9082961847970822,0.1078244779275707,0.4231408227848101,0.1965518271730361,0,0,,,,
003df5deff30e1e5a07b5d063fe85c3f,2021-01-01,0.2711956325246755,0.7507222973857637,0.0,0.0,0.0,0.0,0.0,0.4507042253521126,0.0385830919146694,0.0391406083811954,0.126525358941192,0.0,0.0,0.0,,0.2105263157894737,0.9131824234354194,0.378588421887391,0.5014504219409283,0.4274658618938058,0,0,,,,
003df5deff30e1e5a07b5d063fe85c3f,2021-01-03,0.2518239994215264,0.765986557849256,0.0,0.0,0.0,0.0,0.0,0.4647887323943662,0.0402893261597501,0.0363752393107849,0.1212416413717021,0.0,0.0,0.0,,0.2171052631578947,0.9130666357899612,0.3648162833729844,0.5171677215189874,0.4298263961514327,0,0,,,,
003df5deff30e1e5a07b5d063fe85c3f,2021-02-04,0.204906178820637,0.7401715183520273,0.0,0.0,0.0,0.0,0.0,0.4319248826291079,0.0910004138605666,0.0795575409487343,0.2012651245608998,0.0,0.0,0.0,,0.2565789473684211,0.8707230938458866,0.1632566745968807,0.430379746835443,0.3650760450593122,0,0,,,,
003df5deff30e1e5a07b5d063fe85c3f,2021-02-11,0.1611446545428251,0.741426264565967,0.0,0.0,0.0,0.0,0.0,0.4507042253521126,0.0846946837729034,0.0776430546692193,0.2384511417410462,0.0,0.0,0.0,,0.1644736842105263,0.8424014357668037,0.0509119746233148,0.4177215189873417,0.2755550243523471,0,0,,,,
003df5deff30e1e5a07b5d063fe85c3f,2021-02-19,0.1273690299721609,0.8008837777680793,0.0,0.0,0.0,0.0,0.0,0.4460093896713615,0.0796474660446216,0.0731759200170176,0.180701205448874,0.0,0.0,0.0,,0.1973684210526315,0.8487465987379147,0.0661644197726672,0.4231408227848101,0.2988316849433771,0,0,,,,
0107c61e54459068bb83f6be2058d65d,2018-10-31,0.0001156947105824,0.7139615065683237,0.0,0.0,3.435177620497999e-05,0.3153153153153153,2.509291785279275e-05,0.3427230046948357,0.1728150043267241,0.1893214209742607,0.4227232112616085,0.63,0.094,0.026,0.1766118309793447,0.4802631578947368,0.005557806981995,0.2287338091461803,0.490506329113924,0.4723757731496698,0,0,,,,
0107c61e54459068bb83f6be2058d65d,2018-11-02,7.954011352543477e-05,0.6500829223584864,0.0,0.0,4.7482059220339634e-05,0.3873873873873873,3.000657438286537e-05,0.2863849765258215,0.1893355656721472,0.2482450542437779,0.5171849849520498,0.611,0.148,0.074,0.1956109095998413,0.3947368421052631,0.0333468418919701,0.2092519164684113,0.459915611814346,0.4000956165775242,0,0,,,,
0107c61e54459068bb83f6be2058d65d,2018-11-10,0.0048519469250515,0.6644612228865711,0.0,0.0,6.40899707038446e-05,0.4774774774774775,3.2604158433919394e-05,0.244131455399061,0.21949283268746,0.3188683258881089,0.4916663709763265,0.665,0.16,0.103,0.1711170851751204,0.2631578947368421,0.073837781508713,0.2095955590800952,0.4602056962025316,0.3071383751157857,1,1,,,,
0107c61e54459068bb83f6be2058d65d,2018-11-13,0.0048519469250515,0.64306289006241,0.0,0.0,6.842742536855029e-05,0.5315315315315315,3.5444866115367626e-05,0.1830985915492957,0.2412769479664396,0.3622633482237822,0.5233009364244263,0.71,0.162,0.127,0.1747092989351651,0.0921052631578947,0.1127424303826781,0.1688342585249801,0.4421281645569619,0.1834941883048974,0,0,,,,
0107c61e54459068bb83f6be2058d65d,2018-11-15,0.0048194077877002,0.653397634530616,0.0,0.0,6.337557796681672e-05,0.5045045045045045,3.27641081907577e-05,0.1784037558685446,0.2588697844162684,0.3801318868325887,0.5080529920099094,0.71,0.171,0.119,0.1582644242544406,0.131578947368421,0.1190875933537891,0.160904044409199,0.4421281645569619,0.2359040248603101,0,0,,,,
0107c61e54459068bb83f6be2058d65d,2018-11-16,0.0048194077877002,0.6641011652773536,0.0,0.0,5.981835415933267e-05,0.5045045045045045,3.4254839924490664e-05,0.1830985915492957,0.2570299860792355,0.3818336524143799,0.4922308707166566,0.7140000000000001,0.165,0.121,0.1462456700994856,0.131578947368421,0.1206738840965669,0.1610097805974094,0.451173523206751,0.2326769653688708,1,1,,,,
0107c61e54459068bb83f6be2058d65d,2018-11-23,0.12641093315015,0.6531357744511851,0.0,0.0,0.0007776494133149,0.3513513513513513,0.0138365560831416,0.1830985915492957,0.2648989803980586,0.3246117847266538,0.3999561303058943,0.605,0.129,0.123,0.1009216710791803,0.1842105263157894,0.1611764024778556,0.1824213587100185,0.4945675105485232,0.3548869035168973,0,0,,,,
0107c61e54459068bb83f6be2058d65d,2018-11-30,0.2340033985321233,0.6870095578928991,0.0,0.0,0.00144190986112,0.2072072072072072,0.0303232429114538,0.244131455399061,0.2553519696000602,0.2078281216762391,0.2538926289236763,0.5379999999999999,0.044,0.062,0.0379223475350182,0.2105263157894737,0.148462919006542,0.2309014010044938,0.5470068565400844,0.3524964890787941,1,1,,,,
0107c61e54459068bb83f6be2058d65d,2018-12-06,0.1610181134531255,0.7491336795705495,0.0,0.0,0.0008476255084958,0.1621621621621621,0.0286120172389241,0.2582159624413145,0.3020335603295835,0.1733673686449691,0.2271740497856514,0.7140000000000001,0.0,0.0,0.0259371245961675,0.1776315789473684,0.153233369999421,0.2278086174993391,0.5678006329113924,0.2757343054352049,0,0,,,,
0107c61e54459068bb83f6be2058d65d,2018-12-08,0.1408655410535449,0.7720180683454807,0.0,0.0,0.0008129386457387,0.1531531531531531,0.0239219704689114,0.2347417840375587,0.304067120659167,0.1642203786428419,0.2113261227899835,0.857,0.0,0.0,0.0240739552839365,0.1842105263157894,0.1611764024778556,0.218873909595559,0.5515295358649789,0.2784534018585473,0,0,,,,
0107c61e54459068bb83f6be2058d65d,2018-12-09,0.1394663581474384,0.7881464670710951,0.0,0.0,0.0008077167984147,0.1441441441441441,0.0215771518195938,0.2206572769953051,0.3018266300462771,0.1648585407360136,0.1887332303255711,0.929,0.0,0.0,0.0161547567674741,0.1842105263157894,0.1699067909454061,0.2084588950568332,0.5443037974683543,0.2839513550661846,1,1,,,,
0107c61e54459068bb83f6be2058d65d,2018-12-14,0.0571206478903792,0.8169117967965784,0.0,0.0,0.0001950419917692,0.1621621621621621,0.0192317637491419,0.2018779342723004,0.3199762970766394,0.1597532439906402,0.2196839446596711,1.0,0.0,0.0,0.0177001084661947,0.125,0.1579922422277543,0.1773988897700238,0.5090321729957805,0.2200974093883527,0,0,,,,
0107c61e54459068bb83f6be2058d65d,2018-12-15,0.0561878592863082,0.815681054423253,0.0,0.0,0.0001960541300349,0.1621621621621621,0.0192315718094337,0.2065727699530516,0.331940629820535,0.1629440544564986,0.2223322548700199,1.0,0.0,0.0,0.0186462719119207,0.1184210526315789,0.154020725988537,0.183187946074544,0.5117484177215189,0.212089521020707,0,0,,,,
0107c61e54459068bb83f6be2058d65d,2018-12-18,0.0472215192161683,0.824545018111989,0.0,0.0,0.000176420612998,0.1531531531531531,0.0191782829484454,0.1971830985915493,0.3494996049512773,0.1584769198042969,0.2172324029302375,1.0,0.0,0.0,0.0190894671160821,0.1118421052631579,0.1643489839634111,0.1911445942373777,0.5153612869198312,0.201183255146861,0,0,,,,
0107c61e54459068bb83f6be2058d65d,2018-12-22,0.0451787844824469,0.8346768210186356,0.0,0.0,0.0001124397173888,0.1891891891891892,0.0189491517227794,0.2018779342723004,0.3366624026487076,0.1714528823654541,0.2040747204113429,1.0,0.0,0.0,0.0188416276927024,0.0855263157894736,0.1341747235569964,0.1326989162040708,0.483715717299578,0.1993605641378074,0,0,,,,
0107c61e54459068bb83f6be2058d65d,2018-12-25,0.0440941465707364,0.8335246366691399,0.0,0.0,0.0001039888541997,0.1891891891891892,0.0189491197328281,0.2112676056338028,0.3466703036231611,0.1916613486492235,0.2067456106113048,1.0,0.0,0.0,0.0189932471046523,0.1052631578947368,0.1183002373646732,0.1237906423473433,0.4755801687763712,0.2112528759673708,0,0,,,,
0107c61e54459068bb83f6be2058d65d,2018-12-30,0.1123251021367366,0.7671103740234803,0.0,0.0,0.0003896683189886,0.2432432432432432,0.0189752811150565,0.2159624413145539,0.3030907859588397,0.2133588598170601,0.2440445277395172,0.929,0.0,0.0,0.0265917122496821,0.1118421052631579,0.1055983326579054,0.0728786677240285,0.4674446202531644,0.1928466847939761,0,0,,,,
0107c61e54459068bb83f6be2058d65d,2019-01-02,0.1557720814201525,0.718181818181818,0.0,0.0,0.0006780245455596,0.2702702702702703,0.0190453135165906,0.2065727699530516,0.2888991308928101,0.219315039353329,0.2776080694431452,0.857,0.0,0.071,0.0323576235406631,0.0986842105263157,0.0960690094366931,0.0866243721913825,0.4475474683544304,0.1562135835300445,0,0,,,,
0107c61e54459068bb83f6be2058d65d,2019-01-04,0.1466358147438446,0.6881355562344521,0.0,0.0,0.0006668870940032,0.3153153153153153,0.016330927755103,0.2065727699530516,0.2817073629557169,0.2433524781961284,0.3301742852626859,0.8079999999999999,0.015,0.106,0.0574535519763007,0.0986842105263157,0.0936837839402535,0.0765530002643404,0.4457410337552742,0.137209788747124,0,0,,,,
0107c61e54459068bb83f6be2058d65d,2019-01-07,0.1297588488376297,0.6714528870073757,0.0,0.0,0.0006358910966111,0.3783783783783784,0.0122776921509858,0.2300469483568075,0.2597765152940291,0.2607955754094873,0.3698924869923131,0.727,0.065,0.136,0.0846531997527437,0.1052631578947368,0.0976553001794708,0.0969336505418979,0.471967299578059,0.2103265903726058,0,0,,,,
0107c61e54459068bb83f6be2058d65d,2019-01-11,0.0765971293249936,0.6988194474752325,0.0,0.0,0.0003996875051601,0.4414414414414415,0.0068748324886184,0.2065727699530516,0.2262989578238459,0.2848330142522867,0.3768697037827934,0.626,0.146,0.156,0.1058230601462544,0.0789473684210526,0.1032131071614658,0.1012424002114723,0.4556962025316455,0.177488272029163,0,0,,,,
0107c61e54459068bb83f6be2058d65d,2019-01-14,0.0425864998734589,0.7071836948457206,0.0,0.0,0.0003026332720679,0.4414414414414415,0.0027260492977562,0.2065727699530516,0.2205462959479288,0.3009997872793022,0.3948498269405082,0.674,0.163,0.163,0.1212853244072264,0.0789473684210526,0.1127424303826781,0.0967750462595823,0.4647283755274261,0.1779364747363074,0,0,,,,
0107c61e54459068bb83f6be2058d65d,2019-01-16,0.0002096966629306,0.7294418015973464,0.0,0.0,3.001235622325358e-05,0.4594594594594594,2.4677048485013165e-05,0.2018779342723004,0.1952801083562211,0.2990853009997872,0.3997561361121773,0.71,0.195,0.095,0.1321873432780116,0.0723684210526315,0.1151160771145718,0.0822891884747554,0.4647283755274261,0.1779364747363074,0,0,,,,
0107c61e54459068bb83f6be2058d65d,2019-01-26,0.0101052098774359,0.7306485401300571,0.0,0.0,6.685025845943098e-05,0.4324324324324324,2.396687156465111e-05,0.2159624413145539,0.1645961097106738,0.238459902148479,0.3891435409939711,0.7509999999999999,0.201,0.047,0.0996110378931899,0.0921052631578947,0.1183002373646732,0.1720063441712926,0.4828190928270042,0.1703170287148534,1,1,,,,
0107c61e54459068bb83f6be2058d65d,2019-01-27,0.0098955132145052,0.744284903766421,0.0,0.0,6.588921843630407e-05,0.4234234234234234,2.397326955492464e-05,0.2159624413145539,0.1612156213552052,0.2361199744735162,0.3691699273246905,0.758,0.198,0.044,0.0939705041928598,0.0921052631578947,0.1222717536038904,0.1755485064763415,0.483715717299578,0.1693907431200884,0,0,,,,
0107c61e54459068bb83f6be2058d65d,2019-01-31,0.0203514226833941,0.7259285121983152,0.0,0.0,7.161713489316169e-05,0.4144144144144144,2.326949062483611e-05,0.1971830985915493,0.17687648143271,0.2533503509891512,0.3869790877039054,0.727,0.218,0.055,0.095453167096255,0.1052631578947368,0.1294158513286632,0.1709225482421359,0.4737737341772152,0.1904861505363492,0,0,,,,
0107c61e54459068bb83f6be2058d65d,2019-02-09,0.0596297769261361,0.6564963121372148,0.0,0.0,0.0003268017581301,0.4594594594594594,0.0008498834359749,0.1877934272300469,0.1817431054591971,0.2612210168049351,0.4545706737546329,0.765,0.172,0.063,0.1299611621044774,0.0921052631578947,0.1262316910785619,0.1609304784562516,0.4593090717299578,0.1616816565572056,0,0,,,,
0107c61e54459068bb83f6be2058d65d,2019-02-16,0.0,0.6777942652642606,0.0,0.0,3.4236805159268484e-05,0.4864864864864865,2.4702640446107292e-05,0.1549295774647887,0.1836901313066707,0.255690278664114,0.476289398049734,0.7759999999999999,0.158,0.066,0.1389533595362778,0.0986842105263157,0.1730793724309616,0.2442770288131112,0.4782964135021096,0.248453700660352,1,1,,,,
0107c61e54459068bb83f6be2058d65d,2019-02-22,0.0148233847933764,0.6657181512678392,0.0,0.0,8.567209956676511e-05,0.4864864864864865,8.907921857838691e-05,0.1549295774647887,0.1854114150269009,0.2493086577323973,0.4809150702076391,0.7809999999999999,0.138,0.08,0.1434888209841266,0.0921052631578947,0.1691078561917443,0.2367168913560666,0.4728639240506329,0.2430453879941435,1,1,,,,
0107c61e54459068bb83f6be2058d65d,2019-02-23,0.0247405907661159,0.6845502553135774,0.0,0.0,0.0001349180308131,0.4594594594594594,0.0001512292960954,0.1596244131455399,0.1973512923736784,0.2582429270368007,0.4442290385117851,0.722,0.138,0.068,0.1261283983158582,0.0986842105263157,0.154020725988537,0.2293417922283901,0.4638317510548522,0.2228762661726477,1,1,,,,
0107c61e54459068bb83f6be2058d65d,2019-02-28,0.0302469358978994,0.6856806179897874,0.0,0.0,0.0001543874438788,0.4414414414414415,0.0002152923727043,0.1971830985915493,0.2150475939651604,0.2837694107636673,0.437645358683135,0.672,0.186,0.071,0.1293430214249892,0.1381578947368421,0.1389451745498755,0.2660851176315094,0.4855221518987341,0.1991812830549496,0,0,,,,
0107c61e54459068bb83f6be2058d65d,2019-03-02,0.0305614808922954,0.7033998166979444,0.0,0.0,0.0001540965769597,0.4504504504504504,0.0002154203325098,0.2112676056338028,0.2137100718612438,0.2875983833226972,0.4111719337180533,0.682,0.176,0.071,0.1197778775614933,0.131578947368421,0.1135297863717941,0.1477134549299497,0.4692510548523206,0.1019511757851017,0,0,,,,
0107c61e54459068bb83f6be2058d65d,2019-03-08,0.0168191185509237,0.7313621088465062,0.0,0.0,0.0001006153875337,0.3963963963963964,0.0001499944839726,0.2206572769953051,0.1911490274276684,0.2607955754094873,0.3820985842346512,0.736,0.153,0.04,0.1114665096045065,0.125,0.1238580443466682,0.1607190060798308,0.4954773206751054,0.1268114859413751,0,0,,,,
0107c61e54459068bb83f6be2058d65d,2019-03-13,0.0024440507610542,0.7306463579627287,0.0,0.0,2.9254726511770098e-05,0.3333333333333333,2.2137046346420935e-05,0.1737089201877934,0.1702622371044809,0.2246330567964262,0.3959788264211684,0.895,0.062,0.043,0.1179686497708214,0.0986842105263157,0.1111561396399004,0.4007665873645255,0.5090321729957805,0.2708638360175696,1,1,,,,
0107c61e54459068bb83f6be2058d65d,2019-03-19,0.0796232690986659,0.5755880940950551,0.0,0.0,0.0028520719910875,0.1711711711711711,0.0325308438633749,0.2394366197183098,0.1110989879227962,0.1497553711976175,0.5563322355157431,0.541,0.003,0.027,0.1919137285546004,0.1973684210526315,0.0095177444566664,0.4605604017975152,0.4638317510548522,0.3360026294558819,0,0,,,,
0107c61e54459068bb83f6be2058d65d,2019-03-23,0.1228497053400339,0.4838606904377428,0.0,0.0,0.0057309872647024,0.1621621621621621,0.081725810019318,0.2394366197183098,0.107931073403815,0.1420974260795575,0.6533616765964858,0.276,0.0,0.01,0.2106430995673014,0.2302631578947368,0.9329126382215016,0.406740681998414,0.3788370253164557,0.429228792541907,0,0,,,,
0107c61e54459068bb83f6be2058d65d,2019-03-24,0.1426805018258071,0.4744271810762449,0.0,0.0,0.0058710799752311,0.1531531531531531,0.0825473183684298,0.2582159624413145,0.1075529553406825,0.1437991916613486,0.649610172607892,0.282,0.0,0.003,0.2060259968976335,0.2368421052631579,0.9178255080182944,0.3772138514406556,0.3806434599156117,0.4316789673409628,0,0,,,,
0107c61e54459068bb83f6be2058d65d,2019-03-28,0.0909505043566289,0.5060904290140967,0.0,0.0,0.0031967080185221,0.2252252252252252,0.0660820648075339,0.2910798122065727,0.1037002897023966,0.1444373537545203,0.648958578621911,0.293,0.0279999999999999,0.036,0.2139408217772127,0.2039473684210526,0.95434493139582,0.2558815754692043,0.3734177215189873,0.3052559237457794,0,0,,,,
0107c61e54459068bb83f6be2058d65d,2019-04-01,0.0873422755703387,0.57805830751102,0.0,0.0,0.0031736636937958,0.3243243243243243,0.0660902350411132,0.2394366197183098,0.1484329734000526,0.1995320144650074,0.5457938317919802,0.517,0.068,0.0579999999999999,0.1440938407529653,0.1644736842105263,0.023018583917096,0.2863600317208565,0.3960179324894514,0.3469985358711567,0,0,,,,
0107c61e54459068bb83f6be2058d65d,2019-04-07,0.0024621280595827,0.718786278531838,0.0,0.0,3.177524559082993e-05,0.4234234234234234,2.570072692877829e-05,0.2018779342723004,0.174556981075285,0.2237821740055307,0.4134976726482134,0.705,0.188,0.107,0.1127188276320546,0.0986842105263157,0.1143287211254559,0.1556701030927835,0.4620253164556961,0.1497295843666896,0,0,,,,
0107c61e54459068bb83f6be2058d65d,2019-04-20,0.0021873531219494,0.7590799982542663,0.0,0.0,2.499686718640314e-05,0.3963963963963964,2.2335384044900436e-05,0.2112676056338028,0.1449396139809624,0.1986811316741119,0.3541800399343244,0.83,0.114,0.0559999999999999,0.0916335242182853,0.1118421052631579,0.1079719793897991,0.1043616177636796,0.4656381856540084,0.13329548510473,0,0,,,,
0107c61e54459068bb83f6be2058d65d,2019-04-24,0.000762861997903,0.7411469471479074,0.0,0.0,2.9802067302037675e-05,0.4144144144144144,2.1663595066179565e-05,0.2159624413145539,0.143594567139471,0.2005956179536268,0.3819598785841701,0.8270000000000001,0.0969999999999999,0.075,0.0876491410177161,0.1184210526315789,0.1032131071614658,0.1326989162040708,0.4656381856540084,0.1556757402814713,1,1,,,,
0107c61e54459068bb83f6be2058d65d,2019-04-27,0.0042987815900791,0.7489634705189194,0.0,0.0,4.392680072987629e-05,0.4144144144144144,6.412065852133833e-05,0.2300469483568075,0.1424752624252229,0.1891087002765369,0.3672506282075681,0.8290000000000001,0.092,0.08,0.0871038942862807,0.125,0.079395588490708,0.1663494581020354,0.4502637130801687,0.1838826306510891,1,1,,,,
0107c61e54459068bb83f6be2058d65d,2019-05-02,0.0037817708521638,0.7655261205429232,0.0,0.0,4.2325067357998105e-05,0.3693693693693693,6.36344112605499e-05,0.244131455399061,0.1390439820911245,0.186981493299298,0.3432287449719201,0.8290000000000001,0.103,0.068,0.0801177383048949,0.0789473684210526,0.0674810397730562,0.1499603489294211,0.4556962025316455,0.1788029999701198,0,0,,,,
0107c61e54459068bb83f6be2058d65d,2019-05-04,0.0251780613905058,0.7439859468424037,0.0,0.0,0.0001262873411167,0.3963963963963964,6.647511894199813e-05,0.244131455399061,0.143982091124572,0.2022973835354179,0.3559799876777771,0.823,0.104,0.074,0.0874260855366744,0.0921052631578947,0.0603369420482834,0.1388844832143801,0.4439345991561181,0.1565123853348074,0,0,,,,
0107c61e54459068bb83f6be2058d65d,2019-05-08,0.0271774106077587,0.7670296338323221,0.0,0.0,0.0001239859548854,0.3423423423423423,6.653909884473346e-05,0.2159624413145539,0.1372756687610519,0.1859178898106785,0.3201326413104135,0.8320000000000001,0.1119999999999999,0.0559999999999999,0.0930068461996011,0.0986842105263157,0.0754240722514907,0.1633624107850912,0.4321861814345991,0.1244808318642244,1,1,,,,
0107c61e54459068bb83f6be2058d65d,2019-05-10,0.0534003398532123,0.7490813075546632,0.0,0.0,0.0002015570176928,0.3243243243243243,6.653270085445992e-05,0.2253521126760563,0.1579668159072952,0.1984684109763879,0.3232680341538471,0.8390000000000001,0.1159999999999999,0.045,0.086064426587047,0.1184210526315789,0.080182944479824,0.1771609833465503,0.4466508438818565,0.0814234917978904,0,0,,,,
0107c61e54459068bb83f6be2058d65d,2019-05-12,0.0498680357207418,0.759474970540741,0.0,0.0,0.0001871315907608,0.2972972972972973,2.4178005243677665e-05,0.2300469483568075,0.1699424357575529,0.206126356094448,0.3110554854859052,0.852,0.107,0.0409999999999999,0.0831340898753222,0.125,0.079395588490708,0.1744382765001322,0.451173523206751,0.1312636328323423,0,0,,,,
0107c61e54459068bb83f6be2058d65d,2019-05-14,0.0498680357207418,0.7479967703923536,0.0,0.0,0.0001897769074707,0.3063063063063063,2.536163344428109e-05,0.2300469483568075,0.1685277850934948,0.209955328653478,0.3280227348238276,0.835,0.12,0.045,0.0893942221341015,0.125,0.0778092977479303,0.1744911445942374,0.4493670886075949,0.134430931962829,0,0,,,,
0107c61e54459068bb83f6be2058d65d,2019-05-24,0.0028923677645612,0.7406297734910314,0.0,0.0,3.5466110955722226e-05,0.3693693693693693,2.4382740932430693e-05,0.2488262910798122,0.172877083411716,0.2265475430759412,0.3808244276779061,0.851,0.108,0.0409999999999999,0.1216483362685296,0.0723684210526315,0.0706536212586117,0.186122125297383,0.4611155063291138,0.189231182956345,0,0,,,,
0107c61e54459068bb83f6be2058d65d,2019-06-01,0.0028128276510358,0.7786518570243967,0.0,0.0,2.341282166771134e-05,0.3153153153153153,2.2482537821191668e-05,0.2488262910798122,0.1865608186914481,0.2076154009785152,0.3246937992122809,0.812,0.084,0.033,0.0956601859087251,0.0921052631578947,0.0690673305158339,0.1755749405233941,0.4611155063291138,0.1573789105686198,0,0,,,,
0107c61e54459068bb83f6be2058d65d,2019-06-05,0.0708485483929281,0.7334067996333961,0.0,0.0,0.0003868883780628,0.2792792792792793,0.0047042567064101,0.2488262910798122,0.1979664396704165,0.1874069346947457,0.3308742649406952,0.7879999999999999,0.044,0.026,0.0879203065044727,0.1184210526315789,0.1008278816650263,0.1136664023261961,0.4954773206751054,0.1551677772133743,0,0,,,,
0107c61e54459068bb83f6be2058d65d,2019-06-14,0.1793484941610326,0.6687142670099944,0.0,0.0,0.000796401485668,0.1981981981981982,0.0155754722575752,0.2253521126760563,0.275036683095677,0.2220804084237396,0.3296968797680067,0.768,0.012,0.006,0.0586460969664454,0.1644736842105263,0.1397325305389914,0.1530531324345757,0.5153612869198312,0.2267308094540891,0,0,,,,
0107c61e54459068bb83f6be2058d65d,2019-06-15,0.2013630283090495,0.6480185920656397,0.0,0.0,0.0009245440860523,0.1891891891891892,0.0169263887098606,0.2347417840375587,0.2878005192068926,0.2376090193575835,0.3406514004432129,0.78,0.0,0.006,0.0594333516054163,0.1578947368421052,0.1333873675678805,0.1696801480306635,0.5180775316455696,0.217766755311202,1,1,,,,
0107c61e54459068bb83f6be2058d65d,2019-06-22,0.1682345710257059,0.6269170339981671,0.0,0.0,0.0007649524827026,0.1801801801801802,0.0179901825526408,0.2112676056338028,0.3235787651905639,0.2980216975111678,0.4013980239283375,0.7859999999999999,0.0,0.0,0.0759817356923758,0.131578947368421,0.0984426561685868,0.1671689135606661,0.4529799578059071,0.2375773149669824,0,0,,,,
0107c61e54459068bb83f6be2058d65d,2019-06-25,0.1706280053508803,0.5951883210404575,0.0,0.0,0.0008203410122972,0.1711711711711711,0.0164892588204021,0.2112676056338028,0.2969299070694909,0.3135503084450117,0.4461676919057188,0.5710000000000001,0.0,0.0,0.0941600284577973,0.131578947368421,0.0730388467550512,0.1378799894263812,0.4231408227848101,0.1926375235306421,0,0,,,,
0107c61e54459068bb83f6be2058d65d,2019-07-08,0.0204779637730937,0.8173482302622965,0.0,0.0,7.651568756727992e-05,0.1171171171171171,0.0107071134986391,0.4553990610328638,0.0942191203581775,0.1242288874707508,0.2517314013464125,0.0,0.0,0.0,0.0581314656931922,0.2960526315789474,0.9821339663057952,0.1660058154903516,0.5840849156118143,0.4092389518032689,0,0,,,,
0107c61e54459068bb83f6be2058d65d,2019-07-16,0.0204779637730937,0.8354973159341859,0.0,0.0,7.450615091360454e-05,0.1351351351351351,0.011582396956,0.4507042253521126,0.1368599270100455,0.1299723463092958,0.2248999222603215,0.0,0.0,0.0,0.0518771649502571,0.3486842105263158,0.01111561396399,0.3400475812846947,0.6130142405063291,0.521618310574596,1,1,,,,
0107c61e54459068bb83f6be2058d65d,2019-07-26,0.0169601214794461,0.8269934098546677,0.0,0.0,9.37200727665702e-05,0.1261261261261261,0.0105907148615928,0.3661971830985915,0.1230652018510854,0.1076366730482876,0.2406091436055082,0.0,0.0,0.0,0.0625998647088324,0.2763157894736842,0.0190470676778787,0.3203277821834523,0.5298259493670886,0.4867780201392417,0,0,,,,
0107c61e54459068bb83f6be2058d65d,2019-07-30,0.0169601214794461,0.8095338890586129,0.0,0.0,9.536799108843506e-05,0.1351351351351351,0.0105908428213982,0.3755868544600939,0.1435005079197863,0.1089129972346309,0.2664180717334013,0.0,0.0,0.0,0.0667868930849885,0.2894736842105263,0.9964337405198864,0.1478456251652128,0.5144646624472573,0.3903845579227299,0,0,,,,
0107c61e54459068bb83f6be2058d65d,2019-08-05,0.0147474601395567,0.7642451883210405,0.0,0.0,0.0002295893170177,0.1711711711711711,0.0123374877680822,0.3615023474178403,0.1839873584408743,0.1520952988725803,0.3353418771713079,0.0,0.0,0.0,0.0720979461401196,0.2236842105263158,0.9988073872517802,0.1522072429288924,0.5018064345991561,0.3449965637792452,0,0,,,,
0107c61e54459068bb83f6be2058d65d,2019-08-11,0.0114140062908998,0.7623510670798237,0.0,0.0,0.0001897336704963,0.1441441441441441,0.0122207372415708,0.380281690140845,0.1594868128974002,0.148691767708998,0.3411126773738827,0.0,0.0,0.0,0.0825932167807699,0.2236842105263158,0.9892896427951138,0.1593444356330954,0.5117484177215189,0.3334030537544447,0,0,,,,
0107c61e54459068bb83f6be2058d65d,2019-08-16,0.0365559130843486,0.7920743682625585,0.0,0.0,0.0002755855965704,0.1441441441441441,0.0127862939897899,0.4037558685446009,0.1750216336205274,0.1523080195703041,0.2747404107622682,0.214,0.0,0.0,0.067387539216944,0.25,0.9980200312626644,0.1781919111816019,0.5452004219409282,0.3890100696208205,1,1,,,,
0107c61e54459068bb83f6be2058d65d,2019-08-18,0.0669040818540077,0.7475319687513637,0.0,0.0,0.0019650015873275,0.1351351351351351,0.0302203184419235,0.3568075117370892,0.202891380413108,0.1844288449266113,0.3135102529281408,0.214,0.0,0.0,0.0765663451557597,0.1973684210526315,0.0031725814855554,0.1724821570182395,0.504509493670886,0.2776466369856873,1,1,,,,
0107c61e54459068bb83f6be2058d65d,2019-08-26,0.2009617122817166,0.6430650722297387,0.0,0.0,0.0040335911041827,0.2162162162162162,0.0671055577095811,0.2769953051643192,0.2824429060536514,0.2607955754094873,0.3483285969117025,0.5710000000000001,0.0,0.0,0.071571651835178,0.2434210526315789,0.0627221675447229,0.2807031456515992,0.4846255274261603,0.2932142110138345,1,1,,,,
0107c61e54459068bb83f6be2058d65d,2019-08-31,0.1761379659423695,0.6712281237725308,0.0,0.0,0.0022435351594291,0.2072072072072072,0.0602204244566223,0.2488262910798122,0.3102618608676022,0.2641991065730695,0.3288452915883087,0.7140000000000001,0.0,0.0,0.0647181628392484,0.1578947368421052,0.0936837839402535,0.2299233412635475,0.4909546413502109,0.185316879313951,1,1,,,,
0107c61e54459068bb83f6be2058d65d,2019-09-04,0.1497017245742796,0.6564657617946144,0.0,0.0,0.002210648527063,0.2432432432432432,0.0234412254797582,0.2394366197183098,0.3445088227548064,0.3460965751967666,0.3742536507004635,0.7140000000000001,0.0,0.286,0.0455762120805682,0.1644736842105263,0.0865396862154808,0.2294210943695479,0.4710574894514768,0.1814623360325096,0,0,,,,
0107c61e54459068bb83f6be2058d65d,2019-09-06,0.1426985791243356,0.6404508357700869,0.0,0.0,0.000676072985758,0.2162162162162162,0.0132499499469225,0.2488262910798122,0.2962696113473043,0.2997234630929589,0.4041785883635636,0.5710000000000001,0.0,0.286,0.0327031408544337,0.1184210526315789,0.079395588490708,0.173645255088554,0.4728639240506329,0.1799683270086951,1,1,,,,
0107c61e54459068bb83f6be2058d65d,2019-09-12,0.1875049712570953,0.6079780037533278,0.0,0.0,0.0010179673959487,0.1891891891891892,0.010574534344191,0.2159624413145539,0.2851104255239098,0.2605828547117634,0.4122009361018551,0.367,0.0,0.419,0.0419315146779253,0.1118421052631579,0.0714525560122734,0.1434575733544806,0.430379746835443,0.1454567185585801,1,1,,,,
0107c61e54459068bb83f6be2058d65d,2019-09-15,0.1849271484869301,0.5938964779819316,0.0,0.0,0.0009119041496336,0.1891891891891892,0.0089476917653789,0.1830985915492957,0.2734038150419504,0.2533503509891512,0.435316394040173,0.322,0.004,0.46,0.052767928995463,0.1052631578947368,0.1040004631505818,0.2219666931007137,0.4276635021097046,0.186243164908716,0,0,,,,
0107c61e54459068bb83f6be2058d65d,2019-09-21,0.1373006977837232,0.6168245101034349,0.0,0.0,0.0006995830906183,0.3333333333333333,0.0082021339588042,0.1455399061032863,0.3905696226344106,0.3424803233354605,0.443919370082804,0.529,0.127,0.344,0.0938932366079238,0.0986842105263157,0.1325884328142187,0.2012952683055775,0.4204245780590717,0.1958048226611289,0,0,,,,
0107c61e54459068bb83f6be2058d65d,2019-09-22,0.1273184135362811,0.6211408370793872,0.0,0.0,0.0006643724708752,0.3513513513513513,0.008202082774882,0.1408450704225352,0.4134711614432446,0.3635396724101255,0.4464418774938792,0.594,0.127,0.2789999999999999,0.0918492903045217,0.0986842105263157,0.1341747235569964,0.198995506212001,0.4168117088607594,0.2029461857949622,1,1,,,,
0107c61e54459068bb83f6be2058d65d,2019-09-26,0.0546621352905021,0.633321695107581,0.0,0.0,0.0002851006789262,0.4774774774774775,0.0027308797804127,0.1267605633802817,0.3681007562361262,0.4056583705594554,0.4932598731004583,0.489,0.253,0.258,0.1291155923070643,0.0855263157894736,0.1206738840965669,0.2063441712926249,0.3869725738396624,0.192936325335405,1,1,,,,
0107c61e54459068bb83f6be2058d65d,2019-09-28,0.0046494811815322,0.6629773491031293,0.0,0.0,4.8043157229752175e-05,0.5495495495495495,3.042884174091849e-05,0.136150234741784,0.3483859437902103,0.4343756647521803,0.4940437213113167,0.492,0.28,0.228,0.135794135827667,0.0789473684210526,0.1135297863717941,0.1928099392016918,0.3887790084388185,0.1888427406101533,1,1,,,,
0107c61e54459068bb83f6be2058d65d,2019-10-04,0.0646118804005929,0.6573997294112512,0.0,0.0,0.0003673305257312,0.5045045045045045,0.001380423983427,0.1596244131455399,0.3341416155611573,0.4209742607955754,0.4487901964136525,0.617,0.2739999999999999,0.11,0.1305020351990296,0.0986842105263157,0.0920974931974758,0.1136399682791435,0.3887790084388185,0.1209250903875459,1,1,,,,
0107c61e54459068bb83f6be2058d65d,2019-10-07,0.0989370548465237,0.6219045956443939,0.0,0.0,0.001516306936939,0.5045045045045045,0.0087594500955511,0.1830985915492957,0.3265830166672937,0.444586258242927,0.4706347235080271,0.596,0.258,0.074,0.1261211089210529,0.0855263157894736,0.073837781508713,0.0758921490880253,0.3969145569620253,0.1065527235784504,1,1,,,,
0107c61e54459068bb83f6be2058d65d,2019-10-09,0.0989370548465237,0.6373827085060881,0.0,0.0,0.0015126455513294,0.4774774774774775,0.0087591429920179,0.1784037558685446,0.3267372737875766,0.4316102956817698,0.4477547426042469,0.653,0.2289999999999999,0.047,0.1117566275177569,0.0921052631578947,0.079395588490708,0.0846153846153846,0.3978243670886076,0.1071503271879762,1,1,,,,
0107c61e54459068bb83f6be2058d65d,2019-10-17,0.1041867023392024,0.6224217693012701,0.0,0.0,0.0015475947839086,0.5315315315315315,0.0087749780179449,0.1971830985915493,0.3226362918093232,0.3980004254413954,0.465186494585641,0.637,0.25,0.042,0.1350637384681774,0.0921052631578947,0.0984426561685868,0.1598731165741475,0.4394119198312236,0.1652672782143604,0,0,,,,
0107c61e54459068bb83f6be2058d65d,2019-10-23,0.041736866842619,0.6644568585519136,0.0,0.0,0.0002261185671592,0.5585585585585586,0.0002867707200402,0.2018779342723004,0.2769460852552767,0.3348223782174006,0.4587641003970852,0.6759999999999999,0.264,0.06,0.1609294269952531,0.0789473684210526,0.1135297863717941,0.1483214380121596,0.4602056962025316,0.1452774374757223,0,0,,,,
0107c61e54459068bb83f6be2058d65d,2019-10-26,0.0460175711341697,0.6602780081176624,0.0,0.0,0.0002633976830665,0.5945945945945946,0.0003065980918979,0.2112676056338028,0.2424169457090184,0.3118485428632205,0.461125322168066,0.665,0.2769999999999999,0.0579999999999999,0.1518133098517628,0.0855263157894736,0.1151160771145718,0.1580491673275178,0.4746835443037975,0.1469507275823946,0,0,,,,
0107c61e54459068bb83f6be2058d65d,2019-11-02,0.0336707762391988,0.6879653471828219,0.0,0.0,9.451700881846788e-05,0.5135135135135136,6.571375809944781e-05,0.2159624413145539,0.2783588547349411,0.3790682833439693,0.4312132873561735,0.61,0.331,0.0579999999999999,0.1341204907803734,0.0986842105263157,0.1103572048862386,0.144964314036479,0.4701608649789028,0.1309349508471031,1,1,,,,
0107c61e54459068bb83f6be2058d65d,2019-11-07,0.0336707762391988,0.6943983764675076,0.0,0.0,9.026209746863196e-05,0.4774774774774775,6.556660432315658e-05,0.2112676056338028,0.2984705970879265,0.387364390555201,0.4217038860162124,0.6809999999999999,0.251,0.068,0.1218436920493112,0.1052631578947368,0.1008278816650263,0.1440126883425852,0.4575026371308016,0.1520901186243165,1,1,,,,
0107c61e54459068bb83f6be2058d65d,2019-11-09,0.0301095484290827,0.7091280059354952,0.0,0.0,7.524511011339128e-05,0.4594594594594594,3.0198514091071336e-05,0.2018779342723004,0.3010722751044057,0.3937460114869176,0.4031076517133373,0.6659999999999999,0.252,0.0819999999999999,0.1212474195542389,0.1118421052631579,0.1024141724078041,0.1283637324874438,0.4475474683544304,0.15657214569576,0,0,,,,
0107c61e54459068bb83f6be2058d65d,2019-11-16,0.0058064282873567,0.7264413215205341,0.0,0.0,7.599782653232298e-05,0.4144144144144144,3.097267091416872e-05,0.1830985915492957,0.3115730463900071,0.3714103382259093,0.3991948620846491,0.6679999999999999,0.136,0.196,0.116197326833137,0.1118421052631579,0.079395588490708,0.1765530002643404,0.4041534810126582,0.2771386739175905,1,1,,,,
0107c61e54459068bb83f6be2058d65d,2019-11-21,0.0058172746664738,0.7400100379697114,0.0,0.0,7.395684480631625e-05,0.3693693693693693,3.0384055809003763e-05,0.2065727699530516,0.308700477820836,0.3443948096149755,0.3791309284569157,0.67,0.134,0.1969999999999999,0.1134900456024539,0.125,0.080182944479824,0.1949510970129526,0.4294699367088607,0.2979950398900409,0,0,,,,
0107c61e54459068bb83f6be2058d65d,2019-11-30,0.0452149390795039,0.7717169292541352,0.0,0.0,0.0002994052388614,0.2612612612612612,0.0068065659323998,0.2535211267605634,0.3266770758869784,0.3161029568176983,0.2971107290433503,0.7879999999999999,0.066,0.146,0.0761202341936763,0.1381578947368421,0.1111561396399004,0.2096748612212529,0.5153612869198312,0.237129112259838,0,0,,,,
0107c61e54459068bb83f6be2058d65d,2019-12-03,0.1130048085614085,0.7168005062628203,0.0,0.0,0.0006452076819478,0.2162162162162162,0.0108698527792367,0.2723004694835681,0.3197618420557583,0.3267389917038927,0.3178069023802534,0.768,0.0279999999999999,0.132,0.0653756662506852,0.1644736842105263,0.1000405256759103,0.245096484271742,0.5234968354430379,0.2468999312755849,0,0,,,,
0107c61e54459068bb83f6be2058d65d,2019-12-09,0.1789869481904624,0.7162571465980011,0.0,0.0,0.0009695586897531,0.1891891891891892,0.0125412509623137,0.2910798122065727,0.2263008390082396,0.2401616677302701,0.2597408462334964,0.504,0.0,0.138,0.0367604180030557,0.1644736842105263,0.1413188212817692,0.2509119746233148,0.5904140295358649,0.2164520273702453,1,1,,,,
0107c61e54459068bb83f6be2058d65d,2019-12-27,0.0411222386926497,0.7659189106620695,0.0,0.0,0.0003252000247582,0.0990990990990991,0.0189332463189594,0.2863849765258215,0.3051638511606908,0.1914486279514996,0.3093329548496979,1.0,0.0,0.0,0.0542578812936634,0.1776315789473684,0.0460487465987379,0.2362675125561723,0.4773866033755274,0.0663041204768876,0,0,,,,
0107c61e54459068bb83f6be2058d65d,2019-12-30,0.0778155392458151,0.7215118055252476,0.0,0.0,0.0005032380936643,0.1351351351351351,0.0189691198504231,0.2394366197183098,0.3493886150720493,0.2524994681982557,0.342238451141741,1.0,0.0,0.0,0.0551049089700376,0.1907894736842105,0.0867017889191223,0.2529473962463653,0.4734177215189873,0.0813338512564615,1,1,,,,
0107c61e54459068bb83f6be2058d65d,2020-01-01,0.0813189197006399,0.7146183389342297,0.0,0.0,0.0004593171888855,0.1351351351351351,0.0189631953114298,0.2488262910798122,0.3554987019827683,0.2520740268028079,0.3493059878906741,1.0,0.0,0.0,0.0501626992920539,0.1842105263157894,0.0805882012389278,0.2376156489558551,0.4757383966244726,0.0806466071055069,1,1,,,,
0107c61e54459068bb83f6be2058d65d,2020-01-06,0.1032683755739542,0.6290337363069002,0.0,0.0,0.0016305802951081,0.1261261261261261,0.0621271279259793,0.2065727699530516,0.3575981037661311,0.2820676451818761,0.4562319158476044,0.643,0.0,0.0,0.0784047305256528,0.1776315789473684,0.1055983326579054,0.2424002114723764,0.4556962025316455,0.1116024740789434,1,1,,,,
0107c61e54459068bb83f6be2058d65d,2020-01-11,0.1110524603203297,0.5119844629686203,0.0,0.0,0.0015168778615335,0.072072072072072,0.0553652583536303,0.1971830985915493,0.2959855525038564,0.2939800042544139,0.6223109651655274,0.286,0.0,0.0,0.1413107498163072,0.1644736842105263,0.0960690094366931,0.2397039386730108,0.4357990506329113,0.1060447605103535,0,0,,,,
0107c61e54459068bb83f6be2058d65d,2020-01-16,0.0585668317726598,0.5098874001658447,0.0,0.0,1.9964672954876663e-05,0.009009009009009,0.0402436211381178,0.2206572769953051,0.2545976146581888,0.2878111040204212,0.6722385479131251,0.0,0.0,0.0,0.1853518153508823,0.125,0.0571643605627279,0.1720592122653978,0.4159018987341772,0.1225685003137419,1,1,,,,
0107c61e54459068bb83f6be2058d65d,2020-01-22,0.0353555804620557,0.5412167765024223,0.0,0.0,0.0,0.0,0.0,0.2253521126760563,0.27687648143271,0.3144011912359072,0.6466392911173546,0.0,0.0,0.0,0.1815861139944717,0.0986842105263157,0.0206333584206565,0.3531588686227861,0.4611155063291138,0.2952460632862222,0,0,,,,
0107c61e54459068bb83f6be2058d65d,2020-01-25,0.0688781228533208,0.5347815650504081,0.0,0.0,0.0,0.0,0.0,0.2206572769953051,0.2701192670905602,0.2997234630929589,0.626239883358225,0.0,0.0,0.0,0.1721230216582498,0.0921052631578947,0.0158744861923232,0.3417657943431139,0.4529799578059071,0.303971075985299,0,0,,,,
0107c61e54459068bb83f6be2058d65d,2020-01-30,0.0822480928450052,0.544795530921311,0.0,0.0,0.0,0.0,0.0,0.2018779342723004,0.2793577636479928,0.3050414805360562,0.5995084013689924,0.0,0.0,0.0,0.1564974749536394,0.0855263157894736,0.0277890349099751,0.3456515992598467,0.4457410337552742,0.2923476857800221,0,0,,,,
0107c61e54459068bb83f6be2058d65d,2020-02-07,0.1371922339925521,0.452884825208397,0.0,0.0,0.0,0.0,0.0,0.2112676056338028,0.2332950825839949,0.2529249095937034,0.686351041421378,0.0,0.0,0.0,0.2308245180252154,0.131578947368421,0.0396920048630811,0.1165477134549299,0.3860759493670886,0.145755520363343,0,0,,,,
0107c61e54459068bb83f6be2058d65d,2020-02-11,0.1105824505585885,0.4113298127700431,0.0,0.0,0.0,0.0,0.0,0.2300469483568075,0.2289777644004665,0.2524994681982557,0.7715195365295846,0.0,0.0,0.0,0.2663020025425409,0.1513157894736842,0.0309616163955305,0.1190853819719799,0.3969145569620253,0.1809543729644127,0,0,,,,
0107c61e54459068bb83f6be2058d65d,2020-02-17,0.103210528218663,0.4669947191550648,0.0,0.0,0.0,0.0,0.0,0.2159624413145539,0.2309135031415779,0.2139970219102318,0.6958120570693108,0.0,0.0,0.0,0.2489167959319345,0.131578947368421,0.0238175186707578,0.113005551149881,0.3761207805907173,0.2139420922102369,0,0,,,,
0107c61e54459068bb83f6be2058d65d,2020-02-25,0.0365016811887631,0.5518090167154017,0.0,0.0,0.0,0.0,0.0,0.1971830985915493,0.2739568832536965,0.2012337800467985,0.6299559045059983,0.0,0.0,0.0,0.1933395341785143,0.131578947368421,0.0778092977479303,0.172112080359503,0.4168117088607594,0.2568799115546658,0,0,,,,
0107c61e54459068bb83f6be2058d65d,2020-03-06,0.0162912614338913,0.5375310958844325,0.0,0.0,0.0,0.0,0.0,0.2253521126760563,0.3437093193874864,0.2803658796000851,0.669090252218484,0.0,0.0,0.0,0.1984916784268902,0.1118421052631579,0.0976553001794708,0.1377213851440655,0.4674446202531644,0.1329668031194908,0,0,,,,
0107c61e54459068bb83f6be2058d65d,2020-03-08,0.023514949925883,0.5293676079081745,0.0,0.0,0.0,0.0,0.0,0.2159624413145539,0.3430678355092366,0.2997234630929589,0.6747158953449738,0.0,0.0,0.0,0.1887792887883276,0.0921052631578947,0.091298558443814,0.1435897435897436,0.451173523206751,0.1285445364089999,0,0,,,,
0107c61e54459068bb83f6be2058d65d,2020-03-14,0.02112874652012,0.6160629337057565,0.0,0.0,0.0,0.0,0.0,0.2300469483568075,0.305519395011099,0.2869602212295256,0.5486905218880742,0.0,0.0,0.0,0.1460036621919501,0.0657894736842105,0.0650958142766166,0.093391488236849,0.434889240506329,0.0801087638569337,0,0,,,,
0107c61e54459068bb83f6be2058d65d,2020-03-17,0.0357026645938031,0.6188713830576528,0.0,0.0,0.0,0.0,0.0,0.2347417840375587,0.3256142067045411,0.2656881514571367,0.5315394069204442,0.0,0.0,0.0,0.1337195740660827,0.0723684210526315,0.1119434956290164,0.2890827385672747,0.4927610759493671,0.3432635133116204,0,0,,,,
0107c61e54459068bb83f6be2058d65d,2020-03-18,0.0357026645938031,0.6185222362850782,0.0,0.0,0.0,0.0,0.0,0.2347417840375587,0.3374788366755709,0.2737715379706445,0.5320522952559441,0.0,0.0,0.0,0.1275410830291226,0.0723684210526315,0.1190875933537891,0.2849061591329632,0.5036128691983122,0.3404547763468492,0,0,,,,
0107c61e54459068bb83f6be2058d65d,2020-03-20,0.0698940670306229,0.621760572600707,0.0,0.0,0.0,0.0,0.0,0.2394366197183098,0.3718518379171526,0.2782386726228462,0.4967629972033069,0.0,0.0,0.0,0.1049643694381917,0.0789473684210526,0.1341747235569964,0.2795400475812847,0.5234968354430379,0.3417396241073296,0,0,,,,
0107c61e54459068bb83f6be2058d65d,2020-03-22,0.0584005206261976,0.6813075546632917,0.0,0.0,0.0,0.009009009009009,0.0013524135820094,0.244131455399061,0.405248504458407,0.2784513933205701,0.4189910615498259,0.071,0.0,0.0,0.0721241879614186,0.0921052631578947,0.1452903375209865,0.2681205392545598,0.5443037974683543,0.3197776914572564,0,0,,,,
0107c61e54459068bb83f6be2058d65d,2020-03-28,0.0744206225821613,0.7100968882293893,0.0,0.0,7.181170127821191e-05,0.054054054054054,0.0094667671142608,0.2676056338028169,0.4358591369126002,0.230801957030419,0.3621475505549839,0.5,0.0,0.0,0.0299258814336198,0.0855263157894736,0.1826086956521739,0.2360560401797515,0.6084915611814345,0.2800968117847431,0,0,,,,
0107c61e54459068bb83f6be2058d65d,2020-03-30,0.0600419393325861,0.7217714834373499,0.0,0.0,7.81301954997927e-05,0.063063063063063,0.012171575084309,0.2488262910798122,0.4633300726137176,0.2550521165709423,0.3577186468779939,0.643,0.0,0.0,0.0217617592516998,0.0986842105263157,0.1611764024778556,0.1307163626751255,0.5659941983122363,0.1645501538829294,0,0,,,,
0107c61e54459068bb83f6be2058d65d,2020-04-04,0.0208937416392494,0.7810020512372888,0.0,0.0,7.822453071678676e-05,0.0990990990990991,0.0189335662184731,0.2488262910798122,0.3918695210504533,0.2280365879600085,0.3050879168024154,0.929,0.0,0.0,0.0160089688713684,0.0855263157894736,0.1206738840965669,0.1688342585249801,0.5171677215189874,0.2030657065168673,0,0,,,,
0107c61e54459068bb83f6be2058d65d,2020-04-11,0.0032936837918941,0.8128049578841707,0.0,0.0,1.323739279298831e-05,0.0900900900900901,0.0189335982084245,0.2206572769953051,0.3759264833138944,0.2724952137843012,0.2737759226345041,0.857,0.0,0.0,0.020386979391423,0.1052631578947368,0.0889249117119203,0.1699444885011895,0.4556962025316455,0.1084052947679804,0,0,,,,
0107c61e54459068bb83f6be2058d65d,2020-04-15,0.0008966340070139,0.8277877187622746,0.0,0.0,7.405314534033102e-06,0.0900900900900901,0.0189335790144537,0.2206572769953051,0.3973117875014109,0.2912146351840034,0.2537668261244028,0.7859999999999999,0.0,0.0,0.0183401173300987,0.0986842105263157,0.0873270422045967,0.1610097805974094,0.453876582278481,0.1099291839722712,1,1,,,,
0107c61e54459068bb83f6be2058d65d,2020-04-17,0.0008966340070139,0.8303561297080259,0.0,0.0,7.494736458475381e-06,0.0900900900900901,0.0189335726164634,0.2065727699530516,0.399956732758945,0.3107849393746011,0.2499701621565825,0.857,0.0,0.0,0.0184261321888011,0.0921052631578947,0.1071846234006831,0.1310071371927042,0.4575026371308016,0.1088534974751247,0,0,,,,
0107c61e54459068bb83f6be2058d65d,2020-04-20,0.0,0.8427923013136648,0.0,0.0,9.178030486713e-07,0.0900900900900901,0.0189335598204828,0.2206572769953051,0.4132266074720644,0.3309934056583705,0.2323868016734998,0.857,0.0,0.0,0.0102663836437643,0.0921052631578947,0.1127424303826781,0.1307427967221781,0.4791930379746835,0.2096094660411749,0,0,,,,
0107c61e54459068bb83f6be2058d65d,2020-05-02,0.0005350880364438,0.8503142320953171,0.0,0.0,7.232366636210671e-07,0.0900900900900901,0.018933470248619,0.2159624413145539,0.4291715263930171,0.2586683684322484,0.2207903641507181,1.0,0.0,0.0,0.0081087227813997,0.1118421052631579,0.1246454003357841,0.070578905630452,0.4873417721518987,0.1783846774434518,0,0,,,,
0107c61e54459068bb83f6be2058d65d,2020-05-06,0.0128312664955349,0.8380395408719941,0.0,0.0,5.318540921443837e-05,0.0990990990990991,0.0189334766466093,0.2018779342723004,0.4169870950750592,0.2476068921506062,0.2279643494221135,1.0,0.0,0.0,0.0087399843715375,0.0986842105263157,0.1429051120245469,0.1204863864657679,0.4963739451476793,0.1900080676487286,0,0,,,,
0107c61e54459068bb83f6be2058d65d,2020-05-14,0.0155862467912795,0.8135359839392486,0.0,0.0,6.495274487593604e-05,0.0990990990990991,0.0189335342285217,0.2206572769953051,0.421923322924113,0.2695171240161668,0.2617278853194584,0.857,0.0,0.0,0.0150030323882389,0.0789473684210526,0.153233369999421,0.1283637324874438,0.5271228902953586,0.1977171542116114,0,0,,,,
0107c61e54459068bb83f6be2058d65d,2020-05-17,0.0877616688962001,0.7725068738270849,0.0,0.0,0.0005469094031815,0.0990990990990991,0.0189342380074518,0.2159624413145539,0.4120828473606983,0.2741969793660923,0.2579828327564683,0.7859999999999999,0.0,0.0,0.0181185197280181,0.0855263157894736,0.1270306258322237,0.1252973830293418,0.4936708860759493,0.2062628858278304,0,0,,,,
0107c61e54459068bb83f6be2058d65d,2020-05-22,0.0822119382479482,0.7504146117924323,0.0,0.0,0.0004941701209307,0.063063063063063,0.0121722148833363,0.2347417840375587,0.4148839309229091,0.2707934482025101,0.2955914183136618,0.429,0.0,0.0,0.0201449714838875,0.0921052631578947,0.1095582701325768,0.1216230504890298,0.4927610759493671,0.2220396211193115,0,0,,,,
0107c61e54459068bb83f6be2058d65d,2020-05-27,0.087436277522687,0.7385741718674986,0.0,0.0,0.0004941701209307,0.036036036036036,0.005410242943143,0.2394366197183098,0.4263027201926333,0.2927036800680705,0.3084329809779716,0.214,0.0,0.0,0.023960240724974,0.0921052631578947,0.0936837839402535,0.090325138778747,0.4782964135021096,0.1707951116024741,1,1,,,,
0107c61e54459068bb83f6be2058d65d,2020-06-05,0.0096749701724574,0.796576179461441,0.0,0.0,0.0,0.0,0.0,0.2347417840375587,0.4427010045524662,0.2788768347160178,0.2920753913596057,0.0,0.0,0.0,0.0192760756230974,0.0789473684210526,0.1246454003357841,0.0826063970393867,0.5072257383966244,0.1086443362117907,1,1,,,,
0107c61e54459068bb83f6be2058d65d,2020-06-13,0.023890957735276,0.7736939728538385,0.0,0.0,0.0,0.0,0.0,0.2535211267605634,0.4437582301817224,0.249946819825569,0.313219938775971,0.0,0.0,0.0,0.0282828518445084,0.1447368421052631,0.1587911769814161,0.1347607718741739,0.5678006329113924,0.1657752412824573,0,0,,,,
0107c61e54459068bb83f6be2058d65d,2020-06-16,0.0393759716547959,0.7438244664600882,0.0,0.0,0.0,0.0,0.0,0.2629107981220657,0.4472271342036946,0.2352690916826207,0.3435513162521088,0.0,0.0,0.0,0.0427668793226111,0.1447368421052631,0.1556185954958606,0.1321966693100713,0.5732331223628692,0.1659844025457914,0,0,,,,
0107c61e54459068bb83f6be2058d65d,2020-06-19,0.0720561119346324,0.7214790730153188,0.0,0.0,0.0,0.0,0.0,0.2488262910798122,0.4183697656044245,0.2233567326100829,0.3474286230399762,0.0,0.0,0.0,0.0453006729569284,0.1644736842105263,0.1556185954958606,0.161908538197198,0.5578586497890294,0.2230854274359817,0,0,,,,
0107c61e54459068bb83f6be2058d65d,2020-06-25,0.0873820456271014,0.7478483830140094,0.0,0.0,0.0,0.0,0.0,0.2300469483568075,0.3240923285300425,0.1922995107423952,0.2947720872619827,0.0,0.0,0.0,0.0402214226566053,0.1578947368421052,0.148462919006542,0.2107057890563045,0.5334520042194092,0.3376161592016016,0,0,,,,
0107c61e54459068bb83f6be2058d65d,2020-06-27,0.0814093061932824,0.7527713525073103,0.0,0.0,0.0,0.0,0.0,0.2112676056338028,0.3093438428834794,0.1948521591150818,0.2928237567296433,0.0,0.0,0.0,0.0373231592820237,0.125,0.1468766282637642,0.2108115252445149,0.5090321729957805,0.3064810111453073,0,0,,,,
0107c61e54459068bb83f6be2058d65d,2020-06-28,0.0774359159767164,0.7700606642517349,0.0,0.0,0.0,0.0,0.0,0.2112676056338028,0.2909232853004251,0.1859178898106785,0.2708114925695705,0.0,0.0,0.0,0.0315616216279259,0.125,0.1445029815318705,0.2144594237377742,0.5072257383966244,0.3053754444676846,0,0,,,,
0107c61e54459068bb83f6be2058d65d,2020-07-01,0.0611735782204707,0.8088726923580499,0.0,0.0,0.0,0.0,0.0,0.2159624413145539,0.2586684976861432,0.1905977451606041,0.2279482208581041,0.0,0.0,0.0,0.0206741815467512,0.125,0.1500607885138656,0.2113930742796722,0.5171677215189874,0.2759434666985388,0,0,,,,
0107c61e54459068bb83f6be2058d65d,2020-07-04,0.006601829422611,0.8306943656439575,0.0,0.0,0.0,0.0,0.0,0.244131455399061,0.2529195981790135,0.1803871516698574,0.2443800018709134,0.0,0.0,0.0,0.0257694685156459,0.1381578947368421,0.1397325305389914,0.2026962727993655,0.5379746835443038,0.3145486598739057,1,1,,,,
0107c61e54459068bb83f6be2058d65d,2020-07-06,0.008879569037203,0.8133395888796754,0.0,0.0,0.0,0.0,0.0,0.2629107981220657,0.2789175664998683,0.1922995107423952,0.2679986710063256,0.0,0.0,0.0,0.0260202236969477,0.1184210526315789,0.1500607885138656,0.2209621993127148,0.569620253164557,0.2759733468790152,0,0,,,,
0107c61e54459068bb83f6be2058d65d,2020-07-11,0.0123251021367366,0.7891720857155328,0.0,0.0,0.0,0.0,0.0,0.2769953051643192,0.3205462959479287,0.2118698149329929,0.3006557874126235,0.0,0.0,0.0,0.0257432266943469,0.1052631578947368,0.1389451745498755,0.127147766323024,0.5732331223628692,0.1815519765739385,0,0,,,,
0107c61e54459068bb83f6be2058d65d,2020-07-18,0.0107053761885823,0.7834002531314103,0.0,0.0,0.0,0.0,0.0,0.2394366197183098,0.3581906768501449,0.234630929589449,0.3106296913960562,0.0,0.0,0.0,0.0262870155468212,0.1052631578947368,0.1722920164418456,0.1676975945017182,0.569620253164557,0.1392416410195117,0,0,,,,
0107c61e54459068bb83f6be2058d65d,2020-07-25,0.0432553599190137,0.7638654912058656,0.0,0.0,0.0,0.0,0.0,0.2347417840375587,0.3414293239023289,0.206126356094448,0.31046518004316,0.0,0.0,0.0,0.0364090691734409,0.1842105263157894,0.1667342094598506,0.2170235263018768,0.5578586497890294,0.2313622374279141,0,0,,,,
0107c61e54459068bb83f6be2058d65d,2020-08-01,0.1046350193427094,0.6826168550604461,0.0,0.0,0.0,0.0,0.0,0.2535211267605634,0.3555400880394296,0.1999574558604552,0.3758052185581708,0.0,0.0,0.0,0.0317453143770191,0.2171052631578947,0.1381462397962137,0.2051810732223103,0.5452004219409282,0.3020886246152927,0,0,,,,
0107c61e54459068bb83f6be2058d65d,2020-08-08,0.1020788893307784,0.6316807052764805,0.0,0.0,0.0,0.0,0.0,0.2582159624413145,0.3546465254524248,0.2601574133163156,0.4533803857307368,0.0,0.0,0.0,0.0340327264669178,0.1513157894736842,0.0952700746830313,0.1521543748347872,0.50270305907173,0.2378761167717453,0,0,,,,
0107c61e54459068bb83f6be2058d65d,2020-08-12,0.1666039986984345,0.6180072447955309,0.0,0.0,0.0,0.0,0.0,0.2394366197183098,0.3940911998194062,0.2880238247181451,0.4160234057720904,0.0,0.0,0.0,0.0343432546856229,0.1184210526315789,0.0762114282406067,0.0840867036743325,0.4611155063291138,0.1408252905847551,0,0,,,,
0107c61e54459068bb83f6be2058d65d,2020-08-14,0.1649408872338117,0.6044843538602541,0.0,0.0,0.0,0.0,0.0,0.2394366197183098,0.406459987207946,0.2980216975111678,0.4374969758942482,0.0,0.0,0.0,0.0369076637781224,0.1184210526315789,0.080182944479824,0.096457837694951,0.4638317510548522,0.1432455852033346,0,0,,,,
0107c61e54459068bb83f6be2058d65d,2020-08-18,0.1141219856104703,0.6470322524331165,0.0,0.0,0.0,0.0,0.0,0.2394366197183098,0.4169664020467286,0.2624973409912784,0.4199426468263824,0.0,0.0,0.0,0.0472352783382512,0.1052631578947368,0.1024141724078041,0.231218609569125,0.4909546413502109,0.1693907431200884,0,0,,,,
0107c61e54459068bb83f6be2058d65d,2020-08-20,0.1041686250406739,0.6609348404835683,0.0,0.0,0.0,0.0,0.0,0.2394366197183098,0.4270420256593551,0.2584556477345245,0.4082752436219593,0.0,0.0,0.0,0.0428018684176764,0.131578947368421,0.1214728188502286,0.2660586835844568,0.5117484177215189,0.169241342217707,0,0,,,,
0107c61e54459068bb83f6be2058d65d,2020-08-22,0.0939224122347156,0.6881791995810239,0.0,0.0,0.0,0.0,0.0,0.2253521126760563,0.438253884645773,0.2588810891299723,0.3771438893709537,0.0,0.0,0.0,0.0386862761106122,0.1381578947368421,0.1389451745498755,0.2544277028813111,0.5171677215189874,0.2010338542444796,0,0,,,,
0107c61e54459068bb83f6be2058d65d,2020-09-03,0.0519216168335803,0.7392310042334046,0.0,0.0,0.0,0.0,0.0,0.295774647887324,0.268422438767448,0.162093171665603,0.3391482182775338,0.0,0.0,0.0,0.0268789144050104,0.1184210526315789,0.1167139466218954,0.1663230240549828,0.5678006329113924,0.1959841037439866,0,0,,,,
0107c61e54459068bb83f6be2058d65d,2020-09-12,0.1708666256914566,0.6174202417841399,0.0,0.0,0.0,0.0,0.0,0.2723004694835681,0.2421629858158696,0.1199744735162731,0.4130880071223738,0.0,0.0,0.0,0.0536674403144353,0.125,0.0889249117119203,0.1744911445942374,0.5108386075949367,0.2777960378880689,0,0,,,,
0107c61e54459068bb83f6be2058d65d,2020-09-16,0.1720850356122781,0.5991882337537641,0.0,0.0,0.0,0.0,0.0,0.2535211267605634,0.2411283343993378,0.1308232291001914,0.4389517723678989,0.0,0.0,0.0,0.0573369216594161,0.1381578947368421,0.0563654258090661,0.1523922812582606,0.4502637130801687,0.2172886724235814,0,0,,,,
0107c61e54459068bb83f6be2058d65d,2020-09-25,0.07480024585126,0.68371012089207,0.0,0.0,0.0,0.0,0.0,0.2394366197183098,0.3244704465931751,0.2167623909806424,0.4008077184855923,0.0,0.0,0.0,0.0415116455371409,0.1118421052631579,0.0333468418919701,0.1080888183980967,0.4095727848101265,0.1776675531120208,0,0,,,,
0107c61e54459068bb83f6be2058d65d,2020-09-29,0.0562710148595393,0.7007921267402785,0.0,0.0,0.0,0.0,0.0,0.2394366197183098,0.3758437112005718,0.2342054881940012,0.3920886167820934,0.0,0.0,0.0,0.0345138265240666,0.0855263157894736,0.0309616163955305,0.1047052603753634,0.4077663502109704,0.1697493052858039,0,0,,,,
0107c61e54459068bb83f6be2058d65d,2020-10-01,0.0484073899996384,0.7228123772530879,0.0,0.0,0.0,0.0,0.0,0.244131455399061,0.3989841604274051,0.2571793235481812,0.3665506485295587,0.0,0.0,0.0,0.0310513639915559,0.0789473684210526,0.0293753256527528,0.1008723235527359,0.4095727848101265,0.167807093554845,0,0,,,,
0107c61e54459068bb83f6be2058d65d,2020-10-03,0.0435843667522325,0.7199013660367476,0.0,0.0,0.0,0.0,0.0,0.2394366197183098,0.4109334436961511,0.2637736651776218,0.3751600759977935,0.0,0.0,0.0,0.0357603130357705,0.0921052631578947,0.0365194233775256,0.1025905366111551,0.4131988396624472,0.17058595033914,0,0,,,,
0107c61e54459068bb83f6be2058d65d,2020-10-09,0.0424888824614049,0.7326124907257888,0.0,0.0,0.0,0.0,0.0,0.2253521126760563,0.4026788065766206,0.2580302063390767,0.3573476899057769,0.0,0.0,0.0,0.0287231312907477,0.1118421052631579,0.068279974526718,0.1142215173143008,0.4330828059071729,0.1529865240386052,0,0,,,,
0107c61e54459068bb83f6be2058d65d,2020-10-17,0.0495824144039914,0.7775913237027013,0.0,0.0,0.0,0.0,0.0,0.2300469483568075,0.3484066368185409,0.2373962986598596,0.2845304491159934,0.0,0.0,0.0,0.0226117026859961,0.125,0.0992415909222486,0.1550885540576262,0.4755801687763712,0.2731347297337676,0,0,,,,
0107c61e54459068bb83f6be2058d65d,2020-10-24,0.0800607397230557,0.7624689041155674,0.0,0.0,0.0,0.0,0.0,0.1877934272300469,0.358066518680161,0.2135715805147841,0.2796951056259656,0.0,0.0,0.0,0.020489030918697,0.1381578947368421,0.1286169165750014,0.1741475019825535,0.4638317510548522,0.2623479845818269,0,0,,,,
0107c61e54459068bb83f6be2058d65d,2020-11-04,0.0808380635597816,0.7665691965259896,0.0,0.0,0.0,0.0,0.0,0.164319248826291,0.327756875728959,0.219315039353329,0.2729404630188156,0.0,0.0,0.0,0.0164915268074783,0.1513157894736842,0.1397325305389914,0.1368754956383822,0.4502637130801687,0.186751127976813,0,0,,,,
0107c61e54459068bb83f6be2058d65d,2020-12-11,0.0764127408800029,0.7257495744773709,0.0,0.0,6.878609572482976e-09,0.0,0.0,0.2159624413145539,0.1583148350201287,0.1193363114231014,0.3372224677348077,0.0,0.0,0.0,0.0279971075681412,0.1776315789473684,0.0889249117119203,0.1885804916732752,0.4459520042194092,0.1899781874682523,0,0,,,,
0107c61e54459068bb83f6be2058d65d,2020-12-19,0.1096424310351061,0.6486121415790164,0.0,0.0,5.8959510621282665e-09,0.009009009009009,0.0013524007860289,0.2535211267605634,0.3667933330825087,0.2880238247181451,0.4216038889193539,0.0,0.0,0.0,0.0376555556851447,0.1447368421052631,0.096856365425809,0.0769759450171821,0.4963739451476793,0.2558938655989483,0,0,,,,
0107c61e54459068bb83f6be2058d65d,2020-12-25,0.0941393398170577,0.6122201370401084,0.0,0.0,0.0,0.009009009009009,0.0013524007860289,0.2582159624413145,0.3938485270326197,0.3392895128696022,0.4892309578109022,0.0,0.0,0.0,0.0399138101958223,0.1381578947368421,0.096856365425809,0.0720327782183452,0.504509493670886,0.2317207995936295,0,0,,,,
0107c61e54459068bb83f6be2058d65d,2020-12-31,0.0666509996746086,0.6606489765635227,0.0,0.0,0.0,0.009009009009009,0.0013524007860289,0.2863849765258215,0.3874073516686105,0.326313550308445,0.4421678080313797,0.0,0.0,0.0,0.0285598488471093,0.1184210526315789,0.091298558443814,0.0803330689928628,0.5262130801687763,0.1726775629724803,0,0,,,,
0107c61e54459068bb83f6be2058d65d,2021-01-02,0.0731226725478144,0.6553572207916902,0.0,0.0,0.0,0.009009009009009,0.0013523815920581,0.2582159624413145,0.3671564016704917,0.3182301637949372,0.4442161356605776,0.0,0.0,0.0,0.0285000758097059,0.1447368421052631,0.0992415909222486,0.0896907216494845,0.5072257383966244,0.2020796605611498,0,0,,,,
0107c61e54459068bb83f6be2058d65d,2021-01-09,0.0786940959543005,0.6919827172347576,0.0,0.0,0.0,0.009009009009009,0.0013523815920581,0.2488262910798122,0.3349392377440837,0.2899383109976601,0.3851081742788113,0.0,0.0,0.0,0.0333125342601555,0.1644736842105263,0.1000405256759103,0.1085117631509384,0.4954773206751054,0.2549078196432306,0,0,,,,
0107c61e54459068bb83f6be2058d65d,2021-01-16,0.1032502982754257,0.6563981146074283,0.0,0.0,3.4316400498607214e-05,0.0,0.0,0.2300469483568075,0.1971293126152225,0.1912359072537758,0.4157976058759584,0.0,0.0,0.0,0.0595456082854177,0.1184210526315789,0.0952700746830313,0.0918318794607454,0.4692510548523206,0.2009143335225744,0,0,,,,
0107c61e54459068bb83f6be2058d65d,2021-01-20,0.0705665425358834,0.7077248723432112,0.0,0.0,3.43232791081797e-05,0.0,0.0,0.2253521126760563,0.2130554196922382,0.1954903212082535,0.3690860587918415,0.0,0.0,0.0,0.0500416953382862,0.0921052631578947,0.0992415909222486,0.0763943959820248,0.4710574894514768,0.1564227447933785,0,0,,,,
0107c61e54459068bb83f6be2058d65d,2021-01-21,0.0689793557250804,0.7163466154584734,0.0,0.0,3.432426176669005e-05,0.0,0.0,0.2206572769953051,0.2046803867715113,0.1827270793448202,0.3577573554316164,0.0,0.0,0.0,0.0485182118239815,0.1052631578947368,0.1055983326579054,0.0800951625693893,0.4710574894514768,0.1564227447933785,0,0,,,,
0107c61e54459068bb83f6be2058d65d,2021-01-24,0.0727285874398929,0.7003055034260026,0.0,0.0,3.432426176669005e-05,0.0,0.0,0.2018779342723004,0.2174310545919711,0.1854924484152308,0.3781212803499253,0.0,0.0,0.0,0.0524792689611737,0.0986842105263157,0.1151160771145718,0.0688871266190853,0.4638317510548522,0.1599187259091045,0,0,,,,
0107c61e54459068bb83f6be2058d65d,2021-01-30,0.0225206985068151,0.7737157945271244,0.0,0.0,7.861268082837688e-09,0.0,0.0,0.2018779342723004,0.3116087888934873,0.2620718995958306,0.3144070010870652,0.0,0.0,0.0,0.036053346706943,0.1052631578947368,0.1222717536038904,0.0691514670896114,0.4728639240506329,0.1753368990348701,0,0,,,,
0107c61e54459068bb83f6be2058d65d,2021-03-02,0.0028887523048555,0.8173765984375683,0.0,0.0,5.601153509021853e-08,0.0,0.0,0.2112676056338028,0.3191109522555401,0.1899595830674324,0.2673793341483634,0.0,0.0,0.0,0.018984499830886,0.0921052631578947,0.1254443350894459,0.130954269098599,0.4828190928270042,0.1331460842023486,0,0,,,,
0107c61e54459068bb83f6be2058d65d,2021-03-06,0.0009834050399508,0.818402217082006,0.0,0.0,4.225431594525257e-08,0.009009009009009,0.0069420305804613,0.2206572769953051,0.3473324805297415,0.2199532014465007,0.267559974065269,0.0,0.0,0.0,0.0211713182724717,0.0855263157894736,0.1151160771145718,0.0917790113666402,0.4819092827004219,0.1169809065646756,1,1,,,,
0107c61e54459068bb83f6be2058d65d,2021-03-09,0.0009834050399508,0.8077576048531402,0.0,0.0,4.225431594525257e-08,0.009009009009009,0.0069420305804613,0.2159624413145539,0.3730840136950224,0.2342054881940012,0.2832982268256728,0.0,0.0,0.0,0.0303851133063528,0.0921052631578947,0.1175013026110114,0.0696272799365582,0.4791930379746835,0.1181761137837272,0,0,,,,
0107c61e54459068bb83f6be2058d65d,2021-03-20,0.067251165985755,0.7872255924584296,0.0,0.0,0.00015326524786,0.0,0.0,0.2300469483568075,0.2669287783588547,0.1916613486492235,0.2545248686328461,0.0,0.0,0.0,0.0428835096394956,0.0789473684210526,0.1111561396399004,0.1150938408670367,0.4873417721518987,0.1554964591986135,0,0,,,,
0107c61e54459068bb83f6be2058d65d,2021-03-27,0.1526700169926606,0.7137585650067646,0.0,0.0,0.00015326524786,0.009009009009009,0.0057134373042155,0.244131455399061,0.2659863049776139,0.1880450967879174,0.2869142508765874,0.0,0.0,0.0,0.0397432383573786,0.131578947368421,0.136559949053436,0.1436690457309014,0.5307357594936708,0.2012131353273374,0,0,,,,
0107c61e54459068bb83f6be2058d65d,2021-04-02,0.1593550019885028,0.6754397067167109,0.0,0.0,0.00015326524786,0.009009009009009,0.0057134373042155,0.2112676056338028,0.297434064487001,0.1880450967879174,0.3375901989942227,0.0,0.0,0.0,0.0457905202878436,0.1381578947368421,0.142117756035431,0.1377213851440655,0.504509493670886,0.2004362506349538,0,0,,,,
0107c61e54459068bb83f6be2058d65d,2021-04-05,0.1142919122166383,0.7005477239994763,0.0,0.0,0.0,0.009009009009009,0.0114269065983823,0.1924882629107981,0.3190357048797923,0.1914486279514996,0.3406836575712318,0.0,0.0,0.0,0.0479233972078702,0.1447368421052631,0.1603774677241938,0.144091990483743,0.50270305907173,0.2336331311441121,0,0,,,,
0107c61e54459068bb83f6be2058d65d,2021-04-21,0.0353736577605842,0.7566425173482302,0.0,0.0,4.913292551773554e-09,0.0,0.0,0.2394366197183098,0.2911527897964558,0.1816634758562008,0.3281743433255163,0.0,0.0,0.0,0.0403526317631005,0.0921052631578947,0.1071846234006831,0.0668517049960348,0.4954773206751054,0.1249589147518451,0,0,,,,
0107c61e54459068bb83f6be2058d65d,2021-05-01,0.1195957916049025,0.7227425478985727,0.0,0.0,0.0004072736288601,0.0,0.0,0.1877934272300469,0.3076169156100681,0.1882578174856413,0.3031460376956797,0.0,0.0,0.0,0.0440964649350952,0.125,0.1341747235569964,0.1281258260639703,0.4692510548523206,0.1223892192308841,0,0,,,,
0107c61e54459068bb83f6be2058d65d,2021-05-02,0.1329259915398243,0.7044210710077249,0.0,0.0,0.0004072765768356,0.0,0.0,0.1737089201877934,0.3192125362127996,0.1922995107423952,0.318332693566961,0.0,0.0,0.0,0.0449274559428978,0.125,0.1548196607421988,0.1885540576262225,0.4764899789029536,0.1520004780828876,0,0,,,,
0107c61e54459068bb83f6be2058d65d,2021-05-08,0.1579702809212191,0.6684065814166629,0.0,0.0,0.0004072716635431,0.0,0.0,0.1690140845070422,0.3185917453628805,0.1816634758562008,0.3492253450706269,0.0,0.0,0.0,0.0420641816633815,0.1118421052631579,0.1381462397962137,0.1861485593444356,0.4547863924050632,0.2106253921773687,0,0,,,,
0107c61e54459068bb83f6be2058d65d,2021-05-12,0.1462742687732745,0.6878606031510495,0.0,0.0,0.0004072716635431,0.0,0.0,0.1737089201877934,0.2881579442416945,0.1691129546904913,0.3309065220687141,0.0,0.0,0.0,0.0299739914393347,0.1184210526315789,0.1270306258322237,0.1978852762357917,0.4466508438818565,0.2222786625631219,0,0,,,,
0107c61e54459068bb83f6be2058d65d,2021-06-12,0.0598503199681839,0.767553353991184,0.0,0.0,0.0,0.0,0.0,0.2253521126760563,0.3400278415290267,0.1533716230589236,0.2902109293601153,0.0,0.0,0.0,0.0364090691734409,0.1710526315789473,0.1024141724078041,0.1315622521808089,0.4746835443037975,0.2104162309140347,0,0,,,,
0107c61e54459068bb83f6be2058d65d,2021-06-23,0.117578365089121,0.6224654126478419,0.0,0.0,0.0,0.0,0.0,0.2582159624413145,0.3194420407088303,0.2063390767921718,0.4531739401114161,0.0,0.0,0.0,0.0744407576305384,0.1381578947368421,0.080182944479824,0.0969336505418979,0.483715717299578,0.1808049720620312,0,0,,,,
0107c61e54459068bb83f6be2058d65d,2021-08-15,0.04877616688962,0.601311482564483,0.0,0.0,4.913292551773554e-09,0.0,0.0,0.2253521126760563,0.2851499303961774,0.2563284407572856,0.5458260889199991,0.0,0.0,0.0,0.1703298305361495,0.3092105263157895,0.079395588490708,0.2596352101506741,0.4457410337552742,0.3622075477335884,0,0,,,,
0107c61e54459068bb83f6be2058d65d,2021-08-28,0.0296793087241042,0.6420940077685158,0.0,0.0,0.0,0.0,0.0,0.2018779342723004,0.3168873923021934,0.2514358647096362,0.50258218309791,0.0,0.0,0.0,0.1805714302375759,0.0921052631578947,0.1000405256759103,0.1781390430874967,0.4439345991561181,0.1739624107329608,0,0,,,,
0107c61e54459068bb83f6be2058d65d,2021-10-17,0.1429299685455005,0.6594858813773842,0.0,0.0,0.0,0.0,0.0,0.244131455399061,0.1353530983106964,0.1140182939800042,0.3758310242605859,0.0,0.0,0.0,0.0601710383597112,0.0986842105263157,0.011902969953106,0.0739624636531853,0.3905854430379746,0.1066722443003555,0,0,,,,
0107c61e54459068bb83f6be2058d65d,2021-10-30,0.1252069850681514,0.7027604416706672,0.0,0.0,2.1618487227803643e-08,0.0,0.0,0.2769953051643192,0.1686952105045336,0.1138055732822803,0.3276743578412239,0.0,0.0,0.0,0.0459873339475863,0.1842105263157894,0.011902969953106,0.1505683320116309,0.4267536919831223,0.2080855768368841,0,0,,,,
0107c61e54459068bb83f6be2058d65d,2021-11-12,0.1585053689576629,0.5840920001745735,0.0,0.0,2.1618487227803643e-08,0.0,0.0,0.2206572769953051,0.1854923059558297,0.1616677302701552,0.4733830308152343,0.0,0.0,0.0,0.0862612402467897,0.0723684210526315,0.0389046488739651,0.1165741475019825,0.3969145569620253,0.093017001822691,0,0,,,,
0107c61e54459068bb83f6be2058d65d,2021-12-03,0.2481145377634766,0.6256666521188845,0.0,0.0,0.0,0.0,0.0,0.2347417840375587,0.2271548967229767,0.1501808125930653,0.3319806844317423,0.0,0.0,0.0,0.0412929636929823,0.1644736842105263,0.0865396862154808,0.1807560137457045,0.4656381856540084,0.2227567454507425,0,0,,,,
0107c61e54459068bb83f6be2058d65d,2021-12-04,0.2233667160779493,0.6503687862785319,0.0,0.0,0.0,0.0,0.0,0.2347417840375587,0.2413597200797622,0.1497553711976175,0.3175423939304987,0.0,0.0,0.0,0.0355634993760278,0.1644736842105263,0.0785966537370462,0.1767116045466561,0.4565928270042194,0.2185735201840619,1,1,,,,
0107c61e54459068bb83f6be2058d65d,2021-12-22,0.1193644021837376,0.6370008292235848,0.0,0.0,0.0,0.009009009009009,0.0018933380676755,0.352112676056338,0.2009763347003273,0.1265688151457136,0.4300939650139189,0.0,0.0,0.0,0.0435934966935305,0.375,0.010004052567591,0.2133491937615649,0.5025316455696203,0.478770131771596,0,0,,,,
0107c61e54459068bb83f6be2058d65d,2021-12-25,0.1154850139195198,0.6281150438615632,0.0,0.0,3.734102339347901e-08,0.009009009009009,0.0018933380676755,0.3615023474178403,0.1900955641671996,0.1293341842161242,0.4466902573796244,0.0,0.0,0.0,0.0468780979927922,0.3618421052631579,0.9848433972095176,0.1436161776367962,0.4886075949367088,0.4881823886216273,0,0,,,,
0107c61e54459068bb83f6be2058d65d,2022-01-01,0.1128493437940634,0.6297058438441059,0.0,0.0,2.65317797795772e-08,0.009009009009009,0.0013523815920581,0.3286384976525821,0.2665412543737537,0.1535843437566475,0.4466902573796244,0.0,0.0,0.0,0.0714039957546564,0.2105263157894737,0.9869044172986744,0.1680941052075072,0.4520701476793248,0.2233543490602683,0,0,,,,
0107c61e54459068bb83f6be2058d65d,2022-01-02,0.1162984923533027,0.6185789726356217,0.0,0.0,2.65317797795772e-08,0.009009009009009,0.0013523815920581,0.3004694835680751,0.2835208247112382,0.1618804509678791,0.4600608369434435,0.0,0.0,0.0,0.0777020328664233,0.131578947368421,0.994048515023447,0.1424795136135342,0.4321861814345991,0.1366420653180745,0,0,,,,
0107c61e54459068bb83f6be2058d65d,2022-01-15,0.0397085939477204,0.6822393401125999,0.0,0.0,0.0,0.0,0.0,0.2488262910798122,0.2585800820196395,0.1871942139970219,0.4342906173691731,0.0,0.0,0.0,0.1240931992862224,0.131578947368421,0.0539802003126266,0.1542955326460481,0.4457410337552742,0.1506857501419308,0,0,,,,
0107c61e54459068bb83f6be2058d65d,2022-01-22,0.0035937669474673,0.6854231222450137,0.0,0.0,0.0,0.0,0.0,0.2347417840375587,0.2590955265435118,0.1805998723675813,0.4618059475692641,0.0,0.0,0.0,0.1058186865093712,0.1118421052631579,0.0833671047299253,0.1592651334919376,0.4602056962025316,0.1588131592314818,0,0,,,,
03a0ce5623bfeb8aa3113605f7682215,2018-11-03,0.0015908022705086,0.8048836904813862,0.0,0.0,2.331455581667587e-05,0.4144144144144144,2.2073066443685616e-05,0.2535211267605634,0.1418318973625794,0.2105934907466496,0.2870045708350403,0.3979999999999999,0.35,0.052,0.2198466894484552,0.3815789473684211,0.0266774735135761,0.2525244514935236,0.4177215189873417,0.3451459646816267,0,0,,,,
03a0ce5623bfeb8aa3113605f7682215,2018-11-06,0.0037420007954011,0.7805088814210275,0.0,0.0,2.57505662638452e-05,0.4144144144144144,2.715946871114361e-05,0.2065727699530516,0.2019658376914105,0.2414379919166134,0.3211164837149889,0.52,0.308,0.047,0.1755898578276437,0.3026315789473684,0.0444624558559601,0.2149352365847211,0.3876582278481012,0.2924970866824036,0,1,,,,
03a0ce5623bfeb8aa3113605f7682215,2018-11-07,0.0033262229292454,0.784755379042465,0.0,0.0,2.51776763523084e-05,0.4144144144144144,2.559196109412825e-05,0.2112676056338028,0.2081474096090899,0.2380344607530312,0.3152102035747349,0.521,0.327,0.0409999999999999,0.1669271410410422,0.2894736842105263,0.0395183233948937,0.2051546391752577,0.3881856540084388,0.2757940657961574,0,1,,,,
03a0ce5623bfeb8aa3113605f7682215,2018-11-17,0.1162442604577171,0.7416946711473834,0.0,0.0,0.0006049992610211,0.4234234234234234,0.0034392332735468,0.164319248826291,0.2500884156665036,0.2618591788981068,0.2781177320658432,0.5529999999999999,0.254,0.049,0.0913681902473729,0.0921052631578947,0.0714525560122734,0.1260375363468147,0.3743143459915612,0.1229868228404099,0,1,,,,
03a0ce5623bfeb8aa3113605f7682215,2018-11-20,0.1391626595321595,0.7485030332125866,0.0,0.0,0.000733247005866,0.4414414414414415,0.0042639214238246,0.1830985915492957,0.2247733172805598,0.2465432886619868,0.2476057146727998,0.539,0.263,0.055,0.088487421420324,0.0986842105263157,0.0730388467550512,0.1274914089347079,0.3969145569620253,0.1238832282546986,0,0,,,,
03a0ce5623bfeb8aa3113605f7682215,2018-11-22,0.1226761632741603,0.7551891939073889,0.0,0.0,0.0006010912281254,0.4504504504504504,0.019097201217709,0.1784037558685446,0.2104988901012077,0.2363326951712401,0.2524313810244218,0.44,0.2189999999999999,0.055,0.079508344899173,0.131578947368421,0.1008278816650263,0.2402590536611155,0.4195279535864978,0.1832850270415633,0,0,,,,
03a0ce5623bfeb8aa3113605f7682215,2018-11-29,0.1237391084276365,0.712861694234714,0.0,0.0,0.0019759277673042,0.4414414414414415,0.0317360855115968,0.1830985915492957,0.2119210655028405,0.2497340991278451,0.3140521726788577,0.607,0.11,0.069,0.0805099077454193,0.131578947368421,0.0722514907659352,0.3297118688871266,0.4737737341772152,0.3598470134759614,0,0,,,,
03a0ce5623bfeb8aa3113605f7682215,2018-12-06,0.0819769333670776,0.6992384236023219,0.0,0.0,0.0018775715116858,0.4144144144144144,0.0191022364360542,0.2159624413145539,0.2034820723127281,0.2448415230801957,0.3714505062756242,0.655,0.047,0.083,0.0797707631121633,0.0986842105263157,0.0277890349099751,0.2273063706053396,0.4583992616033754,0.3411420204978038,0,0,,,,
03a0ce5623bfeb8aa3113605f7682215,2018-12-08,0.1145883799125058,0.6940186793523329,0.0,0.0,0.002238353601104,0.4144144144144144,0.0149167927609248,0.2206572769953051,0.1942887241807442,0.2235694533078068,0.3500704818247212,0.584,0.047,0.083,0.0820567173231009,0.0723684210526315,0.0508076188270711,0.0962463653185302,0.4104825949367088,0.1286042967699525,0,0,,,,
03a0ce5623bfeb8aa3113605f7682215,2018-12-09,0.1336526989406703,0.67369179068651,0.0,0.0,0.0023071387141703,0.4504504504504504,0.0250215290773206,0.2159624413145539,0.1875672523420745,0.2225058498191874,0.3631055872571441,0.512,0.047,0.083,0.083998612099229,0.0723684210526315,0.0428645863486366,0.0924134284959027,0.3978243670886076,0.1281262138823318,0,0,,,,
03a0ce5623bfeb8aa3113605f7682215,2018-12-22,0.2290068332188438,0.5786780430323397,0.0,0.0,0.0036711050849075,0.4234234234234234,0.1762005305712578,0.2112676056338028,0.2441720907483351,0.4811742182514358,0.4184846246399298,0.0,0.0,0.0,0.0770955552186235,0.0855263157894736,0.9900769987842296,0.0787734602167591,0.330920358649789,0.0986643559327098,0,0,,,,
03a0ce5623bfeb8aa3113605f7682215,2018-12-24,0.2566470226689323,0.558030375769214,0.0,0.0,0.0055664479757531,0.4054054054054054,0.1821576993149435,0.2018779342723004,0.2496388125964107,0.5392469687300574,0.4243457448009574,0.0,0.0,0.0,0.0776524649817473,0.0986842105263157,0.0063451629711109,0.1497224425059476,0.3399525316455696,0.114650252487525,0,0,,,,
03a0ce5623bfeb8aa3113605f7682215,2018-12-29,0.2629487689359702,0.5730916946711474,0.0,0.0,0.0068392619604113,0.3963963963963964,0.1612238846113241,0.1830985915492957,0.2508408894239813,0.5794511805998723,0.3964594576286495,0.135,0.0,0.008,0.0613096418282968,0.1184210526315789,0.0412782956058588,0.2316679883690193,0.3562368143459916,0.1603669286162488,0,0,,,,
03a0ce5623bfeb8aa3113605f7682215,2019-01-01,0.2305795581908239,0.5981495221053551,0.0,0.0,0.006693800003782,0.3873873873873873,0.1309404308013813,0.1830985915492957,0.2592742390609127,0.5711550733886407,0.3882984042398769,0.293,0.0,0.064,0.066520101235115,0.125,0.0492213280842934,0.2256938937351308,0.3688950421940928,0.1902172289120626,0,0,,,,
03a0ce5623bfeb8aa3113605f7682215,2019-01-05,0.2451607071839184,0.6184676821018634,0.0,0.0,0.0043779284034301,0.3963963963963964,0.0591858502354214,0.1737089201877934,0.2706441175364009,0.5115932780259519,0.3452544926115048,0.365,0.075,0.132,0.0673423449691512,0.1447368421052631,0.0746251374978289,0.2151995770552471,0.3860759493670886,0.1839125108315654,0,1,,,,
03a0ce5623bfeb8aa3113605f7682215,2019-01-11,0.1399761379659423,0.7035722079169029,0.0,0.0,0.0010012199469568,0.4594594594594594,0.0039367857831486,0.1877934272300469,0.2765642048233568,0.4707509040629653,0.3132973558832163,0.337,0.248,0.344,0.0931934547066164,0.1447368421052631,0.0539802003126266,0.1376156489558551,0.3779272151898734,0.1790719215944064,0,1,,,,
03a0ce5623bfeb8aa3113605f7682215,2019-01-17,0.0921327596803933,0.7184262209226204,0.0,0.0,0.0006186110467065,0.4774774774774775,0.0030334023525064,0.1502347417840375,0.2412148688814477,0.5011699638374814,0.3340257863481383,0.133,0.377,0.418,0.1143706044949324,0.0921052631578947,0.1127424303826781,0.1809146180280201,0.4050632911392405,0.1771297098634476,0,0,,,,
03a0ce5623bfeb8aa3113605f7682215,2019-01-22,0.0450088578762789,0.7427879369790076,0.0,0.0,0.0002857384242994,0.5315315315315315,0.0008344450854448,0.1408450704225352,0.2069810752849994,0.4633056796426292,0.3400578692876658,0.161,0.444,0.396,0.1285892980021226,0.0460526315789473,0.1214728188502286,0.1684377478191911,0.4032436708860759,0.1877371739325305,0,1,,,,
03a0ce5623bfeb8aa3113605f7682215,2019-01-26,0.0042951661303734,0.7626369309998692,0.0,0.0,3.10382517080639e-05,0.5765765765765766,2.689715110992879e-05,0.136150234741784,0.1735486662402648,0.3794937247394171,0.3470415375037499,0.267,0.491,0.242,0.1388250661877048,0.1052631578947368,0.1270306258322237,0.1714776632302405,0.4050632911392405,0.1960438641049392,0,1,,,,
03a0ce5623bfeb8aa3113605f7682215,2019-02-02,0.0037745399327524,0.7583271505259025,0.0,0.0,3.457385702832015e-05,0.6756756756756757,2.829191298955878e-05,0.1549295774647887,0.1671187779826178,0.3820463731121037,0.353880048643749,0.305,0.486,0.21,0.1351876581798672,0.1118421052631579,0.1000405256759103,0.1138778747026169,0.3951081223628692,0.143902949173813,0,0,,,,
03a0ce5623bfeb8aa3113605f7682215,2019-02-07,0.0041288549839112,0.7718194911185788,0.0,0.0,3.369634297857339e-05,0.6396396396396397,2.996178845095065e-05,0.1737089201877934,0.1520617780954889,0.3535417996171027,0.3336225722479025,0.421,0.4379999999999999,0.141,0.1247230029973991,0.0855263157894736,0.0936837839402535,0.1189003436426116,0.4086761603375527,0.0835748647921833,0,1,,,,
03a0ce5623bfeb8aa3113605f7682215,2019-02-08,0.0040601612495028,0.7735674071487801,0.0,0.0,3.34575569605572e-05,0.6576576576576577,3.004496232450657e-05,0.1690140845070422,0.1515820760750968,0.350989151244416,0.3311000648368273,0.4039999999999999,0.452,0.144,0.1239328326005061,0.0921052631578947,0.0944827186939153,0.1212265397832408,0.4050632911392405,0.0894014999850599,0,1,,,,
03a0ce5623bfeb8aa3113605f7682215,2019-02-12,0.0008640948696626,0.8001549338803298,0.0,0.0,3.2559407082092994e-05,0.6396396396396397,3.0108942227241888e-05,0.1690140845070422,0.1436472403024944,0.3069559668155712,0.2946462844627091,0.437,0.435,0.128,0.117041438751589,0.0789473684210526,0.0952700746830313,0.107533703409992,0.4068697257383966,0.091881554964592,0,0,,,,
03a0ce5623bfeb8aa3113605f7682215,2019-02-19,0.0555913084348674,0.779690568672806,0.0,0.0,0.0003564908197035,0.5225225225225225,0.0019802163775998,0.1877934272300469,0.1258230181722412,0.2627100616890023,0.2760661787238435,0.424,0.354,0.079,0.1076089618735494,0.0855263157894736,0.0531928443235106,0.3496695744118425,0.4583992616033754,0.3521678070935549,0,1,,,,
03a0ce5623bfeb8aa3113605f7682215,2019-03-02,0.1245887414584764,0.6748156068607342,0.0,0.0,0.0006437828271078,0.3603603603603604,0.0097842609835946,0.2018779342723004,0.2285958839685466,0.452244203360987,0.3695344328713037,0.203,0.138,0.23,0.0823366300836239,0.1118421052631579,0.9916632895270076,0.3624636531853026,0.4005406118143459,0.4521767711476978,0,1,,,,
03a0ce5623bfeb8aa3113605f7682215,2019-03-09,0.0393036624606818,0.7089621612185221,0.0,0.0,0.0002220680487795,0.4684684684684685,8.294354590606967e-05,0.1924882629107981,0.2371232928251627,0.4294830887045309,0.3951530439438855,0.436,0.2289999999999999,0.335,0.1133238474008933,0.125,0.0420772303595206,0.191858313507798,0.3679852320675105,0.2676367765261302,0,0,,,,
03a0ce5623bfeb8aa3113605f7682215,2019-03-13,0.055790158718681,0.6653777331645792,0.0,0.0,0.0008280067313365,0.4324324324324324,0.0100622600589698,0.2112676056338028,0.2524944505060386,0.4677728142948308,0.4448709553593605,0.437,0.136,0.284,0.1105611667696901,0.1052631578947368,0.0587506513055057,0.1107850911974623,0.4104825949367088,0.1186243164908716,0,0,,,,
03a0ce5623bfeb8aa3113605f7682215,2019-03-22,0.2430420477963773,0.4983000916510278,0.0,0.0,0.001931024204015,0.3333333333333333,0.0645899511079019,0.2018779342723004,0.2653636329433011,0.4390555201021059,0.5247783128876904,0.183,0.0,0.031,0.0795447918731995,0.0723684210526315,0.0500202628379551,0.1249537404176579,0.3869725738396624,0.1603370484357725,0,0,,,,
03a0ce5623bfeb8aa3113605f7682215,2019-03-25,0.2907625004519324,0.4630842753022302,0.0,0.0,0.002881776775197,0.4324324324324324,0.0765571935768451,0.1737089201877934,0.2679841228037172,0.4275686024250159,0.5342586828124345,0.004,0.008,0.132,0.0895414679091683,0.0723684210526315,0.0587506513055057,0.1210943695479778,0.3707014767932489,0.1561239429886156,0,0,,,,
03a0ce5623bfeb8aa3113605f7682215,2019-03-29,0.2618098991286742,0.5204447257015669,0.0,0.0,0.0028255126968696,0.5315315315315315,0.0632083434962743,0.1830985915492957,0.2543135558147409,0.4035311635822165,0.4752991042195549,0.078,0.075,0.276,0.1045065954444198,0.0723684210526315,0.0436635211022983,0.1099656357388316,0.3598496835443038,0.1220306570651686,0,1,,,,
03a0ce5623bfeb8aa3113605f7682215,2019-04-06,0.0445677717921833,0.7155632173875092,0.0,0.0,0.0015432789477312,0.6216216216216217,0.007685835337701,0.2206572769953051,0.164835020128673,0.3284407572856839,0.3806953991658306,0.413,0.19,0.3979999999999999,0.1330241658016585,0.0855263157894736,0.0357204886238638,0.1217552207242928,0.3924050632911392,0.0938835270565034,1,1,,,,
03a0ce5623bfeb8aa3113605f7682215,2019-04-11,0.0170830471094399,0.7411534936498932,0.0,0.0,0.0001079646905326,0.6576576576576577,5.037777541379146e-05,0.2206572769953051,0.1319086496858422,0.253775792384599,0.3673893338580492,0.426,0.3289999999999999,0.245,0.1325736812026918,0.1052631578947368,0.0269901001563133,0.1351837166270156,0.384256329113924,0.1165625840380076,0,1,,,,
03a0ce5623bfeb8aa3113605f7682215,2019-04-20,0.0110560757800354,0.7732008030375769,0.0,0.0,9.113273290880624e-05,0.6216216216216217,4.412693891655064e-05,0.1737089201877934,0.1487207946122879,0.2431397574984045,0.3253937788902902,0.286,0.358,0.356,0.1262494022696259,0.1118421052631579,0.0412782956058588,0.1305841924398625,0.3471914556962025,0.1516717960976484,0,0,,,,
03a0ce5623bfeb8aa3113605f7682215,2019-04-22,0.0032864528724827,0.7630995504735304,0.0,0.0,4.335685879387056e-05,0.5945945945945946,4.41589288679183e-05,0.1690140845070422,0.1495334662703638,0.2412252712188896,0.3472608859742781,0.336,0.316,0.348,0.1266051247361239,0.1052631578947368,0.0444624558559601,0.1250330425588157,0.3462816455696202,0.1500582663519288,0,0,,,,
03a0ce5623bfeb8aa3113605f7682215,2019-04-28,0.0183376116273184,0.7351634443329116,0.0,0.0,7.961794048446974e-05,0.6396396396396397,0.0001375951788225,0.2065727699530516,0.1508822754806426,0.2399489470325462,0.3751213674441709,0.315,0.261,0.424,0.1148356678835096,0.1118421052631579,0.0261911654026515,0.1337827121332276,0.3652689873417721,0.1596498042848179,0,0,,,,
03a0ce5623bfeb8aa3113605f7682215,2019-05-06,0.0239379587114501,0.7322589796185571,0.0,0.0,9.851642895561154e-05,0.6846846846846847,0.0001747099203993,0.2629107981220657,0.1667952142669024,0.2033609870240374,0.3744213877661616,0.514,0.243,0.242,0.0888489754026661,0.0723684210526315,0.0007873559891159,0.1344171292624901,0.4005406118143459,0.0942719694026952,0,1,,,,
03a0ce5623bfeb8aa3113605f7682215,2019-05-18,0.003597382407173,0.7357831798542313,0.0,0.0,5.833060917465565e-05,0.5855855855855856,9.092183977716414e-05,0.2394366197183098,0.1386940817938974,0.2174005530738141,0.3873629475273298,0.427,0.305,0.267,0.0935550086889586,0.0723684210526315,0.02223122792798,0.1024054982817869,0.3987341772151898,0.1156064182627663,0,1,,,,
03a0ce5623bfeb8aa3113605f7682215,2019-05-24,0.0017028815213854,0.7512460175446255,0.0,0.0,4.246657018348919e-05,0.5855855855855856,5.093440056758875e-05,0.2769953051643192,0.1226833214191655,0.2299510742395235,0.3661958201213512,0.427,0.312,0.261,0.1050897470288426,0.0986842105263157,0.0031725814855554,0.1565424266455194,0.4168117088607594,0.0863537215764783,0,1,,,,
03a0ce5623bfeb8aa3113605f7682215,2019-05-30,0.0154958602986369,0.7824837428534022,0.0,0.0,9.7204579844288e-05,0.5225225225225225,0.0002323558127638,0.2863849765258215,0.1248128221528274,0.1991065730695596,0.307710421310349,0.488,0.354,0.158,0.0943597578754621,0.125,0.9781740288311236,0.1549299497753106,0.3951081223628692,0.0914632324379239,0,1,,,,
03a0ce5623bfeb8aa3113605f7682215,2019-06-04,0.0672367041469322,0.7233513725832498,0.0,0.0,0.0016652180249396,0.4774774774774775,0.0078993106811677,0.2629107981220657,0.147870499266338,0.1944267177196341,0.3489576109080703,0.509,0.255,0.165,0.0979359349669353,0.1710526315789473,0.9726162218491288,0.15096484271742,0.3661787974683544,0.1762930648101114,0,0,,,,
03a0ce5623bfeb8aa3113605f7682215,2019-06-09,0.08412813189197,0.685006328285253,0.0,0.0,0.0016716239757686,0.4054054054054054,0.0447870963489542,0.1877934272300469,0.2007393054667218,0.2256966602850457,0.3905725317652068,0.665,0.15,0.113,0.0962550005248364,0.1578947368421052,0.017460776935101,0.1027227068464182,0.3363396624472574,0.1974482325873248,0,1,,,,
03a0ce5623bfeb8aa3113605f7682215,2019-06-19,0.1367294551502223,0.6530921311046133,0.0,0.0,0.002430578310924,0.3243243243243243,0.2620496341881882,0.164319248826291,0.2623669062041461,0.31674111891087,0.3908144602253482,0.643,0.0,0.0,0.0827200522503819,0.1052631578947368,0.0277890349099751,0.111736716891356,0.3227848101265823,0.2408940149998506,0,0,,,,
03a0ce5623bfeb8aa3113605f7682215,2019-06-27,0.1356122781011605,0.6829921878409637,0.0,0.0,0.0014756327358784,0.3873873873873873,0.1988235362689049,0.1924882629107981,0.2509311862748786,0.2773877898319506,0.3476124886696837,0.7859999999999999,0.0,0.0,0.0865921787709497,0.0986842105263157,0.0182597116887628,0.1100185038329368,0.3444752109704641,0.2412525771655661,0,0,,,,
03a0ce5623bfeb8aa3113605f7682215,2019-07-04,0.0902816443110741,0.7175271679832408,0.0,0.0,0.0002799377911128,0.4054054054054054,0.1038455178120976,0.2018779342723004,0.2618777982617856,0.2678153584343756,0.3370063449770813,1.0,0.0,0.0,0.0606025705321841,0.0855263157894736,0.0325479071383083,0.1070050224689399,0.3670886075949367,0.0932560432665013,0,0,,,,
03a0ce5623bfeb8aa3113605f7682215,2019-07-13,0.1000614628149969,0.6936324357351721,0.0,0.0,0.0014016159489029,0.3693693693693693,0.0997232286989582,0.2065727699530516,0.2450675345197336,0.284194852159115,0.3636055727414365,0.857,0.0,0.0,0.069402327941125,0.0986842105263157,0.0269901001563133,0.123076923076923,0.3661787974683544,0.0916425135207816,0,0,,,,
03a0ce5623bfeb8aa3113605f7682215,2019-07-21,0.1043927835424274,0.6345764413215207,0.0,0.0,0.0024176897619022,0.3423423423423423,0.0836255844652087,0.2300469483568075,0.1790247940103089,0.228887470750904,0.4470386343622282,0.5710000000000001,0.0,0.0,0.1044774378651986,0.131578947368421,0.0127019047067677,0.1268305577583928,0.3761207805907173,0.1553769384767084,0,1,,,,
03a0ce5623bfeb8aa3113605f7682215,2019-07-25,0.1177952926714631,0.6070418539693624,0.0,0.0,0.0024512701511766,0.3423423423423423,0.0836256228531503,0.2206572769953051,0.2275537078144399,0.2320782812167623,0.475779735427036,0.5710000000000001,0.0,0.0,0.1030764161836227,0.131578947368421,0.0150755514386614,0.1234205656886069,0.3707014767932489,0.1818806585591777,0,0,,,,
03a0ce5623bfeb8aa3113605f7682215,2019-07-29,0.1682851874615857,0.6212652206171171,0.0,0.0,0.0006531446147359,0.2792792792792793,0.0991336347012814,0.1971830985915493,0.2364122051243463,0.2833439693682195,0.4097074601059969,0.643,0.0,0.0,0.0660973163364084,0.0921052631578947,0.0254038094135355,0.094660322495374,0.3562368143459916,0.1600083664505333,0,0,,,,
03a0ce5623bfeb8aa3113605f7682215,2019-08-07,0.3769984453523265,0.4485575873958015,0.0,0.0,0.0023002787751095,0.2342342342342342,0.0987809326914724,0.2535211267605634,0.2315399375446781,0.3952350563709849,0.4787893254711959,0.143,0.0,0.0,0.0617382582428476,0.0986842105263157,0.0087303884675505,0.1015860428231562,0.3987341772151898,0.148952699674306,0,0,,,,
03a0ce5623bfeb8aa3113605f7682215,2019-08-09,0.3742651578148161,0.4555208833413345,0.0,0.0,0.0022929560038904,0.2342342342342342,0.0987810094673557,0.2488262910798122,0.2270401444749614,0.4067219740480748,0.4709379405114045,0.143,0.0,0.0,0.0572946431695454,0.0986842105263157,0.0150755514386614,0.1074808353158868,0.3978243670886076,0.1465324050557265,0,0,,,,
03a0ce5623bfeb8aa3113605f7682215,2019-08-16,0.3597852416934813,0.4783790861083227,0.0,0.0,0.0023245111339749,0.3603603603603604,0.0930579431877785,0.2300469483568075,0.2956356522066293,0.4354392682407997,0.4500708043960014,0.643,0.0,0.0,0.0674691804387632,0.0855263157894736,0.0349331326347478,0.0996034892942109,0.4014372362869198,0.1019511757851017,0,0,,,,
03a0ce5623bfeb8aa3113605f7682215,2019-08-23,0.1555443074586933,0.6519181250818313,0.0,0.0,0.0006567264050062,0.3333333333333333,0.1044192255999253,0.2300469483568075,0.2831314195417435,0.4031057221867687,0.3757665100045482,1.0,0.0,0.0,0.0587743903150184,0.0592105263157894,0.0190470676778787,0.0865450700502247,0.3851661392405063,0.0830669017240864,0,0,,,,
03a0ce5623bfeb8aa3113605f7682215,2019-08-28,0.1290719114935464,0.673818356391568,0.0,0.0,0.0005154220765342,0.3153153153153153,0.1044222198593733,0.2394366197183098,0.2669118476993115,0.3809827696234843,0.3670086997474266,1.0,0.0,0.0,0.0580410771976067,0.0592105263157894,0.0134892606958837,0.0637324874438276,0.3860759493670886,0.1093614605432216,0,0,,,,
03a0ce5623bfeb8aa3113605f7682215,2019-09-03,0.0922448389312701,0.7319251080172827,0.0,0.0,0.0003168896817362,0.3063063063063063,0.1040493833741735,0.2253521126760563,0.2501279205387712,0.3760901935758349,0.3139715298588105,0.929,0.0,0.0,0.0487325200312569,0.0986842105263157,0.0095177444566664,0.0729315358181337,0.3670886075949367,0.1990020019720919,0,0,,,,
03a0ce5623bfeb8aa3113605f7682215,2019-09-09,0.097866878773636,0.722790555579802,0.0,0.0,0.0003621725512103,0.3153153153153153,0.1040463955127157,0.2065727699530516,0.222034312803341,0.3620506275260582,0.3224583802405736,0.857,0.0,0.0,0.0487850036738549,0.0986842105263157,0.0246048746598737,0.1143536875495638,0.3643723628691983,0.1936833298473123,0,1,,,,
03a0ce5623bfeb8aa3113605f7682215,2019-09-13,0.128591055352688,0.6803954087199408,0.0,0.0,0.0017857499351612,0.3063063063063063,0.0910852764387015,0.2065727699530516,0.2219346100304751,0.3880025526483727,0.3577154211651919,0.643,0.0,0.071,0.0643055830932692,0.1118421052631579,0.0428645863486366,0.1264604810996563,0.3869725738396624,0.1883048973615801,1,1,,,,
03a0ce5623bfeb8aa3113605f7682215,2019-09-21,0.1192523229328609,0.6182232793610614,0.0,0.0,0.0018610608833948,0.4864864864864865,0.0338322270749627,0.2159624413145539,0.1895255652959103,0.3845990214847904,0.4579512207710098,0.35,0.124,0.24,0.1289741780478417,0.0855263157894736,0.0547791350662884,0.1298969072164948,0.4077663502109704,0.1633848268443541,0,1,,,,
03a0ce5623bfeb8aa3113605f7682215,2019-09-24,0.1067428323511334,0.6234168376031073,0.0,0.0,0.0018393028586585,0.5675675675675675,0.0115858262787866,0.2112676056338028,0.1777098461191166,0.387364390555201,0.4614349905970471,0.248,0.238,0.3,0.1460284461342881,0.0921052631578947,0.0531928443235106,0.1283637324874438,0.4041534810126582,0.1677473331938925,1,1,,,,
03a0ce5623bfeb8aa3113605f7682215,2019-09-28,0.0349976499511912,0.7135556234452056,0.0,0.0,0.0002226517479346,0.6666666666666667,0.0010659755574634,0.2206572769953051,0.1488167350163663,0.3726866624122527,0.3922047424429613,0.385,0.314,0.302,0.130538482173056,0.0592105263157894,0.0444624558559601,0.0704731694422416,0.4014372362869198,0.1118415155227537,0,1,,,,
03a0ce5623bfeb8aa3113605f7682215,2019-10-04,0.0057738891500054,0.7260528957360451,0.0,0.0,6.212956697568695e-05,0.6666666666666667,3.353186702358154e-05,0.2206572769953051,0.144640505662365,0.366305041480536,0.3997980703786019,0.531,0.301,0.168,0.1210316534680024,0.0460526315789473,0.0468361025878538,0.0712397568067671,0.4068697257383966,0.1077778109779783,1,1,,,,
03a0ce5623bfeb8aa3113605f7682215,2019-10-10,0.0171517408438482,0.7136429101383492,0.0,0.0,8.088655262133767e-05,0.6126126126126126,0.0001015297076506,0.2206572769953051,0.1673501636630422,0.4060838119549032,0.407997832320997,0.604,0.218,0.178,0.1060869362382057,0.0394736842105263,0.0428645863486366,0.062040708432461,0.3996308016877637,0.0955568171631756,1,1,,,,
03a0ce5623bfeb8aa3113605f7682215,2019-10-17,0.0132145052243392,0.7259219656963297,0.0,0.0,5.94901462168742e-05,0.5765765765765766,9.818995672789656e-05,0.2253521126760563,0.179220437187253,0.4165071261433737,0.3933563219132348,0.64,0.157,0.203,0.1063887171831445,0.0986842105263157,0.034134197881086,0.1099656357388316,0.3951081223628692,0.1323990796904413,0,0,,,,
03a0ce5623bfeb8aa3113605f7682215,2019-11-02,0.0401026790556419,0.7606053332169511,0.0,0.0,9.26352177711386e-05,0.4054054054054054,0.0001149910791861,0.3145539906103285,0.1358835923097182,0.1446500744522442,0.3180972165324232,0.483,0.115,0.236,0.0952082434307974,0.2763157894736842,0.02223122792798,0.1970922548242136,0.4810126582278481,0.2234141094212209,0,1,,,,
03a0ce5623bfeb8aa3113605f7682215,2019-11-06,0.0254672981669619,0.7748745253786059,0.0,0.0,6.682470933816176e-05,0.4324324324324324,7.984691861368014e-05,0.3145539906103285,0.1625117574024605,0.1833652414379919,0.3100619659429242,0.568,0.136,0.196,0.0899875788712517,0.2105263157894737,0.004446245585596,0.1680148030663494,0.4569620253164556,0.186960289240147,0,1,,,,
03a0ce5623bfeb8aa3113605f7682215,2019-11-13,0.0637730937488701,0.7321585999214418,0.0,0.0,0.0003462240035873,0.4774774774774775,0.0008984953660732,0.2488262910798122,0.1971086195868919,0.2167623909806424,0.3390288669038641,0.67,0.1639999999999999,0.1669999999999999,0.0854856486395073,0.0986842105263157,0.0190470676778787,0.1052339413164155,0.4050632911392405,0.0811246899931275,0,1,,,,
03a0ce5623bfeb8aa3113605f7682215,2019-11-22,0.0154524747821685,0.7281936018853925,0.0,0.0,7.561065907924324e-05,0.4414414414414415,8.544516010302069e-05,0.2159624413145539,0.2347059708792656,0.2382471814507551,0.3880016386621033,0.608,0.217,0.175,0.1057501661982015,0.1118421052631579,0.0500202628379551,0.1328046523922812,0.4032436708860759,0.0873098873517196,0,0,,,,
03a0ce5623bfeb8aa3113605f7682215,2019-11-25,0.0572291116815503,0.7270043206913106,0.0,0.0,0.0015611849511069,0.4144144144144144,0.0159662103195603,0.2112676056338028,0.2344407238797546,0.2412252712188896,0.3524865407133341,0.611,0.1689999999999999,0.149,0.0943714209071506,0.125,0.068279974526718,0.1431667988369019,0.4213343881856539,0.0996205217079511,0,0,,,,
03a0ce5623bfeb8aa3113605f7682215,2019-11-26,0.0711124769514443,0.7193492777026141,0.0,0.0,0.0015976111194272,0.4054054054054054,0.0233845328879444,0.2112676056338028,0.238191805560781,0.2371835779621357,0.3514188297759097,0.64,0.139,0.149,0.0904147374068415,0.1184210526315789,0.0690673305158339,0.1413428495902722,0.4204245780590717,0.0988735171960438,0,0,,,,
03a0ce5623bfeb8aa3113605f7682215,2019-12-07,0.1875049712570953,0.680991140400646,0.0,0.0,0.0023286206118652,0.3153153153153153,0.0742477558137402,0.2347417840375587,0.2356804243951992,0.2456924058710912,0.3042685857507363,0.536,0.0,0.179,0.0546879555871753,0.1513157894736842,0.0658947490302784,0.1556701030927835,0.4439345991561181,0.1961932650073206,0,0,,,,
03a0ce5623bfeb8aa3113605f7682215,2019-12-11,0.2362015980331899,0.6273098241173134,0.0,0.0,0.0040846942600137,0.3513513513513513,0.0563997685949285,0.244131455399061,0.2058373151736333,0.2235694533078068,0.3401772206613356,0.321,0.0,0.3929999999999999,0.0714477321234881,0.1710526315789473,0.0484223933306316,0.1378535553793285,0.4312763713080168,0.2621089431380166,0,0,,,,
03a0ce5623bfeb8aa3113605f7682215,2019-12-27,0.2481506923605336,0.547462139396849,0.0,0.0,0.0098532574034936,0.1891891891891892,0.1287215501926079,0.2206572769953051,0.1261710372850746,0.1603914060838119,0.4475482969849262,0.143,0.0,0.0,0.0767412906310866,0.1776315789473684,0.01111561396399,0.2688871266190853,0.3670886075949367,0.2113425165087997,0,0,,,,
03a0ce5623bfeb8aa3113605f7682215,2019-12-29,0.2675367873025055,0.5519770435997031,0.0,0.0,0.0079884378512967,0.2342342342342342,0.1243089650667875,0.244131455399061,0.1408423943714963,0.1801744309721336,0.4235812508669103,0.3329999999999999,0.0,0.0,0.0681252259712389,0.1710526315789473,0.0197533723151739,0.2418450964842717,0.40084388185654,0.2365315086503122,0,0,,,,
03a0ce5623bfeb8aa3113605f7682215,2020-01-05,0.1942224953902888,0.5942739929297778,0.0,0.0,0.0039318731738004,0.3603603603603604,0.0873722411713988,0.2065727699530516,0.1705782760826216,0.2125079770261646,0.4264682638245986,0.214,0.0,0.5,0.0944516042500087,0.1578947368421052,0.0547791350662884,0.1780068728522336,0.3987341772151898,0.2578659575103834,0,1,,,,
03a0ce5623bfeb8aa3113605f7682215,2020-01-12,0.0996529158682526,0.6946755117182385,0.0,0.0,0.0018762075816734,0.4324324324324324,0.0087098080890187,0.2112676056338028,0.1728676774897475,0.1937885556264624,0.362428187568748,0.223,0.084,0.693,0.1206453155433223,0.1184210526315789,0.0698662652694957,0.1617499339148823,0.4195279535864978,0.2411629366241372,0,1,,,,
03a0ce5623bfeb8aa3113605f7682215,2020-01-21,0.1185111536931921,0.7597281019508576,0.0,0.0,0.0007475633577034,0.4054054054054054,0.0022287846977168,0.2253521126760563,0.1684487753489597,0.1854924484152308,0.2494411452570731,0.365,0.241,0.3939999999999999,0.097138475175237,0.0657894736842105,0.0666936837839402,0.1335712397568067,0.4339926160337552,0.172229360265336,1,1,,,,
03a0ce5623bfeb8aa3113605f7682215,2020-01-26,0.0715246393578943,0.7518417492253304,0.0,0.0,0.000376757168821,0.4414414414414415,0.0009947339357676,0.2206572769953051,0.15974641634373,0.1978302488832163,0.3030202348964062,0.294,0.238,0.467,0.1123762260762062,0.0855263157894736,0.0619232327910611,0.1083795929156754,0.4249472573839662,0.1445304329638151,1,1,,,,
03a0ce5623bfeb8aa3113605f7682215,2020-02-07,0.0948949708955493,0.7366865971282677,0.0,0.0,0.0005790688682499,0.4774774774774775,0.0032111001343635,0.2300469483568075,0.1862146807630083,0.2027228249308657,0.3045685770413117,0.25,0.196,0.482,0.1069922790730222,0.0986842105263157,0.0722514907659352,0.1133756278086175,0.4430379746835443,0.1269011264828039,0,1,,,,
03a0ce5623bfeb8aa3113605f7682215,2020-02-11,0.0974221772298347,0.765757430279754,0.0,0.0,0.0005772588112738,0.4684684684684685,0.0032198077991258,0.2206572769953051,0.1821419165506602,0.1976175281854924,0.2593376321332606,0.228,0.211,0.489,0.0919411366790683,0.0986842105263157,0.0674810397730562,0.0793550092519164,0.4312763713080168,0.1649385962291212,1,1,,,,
03a0ce5623bfeb8aa3113605f7682215,2020-02-22,0.0682634947033515,0.7615894906821457,0.0,0.0,0.0003654860757072,0.3873873873873873,0.0050688077942057,0.2394366197183098,0.2265547989013883,0.2416507126143373,0.2915205687576812,0.225,0.123,0.366,0.0774891825381089,0.1052631578947368,0.0841544607190412,0.1260375363468147,0.4692510548523206,0.1464427645142977,0,1,,,,
03a0ce5623bfeb8aa3113605f7682215,2020-02-26,0.0684695759065765,0.7510779906603237,0.0,0.0,0.0003607437657363,0.3693693693693693,0.0050580271805948,0.2488262910798122,0.2350408217013431,0.2405871091257179,0.3068717359818586,0.267,0.12,0.327,0.0761872966258849,0.1052631578947368,0.0809818792334857,0.1417393602960613,0.471967299578059,0.1218812561627872,0,1,,,,
03a0ce5623bfeb8aa3113605f7682215,2020-02-29,0.0895151668534654,0.7369244533670842,0.0,0.0,0.0004956175769165,0.3963963963963964,0.0054247535850834,0.2347417840375587,0.2416287294480605,0.2354818123803446,0.3090200607079149,0.31,0.131,0.273,0.0812067738888046,0.1184210526315789,0.0920974931974758,0.1743325403119217,0.471967299578059,0.1247497534885111,1,1,,,,
03a0ce5623bfeb8aa3113605f7682215,2020-03-04,0.0534618026682092,0.7358355518701173,0.0,0.0,0.0003224574248558,0.4234234234234234,0.003413462168725,0.2347417840375587,0.2550227623311637,0.2452669644756434,0.3427932737436654,0.321,0.133,0.332,0.0952869688946944,0.1184210526315789,0.0841544607190412,0.1687813904308749,0.46292194092827,0.142050377984283,0,0,,,,
03a0ce5623bfeb8aa3113605f7682215,2020-03-12,0.0273654145124552,0.7758826866844151,0.0,0.0,0.000170064777753,0.4414414414414415,0.0003954213908653,0.2159624413145539,0.2220324316189472,0.2054881940012763,0.3068814131202642,0.504,0.16,0.337,0.098030697099404,0.1184210526315789,0.1087709141434608,0.12548242135871,0.4710574894514768,0.1775480323901156,1,1,,,,
03a0ce5623bfeb8aa3113605f7682215,2020-03-18,0.0596080841679019,0.7805590712695848,0.0,0.0,0.0015037849195415,0.3513513513513513,0.037160647156972,0.2065727699530516,0.2454400090296851,0.2137843012125079,0.2711985781057969,0.67,0.1159999999999999,0.214,0.0667300358055072,0.1447368421052631,0.1111561396399004,0.1369812318265926,0.4620253164556961,0.222906146353124,0,1,,,,
03a0ce5623bfeb8aa3113605f7682215,2020-03-28,0.1165262663147619,0.8384410596604547,0.0,0.0,0.0007914302162641,0.1261261261261261,0.1038460040593584,0.2676056338028169,0.2900278415290266,0.186981493299298,0.1348541493956627,1.0,0.0,0.0,0.0118817135326156,0.0921052631578947,0.1040004631505818,0.1074808353158868,0.5226002109704642,0.1613230943914901,0,1,,,,
03a0ce5623bfeb8aa3113605f7682215,2020-04-03,0.0039625438374489,0.9334417143106531,0.0,0.0,1.7572882140673294e-05,0.0900900900900901,0.103845690557835,0.2816901408450704,0.2839572594905752,0.1435864709636247,0.0948520849394694,1.0,0.0,0.0,0.0053387527553912,0.0921052631578947,0.096856365425809,0.0827385672746497,0.5271228902953586,0.1879762153763409,0,0,,,,
03a0ce5623bfeb8aa3113605f7682215,2020-04-09,0.0039625438374489,0.9437437262689304,0.0,0.0,1.643103295164112e-05,0.0990990990990991,0.103845690557835,0.2629107981220657,0.2444204070883028,0.1474154435226547,0.0796234948017638,0.857,0.0,0.0,0.0045587875112256,0.0986842105263157,0.0936837839402535,0.0655300026434047,0.5063291139240506,0.1582155556219559,0,1,,,,
03a0ce5623bfeb8aa3113605f7682215,2020-04-12,0.0023102787519433,0.9298367738838214,0.0,0.0,7.858320107306623e-06,0.0990990990990991,0.103845690557835,0.2347417840375587,0.2560611761164829,0.164007657945118,0.1016551132386479,0.7859999999999999,0.0,0.0,0.0066770856416416,0.1118421052631579,0.1040004631505818,0.1219138250066085,0.483715717299578,0.1363432635133116,0,0,,,,
03a0ce5623bfeb8aa3113605f7682215,2020-04-21,0.004700097617412,0.93597084624449,0.0,0.0,8.965776248476382e-06,0.1171171171171171,0.1038456649658739,0.2347417840375587,0.2935117950261484,0.1608168474792597,0.0904554383904983,0.857,0.0,0.0,0.006201817100337,0.0855263157894736,0.0881259769582585,0.1455987311657414,0.4692510548523206,0.1233453850061254,0,1,,,,
03a0ce5623bfeb8aa3113605f7682215,2020-04-30,0.0007086301023175,0.9400362239776549,0.0,0.0,2.518553762039124e-06,0.0990990990990991,0.1038456521698934,0.2488262910798122,0.3039034576169156,0.1663475856200808,0.0880103480866684,1.0,0.0,0.0,0.0045500402374593,0.0855263157894736,0.0746251374978289,0.0941845096484271,0.4674446202531644,0.0890429378193444,0,1,,,,
03a0ce5623bfeb8aa3113605f7682215,2020-05-05,0.0071369174590549,0.9214768908479904,0.0,0.0,1.5432651905120734e-05,0.0990990990990991,0.1038456585678837,0.2394366197183098,0.342665262048986,0.1682620718995958,0.1097064923921563,1.0,0.0,0.0,0.0058592155444886,0.0855263157894736,0.0881259769582585,0.0984932593180015,0.471967299578059,0.0990229180984253,0,1,,,,
03a0ce5623bfeb8aa3113605f7682215,2020-05-16,0.0072453812502259,0.9342818487321608,0.0,0.0,1.7839182596979424e-05,0.0990990990990991,0.1038463367548527,0.2394366197183098,0.2983502012867301,0.1172091044458625,0.0906812382866303,0.929,0.0,0.0,0.0112344152739062,0.1052631578947368,0.0928848491865918,0.1066349458102035,0.4801028481012658,0.1377476319956972,0,0,,,,
03a0ce5623bfeb8aa3113605f7682215,2020-05-20,0.0123142557576195,0.9309802295640032,0.0,0.0,2.562380331600944e-05,0.1081081081081081,0.1038465798784831,0.2347417840375587,0.3076733511418789,0.1303977877047436,0.0910392924076397,0.929,0.0,0.0,0.0127054151456129,0.1118421052631579,0.0960690094366931,0.1066349458102035,0.4764899789029536,0.1395105626437983,0,0,,,,
03a0ce5623bfeb8aa3113605f7682215,2020-05-30,0.0378321703604613,0.9074106402478942,0.0,0.0,7.479406985713847e-05,0.1261261261261261,0.1038460616412709,0.2394366197183098,0.3347943865457692,0.1542225058498191,0.1031163611379024,1.0,0.0,0.0,0.0112912725533875,0.0723684210526315,0.1119434956290164,0.1007930214115781,0.5018064345991561,0.095497056802223,0,0,,,,
03a0ce5623bfeb8aa3113605f7682215,2020-06-04,0.0264687805054412,0.9248854362152492,0.0,0.0,6.040696660703515e-05,0.1261261261261261,0.103846016855339,0.2300469483568075,0.2978987170322435,0.1384811742182514,0.0874232683567251,1.0,0.0,0.0,0.0100783172577879,0.0921052631578947,0.1087709141434608,0.1055775839280993,0.4864319620253164,0.1225087399527893,0,0,,,,
03a0ce5623bfeb8aa3113605f7682215,2020-06-07,0.0970967858563216,0.8795138131191901,0.0,0.0,0.0007021900836462,0.1441441441441441,0.1076928724872029,0.2300469483568075,0.2990970314910267,0.141033822590938,0.0914779893486963,1.0,0.0,0.0,0.0093027256505055,0.1184210526315789,0.1008278816650263,0.1152788791964049,0.4764899789029536,0.1352376968356889,0,0,,,,
03a0ce5623bfeb8aa3113605f7682215,2020-06-18,0.3146606891066199,0.6663597084624451,0.0,0.0,0.0017184761508838,0.2162162162162162,0.1248503757997143,0.2300469483568075,0.2646186839233981,0.146777281429483,0.2124518965578418,0.7140000000000001,0.0,0.0,0.0429972241984581,0.1381578947368421,0.0881259769582585,0.1526830557758392,0.4620253164556961,0.204470074999253,0,0,,,,
03a0ce5623bfeb8aa3113605f7682215,2020-06-26,0.0469973607144148,0.881183171125562,0.0,0.0,0.0001189370554592,0.2162162162162162,0.1038487743891469,0.1784037558685446,0.2734056962263441,0.1576260370134014,0.133709021350993,1.0,0.0,0.0,0.0111848473892303,0.0855263157894736,0.0920974931974758,0.1107850911974623,0.4113924050632911,0.1603370484357725,0,0,,,,
03a0ce5623bfeb8aa3113605f7682215,2020-07-03,0.0395278209624353,0.9000545541832147,0.0,0.0,9.143637438850586e-05,0.1801801801801802,0.1038457801296989,0.1971830985915493,0.2541893976447572,0.1859178898106785,0.1124741539761748,1.0,0.0,0.0,0.0112067155736462,0.0855263157894736,0.0984426561685868,0.1444620671424795,0.4403217299578058,0.142259539247617,0,0,,,,
03a0ce5623bfeb8aa3113605f7682215,2020-07-11,0.038247948226617,0.9125627373106971,0.0,0.0,7.923765164096248e-05,0.1711711711711711,0.1038457929256794,0.2488262910798122,0.2885153692764964,0.206126356094448,0.0951294962404317,1.0,0.0,0.0,0.0105681645887031,0.0855263157894736,0.0746251374978289,0.1003172085646312,0.4647283755274261,0.1164729434965787,0,1,,,,
03a0ce5623bfeb8aa3113605f7682215,2020-07-14,0.0339093965797751,0.9107973639418668,0.0,0.0,6.533008574391225e-05,0.1621621621621621,0.1038458121196502,0.2488262910798122,0.3125004702960984,0.2120825356307168,0.1016067275466196,1.0,0.0,0.0,0.0102882518281802,0.0921052631578947,0.0722514907659352,0.1022733280465239,0.4656381856540084,0.117847431798488,1,1,,,,
03a0ce5623bfeb8aa3113605f7682215,2020-07-19,0.038320257420731,0.9149980360494042,0.0,0.0,9.10796693492471e-05,0.1711711711711711,0.1038458377116113,0.244131455399061,0.3313762745024267,0.2093171665603063,0.0914618607846868,1.0,0.0,0.0,0.0095593123476516,0.0921052631578947,0.0746251374978289,0.1082474226804123,0.4611155063291138,0.0740729674007231,0,0,,,,
03a0ce5623bfeb8aa3113605f7682215,2020-07-29,0.0440977620304421,0.8997599615938549,0.0,0.0,0.0001091497766961,0.1531531531531531,0.103846087233232,0.2159624413145539,0.304866624026487,0.1771963412039991,0.1088323242228451,0.929,0.0,0.0,0.0120829008292415,0.0723684210526315,0.0928848491865918,0.0917790113666402,0.4529799578059071,0.1018017748827203,0,0,,,,
03a0ce5623bfeb8aa3113605f7682215,2020-08-06,0.107013991829061,0.8533474446820583,0.0,0.0,0.0004777842902706,0.1981981981981982,0.1052744897457202,0.1971830985915493,0.3126171037285074,0.1854924484152308,0.1213061556277398,0.929,0.0,0.0,0.0125698324022346,0.0986842105263157,0.0897122677010363,0.088659793814433,0.4285601265822784,0.1318313562613918,0,1,,,,
03a0ce5623bfeb8aa3113605f7682215,2020-08-08,0.1029610614989696,0.8638240300266226,0.0,0.0,0.0004621747598336,0.1981981981981982,0.1052743297959634,0.1971830985915493,0.3201456036720719,0.1840034035311635,0.1094355325167979,0.929,0.0,0.0,0.0105288018567546,0.0921052631578947,0.1000405256759103,0.0621464446206714,0.4412183544303797,0.1286640571309051,0,1,,,,
03a0ce5623bfeb8aa3113605f7682215,2020-08-11,0.1091001120792508,0.8588923318640075,0.0,0.0,0.0004599549342587,0.2072072072072072,0.1052743425919439,0.1877934272300469,0.3530776176680839,0.2012337800467985,0.1112516088242599,1.0,0.0,0.0,0.0110536382827352,0.0986842105263157,0.1024141724078041,0.0644462067142479,0.4312763713080168,0.1381659545223653,1,1,,,,
03a0ce5623bfeb8aa3113605f7682215,2020-08-15,0.0831519577714306,0.8648147339938026,0.0,0.0,0.0002792116064736,0.2072072072072072,0.1045602309075637,0.1737089201877934,0.3529195981790135,0.1952776005105296,0.125644739346277,0.929,0.0,0.0,0.013931491351862,0.1184210526315789,0.1071846234006831,0.0952418715305313,0.4231408227848101,0.13700062748379,0,1,,,,
03a0ce5623bfeb8aa3113605f7682215,2020-08-20,0.052677247912072,0.8890215161698599,0.0,0.0,0.0001125045728505,0.1981981981981982,0.1038460808352417,0.1596244131455399,0.3534406862560668,0.2010210593490746,0.1170514404420516,0.929,0.0,0.0,0.0132389988453598,0.0921052631578947,0.1206738840965669,0.0824213587100185,0.4249472573839662,0.1186243164908716,0,1,,,,
03a0ce5623bfeb8aa3113605f7682215,2020-09-06,0.0452438627571495,0.8844629686204337,0.0,0.0,0.0001102503542277,0.1261261261261261,0.1038457545377378,0.2535211267605634,0.2612005718800557,0.1391193363114231,0.1304252457186726,0.929,0.0,0.0,0.0182992967191891,0.0723684210526315,0.1040004631505818,0.0618556701030927,0.504509493670886,0.1191621597394448,0,0,,,,
03a0ce5623bfeb8aa3113605f7682215,2020-09-11,0.0833110379984815,0.827360013965871,0.0,0.0,0.0014612112395804,0.1531531531531531,0.1038456777618545,0.2488262910798122,0.2248974754505436,0.1093384386300787,0.180872168227374,1.0,0.0,0.0,0.0285846327894472,0.0921052631578947,0.0936837839402535,0.058102035421623,0.4891482067510548,0.1558251411838527,0,0,,,,
03a0ce5623bfeb8aa3113605f7682215,2020-09-17,0.1078347011822553,0.8159145463274126,0.0,0.0,0.0016190232483678,0.1261261261261261,0.0597156806059531,0.2253521126760563,0.1927104104744347,0.1199744735162731,0.1759110219380727,0.857,0.0,0.0,0.0318648604518258,0.1184210526315789,0.02223122792798,0.3526566217287867,0.46292194092827,0.2411330564436609,0,1,,,,
03a0ce5623bfeb8aa3113605f7682215,2020-09-24,0.1237354929679308,0.8171212848601229,0.0,0.0,0.0016869131595312,0.1351351351351351,0.008230617811502,0.1924882629107981,0.2185973889160615,0.164007657945118,0.1599372921431313,0.85,0.004,0.004,0.04378593671639,0.125,0.9908759335378916,0.3274914089347079,0.3905854430379746,0.2603758926703917,0,0,,,,
03a0ce5623bfeb8aa3113605f7682215,2020-10-03,0.0996456849488412,0.8247719635141623,0.0,0.0,0.0003121640769599,0.1621621621621621,0.0008755137850106,0.1784037558685446,0.260816810263742,0.2182514358647096,0.1701208674586866,1.0,0.0,0.0,0.0395464246976359,0.0986842105263157,0.0214322931743183,0.0714247951361353,0.3300105485232067,0.1243015507813667,0,1,,,,
03a0ce5623bfeb8aa3113605f7682215,2020-10-06,0.093239090350338,0.8338846942783574,0.0,0.0,0.0002972207889929,0.1711711711711711,0.0008754434071176,0.1877934272300469,0.2645716543135558,0.2150606253988513,0.1623694795957536,1.0,0.0,0.0,0.0316111895126019,0.0986842105263157,0.0190470676778787,0.0609833465503568,0.3381460970464135,0.1347297337675919,1,1,,,,
03a0ce5623bfeb8aa3113605f7682215,2020-10-13,0.0786470949781264,0.8418015973464844,0.0,0.0,0.0002540280341703,0.1801801801801802,0.0008752834573608,0.2018779342723004,0.2726663907596222,0.1891087002765369,0.1636823447061214,1.0,0.0,0.0,0.0251688223836904,0.0921052631578947,0.0198460024315405,0.0785884218873909,0.3544303797468354,0.1548390952281352,0,1,,,,
03a0ce5623bfeb8aa3113605f7682215,2020-10-19,0.0551140677537148,0.8805132457556845,0.0,0.0,0.000174859168625,0.1621621621621621,0.0008751938854969,0.2112676056338028,0.274741337145867,0.169751116783663,0.1274575899409372,1.0,0.0,0.0,0.0163238707269567,0.0921052631578947,0.0198460024315405,0.0895321173671689,0.3643723628691983,0.1510741924881226,1,1,,,,
03a0ce5623bfeb8aa3113605f7682215,2020-10-27,0.0515058389674247,0.891227687339065,0.0,0.0,0.0001548060564042,0.1441441441441441,0.0008752322734386,0.1830985915492957,0.2993923774408367,0.1635822165496702,0.1148321500343538,0.853,0.0,0.004,0.0140772792479677,0.0921052631578947,0.0404909396167428,0.1120803595030399,0.3571334388185654,0.1582753159829085,0,1,,,,
03a0ce5623bfeb8aa3113605f7682215,2020-11-01,0.0581402075273871,0.8775629555274298,0.0,0.0,0.0001815107840816,0.1711711711711711,0.0008753026513316,0.1549295774647887,0.2966364423040746,0.1661348649223569,0.1291123806083049,0.782,0.0,0.004,0.0175441154173615,0.0855263157894736,0.0897122677010363,0.2130584192439862,0.3824498945147679,0.2277168554098067,1,1,,,,
03a0ce5623bfeb8aa3113605f7682215,2020-11-06,0.0442713040963158,0.8919739885654433,0.0,0.0,0.0001549662297414,0.1531531531531531,0.0008753090493219,0.1502347417840375,0.3127563113736408,0.1578387577111253,0.1201868332854852,0.857,0.0,0.0,0.0135568164588703,0.0986842105263157,0.1000405256759103,0.2034628601638911,0.3914952531645569,0.2331251680760152,1,1,,,,
03a0ce5623bfeb8aa3113605f7682215,2020-11-14,0.0381647926533858,0.91337886789159,0.0,0.0,0.0001262971677018,0.1261261261261261,0.0008754626010884,0.2018779342723004,0.3242258926219948,0.1561369921293341,0.0939940453341677,1.0,0.0,0.0,0.0087866364982913,0.125,0.0500202628379551,0.1256938937351308,0.3905854430379746,0.2129560462545194,0,1,,,,
03a0ce5623bfeb8aa3113605f7682215,2020-11-18,0.1250551357605119,0.8547200279317417,0.0,0.0,0.000689689684736,0.1261261261261261,0.0039480014600981,0.2065727699530516,0.3201361977501034,0.1550733886407147,0.103184101106742,1.0,0.0,0.0,0.0118933765643041,0.125,0.0508076188270711,0.123076923076923,0.393301687763713,0.2215017778707383,0,1,,,,
03a0ce5623bfeb8aa3113605f7682215,2020-11-25,0.1794569579522036,0.7582005848208442,0.0,0.0,0.0019843334282018,0.1621621621621621,0.0385394908368015,0.1971830985915493,0.3432202114451259,0.1559242714316102,0.1973200778041927,0.5,0.0,0.0,0.0365286152482476,0.0789473684210526,0.0396920048630811,0.1035950303991541,0.3707014767932489,0.2017808587563869,0,1,,,,
03a0ce5623bfeb8aa3113605f7682215,2020-12-01,0.2021005820890126,0.7497141360799545,0.0,0.0,0.0022437877026662,0.1711711711711711,0.0841025354461297,0.2018779342723004,0.359765228187667,0.145075515847692,0.1896654613253163,0.071,0.0,0.0,0.0543176543310668,0.0921052631578947,0.0484223933306316,0.1026698387523129,0.384256329113924,0.1977171542116114,0,0,,,,
03a0ce5623bfeb8aa3113605f7682215,2020-12-09,0.061314581148993,0.8763496704927335,0.0,0.0,0.0003889214985207,0.1441441441441441,0.1052787316132716,0.2253521126760563,0.3766808382557658,0.1597532439906402,0.1280801525117012,0.357,0.0,0.0,0.0116455371409244,0.0921052631578947,0.084953395472703,0.0839280993920169,0.4529799578059071,0.1487136582304957,0,0,,,,
03a0ce5623bfeb8aa3113605f7682215,2020-12-12,0.0099208214324451,0.8987954436346178,0.0,0.0,3.511824984305666e-05,0.1261261261261261,0.1038457737317086,0.1924882629107981,0.3784717257985627,0.1712401616677302,0.1407539781103129,0.5710000000000001,0.0,0.0,0.0100302072520731,0.0986842105263157,0.1079719793897991,0.0975416336241078,0.4466508438818565,0.147608091552873,0,0,,,,
03a0ce5623bfeb8aa3113605f7682215,2020-12-17,0.0072309194114031,0.8882468467682102,0.0,0.0,2.3468833202801563e-05,0.1261261261261261,0.1038457289457767,0.1924882629107981,0.3886263591557244,0.1810253137630291,0.1587437784064333,0.929,0.0,0.0,0.0106833370266267,0.1118421052631579,0.1302032073177791,0.1160454665609305,0.471967299578059,0.1623987808886365,0,0,,,,
03a0ce5623bfeb8aa3113605f7682215,2020-12-26,0.0659929860081709,0.8318989220093398,0.0,0.0,0.0002408063639134,0.1711711711711711,0.1052899536882114,0.2535211267605634,0.326833214191655,0.1763454584131036,0.1896106242076843,0.929,0.0,0.0,0.0182832600506175,0.2039473684210526,0.1206738840965669,0.1197197991012424,0.5244066455696202,0.3150865031224789,0,1,,,,
03a0ce5623bfeb8aa3113605f7682215,2020-12-31,0.1241368089952637,0.7608802863003536,0.0,0.0,0.0020102205839985,0.2162162162162162,0.0975965879159583,0.2394366197183098,0.2972158470973324,0.1980429695809402,0.24271553406514,0.7140000000000001,0.0,0.0,0.0335268424674309,0.2171052631578947,0.1198865281074509,0.1225218080888184,0.5063291139240506,0.3254250455672752,0,0,,,,
03a0ce5623bfeb8aa3113605f7682215,2021-01-20,0.0871578871253479,0.7838563261030855,0.0,0.0,3.828634088044025e-05,0.0900900900900901,0.0377625892758768,0.3192488262910798,0.1088603784943,0.0565837055945543,0.2417445945117722,0.364,0.0,0.0,0.0400333562706289,0.2105263157894737,0.029294274300932,0.1627544277028813,0.4902162447257384,0.2375175546060298,0,0,,,,
03a0ce5623bfeb8aa3113605f7682215,2021-01-25,0.1115188546223652,0.7055274298433204,0.0,0.0,0.0001496775616387,0.0990990990990991,0.0479288486667429,0.2910798122065727,0.1262048986041611,0.0897681344394809,0.335793476963572,0.462,0.0,0.0,0.0434375036446974,0.2171052631578947,0.0547212412435593,0.1881839809674861,0.4878164556962024,0.2177368751307258,0,0,,,,
03a0ce5623bfeb8aa3113605f7682215,2021-02-06,0.0401605264109331,0.7923886003578754,0.0,0.0,0.0001035073515297,0.2072072072072072,0.1038461256211736,0.244131455399061,0.3627619549268219,0.2208040842373962,0.2710630981681177,1.0,0.0,0.0,0.0279883602943749,0.0855263157894736,0.0730388467550512,0.0823420565688607,0.4583992616033754,0.1084949353094092,0,0,,,,
03a0ce5623bfeb8aa3113605f7682215,2021-02-13,0.0630861564047868,0.7576441321520535,0.0,0.0,0.0001536455367035,0.1891891891891892,0.1038458697015627,0.2159624413145539,0.3222826291433086,0.2001701765581791,0.3019718782357931,0.929,0.0,0.0,0.0306417000034989,0.0986842105263157,0.0897122677010363,0.0912238963785355,0.4466508438818565,0.1174589894522963,0,0,,,,
03a0ce5623bfeb8aa3113605f7682215,2021-02-15,0.0671390867348783,0.7505499061668048,0.0,0.0,0.0001697748934924,0.1981981981981982,0.1038458952935238,0.2206572769953051,0.329233605478009,0.1988938523718357,0.3088394207910092,0.929,0.0,0.0,0.0309711806486978,0.1052631578947368,0.0873270422045967,0.0909066878139043,0.4502637130801687,0.1253473570980369,0,0,,,,
03a0ce5623bfeb8aa3113605f7682215,2021-02-27,0.2038323872880436,0.7101012525640468,0.0,0.0,0.005707270801555,0.2342342342342342,0.4076700809264516,0.2018779342723004,0.2675909552654351,0.1988938523718357,0.2466767093858565,0.286,0.0,0.0,0.0599392356049031,0.1052631578947368,0.0381057141203033,0.1765001321702352,0.3734177215189873,0.1558849015448053,0,0,,,,
03a0ce5623bfeb8aa3113605f7682215,2021-03-07,0.2074840015908022,0.7444092873041506,0.0,0.0,0.0027253463842751,0.2342342342342342,0.3794649246850018,0.1784037558685446,0.262632153203657,0.1933631142310146,0.1927040827846933,0.286,0.0,0.0,0.0377284496331976,0.1381578947368421,0.0444624558559601,0.1927835051546391,0.3589398734177215,0.1569605880419518,0,0,,,,
03a0ce5623bfeb8aa3113605f7682215,2021-03-16,0.094099569760295,0.8165102780081175,0.0,0.0,0.0026090123912098,0.2162162162162162,0.1151323532094216,0.1690140845070422,0.3139527446480303,0.1667730270155286,0.1872816595647222,0.929,0.0,0.0,0.0191011301477706,0.1578947368421052,0.1047993979042436,0.1049431667988369,0.4131988396624472,0.2239220724893178,0,1,,,,
03a0ce5623bfeb8aa3113605f7682215,2021-03-20,0.0864131024259734,0.7844869724610481,0.0,0.0,0.0002978123494161,0.2162162162162162,0.1038456777618545,0.2018779342723004,0.3210504533654389,0.1593278025951925,0.2414768603492156,0.7859999999999999,0.0,0.0,0.0252242217842105,0.131578947368421,0.1135297863717941,0.1209886333597673,0.46292194092827,0.1854662802163325,0,0,,,,
03a0ce5623bfeb8aa3113605f7682215,2021-03-22,0.0889077696229075,0.7862108846506349,0.0,0.0,0.0002945794029171,0.2252252252252252,0.1038456777618545,0.1877934272300469,0.3134128447270402,0.160178685386088,0.2367060311152257,0.643,0.0,0.0,0.0255187133343441,0.1381578947368421,0.1183002373646732,0.1222839016653449,0.451173523206751,0.1916813577554008,1,1,,,,
03a0ce5623bfeb8aa3113605f7682215,2021-03-27,0.0835496583390578,0.7633526818836467,0.0,0.0,0.0002698734026497,0.2252252252252252,0.1038457417417572,0.1830985915492957,0.3069697881786372,0.1778345032971708,0.2752726533745794,0.286,0.0,0.0,0.0297232362580329,0.1381578947368421,0.1508481445029815,0.138223632038065,0.4855221518987341,0.198912361430663,0,1,,,,
03a0ce5623bfeb8aa3113605f7682215,2021-04-01,0.0986586644491847,0.7755750010910837,0.0,0.0,0.0016566502253878,0.1891891891891892,0.0743042436698652,0.164319248826291,0.3158188795665751,0.2118698149329929,0.2437251821721304,0.286,0.0,0.0,0.0299535811338799,0.125,0.1437040467782087,0.1259582342056568,0.4556962025316455,0.2235037499626498,1,1,,,,
03a0ce5623bfeb8aa3113605f7682215,2021-04-04,0.0904732636754763,0.8041199319163794,0.0,0.0,0.0016353176917865,0.1711711711711711,0.0521480609345361,0.1784037558685446,0.2963787200421385,0.2148479047011274,0.2088358725069272,0.5,0.0,0.0,0.0260799967343511,0.125,0.1349736583106582,0.1395982024848004,0.4620253164556961,0.2247288373621777,0,1,,,,
03a0ce5623bfeb8aa3113605f7682215,2021-04-11,0.0501753497957265,0.8627940470475275,0.0,0.0,0.0001367998218605,0.1441441441441441,0.0004615638143131,0.1924882629107981,0.2628503705933255,0.2235694533078068,0.1580567015796315,0.997,0.0,0.003,0.018372190667242,0.0855263157894736,0.0984426561685868,0.093391488236849,0.4357990506329113,0.1516717960976484,1,1,,,,
03a0ce5623bfeb8aa3113605f7682215,2021-04-15,0.0496944936548682,0.858381704709117,0.0,0.0,0.0001540503920097,0.1531531531531531,0.000467174851783,0.2065727699530516,0.2441269423228864,0.2129334184216124,0.1650048869548948,0.993,0.0,0.0069999999999999,0.0178342333306119,0.0986842105263157,0.0762114282406067,0.1000528680941052,0.4240506329113923,0.1760540233663011,1,1,,,,
03a0ce5623bfeb8aa3113605f7682215,2021-04-20,0.0589753787194041,0.8435822458866146,0.0,0.0,0.0001951530321809,0.1711711711711711,0.0004671684537927,0.2065727699530516,0.2480811919184318,0.2161242288874707,0.178601266414846,0.997,0.0,0.003,0.0204175948496052,0.0789473684210526,0.0706536212586117,0.0937615648955855,0.4150052742616033,0.1426479815938088,0,1,,,,
03a0ce5623bfeb8aa3113605f7682215,2021-04-29,0.0576159658700603,0.8349408632653952,0.0,0.0,0.0002058482874076,0.2072072072072072,0.0004600986745405,0.1690140845070422,0.2925429850633959,0.2273984258668368,0.1925879571238254,0.976,0.024,0.0,0.0251250860148587,0.0723684210526315,0.080182944479824,0.0969336505418979,0.3896888185654008,0.1384946365076045,0,1,,,,
03a0ce5623bfeb8aa3113605f7682215,2021-05-24,0.0445460790339491,0.8467202025051281,0.0,0.0,0.0001597154183219,0.1891891891891892,0.0004525746379788,0.1220657276995305,0.3257966815907295,0.192724952137843,0.186836511198062,0.976,0.02,0.003,0.0284971600517838,0.1052631578947368,0.1349736583106582,0.2087761036214644,0.3996308016877637,0.2670391729166044,1,1,,,,
03a0ce5623bfeb8aa3113605f7682215,2021-05-31,0.0652012003326222,0.7588465063501068,0.0,0.0,0.000222261632506,0.2432432432432432,0.0004769573789112,0.164319248826291,0.3360491365363633,0.2101680493512018,0.2983010170672464,0.928,0.069,0.003,0.0530536732718302,0.125,0.0841544607190412,0.1375627808617499,0.3887790084388185,0.2169301102578659,1,1,,,,
03a0ce5623bfeb8aa3113605f7682215,2021-06-12,0.1068404497631873,0.7420219962466721,0.0,0.0,0.0020051854417915,0.2342342342342342,0.0402786053489335,0.1690140845070422,0.301931976372324,0.2161242288874707,0.2860239541432668,0.509,0.039,0.024,0.0432392321059936,0.1447368421052631,0.0992415909222486,0.2075865715040973,0.4068697257383966,0.1258852003466101,0,0,,,,
03a0ce5623bfeb8aa3113605f7682215,2021-07-03,0.050605589500705,0.7229782219700606,0.0,0.0,0.0015732785293938,0.2972972972972973,0.0224901066436852,0.1690140845070422,0.307045035554385,0.196553924696873,0.3643474866858704,0.7979999999999999,0.038,0.021,0.0869274909319928,0.1447368421052631,0.1159150118682336,0.2131112873380914,0.430379746835443,0.2129859264349956,0,1,,,,
03a0ce5623bfeb8aa3113605f7682215,2021-07-07,0.0056437326006001,0.7661676777375288,0.0,0.0,3.4397961154966655e-05,0.3063063063063063,2.8848538143356068e-05,0.1784037558685446,0.2971838669626397,0.1997447351627313,0.340622369027996,0.918,0.064,0.018,0.0865965524078329,0.1052631578947368,0.0928848491865918,0.1782976473698123,0.4122890295358649,0.13700062748379,0,1,,,,
03a0ce5623bfeb8aa3113605f7682215,2021-07-30,0.0013015654940525,0.836173787806049,0.0,0.0,1.8654789160573834e-05,0.3513513513513513,3.164445989288958e-05,0.2018779342723004,0.2841378531923699,0.1714528823654541,0.2410091319929421,0.746,0.2269999999999999,0.027,0.0692375876185255,0.0986842105263157,0.1127424303826781,0.0919111816019032,0.4593090717299578,0.1742910927182,0,0,,,,
03a0ce5623bfeb8aa3113605f7682215,2021-08-07,0.0059799703532304,0.8047440317723562,0.0,0.0,3.745501178068016e-05,0.4054054054054054,4.531056711715407e-05,0.2065727699530516,0.267308777606381,0.1825143586470963,0.2832950011128708,0.748,0.191,0.061,0.0955406398339184,0.0986842105263157,0.0881259769582585,0.1263018768173407,0.4376054852320674,0.1599486060895807,0,1,,,,
03a0ce5623bfeb8aa3113605f7682215,2021-08-14,0.0273473372139267,0.6889691441539737,0.0,0.0,8.362325657267554e-05,0.3693693693693693,2.847745470749121e-05,0.2300469483568075,0.2517363331953798,0.1808125930653052,0.435371231157805,0.8109999999999999,0.128,0.061,0.1612516182456467,0.0789473684210526,0.0571643605627279,0.179381443298969,0.4258570675105485,0.2838617145247557,0,0,,,,
03a0ce5623bfeb8aa3113605f7682215,2021-08-21,0.0253588343757908,0.7185418757910356,0.0,0.0,6.914869671515066e-05,0.2972972972972973,2.6916345080749387e-05,0.1877934272300469,0.2782441024869257,0.1895341416719846,0.3934272875948763,0.8320000000000001,0.124,0.044,0.1386544943492611,0.1381578947368421,0.0587506513055057,0.2219402590536611,0.3815532700421941,0.3270086951325186,1,1,,,,
03a0ce5623bfeb8aa3113605f7682215,2021-09-22,0.0893054701905347,0.6037751494784621,0.0,0.0,0.0018236893975875,0.3603603603603604,0.0143565271506618,0.1784037558685446,0.2715151059106814,0.2565411614550095,0.5060272443703246,0.605,0.0969999999999999,0.084,0.1442673283493311,0.0657894736842105,0.0952700746830313,0.1004493787998942,0.4150052742616033,0.0686945349149908,1,1,,,,
03a0ce5623bfeb8aa3113605f7682215,2021-10-02,0.0159116381647926,0.6711713874219877,0.0,0.0,7.164170135592055e-05,0.3783783783783784,6.138871667454014e-05,0.1737089201877934,0.2669043229617367,0.2603701340140396,0.4718863000751591,0.848,0.136,0.017,0.1348450566240188,0.0855263157894736,0.0936837839402535,0.0952947396246365,0.4059599156118143,0.1325186004123465,0,1,,,,
03a0ce5623bfeb8aa3113605f7682215,2021-10-14,0.0292526844788314,0.6393990311177062,0.0,0.0,8.389938361408522e-05,0.3513513513513513,6.0966449316487024e-05,0.2018779342723004,0.2892584371120057,0.2542012337800468,0.5069497982316642,0.86,0.128,0.012,0.1540788537572456,0.0986842105263157,0.1198865281074509,0.0658736452550885,0.4674446202531644,0.1988526010697104,1,1,,,,
03a0ce5623bfeb8aa3113605f7682215,2021-10-20,0.0195451751690227,0.6481386112687122,0.0,0.0,7.319626711930172e-05,0.3423423423423423,3.3506275062487416e-05,0.2065727699530516,0.2978234696564957,0.2552648372686662,0.5026886316203723,0.867,0.125,0.008,0.1491366440792619,0.0723684210526315,0.1190875933537891,0.0570711075865715,0.4746835443037975,0.1595900439238653,1,1,,,,
03a0ce5623bfeb8aa3113605f7682215,2021-11-07,0.0691709750894826,0.670374896347052,0.0,0.0,0.000428526567122,0.4144144144144144,0.0021164167945427,0.2112676056338028,0.2511098987922796,0.2814294830887045,0.4255424842504572,0.892,0.096,0.012,0.1326203333294456,0.0855263157894736,0.1127424303826781,0.1392545598731165,0.4701608649789028,0.1640123106343562,0,1,,,,
03a0ce5623bfeb8aa3113605f7682215,2021-11-21,0.1181821468599732,0.695984812115393,0.0,0.0,0.0006627098126757,0.3783783783783784,0.0034303080771153,0.1737089201877934,0.2901068512735618,0.2469687300574345,0.3439577560651465,0.872,0.087,0.0409999999999999,0.1115248247629488,0.1184210526315789,0.0944827186939153,0.1321173671689135,0.4104825949367088,0.1361341022499776,1,1,,,,
03a0ce5623bfeb8aa3113605f7682215,2021-11-30,0.1299360063632091,0.7386418190546851,0.0,0.0,0.0033811903619391,0.2882882882882883,0.0387512387228943,0.164319248826291,0.3010139583882012,0.2293129121463518,0.2704147298949385,0.63,0.136,0.02,0.0807650365636043,0.1578947368421052,0.1159150118682336,0.1200634417129262,0.4213343881856539,0.1997191263035229,0,0,,,,
03a0ce5623bfeb8aa3113605f7682215,2021-12-10,0.0788134061245887,0.7452406930563434,0.0,0.0,0.0030995201438725,0.2882882882882883,0.0172771201386654,0.1924882629107981,0.2729429248654953,0.2278238672622846,0.3062749791135096,0.991,0.0,0.009,0.1046028154558496,0.125,0.1111561396399004,0.2205921226539783,0.4466508438818565,0.1795798846625033,0,0,,,,
03a0ce5623bfeb8aa3113605f7682215,2021-12-16,0.1200838786651722,0.7244162702396021,0.0,0.0,0.0017404061408594,0.2792792792792793,0.0671971705323078,0.1830985915492957,0.2558185033296963,0.2512231440119123,0.3002299933227744,0.5670000000000001,0.0,0.004,0.0790841021215054,0.1052631578947368,0.0627221675447229,0.2780861749933915,0.384256329113924,0.2569097917351421,0,0,,,,
03a0ce5623bfeb8aa3113605f7682215,2021-12-20,0.1783470118225532,0.6883559551346399,0.0,0.0,0.0018344328030812,0.3243243243243243,0.1055419129431733,0.1784037558685446,0.267493133676963,0.2671771963412039,0.3015557612843498,0.282,0.0,0.004,0.0691646936704726,0.1118421052631579,0.0333468418919701,0.2778218345228654,0.342668776371308,0.2489915439089252,0,0,,,,
03a0ce5623bfeb8aa3113605f7682215,2021-12-27,0.2047868686503489,0.7121197573429932,0.0,0.0,0.0023834342862313,0.2522522522522522,0.1241358802359176,0.1690140845070422,0.2988825764701456,0.2527121888959796,0.2428413368644136,0.0,0.0,0.0,0.0386906497474953,0.0921052631578947,0.0007873559891159,0.0932064499074808,0.2974683544303797,0.1886335793468192,0,0,,,,
03a0ce5623bfeb8aa3113605f7682215,2022-01-06,0.2058570447232365,0.6521385239820188,0.0,0.0,0.0024987286265927,0.2792792792792793,0.0557487858805772,0.1830985915492957,0.2991308928101132,0.2856838970431823,0.3305516936605066,0.494,0.078,0.0,0.092799827387131,0.0986842105263157,0.0492213280842934,0.1506476341527888,0.3670886075949367,0.189022021693011,1,1,,,,
03a0ce5623bfeb8aa3113605f7682215,2022-01-13,0.1168769659062149,0.6386898267359142,0.0,0.0,0.000841859268357,0.3423423423423423,0.0046060155657601,0.1549295774647887,0.2511569284021219,0.3367368644969155,0.4298165537129567,0.721,0.165,0.043,0.1479601357576888,0.0855263157894736,0.096856365425809,0.1600317208564631,0.393301687763713,0.1402874473361819,1,1,,,,
03a0ce5623bfeb8aa3113605f7682215,2022-01-16,0.1107957626812249,0.6514227730982413,0.0,0.0,0.0007987696926779,0.3513513513513513,0.004446680015988,0.1549295774647887,0.256909590278039,0.3233354605403105,0.4164201684467224,0.7070000000000001,0.175,0.047,0.1326713590930826,0.0855263157894736,0.1143287211254559,0.1191911181601903,0.4122890295358649,0.0629276600830669,1,1,,,,
03a0ce5623bfeb8aa3113605f7682215,2022-01-29,0.0227267797100401,0.7605442325317505,0.0,0.0,7.40187522924686e-05,0.1621621621621621,1.923235876223738e-05,0.2159624413145539,0.1799070694909515,0.2029355456285896,0.3336903122167421,0.565,0.071,0.0069999999999999,0.1091936763042185,0.2763157894736842,0.9964337405198864,0.4682527094898229,0.5036128691983122,0.3934622165117877,1,1,,,,
03a0ce5623bfeb8aa3113605f7682215,2022-01-31,0.0248526700169926,0.7583118753546021,0.0,0.0,6.960858089799666e-05,0.1171171171171171,1.4958501259517964e-05,0.2253521126760563,0.1400541781105383,0.1584769198042969,0.3350999487111664,0.48,0.013,0.0069999999999999,0.1041260890355839,0.2763157894736842,0.9845191918022348,0.4573354480570975,0.5036128691983122,0.3940598201213136,1,1,,,,
03a0ce5623bfeb8aa3113605f7682215,2022-02-14,0.1189341624787591,0.6576528608213679,0.0,0.0,0.0006017260255231,0.2882882882882883,0.0032285538518297,0.2112676056338028,0.2167331351819105,0.2863220591363539,0.3999529045930924,0.635,0.07,0.08,0.1236558355979053,0.1184210526315789,0.0484223933306316,0.1493787998942638,0.3969145569620253,0.0755669764245376,1,1,,,,
03a0ce5623bfeb8aa3113605f7682215,2022-02-20,0.1179435265193969,0.6418299655217562,0.0,0.0,0.000376283527419,0.3063063063063063,0.0041225066448087,0.1690140845070422,0.3031246472779262,0.368219527760051,0.4242231677144856,0.619,0.0579999999999999,0.038,0.108976452339021,0.131578947368421,0.0666936837839402,0.1479513613534232,0.3734177215189873,0.1592314817581498,1,1,,,,
03a0ce5623bfeb8aa3113605f7682215,2022-03-03,0.0425648071152247,0.6791908523545587,0.0,0.0,0.0001880307232978,0.3063063063063063,0.0016681096160763,0.1220657276995305,0.3000338613190865,0.3694958519463943,0.4362486250399182,0.711,0.0819999999999999,0.064,0.1092869805577261,0.131578947368421,0.0730388467550512,0.2015596087761036,0.4104825949367088,0.4424657124929035,0,1,,,,
03a0ce5623bfeb8aa3113605f7682215,2022-03-17,0.1118804005929353,0.6624492646096102,0.0,0.0,0.0067316687147955,0.3153153153153153,0.0822971377547639,0.0657276995305164,0.2981959441664472,0.3192937672835567,0.3991529278182246,0.48,0.103,0.061,0.096244795372109,0.1513157894736842,0.9908759335378916,0.4477927570711076,0.4204245780590717,0.542952759434667,1,1,,,,
03a0ce5623bfeb8aa3113605f7682215,2022-03-21,0.1381214071369174,0.6196111377820452,0.0,0.0,0.0067987164876156,0.2792792792792793,0.2166933342365589,0.0798122065727699,0.2886376462620866,0.2882365454158689,0.4390646723159649,0.4029999999999999,0.057,0.04,0.1088554483852532,0.125,0.0428645863486366,0.3267776896642876,0.4122890295358649,0.4900050796306809,0,0,,,,
03a0ce5623bfeb8aa3113605f7682215,2022-04-25,0.0940597997035323,0.6542159472788375,0.0,0.0,0.0004466703738572,0.2792792792792793,0.0017567025873939,0.1784037558685446,0.2230031227660935,0.2907891937885556,0.4272263063330419,0.7709999999999999,0.14,0.018,0.1161827480435264,0.131578947368421,0.1230591095930064,0.1782712133227597,0.4466508438818565,0.2185436400035856,1,1,,,,
03a0ce5623bfeb8aa3113605f7682215,2022-05-14,0.0178929100835171,0.6801619168157815,0.0,0.0,8.49193831478334e-05,0.3333333333333333,8.582903951943262e-05,0.1784037558685446,0.2039410813047895,0.2712188895979578,0.4568254470031515,0.8370000000000001,0.119,0.044,0.1369021238380704,0.0855263157894736,0.1063856886470213,0.1583928099392016,0.4294699367088607,0.1931753667792153,0,0,,,,
03a0ce5623bfeb8aa3113605f7682215,2022-05-23,0.0308109476119888,0.5973595775324053,0.0,0.0,0.0001200818526238,0.3243243243243243,9.03716126136404e-05,0.1596244131455399,0.2171131344294367,0.3207828121676239,0.5676964217167888,0.8490000000000001,0.133,0.019,0.146790916830921,0.1184210526315789,0.1294158513286632,0.1690192968543484,0.4321861814345991,0.1524785609705082,0,0,,,,
03a0ce5623bfeb8aa3113605f7682215,2022-05-30,0.0388698072959976,0.5721402697158817,0.0,0.0,0.0001575181938928,0.3333333333333333,0.0001664757069173,0.0938967136150234,0.2431111027502915,0.3352478196128483,0.5977890964455871,0.912,0.062,0.026,0.1634092791080113,0.1118421052631579,0.1818097608985121,0.1701030927835051,0.4231408227848101,0.1740221710939134,0,0,,,,
03a0ce5623bfeb8aa3113605f7682215,2022-06-14,0.1557684659604468,0.5685506044603499,0.0,0.0,0.0007818040934967,0.2792792792792793,0.0035770139940874,0.0985915492957746,0.251452274351932,0.2988725803020634,0.4987984219812973,0.447,0.048,0.433,0.1265730513989806,0.0921052631578947,0.1611764024778556,0.279249273063706,0.483715717299578,0.336122150177787,0,0,,,,
0947cdc8e87a0a45a012aa387ccedbcd,2018-09-15,0.009085650240428,0.527349103129228,0.0,0.0,0.0001041097211965,0.1801801801801802,1.7357747612092486e-05,0.3474178403755869,0.0999021784115279,0.1567751542225058,0.6905702737662455,0.287,0.287,0.092,0.2545354614478487,0.3618421052631579,0.9559428009031437,0.2040444091990483,0.4388185654008438,0.296560791227179,0,0,,,,
0947cdc8e87a0a45a012aa387ccedbcd,2018-09-19,0.0038938501030406,0.6101907214245189,0.0,0.0,7.970441443338096e-05,0.4414414414414415,3.218828906613981e-05,0.3051643192488262,0.1497027728657963,0.1752818549244841,0.572747887964543,0.375,0.409,0.074,0.2102698825532709,0.2171052631578947,0.9527586406530424,0.1367961934972244,0.3869725738396624,0.2262826067469447,0,1,,,,
0947cdc8e87a0a45a012aa387ccedbcd,2018-09-22,0.0027260566180989,0.5279121023000043,0.0,0.0,8.343360348017708e-05,0.4954954954954955,3.513776258223809e-05,0.2769953051643192,0.1685522404906128,0.1969793660923207,0.6954152943946789,0.372,0.419,0.11,0.2476440675989316,0.1973684210526315,0.9692815376599316,0.1771874173936029,0.3759493670886076,0.1991514028744734,0,1,,,,
0947cdc8e87a0a45a012aa387ccedbcd,2018-09-24,0.0500813478433782,0.5098459389866015,0.0,0.0,0.0003937325945874,0.5315315315315315,0.001030997744638,0.2676056338028169,0.1628691824372624,0.1974048074877685,0.6798673586895864,0.39,0.436,0.091,0.2308872068205409,0.1842105263157894,0.9735425230127944,0.1728522336769759,0.3713080168776371,0.1856455612991902,0,1,,,,
0947cdc8e87a0a45a012aa387ccedbcd,2018-09-25,0.0462308832568061,0.5137934796840221,0.0,0.0,0.0003678179243523,0.5405405405405406,0.0009547720885191,0.2676056338028169,0.156066819669664,0.1916613486492235,0.6774706540777848,0.386,0.434,0.103,0.2250673540080008,0.1710526315789473,0.9704741504081515,0.1678297647369812,0.3670886075949367,0.181402575671557,0,1,,,,
0947cdc8e87a0a45a012aa387ccedbcd,2018-09-29,0.0575364257565349,0.5108344607864531,0.0,0.0,0.0003705349751334,0.6306306306306306,0.0009858727192388,0.2206572769953051,0.1514240565860265,0.183152520740268,0.671757916705644,0.422,0.465,0.113,0.1949257064881445,0.1118421052631579,0.9813466103166792,0.1645783769495109,0.3327267932489451,0.084262108943138,1,1,,,,
0947cdc8e87a0a45a012aa387ccedbcd,2018-10-05,0.0583354423514949,0.5200410247457775,0.0,0.0,0.000378984855664,0.5945945945945946,0.0009868452137604,0.2065727699530516,0.1352966627788856,0.1805998723675813,0.6574357518652684,0.479,0.421,0.1009999999999999,0.1578635075401499,0.1052631578947368,0.9932495802697852,0.1657414750198255,0.3300105485232067,0.0807362476469358,0,1,,,,
0947cdc8e87a0a45a012aa387ccedbcd,2018-10-08,0.0174373621605987,0.5616876882119319,0.0,0.0,0.0001115916830943,0.5495495495495495,0.0001284972366536,0.2112676056338028,0.1314891455660483,0.1667730270155286,0.6323622862562054,0.491,0.359,0.149,0.1360973746515669,0.0986842105263157,0.988490708041452,0.1367961934972244,0.3263976793248945,0.0643021483849762,1,1,,,,
0947cdc8e87a0a45a012aa387ccedbcd,2018-10-15,0.015156007086301,0.6764216820145769,0.0,0.0,0.0001501944400151,0.4774774774774775,0.0005473224759395,0.3427230046948357,0.1245889612099778,0.1395447777068708,0.4647961833366128,0.476,0.298,0.154,0.1033942337971332,0.3486842105263158,0.9789613848202398,0.242162305048903,0.4602056962025316,0.5495861595004035,0,1,,,,
0947cdc8e87a0a45a012aa387ccedbcd,2018-10-19,0.0143569904913409,0.7088268668441495,0.0,0.0,0.0001399345025085,0.4414414414414415,0.0005481350207043,0.352112676056338,0.1223973813913239,0.1327377153797064,0.4176040050450148,0.433,0.321,0.175,0.1321815117621674,0.3355263157894737,0.9749898685810224,0.2359767380385937,0.4656381856540084,0.542743598171333,0,1,,,,
0947cdc8e87a0a45a012aa387ccedbcd,2018-10-20,0.0143569904913409,0.7225788853489284,0.0,0.0,0.0001408798199955,0.4414414414414415,0.0005481094287432,0.3661971830985915,0.1237725271831144,0.135503084450117,0.3972787886803286,0.425,0.351,0.153,0.1221892093630818,0.3289473684210526,0.9662594801134718,0.2268569918054454,0.4683544303797468,0.540681865718469,0,1,,,,
0947cdc8e87a0a45a012aa387ccedbcd,2018-10-24,0.0165913445894645,0.721638371230306,0.0,0.0,0.0001547431662595,0.4144144144144144,0.0005681927202118,0.3615023474178403,0.1230764889574476,0.1346522016592214,0.3966755803863758,0.455,0.371,0.103,0.1935815420860498,0.3355263157894737,0.9734035778382448,0.2383822363203806,0.4728639240506329,0.5367974422565513,1,1,,,,
0947cdc8e87a0a45a012aa387ccedbcd,2018-10-26,0.0140966773925304,0.6796600183302057,0.0,0.0,0.0001215489617798,0.4234234234234234,0.0003100594046359,0.3427230046948357,0.1368411151661085,0.154435226547543,0.4609543593895661,0.479,0.361,0.088,0.3495177336396822,0.3223684210526316,0.9487871244138252,0.1456515992598467,0.4249472573839662,0.426659097020946,0,1,,,,
0947cdc8e87a0a45a012aa387ccedbcd,2018-11-03,0.0065692902852597,0.5946427792083098,0.0,0.0,0.000106434691232,0.4594594594594594,5.2380346369407e-05,0.2300469483568075,0.1740810414236803,0.2029355456285896,0.5933440642045876,0.6659999999999999,0.268,0.066,0.5421531122800061,0.0460526315789473,0.0039599374746714,0.1459688078244779,0.3670886075949367,0.1177577912570592,0,0,,,,
0947cdc8e87a0a45a012aa387ccedbcd,2018-11-07,0.0067753714884847,0.5647623619779165,0.0,0.0,0.0001039298946891,0.5045045045045045,4.908538137853799e-05,0.2300469483568075,0.1765924225892622,0.2076154009785152,0.6373331096839124,0.737,0.179,0.084,0.6311274652733232,0.0592105263157894,0.0007873559891159,0.1617499339148823,0.3643723628691983,0.1208055696656407,0,1,,,,
0947cdc8e87a0a45a012aa387ccedbcd,2018-11-16,0.002519975414874,0.5516497185004144,0.0,0.0,8.019574368855831e-05,0.4864864864864865,4.662215512322814e-05,0.2253521126760563,0.1788291508333647,0.1712401616677302,0.6605098561654662,0.7340000000000001,0.152,0.113,0.3745640941906438,0.0789473684210526,0.9956348057662248,0.1618292360560402,0.3535205696202531,0.0935548450712642,0,0,,,,
0947cdc8e87a0a45a012aa387ccedbcd,2018-11-18,0.0024621280595827,0.5461441103303802,0.0,0.0,8.187412442424415e-05,0.5045045045045045,4.83688064679024e-05,0.2253521126760563,0.1561947402084352,0.1657094235269091,0.6687031666822576,0.757,0.12,0.123,0.4036516952216559,0.0855263157894736,0.9908759335378916,0.1488501189532117,0.3453850210970464,0.0689335763588012,0,0,,,,
0947cdc8e87a0a45a012aa387ccedbcd,2018-11-23,0.1187208503561227,0.5016824510103435,0.0,0.0,0.0041583936482903,0.4144144144144144,0.0577179721229454,0.2112676056338028,0.1593024568268181,0.1842161242288874,0.630697818450432,0.652,0.124,0.2239999999999999,0.2151421140411238,0.0855263157894736,0.0039599374746714,0.1475284166005815,0.3462816455696202,0.1048794334717781,0,0,,,,
0947cdc8e87a0a45a012aa387ccedbcd,2018-11-25,0.1191438591416898,0.5245297429406887,0.0,0.0,0.0041482732482922,0.3873873873873873,0.0951544366406095,0.2206572769953051,0.1745946047631588,0.1827270793448202,0.5965471970168608,0.68,0.12,0.2,0.1482662903395108,0.0855263157894736,0.9964337405198864,0.1267248215701824,0.3489978902953586,0.1156064182627663,0,0,,,,
0947cdc8e87a0a45a012aa387ccedbcd,2018-11-26,0.1191438591416898,0.531305372495963,0.0,0.0,0.0041500960798289,0.3513513513513513,0.1138726848944172,0.2206572769953051,0.1694401595244365,0.1820889172516485,0.5865345844798053,0.7140000000000001,0.086,0.2,0.1483887521722396,0.0789473684210526,0.9972210965090024,0.1248215701823949,0.3489978902953586,0.1156064182627663,0,0,,,,
0947cdc8e87a0a45a012aa387ccedbcd,2018-11-29,0.1191438591416898,0.5795334526251472,0.0,0.0,0.0041407451014443,0.2792792792792793,0.1700262780175911,0.2347417840375587,0.18514616802739,0.1746436928313124,0.5152398801325122,0.752,0.075,0.173,0.1390422901529023,0.0921052631578947,0.9797603195739016,0.1425323817076394,0.3417721518987341,0.1116024740789434,0,0,,,,
0947cdc8e87a0a45a012aa387ccedbcd,2018-12-01,0.1298817744676235,0.5919063413782568,0.0,0.0,0.0041876100511202,0.2522522522522522,0.2074662806238764,0.2535211267605634,0.1829677564994921,0.1884705381833652,0.4873697215242137,0.7909999999999999,0.071,0.1369999999999999,0.1006577949872289,0.0921052631578947,0.9670584148671336,0.1293946603224954,0.3508043248945147,0.1329668031194908,0,0,,,,
0947cdc8e87a0a45a012aa387ccedbcd,2018-12-08,0.0628800752015618,0.6727621874045302,0.0,0.0,0.0002152955663261,0.1711711711711711,0.2622665836403734,0.2910798122065727,0.1824278565785018,0.1663475856200808,0.4276262947204758,1.0,0.0,0.0,0.0813656826955598,0.0526315789473684,0.93211370346784,0.0613005551149881,0.3499077004219409,0.1020408163265306,0,0,,,,
0947cdc8e87a0a45a012aa387ccedbcd,2018-12-12,0.1001988502838135,0.6553790424649761,0.0,0.0,0.0003072822294804,0.1711711711711711,0.262387268930903,0.2723004694835681,0.1831690432296173,0.1627313337587747,0.4200232896464296,1.0,0.0,0.0,0.081216979041532,0.0723684210526315,0.9487871244138252,0.0822891884747554,0.3508043248945147,0.1036543460722502,0,0,,,,
0947cdc8e87a0a45a012aa387ccedbcd,2018-12-15,0.1210202827289489,0.6412931523589227,0.0,0.0,0.0003681412190022,0.1711711711711711,0.2623836028824763,0.2723004694835681,0.186985966364423,0.1493299298021697,0.4222716114693444,1.0,0.0,0.0,0.083768267223382,0.0855263157894736,0.95434493139582,0.0703674332540311,0.3535205696202531,0.1134251650879971,0,0,,,,
0947cdc8e87a0a45a012aa387ccedbcd,2018-12-21,0.3019523482410788,0.5426111814253917,0.0,0.0,0.0011754777285735,0.1981981981981982,0.2623218110924145,0.2863849765258215,0.1706478799051883,0.1425228674750053,0.4067172243386482,1.0,0.0,0.0,0.0817505627412789,0.1184210526315789,0.9559428009031437,0.0929685434840074,0.372507911392405,0.1321899184271073,0,0,,,,
0947cdc8e87a0a45a012aa387ccedbcd,2018-12-23,0.3280306590983043,0.5333456989481953,0.0,0.0,0.0013444173623322,0.2072072072072072,0.2621174272931265,0.2769953051643192,0.1769272734113398,0.1314613911933631,0.3971465344554513,0.857,0.0,0.0,0.0831690789703875,0.125,0.9591153823886992,0.0951361353423209,0.3679852320675105,0.141124092389518,0,1,,,,
0947cdc8e87a0a45a012aa387ccedbcd,2018-12-28,0.382747026284392,0.4803517653733688,0.0,0.0,0.0017439820351786,0.2342342342342342,0.2618120704113417,0.295774647887324,0.1548590992889123,0.1344394809614975,0.4266618065927118,0.7140000000000001,0.0,0.0,0.0728633325946746,0.125,0.9583164476350372,0.1308485329103886,0.3860759493670886,0.1424985806914273,0,0,,,,
0947cdc8e87a0a45a012aa387ccedbcd,2019-01-03,0.3726960483025416,0.4484310216907433,0.0,0.0,0.0047141283075533,0.2882882882882883,0.2321439625099267,0.2676056338028169,0.1514315813236013,0.1457136779408636,0.4828214664735539,0.526,0.115,0.003,0.0978382570765444,0.1644736842105263,0.9742025125919064,0.1983346550356859,0.3743143459915612,0.1295007021842412,0,0,,,,
0947cdc8e87a0a45a012aa387ccedbcd,2019-01-12,0.1490039408510792,0.4345808056561777,0.0,0.0,0.0035244344583105,0.5135135135135136,0.0642447091547518,0.2253521126760563,0.1314214229278754,0.2008083386513507,0.7028699166798382,0.5479999999999999,0.3379999999999999,0.043,0.1983677587152004,0.1644736842105263,0.977375094077462,0.2173143008194554,0.3318169831223629,0.1785340783458332,1,1,,,,
0947cdc8e87a0a45a012aa387ccedbcd,2019-01-18,0.0632633139303662,0.4966416444812987,0.0,0.0,0.000413051660901,0.5315315315315315,0.0009875106047488,0.2112676056338028,0.111315324128071,0.1795362688789619,0.687628423690925,0.607,0.347,0.046,0.1904587653514654,0.0789473684210526,0.959902738377815,0.160375363468147,0.2938422995780591,0.2094301849583171,1,1,,,,
0947cdc8e87a0a45a012aa387ccedbcd,2019-01-25,0.0571459561083191,0.519019770435997,0.0,0.0,0.0003823455477694,0.4954954954954955,0.0008349569246667,0.2065727699530516,0.1294537040520711,0.1667730270155286,0.6600098706811738,0.639,0.315,0.046,0.1873695198329853,0.0592105263157894,0.9892896427951138,0.1908538197197991,0.3236814345991561,0.2551169809065647,0,1,,,,
0947cdc8e87a0a45a012aa387ccedbcd,2019-01-30,0.0475469105896814,0.4882468467682102,0.0,0.0,0.0002751473308748,0.5405405405405406,0.0007689232670536,0.1877934272300469,0.1552880093306745,0.183152520740268,0.7140599143895822,0.652,0.306,0.0409999999999999,0.1930027641385101,0.0723684210526315,0.0031725814855554,0.1978324081416864,0.321875,0.23671078973317,0,1,,,,
0947cdc8e87a0a45a012aa387ccedbcd,2019-02-02,0.0474167540402762,0.5032819796622006,0.0,0.0,0.0002878069204637,0.5315315315315315,0.000269598514146,0.1971830985915493,0.1598009706911471,0.1884705381833652,0.6919508788454528,0.6729999999999999,0.2769999999999999,0.05,0.1889207030475501,0.0789473684210526,0.9916632895270076,0.1975416336241078,0.3173523206751055,0.2217706994950249,1,1,,,,
0947cdc8e87a0a45a012aa387ccedbcd,2019-02-07,0.0492136375140099,0.5395255968227645,0.0,0.0,0.0002804271550509,0.5225225225225225,0.000264755235509,0.2018779342723004,0.1506941570412732,0.1761327377153796,0.6367718356563842,0.713,0.231,0.0559999999999999,0.1522710838455347,0.1184210526315789,0.9805476755630176,0.2101771081152524,0.3083069620253165,0.2236531508650312,1,1,,,,
0947cdc8e87a0a45a012aa387ccedbcd,2019-02-09,0.0498210347445677,0.546779121023,0.0,0.0,0.0002780422428463,0.5315315315315315,0.0002636547811819,0.2159624413145539,0.1624628466082245,0.1786853860880663,0.6255076465521968,0.772,0.173,0.055,0.1510639600657795,0.125,0.9583164476350372,0.2140629130319851,0.2965585443037975,0.2234141094212209,0,1,,,,
0947cdc8e87a0a45a012aa387ccedbcd,2019-02-16,0.0073466141219856,0.6488456334831755,0.0,0.0,6.370771654331662e-05,0.4684684684684685,7.238686195474176e-05,0.2159624413145539,0.1873132924489258,0.1757072963199319,0.5125270556661258,0.85,0.085,0.065,0.0979126089035583,0.1447368421052631,0.944028252185492,0.1936029606132699,0.3625659282700422,0.4993874563002361,0,1,,,,
0947cdc8e87a0a45a012aa387ccedbcd,2019-02-22,0.0079250876748978,0.6327259634268756,0.0,0.0,6.690037404345907e-05,0.4594594594594594,7.197739057723571e-05,0.2112676056338028,0.1993810903344746,0.1925122314401191,0.5358392820853588,0.866,0.074,0.06,0.1036653992838898,0.1184210526315789,0.9519712846639264,0.159503039915411,0.3679852320675105,0.4779334867182598,0,1,,,,
0947cdc8e87a0a45a012aa387ccedbcd,2019-02-27,0.0154307820239343,0.5964146990791255,0.0,0.0,0.0001352010364641,0.4954954954954955,4.379424342232697e-05,0.1784037558685446,0.1917340757741074,0.2042118698149329,0.5828185633320323,0.7929999999999999,0.119,0.088,0.1353626036551941,0.1052631578947368,0.9845191918022348,0.1497224425059476,0.3707014767932489,0.4760809155287298,0,1,,,,
0947cdc8e87a0a45a012aa387ccedbcd,2019-03-02,0.016052641093315,0.6010234364771091,0.0,0.0,0.0001365354867212,0.5315315315315315,4.342315998646212e-05,0.1830985915492957,0.17510440573385,0.2246330567964262,0.5754510352925237,0.7759999999999999,0.14,0.084,0.1453344957488249,0.0986842105263157,0.0023736467318937,0.12802008987576,0.3155458860759493,0.1214330534556428,0,1,,,,
0947cdc8e87a0a45a012aa387ccedbcd,2019-03-05,0.0157850970750931,0.5992689739449222,0.0,0.0,0.0001378974514165,0.5405405405405406,4.33207921420856e-05,0.1830985915492957,0.1674874901237819,0.2361199744735162,0.57828321113258,0.752,0.148,0.1,0.159038557982762,0.1118421052631579,0.999606322005442,0.1191911181601903,0.3092167721518987,0.144112110437147,1,1,,,,
0947cdc8e87a0a45a012aa387ccedbcd,2019-03-14,0.1067319859720163,0.612204861868808,0.0,0.0,0.0005171810352677,0.3693693693693693,0.1510966081751946,0.2112676056338028,0.1612532450430791,0.2316528398213146,0.4780183801115451,0.347,0.048,0.033,0.1080302888932949,0.1184210526315789,0.9964337405198864,0.1571768437747819,0.3363396624472574,0.1449188753100068,0,0,,,,
0947cdc8e87a0a45a012aa387ccedbcd,2019-03-19,0.1835026573628836,0.6023021865316633,0.0,0.0,0.0008925526555892,0.2882882882882883,0.2449511139480084,0.2394366197183098,0.1542345460702057,0.1986811316741119,0.4241618791712498,0.061,0.01,0.0,0.086651951808353,0.1184210526315789,0.9892896427951138,0.161908538197198,0.360759493670886,0.1880060955568172,0,0,,,,
0947cdc8e87a0a45a012aa387ccedbcd,2019-03-22,0.1968834737336852,0.5666717583904335,0.0,0.0,0.0009291507891488,0.2792792792792793,0.2629768245406382,0.2488262910798122,0.1595470107979984,0.1918740693469474,0.4648929547206694,0.0,0.0,0.0,0.0826734001236281,0.1513157894736842,0.9670584148671336,0.147026169706582,0.4258570675105485,0.4209519825499747,0,0,,,,
0947cdc8e87a0a45a012aa387ccedbcd,2019-03-27,0.1849343794063415,0.5448500851045259,0.0,0.0,0.0031109130866415,0.3693693693693693,0.1885711663269472,0.2065727699530516,0.1621787877647767,0.1905977451606041,0.5078110635497679,0.15,0.121,0.0139999999999999,0.1047150721358509,0.1776315789473684,0.975788803334684,0.1435897435897436,0.3887790084388185,0.4778139659963546,1,1,,,,
0947cdc8e87a0a45a012aa387ccedbcd,2019-03-31,0.1129975776419971,0.5747479596735476,0.0,0.0,0.0027657719727326,0.4504504504504504,0.1135019725419882,0.1924882629107981,0.1851837917152639,0.1937885556264624,0.5277943543574541,0.319,0.215,0.037,0.0993209199799395,0.1644736842105263,0.9765761593238004,0.1447792757071107,0.3779272151898734,0.4793378552006455,1,1,,,,
0947cdc8e87a0a45a012aa387ccedbcd,2019-04-05,0.039459127228027,0.6436215248985293,0.0,0.0,0.0024757629145472,0.5495495495495495,0.0195936852629351,0.1924882629107981,0.1748241092591895,0.2078281216762391,0.491595405294685,0.52,0.355,0.053,0.1127581903640032,0.1052631578947368,0.9972210965090024,0.098466825270949,0.3173523206751055,0.1970896704216093,0,1,,,,
0947cdc8e87a0a45a012aa387ccedbcd,2019-04-09,0.0032069127589573,0.6754964430672544,0.0,0.0,7.433516833280281e-05,0.5765765765765766,5.076805282047692e-05,0.2112676056338028,0.175971631739343,0.200382897255903,0.4768248663748471,0.599,0.348,0.053,0.1065665784163935,0.0855263157894736,0.0023736467318937,0.1290774517578641,0.3444752109704641,0.1341620103385424,0,1,,,,
0947cdc8e87a0a45a012aa387ccedbcd,2019-04-17,0.0012401026790556,0.5942390782525205,0.0,0.0,8.744776349497608e-05,0.5855855855855856,6.340408361070274e-05,0.1784037558685446,0.2031998946536739,0.2373962986598596,0.5986955217429171,0.715,0.245,0.04,0.1313199052961826,0.1118421052631579,0.0158744861923232,0.1334919376156489,0.3254878691983122,0.1553769384767084,0,1,,,,
0947cdc8e87a0a45a012aa387ccedbcd,2019-04-23,0.0030478325319064,0.5336010125256405,0.0,0.0,9.234631616909432e-05,0.5765765765765766,6.485642740279452e-05,0.1549295774647887,0.2246322284510327,0.2588810891299723,0.6867187726807932,0.654,0.307,0.039,0.1392609719970609,0.0921052631578947,0.0277890349099751,0.1352101506740682,0.310126582278481,0.1763827053515403,1,1,,,,
0947cdc8e87a0a45a012aa387ccedbcd,2019-05-02,0.0057088108753027,0.5918452406930562,0.0,0.0,7.455233586359121e-05,0.5135135135135136,6.786988082162812e-05,0.2018779342723004,0.224852327025095,0.2088917251648585,0.598243921950653,0.5479999999999999,0.415,0.037,0.114106728402981,0.0855263157894736,0.9956348057662248,0.1289188474755485,0.3263976793248945,0.1350285355723548,0,1,,,,
0947cdc8e87a0a45a012aa387ccedbcd,2019-05-08,0.0045193246321269,0.6430868939030246,0.0,0.0,7.275014015560066e-05,0.5315315315315315,6.589290182710672e-05,0.2159624413145539,0.2199988712893638,0.1737928100404169,0.5235622191613791,0.53,0.412,0.0579999999999999,0.1028606500973863,0.0723684210526315,0.9900769987842296,0.0844039122389637,0.3327267932489451,0.1199390444318283,0,1,,,,
0947cdc8e87a0a45a012aa387ccedbcd,2019-05-11,0.0285765935138652,0.609267664644525,0.0,0.0,0.0002435725476201,0.5405405405405406,6.605285158394503e-05,0.2112676056338028,0.217788479626773,0.1842161242288874,0.5520936488940644,0.5379999999999999,0.401,0.06,0.1090697565925286,0.0855263157894736,0.9988073872517802,0.0986782976473698,0.3381460970464135,0.1511638330295515,1,1,,,,
0947cdc8e87a0a45a012aa387ccedbcd,2019-05-13,0.0282367403015293,0.5964408850870685,0.0,0.0,0.0002443861888667,0.5405405405405406,6.606564756449207e-05,0.2018779342723004,0.2206817412242748,0.1931503935332907,0.571354380034128,0.541,0.3979999999999999,0.061,0.1129812458450449,0.0789473684210526,0.0031725814855554,0.0896642876024319,0.3327267932489451,0.1499985059909762,1,1,,,,
0947cdc8e87a0a45a012aa387ccedbcd,2019-05-18,0.0323439025272063,0.5349168594247806,0.0,0.0,0.0002569357207024,0.5675675675675675,6.122236892742831e-05,0.1830985915492957,0.1915647691786749,0.2197404807487768,0.6586357170275701,0.433,0.521,0.046,0.1446974026428429,0.0855263157894736,0.0039599374746714,0.0882104150145387,0.3182621308016877,0.1453969581976275,1,1,,,,
0947cdc8e87a0a45a012aa387ccedbcd,2019-05-24,0.0096822010918688,0.5329965521756208,0.0,0.0,8.245880623790522e-05,0.5225225225225225,4.5419332951804114e-05,0.1784037558685446,0.2430113999774258,0.2091044458625824,0.681693112135454,0.45,0.509,0.0409999999999999,0.1406532464048704,0.0789473684210526,0.0015862907427777,0.1032249537404176,0.310126582278481,0.169958466549138,0,1,,,,
0947cdc8e87a0a45a012aa387ccedbcd,2019-05-27,0.0136266676307892,0.5078536202155982,0.0,0.0,8.804915050331315e-05,0.5045045045045045,6.474766156814447e-05,0.1830985915492957,0.2527766281650928,0.2235694533078068,0.7153405223719311,0.49,0.466,0.044,0.1419216011009901,0.0789473684210526,0.0015862907427777,0.1062913031985197,0.3119330168776371,0.1480861744404936,0,1,,,,
0947cdc8e87a0a45a012aa387ccedbcd,2019-05-29,0.0118370150764669,0.5064002967747567,0.0,0.0,8.245585826237416e-05,0.4774774774774775,6.494599926662396e-05,0.1830985915492957,0.2635727454005042,0.2329291640076579,0.7190855749349212,0.537,0.416,0.047,0.1370799850713194,0.0789473684210526,0.0095177444566664,0.0919111816019032,0.321875,0.1512833537514566,0,1,,,,
0947cdc8e87a0a45a012aa387ccedbcd,2019-06-01,0.007389999638454,0.5798978745690219,0.0,0.0,6.781228114106824e-05,0.4234234234234234,4.960361859069408e-05,0.2018779342723004,0.272083223597577,0.1967666453945968,0.6144079688009058,0.611,0.3389999999999999,0.05,0.1120511190678905,0.0789473684210526,0.9980200312626644,0.0920697858842188,0.330920358649789,0.1505363492395494,0,0,,,,
0947cdc8e87a0a45a012aa387ccedbcd,2019-06-06,0.0720886510719838,0.5221424518832103,0.0,0.0,0.0037806076360089,0.3693693693693693,0.0563935625443632,0.2065727699530516,0.2228187666955115,0.1954903212082535,0.642058778938676,0.684,0.209,0.107,0.1220113481298328,0.0921052631578947,0.9694320615990274,0.1989162040708432,0.3851661392405063,0.4162010338542445,0,0,,,,
0947cdc8e87a0a45a012aa387ccedbcd,2019-06-15,0.1152970100148233,0.566145856064243,0.0,0.0,0.0039174949144768,0.2342342342342342,0.2249134721399929,0.1971830985915493,0.2103465141653185,0.1699638374813869,0.5384617865932924,0.89,0.043,0.067,0.1231178782612752,0.0657894736842105,0.9797603195739016,0.2140100449378799,0.384256329113924,0.4120775689485165,0,1,,,,
0947cdc8e87a0a45a012aa387ccedbcd,2019-06-17,0.1365522976246429,0.6000392790119146,0.0,0.0,0.0039778124591594,0.2252252252252252,0.2623499238616765,0.2065727699530516,0.1979344595357236,0.1576260370134014,0.4693992755049047,1.0,0.0,0.0,0.1042995766319497,0.0986842105263157,0.9734035778382448,0.2076394395982025,0.3896888185654008,0.4186512086533003,0,1,,,,
0947cdc8e87a0a45a012aa387ccedbcd,2019-06-19,0.0991792906468057,0.6332911447649805,0.0,0.0,0.0003635325505887,0.2162162162162162,0.2623594248772327,0.2206572769953051,0.206183453102073,0.1497553711976175,0.4535868313500575,1.0,0.0,0.0,0.107932611002904,0.0789473684210526,0.999606322005442,0.0975416336241078,0.351714135021097,0.1434846266471449,1,1,,,,
0947cdc8e87a0a45a012aa387ccedbcd,2019-06-22,0.1156910951227448,0.5892637367433337,0.0,0.0,0.0004860219165629,0.2342342342342342,0.2624075569580604,0.2347417840375587,0.1955679295684563,0.1472027228249308,0.5039369824747023,1.0,0.0,0.0,0.1262975122753408,0.1052631578947368,0.9916632895270076,0.0983610890827385,0.3589398734177215,0.157707592553859,1,1,,,,
0947cdc8e87a0a45a012aa387ccedbcd,2019-06-25,0.1230268628656133,0.5587483088203202,0.0,0.0,0.0005216462355388,0.2432432432432432,0.262471402503,0.2394366197183098,0.2106211670867978,0.1554988300361625,0.5425003790212541,1.0,0.0,0.0,0.13403301804271,0.1118421052631579,0.9964337405198864,0.118873909595559,0.3661787974683544,0.1507753906833597,1,1,,,,
0947cdc8e87a0a45a012aa387ccedbcd,2019-06-30,0.0976137965942369,0.5945685855191375,0.0,0.0,0.0004292556997367,0.2342342342342342,0.2624825286080857,0.2535211267605634,0.2313875616087889,0.1497553711976175,0.5122270643755503,1.0,0.0,0.0,0.115993223778589,0.0986842105263157,0.9749898685810224,0.1103621464446206,0.3589398734177215,0.1076582902560731,0,1,,,,
0947cdc8e87a0a45a012aa387ccedbcd,2019-07-01,0.0865179507574388,0.6023349190415922,0.0,0.0,0.0003996825918676,0.2252252252252252,0.2624825286080857,0.2535211267605634,0.2451352571579066,0.1503935332907892,0.510646465102626,0.929,0.0,0.0,0.1126444758050407,0.1052631578947368,0.9805476755630176,0.12802008987576,0.3625659282700422,0.1043117100427286,0,1,,,,
0947cdc8e87a0a45a012aa387ccedbcd,2019-07-09,0.1937380237897248,0.5895757866713218,0.0,0.0,0.0011928973159865,0.1891891891891892,0.2618320513349659,0.2300469483568075,0.184395575454306,0.1518825781748564,0.4338454690025128,0.7140000000000001,0.0,0.0,0.1053725755472877,0.0855263157894736,0.9789613848202398,0.0975416336241078,0.3399525316455696,0.1136343263513311,0,1,,,,
0947cdc8e87a0a45a012aa387ccedbcd,2019-07-11,0.2051086445641563,0.5890280626718457,0.0,0.0,0.0011907354672638,0.1891891891891892,0.2617678794925224,0.2206572769953051,0.1720681741224274,0.1461391193363114,0.4245070304410517,0.7140000000000001,0.0,0.0,0.1070039421047106,0.0855263157894736,0.9813466103166792,0.0927042030134813,0.3318169831223629,0.1269608868437565,0,0,,,,
0947cdc8e87a0a45a012aa387ccedbcd,2019-07-19,0.2083770201381105,0.5994544581678525,0.0,0.0,0.0009931238234899,0.1801801801801802,0.243389287746356,0.2159624413145539,0.1415045712780767,0.1225271218889598,0.4061785303007332,0.7859999999999999,0.0,0.0,0.0953394525372925,0.0657894736842105,0.9702309963526892,0.0787470261697066,0.3146360759493671,0.1083156542265515,0,0,,,,
0947cdc8e87a0a45a012aa387ccedbcd,2019-07-25,0.3294262265447051,0.4949962903155413,0.0,0.0,0.0018806020305317,0.2342342342342342,0.2444421154338073,0.2347417840375587,0.1478441626848263,0.1191235907253775,0.4525868603814728,0.643,0.0,0.0,0.1178913821858854,0.0855263157894736,0.9726162218491288,0.0981496167063177,0.3354430379746835,0.1210744912899274,0,0,,,,
0947cdc8e87a0a45a012aa387ccedbcd,2019-08-06,0.4218554539209661,0.4749901802470214,0.0,0.0,0.0021963478977618,0.2702702702702703,0.2551748976694239,0.3849765258215962,0.1006659392753677,0.1001914486279515,0.3996948475689415,0.214,0.0,0.0,0.1062750026241821,0.4013157894736842,0.9845191918022348,0.4842981760507533,0.5931170886075949,0.6366868855887889,0,0,,,,
0947cdc8e87a0a45a012aa387ccedbcd,2020-01-07,0.0,0.6987845327979749,0.0,0.0,0.0,0.0,0.0,0.4835680751173709,0.0810094435456563,0.0712614337375026,0.4452612666083888,0.0,0.0,0.0,0.1359880337294876,0.3947368421052631,0.8892491171192034,0.126883425852498,0.5063291139240506,0.3442196790868617,0,0,,,,
0947cdc8e87a0a45a012aa387ccedbcd,2020-01-10,0.0131168878122853,0.6883777768079258,0.0,0.0,0.0,0.0,0.0,0.3427230046948357,0.1609353248805448,0.1910231865560518,0.4489418049153411,0.0,0.0,0.0,0.115433398257543,0.2697368421052631,0.9159265906327796,0.0957441184245308,0.3848101265822784,0.3268294140496609,0,0,,,,
0947cdc8e87a0a45a012aa387ccedbcd,2020-01-16,0.0169673523988575,0.6916335704621831,0.0,0.0,0.0,0.0,0.0,0.3145539906103285,0.1994525753414349,0.2233567326100829,0.4406936572809176,0.0,0.0,0.0,0.1203945603620204,0.1907894736842105,0.9246106640421468,0.1031192175522072,0.3670886075949367,0.2506648340155974,0,1,,,,
0947cdc8e87a0a45a012aa387ccedbcd,2020-01-17,0.0162767995950685,0.6952734255662726,0.0,0.0,0.0,0.0,0.0,0.3098591549295774,0.2003517814816208,0.2186768772601574,0.4359292794725314,0.0,0.0,0.0,0.1215287901937229,0.1842105263157894,0.9272274648295028,0.1006872852233677,0.3649789029535865,0.2405055726536588,0,1,,,,
0947cdc8e87a0a45a012aa387ccedbcd,2020-01-20,0.0139520590043023,0.6924126041984899,0.0,0.0,0.0,0.0,0.0,0.2769953051643192,0.2262011362353737,0.2329291640076579,0.4422323222874174,0.0,0.0,0.0,0.1287831959039432,0.0789473684210526,0.942441961442714,0.0842453079566481,0.3462816455696202,0.1356560193623569,0,0,,,,
0947cdc8e87a0a45a012aa387ccedbcd,2020-01-25,0.012260023862034,0.72355213197748,0.0,0.0,0.0,0.0,0.0,0.2816901408450704,0.2353455735731216,0.1937885556264624,0.3977110341957814,0.0,0.0,0.0,0.1255510782472796,0.0723684210526315,0.9487871244138252,0.0892413428495902,0.3589398734177215,0.1103475064989392,1,1,,,,
0947cdc8e87a0a45a012aa387ccedbcd,2020-01-26,0.012260023862034,0.7121132108410073,0.0,0.0,0.0,0.0,0.0,0.2676056338028169,0.2429060536513789,0.1880450967879174,0.4146202207032698,0.0,0.0,0.0,0.1352372260645432,0.0789473684210526,0.9583164476350372,0.1305048902987047,0.3526107594936709,0.0780470314040696,1,1,,,,
0947cdc8e87a0a45a012aa387ccedbcd,2020-01-27,0.01136338985502,0.717217300222581,0.0,0.0,0.0,0.0,0.0,0.2676056338028169,0.240007148500696,0.1823016379493724,0.4078752552345254,0.0,0.0,0.0,0.1324555930068462,0.0789473684210526,0.9575290916459214,0.1314565159925984,0.3553270042194093,0.0698001015926136,0,0,,,,
0947cdc8e87a0a45a012aa387ccedbcd,2020-01-31,0.0050182580715137,0.7166128398725614,0.0,0.0,0.0,0.0,0.0,0.2535211267605634,0.2432615975017871,0.1786853860880663,0.4144299036479586,0.0,0.0,0.0,0.1302804375969489,0.0592105263157894,0.9638742546170324,0.1103621464446206,0.3471914556962025,0.0823497773926554,0,0,,,,
0947cdc8e87a0a45a012aa387ccedbcd,2020-02-02,0.0093387324198271,0.706350106926199,0.0,0.0,0.0,0.0,0.0,0.2582159624413145,0.2470804018209864,0.1848542863220591,0.425745704156976,0.0,0.0,0.0,0.128777364388099,0.0592105263157894,0.9630868986279164,0.1061855670103092,0.3508043248945147,0.086323841396002,0,0,,,,
0947cdc8e87a0a45a012aa387ccedbcd,2020-02-05,0.0076069272207961,0.7016082573211713,0.0,0.0,0.0,0.0,0.0,0.2488262910798122,0.2579875089356259,0.1982556902786641,0.4343002945075788,0.0,0.0,0.0,0.1284522573797833,0.0592105263157894,0.9718172870954668,0.1053661115516785,0.3499077004219409,0.074790091732154,0,0,,,,
0947cdc8e87a0a45a012aa387ccedbcd,2020-02-08,0.0387215734480639,0.6455309213110463,0.0,0.0,0.0,0.0,0.0,0.2300469483568075,0.2515369276496482,0.2259093809827696,0.4894341777174211,0.0,0.0,0.0,0.1339484610629687,0.0657894736842105,0.9924622242806692,0.1439862542955326,0.3553270042194093,0.0814533719783667,0,0,,,,
0947cdc8e87a0a45a012aa387ccedbcd,2020-02-11,0.0620087494124877,0.6471457251342034,0.0,0.0,0.0,0.0,0.0,0.2394366197183098,0.2517570262237104,0.2295256328440757,0.4662735597998767,0.0,0.0,0.0,0.1228175551952974,0.0657894736842105,0.9900769987842296,0.1191911181601903,0.3625659282700422,0.0723996772940508,0,1,,,,
0947cdc8e87a0a45a012aa387ccedbcd,2020-02-19,0.0721501138869807,0.6649696678741325,0.0,0.0,0.0,0.0,0.0,0.2629107981220657,0.259020279167764,0.1916613486492235,0.4308713617991735,0.0,0.0,0.0,0.1078990797867997,0.0789473684210526,0.9813466103166792,0.1248215701823949,0.3743143459915612,0.084471270206472,0,0,,,,
0947cdc8e87a0a45a012aa387ccedbcd,2020-02-23,0.0319570483386962,0.7460350019639507,0.0,0.0,0.0,0.0,0.0,0.2769953051643192,0.2615956206027314,0.1633694958519463,0.3469028318532687,0.0,0.0,0.0,0.0824969967693402,0.0526315789473684,0.9591153823886992,0.0364261168384879,0.3670886075949367,0.0796605611497893,0,0,,,,
0947cdc8e87a0a45a012aa387ccedbcd,2020-03-04,0.0295997686105788,0.6950595731680705,0.0,0.0,0.0,0.0,0.0,0.2629107981220657,0.2511023740547048,0.1935758349287385,0.4243586476521649,0.0,0.0,0.0,0.1251647403225994,0.0592105263157894,0.9622879638742546,0.058102035421623,0.3526107594936709,0.0582364717482893,0,0,,,,
0947cdc8e87a0a45a012aa387ccedbcd,2020-03-07,0.1547669836219675,0.6550408065290445,0.0,0.0,0.0,0.0,0.0,0.2769953051643192,0.2108882952707024,0.183152520740268,0.3718408175246525,0.0,0.0,0.0,0.1104459943317665,0.1052631578947368,0.9464134776819314,0.1105471847739889,0.3508043248945147,0.076224340395016,0,0,,,,
0947cdc8e87a0a45a012aa387ccedbcd,2020-03-12,0.1648613471202863,0.647344302361105,0.0,0.0,0.0,0.0,0.0,0.2535211267605634,0.2274370743820309,0.1682620718995958,0.374211716434039,0.0,0.0,0.0,0.1027935876651777,0.1184210526315789,0.9710183523418052,0.1597938144329897,0.3544303797468354,0.0957360982460334,0,0,,,,
0947cdc8e87a0a45a012aa387ccedbcd,2020-03-18,0.1651578148161538,0.6741173133155852,0.0,0.0,0.0,0.0,0.0,0.2488262910798122,0.2276195492682192,0.150606253988513,0.3343677119051382,0.0,0.0,0.0,0.0645767485800258,0.1118421052631579,0.988490708041452,0.1654242664551942,0.3688950421940928,0.0852481548988556,0,0,,,,
0947cdc8e87a0a45a012aa387ccedbcd,2020-03-22,0.097104016775733,0.6965325361148693,0.0,0.0,0.0,0.0,0.0,0.2253521126760563,0.2321437977350539,0.1433737502659008,0.3619540077868707,0.0,0.0,0.0,0.0759569517500379,0.0592105263157894,0.0158744861923232,0.0952947396246365,0.3752241561181434,0.0836943855140885,0,0,,,,
0947cdc8e87a0a45a012aa387ccedbcd,2020-03-26,0.1826638707111609,0.6641382621219396,0.0,0.0,0.0,0.0,0.0,0.2535211267605634,0.2100549305842959,0.1395447777068708,0.3335032208742327,0.0,0.0,0.0,0.0674720961966853,0.0855263157894736,0.9948474497771088,0.1031720856463124,0.3788370253164557,0.0722801565721457,0,0,,,,
0947cdc8e87a0a45a012aa387ccedbcd,2020-03-30,0.1790773346831049,0.6805612534369134,0.0,0.0,0.0,0.0,0.0,0.2535211267605634,0.212410173445201,0.122101680493512,0.312423187713905,0.0,0.0,0.0,0.0662722618117353,0.0855263157894736,0.9861054825450124,0.0998678297647369,0.3715981012658228,0.0891325783607733,0,0,,,,
0947cdc8e87a0a45a012aa387ccedbcd,2020-04-11,0.0044687081962471,0.7450290228254702,0.0,0.0,0.0,0.0,0.0,0.2112676056338028,0.3282535084088942,0.1423101467772814,0.3729149798876807,0.0,0.0,0.0,0.0757645117271783,0.0789473684210526,0.9734035778382448,0.049563838223632,0.310126582278481,0.1449487554904831,0,0,,,,
0947cdc8e87a0a45a012aa387ccedbcd,2020-04-15,0.0031020644274919,0.7600008728669315,0.0,0.0,0.0,0.0,0.0,0.2159624413145539,0.318286993491102,0.1359285258455647,0.3520026837930511,0.0,0.0,0.0,0.0742803909448222,0.0789473684210526,0.9686447056099114,0.0566217287866772,0.3083069620253165,0.1403472076971345,0,0,,,,
0947cdc8e87a0a45a012aa387ccedbcd,2020-04-20,0.0062945153476264,0.7657421551084536,0.0,0.0,0.0,0.0,0.0,0.2206572769953051,0.2796681590729523,0.1384811742182514,0.3406643032944204,0.0,0.0,0.0,0.072593624986879,0.0723684210526315,0.9583164476350372,0.0499867829764736,0.3046940928270042,0.1238234678937461,0,0,,,,
0947cdc8e87a0a45a012aa387ccedbcd,2020-04-30,0.0923099172059727,0.6996443067254395,0.0,0.0,0.0,0.0,0.0,0.2300469483568075,0.1720455999097031,0.131674111891087,0.361631436506682,0.0,0.0,0.0,0.0700423368050291,0.0657894736842105,0.9527586406530424,0.0602167591858313,0.3074103375527426,0.0966026234798458,0,0,,,,
0947cdc8e87a0a45a012aa387ccedbcd,2020-05-06,0.1605661809899128,0.6683891240780344,0.0,0.0,0.0,0.0,0.0,0.2300469483568075,0.1823074607773054,0.1235907253775792,0.3469350889812876,0.0,0.0,0.0,0.0854127546914544,0.0723684210526315,0.9567301568922596,0.075178429817605,0.3119330168776371,0.1312636328323423,0,0,,,,
0947cdc8e87a0a45a012aa387ccedbcd,2020-05-11,0.1096460464948118,0.7458276960677346,0.0,0.0,0.0,0.0,0.0,0.2394366197183098,0.1836242898528914,0.1097638800255264,0.277895157882513,0.0,0.0,0.0,0.0639600657794987,0.0723684210526315,0.9519712846639264,0.0850383293682262,0.3164556962025316,0.1379866734395076,0,0,,,,
0947cdc8e87a0a45a012aa387ccedbcd,2020-05-21,0.093166781156224,0.6799458822502509,0.0,0.0,0.0,0.0,0.0,0.2629107981220657,0.1751194552089995,0.1082748351414592,0.3899854520352634,0.0,0.0,0.0,0.0745194830944355,0.0657894736842105,0.9178255080182944,0.0856198784033835,0.3046940928270042,0.112379358771327,0,0,,,,
0947cdc8e87a0a45a012aa387ccedbcd,2020-05-27,0.1035720741892331,0.623883821411426,0.0,0.0,0.0,0.0,0.0,0.2582159624413145,0.1607453252567816,0.0987024037438842,0.4635704124718959,0.0,0.0,0.0,0.1012628147560677,0.1052631578947368,0.9305274127250625,0.1298969072164948,0.3119330168776371,0.0961245405922252,0,0,,,,
0947cdc8e87a0a45a012aa387ccedbcd,2020-06-05,0.1124805669040818,0.6648889276829747,0.0,0.0,0.0,0.0,0.0,0.2159624413145539,0.2029290041009819,0.0997660072325037,0.3950078868678006,0.0,0.0,0.0,0.0956703910614525,0.131578947368421,0.9765761593238004,0.1607190060798308,0.3209651898734177,0.0967221442017509,0,0,,,,
0947cdc8e87a0a45a012aa387ccedbcd,2020-06-09,0.0873133518926931,0.5730720551651902,0.0,0.0,0.0,0.0,0.0,0.2112676056338028,0.1663456111968095,0.0797702616464582,0.5531903912467058,0.0,0.0,0.0,0.1856419332641326,0.1513157894736842,0.9464134776819314,0.2374306106264869,0.3598496835443038,0.409358472525174,0,0,,,,
0947cdc8e87a0a45a012aa387ccedbcd,2020-06-19,0.0839618207455078,0.4508117662462358,0.0,0.0,0.0,0.0,0.0,0.2816901408450704,0.1109221565897889,0.0689215060625398,0.7369076381653435,0.0,0.0,0.0,0.326471583023291,0.1578947368421052,0.9114803450471836,0.211208035950304,0.3987341772151898,0.4123763707532794,0,0,,,,
0947cdc8e87a0a45a012aa387ccedbcd,2020-06-22,0.1394808199862612,0.5493147994588223,0.0,0.0,0.0,0.0,0.0,0.3145539906103285,0.1445840701305542,0.0806211444373537,0.5417649165024241,0.0,0.0,0.0,0.2245775066770856,0.1381578947368421,0.9329126382215016,0.1722178165477134,0.3770305907172996,0.1972988316849434,0,0,,,,
0947cdc8e87a0a45a012aa387ccedbcd,2020-06-30,0.1322028995986839,0.6323353554750577,0.0,0.0,0.0,0.0,0.0,0.3004694835680751,0.1474114902742767,0.062965326526271,0.4255328071120515,0.0,0.0,0.0,0.1131386967728391,0.1184210526315789,0.9114803450471836,0.2695744118424531,0.4195279535864978,0.4280634655033317,0,0,,,,
0947cdc8e87a0a45a012aa387ccedbcd,2020-07-18,0.5377128601901732,0.4804936062497272,0.0,0.0,0.0,0.0,0.0,0.2347417840375587,0.1472929756574739,0.0821101893214209,0.2881948588589363,0.0,0.0,0.0,0.0813219463267281,0.1052631578947368,0.0,0.1688606925720328,0.3652689873417721,0.1437535482714315,0,0,,,,
0947cdc8e87a0a45a012aa387ccedbcd,2020-07-28,0.6375284717451825,0.3975712477632784,0.0,0.0,0.0,0.0,0.0,0.2910798122065727,0.0767278678656081,0.0416932567538821,0.3217196920089417,0.0,0.0,0.0,0.0978892828401814,0.0921052631578947,0.9805476755630176,0.1458102035421623,0.4032436708860759,0.1477873726357307,0,0,,,,
0947cdc8e87a0a45a012aa387ccedbcd,2020-08-03,0.6465490437109079,0.401994500938332,0.0,0.0,0.0,0.0,0.0,0.2629107981220657,0.1593758230181722,0.108700276536907,0.3071330187188114,0.0,0.0,0.0,0.0673015243582416,0.1118421052631579,0.9924622242806692,0.1433518371662701,0.3878823839662447,0.1796396450234559,0,0,,,,
0947cdc8e87a0a45a012aa387ccedbcd,2020-08-15,0.2627463031924509,0.6447671627460395,0.0,0.0,0.0,0.0,0.0,0.2488262910798122,0.2111535422702133,0.1480536056158264,0.2906883348547945,0.0,0.0,0.0,0.0780839971542202,0.0657894736842105,0.9789613848202398,0.12741210679355,0.3571334388185654,0.1063136821346401,0,0,,,,
0947cdc8e87a0a45a012aa387ccedbcd,2020-08-18,0.0630933873241982,0.7712281237725309,0.0,0.0,0.0,0.0,0.0,0.2535211267605634,0.1949452575341435,0.1214635184003403,0.2818821389056447,0.0,0.0,0.0,0.074710465238334,0.0657894736842105,0.9861054825450124,0.1277557494052339,0.372507911392405,0.1043714704036812,0,1,,,,
0947cdc8e87a0a45a012aa387ccedbcd,2020-09-05,0.1914711305542499,0.6522629075197487,0.0,0.0,0.0,0.0,0.0,0.2300469483568075,0.1502652469995108,0.0961497553711976,0.343202939269505,0.0,0.0,0.0,0.0751376237739238,0.1184210526315789,0.0238175186707578,0.3253766851704996,0.3869725738396624,0.256491469208474,0,1,,,,
0947cdc8e87a0a45a012aa387ccedbcd,2020-09-09,0.1533135688202755,0.6619779164666347,0.0,0.0,0.0,0.0,0.0,0.2206572769953051,0.1719364912148688,0.1004041693256753,0.362883013073814,0.0,0.0,0.0,0.0842654039491025,0.1118421052631579,0.0389046488739651,0.3071636267512556,0.3978243670886076,0.2321988824812502,0,1,,,,
0947cdc8e87a0a45a012aa387ccedbcd,2020-09-11,0.1264940887233811,0.7076332213154105,0.0,0.0,0.0,0.0,0.0,0.2253521126760563,0.1468527785093494,0.0887045309508615,0.31932298739714,0.0,0.0,0.0,0.0799486243454123,0.1578947368421052,0.0603369420482834,0.2930742796722178,0.4249472573839662,0.338990647503511,0,1,,,,
0947cdc8e87a0a45a012aa387ccedbcd,2020-09-17,0.0516504573556527,0.7496137563828394,0.0,0.0,0.0,0.0,0.0,0.2629107981220657,0.1871157680875879,0.087640927462242,0.3240422052262999,0.0,0.0,0.0,0.0926496658541421,0.1513157894736842,0.0087303884675505,0.1879725085910653,0.4086761603375527,0.3067200525891176,0,1,,,,
0947cdc8e87a0a45a012aa387ccedbcd,2020-09-29,0.0009472504428938,0.7625016366254963,0.0,0.0,0.0,0.0,0.0,0.2535211267605634,0.2647597727529252,0.1444373537545203,0.3502285417520136,0.0,0.0,0.0,0.0927852485975204,0.1184210526315789,0.0023736467318937,0.2751784298176051,0.3905854430379746,0.256073146681806,0,0,,,,
0947cdc8e87a0a45a012aa387ccedbcd,2020-09-30,0.0009472504428938,0.7604656745079214,0.0,0.0,0.0,0.0,0.0,0.2488262910798122,0.2607791865758682,0.1525207402680281,0.3532381317961737,0.0,0.0,0.0,0.0948962573331311,0.1184210526315789,0.0087303884675505,0.2718213058419244,0.3905854430379746,0.256073146681806,0,1,,,,
0947cdc8e87a0a45a012aa387ccedbcd,2020-10-03,0.0013919519866951,0.7513769475843409,0.0,0.0,0.0,0.0,0.0,0.2394366197183098,0.2621844313179578,0.1710274409700063,0.3662764629413984,0.0,0.0,0.0,0.1056043783020958,0.1118421052631579,0.017460776935101,0.2739360296061327,0.3914952531645569,0.2568799115546658,0,1,,,,
0947cdc8e87a0a45a012aa387ccedbcd,2020-10-09,0.0036552297624642,0.7184829572731637,0.0,0.0,0.0,0.0,0.0,0.2159624413145539,0.255654840287445,0.1986811316741119,0.4128815615030531,0.0,0.0,0.0,0.1132013855681645,0.1118421052631579,0.0484223933306316,0.2734073486650806,0.3996308016877637,0.2386828816446051,0,0,,,,
0947cdc8e87a0a45a012aa387ccedbcd,2020-10-13,0.0029574460392638,0.7257583031466854,0.0,0.0,0.0,0.0,0.0,0.2253521126760563,0.239484179239249,0.2227185705169113,0.402749597592328,0.0,0.0,0.0,0.1182981304160203,0.1118421052631579,0.0317489723846465,0.1482157018239492,0.3951081223628692,0.1384946365076045,0,1,,,,
0947cdc8e87a0a45a012aa387ccedbcd,2020-10-19,0.0030442170722007,0.7445249421725659,0.0,0.0,0.0,0.0,0.0,0.2394366197183098,0.2283569735505474,0.221229525632844,0.3749310503888597,0.0,0.0,0.0,0.1029801961721929,0.1184210526315789,0.016673420945985,0.1635474491144594,0.3896888185654008,0.13329548510473,1,1,,,,
0947cdc8e87a0a45a012aa387ccedbcd,2020-10-29,0.0046675584800607,0.7715794527124339,0.0,0.0,0.0,0.0,0.0,0.2253521126760563,0.2432371421046691,0.1999574558604552,0.3334903180230251,0.0,0.0,0.0,0.0950332979554705,0.1118421052631579,0.0023736467318937,0.0842453079566481,0.3580432489451477,0.1677473331938925,0,0,,,,
0947cdc8e87a0a45a012aa387ccedbcd,2020-11-02,0.0041360859033226,0.7756055514336838,0.0,0.0,0.0,0.0,0.0,0.2159624413145539,0.2234753000489108,0.1910231865560518,0.328013057685422,0.0,0.0,0.0,0.0934267153403855,0.1184210526315789,0.0023736467318937,0.0959820248480042,0.3499077004219409,0.1573191502076672,0,1,,,,
0947cdc8e87a0a45a012aa387ccedbcd,2020-11-08,0.0036046133265844,0.766556103522018,0.0,0.0,0.0,0.0,0.0,0.1924882629107981,0.2050058316716204,0.2220804084237396,0.3418642684567222,0.0,0.0,0.0,0.1012249099030802,0.1184210526315789,0.9845191918022348,0.2244514935236584,0.3860759493670886,0.3273672572982341,0,0,,,,
0947cdc8e87a0a45a012aa387ccedbcd,2020-11-16,0.0016269568675657,0.7782394273992931,0.0,0.0,0.0,0.0,0.0,0.2065727699530516,0.2007092065164227,0.257604764943629,0.3263582670180542,0.0,0.0,0.0,0.1071132830267899,0.125,0.9900769987842296,0.2745440126883425,0.4050632911392405,0.3217796635491678,0,1,,,,
0947cdc8e87a0a45a012aa387ccedbcd,2020-11-20,0.0016269568675657,0.7853838432330991,0.0,0.0,0.0,0.0,0.0,0.2159624413145539,0.1724594604763158,0.2322910019144862,0.3157972833046782,0.0,0.0,0.0,0.1063216547509359,0.1381578947368421,0.9869044172986744,0.2781654771345493,0.414095464135021,0.3144888995129531,0,1,,,,
0947cdc8e87a0a45a012aa387ccedbcd,2020-11-22,0.0288875230485556,0.7635381661065769,0.0,0.0,0.0,0.0,0.0,0.2206572769953051,0.1536250423266488,0.2084662837694107,0.3237680196381395,0.0,0.0,0.0,0.1075433573203018,0.1184210526315789,0.01111561396399,0.2224689399947132,0.3661787974683544,0.1531060447605103,0,0,,,,
0947cdc8e87a0a45a012aa387ccedbcd,2020-11-29,0.1156621714450992,0.6798084057085496,0.0,0.0,0.0,0.0,0.0,0.2159624413145539,0.1343579517664321,0.1597532439906402,0.3701182868884451,0.0,0.0,0.0,0.0811047223615306,0.1052631578947368,0.0269901001563133,0.3067142479513614,0.3770305907172996,0.3486419457973526,0,1,,,,
0947cdc8e87a0a45a012aa387ccedbcd,2020-12-11,0.2228677826385625,0.684892855584166,0.0,0.0,0.0,0.0,0.0,0.2488262910798122,0.1611347304262763,0.1140182939800042,0.2669535400585144,0.0,0.0,0.0,0.0448589356317281,0.0921052631578947,0.02223122792798,0.2938937351308485,0.4095727848101265,0.3133833328353304,0,0,,,,
0947cdc8e87a0a45a012aa387ccedbcd,2020-12-18,0.25570700314545,0.6238292672282112,0.0,0.0,0.0,0.0,0.0,0.2676056338028169,0.1441382294292486,0.0940225483939587,0.3279195120141673,0.0,0.0,0.0,0.0456899266395306,0.0986842105263157,0.9837318358131188,0.3218080888183981,0.384256329113924,0.3885618669136761,0,0,,,,
0947cdc8e87a0a45a012aa387ccedbcd,2020-12-19,0.3408366173758994,0.5759612447082443,0.0,0.0,0.0,0.0,0.0,0.2676056338028169,0.1352082471123819,0.0861518825781748,0.3227261144031302,0.0,0.0,0.0,0.0514864533886938,0.0986842105263157,0.9765761593238004,0.3213851440655564,0.3779272151898734,0.3902650372008247,0,1,,,,
0947cdc8e87a0a45a012aa387ccedbcd,2020-12-24,0.3730937488701688,0.5408152577139616,0.0,0.0,0.0,0.0,0.0,0.2535211267605634,0.1382557658301666,0.0995532865347798,0.3459028608846839,0.0,0.0,0.0,0.0496495258977618,0.0921052631578947,0.0007873559891159,0.3261697065820778,0.3896888185654008,0.3943586219260765,0,0,,,,
0947cdc8e87a0a45a012aa387ccedbcd,2021-01-01,0.3609458042590115,0.555533976345306,0.0,0.0,0.0,0.0,0.0,0.2065727699530516,0.1496801986530719,0.1231652839821314,0.3349805973374967,0.0,0.0,0.0,0.0500256586697146,0.125,0.0206333584206565,0.3236584721120804,0.4394119198312236,0.3013117399229091,0,0,,,,
0947cdc8e87a0a45a012aa387ccedbcd,2021-01-16,0.0561444737698398,0.6848863090821805,0.0,0.0,0.0,0.0,0.0,0.3192488262910798,0.1844802287520222,0.1123165283982131,0.4157169630559112,0.0,0.0,0.0,,0.3289473684210526,0.9818792334857872,0.1740681998413957,0.4377637130801687,0.4465891773986315,0,1,,,,
0947cdc8e87a0a45a012aa387ccedbcd,2021-01-19,0.077707075454644,0.6652729891328067,0.0,0.0,0.0,0.0,0.0,0.295774647887324,0.1936510026712818,0.1293341842161242,0.4254682928560138,0.0,0.0,0.0,,0.3552631578947369,0.9791003299947896,0.1744118424530795,0.4071729957805907,0.4965189589745122,0,1,,,,
0947cdc8e87a0a45a012aa387ccedbcd,2021-01-29,0.0879496728008966,0.7504669838083183,0.0,0.0,0.0,0.0,0.0,0.2488262910798122,0.21358591369126,0.1427355881727292,0.2903980207026247,0.0,0.0,0.0,,0.1513157894736842,0.9932495802697852,0.1472112080359503,0.3761207805907173,0.1982549974601846,0,1,,,,
0947cdc8e87a0a45a012aa387ccedbcd,2021-01-30,0.0616797425792689,0.7651922489416488,0.0,0.0,0.0,0.0,0.0,0.2676056338028169,0.212312351856729,0.1320995532865347,0.2920657142212,0.0,0.0,0.0,,0.1513157894736842,0.9829329010594572,0.1066613798572561,0.3833597046413501,0.2163922670092927,0,0,,,,
0947cdc8e87a0a45a012aa387ccedbcd,2021-01-31,0.0364004483170035,0.7784205472875659,0.0,0.0,0.0,0.0,0.0,0.2723004694835681,0.1969393129914594,0.1223144011912359,0.2950688528397562,0.0,0.0,0.0,,0.131578947368421,0.9845191918022348,0.1079566481628337,0.3905854430379746,0.174081931454866,0,1,,,,
0947cdc8e87a0a45a012aa387ccedbcd,2021-02-09,0.0655627463031924,0.7179701479509448,0.0,0.0,0.0,0.0,0.0,0.2816901408450704,0.1647089807742955,0.1274196979366092,0.3584057237047956,0.0,0.0,0.0,,0.1052631578947368,0.9797603195739016,0.2137721385144065,0.3942114978902953,0.2544596169360863,0,1,,,,
0947cdc8e87a0a45a012aa387ccedbcd,2021-02-12,0.0655627463031924,0.6988543621524897,0.0,0.0,0.0,0.0,0.0,0.2629107981220657,0.1617668083825576,0.1327377153797064,0.3866629678493204,0.0,0.0,0.0,,0.1118421052631579,0.9869044172986744,0.2079566481628337,0.3833597046413501,0.2593898467146742,0,1,,,,
0947cdc8e87a0a45a012aa387ccedbcd,2021-02-17,0.0673632452366318,0.7312464539780912,0.0,0.0,0.0,0.0,0.0,0.2676056338028169,0.1454061477105986,0.1280578600297809,0.3371708563299775,0.0,0.0,0.0,,0.0921052631578947,0.977375094077462,0.2095691250330425,0.3752241561181434,0.2344398960169719,1,1,,,,
0947cdc8e87a0a45a012aa387ccedbcd,2021-02-23,0.0032575291948371,0.8018177453847162,0.0,0.0,0.0,0.0,0.0,0.2347417840375587,0.1459253546032582,0.1335885981706019,0.2900528694328229,0.0,0.0,0.0,,0.0986842105263157,0.964673189370694,0.0725085910652921,0.3254878691983122,0.1209250903875459,0,1,,,,
0947cdc8e87a0a45a012aa387ccedbcd,2021-03-02,0.0025525145522253,0.8053768602976475,0.0,0.0,0.0,0.0,0.0,0.2253521126760563,0.1659392753677715,0.1646458200382897,0.2854175201365121,0.0,0.0,0.0,,0.0723684210526315,0.9638742546170324,0.0781654771345493,0.3155458860759493,0.1053575163593988,0,1,,,,
0947cdc8e87a0a45a012aa387ccedbcd,2021-03-08,0.0025525145522253,0.8231811635316197,0.0,0.0,0.0,0.0,0.0,0.2629107981220657,0.1569585010722751,0.1603914060838119,0.259098929385921,0.0,0.0,0.0,,0.0789473684210526,0.9464134776819314,0.0953476077187417,0.3381460970464135,0.0821406161293214,0,1,,,,
0947cdc8e87a0a45a012aa387ccedbcd,2021-03-16,0.0389999638454029,0.7930127002138525,0.0,0.0,0.0,0.0,0.0,0.2582159624413145,0.1809323149855148,0.1391193363114231,0.2711727724033818,0.0,0.0,0.0,,0.0855263157894736,0.9408556706999364,0.1320644990748083,0.3236814345991561,0.1060447605103535,0,1,,,,
0947cdc8e87a0a45a012aa387ccedbcd,2021-03-27,0.3385661086807187,0.4221184480425959,0.0,0.0,0.0,0.0,0.0,0.2347417840375587,0.2171206591670115,0.1269942565411614,0.5521646145757058,0.0,0.0,0.0,,0.0855263157894736,0.9511723499102646,0.1601110229976209,0.3119330168776371,0.1043117100427286,0,1,,,,
0947cdc8e87a0a45a012aa387ccedbcd,2021-03-28,0.3385661086807187,0.4167044909003622,0.0,0.0,0.0,0.0,0.0,0.2206572769953051,0.2130836374581436,0.1248670495639225,0.560164382324384,0.0,0.0,0.0,,0.0986842105263157,0.9630868986279164,0.1618028020089875,0.3119330168776371,0.1043117100427286,0,0,,,,
0947cdc8e87a0a45a012aa387ccedbcd,2021-04-07,0.1876857442423804,0.6383297691266968,0.0,0.0,0.0,0.0,0.0,0.1924882629107981,0.1630121524511832,0.101042331418847,0.367169985387521,0.0,0.0,0.0,,0.125,0.988490708041452,0.1836108908273857,0.3083069620253165,0.1620999790838736,0,1,,,,
0947cdc8e87a0a45a012aa387ccedbcd,2021-04-10,0.0660219096858165,0.7477174529742939,0.0,0.0,0.0,0.0,0.0,0.2065727699530516,0.1563753339102299,0.0921080621144437,0.3140263669764426,0.0,0.0,0.0,,0.1184210526315789,0.9869044172986744,0.1742796722178165,0.3191587552742616,0.1859443631039531,1,1,,,,
0947cdc8e87a0a45a012aa387ccedbcd,2021-04-16,0.0368089952637477,0.7835639156810545,0.0,0.0,0.0,0.0,0.0,0.2206572769953051,0.1896741788630121,0.0955115932780259,0.2870981165062949,0.0,0.0,0.0,,0.1118421052631579,0.9805476755630176,0.1613798572561459,0.3300105485232067,0.1822093405444169,0,1,,,,
0947cdc8e87a0a45a012aa387ccedbcd,2021-05-08,0.014913771286019,0.7784118186182516,0.0,0.0,0.0,0.0,0.0,0.2065727699530516,0.2355694345159712,0.087640927462242,0.3142489411597727,0.0,0.0,0.0,,0.125,0.011902969953106,0.1252180808881839,0.3526107594936709,0.1647294349657872,0,1,,,,
0947cdc8e87a0a45a012aa387ccedbcd,2021-05-12,0.0412632416211721,0.7649936717147472,0.0,0.0,0.0,0.0,0.0,0.2253521126760563,0.2301911283343993,0.0840246756009359,0.3105748542784242,0.0,0.0,0.0,,0.1184210526315789,0.9916632895270076,0.1143536875495638,0.3481012658227848,0.1932351271401679,0,1,,,,
0947cdc8e87a0a45a012aa387ccedbcd,2021-05-20,0.0461513431432806,0.7595818967398421,0.0,0.0,0.0,0.0,0.0,0.2206572769953051,0.2352759697505549,0.0884918102531376,0.314213458318952,0.0,0.0,0.0,,0.1052631578947368,0.9869044172986744,0.1085646312450436,0.3363396624472574,0.1716616368362865,0,1,,,,
0947cdc8e87a0a45a012aa387ccedbcd,2021-06-04,0.3129324993672945,0.6231920743682624,0.0,0.0,0.0,0.0,0.0,0.1971830985915493,0.1766864818089469,0.0935971069985109,0.2778080636368621,0.0,0.0,0.0,,0.1118421052631579,0.0039599374746714,0.2516785619878403,0.3291139240506329,0.3323871276182508,0,0,,,,
0947cdc8e87a0a45a012aa387ccedbcd,2021-06-12,0.2194150186196174,0.5919652598961287,0.0,0.0,0.0,0.0,0.0,0.2018779342723004,0.1714774822228074,0.1118910870027653,0.4074010754526481,0.0,0.0,0.0,,0.1118421052631579,0.9980200312626644,0.283584456780333,0.3282041139240506,0.2971882750171811,0,0,,,,
0947cdc8e87a0a45a012aa387ccedbcd,2021-06-18,0.074012075635417,0.7586981189717629,0.0,0.0,0.0,0.0,0.0,0.2629107981220657,0.1255201474848564,0.0835992342054881,0.2906593034395776,0.0,0.0,0.0,,0.2236842105263158,0.1008278816650263,0.3873909595559081,0.5099419831223628,0.7062479457375923,0,0,,,,
0947cdc8e87a0a45a012aa387ccedbcd,2021-06-24,0.0219060703568458,0.9065246803124862,0.0,0.0,0.0,0.0,0.0,0.3615023474178403,0.0514635614582941,0.0433950223356732,0.1186352654277779,0.0,0.0,0.0,,0.3092105263157895,0.1905517281306084,0.420142743854084,0.7206091772151898,0.7380703379448412,0,0,,,,
0947cdc8e87a0a45a012aa387ccedbcd,2021-09-14,0.0176795979608807,0.6498603412909701,0.0,0.0,0.0,0.0,0.0,0.5305164319248826,0.0319876594303773,0.0499893639651138,0.5018080120254573,0.0,0.0,0.0,,0.625,0.9003647310831935,0.1522601110229976,0.569620253164557,0.602384438402008,0,0,,,,
0947cdc8e87a0a45a012aa387ccedbcd,2021-09-15,0.0288875230485556,0.5453083402435299,0.0,0.0,0.0,0.0,0.0,0.4131455399061033,0.0705124346288423,0.1212507977026164,0.6463586541035905,0.0,0.0,0.0,,0.5197368421052632,0.9374167776298268,0.1725085910652921,0.4894514767932489,0.554904831625183,0,0,,,,
0947cdc8e87a0a45a012aa387ccedbcd,2021-09-21,0.0185762319678947,0.4866451359490246,0.0,0.0,0.0,0.0,0.0,0.2769953051643192,0.1258136122502727,0.1701765581791108,0.7422752242676826,0.0,0.0,0.0,,0.3026315789473684,0.9868117871823076,0.2115516785619878,0.3994330168776371,0.3638509576597842,0,1,,,,
0947cdc8e87a0a45a012aa387ccedbcd,2021-09-26,0.0119418634079323,0.4865229345786235,0.0,0.0,0.0,0.0,0.0,0.2253521126760563,0.1534726663907596,0.1827270793448202,0.7483782728888516,0.0,0.0,0.0,,0.2697368421052631,0.0373067793666415,0.3201956119481893,0.4005406118143459,0.3231840320315535,0,0,,,,
0947cdc8e87a0a45a012aa387ccedbcd,2021-10-04,0.0002566976391048,0.52112119757343,0.0,0.0,0.0,0.0,0.0,0.164319248826291,0.2192934271417284,0.238459902148479,0.7076601001906395,0.0,0.0,0.0,,0.0986842105263157,0.0770103629942685,0.2842717420037007,0.3779272151898734,0.2076373741297397,0,1,,,,
0947cdc8e87a0a45a012aa387ccedbcd,2021-10-13,0.0096207382768719,0.5331362108846507,0.0,0.0,0.0,0.0,0.0,0.1690140845070422,0.2347736935174386,0.2533503509891512,0.6815415036337655,0.0,0.0,0.0,,0.1052631578947368,0.0079314537138887,0.3435897435897436,0.3887790084388185,0.3159829085367676,0,1,,,,
0947cdc8e87a0a45a012aa387ccedbcd,2021-10-19,0.0098485122383311,0.5056976388949505,0.0,0.0,0.0,0.0,0.0,0.1549295774647887,0.2293558824635991,0.2699425654116145,0.7218951707853644,0.0,0.0,0.0,,0.0986842105263157,0.016673420945985,0.3493523658472112,0.3833597046413501,0.3152359040248603,0,1,,,,
0947cdc8e87a0a45a012aa387ccedbcd,2021-10-23,0.0279945045012473,0.480057172784009,0.0,0.0,6.878609572482976e-09,0.0,0.0,0.1455399061032863,0.2407238797546935,0.2788768347160178,0.7436106693676634,0.0,0.0,0.0,,0.1118421052631579,0.005557806981995,0.3412371134020618,0.3589398734177215,0.3832431947888965,0,0,,,,
0947cdc8e87a0a45a012aa387ccedbcd,2021-10-30,0.0385444159224845,0.5136734604809496,0.0,0.0,3.439304786241488e-08,0.0,0.0,0.1549295774647887,0.2404718010459385,0.2799404382046372,0.684505933698699,0.0,0.0,0.0,,0.1184210526315789,0.0325479071383083,0.1853555379328575,0.3173523206751055,0.2308542743598171,0,1,,,,
0947cdc8e87a0a45a012aa387ccedbcd,2021-11-02,0.0397592103836002,0.5446558722122813,0.0,0.0,3.439304786241488e-08,0.0,0.0,0.1455399061032863,0.24932277361827,0.2656881514571367,0.6376234238360822,0.0,0.0,0.0,,0.125,0.0254038094135355,0.1947660586835845,0.301081223628692,0.2686825828428004,0,0,,,,
0947cdc8e87a0a45a012aa387ccedbcd,2021-11-09,0.0076575436566759,0.5459368044341641,0.0,0.0,1.1202307018043705e-07,0.0,0.0,0.1549295774647887,0.2523796982580232,0.257604764943629,0.6643710343893241,0.0,0.0,0.0,,0.0789473684210526,0.0444624558559601,0.1891620407084324,0.3327267932489451,0.2133743687811874,0,1,,,,
0947cdc8e87a0a45a012aa387ccedbcd,2021-11-18,0.0098593586174482,0.4991249509012351,0.0,0.0,8.450863189050513e-08,0.0,0.0,0.1784037558685446,0.281583204785733,0.2416507126143373,0.7316045663190424,0.0,0.0,0.0,,0.0526315789473684,0.0428645863486366,0.1598731165741475,0.3553270042194093,0.1656557205605522,0,1,,,,
0947cdc8e87a0a45a012aa387ccedbcd,2021-11-23,0.0434397483640044,0.4848928555841661,0.0,0.0,0.0,0.0,0.0,0.1690140845070422,0.2629444298130103,0.2486704956392257,0.7226822447090245,0.0,0.0,0.0,,0.0921052631578947,0.0452498118450761,0.1692572032778218,0.3489978902953586,0.1424687005109511,0,1,,,,
0947cdc8e87a0a45a012aa387ccedbcd,2021-12-04,0.0919989876712824,0.6292475887051018,0.0,0.0,1.2709705172927832e-05,0.0,0.0,0.1784037558685446,0.2012697994657436,0.2129334184216124,0.4659703427964994,0.0,0.0,0.0,,0.1118421052631579,0.0007873559891159,0.1550885540576262,0.3083069620253165,0.0871306062688618,0,1,,,,
0947cdc8e87a0a45a012aa387ccedbcd,2021-12-09,0.0662171445099244,0.7190110417666825,0.0,0.0,1.2709705172927832e-05,0.009009009009009,0.018720033293094,0.2112676056338028,0.1892998231686669,0.1820889172516485,0.3562832046811544,0.0,0.0,0.0,,0.0789473684210526,0.988490708041452,0.116071900607983,0.3282041139240506,0.1194609615442077,0,0,,,,
0947cdc8e87a0a45a012aa387ccedbcd,2021-12-16,0.2878954409053111,0.5014533234408414,0.0,0.0,1.2709705172927832e-05,0.009009009009009,0.018720033293094,0.2018779342723004,0.2162101659204635,0.1957030419059774,0.4800957391559599,0.0,0.0,0.0,,0.0789473684210526,0.9956348057662248,0.1388844832143801,0.3263976793248945,0.1471300086652523,1,1,,,,
0947cdc8e87a0a45a012aa387ccedbcd,2021-12-21,0.4491738674572472,0.3781717802121066,0.0,0.0,0.0,0.009009009009009,0.018720033293094,0.2112676056338028,0.2487038639527446,0.2022973835354179,0.5184430129447855,0.0,0.0,0.0,,0.0855263157894736,0.9702309963526892,0.1203277821834522,0.3056039029535865,0.1166821047599127,0,0,,,,
0947cdc8e87a0a45a012aa387ccedbcd,2021-12-27,0.5066922159152536,0.3870597477414568,0.0,0.0,0.0,0.0,0.0,0.2112676056338028,0.2257063847398322,0.1863433312061263,0.4539900454502933,0.0,0.0,0.0,,0.0789473684210526,0.9694320615990274,0.1258524980174464,0.3056039029535865,0.1201482056951624,0,0,,,,
0947cdc8e87a0a45a012aa387ccedbcd,2022-01-04,0.5787917133663545,0.3489962030288482,0.0,0.0,5.8959510621282665e-09,0.0,0.0,0.2112676056338028,0.1844689416456601,0.2205913635396724,0.4459257634455774,0.0,0.0,0.0,,0.1184210526315789,0.994048515023447,0.1411842453079566,0.3363396624472574,0.1719903188215256,0,1,,,,
0947cdc8e87a0a45a012aa387ccedbcd,2022-01-11,0.219057088108753,0.4726836293807008,0.0,0.0,5.8959510621282665e-09,0.0,0.0,0.2112676056338028,0.1987791113284924,0.234630929589449,0.5840443341967492,0.0,0.0,0.0,,0.1118421052631579,0.023018583917096,0.1597673803859371,0.3670886075949367,0.1737831296501031,0,1,,,,
0947cdc8e87a0a45a012aa387ccedbcd,2022-01-20,0.0785024765898984,0.5556976388949504,0.0,0.0,0.0,0.0,0.0,0.1690140845070422,0.2022122728469844,0.2263348223782174,0.5867378043863243,0.0,0.0,0.0,,0.0789473684210526,0.0571643605627279,0.1696272799365583,0.3589398734177215,0.2030059461559148,0,1,,,,
0947cdc8e87a0a45a012aa387ccedbcd,2022-01-27,0.0504898947901225,0.6208287871513989,0.0,0.0,0.0,0.0,0.0,0.2206572769953051,0.1558975130742315,0.1718783237609019,0.5154495514646349,0.0,0.0,0.0,,0.25,0.0572801482081861,0.2249537404176579,0.4157700421940928,0.3119490841724684,0,1,,,,
0947cdc8e87a0a45a012aa387ccedbcd,2022-02-05,0.0394121262518529,0.6120128311438923,0.0,0.0,0.0,0.0,0.0,0.2347417840375587,0.0463561458294142,0.0733886407147415,0.5383650152092359,0.0,0.0,0.0,,0.2368421052631579,0.0350489202802061,0.2039386730108379,0.4050632911392405,0.2550572205456121,0,0,,,,
0947cdc8e87a0a45a012aa387ccedbcd,2022-02-09,0.0344697928341588,0.5931436302535678,0.0,0.0,0.0,0.0,0.0,0.1830985915492957,0.0868354716129275,0.1129546904913848,0.5706673032073263,0.0,0.0,0.0,,0.0855263157894736,0.0293753256527528,0.1600845889505683,0.3453850210970464,0.1663429647115068,1,1,,,,
0947cdc8e87a0a45a012aa387ccedbcd,2022-02-16,0.0392819697024476,0.5591170950988523,0.0,0.0,1.601733371878179e-07,0.0,0.0,0.1830985915492957,0.1844802287520222,0.226972984471389,0.61667241918783,0.0,0.0,0.0,,0.0789473684210526,0.0293753256527528,0.1245307956648163,0.3453850210970464,0.1715719962948576,1,1,,,,
0947cdc8e87a0a45a012aa387ccedbcd,2022-02-22,0.0231859430926642,0.600879413433422,0.0,0.0,1.601733371878179e-07,0.0,0.0,0.2065727699530516,0.240210316415215,0.2401616677302701,0.5692996009793263,0.0,0.0,0.0,,0.0526315789473684,0.0277890349099751,0.1049431667988369,0.3707014767932489,0.1169809065646756,1,1,,,,
0947cdc8e87a0a45a012aa387ccedbcd,2022-03-02,0.0138978271087168,0.6250032732509928,0.0,0.0,0.0,0.0,0.0,0.2065727699530516,0.2910474434704089,0.2412252712188896,0.5419262021425184,0.0,0.0,0.0,,0.0526315789473684,0.0214322931743183,0.1074279672217816,0.3616561181434599,0.1312935130128186,0,1,,,,
0947cdc8e87a0a45a012aa387ccedbcd,2022-03-11,0.0339202429588922,0.6069218347662899,0.0,0.0,0.0,0.0,0.0,0.1877934272300469,0.2657586816659769,0.2171878323760901,0.5507904609221023,0.0,0.0,0.0,,0.0657894736842105,0.0539802003126266,0.1509912767644726,0.3770305907172996,0.1875280126691965,0,0,,,,
0ab7acb36e6c710a7733c1c24e566bb3,2017-09-22,0.0095086590259951,0.7935778815519574,0.025244045203748,0.0592216582064297,2.0743921153587948e-05,0.2252252252252252,1.3627719282623294e-05,0.5446009389671361,0.0342958726814402,0.0638162093171665,0.2966526778254825,0.1,0.1,0.3,0.1070782939317246,0.5921052631578948,0.9281537659931686,0.2157018239492466,0.620253164556962,0.4876445453730541,0,0,,,,
0ab7acb36e6c710a7733c1c24e566bb3,2017-09-23,0.0090278028851368,0.716951075808493,0.0428694025848036,0.1184433164128595,3.11011418527266e-05,0.4504504504504504,1.917477684977559e-05,0.4366197183098592,0.0728639151209601,0.1184854286322059,0.4103526026663741,0.3229999999999999,0.092,0.251,0.1367242626048214,0.5,0.9855844381404504,0.2557229711868887,0.5654008438818565,0.4352347088176413,0,0,,,,
0ab7acb36e6c710a7733c1c24e566bb3,2017-09-25,0.0073972305578654,0.7098808536638589,0.0426805094982906,0.1150592216582064,3.561154441525473e-05,0.4684684684684685,2.3224704692921387e-05,0.352112676056338,0.091803679596674,0.1463518400340352,0.4222587086181368,0.4639999999999999,0.155,0.181,0.1186144901505697,0.3881578947368421,0.015561859549586,0.2227332804652392,0.5139240506329114,0.3795081722293603,0,0,,,,
0ab7acb36e6c710a7733c1c24e566bb3,2017-10-01,0.024993672945515,0.6769454021734386,0.0540607349573474,0.1032148900169204,0.0001802922875288,0.5135135135135136,0.0005262922819104,0.2910798122065727,0.0916644719515406,0.1567751542225058,0.4552448477302271,0.5760000000000001,0.1939999999999999,0.139,0.1338595304463442,0.2697368421052631,0.007063046372952,0.1814697330161248,0.4361286919831223,0.3036423940000597,0,0,,,,
0ab7acb36e6c710a7733c1c24e566bb3,2017-10-07,0.0203116526266314,0.650117837035744,0.0749695672249506,0.1269035532994923,0.0001611677876002,0.5945945945945946,0.0004357671175302,0.2159624413145539,0.1037303886526957,0.1742182514358647,0.4990790589950614,0.6609999999999999,0.237,0.102,0.1370901902240468,0.0921052631578947,0.0214322931743183,0.1199577055247158,0.3734177215189873,0.1539725699943227,1,1,,,,
0ab7acb36e6c710a7733c1c24e566bb3,2017-10-08,0.0202501898116345,0.6574935626063807,0.072038226363878,0.1218274111675127,0.000159384262404,0.5945945945945946,0.0004357735155205,0.2206572769953051,0.1017363331953798,0.1718783237609019,0.4882309868423174,0.662,0.239,0.099,0.1349398187564875,0.0986842105263157,0.0142881954495455,0.1095162569389373,0.3697916666666666,0.1401679266142767,1,1,,,,
0ab7acb36e6c710a7733c1c24e566bb3,2017-10-10,0.0185473082902491,0.6627787718762275,0.0716137999225771,0.1201353637901861,0.0001590491758519,0.6306306306306306,0.0004349417767849,0.2112676056338028,0.101704353060687,0.1725164858540736,0.4819376211658371,0.662,0.243,0.095,0.1375742060391177,0.131578947368421,0.0079314537138887,0.1168384879725086,0.3526107594936709,0.2050676786087788,1,1,,,,
0ab7acb36e6c710a7733c1c24e566bb3,2017-10-13,0.0214252142159875,0.6552655697638894,0.0693657389917306,0.1235194585448392,0.0001676356459154,0.6036036036036037,0.0004625746967763,0.2018779342723004,0.1125474999059407,0.1706019995745586,0.4904728572396285,0.6940000000000001,0.2339999999999999,0.072,0.1375975321024947,0.125,0.017460776935101,0.1161512027491409,0.3526107594936709,0.2042310335554426,0,0,,,,
0ab7acb36e6c710a7733c1c24e566bb3,2017-10-15,0.0098340503995082,0.6500501898485576,0.0785235556674922,0.1404399323181049,7.442557291575545e-05,0.6216216216216217,0.0001064369661904,0.1924882629107981,0.1255784642010609,0.1833652414379919,0.5085271717917866,0.706,0.223,0.071,0.1297381066234356,0.1184210526315789,0.0269901001563133,0.0952947396246365,0.3508043248945147,0.2153165805121462,0,0,,,,
0ab7acb36e6c710a7733c1c24e566bb3,2017-10-28,0.0032683755739542,0.6561798978745691,0.0645361392118727,0.1421319796954314,5.307633411978901e-05,0.6036036036036037,4.702522851046066e-05,0.2300469483568075,0.1244911396215057,0.186981493299298,0.5053240389795135,0.659,0.2,0.141,0.1405934733674671,0.1052631578947368,0.0246048746598737,0.1403647898493259,0.3878823839662447,0.1492813816595452,0,0,,,,
0ab7acb36e6c710a7733c1c24e566bb3,2017-10-31,0.0021728912831266,0.6551717365687599,0.065713805985812,0.1489001692047377,4.9174197175170445e-05,0.5765765765765766,3.801046021505398e-05,0.2394366197183098,0.1115993829715188,0.1859178898106785,0.5077917092729566,0.645,0.211,0.143,0.1389708540838105,0.1052631578947368,0.0317489723846465,0.1392545598731165,0.4059599156118143,0.1456359996414378,0,0,,,,
0ab7acb36e6c710a7733c1c24e566bb3,2017-11-09,0.0465635055497306,0.6331122070440361,0.0768048617815649,0.1472081218274111,0.0003300347046292,0.6216216216216217,0.0008526857557147,0.2159624413145539,0.1208435230821325,0.1748564135290364,0.500795138205665,0.713,0.184,0.102,0.1157672525396251,0.0986842105263157,0.0412782956058588,0.1357652656621729,0.3951081223628692,0.1040726685989183,0,0,,,,
0ab7acb36e6c710a7733c1c24e566bb3,2017-11-11,0.0865541053544958,0.6252258543185093,0.0753053771565294,0.1421319796954314,0.0005991475295919,0.6216216216216217,0.0016696771236933,0.2159624413145539,0.1258343052786034,0.1714528823654541,0.476773254970017,0.706,0.216,0.077,0.1164437083775556,0.0986842105263157,0.0508076188270711,0.124213587100185,0.4068697257383966,0.1664923656138883,0,0,,,,
0ab7acb36e6c710a7733c1c24e566bb3,2017-11-13,0.086261253118334,0.6339741631388295,0.082128848405136,0.1421319796954314,0.0005982474143964,0.6396396396396397,0.001669389214131,0.2159624413145539,0.1332292411302156,0.1710274409700063,0.4641026550842072,0.7040000000000001,0.211,0.084,0.1118295214658098,0.0855263157894736,0.0539802003126266,0.1231297911710282,0.4068697257383966,0.1600083664505333,1,1,,,,
0ab7acb36e6c710a7733c1c24e566bb3,2017-11-18,0.0486134712028634,0.6621459433509361,0.0614462214386657,0.1116751269035532,0.0003338827953557,0.5495495495495495,0.0008778106635188,0.2206572769953051,0.1427311035027653,0.1689002339927675,0.4560480502178968,0.62,0.2739999999999999,0.106,0.1050416370231278,0.131578947368421,0.0690673305158339,0.1850118953211736,0.4294699367088607,0.1627872232348283,0,0,,,,
0ab7acb36e6c710a7733c1c24e566bb3,2017-11-26,0.0695614447376984,0.7512700213852398,0.0232408456813443,0.0507614213197969,0.0011822816560992,0.3513513513513513,0.0257726403394527,0.2723004694835681,0.1642537341510214,0.1484790470112741,0.3056137079891228,0.693,0.141,0.166,0.0637180578719632,0.1578947368421052,0.9908759335378916,0.242426645519429,0.3951081223628692,0.1933845280425493,0,0,,,,
0ab7acb36e6c710a7733c1c24e566bb3,2017-11-30,0.0976391048121768,0.7639418670623662,0.0188170162354773,0.05414551607445,0.0012547478079453,0.2432432432432432,0.0457112668499951,0.295774647887324,0.1846194363971556,0.1474154435226547,0.2618343338419207,0.836,0.027,0.1369999999999999,0.0585411296812493,0.125,0.9408556706999364,0.1725350251123447,0.3643723628691983,0.1840320315534706,1,1,,,,
0ab7acb36e6c710a7733c1c24e566bb3,2017-12-03,0.123999421526447,0.7527953563479249,0.014027060683653,0.0575296108291032,0.0013638012841074,0.2522522522522522,0.0608515734011257,0.2816901408450704,0.1919353625042326,0.1537970644543713,0.2547861513697989,0.882,0.0069999999999999,0.111,0.0546602558869152,0.1447368421052631,0.9329126382215016,0.1424002114723764,0.3417721518987341,0.1948486568858876,0,0,,,,
0ab7acb36e6c710a7733c1c24e566bb3,2017-12-12,0.1422285693625944,0.6466569196525989,0.0177955943602587,0.0862944162436548,0.0004934527802182,0.2612612612612612,0.0703802666632441,0.2910798122065727,0.1872041837540915,0.1723037651563497,0.395420778106442,1.0,0.0,0.0,0.0838017984394863,0.1052631578947368,0.0031725814855554,0.1090933121860956,0.430379746835443,0.1893208234977739,0,0,,,,
0ab7acb36e6c710a7733c1c24e566bb3,2017-12-16,0.152398857514733,0.6069392921049187,0.0246190656088653,0.0829103214890017,0.0004891516839184,0.3153153153153153,0.0702095490887755,0.2769953051643192,0.1854132962112946,0.1625186130610508,0.445054820989068,1.0,0.0,0.0,0.0931147292427193,0.1052631578947368,0.0436635211022983,0.1199577055247158,0.4611155063291138,0.1628768637762572,0,0,,,,
0ab7acb36e6c710a7733c1c24e566bb3,2017-12-22,0.1769839835135037,0.5806158076201283,0.0370486971041057,0.0846023688663282,0.0023149822944,0.3063063063063063,0.0864968937341352,0.2535211267605634,0.1883987358440874,0.1557115507338864,0.462034973178198,0.929,0.0,0.0,0.0936322762738946,0.1184210526315789,0.0635095235338389,0.1559608776103621,0.4575026371308016,0.2044999551797293,0,0,,,,
0ab7acb36e6c710a7733c1c24e566bb3,2017-12-29,0.2198597201634188,0.5542574084580805,0.0653756640408195,0.1082910321489001,0.0036979316622402,0.2792792792792793,0.1281948228473589,0.2394366197183098,0.1896892283381617,0.1529461816634758,0.4627478557074149,0.643,0.0,0.0,0.0831588738176601,0.125,0.0277890349099751,0.2128998149616706,0.4050632911392405,0.2213822571488332,0,0,,,,
0ab7acb36e6c710a7733c1c24e566bb3,2018-01-04,0.1765103582920568,0.5910945751320211,0.0564487166930184,0.1032148900169204,0.0027113533270877,0.2972972972972973,0.1051978162302822,0.2676056338028169,0.1773298468715903,0.1376302914273559,0.4469708943933885,0.508,0.023,0.111,0.0856649677517173,0.0986842105263157,0.9972210965090024,0.1508591065292096,0.3978243670886076,0.153584127648131,0,0,,,,
0ab7acb36e6c710a7733c1c24e566bb3,2018-01-11,0.0560251635995516,0.7032557936542573,0.038280000186561,0.1099830795262267,0.0011263172886175,0.3963963963963964,0.0202569521186116,0.2629107981220657,0.1325388464577298,0.1395447777068708,0.3886693612120938,0.732,0.136,0.132,0.1128748206808877,0.0789473684210526,0.0142881954495455,0.0956383822363203,0.4159018987341772,0.1404667284190396,1,1,,,,
0ab7acb36e6c710a7733c1c24e566bb3,2018-01-13,0.0321812068404497,0.6997250469165976,0.0487647324947413,0.1235194585448392,0.0010863378271237,0.4504504504504504,0.0102975909372109,0.2769953051643192,0.1405959592159223,0.1414592639863858,0.4151589147411849,0.687,0.159,0.154,0.1253192754924715,0.0592105263157894,0.0039599374746714,0.0882104150145387,0.4150052742616033,0.1306062688618639,0,0,,,,
0ab7acb36e6c710a7733c1c24e566bb3,2018-01-19,0.0020210419754871,0.747477414568149,0.0559753179700289,0.1218274111675127,3.777044516250402e-05,0.4594594594594594,4.090235181869048e-05,0.3333333333333333,0.1047198916437789,0.1155073388640714,0.3714763119780393,0.565,0.21,0.083,0.1482050594231464,0.2631578947368421,0.9900769987842296,0.1357916997092254,0.4620253164556961,0.399049810260854,0,0,,,,
0ab7acb36e6c710a7733c1c24e566bb3,2018-01-25,0.0120430962796919,0.7314690350456073,0.102354400742513,0.1319796954314721,5.869321016497653e-05,0.4864864864864865,0.0001026749479096,0.323943661971831,0.1106550284058843,0.1210380770048925,0.3862016909186507,0.5660000000000001,0.193,0.098,0.1539461867717894,0.2697368421052631,0.9924622242806692,0.1404440919904837,0.4529799578059071,0.4045178832880151,0,0,,,,
0ab7acb36e6c710a7733c1c24e566bb3,2018-01-30,0.0878665172276655,0.6719526033256229,0.1314602601594164,0.170896785109983,0.0005647633256561,0.5495495495495495,0.002994144284188,0.2488262910798122,0.1212743143082885,0.1429483088704531,0.4065333587089407,0.654,0.233,0.113,0.1230158267340012,0.0592105263157894,0.0039599374746714,0.1128998149616706,0.3878823839662447,0.1087339767532196,0,0,,,,
0ab7acb36e6c710a7733c1c24e566bb3,2018-02-02,0.0878665172276655,0.6729891328067035,0.1308399445913613,0.1590524534686971,0.0005651475451337,0.5495495495495495,0.0029934533012385,0.2535211267605634,0.1298355844839911,0.1461391193363114,0.4050011451280446,0.64,0.2319999999999999,0.128,0.1251647403225994,0.0526315789473684,0.0007873559891159,0.1124504361617763,0.3878823839662447,0.1070905668270236,1,1,,,,
0ab7acb36e6c710a7733c1c24e566bb3,2018-02-04,0.0767453631729274,0.6829332693230918,0.1114958933243784,0.1539763113367174,0.000538090043051,0.5585585585585586,0.0029179058320886,0.2488262910798122,0.1312314233041122,0.1489044884067219,0.4002174130428471,0.637,0.2319999999999999,0.132,0.1252245133600028,0.0526315789473684,0.005557806981995,0.1331482950039651,0.3878823839662447,0.1103475064989392,0,0,,,,
0ab7acb36e6c710a7733c1c24e566bb3,2018-02-12,0.0015365703749231,0.675919783529001,0.08865148992337,0.1218274111675127,4.596581713886231e-05,0.5945945945945946,4.29816986575884e-05,0.2112676056338028,0.153340983483201,0.1523080195703041,0.4776925831185546,0.67,0.203,0.127,0.1484397779358766,0.0789473684210526,0.0484223933306316,0.1317208564631245,0.3978243670886076,0.1267517255804225,0,0,,,,
0ab7acb36e6c710a7733c1c24e566bb3,2018-02-16,0.0084963303083987,0.6782306987299788,0.0778099595628874,0.1201353637901861,6.2315289434144e-05,0.5765765765765766,7.569462292615782e-05,0.2018779342723004,0.1428590240415365,0.1457136779408636,0.4680638304049237,0.6679999999999999,0.241,0.092,0.1472297383981992,0.0723684210526315,0.0643084582875007,0.1077187417393603,0.4068697257383966,0.1254369976394657,0,0,,,,
0ab7acb36e6c710a7733c1c24e566bb3,2018-02-23,0.0308904877255143,0.7069283812682756,0.0801186528424911,0.1252115059221658,0.0001816994545156,0.5585585585585586,6.495879524717104e-05,0.2394366197183098,0.1451578313706309,0.1359285258455647,0.4056624162524313,0.609,0.276,0.1159999999999999,0.1318010053533315,0.0921052631578947,0.0214322931743183,0.1233676975945017,0.3969145569620253,0.1214928138165954,0,0,,,,
0ab7acb36e6c710a7733c1c24e566bb3,2018-02-27,0.0547019053472649,0.7178086675686293,0.0845448143017718,0.1252115059221658,0.0003028789366955,0.5405405405405406,0.0004362021808688,0.244131455399061,0.1342413183340231,0.1380557328228036,0.368334467709002,0.584,0.321,0.095,0.11701519693029,0.0921052631578947,0.011902969953106,0.1136664023261961,0.3887790084388185,0.1298293841694804,0,0,,,,
0ab7acb36e6c710a7733c1c24e566bb3,2018-03-04,0.0261795437289851,0.7316894339457949,0.0900133857569948,0.1285956006768189,0.0001595316611805,0.5495495495495495,0.0004035724304738,0.2488262910798122,0.1253132172015501,0.1393320570091469,0.3732633568702844,0.604,0.284,0.1119999999999999,0.1153750830991007,0.0986842105263157,0.0206333584206565,0.1696272799365583,0.4041534810126582,0.1569008276809992,0,0,,,,
0ab7acb36e6c710a7733c1c24e566bb3,2018-03-11,0.0212769803680537,0.7541112032470648,0.0734490944791914,0.1032148900169204,6.852372590256506e-05,0.4684684684684685,3.751141697371848e-05,0.2629107981220657,0.1272846984461416,0.124016166773027,0.3444932243902596,0.634,0.288,0.078,0.1053696597893656,0.0986842105263157,0.0309616163955305,0.1537932857520486,0.4312763713080168,0.1444109122419099,0,0,,,,
0ab7acb36e6c710a7733c1c24e566bb3,2018-03-12,0.0401352181929932,0.7450617553353991,0.0744938364885474,0.1032148900169204,0.0001985795624065,0.4324324324324324,0.0008623339250471,0.2676056338028169,0.1440046653372963,0.1225271218889598,0.3410449374050431,0.6809999999999999,0.246,0.073,0.0994156821124083,0.0921052631578947,0.0293753256527528,0.1554057626222574,0.4357990506329113,0.1253473570980369,0,0,,,,
0ab7acb36e6c710a7733c1c24e566bb3,2018-03-20,0.2013774901478723,0.4893379304325056,0.0495949292700331,0.0964467005076142,0.0035738248403579,0.3243243243243243,0.1169000219521444,0.2347417840375587,0.1451296136047255,0.1055094660710487,0.5752026554067785,0.289,0.126,0.0139999999999999,0.1862819421280367,0.1907894736842105,0.0079314537138887,0.0687813904308749,0.3743143459915612,0.3255445662891804,0,0,,,,
0ab7acb36e6c710a7733c1c24e566bb3,2018-03-27,0.1917603673307061,0.4687950072011522,0.0670034094036108,0.1489001692047377,0.0044129916243966,0.3693693693693693,0.1230872944160177,0.2253521126760563,0.1359230971819857,0.1142310146777281,0.614146686063953,0.1369999999999999,0.037,0.111,0.1837058700038487,0.2039473684210526,0.0373067793666415,0.2884747554850648,0.4005406118143459,0.3957629904084621,0,0,,,,
0ab7acb36e6c710a7733c1c24e566bb3,2018-04-02,0.0807332152283162,0.6471479073015318,0.1155769167984254,0.1793570219966159,0.0012636163010012,0.5135135135135136,0.0248556931694307,0.2676056338028169,0.1710636216561947,0.1386938949159753,0.4495643674861052,0.419,0.094,0.201,0.1071380669691279,0.0986842105263157,0.0412782956058588,0.2934972244250595,0.4484572784810126,0.2278363761317118,0,0,,,,
0ab7acb36e6c710a7733c1c24e566bb3,2018-04-06,0.03251744459308,0.6842753022301752,0.1385052726823284,0.1793570219966159,0.0002199523850067,0.6486486486486487,0.000926537757442,0.2676056338028169,0.1344294367733925,0.1361412465432886,0.4377001958007671,0.536,0.183,0.281,0.1226396939620484,0.0657894736842105,0.0079314537138887,0.1043616177636796,0.4095727848101265,0.1103475064989392,0,0,,,,
0ab7acb36e6c710a7733c1c24e566bb3,2018-04-11,0.0071296865396435,0.7126303844978833,0.1165097221639218,0.1590524534686971,6.129135926635438e-05,0.6396396396396397,3.255937250200466e-05,0.244131455399061,0.151365739869822,0.1310359497979153,0.4184362389479015,0.5660000000000001,0.237,0.1969999999999999,0.1124141309291937,0.0657894736842105,0.0261911654026515,0.1091726143272535,0.4086761603375527,0.1302775868766247,0,0,,,,
0ab7acb36e6c710a7733c1c24e566bb3,2018-04-14,0.005318341227087,0.7258303146685287,0.0923617232646322,0.1421319796954314,4.352882403318263e-05,0.6396396396396397,3.199634935793385e-05,0.2394366197183098,0.1327871627976974,0.1272069772388853,0.4005399843230358,0.499,0.295,0.206,0.1011286898916504,0.0789473684210526,0.0214322931743183,0.1003436426116838,0.3960179324894514,0.1334150058266352,1,1,,,,
0ab7acb36e6c710a7733c1c24e566bb3,2018-04-19,0.0271195632524675,0.706605420503644,0.1026109222180246,0.1201353637901861,0.0019800008868296,0.6126126126126126,2.8650200444876577e-05,0.2300469483568075,0.1468809962752549,0.1374175707296319,0.4095010144866761,0.575,0.301,0.124,0.0994769130287727,0.0723684210526315,0.0261911654026515,0.0976209357652656,0.393301687763713,0.127110287746138,1,1,,,,
0ab7acb36e6c710a7733c1c24e566bb3,2018-04-27,0.0881159839473589,0.7024440274080216,0.0956148819768011,0.1370558375634517,0.0040833647230492,0.5495495495495495,0.0353672073094274,0.2300469483568075,0.1434440723879754,0.145075515847692,0.36123467383205,0.515,0.272,0.07,0.1046203100033822,0.1052631578947368,0.02223122792798,0.1024054982817869,0.3878823839662447,0.1558251411838527,0,0,,,,
0ab7acb36e6c710a7733c1c24e566bb3,2018-05-04,0.0686973498680357,0.6714594335093615,0.1154486560606696,0.1658206429780034,0.0021315789100273,0.5675675675675675,0.0235663317815669,0.2018779342723004,0.1435983295082584,0.1520952988725803,0.4243618733649668,0.54,0.309,0.079,0.1142481426622036,0.0986842105263157,0.0404909396167428,0.0927835051546391,0.3761207805907173,0.1194609615442077,0,0,,,,
0ab7acb36e6c710a7733c1c24e566bb3,2018-05-05,0.0589862250985212,0.6512700213852399,0.1222161589873465,0.170896785109983,0.0020929849970332,0.5855855855855856,0.0117176568683727,0.1877934272300469,0.1401256631174987,0.1531589023611997,0.4628704327938866,0.556,0.348,0.096,0.1217285196113877,0.1052631578947368,0.0555780698199502,0.1261432725350251,0.379746835443038,0.1254967580004183,0,0,,,,
0ab7acb36e6c710a7733c1c24e566bb3,2018-05-10,0.0226002386203405,0.6482804521450706,0.1088327340058859,0.1370558375634517,0.0001008541735517,0.6306306306306306,9.840109040692311e-05,0.1924882629107981,0.1393186350126039,0.156349712827058,0.4997564586834575,0.5770000000000001,0.3289999999999999,0.094,0.1238205759205047,0.0789473684210526,0.0587506513055057,0.1229711868887126,0.3896888185654008,0.1090327785579824,0,0,,,,
0ab7acb36e6c710a7733c1c24e566bb3,2018-05-16,0.0105679887197657,0.6558154759306942,0.0436879392930268,0.0676818950930626,7.704927113840253e-05,0.6576576576576577,8.950788392671356e-05,0.1971830985915493,0.1503348508220776,0.1616677302701552,0.4993532445832217,0.637,0.2769999999999999,0.086,0.1242579396088219,0.0986842105263157,0.0619232327910611,0.1375627808617499,0.3951081223628692,0.1310544715690083,0,0,,,,
0ab7acb36e6c710a7733c1c24e566bb3,2018-05-18,0.0033153765501283,0.6150722297385764,0.024441832589421,0.0389170896785109,5.69234421878277e-05,0.6666666666666667,5.678856166787059e-05,0.1877934272300469,0.1439595169118477,0.1650712614337375,0.5660513081878268,0.621,0.257,0.122,0.1343216780769993,0.0921052631578947,0.0643084582875007,0.1273063706053396,0.3896888185654008,0.143902949173813,0,0,,,,
0ab7acb36e6c710a7733c1c24e566bb3,2018-05-19,0.0015691095122744,0.6069174704316328,0.0090948523135905,0.015228426395939,5.16161035734019e-05,0.6486486486486487,4.932210701865867e-05,0.1971830985915493,0.1429775386583393,0.164007657945118,0.5796605904989854,0.672,0.2189999999999999,0.11,0.1382142149030218,0.0855263157894736,0.0579517165518439,0.0997356595294739,0.393301687763713,0.1534944871067021,0,0,,,,
0ab7acb36e6c710a7733c1c24e566bb3,2018-05-20,0.0015691095122744,0.5950595731680705,0.0010657301300797,0.0050761421319796,4.802350405954509e-05,0.6396396396396397,4.838160244844946e-05,0.1830985915492957,0.1447797133074984,0.1671984684109763,0.5971891138644362,0.662,0.2319999999999999,0.106,0.1399097281347313,0.0921052631578947,0.0643084582875007,0.1183187946074544,0.3869725738396624,0.1433053455642872,0,0,,,,
0ab7acb36e6c710a7733c1c24e566bb3,2018-06-02,0.0050724899670993,0.7099768690263168,0.0,0.0,4.2518651084537984e-05,0.5315315315315315,4.1522956875223086e-05,0.2065727699530516,0.1114846307235035,0.1542225058498191,0.4241941362992687,0.525,0.368,0.107,0.1045051375654587,0.125,0.0516065535807329,0.1234205656886069,0.3960179324894514,0.167388771028177,1,1,,,,
0ab7acb36e6c710a7733c1c24e566bb3,2018-06-04,0.0104342167106547,0.7062104482171694,0.0,0.0,4.656523883017868e-05,0.5315315315315315,4.17660805056173e-05,0.2253521126760563,0.115246999510892,0.154435226547543,0.4249747587973252,0.481,0.348,0.171,0.1097403809146149,0.1184210526315789,0.0420772303595206,0.0997356595294739,0.4032436708860759,0.1532554456628918,0,0,,,,
0ab7acb36e6c710a7733c1c24e566bb3,2018-06-08,0.1822878629017679,0.6163728014664163,0.0,0.0,0.0011429949688552,0.4504504504504504,0.0175755352010035,0.2300469483568075,0.1481282215282742,0.1518825781748564,0.4044430968133183,0.523,0.254,0.223,0.0963614256889935,0.131578947368421,0.0468361025878538,0.1033571239756806,0.4131988396624472,0.1786535990677384,0,0,,,,
0ab7acb36e6c710a7733c1c24e566bb3,2018-06-14,0.2417513286814418,0.5696416881246452,0.0,0.0,0.0013266941334394,0.3873873873873873,0.0475002664922898,0.2206572769953051,0.1821475601038414,0.1501808125930653,0.4204748894386937,0.67,0.084,0.174,0.0906261298561948,0.131578947368421,0.0508076188270711,0.1487972508591065,0.4104825949367088,0.2106851525383213,0,0,,,,
0ab7acb36e6c710a7733c1c24e566bb3,2018-06-19,0.2207599696301384,0.5912669663509796,0.0,0.0,0.0009676651068037,0.2792792792792793,0.0699750755412311,0.2253521126760563,0.204682267955905,0.154435226547543,0.40723333838695,0.929,0.0,0.0,0.0727685704622059,0.1184210526315789,0.0666936837839402,0.1359767380385937,0.434889240506329,0.1892013027758687,0,0,,,,
0ab7acb36e6c710a7733c1c24e566bb3,2018-06-30,0.3099786687877364,0.5217933051106358,0.0,0.0,0.0011658466925135,0.2882882882882883,0.0737997173508653,0.2769953051643192,0.2162891756649987,0.1572005956179536,0.4303294420484566,0.857,0.0,0.0,0.0758461529489975,0.0789473684210526,0.0404909396167428,0.0839280993920169,0.4575026371308016,0.1555562195595661,0,0,,,,
0ab7acb36e6c710a7733c1c24e566bb3,2018-07-02,0.3144220687660436,0.5127787718762274,0.0,0.0,0.0011518241555707,0.3243243243243243,0.0738138313174087,0.2723004694835681,0.2203186726362918,0.1565624335247819,0.4396904605995309,0.857,0.0,0.0,0.0723355804107719,0.0855263157894736,0.0492213280842934,0.1049431667988369,0.4647283755274261,0.1602175277138674,0,0,,,,
0ab7acb36e6c710a7733c1c24e566bb3,2018-07-10,0.2240753461802668,0.5886199973813994,0.0,0.0,0.0030272937607029,0.2882882882882883,0.1259169143803219,0.2723004694835681,0.215721057978103,0.145075515847692,0.4081849236635065,0.7140000000000001,0.0,0.0,0.0709505953977676,0.0855263157894736,0.023018583917096,0.1374834787205921,0.4330828059071729,0.2008246929811456,0,0,,,,
0ab7acb36e6c710a7733c1c24e566bb3,2018-07-23,0.0620810586066018,0.6293894295814602,0.0,0.0,0.0003123635566375,0.2162162162162162,0.2597481043410614,0.2112676056338028,0.1050434553594943,0.129759625611572,0.4924502191871848,0.0,0.0,0.0,0.0820887906602442,0.0921052631578947,0.0063451629711109,0.097197991012424,0.3481012658227848,0.1156064182627663,1,1,,,,
0ab7acb36e6c710a7733c1c24e566bb3,2018-08-02,0.0522216999891536,0.615041679395976,0.0,0.0,0.0002803731088329,0.2612612612612612,0.2597087247109277,0.2347417840375587,0.1395142781895481,0.1531589023611997,0.5224622510959359,0.0,0.0,0.0,0.0880515156109679,0.1052631578947368,0.0127019047067677,0.0948717948717948,0.3815532700421941,0.1268114859413751,0,0,,,,
0ab7acb36e6c710a7733c1c24e566bb3,2018-08-04,0.0569941068006797,0.6182778335442761,0.0,0.0,0.0009589479431583,0.2432432432432432,0.2461399757046556,0.2394366197183098,0.1483727754994544,0.1550733886407147,0.5134173523994464,0.071,0.0,0.0,0.0875893679803128,0.1118421052631579,0.0190470676778787,0.1007665873645255,0.3951081223628692,0.1564227447933785,0,0,,,,
0ab7acb36e6c710a7733c1c24e566bb3,2018-08-09,0.2217686828880292,0.5227730982411731,0.0,0.0,0.0015247224244216,0.2162162162162162,0.1829228285737649,0.2535211267605634,0.1540163286805372,0.1769836205062752,0.5075820379408339,0.143,0.0,0.0,0.0828395983251886,0.1118421052631579,0.0436635211022983,0.113269891620407,0.4357990506329113,0.1776974332924971,0,0,,,,
0ab7acb36e6c710a7733c1c24e566bb3,2018-08-11,0.2257059185075382,0.547023523763802,0.0,0.0,0.001522008321616,0.2162162162162162,0.1558002826644899,0.2535211267605634,0.1586496858422062,0.1763454584131036,0.468225116045018,0.286,0.0,0.0,0.0749553889037916,0.1184210526315789,0.0428645863486366,0.1097012952683055,0.4376054852320674,0.1917112379358771,0,0,,,,
0ab7acb36e6c710a7733c1c24e566bb3,2018-08-18,0.2616218952239777,0.5665801073626326,0.0,0.0,0.0009186658228433,0.2432432432432432,0.0744327792944604,0.2723004694835681,0.1893449715941156,0.1874069346947457,0.4072688212277708,0.7140000000000001,0.0,0.0,0.0646481846491177,0.0855263157894736,0.073837781508713,0.0618556701030927,0.4936708860759493,0.1478471329966833,0,0,,,,
0ab7acb36e6c710a7733c1c24e566bb3,2018-08-25,0.149224483893127,0.6168725177846638,0.0,0.0,0.0004589732584069,0.3513513513513513,0.0698600012881713,0.2676056338028169,0.2231950035742503,0.1974048074877685,0.4332100035805412,1.0,0.0,0.0,0.0819167609428394,0.0986842105263157,0.0778092977479303,0.0924927306370605,0.4909546413502109,0.1817910180177488,1,1,,,,
0ab7acb36e6c710a7733c1c24e566bb3,2018-08-26,0.1499656531327958,0.6141666302972113,0.0,0.0,0.0004589919289186,0.3513513513513513,0.0698600012881713,0.2629107981220657,0.2273448963467399,0.1986811316741119,0.4365453906176917,1.0,0.0,0.0,0.0816076906030953,0.0921052631578947,0.0770103629942685,0.0937086968014803,0.4855221518987341,0.1729763647772432,1,1,,,,
0ab7acb36e6c710a7733c1c24e566bb3,2018-09-02,0.1290827578726635,0.5495875703748963,0.0,0.0,0.001173016169005,0.3243243243243243,0.0599789770996798,0.2394366197183098,0.2049588020617781,0.1982556902786641,0.5506388524204135,0.7140000000000001,0.0,0.0,0.103926359617919,0.1184210526315789,0.085740751461819,0.1653978324081416,0.4710574894514768,0.2498580691427376,0,0,,,,
0ab7acb36e6c710a7733c1c24e566bb3,2018-09-12,0.1261759282692794,0.4717562082660498,0.0,0.0,0.0014658415264812,0.4144144144144144,0.0156343337680917,0.2582159624413145,0.179054892960608,0.1725164858540736,0.6682838240180125,0.038,0.019,0.372,0.1598272705006939,0.1184210526315789,0.0627221675447229,0.2026962727993655,0.4638317510548522,0.2058744434816386,1,1,,,,
0ab7acb36e6c710a7733c1c24e566bb3,2018-09-17,0.1312845728334357,0.5192816305154279,0.0,0.0,0.0007340734216732,0.5405405405405406,0.0040311241497318,0.2769953051643192,0.1731366868580458,0.1671984684109763,0.593473092716663,0.294,0.079,0.413,0.151435719200849,0.0789473684210526,0.0365194233775256,0.1156489558551414,0.4565928270042194,0.1118415155227537,0,0,,,,
0ab7acb36e6c710a7733c1c24e566bb3,2018-09-19,0.0688094291189124,0.5709248025138567,0.0,0.0,0.0003498421522224,0.5585585585585586,0.0007023969641894,0.2769953051643192,0.1510647503668309,0.1699638374813869,0.5728736907638164,0.387,0.118,0.352,0.1366572001726128,0.0723684210526315,0.0357204886238638,0.106000528680941,0.451173523206751,0.1145307317656198,0,0,,,,
0ab7acb36e6c710a7733c1c24e566bb3,2018-09-23,0.0184713836364293,0.6040151878846071,0.0,0.0,0.0001148344561785,0.6576576576576577,0.0002294959111115,0.2723004694835681,0.1419711050077128,0.1848542863220591,0.5688673554638737,0.551,0.192,0.258,0.2115950945288718,0.0723684210526315,0.0500202628379551,0.1031720856463124,0.46292194092827,0.1244210715032718,0,0,,,,
0ab7acb36e6c710a7733c1c24e566bb3,2018-10-06,0.0180302975523337,0.6297429406886922,0.0,0.0,0.0001178443391957,0.6216216216216217,0.0002536739163552,0.1971830985915493,0.1759189585763196,0.2171878323760901,0.531229738491463,0.574,0.289,0.1369999999999999,0.1131255758621896,0.1052631578947368,0.0928848491865918,0.1571768437747819,0.4321861814345991,0.2175874742283443,0,0,,,,
0ab7acb36e6c710a7733c1c24e566bb3,2018-10-11,0.0166419610253443,0.609721555448872,0.0,0.0,0.0001171348597513,0.6306306306306306,0.0002395983377535,0.1830985915492957,0.1688362993340607,0.2295256328440757,0.562067552877497,0.5479999999999999,0.319,0.132,0.2374607830559475,0.0921052631578947,0.0905112024546981,0.1690985989955062,0.4168117088607594,0.1988526010697104,1,1,,,,
0ab7acb36e6c710a7733c1c24e566bb3,2018-10-20,0.0011931017028815,0.6398922009339676,0.0,0.0,4.642570132170832e-05,0.6396396396396397,4.067202416884333e-05,0.1971830985915493,0.1552108807705331,0.1895341416719846,0.5312523184810763,0.447,0.3329999999999999,0.22,0.3095339452537292,0.1052631578947368,0.0690673305158339,0.0974094633888448,0.4068697257383966,0.2062330056473541,0,0,,,,
0ab7acb36e6c710a7733c1c24e566bb3,2018-10-21,0.0025452836328139,0.6437742766115307,0.0,0.0,4.720789749595067e-05,0.6576576576576577,5.373672030739579e-05,0.2065727699530516,0.1575172128372023,0.1901723037651563,0.524304133105813,0.4379999999999999,0.346,0.216,0.5479627599398188,0.1052631578947368,0.0746251374978289,0.0870737509912767,0.4195279535864978,0.1911435145068276,1,1,,,,
0ab7acb36e6c710a7733c1c24e566bb3,2018-11-01,0.0027079793195704,0.6174573386287262,0.0,0.0,4.735824424803493e-05,0.5945945945945946,5.495233845936688e-05,0.1784037558685446,0.1563678091726551,0.194639438417358,0.56306429813328,0.456,0.293,0.251,1.0,0.0986842105263157,0.0984426561685868,0.1049960348929421,0.4204245780590717,0.1306062688618639,0,0,,,,
0ab7acb36e6c710a7733c1c24e566bb3,2018-11-08,0.0497487255504537,0.6035023785623883,0.0,0.0,0.0002708649050867,0.5945945945945946,0.0006466320809653,0.1924882629107981,0.1517645509612852,0.1591150818974686,0.5417229822359996,0.494,0.241,0.266,0.2367260120595747,0.0986842105263157,0.084953395472703,0.0794343113930742,0.4186181434599155,0.1368811067618848,0,0,,,,
0ab7acb36e6c710a7733c1c24e566bb3,2018-11-13,0.1181062222061535,0.529395976083446,0.0,0.0,0.0006365425992035,0.5585585585585586,0.003713534310544,0.2253521126760563,0.1706704541179126,0.1886832588810891,0.5902796370427955,0.47,0.251,0.208,0.1095173254335732,0.131578947368421,0.0754240722514907,0.1202484800422944,0.4412183544303797,0.1462037230704873,0,0,,,,
0ab7acb36e6c710a7733c1c24e566bb3,2018-11-23,0.1021765067428323,0.5553244882817615,0.0,0.0,0.0014369474356427,0.3963963963963964,0.0220024326310658,0.2300469483568075,0.2182343203280785,0.2363326951712401,0.5661642081358927,0.516,0.237,0.176,0.1227548663999719,0.1578947368421052,0.0714525560122734,0.1260375363468147,0.4457410337552742,0.1795201243015508,0,0,,,,
0ab7acb36e6c710a7733c1c24e566bb3,2018-11-28,0.1250442893813948,0.6153864618338933,0.0,0.0,0.0023692446973417,0.3423423423423423,0.0470952353200336,0.2206572769953051,0.2250949998118815,0.2222931291214635,0.4569770555048402,0.7390000000000001,0.121,0.14,0.0828323089303833,0.1644736842105263,0.0627221675447229,0.0999471319058948,0.4222310126582278,0.2578360773299071,0,0,,,,
0ab7acb36e6c710a7733c1c24e566bb3,2018-12-05,0.1745616255106837,0.5605856937109936,0.0,0.0,0.0032542200731576,0.3423423423423423,0.0860972240777282,0.2488262910798122,0.2328304300387524,0.2325037226122101,0.4938050185639771,0.643,0.0,0.0,0.0930986925741477,0.1842105263157894,0.023018583917096,0.1443298969072165,0.4059599156118143,0.2750171811037739,0,0,,,,
0ab7acb36e6c710a7733c1c24e566bb3,2018-12-06,0.176532051050291,0.530478331078427,0.0,0.0,0.0032551388588648,0.3513513513513513,0.0821422552062222,0.2347417840375587,0.2342225064900861,0.2416507126143373,0.5365521646145757,0.5710000000000001,0.0,0.0,0.097341120350824,0.1710526315789473,0.0246048746598737,0.1435897435897436,0.3969145569620253,0.2656945647951714,1,1,,,,
0ab7acb36e6c710a7733c1c24e566bb3,2018-12-08,0.1868361112115405,0.5065465019857722,0.0,0.0,0.0038759137196112,0.3513513513513513,0.0781874078965313,0.2018779342723004,0.2501749501486136,0.2497340991278451,0.5627352754274876,0.5,0.0,0.0,0.0946221760884524,0.1644736842105263,0.0436635211022983,0.1858313507798044,0.379746835443038,0.230226790569815,0,0,,,,
0ab7acb36e6c710a7733c1c24e566bb3,2018-12-09,0.1843559058534292,0.5093614978396543,0.0,0.0,0.0038222114320203,0.3513513513513513,0.0779969461240786,0.2065727699530516,0.2508747507430678,0.255690278664114,0.5607869448951482,0.5,0.0,0.0,0.0954356725487223,0.1644736842105263,0.034134197881086,0.1902458366375892,0.3743143459915612,0.2236830310455075,0,0,,,,
0ab7acb36e6c710a7733c1c24e566bb3,2018-12-30,0.220123648721935,0.4064330292846855,0.0,0.0,0.0036158580581384,0.1711711711711711,0.2924391474828953,0.2065727699530516,0.1904322961736709,0.1784726653903424,0.6810253895854637,0.143,0.0,0.0,0.1380203170012012,0.1381578947368421,0.9892896427951138,0.1593444356330954,0.3245912447257384,0.1941016523739803,1,1,,,,
0ab7acb36e6c710a7733c1c24e566bb3,2019-01-07,0.1514732998300734,0.5525269497665082,0.0,0.0,0.0045584064134174,0.3513513513513513,0.107670281183547,0.2676056338028169,0.2156251175740246,0.2488832163369495,0.526320203606992,0.336,0.057,0.179,0.099026428429806,0.0855263157894736,0.0071440977247727,0.328284430346286,0.4104825949367088,0.3925060507365465,1,1,,,,
0ab7acb36e6c710a7733c1c24e566bb3,2019-01-28,0.0067753714884847,0.6569676602801903,0.0,0.0,3.340351074248769e-05,0.4144144144144144,3.466431130199671e-05,0.2488262910798122,0.188278340042891,0.2514358647096362,0.5010306152402026,0.574,0.304,0.122,0.1334819397954304,0.0723684210526315,0.0690673305158339,0.1064499074808353,0.4620253164556961,0.1702871485343771,0,0,,,,
0ab7acb36e6c710a7733c1c24e566bb3,2019-02-05,0.003112910806609,0.6851656265002399,0.0,0.0,3.058131550074896e-05,0.3693693693693693,3.0096146246694823e-05,0.2300469483568075,0.2014165318484518,0.2603701340140396,0.4626156014825376,0.492,0.372,0.136,0.1217299774903488,0.0921052631578947,0.0650958142766166,0.0972508591065292,0.4376054852320674,0.1225087399527893,0,0,,,,
0ab7acb36e6c710a7733c1c24e566bb3,2019-02-11,0.0091688058136592,0.6133439532143325,0.0,0.0,5.669055212087363e-05,0.3783783783783784,3.732587525578605e-05,0.2300469483568075,0.1744384664584822,0.2256966602850457,0.5633804179878649,0.396,0.325,0.208,0.1513992722268226,0.0657894736842105,0.080182944479824,0.0797515199577055,0.4520701476793248,0.0856365972450473,0,0,,,,
0ab7acb36e6c710a7733c1c24e566bb3,2019-02-23,0.0642503344300227,0.629422162091389,0.0,0.0,0.0004292085321282,0.5315315315315315,5.5361809836872937e-05,0.2488262910798122,0.1728168855111178,0.1980429695809402,0.4904728572396285,0.53,0.359,0.111,0.1425076684433351,0.0592105263157894,0.0674810397730562,0.088659793814433,0.4602056962025316,0.0778677503212119,0,0,,,,
0ab7acb36e6c710a7733c1c24e566bb3,2019-02-28,0.0626125311833399,0.6285492951599527,0.0,0.0,0.0004244337944264,0.5495495495495495,4.838160244844946e-05,0.2394366197183098,0.1697148124459159,0.1874069346947457,0.4932243902596376,0.578,0.363,0.059,0.137555253612624,0.0460526315789473,0.0746251374978289,0.0816019032513877,0.4547863924050632,0.0636447844144978,0,0,,,,
0ab7acb36e6c710a7733c1c24e566bb3,2019-03-08,0.0272569507212842,0.6646467071095012,0.0,0.0,0.0001747009606049,0.5045045045045045,6.953975628302e-05,0.2347417840375587,0.1808815230068851,0.190810465858328,0.471405668867678,0.638,0.304,0.0579999999999999,0.1215783580783988,0.0592105263157894,0.084953395472703,0.0647634152788792,0.4620253164556961,0.0692024979830878,1,1,,,,
0ab7acb36e6c710a7733c1c24e566bb3,2019-03-12,0.0070899164828807,0.7115262078296163,0.0,0.0,5.2450380648693054e-05,0.4954954954954955,6.670544659184528e-05,0.244131455399061,0.1885849730990631,0.1948521591150818,0.4201039324664767,0.597,0.35,0.053,0.1089429211229166,0.0723684210526315,0.0754240722514907,0.070578905630452,0.4611155063291138,0.0955568171631756,0,0,,,,
0ab7acb36e6c710a7733c1c24e566bb3,2019-03-18,0.0765175892114682,0.7130537249596298,0.0,0.0,0.0011835129272127,0.3693693693693693,0.0259152643386303,0.2769953051643192,0.2167726400541781,0.1786853860880663,0.3558993448577299,0.337,0.278,0.0279999999999999,0.0835233435579244,0.125,0.0523939095698489,0.109939201691779,0.4701608649789028,0.1797292855648848,0,0,,,,
0ab7acb36e6c710a7733c1c24e566bb3,2019-03-24,0.224993672945515,0.5844804259590625,0.0,0.0,0.0029180132904249,0.3243243243243243,0.0574016234938707,0.2723004694835681,0.2386432898152676,0.1891087002765369,0.4134879955098077,0.12,0.124,0.042,0.0912807175097094,0.1381578947368421,0.0508076188270711,0.1133491937615649,0.4674446202531644,0.180267128813458,0,0,,,,
0ab7acb36e6c710a7733c1c24e566bb3,2019-03-30,0.2129288839075888,0.5329594553310348,0.0,0.0,0.0021027074203346,0.4774774774774775,0.042436884193836,0.2347417840375587,0.2106268106399789,0.2129334184216124,0.5004112783822405,0.306,0.09,0.104,0.1140221714232397,0.1184210526315789,0.0650958142766166,0.0818662437219138,0.4430379746835443,0.1458451609047718,0,0,,,,
0ab7acb36e6c710a7733c1c24e566bb3,2019-04-01,0.1897610181134531,0.5309824117313316,0.0,0.0,0.0020309153722266,0.5225225225225225,0.0323134721438317,0.2253521126760563,0.2037209827307272,0.2152733460965752,0.5240041418152376,0.396,0.126,0.122,0.1237374768197245,0.1184210526315789,0.0706536212586117,0.0907745175786413,0.4367088607594936,0.140406968058087,1,1,,,,
0ab7acb36e6c710a7733c1c24e566bb3,2019-04-16,0.0034672258577678,0.6483677388382142,0.0,0.0,4.2455760939875285e-05,0.6486486486486487,4.1702100602881984e-05,0.2394366197183098,0.1647635351217126,0.2037864284194852,0.516697902318965,0.496,0.353,0.151,0.1198289033251303,0.1052631578947368,0.0746251374978289,0.1218609569125033,0.4583992616033754,0.1106463083037021,0,0,,,,
0ab7acb36e6c710a7733c1c24e566bb3,2019-04-22,0.0050471817491594,0.631955658359883,0.0,0.0,4.665269543760026e-05,0.6126126126126126,5.2661857941442407e-05,0.2300469483568075,0.1680462018887091,0.2199532014465007,0.5395456260947263,0.4579999999999999,0.4,0.142,0.1210899686264447,0.0921052631578947,0.079395588490708,0.0795664816283373,0.4520701476793248,0.1042220695012998,0,0,,,,
0ab7acb36e6c710a7733c1c24e566bb3,2019-05-03,0.0122997939187967,0.7310740627591323,0.0,0.0,5.59535582381076e-05,0.5495495495495495,9.834990648473488e-05,0.2535211267605634,0.1623048271191542,0.1778345032971708,0.3865565193268582,0.644,0.25,0.107,0.099000186608507,0.1184210526315789,0.0619232327910611,0.1196669310071372,0.4602056962025316,0.2120596408402306,1,1,,,,
0ab7acb36e6c710a7733c1c24e566bb3,2019-05-25,0.0127011099461296,0.5638480338672368,0.0,0.0,6.855222299936534e-05,0.6756756756756757,4.067202416884333e-05,0.2112676056338028,0.232081718650062,0.3709848968304616,0.633397740065611,0.557,0.324,0.119,0.1546780420102401,0.0592105263157894,0.0960690094366931,0.0611155167856198,0.4529799578059071,0.100636447844145,0,0,,,,
0ab7acb36e6c710a7733c1c24e566bb3,2019-05-30,0.0081203224990057,0.6106795269061231,0.0,0.0,4.237616560053655e-05,0.6306306306306306,2.916843765703267e-05,0.2159624413145539,0.2255032168253132,0.3684322484577749,0.5682544700315152,0.498,0.385,0.1169999999999999,0.1520013762377392,0.0921052631578947,0.0920974931974758,0.1012424002114723,0.4493670886075949,0.1044013505841575,1,1,,,,
0ab7acb36e6c710a7733c1c24e566bb3,2019-05-31,0.0241765790520264,0.627316370619299,0.0,0.0,0.0001327306329691,0.6216216216216217,0.0005599904966811,0.2112676056338028,0.2193047142480906,0.3548181238034461,0.5293362450767558,0.486,0.4029999999999999,0.111,0.1445953511155689,0.0921052631578947,0.0865396862154808,0.0997356595294739,0.4412183544303797,0.1216123345385006,1,1,,,,
0ab7acb36e6c710a7733c1c24e566bb3,2020-01-07,0.2099027441339166,0.5206192990878541,0.0,0.0,4.361824595762491e-05,0.027027027027027,0.0216352327752969,0.2816901408450704,0.0206046126641333,0.0214847904701127,0.521352605892087,0.111,0.0,0.0,0.0745078200627471,0.2565789473684211,0.9349389220170208,0.1402326196140629,0.3445806962025316,0.299847611079571,0,0,,,,
0ab7acb36e6c710a7733c1c24e566bb3,2020-01-14,0.1902527206334285,0.5488390869811899,0.0,0.0,0.000437114019844,0.1171171171171171,0.0945151942384101,0.2863849765258215,0.1235467850558711,0.1114656456073175,0.4971662113035427,0.357,0.0,0.0,0.0808320989958129,0.1513157894736842,0.9487871244138252,0.1108643933386201,0.3625659282700422,0.2078465353930738,0,0,,,,
0ab7acb36e6c710a7733c1c24e566bb3,2020-01-15,0.1985248924400737,0.5478985728625672,0.0,0.0,0.000437114019844,0.1171171171171171,0.0945151942384101,0.3004694835680751,0.1547782083599834,0.1225271218889598,0.4911792883432416,0.357,0.0,0.0,0.0821573109714139,0.125,0.9408556706999364,0.1022204599524187,0.3688950421940928,0.1861535243672872,0,0,,,,
0ab7acb36e6c710a7733c1c24e566bb3,2020-01-23,0.2627463031924509,0.5294810806092611,0.0,0.0,0.0003722320263808,0.072072072072072,0.0527900800645142,0.2769953051643192,0.2272376688362993,0.1886832588810891,0.4611059678912548,0.143,0.0,0.0,0.083743483281044,0.1184210526315789,0.9718172870954668,0.1108908273856727,0.3806434599156117,0.1169809065646756,0,0,,,,
0ab7acb36e6c710a7733c1c24e566bb3,2020-01-25,0.2421815683864203,0.5445620390171518,0.0,0.0,3.829420214852308e-05,0.036036036036036,0.0249733138226193,0.2629107981220657,0.2342319124120546,0.1859178898106785,0.4571609211345476,0.0,0.0,0.0,0.0909556105013937,0.1052631578947368,0.9900769987842296,0.1180280200898757,0.3860759493670886,0.1230167030208862,0,0,,,,
0ab7acb36e6c710a7733c1c24e566bb3,2020-01-28,0.2453776347662605,0.539900929603282,0.0,0.0,0.0,0.0,0.0,0.2347417840375587,0.2553820685503593,0.1867687726015741,0.4611995135625095,0.0,0.0,0.0,0.0859580014228898,0.0921052631578947,0.0039599374746714,0.1306634945810203,0.372507911392405,0.1505064690590731,0,0,,,,
0ab7acb36e6c710a7733c1c24e566bb3,2020-02-01,0.2000976174120539,0.5791275695020296,0.0,0.0,0.0,0.0,0.0,0.2300469483568075,0.2746341096354264,0.1969793660923207,0.4436129273666248,0.0,0.0,0.0,0.0891215987683838,0.0986842105263157,0.0047588722283332,0.1227068464181866,0.3679852320675105,0.1464427645142977,0,0,,,,
0ab7acb36e6c710a7733c1c24e566bb3,2020-02-10,0.2478723019631946,0.521361235979575,0.0,0.0,0.0,0.0,0.0,0.244131455399061,0.2518285112306708,0.2178259944692618,0.4863794276940347,0.0,0.0,0.0,0.1032003358953126,0.0789473684210526,0.9861054825450124,0.0876024319323288,0.3589398734177215,0.1253174769175606,0,0,,,,
0ab7acb36e6c710a7733c1c24e566bb3,2020-02-18,0.2423406486134711,0.5369069960284555,0.0,0.0,0.0,0.0,0.0,0.2629107981220657,0.2457391173482824,0.2267602637736651,0.468338015993084,0.0,0.0,0.0,0.1002350100885224,0.1052631578947368,0.9742025125919064,0.1381971979910124,0.3697916666666666,0.1323990796904413,0,0,,,,
0ab7acb36e6c710a7733c1c24e566bb3,2020-02-24,0.2248490545572869,0.5682167328590758,0.0,0.0,0.0,0.0,0.0,0.2676056338028169,0.2514804921178374,0.2084662837694107,0.4376614872471444,0.0,0.0,0.0,0.0931919968276553,0.0986842105263157,0.9861054825450124,0.1541897964578377,0.3887790084388185,0.1042220695012998,0,0,,,,
0ab7acb36e6c710a7733c1c24e566bb3,2020-02-27,0.2282114320835894,0.5643455680181556,0.0,0.0,0.0,0.0,0.0,0.2535211267605634,0.2642706648105647,0.2131461391193363,0.4403775374263328,0.0,0.0,0.0,0.0904613895335953,0.1052631578947368,0.0071440977247727,0.1462595823420565,0.3951081223628692,0.1046403920279678,0,0,,,,
0ab7acb36e6c710a7733c1c24e566bb3,2020-03-05,0.2014317220434578,0.588593811373456,0.0,0.0,0.0,0.0,0.0,0.244131455399061,0.2533033597953271,0.2246330567964262,0.4284359486337493,0.0,0.0,0.0,0.0865863472551054,0.0921052631578947,0.0309616163955305,0.1119217552207243,0.4122890295358649,0.1308453103056742,0,0,,,,
0ab7acb36e6c710a7733c1c24e566bb3,2020-03-10,0.1907227303951697,0.5836882992187842,0.0,0.0,0.0,0.0,0.0,0.2394366197183098,0.2362824034011813,0.2369708572644118,0.4452354609059737,0.0,0.0,0.0,0.0941964754318237,0.1052631578947368,0.0373067793666415,0.1368490615913296,0.4122890295358649,0.1646696746048346,0,0,,,,
0ab7acb36e6c710a7733c1c24e566bb3,2020-03-16,0.236284753606421,0.4814450312049927,0.0,0.0,0.0,0.0,0.0,0.2535211267605634,0.2216204522367282,0.2220804084237396,0.5557225757961866,0.0,0.0,0.0,0.0957403692515832,0.0921052631578947,0.016673420945985,0.1253238170763944,0.4077663502109704,0.1405862491409448,0,0,,,,
0ab7acb36e6c710a7733c1c24e566bb3,2020-03-20,0.4005857044723236,0.3826561340723606,0.0,0.0,0.0,0.0,0.0,0.2535211267605634,0.2730313405319989,0.2382471814507551,0.5551645274814602,0.0,0.0,0.0,0.0854885643974294,0.0855263157894736,0.034134197881086,0.1252180808881839,0.4285601265822784,0.1481758149819225,1,1,,,,
0ab7acb36e6c710a7733c1c24e566bb3,2020-03-24,0.3345421020282729,0.4492231484310217,0.0,0.0,0.0,0.0,0.0,0.2629107981220657,0.3330994394070507,0.2724952137843012,0.5156850284991726,0.0,0.0,0.0,0.0651030428849675,0.0657894736842105,0.0547791350662884,0.1404440919904837,0.4602056962025316,0.1472794095676338,0,0,,,,
0ab7acb36e6c710a7733c1c24e566bb3,2020-03-29,0.2553056871181171,0.5818007244795532,0.0,0.0,0.0,0.0,0.0,0.244131455399061,0.3916023928665487,0.30525420123378,0.3904047946995087,0.0,0.0,0.0,0.0522649607538983,0.0657894736842105,0.0920974931974758,0.0876024319323288,0.4810126582278481,0.1314429139152,0,0,,,,
0ab7acb36e6c710a7733c1c24e566bb3,2020-04-07,0.0312773419140243,0.7764260463492341,0.0,0.0,0.0,0.0,0.0,0.2206572769953051,0.3300406335829038,0.3205700914699,0.3025847636681515,0.0,0.0,0.0,0.0420525186316931,0.0986842105263157,0.0944827186939153,0.0703145651599259,0.4593090717299578,0.162757343054352,0,0,,,,
0ab7acb36e6c710a7733c1c24e566bb3,2020-04-15,0.0302216276799595,0.7849517741020381,0.0,0.0,0.0,0.0,0.0,0.2535211267605634,0.2875126979946574,0.3275898744947883,0.2909238118893322,0.0,0.0,0.0,0.0349336956648511,0.0526315789473684,0.0714525560122734,0.0753370340999207,0.4692510548523206,0.126184002151373,0,0,,,,
0ab7acb36e6c710a7733c1c24e566bb3,2020-04-24,0.0209407426154235,0.8317854493082528,0.0,0.0,0.0,0.0,0.0,0.2723004694835681,0.1949998118815606,0.1971920867900446,0.2299739684976887,0.0,0.0,0.0,0.0289286922242567,0.0592105263157894,0.0412782956058588,0.0881311128733809,0.4547863924050632,0.1091821794603639,1,1,,,,
0ab7acb36e6c710a7733c1c24e566bb3,2020-05-02,0.0379550959904551,0.8154955702003228,0.0,0.0,0.0,0.0,0.0,0.2676056338028169,0.1844858723052033,0.1880450967879174,0.2388769358308952,0.0,0.0,0.0,0.0304609230123278,0.0789473684210526,0.0539802003126266,0.1014274385408406,0.4665348101265822,0.0892819792631547,1,1,,,,
0ab7acb36e6c710a7733c1c24e566bb3,2020-05-05,0.0352290393723561,0.8078405272116267,0.0,0.0,0.0,0.0,0.0,0.2769953051643192,0.2012190074871138,0.2076154009785152,0.252624923792535,0.0,0.0,0.0,0.0300862481193361,0.0986842105263157,0.0579517165518439,0.0879989426381179,0.4782964135021096,0.1246302327666059,0,0,,,,
0ab7acb36e6c710a7733c1c24e566bb3,2020-05-16,0.0189413933981705,0.7952428752236722,0.0,0.0,0.0,0.0,0.0,0.2488262910798122,0.2577015689077843,0.2646245479685173,0.2857755742575215,0.0,0.0,0.0,0.0315776582964975,0.1052631578947368,0.0492213280842934,0.0619349722442506,0.4394119198312236,0.1620402187229211,0,0,,,,
0ab7acb36e6c710a7733c1c24e566bb3,2020-05-20,0.03331646118804,0.7710230000436432,0.0,0.0,0.0,0.0,0.0,0.2347417840375587,0.2495993077241431,0.2816422037864284,0.3087523265453583,0.0,0.0,0.0,0.033426248819118,0.0657894736842105,0.0539802003126266,0.0722971186888712,0.4285601265822784,0.1201482056951624,0,0,,,,
0ab7acb36e6c710a7733c1c24e566bb3,2020-06-09,0.2127047254058353,0.6093244009950681,0.0,0.0,0.0,0.0,0.0,0.2347417840375587,0.2073704804544941,0.2484577749415017,0.3877274530739429,0.0,0.0,0.0,0.0611551066584247,0.0855263157894736,0.0833671047299253,0.127147766323024,0.4620253164556961,0.1021304568679594,0,0,,,,
0ab7acb36e6c710a7733c1c24e566bb3,2020-06-10,0.2045482483097726,0.6147689084799021,0.0,0.0,0.0,0.0,0.0,0.2347417840375587,0.2122878964596109,0.2482450542437779,0.386959733427094,0.0,0.0,0.0,0.0616012176205082,0.0855263157894736,0.0770103629942685,0.1465503568596352,0.4556962025316455,0.1197298831684943,0,0,,,,
0ab7acb36e6c710a7733c1c24e566bb3,2020-06-15,0.2239596514696843,0.5689848557587397,0.0,0.0,0.0,0.0,0.0,0.244131455399061,0.2298920200158019,0.2641991065730695,0.4373195616901444,0.0,0.0,0.0,0.0745471827946956,0.0723684210526315,0.0674810397730562,0.1199577055247158,0.4547863924050632,0.1184749155884901,0,0,,,,
0ab7acb36e6c710a7733c1c24e566bb3,2020-06-23,0.0933909396579775,0.663922227556409,0.0,0.0,0.0,0.0,0.0,0.2394366197183098,0.243163775913315,0.2716443309934056,0.4134686412329964,0.0,0.0,0.0,0.0683541129681249,0.0592105263157894,0.0523939095698489,0.0886333597673803,0.4339926160337552,0.084262108943138,0,0,,,,
0ab7acb36e6c710a7733c1c24e566bb3,2020-07-03,0.074145847644528,0.7237528913717103,0.0,0.0,0.0,0.0,0.0,0.2347417840375587,0.2550961285225178,0.2550521165709423,0.3421997425881184,0.0,0.0,0.0,0.0532082084417023,0.0855263157894736,0.0587506513055057,0.0624636531853026,0.4339926160337552,0.1001882451370006,0,0,,,,
0ab7acb36e6c710a7733c1c24e566bb3,2020-07-09,0.1918471383636429,0.6684938681098065,0.0,0.0,0.0,0.0,0.0,0.2253521126760563,0.2465461454531773,0.2410125505211656,0.3188746133176778,0.0,0.0,0.0,0.0468503982925321,0.0789473684210526,0.0587506513055057,0.0674332540311921,0.4249472573839662,0.106612483939403,0,0,,,,
0ab7acb36e6c710a7733c1c24e566bb3,2020-07-16,0.1956722947322752,0.6585650067647186,0.0,0.0,0.0,0.0,0.0,0.2065727699530516,0.2385116069077091,0.2444160816847479,0.3301388024218651,0.0,0.0,0.0,0.0547302340770459,0.0592105263157894,0.0690673305158339,0.1349986782976473,0.4159018987341772,0.1304867481399587,0,0,,,,
0ab7acb36e6c710a7733c1c24e566bb3,2020-07-23,0.0560793954951372,0.7249574477370924,0.0,0.0,0.0,0.0,0.0,0.2018779342723004,0.2481808946912976,0.2833439693682195,0.3565380359925034,0.0,0.0,0.0,0.0469422446670787,0.131578947368421,0.0563654258090661,0.2361882104150145,0.4764899789029536,0.3189709265843966,0,0,,,,
0ab7acb36e6c710a7733c1c24e566bb3,2020-07-27,0.0786507104378321,0.6984615720333435,0.0,0.0,0.0,0.0,0.0,0.1924882629107981,0.2232853004251476,0.2654754307594129,0.3755665158108313,0.0,0.0,0.0,0.0490343009761957,0.1381578947368421,0.0579517165518439,0.2159925984668252,0.4665348101265822,0.3166103923267697,0,0,,,,
0ab7acb36e6c710a7733c1c24e566bb3,2020-08-02,0.2228497053400339,0.6227403657312442,0.0,0.0,0.0,0.0,0.0,0.2159624413145539,0.1991647541291997,0.2597319719208679,0.3588444206458522,0.0,0.0,0.0,0.0683891020631903,0.0921052631578947,0.1119434956290164,0.0881311128733809,0.4755801687763712,0.1248991543908925,1,1,,,,
0ab7acb36e6c710a7733c1c24e566bb3,2020-08-09,0.2161574894247803,0.643494959193471,0.0,0.0,0.0,0.0,0.0,0.2535211267605634,0.2108977011926709,0.2316528398213146,0.3341354605834024,0.0,0.0,0.0,0.064503854631973,0.0657894736842105,0.080182944479824,0.1363732487443827,0.4782964135021096,0.092090716227926,0,0,,,,
0ab7acb36e6c710a7733c1c24e566bb3,2020-08-19,0.0888390758884992,0.7530724915986559,0.0,0.0,0.0,0.0,0.0,0.2769953051643192,0.2221659957108995,0.2256966602850457,0.2857497685551065,0.0,0.0,0.0,0.0433646096966445,0.1118421052631579,0.0293753256527528,0.1330954269098599,0.4448444092827003,0.138345235605223,0,0,,,,
0ab7acb36e6c710a7733c1c24e566bb3,2020-08-23,0.102252431396652,0.745009383319513,0.0,0.0,0.0,0.0,0.0,0.2816901408450704,0.1988035667256104,0.2169751116783663,0.2857013828630781,0.0,0.0,0.0,0.0475458065569564,0.1052631578947368,0.0301626816418688,0.1140629130319852,0.451173523206751,0.1416021752771386,0,0,,,,
0ab7acb36e6c710a7733c1c24e566bb3,2020-08-30,0.1098340503995083,0.7424235150351329,0.0,0.0,0.0,0.0,0.0,0.2910798122065727,0.1736935174385793,0.2112316528398213,0.2827627585005596,0.0,0.0,0.0,0.0492413197886658,0.0526315789473684,0.0277890349099751,0.0834787205921226,0.4583992616033754,0.1090327785579824,0,0,,,,
0ab7acb36e6c710a7733c1c24e566bb3,2020-09-10,0.1924219964568495,0.6836053768602975,0.0,0.0,0.0,0.0,0.0,0.3004694835680751,0.1233097558222657,0.1501808125930653,0.2960204381163127,0.0,0.0,0.0,0.0526002729149415,0.1052631578947368,0.0182597116887628,0.1395189003436426,0.4583992616033754,0.1127379209370424,0,0,,,,
0ab7acb36e6c710a7733c1c24e566bb3,2020-09-15,0.3025705918507538,0.574294068869201,0.0,0.0,0.0,0.0,0.0,0.2816901408450704,0.1172504608901764,0.1423101467772814,0.359331503278937,0.0,0.0,0.0,0.060727948122835,0.1184210526315789,0.0277890349099751,0.1402061855670103,0.4475474683544304,0.1048794334717781,0,0,,,,
0ab7acb36e6c710a7733c1c24e566bb3,2020-09-23,0.1908781951625149,0.5543883384977959,0.0,0.0,0.0,0.0,0.0,0.2253521126760563,0.1655047217728281,0.2025101042331419,0.4884084010464212,0.0,0.0,0.0,0.0662270675639425,0.0526315789473684,0.068279974526718,0.0862278614855934,0.4357990506329113,0.0997699226103325,0,0,,,,
0ab7acb36e6c710a7733c1c24e566bb3,2020-10-02,0.0807151379297877,0.592379871688561,0.0,0.0,0.0,0.0,0.0,0.2159624413145539,0.2065051356333948,0.2501595405232928,0.5305362102390575,0.0,0.0,0.0,0.0876170676805729,0.0789473684210526,0.0746251374978289,0.1295268305577584,0.430379746835443,0.1250186751127976,0,0,,,,
0ab7acb36e6c710a7733c1c24e566bb3,2020-10-10,0.1059618930547019,0.6070811329812771,0.0,0.0,0.0,0.0,0.0,0.2159624413145539,0.2111968095112683,0.2635609444798979,0.4862826563099781,0.0,0.0,0.0,0.0726052880185675,0.0855263157894736,0.0555780698199502,0.1005815490351572,0.4095727848101265,0.0917321540622105,0,0,,,,
0ab7acb36e6c710a7733c1c24e566bb3,2020-10-12,0.117299974691782,0.6031685069611138,0.0,0.0,0.0,0.0,0.0,0.2159624413145539,0.205432860528989,0.2593065305254201,0.4819505240170446,0.0,0.0,0.0,0.0772559219043398,0.0855263157894736,0.0635095235338389,0.1012424002114723,0.4177215189873417,0.0926285594764992,0,0,,,,
0ab7acb36e6c710a7733c1c24e566bb3,2020-10-20,0.1093351169601214,0.5976956313010081,0.0,0.0,0.0,0.0,0.0,0.2206572769953051,0.2057921667481846,0.2778132312273984,0.4971468570267314,0.0,0.0,0.0,0.0689839166793016,0.0592105263157894,0.0698662652694957,0.0906952154374834,0.4294699367088607,0.087040965727433,1,1,,,,
0ab7acb36e6c710a7733c1c24e566bb3,2020-10-26,0.0831844969087819,0.6063850216034565,0.0,0.0,0.0,0.0,0.0,0.2018779342723004,0.2375747770796493,0.3080195703041906,0.5076304236328623,0.0,0.0,0.0,0.051082620916481,0.0855263157894736,0.0920974931974758,0.1670631773724557,0.434889240506329,0.1170705471061045,0,0,,,,
0ab7acb36e6c710a7733c1c24e566bb3,2020-10-31,0.0644347228750135,0.6360777724435909,0.0,0.0,0.0,0.0,0.0,0.2018779342723004,0.2525565295910305,0.2965326526271006,0.4804666961281769,0.0,0.0,0.0,0.0504557329632264,0.0921052631578947,0.1008278816650263,0.1523922812582606,0.4457410337552742,0.123195984103744,1,1,,,,
0ab7acb36e6c710a7733c1c24e566bb3,2020-11-07,0.0458982609638815,0.6750010910836645,0.0,0.0,0.0,0.0,0.0,0.1924882629107981,0.2565371157680876,0.31674111891087,0.4394678864162007,0.0,0.0,0.0,0.040112081734526,0.1052631578947368,0.079395588490708,0.0574147501982553,0.414095464135021,0.1805659306182209,0,0,,,,
0ab7acb36e6c710a7733c1c24e566bb3,2020-11-10,0.0429082757872663,0.6781455942041635,0.0,0.0,0.0,0.0,0.0,0.1830985915492957,0.2528198954061477,0.3258881089129972,0.4374872987558425,0.0,0.0,0.0,0.04294474055586,0.1052631578947368,0.0770103629942685,0.0674332540311921,0.4005406118143459,0.1793109630382167,0,0,,,,
0ab7acb36e6c710a7733c1c24e566bb3,2020-11-17,0.0480819986261253,0.6717562082660498,0.0,0.0,0.0,0.0,0.0,0.1971830985915493,0.2655066029572218,0.3250372261221017,0.4423161908202665,0.0,0.0,0.0,0.049808434704517,0.1052631578947368,0.0770103629942685,0.075178429817605,0.4131988396624472,0.1844802342606149,1,1,,,,
0ab7acb36e6c710a7733c1c24e566bb3,2020-11-20,0.1708883184496908,0.6084624449002748,0.0,0.0,0.0,0.0,0.0,0.2018779342723004,0.2757364836901313,0.3097213358859816,0.4263102038973062,0.0,0.0,0.0,0.0525230053300054,0.1052631578947368,0.0785966537370462,0.090192968543484,0.4213343881856539,0.1587533988705292,0,0,,,,
0ab7acb36e6c710a7733c1c24e566bb3,2020-11-27,0.1977439531436422,0.6302142888316675,0.0,0.0,0.0,0.0,0.0,0.2159624413145539,0.254202565935513,0.2561157200595618,0.3701957039956904,0.0,0.0,0.0,0.0514616694463558,0.0855263157894736,0.0722514907659352,0.0867036743325403,0.4294699367088607,0.113933128156094,0,0,,,,
0ab7acb36e6c710a7733c1c24e566bb3,2020-11-28,0.2509454427130409,0.6114672893117445,0.0,0.0,0.0,0.0,0.0,0.2300469483568075,0.2491271304413258,0.2580302063390767,0.35044466450974,0.0,0.0,0.0,0.0434724927397627,0.0657894736842105,0.0674810397730562,0.0965900079302141,0.4385152953586497,0.0664834015597454,1,1,,,,
0ab7acb36e6c710a7733c1c24e566bb3,2020-12-01,0.2576738132253516,0.6348644874088946,0.0,0.0,0.0,0.0,0.0,0.2394366197183098,0.232506866323037,0.2393107849393745,0.3098555203236035,0.0,0.0,0.0,0.0412652639927222,0.0723684210526315,0.0563654258090661,0.1082738567274649,0.4339926160337552,0.0617324528640153,0,0,,,,
0ab7acb36e6c710a7733c1c24e566bb3,2020-12-10,0.1404823023247406,0.7234037445991358,0.0,0.0,0.0,0.0,0.0,0.244131455399061,0.243342488430716,0.2278238672622846,0.2835304781474086,0.0,0.0,0.0,0.0398948577693285,0.1118421052631579,0.0468361025878538,0.1426381178958498,0.4312763713080168,0.1534944871067021,0,0,,,,
0ab7acb36e6c710a7733c1c24e566bb3,2020-12-17,0.1558299287754438,0.6270588748745255,0.0,0.0,0.0,0.0,0.0,0.2112676056338028,0.2305015237593589,0.1952776005105296,0.4122557732194871,0.0,0.0,0.0,0.0594158570578836,0.125,0.0555780698199502,0.1819719799101242,0.4050632911392405,0.190874592882541,0,0,,,,
0ab7acb36e6c710a7733c1c24e566bb3,2020-12-25,0.1856502404280704,0.5720442543534239,0.0,0.0,0.0,0.0,0.0,0.1971830985915493,0.2252699499604951,0.2237821740055307,0.4669735394778861,0.0,0.0,0.0,0.0656351687057533,0.1184210526315789,0.0611358768019452,0.1447264076130055,0.3978243670886076,0.1776974332924971,0,0,,,,
0ab7acb36e6c710a7733c1c24e566bb3,2021-01-11,0.2194475577569687,0.6179745122856021,0.0,0.0,0.0,0.0,0.0,0.2816901408450704,0.1975807968697091,0.1637949372473941,0.3689247731517472,0.0,0.0,0.0,0.0571517710313618,0.0986842105263157,0.0317489723846465,0.1223896378535553,0.453876582278481,0.0873098873517196,1,1,,,,
0ab7acb36e6c710a7733c1c24e566bb3,2021-01-13,0.2095448136230522,0.6164775454981888,0.0,0.0,0.0,0.0,0.0,0.2816901408450704,0.1840362692351104,0.164007657945118,0.3799728394982081,0.0,0.0,0.0,0.0529851529606605,0.0723684210526315,0.0325479071383083,0.0838487972508591,0.4556962025316455,0.0846505512893298,0,0,,,,
0ab7acb36e6c710a7733c1c24e566bb3,2021-01-19,0.1828916446726201,0.6167524985815913,0.0,0.0,0.0,0.0,0.0,0.2629107981220657,0.1619116595808721,0.165922144224633,0.4033495801734788,0.0,0.0,0.0,0.0574433468235733,0.0723684210526315,0.0365194233775256,0.0989426381178958,0.4403217299578058,0.0533062419697015,0,0,,,,
0ab7acb36e6c710a7733c1c24e566bb3,2021-01-29,0.0697783723200405,0.6719744249989088,0.0,0.0,0.0,0.0,0.0,0.2065727699530516,0.1928101132473005,0.2110189321420974,0.4226361170159576,0.0,0.0,0.0,0.0884976265730514,0.0789473684210526,0.0746251374978289,0.1263018768173407,0.4213343881856539,0.1001882451370006,0,0,,,,
0ab7acb36e6c710a7733c1c24e566bb3,2021-02-03,0.086539643515673,0.6818116353161959,0.0,0.0,0.0,0.0,0.0,0.1924882629107981,0.1911076413710072,0.1948521591150818,0.3931401991555084,0.0,0.0,0.0,0.0713485963541362,0.0921052631578947,0.1000405256759103,0.1235527359238699,0.4376054852320674,0.1003675262198583,1,1,,,,
0ab7acb36e6c710a7733c1c24e566bb3,2021-02-12,0.0621352905021873,0.7401998865272987,0.0,0.0,0.0,0.0,0.0,0.2253521126760563,0.185896760600474,0.1561369921293341,0.3286065888409691,0.0,0.0,0.0,0.0336478464211987,0.1052631578947368,0.0817692352226017,0.1278086174993391,0.4493670886075949,0.1989422416111393,1,1,,,,
0ab7acb36e6c710a7733c1c24e566bb3,2021-02-14,0.0736252214469069,0.7528084493518963,0.0,0.0,0.0,0.0,0.0,0.2300469483568075,0.1773204409496218,0.1491172091044458,0.2997138792744726,0.0,0.0,0.0,0.0266164961920201,0.0986842105263157,0.0746251374978289,0.1316415543219667,0.4484572784810126,0.1998087668449517,0,0,,,,
0ab7acb36e6c710a7733c1c24e566bb3,2021-03-09,0.0629126143389132,0.7872386854624013,0.0,0.0,0.0,0.0,0.0,0.2300469483568075,0.2044809812257797,0.1791108274835141,0.2583763697182984,0.0,0.0,0.0,0.0209351418807804,0.0921052631578947,0.0714525560122734,0.1227068464181866,0.4430379746835443,0.2059939642035438,0,0,,,,
0ab7acb36e6c710a7733c1c24e566bb3,2021-03-16,0.0573448063921327,0.7681490856718892,0.0,0.0,0.0,0.0,0.0,0.2300469483568075,0.1962714925316979,0.1795362688789619,0.2915657287369076,0.0,0.0,0.0,0.0229266045415845,0.0723684210526315,0.080182944479824,0.0814697330161247,0.451173523206751,0.1299190247109092,0,0,,,,
0ab7acb36e6c710a7733c1c24e566bb3,2021-03-22,0.0997505332803065,0.7261576397678172,0.0,0.0,0.0,0.0,0.0,0.2206572769953051,0.2207758004439595,0.2033609870240374,0.315803734730282,0.0,0.0,0.0,0.021382710721825,0.125,0.0905112024546981,0.1307427967221781,0.4529799578059071,0.100636447844145,1,1,,,,
0ab7acb36e6c710a7733c1c24e566bb3,2021-04-13,0.0900394085107921,0.6788438877493126,0.0,0.0,0.0,0.0,0.0,0.244131455399061,0.1434478347567628,0.1548606679429908,0.3944046785738478,0.0,0.0,0.0,0.0569724519191518,0.0592105263157894,0.0706536212586117,0.074649748876553,0.4583992616033754,0.0952281351779364,1,1,,,,
0ab7acb36e6c710a7733c1c24e566bb3,2021-05-09,0.0706533135688202,0.6428795880068084,0.0,0.0,3.930634041418844e-09,0.0,0.0,0.1971830985915493,0.1989465367395312,0.2291001914486279,0.4648639233054524,0.0,0.0,0.0,0.0822010473402456,0.0789473684210526,0.0936837839402535,0.0898228918847475,0.4312763713080168,0.1329668031194908,0,0,,,,
0ab7acb36e6c710a7733c1c24e566bb3,2021-05-18,0.0968075490798655,0.6290140968009427,0.0,0.0,0.0,0.0,0.0,0.2112676056338028,0.1888765566800857,0.2103807700489257,0.4620220703269905,0.0,0.0,0.0,0.0939413466136387,0.0657894736842105,0.0889249117119203,0.1101771081152524,0.4430379746835443,0.0900588639555382,1,1,,,,
0ab7acb36e6c710a7733c1c24e566bb3,2021-05-27,0.0732528290972197,0.6512154672020252,0.0,0.0,0.0,0.0,0.0,0.2018779342723004,0.1854038902893261,0.1867687726015741,0.4502191871848882,0.0,0.0,0.0,0.1010368435171038,0.0526315789473684,0.0817692352226017,0.0942638117895849,0.4240506329113923,0.0892222189022021,0,0,,,,
0ab7acb36e6c710a7733c1c24e566bb3,2021-06-02,0.0863769478289164,0.6076965041679396,0.0,0.0,0.0,0.0,0.0,0.2112676056338028,0.1988581210730275,0.1995320144650074,0.5028434658348628,0.0,0.0,0.0,0.1035079483560956,0.0921052631578947,0.0865396862154808,0.1901665344964314,0.4385152953586497,0.1312636328323423,0,0,,,,
0ab7acb36e6c710a7733c1c24e566bb3,2021-06-07,0.23331646118804,0.4882490289355388,0.0,0.0,0.0,0.0,0.0,0.1737089201877934,0.2124985891117047,0.2150606253988513,0.5483131134902535,0.0,0.0,0.0,0.1077722443171878,0.1381578947368421,0.1024141724078041,0.2259846682527095,0.4186181434599155,0.1635043475662593,0,0,,,,
0ab7acb36e6c710a7733c1c24e566bb3,2021-06-11,0.255027296720778,0.4112621655828569,0.0,0.0,0.0,0.0,0.0,0.1549295774647887,0.2153071974114902,0.2267602637736651,0.6427458557654778,0.0,0.0,0.0,0.1285849243652395,0.131578947368421,0.1246454003357841,0.2460481099656357,0.4240506329113923,0.1953566199539845,1,1,,,,
0ab7acb36e6c710a7733c1c24e566bb3,2021-06-15,0.3712064789037926,0.3388884039628159,0.0,0.0,0.0,0.0,0.0,0.1126760563380281,0.2324598367131946,0.2444160816847479,0.6460747913770245,0.0,0.0,0.0,0.1276402187984744,0.0921052631578947,0.1452903375209865,0.1971186888712662,0.3987341772151898,0.1953566199539845,0,0,,,,
0ba15aa0582c5e825710d42fe3eb231d,2018-11-14,0.0,0.8228298345917165,0.3681269734663513,0.3045685279187817,1.0730630933073443e-05,0.2702702702702703,4.011539901504603e-05,0.8450704225352113,0.1913352646826442,0.2829185279727717,0.1051259802134776,0.0,0.6,0.4,,,0.8336710472992532,0.0,0.8354430379746837,0.0,0,0,0.0,0.0735294117647058,0.0321743851676084,0.0201793721973094
0ba15aa0582c5e825710d42fe3eb231d,2018-11-17,0.0088036443833833,0.7968227643695718,0.416024196971181,0.3350253807106599,5.874332574900462e-05,0.3153153153153153,0.0001722850820856,0.4178403755868544,0.3456544640505662,0.389278876834716,0.110480663464609,0.231,0.23,0.54,,0.4144736842105263,0.0861460082209228,0.3382500660851176,0.6613924050632911,0.2536229718827502,1,1,0.0,0.2205882352941176,0.1293008103923264,0.0313901345291479
0ba15aa0582c5e825710d42fe3eb231d,2018-11-18,0.0077515456090241,0.742464976214376,0.5648766131702789,0.4027072758037225,4.9127029566673416e-05,0.3063063063063063,0.0001459125661781,0.3380281690140844,0.398935249633169,0.3897043182301637,0.1554793570509243,0.185,0.346,0.469,,0.4342105263157895,0.0933711572975163,0.304335183716627,0.5848101265822784,0.4146472644694774,0,0,0.0,0.1764705882352941,0.1034406483138611,0.0255605381165919
0ba15aa0582c5e825710d42fe3eb231d,2018-11-21,0.0958964532340287,0.6234364771090648,0.5530416450955425,0.3620981387478849,0.0029023123727464,0.3153153153153153,0.0338590474501894,0.2535211267605634,0.4773354904247714,0.4352265475430759,0.179991548632459,0.366,0.272,0.363,,0.3684210526315789,0.0666936837839402,0.3710018503832937,0.4620253164556961,0.5825738787462277,0,0,0.0,0.349264705882353,0.2422932293028213,0.0573991031390134
0ba15aa0582c5e825710d42fe3eb231d,2018-11-24,0.0854260819263169,0.6510867193296381,0.5008138726813957,0.4213197969543147,0.0021351774054923,0.2702702702702703,0.061293540171231,0.2723004694835681,0.4708642161104631,0.3894915975324399,0.1471054066172272,0.539,0.198,0.264,,0.3684210526315789,0.0788166502634169,0.3212529738302934,0.4971123417721518,0.5897750022410135,0,0,0.0,0.3088235294117647,0.2004866375756601,0.0426008968609865
0ba15aa0582c5e825710d42fe3eb231d,2018-11-25,0.0859358617448208,0.660109981233361,0.5065343015853028,0.4517766497461928,0.0019777053965494,0.2702702702702703,0.0673797947666755,0.2676056338028169,0.4669588773091538,0.392895128696022,0.1422410317119825,0.5770000000000001,0.181,0.242,,0.3486842105263158,0.0833671047299253,0.3094898228918847,0.4957805907172995,0.5647652911823587,0,0,0.0,0.2867647058823529,0.2162923042892477,0.0390134529147982
0ba15aa0582c5e825710d42fe3eb231d,2018-11-28,0.1014425684225749,0.6572818923755075,0.4811456715499027,0.4382402707275803,0.0017848321321125,0.2522522522522522,0.086576625488924,0.1784037558685446,0.5298826140938335,0.4228887470750904,0.1350734978661909,0.7090000000000001,0.1119999999999999,0.179,,0.2434210526315789,0.1206738840965669,0.2897700237906424,0.4457410337552742,0.4998057788269041,0,0,0.0,0.3970588235294118,0.3572362203141024,0.0446188340807174
0ba15aa0582c5e825710d42fe3eb231d,2018-12-01,0.1861672511659857,0.5753196875136387,0.4591477890180824,0.4500846023688663,0.0019741806004728,0.2342342342342342,0.1154085608475202,0.1455399061032863,0.5608055231573799,0.4454371410338226,0.1417894319197184,0.857,0.09,0.053,,0.2302631578947368,0.1079719793897991,0.2826328310864394,0.3924050632911392,0.4714494875549049,0,0,0.0,0.4595588235294118,0.4132196505057411,0.0392376681614349
0ba15aa0582c5e825710d42fe3eb231d,2018-12-03,0.1945189630861564,0.6064744904639289,0.3361177573493403,0.4179357021996616,0.0019994260802623,0.2072072072072072,0.1346769274990171,0.164319248826291,0.5539448436735769,0.4262922782386726,0.1078710618078829,1.0,0.0,0.0,,0.2302631578947368,0.1047993979042436,0.2771081152524451,0.4122890295358649,0.4396868557086085,0,0,0.0,0.4375,0.3762593255444509,0.0381165919282511
0ba15aa0582c5e825710d42fe3eb231d,2018-12-06,0.4294443038432337,0.4215598132064767,0.3211742153940869,0.3908629441624365,0.0018343895661067,0.2342342342342342,0.1277208469319151,0.1502347417840375,0.5880337860717108,0.4533078068496064,0.104690508985223,0.857,0.0,0.0,,0.2368421052631579,0.1127424303826781,0.1977002379064235,0.4050632911392405,0.3815997848627006,0,0,0.0,0.4117647058823529,0.3564720786663717,0.0230941704035874
0ba15aa0582c5e825710d42fe3eb231d,2018-12-07,0.5641057160417947,0.3373063326495876,0.3111675458357236,0.3620981387478849,0.0021537850270443,0.2612612612612612,0.1209943710417593,0.1502347417840375,0.5873396290304376,0.4577749415018081,0.1039292407639778,0.7859999999999999,0.0,0.0,,0.2368421052631579,0.1214728188502286,0.2100185038329368,0.414095464135021,0.3810619416141274,0,0,0.0,0.4154411764705882,0.3655211244947616,0.0405829596412556
0ba15aa0582c5e825710d42fe3eb231d,2018-12-09,0.657015799558914,0.2250010910836643,0.2745292830924363,0.3197969543147207,0.0030344386707317,0.2972972972972973,0.1177330402857583,0.1173708920187793,0.637460024831634,0.4667092108062114,0.1292994719508143,0.643,0.0,0.0,,0.1184210526315789,0.1214728188502286,0.2086968014803066,0.3779272151898734,0.2059342038425912,0,0,0.0,0.4080882352941176,0.3532948581310704,0.0403587443946188
0ba15aa0582c5e825710d42fe3eb231d,2018-12-13,0.7012147944611158,0.1675577183258412,0.3459075496602256,0.3485617597292724,0.0033800691485787,0.2972972972972973,0.1177329123259528,0.1830985915492957,0.6167594717634222,0.3958732184641565,0.1363992658277663,0.643,0.0,0.0,,0.131578947368421,0.0984426561685868,0.1376156489558551,0.4213343881856539,0.2000179281082857,0,0,0.0,0.2904411764705882,0.2132960646705142,0.0376681614349775
0ba15aa0582c5e825710d42fe3eb231d,2018-12-16,0.6766911312773418,0.1554903329987343,0.4959236405527805,0.4416243654822335,0.003429437912139,0.3243243243243243,0.1178408976057895,0.1830985915492957,0.632013996011889,0.3737502659008721,0.1542019747813773,0.643,0.0,0.0,,0.131578947368421,0.1063856886470213,0.1289188474755485,0.4321861814345991,0.1892909433172976,0,0,0.0,0.338235294117647,0.2357175893341913,0.0531390134529147
0ba15aa0582c5e825710d42fe3eb231d,2018-12-20,0.4270364076792364,0.3434338585082703,0.5563601001832962,0.4636209813874788,0.0020894513570299,0.2792792792792793,0.1247048663069234,0.1971830985915493,0.5912562549381091,0.3012125079770261,0.1555793541477828,0.7859999999999999,0.0,0.0,,0.1118421052631579,0.0635095235338389,0.3465239228125826,0.4819092827004219,0.3384229240744614,0,0,0.0,0.3897058823529412,0.2713507209073177,0.0547085201793721
0ba15aa0582c5e825710d42fe3eb231d,2018-12-24,0.1462742687732745,0.5069654781128616,0.5399940300456608,0.4517766497461928,0.0005254618985345,0.2162162162162162,0.1346922250937611,0.295774647887324,0.4719496595056248,0.2482450542437779,0.2386801673499801,0.923,0.0,0.0,,0.3355263157894737,0.0034157355410177,0.3755220724292889,0.5219013713080168,0.4701347596139481,0,0,0.0,0.4338235294117647,0.2682137183534758,0.0437219730941704
0ba15aa0582c5e825710d42fe3eb231d,2018-12-26,0.1356195090205719,0.5239929297778554,0.5595363024528117,0.4450084602368866,0.0004889728400695,0.2162162162162162,0.1346476502955254,0.2676056338028169,0.4566894917039768,0.2803658796000851,0.2399575496195271,0.923,0.0,0.0,,0.3486842105263158,0.0290626990100156,0.4164419772667195,0.5219013713080168,0.4706726028625213,1,1,0.0,0.4375,0.3061392748697943,0.0345291479820627
0ba15aa0582c5e825710d42fe3eb231d,2018-12-27,0.1433095918145992,0.543158905424868,0.5984879225025302,0.4703891708967851,0.0005016275163658,0.2252252252252252,0.1347188343353087,0.2676056338028169,0.4562963241656947,0.2882365454158689,0.2250999164540384,0.923,0.0,0.0,,0.3486842105263158,0.0205175707751982,0.4095162569389374,0.5141086497890295,0.4716586488182389,0,0,0.0,0.4669117647058823,0.2836775322246577,0.0376681614349775
0ba15aa0582c5e825710d42fe3eb231d,2018-12-31,0.1316461188040059,0.60840789071706,0.5080827584920268,0.4247038917089679,0.0003424545255415,0.1891891891891892,0.1346357052476847,0.2629107981220657,0.4331333007261371,0.2927036800680705,0.1950524017044666,0.923,0.0,0.0,,0.3552631578947369,0.035905748856597,0.433756278086175,0.5277426160337553,0.4616189081782054,0,0,0.0,0.5330882352941176,0.2693800398158016,0.0345291479820627
0ba15aa0582c5e825710d42fe3eb231d,2019-01-04,0.1365559130843486,0.6438070091214596,0.5618193435848643,0.4703891708967851,0.0015877186962035,0.2522522522522522,0.1215380978471652,0.2629107981220657,0.4787783588547349,0.3705594554350138,0.1263931047163146,0.8270000000000001,0.077,0.019,,0.375,0.0803682047125571,0.3050224689399947,0.4897679324894515,0.4661009352496489,0,0,0.0,0.4889705882352941,0.2851655975386595,0.0600896860986547
0ba15aa0582c5e825710d42fe3eb231d,2019-01-06,0.1266603998698434,0.6286802251996682,0.5756738352759005,0.4754653130287648,0.0014730483439961,0.2882882882882883,0.1032676193406409,0.2065727699530516,0.5006734640129425,0.3820463731121037,0.1498762939140476,0.8490000000000001,0.128,0.023,,0.1973684210526315,0.1024141724078041,0.2552207242928893,0.4547863924050632,0.3265903726058505,0,0,0.0,0.4558823529411765,0.2709887590741821,0.0831838565022421
0ba15aa0582c5e825710d42fe3eb231d,2019-01-10,0.1014027983658122,0.6376598437568192,0.5321701250425592,0.4805414551607445,0.0013908460116294,0.3243243243243243,0.0647469577892143,0.1877934272300469,0.4555400880394296,0.3984258668368432,0.179991548632459,0.7559999999999999,0.221,0.023,,0.1644736842105263,0.1190875933537891,0.1708696801480306,0.451173523206751,0.3264409717034691,0,0,0.0,0.4375,0.2751312111645116,0.0896860986547085
0ba15aa0582c5e825710d42fe3eb231d,2019-01-13,0.0691854369283054,0.6561035220180684,0.5035539884425415,0.4213197969543147,0.0013668701266353,0.3423423423423423,0.0359338453180028,0.1971830985915493,0.419517288084578,0.4071474154435226,0.1847559264408452,0.6920000000000001,0.285,0.023,,0.1447368421052631,0.1000405256759103,0.1864657679090669,0.4385152953586497,0.3443093196282906,0,0,0.0,0.349264705882353,0.2886042349534477,0.0820627802690583
0ba15aa0582c5e825710d42fe3eb231d,2019-01-15,0.0518673849379948,0.686206520315978,0.5353393312718334,0.4534686971235194,0.0013540140053443,0.3513513513513513,0.0167101494345958,0.1877934272300469,0.3856089393882388,0.3935332907891937,0.1824172846594776,0.652,0.325,0.023,,0.1447368421052631,0.0960690094366931,0.1821305841924398,0.4267536919831223,0.3229748707682194,0,0,0.0,0.3529411764705882,0.3392185646202417,0.0798206278026905
0ba15aa0582c5e825710d42fe3eb231d,2019-01-17,0.0229437072923822,0.729038100641557,0.5245234530589019,0.3993231810490694,7.080840693913976e-05,0.3513513513513513,4.065922818829626e-05,0.2112676056338028,0.3462827796380601,0.4043820463731121,0.1662177549684041,0.59,0.387,0.023,,0.1052631578947368,0.1024141724078041,0.1686492201956119,0.4565928270042194,0.2015119371321002,1,1,0.0,0.349264705882353,0.3399022703050534,0.0742152466367713
0ba15aa0582c5e825710d42fe3eb231d,2019-01-19,0.0222061535124191,0.7138982237157947,0.5528877322102356,0.4213197969543147,7.146482282405671e-05,0.3243243243243243,4.0531268382825616e-05,0.2112676056338028,0.3540746453967418,0.4077855775366942,0.1645178043218099,0.613,0.379,0.008,,0.1118421052631579,0.1079719793897991,0.1603224953740417,0.4638317510548522,0.2041413930140138,1,1,0.0,0.338235294117647,0.3628064107462447,0.0506726457399103
0ba15aa0582c5e825710d42fe3eb231d,2019-01-20,0.0293394555117683,0.6964037882424823,0.5678755824203501,0.4365482233502538,8.874978602119607e-05,0.3243243243243243,4.066562617856979e-05,0.2159624413145539,0.3592403777418262,0.4233141884705381,0.179423823179327,0.633,0.36,0.008,,0.1184210526315789,0.1000405256759103,0.1555379328575205,0.4583992616033754,0.1906355514387307,1,1,0.0,0.3529411764705882,0.3676124595306562,0.0569506726457399
0ba15aa0582c5e825710d42fe3eb231d,2019-01-24,0.0204237318775082,0.6870946624187143,0.5888357189830555,0.4399323181049069,7.301054466084466e-05,0.3513513513513513,4.046089048981676e-05,0.2112676056338028,0.3741863877497272,0.4062965326526271,0.1934008367499008,0.616,0.373,0.011,,0.1184210526315789,0.1079719793897991,0.183584456780333,0.4638317510548522,0.1929064451549287,0,0,0.0,0.338235294117647,0.335417965372318,0.0789237668161435
0ba15aa0582c5e825710d42fe3eb231d,2019-01-27,0.0173144365306048,0.6269017588268667,0.6839212339149374,0.4788494077834179,7.728510918088765e-05,0.4054054054054054,0.0001000389759169,0.2065727699530516,0.371966590165168,0.4145926398638587,0.2662374318164957,0.512,0.39,0.0969999999999999,,0.1052631578947368,0.1246454003357841,0.1605339677504626,0.4801028481012658,0.0966325036603221,0,0,0.0,0.3529411764705882,0.3033240161676286,0.0961883408071748
0ba15aa0582c5e825710d42fe3eb231d,2019-01-30,0.017748291695289,0.5913738925500808,0.7234092170498164,0.5008460236886633,7.947152436642689e-05,0.4324324324324324,0.0001348632369757,0.1877934272300469,0.3941363482448549,0.4128908742820676,0.2883303387966155,0.46,0.431,0.109,,0.1184210526315789,0.1079719793897991,0.3770552471583399,0.5216904008438819,0.3110526787581797,0,0,0.0,0.3345588235294117,0.3037664139636831,0.1230941704035874
0ba15aa0582c5e825710d42fe3eb231d,2019-02-02,0.0226255468382804,0.5923624143499325,0.7598912348943831,0.4991539763113367,9.105018959393646e-05,0.4234234234234234,0.0001666996365768,0.1690140845070422,0.408952556529591,0.4488406721974048,0.2924463483318226,0.491,0.407,0.102,,0.1052631578947368,0.1238580443466682,0.377451757864129,0.5162710970464134,0.3220187049929782,0,0,0.0,0.3272058823529412,0.2745882684148082,0.1695067264573991
0ba15aa0582c5e825710d42fe3eb231d,2019-02-05,0.0149390795039589,0.6020141404442891,0.7691469961335217,0.4619289340101523,7.627493623224303e-05,0.3963963963963964,0.0001666612486352,0.1690140845070422,0.4045505850483464,0.4571367794086364,0.2899948066023889,0.471,0.413,0.1159999999999999,,0.125,0.1175013026110114,0.3886069257203278,0.5126582278481012,0.3233931932948875,0,0,0.0,0.349264705882353,0.2933097387842104,0.1910313901345291
0ba15aa0582c5e825710d42fe3eb231d,2019-02-10,0.0229075526953252,0.6265940732335357,0.7365524446496616,0.4399323181049069,6.992204896279981e-05,0.3963963963963964,0.0001071087551692,0.2112676056338028,0.4294894465555514,0.4628802382471814,0.2321480989261602,0.407,0.408,0.185,,0.1644736842105263,0.0611358768019452,0.3789056304520222,0.4918512658227848,0.3455344070278184,1,1,0.0,0.3639705882352941,0.421202919825454,0.2221973094170403
0ba15aa0582c5e825710d42fe3eb231d,2019-02-13,0.0230630174626703,0.6500501898485576,0.7417761546964419,0.44331641285956,6.51443632854552e-05,0.3693693693693693,7.213094234380047e-05,0.2206572769953051,0.4603709695624365,0.4830887045309508,0.2120067481911815,0.456,0.359,0.185,,0.1578947368421052,0.0746251374978289,0.2192175522072429,0.4376054852320674,0.1505064690590731,0,0,0.0,0.3235294117647059,0.3808441754308351,0.2831838565022421
0ba15aa0582c5e825710d42fe3eb231d,2019-02-16,0.0365776058425828,0.6416139309562259,0.6616924820551567,0.4263959390862944,0.0003275014109895,0.3423423423423423,0.0015029263031943,0.2253521126760563,0.472711539185071,0.4390555201021059,0.1961265640674948,0.455,0.289,0.185,,0.1447368421052631,0.0563654258090661,0.2084588950568332,0.4213343881856539,0.1507753906833597,0,0,0.0,0.2977941176470588,0.3698244485109292,0.316591928251121
0ba15aa0582c5e825710d42fe3eb231d,2019-02-17,0.0821577063523627,0.607469558765766,0.6288134249348203,0.4348561759729272,0.000587431292173,0.3603603603603604,0.00295770133159,0.2065727699530516,0.4946649610594831,0.4496915549883004,0.1973071749529852,0.457,0.263,0.208,,0.1447368421052631,0.0555780698199502,0.210335712397568,0.4014372362869198,0.2052469596916365,0,0,0.0,0.3088235294117647,0.3920448832673088,0.3461883408071749
0ba15aa0582c5e825710d42fe3eb231d,2019-02-21,0.0769152897790954,0.6216951075808493,0.5464886874029299,0.467005076142132,0.0005793361513647,0.2972972972972973,0.0029875863441577,0.1924882629107981,0.5409947703073855,0.4379919166134864,0.1850010806137886,0.634,0.226,0.069,,0.1513157894736842,0.0730388467550512,0.2446471054718477,0.4041534810126582,0.207248931783548,0,0,0.0,0.2904411764705882,0.5198375193549036,0.3659192825112107
0ba15aa0582c5e825710d42fe3eb231d,2019-02-23,0.084055822697856,0.6257233884694277,0.6053743581133079,0.4720812182741116,0.0005935719252042,0.2882882882882883,0.0029872088627315,0.1596244131455399,0.5318672636291809,0.461816634758562,0.1908009122315803,0.7240000000000001,0.1689999999999999,0.036,,0.131578947368421,0.0865396862154808,0.2292096219931271,0.3860759493670886,0.2194400454178743,0,0,0.0,0.2536764705882353,0.3799191618572664,0.3641255605381166
0ba15aa0582c5e825710d42fe3eb231d,2019-02-25,0.0865685671933186,0.6070680399773054,0.627167023464719,0.4602368866328257,0.0005943354508667,0.3063063063063063,0.0029875863441577,0.1690140845070422,0.5335810226118364,0.5007445224420336,0.2021167127405978,0.706,0.149,0.074,,0.131578947368421,0.0746251374978289,0.2248215701823949,0.3824498945147679,0.2219499805778827,0,0,0.0,0.2830882352941176,0.3854692432986789,0.384304932735426
0ba15aa0582c5e825710d42fe3eb231d,2019-03-04,0.0634730105932969,0.5998428839523413,0.6491579099562981,0.4145516074450084,0.0002800783112798,0.2972972972972973,0.0017140727782014,0.2112676056338028,0.5511343541893977,0.503722612210168,0.208358467012248,0.5579999999999999,0.25,0.121,,0.131578947368421,0.0690673305158339,0.1397039386730108,0.4204245780590717,0.1619505781814922,0,0,0.0,0.3272058823529412,0.3619819421263247,0.5170403587443946
0ba15aa0582c5e825710d42fe3eb231d,2019-03-07,0.0627318413536281,0.5901671540173701,0.6738469359675756,0.3925549915397631,0.0002733471004838,0.3513513513513513,0.0016839062540617,0.1877934272300469,0.5538037548440498,0.5466921931503935,0.2071681789883519,0.456,0.327,0.145,,0.1513157894736842,0.0555780698199502,0.2638910917261433,0.4620253164556961,0.3077359787253115,0,0,0.0,0.2794117647058823,0.232781676687647,0.6455156950672645
0ba15aa0582c5e825710d42fe3eb231d,2019-03-09,0.0603528688672764,0.6124296251036528,0.6369381596682944,0.3790186125211505,0.0002677351377312,0.3423423423423423,0.0017157042657211,0.2065727699530516,0.5638774972722826,0.5500957243139758,0.1974007206242399,0.434,0.349,0.145,,0.1381578947368421,0.0571643605627279,0.2655828707375099,0.4855221518987341,0.2752562225475842,0,0,0.0,0.2904411764705882,0.2718534456755616,0.7248878923766816
0ba15aa0582c5e825710d42fe3eb231d,2019-03-10,0.0603311761090422,0.6234932134596081,0.6300027517758282,0.3739424703891709,0.000267291958743,0.3153153153153153,0.0017153331822853,0.2112676056338028,0.5649855148801686,0.5481812380344607,0.1886751674951372,0.491,0.335,0.102,,0.1381578947368421,0.0674810397730562,0.2806767116045466,0.4981803797468354,0.2506648340155974,1,1,0.0,0.2941176470588235,0.2748899032757546,0.7728699551569507
0ba15aa0582c5e825710d42fe3eb231d,2019-03-13,0.0597780107740699,0.6212106664339023,0.597021086065287,0.3739424703891709,0.0017881495872435,0.3333333333333333,0.0025353380036828,0.1924882629107981,0.5645471989164378,0.5203148266326313,0.1848268921224867,0.473,0.3279999999999999,0.128,,0.1381578947368421,0.085740751461819,0.3078773460216759,0.5018064345991561,0.2490214240894015,0,0,0.0,0.2794117647058823,0.2904944800820447,0.9522421524663676
0ba15aa0582c5e825710d42fe3eb231d,2019-03-20,0.2751762536606529,0.4553179417797757,0.6308655967389124,0.4331641285956007,0.0022849522503235,0.2882882882882883,0.0684931282481437,0.2253521126760563,0.5393882388351706,0.4667092108062114,0.1454377130986519,0.349,0.118,0.033,,0.1776315789473684,0.0873270422045967,0.2327253502511234,0.4547863924050632,0.1879164550153883,0,0,0.0,0.4485294117647058,0.3852279354099218,0.9188340807174888
0ba15aa0582c5e825710d42fe3eb231d,2019-03-23,0.2977873386601106,0.3434076725003273,0.6963671895040741,0.5093062605752962,0.0036274632551456,0.3153153153153153,0.1078696041725287,0.1924882629107981,0.5911471462432748,0.4781961284833014,0.1745046111564503,0.174,0.078,0.033,,0.1907894736842105,0.0944827186939153,0.2549828178694158,0.4312763713080168,0.1719006782800968,0,0,0.0,0.4558823529411765,0.3843431398178125,0.8668161434977579
0ba15aa0582c5e825710d42fe3eb231d,2019-03-24,0.3031960663798402,0.3398703792606817,0.7066513686586725,0.5397631133671742,0.0036448248657066,0.3243243243243243,0.1209524833994385,0.2018779342723004,0.5946668422438768,0.473303552435652,0.1734433516446296,0.103,0.078,0.033,,0.1907894736842105,0.0881259769582585,0.2449907480835316,0.4321861814345991,0.1733946873039113,0,0,0.0,0.474264705882353,0.3907377988698747,0.8569506726457399
0ba15aa0582c5e825710d42fe3eb231d,2019-03-28,0.2500054231895585,0.3756055514336839,0.7580606043645963,0.6243654822335025,0.00599069015177,0.3513513513513513,0.1365607453571655,0.2159624413145539,0.6153485834681516,0.4886194426717719,0.1799657429300439,0.13,0.072,0.012,,0.2105263157894737,0.0523939095698489,0.2268569918054454,0.4041534810126582,0.2225774643678848,0,0,0.0,0.5036764705882353,0.3894508234631704,0.765695067264574
0ba15aa0582c5e825710d42fe3eb231d,2019-04-01,0.1186160020246574,0.3578907170601841,0.7956036883124151,0.6869712351945855,0.0058107447426954,0.4504504504504504,0.0979938519280225,0.1830985915492957,0.6563847398321984,0.6405020208466284,0.2074939759813424,0.332,0.144,0.025,,0.1513157894736842,0.0833671047299253,0.1876288659793814,0.4086761603375527,0.1888427406101533,0,0,0.0,0.4080882352941176,0.3807436304771864,0.6926008968609865
0ba15aa0582c5e825710d42fe3eb231d,2019-04-08,0.0604071007628619,0.4332562300877232,0.687097436184453,0.6446700507614214,0.004464413161585,0.4684684684684685,0.0132174673503038,0.1737089201877934,0.6023985101019602,0.7509040629653265,0.1703789244828375,0.698,0.267,0.035,,0.131578947368421,0.0706536212586117,0.1848797250859106,0.4647283755274261,0.3937908984970269,0,0,0.0,0.3566176470588235,0.3086931166924732,0.5383408071748879
0ba15aa0582c5e825710d42fe3eb231d,2019-04-12,0.0537474239849596,0.4443503687862786,0.6574458856287342,0.6294416243654822,0.0002752878510418,0.4144144144144144,0.0002765019456512,0.1784037558685446,0.5969750554949396,0.7496277387789831,0.1575470389569335,0.73,0.247,0.023,,0.1184210526315789,0.0698662652694957,0.2024054982817869,0.4683544303797468,0.385454328144142,0,0,0.0,0.2647058823529412,0.2503770435761829,0.4423766816143498
0ba15aa0582c5e825710d42fe3eb231d,2019-04-14,0.0517155356303554,0.4674638851307118,0.6570820915361905,0.6192893401015228,0.0002625987816976,0.3963963963963964,0.0002446655460501,0.1784037558685446,0.6079762218292637,0.7600510529674537,0.1502795080142834,0.738,0.24,0.022,,0.1184210526315789,0.0762114282406067,0.2142215173143008,0.4742220464135021,0.3882033047479607,0,0,0.0,0.2610294117647059,0.2200124675742524,0.4508968609865471
0ba15aa0582c5e825710d42fe3eb231d,2019-04-17,0.0427130409631584,0.4849452276000523,0.670330259739654,0.6074450084602369,0.000203228519819,0.3603603603603604,0.0002446271581084,0.1690140845070422,0.6233492606945332,0.7141033822590938,0.1354509062640116,0.7340000000000001,0.244,0.022,,0.1184210526315789,0.0611358768019452,0.2141950832672482,0.4470991561181434,0.4276451429766636,1,1,0.0,0.2941176470588235,0.2464356813931509,0.4414798206278027
0ba15aa0582c5e825710d42fe3eb231d,2019-04-20,0.0356773563758631,0.493820102125431,0.6709202591333305,0.6040609137055838,0.0001970947653973,0.3783783783783784,0.000353124277167,0.1737089201877934,0.5914801158809587,0.6794299085300999,0.1363863629765587,0.737,0.237,0.026,,0.0855263157894736,0.085740751461819,0.1496431403647898,0.3991824894514768,0.2498580691427376,0,0,0.0,0.2794117647058823,0.2337871262241348,0.4134529147982063
0ba15aa0582c5e825710d42fe3eb231d,2019-04-21,0.0413933981705773,0.5184240387552919,0.6942100770963634,0.6091370558375634,0.0002143925031551,0.3873873873873873,0.0003527915816728,0.164319248826291,0.5913747695549118,0.6624122527121888,0.1212093842436832,0.735,0.249,0.016,,0.0789473684210526,0.0873270422045967,0.1515992598466825,0.39104694092827,0.2361729464845967,1,1,0.0,0.2720588235294118,0.2227875082949587,0.4161434977578475
0ba15aa0582c5e825710d42fe3eb231d,2019-04-23,0.0417549441411475,0.5379129751669358,0.6854463706875242,0.6243654822335025,0.0002127534287598,0.3603603603603604,0.0003594582875378,0.136150234741784,0.5920858572557282,0.6453945968942777,0.109374243973562,0.758,0.2269999999999999,0.016,,0.1118421052631579,0.0754240722514907,0.2541369283637325,0.4299182489451476,0.4271969402695192,0,0,0.0,0.2463235294117647,0.17748195218082,0.3995515695067264
0ba15aa0582c5e825710d42fe3eb231d,2019-04-24,0.0429516613037347,0.5332365905817658,0.6669418442494881,0.626057529610829,0.0002273203585173,0.3603603603603604,0.0003594582875378,0.1220657276995305,0.6080063207795628,0.6309295894490534,0.1130547822805144,0.8009999999999999,0.183,0.016,,0.0986842105263157,0.0881259769582585,0.2560137457044674,0.4281118143459915,0.4277049033376162,0,0,0.0,0.2867647058823529,0.2058959560819642,0.3708520179372197
0ba15aa0582c5e825710d42fe3eb231d,2019-04-27,0.02924545355942,0.5505957316807054,0.6993498346602489,0.6379018612521151,0.0001510994685032,0.3693693693693693,0.0002190991769171,0.1267605633802817,0.5917829865683434,0.5979578813018507,0.1146353815534387,0.7090000000000001,0.26,0.031,,0.1184210526315789,0.0881259769582585,0.2375627808617499,0.4335443037974683,0.4089999103594586,0,0,0.0,0.2977941176470588,0.1873353576384001,0.3316143497757847
0ba15aa0582c5e825710d42fe3eb231d,2019-04-30,0.0254672981669619,0.5620586566577924,0.672240178725508,0.6328257191201353,0.0001378217867112,0.3963963963963964,0.0002190927789268,0.136150234741784,0.5703450092178035,0.5600935971069985,0.1167127405978536,0.746,0.2269999999999999,0.027,,0.125,0.0746251374978289,0.2348136399682791,0.4294699367088607,0.3927749723608331,0,0,0.0,0.3566176470588235,0.2120291982545396,0.3049327354260089
0ba15aa0582c5e825710d42fe3eb231d,2019-05-04,0.0206515058389674,0.5244315454109021,0.6623127976232119,0.6175972927241963,0.0001050658479271,0.3963963963963964,7.878485222827383e-05,0.1596244131455399,0.5730012415816998,0.5749840459476707,0.1188642910367118,0.75,0.217,0.032,,0.1381578947368421,0.0778092977479303,0.2345492994977531,0.4565928270042194,0.3728150118026713,0,0,0.0,0.3455882352941177,0.1790504534577409,0.3887892376681614
0ba15aa0582c5e825710d42fe3eb231d,2019-05-05,0.0146064572110343,0.5340330816567014,0.6293591160736356,0.6345177664974619,8.459805381494742e-05,0.3963963963963964,7.878485222827383e-05,0.1596244131455399,0.5758267805410286,0.5637098489683046,0.121838398240051,0.773,0.195,0.032,,0.1381578947368421,0.0817692352226017,0.2416071900607983,0.4583992616033754,0.3721277676517166,0,0,0.0,0.3639705882352941,0.1964447304389792,0.3977578475336323
0ba15aa0582c5e825710d42fe3eb231d,2019-05-08,0.0154271665642286,0.4765569763889494,0.667114413242105,0.6531302876480541,8.67009430271065e-05,0.3963963963963964,4.0249756810790205e-05,0.1737089201877934,0.5721076789946951,0.566687938736439,0.1271575986503617,0.72,0.252,0.0279999999999999,,0.1052631578947368,0.0992415909222486,0.1347607718741739,0.4168117088607594,0.1635043475662593,0,0,0.0,0.3602941176470589,0.2122705061432966,0.3809417040358744
0ba15aa0582c5e825710d42fe3eb231d,2019-05-11,0.0337105462959615,0.455640902544407,0.6507693312251932,0.6666666666666666,0.0002743818398952,0.4054054054054054,0.0009912150411172,0.164319248826291,0.5775950938711012,0.5641352903637523,0.1188997738775325,0.768,0.223,0.008,,0.1184210526315789,0.1095582701325768,0.184456780333069,0.414095464135021,0.1342815310604476,0,0,0.0,0.3713235294117647,0.2018942669267429,0.4062780269058296
0ba15aa0582c5e825710d42fe3eb231d,2019-05-12,0.0474203694999819,0.4459586261074499,0.6849892960584308,0.6785109983079526,0.0004105881360155,0.4144144144144144,0.0017902472503981,0.164319248826291,0.5872850746830205,0.5771112529249096,0.1141321703563444,0.743,0.248,0.008,,0.125,0.1063856886470213,0.1938937351308485,0.4122890295358649,0.1339528490752084,0,0,0.0,0.3419117647058824,0.1822880009652315,0.4094170403587444
0ba15aa0582c5e825710d42fe3eb231d,2019-05-20,0.1053291876062041,0.4008095840789071,0.6920366405947567,0.6954314720812182,0.0009407638474242,0.3783783783783784,0.0034372818865134,0.1032863849765258,0.5880036871214116,0.62199532014465,0.1061678854484869,0.765,0.228,0.008,,0.1184210526315789,0.1294158513286632,0.3402590536611155,0.453876582278481,0.3795978127707892,0,0,0.0,0.2941176470588235,0.1477005369100525,0.3053811659192825
0ba15aa0582c5e825710d42fe3eb231d,2019-05-23,0.1091109584583679,0.3978483830140096,0.7041514502791419,0.66497461928934,0.0009507997387905,0.3783783783783784,0.0034691694700367,0.1173708920187793,0.587958538695963,0.6826207189959582,0.1012680277024215,0.8029999999999999,0.177,0.02,,0.131578947368421,0.1357610142997742,0.3387258789320645,0.4782964135021096,0.3689604685212299,0,0,0.0,0.3014705882352941,0.181262442438014,0.3865470852017937
0ba15aa0582c5e825710d42fe3eb231d,2019-05-27,0.0891246972052496,0.4043032339719809,0.6885456165143862,0.61082910321489,0.0007116914087829,0.3333333333333333,0.0019998198197979,0.1126760563380281,0.5566236502501976,0.6590087215486067,0.1047485718156569,0.8190000000000001,0.156,0.025,,0.1052631578947368,0.1564059514849765,0.319746233148295,0.4927610759493671,0.3661218513759823,0,0,0.0,0.2536764705882353,0.168030726537835,0.3345291479820627
0ba15aa0582c5e825710d42fe3eb231d,2019-06-03,0.0413030116779348,0.4358224588661458,0.6787464961498458,0.6311336717428088,0.0002141615784052,0.3243243243243243,0.0003988954995839,0.1408450704225352,0.5616689867940856,0.6498617315464794,0.106477553877468,0.754,0.153,0.094,,0.131578947368421,0.1429051120245469,0.2921490880253767,0.4267536919831223,0.2965906714076553,0,0,0.0,0.2316176470588235,0.2037644030646102,0.4239910313901345
0ba15aa0582c5e825710d42fe3eb231d,2019-06-07,0.0281788929462381,0.4150613189019334,0.7439052829431875,0.6785109983079526,0.000144916581156,0.2882882882882883,0.0002266935913717,0.1173708920187793,0.5539523684111517,0.6713465220165923,0.1235641545890603,0.517,0.1159999999999999,0.367,,0.1118421052631579,0.1349736583106582,0.3509384086703674,0.3951081223628692,0.3430244718678101,0,0,0.0,0.2242647058823529,0.1643507812342898,0.3567264573991031
0ba15aa0582c5e825710d42fe3eb231d,2019-06-09,0.0336382371018475,0.4196504167939598,0.7717471910898431,0.7208121827411168,0.0001757229254556,0.3063063063063063,0.0002266743974009,0.1267605633802817,0.5441965461454532,0.6900659434162943,0.1141224932179388,0.423,0.067,0.51,,0.125,0.1468766282637642,0.3855934443563309,0.4177215189873417,0.3639704783816894,0,0,0.0,0.2279411764705882,0.1653160127893181,0.3605381165919283
0ba15aa0582c5e825710d42fe3eb231d,2019-06-15,0.0369536136519758,0.2879369790075503,0.7868819581450232,0.7038917089678511,0.0002116734870569,0.2882882882882883,4.005141911231072e-05,0.136150234741784,0.4791790511305918,0.6560306317804722,0.120986810060353,0.054,0.054,0.892,,0.1118421052631579,0.1587911769814161,0.3261697065820778,0.4439345991561181,0.2830250694714196,0,0,0.0,0.2022058823529411,0.1614550865692051,0.3973094170403587
0ba15aa0582c5e825710d42fe3eb231d,2019-06-17,0.1862829458765681,0.19967485706804,0.8563036654586836,0.7478849407783418,0.0017467845772501,0.2792792792792793,0.0151220978708121,0.136150234741784,0.4939030813800369,0.6400765794511806,0.1214609898422303,0.071,0.037,0.82,,0.1184210526315789,0.1492618537602038,0.3043087496695744,0.4321861814345991,0.2688319837451818,0,0,0.0,0.2352941176470588,0.1694986828611072,0.3811659192825112
0ba15aa0582c5e825710d42fe3eb231d,2019-06-20,0.2470949781264687,0.1693383668659712,0.793281002952329,0.7292724196277496,0.0020064137649294,0.2882882882882883,0.0443403246881534,0.1502347417840375,0.5145716543135558,0.6032758987449479,0.108154924534449,0.286,0.037,0.606,,0.1184210526315789,0.1460892722746483,0.2351044144858577,0.4412183544303797,0.1780858756386888,0,0,0.0,0.2941176470588235,0.2305294697259144,0.4320627802690582
0ba15aa0582c5e825710d42fe3eb231d,2019-06-24,0.2847572218807621,0.1795116309518614,0.7915273288651957,0.7478849407783418,0.0020859560407086,0.2342342342342342,0.0827615934606806,0.1502347417840375,0.5802870687384778,0.5858328015315889,0.0750558854742926,0.5710000000000001,0.037,0.321,,0.1118421052631579,0.1302032073177791,0.1868094105207507,0.4222310126582278,0.1639226700929273,1,1,0.0,0.3455882352941177,0.2980956785778922,0.4807174887892377
0ba15aa0582c5e825710d42fe3eb231d,2019-06-27,0.3211612856574714,0.2554685113254484,0.8116152924111618,0.754653130287648,0.0021602902263829,0.2342342342342342,0.1116059793083492,0.1314553990610328,0.622213025320742,0.6047649436290151,0.0496630742978429,0.7859999999999999,0.0,0.143,,0.1052631578947368,0.1127424303826781,0.1920169177901136,0.3860759493670886,0.2140317327516658,0,0,0.0,0.4338235294117647,0.3131372036437491,0.4145739910313901
0ba15aa0582c5e825710d42fe3eb231d,2019-06-29,0.3304132470443617,0.3056409025444072,0.8270555532235422,0.7766497461928934,0.002114230074027,0.2162162162162162,0.1308237314587921,0.1408450704225352,0.6323770645998721,0.6092320782812167,0.0393988561622404,0.929,0.0,0.0,,0.0986842105263157,0.1055983326579054,0.1891091726143272,0.3878823839662447,0.2260136851226581,1,1,0.0,0.5330882352941176,0.3401234692030807,0.3417040358744395
0ba15aa0582c5e825710d42fe3eb231d,2019-07-01,0.2033768393651252,0.3686226159821935,0.8313394618645846,0.7512690355329948,0.0006429151396431,0.2342342342342342,0.1351059703287698,0.1549295774647887,0.6322660747206441,0.6294405445649861,0.0394053075878442,1.0,0.0,0.0,,0.0921052631578947,0.0928848491865918,0.1434047052603753,0.3869725738396624,0.2278363761317118,0,0,0.0,0.5294117647058824,0.3478654306340365,0.2755605381165919
0ba15aa0582c5e825710d42fe3eb231d,2019-07-04,0.192161683358039,0.382088770566927,0.7754271082567267,0.6920473773265651,0.0005162897639988,0.2162162162162162,0.134780965218855,0.1408450704225352,0.6163813537002897,0.6222080408423739,0.0374118170762784,1.0,0.0,0.0,,0.1052631578947368,0.0905112024546981,0.1939201691779011,0.3697916666666666,0.2706247945737592,0,0,0.0,0.5588235294117647,0.3274950230247944,0.3354260089686098
0ba15aa0582c5e825710d42fe3eb231d,2019-07-07,0.2092013449510105,0.3739863832758696,0.6095766462848694,0.5397631133671742,0.0005953004215239,0.2342342342342342,0.1348597948570152,0.1314553990610328,0.5719759960871365,0.6281642203786428,0.0399052930721366,1.0,0.0,0.0,,0.0986842105263157,0.0928848491865918,0.2104678826328311,0.3616561181434599,0.2619296620551588,0,0,0.0,0.5772058823529411,0.282008485994088,0.2988789237668162
0ba15aa0582c5e825710d42fe3eb231d,2019-08-03,1.0,0.0,0.8705032951349536,0.4060913705583756,0.0106543766326699,0.1801801801801802,0.1192273165061028,0.539906103286385,0.5721659957108995,0.5020208466283769,0.0269992161517891,0.0,0.0,0.0,,,0.8336710472992532,0.0,0.5063291139240506,0.0,0,0,0.0,0.3676470588235294,0.1528283295461401,1.0
0ba15aa0582c5e825710d42fe3eb231d,2019-08-05,0.6415018619617484,0.1275411338541438,0.8734742802240599,0.6311336717428088,0.0053694298577195,0.2432432432432432,0.1294106777249701,0.2535211267605634,0.5823149855148801,0.6056158264199106,0.0272153389095155,0.667,0.0,0.0,,0.3618421052631579,0.9781740288311236,0.2389373513084853,0.3628691983122363,0.3118893238115158,0,0,0.0,0.3933823529411764,0.1673068028715638,0.7952914798206278
0ba15aa0582c5e825710d42fe3eb231d,2019-08-09,0.3887306120973282,0.1926766464452494,0.7303656130630063,0.6751269035532994,0.0025803403811946,0.2432432432432432,0.1326384702159573,0.1690140845070422,0.614748485646563,0.5613699212933417,0.0285765897119115,0.857,0.0,0.0,,0.25,0.0523939095698489,0.2440391223896378,0.3544303797468354,0.2340215734903039,0,0,0.0,0.4191176470588235,0.2521466347604014,0.6728699551569507
0ba15aa0582c5e825710d42fe3eb231d,2019-08-11,0.3208431252033696,0.2754375245493823,0.7209489428983195,0.676818950930626,0.0020530851308787,0.2162162162162162,0.1330141410108483,0.1737089201877934,0.6486756461868393,0.5318017443097213,0.0317764968113828,0.889,0.0,0.0,,0.2236842105263158,0.0642158281711341,0.2542426645519429,0.3727056962025317,0.2287029013655243,0,0,0.0,0.3897058823529412,0.2539363349353496,0.5721973094170403
0ba15aa0582c5e825710d42fe3eb231d,2019-08-13,0.2940923388408836,0.2809998690699603,0.7619900469667501,0.6954314720812182,0.0017972902767068,0.2432432432432432,0.1333847381994523,0.1784037558685446,0.6384137853192371,0.5413741757072963,0.0319474595898828,0.909,0.0,0.0,,0.1973684210526315,0.0656747525039078,0.2316679883690193,0.3831882911392405,0.2132847282397585,0,0,0.0,0.375,0.2188059281304671,0.5369955156950673
0ba15aa0582c5e825710d42fe3eb231d,2019-08-17,0.2160851802306663,0.3087548553223061,0.719169616663635,0.6954314720812182,0.0007470376354003,0.2342342342342342,0.1347316878977682,0.1690140845070422,0.6130723503517815,0.5347798340778558,0.0344473870113448,1.0,0.0,0.0,,0.1118421052631579,0.0865396862154808,0.1519957705524716,0.3942114978902953,0.1926674037111184,0,0,0.0,0.3639705882352941,0.2124514870598644,0.4941704035874439
0ba15aa0582c5e825710d42fe3eb231d,2019-08-19,0.1621244441230702,0.3529328328896259,0.6643066690919607,0.66497461928934,0.0003934034039864,0.2162162162162162,0.1347069148794291,0.1830985915492957,0.6098780992512887,0.513507764305467,0.0355828379176088,1.0,0.0,0.0,,0.1118421052631579,0.0833671047299253,0.1557494052339413,0.4077663502109704,0.165536199838647,0,0,0.0,0.3529411764705882,0.1999638038166864,0.4968609865470852
0ba15aa0582c5e825710d42fe3eb231d,2019-08-21,0.1621678296395386,0.3877602234539344,0.6391629004650035,0.6379018612521151,0.0004007301058396,0.2072072072072072,0.13466202657967,0.2018779342723004,0.5862842845855751,0.5220165922144224,0.0371827914673444,1.0,0.0,0.0,,0.1118421052631579,0.0841544607190412,0.1551414221517314,0.4294699367088607,0.1546299339648011,0,0,0.0,0.3639705882352941,0.2223853284803636,0.5244394618834081
0ba15aa0582c5e825710d42fe3eb231d,2019-08-24,0.1553273798763512,0.3881050058918519,0.618706478799666,0.6429780033840947,0.0004034589485229,0.2072072072072072,0.1345894541759973,0.2347417840375587,0.5697561985025772,0.5101042331418847,0.0337054730669109,1.0,0.0,0.0,,0.0855263157894736,0.0563654258090661,0.0970658207771609,0.4312763713080168,0.1452176771147698,0,0,0.0,0.3639705882352941,0.2008083814273361,0.5576233183856502
0ba15aa0582c5e825710d42fe3eb231d,2019-08-26,0.1435843667522325,0.3815694147427225,0.5960836166729632,0.626057529610829,0.0003626412793198,0.1801801801801802,0.1345426400811659,0.2206572769953051,0.5566048384062606,0.4990427568602424,0.0317990768009961,1.0,0.0,0.0,,0.0986842105263157,0.0531928443235106,0.0890298704731694,0.4122890295358649,0.1883048973615801,0,0,0.0,0.4080882352941176,0.2182629853807637,0.5596412556053811
0ba15aa0582c5e825710d42fe3eb231d,2019-08-29,0.176882750641744,0.3843320385807184,0.5538228695891458,0.6226734348561759,0.0005208561780964,0.1711711711711711,0.1346510028424287,0.2018779342723004,0.5613567101847323,0.4801106147628163,0.0290991551858171,1.0,0.0,0.0,,0.1118421052631579,0.0436635211022983,0.0922283901665345,0.3833597046413501,0.2078166552125975,0,0,0.0,0.4191176470588235,0.2223048925174445,0.4721973094170403
0ba15aa0582c5e825710d42fe3eb231d,2019-09-01,0.1581908239632669,0.4079409069087418,0.5491611747750773,0.6226734348561759,0.0005286801051559,0.1711711711711711,0.1346303245378647,0.2112676056338028,0.6001937619925505,0.4741544352265475,0.0307378172891754,1.0,0.0,0.0,,0.125,0.0389046488739651,0.0783505154639175,0.3878823839662447,0.2175277138673917,0,0,0.0,0.3676470588235294,0.2037442940738804,0.4251121076233183
0ba15aa0582c5e825710d42fe3eb231d,2019-09-04,0.1735529122527929,0.3562693667350413,0.5852770665136866,0.6362098138747885,0.0008120778368837,0.1711711711711711,0.1345964727713274,0.2159624413145539,0.5931336769630159,0.4647947245266964,0.0254057140276572,1.0,0.0,0.0,,0.125,0.0420772303595206,0.0814697330161247,0.3924050632911392,0.1945498550811247,0,0,0.0,0.2977941176470588,0.174606366506465,0.3562780269058296
0ba15aa0582c5e825710d42fe3eb231d,2019-09-07,0.1804367475324487,0.313058089294287,0.5839151706800617,0.6142131979695431,0.0022458296670508,0.1981981981981982,0.118644178080612,0.2065727699530516,0.5636009631664096,0.5007445224420336,0.0518888161311445,0.857,0.0,0.0,,0.131578947368421,0.0333468418919701,0.0914882368490615,0.3743143459915612,0.233214808617444,0,0,0.0,0.2794117647058823,0.1753302901727362,0.3448430493273542
0ba15aa0582c5e825710d42fe3eb231d,2019-09-09,0.1800715861021729,0.2837646750752848,0.5712709939507572,0.6074450084602369,0.00227560716789,0.2162162162162162,0.1027422611653103,0.2112676056338028,0.5592102787915272,0.509466071048713,0.0856329977516781,0.7140000000000001,0.0,0.0,,0.131578947368421,0.0396920048630811,0.0981496167063177,0.3869725738396624,0.2172886724235814,0,0,0.0,0.2169117647058823,0.1524060407408152,0.3275784753363228
0ba15aa0582c5e825710d42fe3eb231d,2019-09-14,0.1492064065945985,0.2231615240256622,0.5837985700093746,0.6209813874788495,0.002346492222193,0.2342342342342342,0.0627921926169226,0.1877934272300469,0.5318108280973701,0.501808125930653,0.1439667880609917,0.357,0.0,0.071,,0.1578947368421052,0.016673420945985,0.1841660058154903,0.3354430379746835,0.3009830579376699,0,0,0.0,0.1985294117647059,0.1663013533350761,0.3387892376681614
0ba15aa0582c5e825710d42fe3eb231d,2019-09-15,0.149394410499295,0.2109872124994544,0.6161435960579644,0.6277495769881557,0.0023570685757399,0.2522522522522522,0.0532356553011338,0.1784037558685446,0.5146186839233982,0.5309508615188258,0.1481537632778403,0.286,0.0,0.143,,0.1447368421052631,0.0214322931743183,0.1919376156489558,0.3291139240506329,0.2866405713090507,0,0,0.0,0.2242647058823529,0.1881799352490498,0.3591928251121076
0ba15aa0582c5e825710d42fe3eb231d,2019-09-16,0.1123467948949709,0.2715379915331907,0.6543466398018721,0.6531302876480541,0.002026822599531,0.2612612612612612,0.0436425150829901,0.1784037558685446,0.4984818841942887,0.5332907891937885,0.1565115851475279,0.268,0.018,0.143,,0.1447368421052631,0.0182597116887628,0.1907480835315886,0.3254878691983122,0.2815609406280814,0,0,0.0,0.2352941176470588,0.2103400430332401,0.3659192825112107
0ba15aa0582c5e825710d42fe3eb231d,2019-09-18,0.1031526808633717,0.2546960240911272,0.7100351201220109,0.6751269035532994,0.002003145442724,0.3153153153153153,0.0244722296223865,0.1690140845070422,0.4688118439369427,0.5422250584981919,0.1713724440258185,0.228,0.043,0.158,,0.1447368421052631,0.0142881954495455,0.1907216494845361,0.3137394514767933,0.2595392476170556,1,1,0.0,0.2463235294117647,0.190794104043918,0.3695067264573991
0ba15aa0582c5e825710d42fe3eb231d,2019-09-21,0.0789291008351711,0.2971020817876315,0.7556749546423391,0.7123519458544839,0.0005046108676033,0.3243243243243243,0.0116028193409531,0.1690140845070422,0.4558937507054442,0.5232929164007658,0.1594211780948295,0.326,0.074,0.172,,0.125,0.0198460024315405,0.1857784826856992,0.3164556962025316,0.230734753637912,0,0,0.0,0.2279411764705882,0.1779846769490639,0.3042600896860986
0ba15aa0582c5e825710d42fe3eb231d,2019-09-23,0.0638887884594526,0.3535111072317025,0.7853964656004702,0.7360406091370558,0.0004285187058539,0.3423423423423423,0.0082782124611468,0.1737089201877934,0.4447834756762858,0.5235056370984896,0.1362541087516814,0.449,0.093,0.172,,0.125,0.0269901001563133,0.1974094633888448,0.3318169831223629,0.2609137359189649,1,1,0.0,0.2683823529411764,0.1931669649500291,0.3755605381165919
0ba15aa0582c5e825710d42fe3eb231d,2019-09-27,0.0551429914313605,0.3995701130362675,0.8063589341765894,0.7174280879864636,0.0003596549801068,0.3963963963963964,0.0017309698705138,0.2018779342723004,0.4029703901576432,0.5256328440757285,0.1221706466586454,0.664,0.15,0.186,,0.125,0.0436635211022983,0.1140629130319852,0.3824498945147679,0.1903068694534915,0,0,0.0,0.3014705882352941,0.2086307788212109,0.487219730941704
0ba15aa0582c5e825710d42fe3eb231d,2019-10-01,0.0592790773346831,0.4140357002574957,0.6632642590960183,0.6582064297800339,0.0002897535669727,0.3693693693693693,2.214344433669447e-05,0.2206572769953051,0.4410568493923774,0.4539459689427781,0.1170578918676554,0.7909999999999999,0.182,0.0279999999999999,,0.125,0.0317489723846465,0.1494581020354216,0.3896888185654008,0.1871993306839573,0,0,0.0,0.25,0.2143417321884615,0.5033632286995515
0ba15aa0582c5e825710d42fe3eb231d,2019-10-05,0.0629198452583246,0.4089752542224937,0.7139972109119571,0.676818950930626,0.0003057315943511,0.3963963963963964,2.3179918761006666e-05,0.2206572769953051,0.4847116144324466,0.4488406721974048,0.1228544977726453,0.779,0.183,0.039,,0.1381578947368421,0.0468361025878538,0.1973037272006344,0.4050632911392405,0.1682851764424657,0,0,0.0,0.2977941176470588,0.2409459269239277,0.5210762331838565
0ba15aa0582c5e825710d42fe3eb231d,2019-10-06,0.0629487689359702,0.4027909920132676,0.7280802399175399,0.6700507614213198,0.0003059281260532,0.3963963963963964,2.3672564012068636e-05,0.2159624413145539,0.4877102223559953,0.457987662199532,0.123373837533749,0.7709999999999999,0.19,0.039,,0.1381578947368421,0.0547791350662884,0.2181601903251387,0.4077663502109704,0.1748588161472495,0,0,0.0,0.2720588235294118,0.2316756821975105,0.463677130044843
0ba15aa0582c5e825710d42fe3eb231d,2019-10-07,0.0635344734082938,0.3928032121503076,0.7156902526503333,0.6582064297800339,0.0003061541375105,0.3963963963963964,2.3659768031521568e-05,0.2112676056338028,0.4878400240791602,0.467560093597107,0.1253673280453148,0.772,0.1889999999999999,0.039,,0.1447368421052631,0.0555780698199502,0.219746233148295,0.4059599156118143,0.1715719962948576,1,1,0.0,0.2720588235294118,0.2465563353375294,0.4376681614349775
0ba15aa0582c5e825710d42fe3eb231d,2019-10-11,0.0636754763368162,0.3578601667175839,0.7098508910623254,0.6582064297800339,0.0003311146463321,0.3963963963963964,2.1586819182897175e-05,0.1690140845070422,0.5010816810263742,0.530525420123378,0.1287736807641068,0.778,0.18,0.043,,0.131578947368421,0.080182944479824,0.2579169970922548,0.3869725738396624,0.2298981085845758,0,0,0.0,0.2977941176470588,0.2150254378732731,0.3968609865470852
0ba15aa0582c5e825710d42fe3eb231d,2019-10-14,0.0457897971727105,0.3990660323833631,0.7106414436095836,0.6192893401015228,0.0001138134739863,0.3963963963963964,5.453007110131377e-05,0.1737089201877934,0.4940855562662252,0.5435013826845352,0.1265963246228335,0.767,0.186,0.047,,0.1118421052631579,0.1024141724078041,0.2166270155960878,0.4177215189873417,0.2036931903068694,1,1,0.0,0.3455882352941177,0.2387339379436546,0.4067264573991031
0ba15aa0582c5e825710d42fe3eb231d,2019-10-18,0.0406630753100256,0.3979356697071532,0.639564006772167,0.5769881556683587,8.688175219301177e-05,0.3963963963963964,5.477959272198152e-05,0.1690140845070422,0.4835584483991121,0.5188257817485641,0.1213706698837775,0.792,0.18,0.0289999999999999,,0.1118421052631579,0.1111561396399004,0.2005022468939994,0.4240506329113923,0.2021693011025787,0,0,0.0,0.3345588235294117,0.2273723581813429,0.4233183856502242
0ba15aa0582c5e825710d42fe3eb231d,2019-10-21,0.0445171553563035,0.3436760790817441,0.6156771933752162,0.5871404399323181,9.775683392710736e-05,0.3693693693693693,5.269384789281007e-05,0.1971830985915493,0.504319199367922,0.507551584769198,0.1103871177933543,0.8109999999999999,0.161,0.0289999999999999,,0.1052631578947368,0.084953395472703,0.1690192968543484,0.4240506329113923,0.2027370245316281,0,0,0.0,0.3713235294117647,0.2581994409700577,0.4968609865470852
0ba15aa0582c5e825710d42fe3eb231d,2019-10-25,0.0432372826204852,0.3671234670274517,0.6390183156333515,0.6159052453468696,9.661301942105446e-05,0.3513513513513513,5.156780160466842e-05,0.1924882629107981,0.5136329433011024,0.4930865773239736,0.0980423149005351,0.8170000000000001,0.161,0.022,,0.1118421052631579,0.096856365425809,0.0941845096484271,0.4321861814345991,0.1196701228075417,0,0,0.0,0.3529411764705882,0.2602907760059523,0.487219730941704
0ba15aa0582c5e825710d42fe3eb231d,2019-10-28,0.0629596153150873,0.3442870859337494,0.660582443670216,0.6023688663282571,0.0005095831196657,0.3693693693693693,0.0013880695818038,0.1690140845070422,0.5327250837127054,0.5620080833865134,0.0925005403068943,0.82,0.158,0.022,,0.1118421052631579,0.1151160771145718,0.1270948982289188,0.4276635021097046,0.13329548510473,0,0,0.0,0.2830882352941176,0.1928653300890828,0.3903587443946188
0ba15aa0582c5e825710d42fe3eb231d,2019-10-31,0.0710148595393904,0.3592000174573385,0.6766057078360315,0.6040609137055838,0.000535238368054,0.3603603603603604,0.001422036512166,0.164319248826291,0.594578426577373,0.5239310784939375,0.0944133879984129,0.802,0.183,0.015,,0.1052631578947368,0.1310021420714409,0.1213851440655564,0.4385152953586497,0.1339229688947321,1,1,0.0,0.2794117647058823,0.2044279997586921,0.3237668161434978
0ba15aa0582c5e825710d42fe3eb231d,2019-11-04,0.0730178242163491,0.3461637498363375,0.6958634746067058,0.5752961082910322,0.000548190789879,0.4144144144144144,0.0014567328134194,0.136150234741784,0.6630309642951202,0.4688364177834503,0.1046259947291852,0.775,0.21,0.015,,0.0789473684210526,0.1508481445029815,0.1035950303991541,0.4330828059071729,0.1367615860399797,0,0,0.0,0.2316176470588235,0.2090530676265358,0.2347533632286995
0ba15aa0582c5e825710d42fe3eb231d,2019-11-07,0.0790050254889909,0.3319403831885829,0.6682897480026305,0.5109983079526227,0.0005638710717287,0.3963963963963964,0.0014566112516042,0.1408450704225352,0.7381579442416946,0.3539672410125505,0.0914941179127057,0.785,0.211,0.004,,0.0657894736842105,0.1413188212817692,0.1180280200898757,0.4285601265822784,0.1547793348671826,0,0,0.0,0.2279411764705882,0.2607532827927367,0.2363228699551569
0ba15aa0582c5e825710d42fe3eb231d,2019-11-10,0.0447919302939368,0.3380853663858944,0.6435284295755269,0.5211505922165821,0.0001635261680251,0.4054054054054054,0.0001683311240966,0.1455399061032863,0.810022950449603,0.2895128696022123,0.0994616285333651,0.795,0.205,0.0,,0.0723684210526315,0.136559949053436,0.1152524451493523,0.4240506329113923,0.1335345265485403,0,0,0.0,0.2316176470588235,0.2700235275191538,0.2789237668161435
0ba15aa0582c5e825710d42fe3eb231d,2019-11-13,0.0357243573520373,0.3484397503600576,0.6642017284883422,0.5566835871404399,0.0001309736395526,0.4054054054054054,0.0001341082741235,0.1596244131455399,0.836303096429512,0.1984684109763879,0.0981197320077804,0.7959999999999999,0.204,0.0,,0.0657894736842105,0.1246454003357841,0.1183187946074544,0.4285601265822784,0.1244808318642244,1,1,0.0,0.2794117647058823,0.3081903919242293,0.3147982062780269
0ba15aa0582c5e825710d42fe3eb231d,2019-11-16,0.0389240391915832,0.3941888884039627,0.6265420438698364,0.5617597292724197,0.0001425680273163,0.3873873873873873,0.0001348824309466,0.1737089201877934,0.8161913540765265,0.1922995107423952,0.095374650413375,0.8540000000000001,0.14,0.006,,0.131578947368421,0.0992415909222486,0.200132170235263,0.4131988396624472,0.1411838527504706,1,1,0.0,0.3125,0.2758752438215126,0.3309417040358744
0ba15aa0582c5e825710d42fe3eb231d,2019-11-18,0.0361401352181929,0.41467943961943,0.6352544459835733,0.5820642978003384,0.0001312350267163,0.3693693693693693,0.0001014657277479,0.1455399061032863,0.8565672147183867,0.1759200170176558,0.0931134257392527,0.84,0.136,0.024,,0.1710526315789473,0.0817692352226017,0.2627544277028813,0.4457410337552742,0.3369886754115995,1,1,0.0,0.3345588235294117,0.2606125198576283,0.3286995515695067
0ba15aa0582c5e825710d42fe3eb231d,2019-11-21,0.0247803608228786,0.4694212892244577,0.6608506252127962,0.6565143824027072,8.550701293702554e-05,0.3513513513513513,0.0001006211930318,0.164319248826291,0.8577034500921781,0.1759200170176558,0.0906425297330077,0.8759999999999999,0.0969999999999999,0.027,,0.1842105263157894,0.0778092977479303,0.2668252709489823,0.4620253164556961,0.3224669077001225,1,1,0.0,0.3713235294117647,0.2407247280259004,0.2757847533632287
0ba15aa0582c5e825710d42fe3eb231d,2019-11-25,0.022788242525037,0.4752018504778946,0.6506667226349886,0.6294416243654822,6.858268541318635e-05,0.3243243243243243,5.947571758275406e-05,0.164319248826291,0.8480266375710147,0.1791108274835141,0.0758074765571322,0.7979999999999999,0.128,0.074,,0.1842105263157894,0.0905112024546981,0.2941845096484272,0.4773866033755274,0.3488511070606866,1,1,0.0,0.3419117647058824,0.1980735586880894,0.2497757847533632
0ba15aa0582c5e825710d42fe3eb231d,2019-11-29,0.155609385733396,0.3717954872779645,0.7030064316929951,0.6582064297800339,0.0017459689706865,0.3243243243243243,0.0245942520928833,0.1549295774647887,0.8248805447910004,0.2225058498191874,0.0767042247160566,0.67,0.113,0.145,,0.1973684210526315,0.0523939095698489,0.3833465503568596,0.5018064345991561,0.4123464905728031,0,0,0.0,0.3345588235294117,0.1931669649500291,0.2269058295964125
0ba15aa0582c5e825710d42fe3eb231d,2019-12-02,0.197866878773636,0.3560467856675249,0.6970131572196804,0.6514382402707276,0.0019043469907759,0.3063063063063063,0.0535287152456129,0.164319248826291,0.801661085819632,0.2437779195915762,0.0645497388785486,0.73,0.077,0.121,,0.1447368421052631,0.0992415909222486,0.3652656621728787,0.4846255274261603,0.3142797382496191,0,0,0.0,0.3161764705882353,0.1935691447646242,0.2625560538116592
0ba15aa0582c5e825710d42fe3eb231d,2019-12-09,0.2904443399978307,0.2761292715925457,0.7352768333123452,0.6412859560067682,0.0022023991088686,0.2702702702702703,0.1210684469731463,0.136150234741784,0.8455058504834644,0.246117847266539,0.0464728443367773,0.857,0.0,0.071,,0.131578947368421,0.0658947490302784,0.3265926513349194,0.4159018987341772,0.3441897989063854,0,0,0.0,0.4669117647058823,0.4147680427919323,0.4065022421524664
0ba15aa0582c5e825710d42fe3eb231d,2020-02-26,0.0040854694674427,0.8603412909701916,0.1719859892634102,0.2368866328257191,3.3803452756202056e-06,0.2702702702702703,1.6826714419389324e-05,0.9389671361502347,0.2086854283456864,0.0467985534992554,0.0255799025189591,0.667,0.0,0.3329999999999999,,,0.8336710472992532,0.0,0.9367088607594938,0.0,0,0,0.0,0.1838235294117647,0.0577128033943976,0.5560538116591929
0ba15aa0582c5e825710d42fe3eb231d,2020-03-01,0.0311001843884449,0.5173089512503818,0.432420583283195,0.4365482233502538,0.0001474007418702,0.3063063063063063,0.0001090857341637,0.3286384976525821,0.6301591481997065,0.1084875558391831,0.0528758842485218,0.782,0.151,0.067,,0.493421052631579,0.0266774735135761,0.3026434047052604,0.4987341772151898,0.4983416499835659,0,0,0.0,0.1617647058823529,0.0849001588610267,0.6206278026905829
0ba15aa0582c5e825710d42fe3eb231d,2020-03-08,0.0200115694710582,0.5080914764544145,0.3720167718404716,0.3824027072758037,8.927550832423584e-05,0.3153153153153153,5.849042708063012e-05,0.2488262910798122,0.655741374769555,0.1097638800255264,0.0603627636617001,0.7929999999999999,0.17,0.036,,0.3223684210526316,0.0500202628379551,0.2292096219931271,0.440928270042194,0.3878148624017689,1,1,0.0,0.1580882352941176,0.1220012467574252,0.5887892376681615
0ba15aa0582c5e825710d42fe3eb231d,2020-03-09,0.0192559383925666,0.4904464714354296,0.3889262011035087,0.3993231810490694,8.449487467136018e-05,0.3153153153153153,5.526583998276995e-05,0.2300469483568075,0.700154257120283,0.1180599872367581,0.062098197149115,0.79,0.1669999999999999,0.043,,0.3223684210526316,0.0094019568112082,0.3894263811789585,0.4595859704641349,0.4003645382018108,1,1,0.0,0.1654411764705882,0.1194071869532868,0.5795964125560538
0ba15aa0582c5e825710d42fe3eb231d,2020-03-12,0.0613905058028128,0.4314319382010213,0.4405010097618081,0.4331641285956007,0.0018030250717732,0.3063063063063063,0.028859203593142,0.1784037558685446,0.7759151962075322,0.1369921293341842,0.0568338338564364,0.695,0.146,0.016,,0.1381578947368421,0.977375094077462,0.4063970393867301,0.4448444092827003,0.4125257716556608,0,0,0.0,0.1801470588235294,0.1207745983229101,0.5125560538116591
0ba15aa0582c5e825710d42fe3eb231d,2020-03-18,0.1432155898622509,0.3923667786845895,0.5460689249884565,0.5549915397631133,0.0021348118565264,0.2522522522522522,0.0864716152745645,0.1830985915492957,0.8455867414123932,0.1529461816634758,0.0384763023009009,0.7,0.07,0.016,,0.1513157894736842,0.9853181265558966,0.4072164948453609,0.4593090717299578,0.3930438939851197,0,0,0.0,0.2941176470588235,0.2945162782279957,0.4410313901345291
0ba15aa0582c5e825710d42fe3eb231d,2020-03-21,0.1639249430565096,0.3641426264565966,0.6275098294365389,0.6277495769881557,0.0021722216660156,0.2072072072072072,0.1152552394086053,0.1830985915492957,0.8778434102110689,0.1727292065517975,0.031260382763081,0.7340000000000001,0.035,0.016,,0.1578947368421052,0.9924622242806692,0.422812582606397,0.4656381856540084,0.3922670092927361,0,0,0.0,0.3345588235294117,0.3510024331878783,0.3910313901345291
0ba15aa0582c5e825710d42fe3eb231d,2020-03-23,0.1668968509345963,0.3821673285907562,0.6706520775907503,0.6531302876480541,0.0021741270408672,0.1711711711711711,0.1344416797946496,0.2018779342723004,0.8365570563226606,0.1599659646883642,0.0216574357518652,0.7859999999999999,0.0,0.0,,0.1381578947368421,0.0412782956058588,0.327015596087761,0.4593090717299578,0.3735918964950548,0,0,0.0,0.338235294117647,0.3837398700959199,0.3890134529147982
0ba15aa0582c5e825710d42fe3eb231d,2020-03-27,0.1258505368957663,0.3997054074106402,0.6842943560611361,0.6802030456852792,0.0004480903154047,0.1261261261261261,0.1343739250776529,0.2347417840375587,0.8252511381165581,0.1399702191023186,0.0267443848404401,1.0,0.0,0.0,,0.0789473684210526,0.0889249117119203,0.1685963521015067,0.4692510548523206,0.1334150058266352,0,0,0.0,0.3602941176470589,0.391703030424903,0.3780269058295964
0ba15aa0582c5e825710d42fe3eb231d,2020-04-06,0.039216891427745,0.5293719722428316,0.61632782511765,0.6192893401015228,7.876695821450256e-05,0.1171171171171171,0.134339497491991,0.244131455399061,0.8704936227849053,0.1121038077004892,0.0183026944379034,0.7859999999999999,0.0,0.0,,0.0657894736842105,0.0920974931974758,0.0646312450436161,0.4810126582278481,0.0811246899931275,0,0,0.0,0.2610294117647059,0.17090631221219,0.4289237668161435
0ba15aa0582c5e825710d42fe3eb231d,2020-04-09,0.030760331176109,0.5756535591149128,0.601615152490357,0.5905245346869712,5.04683584333076e-05,0.1171171171171171,0.1343395102879716,0.244131455399061,0.8318823131043305,0.1063603488619442,0.0092997300078384,0.7140000000000001,0.0,0.0,,0.1118421052631579,0.0635095235338389,0.1550621200105736,0.4484572784810126,0.1813129351301282,0,0,0.0,0.2242647058823529,0.1568300187013613,0.4073991031390134
0ba15aa0582c5e825710d42fe3eb231d,2020-04-18,0.0382732564445569,0.5802732073495397,0.6066896136786579,0.6091370558375634,6.112725529512515e-05,0.1171171171171171,0.134402511298195,0.1877934272300469,0.8142574965198089,0.1099766007232503,0.0122415800831588,0.7140000000000001,0.0,0.0,,0.1644736842105263,0.0666936837839402,0.1986518636003172,0.3914952531645569,0.1985537992649476,0,0,0.0,0.2720588235294118,0.2621005851716302,0.2959641255605381
0ba15aa0582c5e825710d42fe3eb231d,2020-04-24,0.0445533099533605,0.5927966656483219,0.5948756337246451,0.6565143824027072,9.019036339737608e-05,0.0990990990990991,0.1343993250990388,0.1971830985915493,0.8607566123631438,0.102956817698362,0.0123673828824324,0.7140000000000001,0.0,0.0,,0.1184210526315789,0.084953395472703,0.1657414750198255,0.4240506329113923,0.1387336779514148,1,1,0.0,0.2867647058823529,0.2745078324518892,0.3473094170403588
0ba15aa0582c5e825710d42fe3eb231d,2020-04-26,0.0460573411909324,0.5934971413607997,0.5929214064839301,0.6463620981387479,9.533359804057263e-05,0.0990990990990991,0.1343993314970291,0.2112676056338028,0.8233511418789269,0.1044458625824292,0.015360844362583,0.7140000000000001,0.0,0.0,,0.1184210526315789,0.079395588490708,0.1560930478456251,0.4330828059071729,0.1545402934233723,1,1,0.0,0.2867647058823529,0.2576363892296246,0.3426008968609865
0ba15aa0582c5e825710d42fe3eb231d,2020-04-29,0.0416717885679164,0.6161764064068431,0.6349699403470969,0.6632825719120136,8.778285004700705e-05,0.0990990990990991,0.1343993570889901,0.244131455399061,0.8496406937808043,0.0938098276962348,0.0168898322306771,0.643,0.0,0.0,,0.0921052631578947,0.0539802003126266,0.1485329103885805,0.4403217299578058,0.1380464338004601,0,0,0.0,0.2242647058823529,0.1673671298437531,0.3253363228699551
0ba15aa0582c5e825710d42fe3eb231d,2020-06-18,0.0002530821793991,0.9144153973726704,0.12324690891622,0.2368866328257191,0.0,0.0900900900900901,0.1343288768281369,0.7981220657276995,0.2585932503103954,0.0233992767496277,0.0012257708647168,1.0,0.0,0.0,,,0.8336710472992532,0.0,0.7848101265822786,0.0,0,0,0.0,0.4044117647058823,0.2405035291278731,0.1883408071748878
0ba15aa0582c5e825710d42fe3eb231d,2020-06-21,0.1836581221302288,0.6008488630908217,0.5775184578861697,0.6632825719120136,0.0006083835369308,0.1351351351351351,0.1345856409737943,0.3896713615023474,0.6767297490500018,0.120187194213997,0.0372956914154105,1.0,0.0,0.0,,0.3881578947368421,0.0416835523649626,0.2770288131112873,0.5822784810126582,0.2682941404966086,0,0,0.0,0.5882352941176471,0.306903416517525,0.1221973094170403
0ba15aa0582c5e825710d42fe3eb231d,2020-06-26,0.1654072815358472,0.5852703705320125,0.5820425639088276,0.6531302876480541,0.0005691882369282,0.1531531531531531,0.1348792383494564,0.3004694835680751,0.7541480115880959,0.1210380770048925,0.0326635678319016,0.889,0.0,0.0,,0.2763157894736842,0.0778092977479303,0.2163098070314565,0.5246044303797468,0.2434338303403352,1,1,0.0,0.4080882352941176,0.2606527378390879,0.1621076233183856
0ba15aa0582c5e825710d42fe3eb231d,2020-06-27,0.1597346252576015,0.5849277702614235,0.6150265616327825,0.6582064297800339,0.0005841197329931,0.1531531531531531,0.1349451568432446,0.295774647887324,0.7655856127017571,0.1225271218889598,0.0299346148015057,0.9,0.0,0.0,,0.2565789473684211,0.0855902275227233,0.2120274914089347,0.5329113924050632,0.2377267158693638,0,0,0.0,0.3786764705882353,0.2358985702507591,0.1495515695067264
0ba15aa0582c5e825710d42fe3eb231d,2020-07-03,0.1710329368379189,0.5302666608475538,0.7030460759210286,0.7174280879864636,0.0005583858719239,0.1711711711711711,0.1348635376813252,0.2300469483568075,0.8552823657774935,0.1320995532865347,0.0318668167698357,0.857,0.0,0.0,,0.1052631578947368,0.091298558443814,0.1492466296590008,0.4647283755274261,0.2513221979860758,0,0,0.0,0.4264705882352941,0.2721751895272376,0.140134529147982
0ba15aa0582c5e825710d42fe3eb231d,2020-07-06,0.1645106475288333,0.5395626936673504,0.6024406852388214,0.5854483925549916,0.000520389415304,0.1531531531531531,0.1347782780629401,0.2300469483568075,0.8412656608600775,0.1274196979366092,0.0211380959907615,0.857,0.0,0.0,,0.1052631578947368,0.0920974931974758,0.1484007401533174,0.4665348101265822,0.2419099411360444,0,0,0.0,0.3897058823529412,0.2409459269239277,0.1298206278026905
0ba15aa0582c5e825710d42fe3eb231d,2020-07-11,0.1575870421924147,0.5239972941125125,0.3689105299733684,0.3570219966159053,0.0004169754163328,0.1351351351351351,0.1344336695108271,0.1971830985915493,0.8567854321080552,0.1199744735162731,0.031034582866949,0.929,0.0,0.0,,0.1184210526315789,0.0889249117119203,0.168041237113402,0.4285601265822784,0.2278961364926644,0,0,0.0,0.5514705882352942,0.3186068491222426,0.107847533632287
0ba15aa0582c5e825710d42fe3eb231d,2020-07-12,0.1593983875049712,0.5431349015842534,0.2999598893692836,0.2808798646362098,0.0004402202033952,0.1261261261261261,0.1345300680302784,0.1971830985915493,0.8348244854960682,0.1123165283982131,0.0304216974345906,0.929,0.0,0.0,,0.125,0.085740751461819,0.162305048902987,0.4231408227848101,0.2257746436788478,0,0,0.0,0.5477941176470589,0.3200144784733255,0.1118834080717488
0ba15aa0582c5e825710d42fe3eb231d,2020-07-15,0.1533533388770382,0.5573735434033081,0.1764867751519306,0.1522842639593908,0.000428426335954,0.1171171171171171,0.1344512383921182,0.1877934272300469,0.8175570939463486,0.1146564560731759,0.0272604988887419,1.0,0.0,0.0,,0.1578947368421052,0.084953395472703,0.200396510705789,0.4122890295358649,0.2236830310455075,0,0,0.0,0.5036764705882353,0.2795551891250578,0.0966367713004484
0ba15aa0582c5e825710d42fe3eb231d,2020-07-17,0.1373910842763657,0.5706913106096976,0.0429976633225594,0.0372250423011844,0.0003787568788896,0.1081081081081081,0.1344512255961377,0.1737089201877934,0.8094096843372587,0.112529249095937,0.0247250886264592,1.0,0.0,0.0,,0.1513157894736842,0.0873270422045967,0.1917790113666402,0.4014372362869198,0.2078166552125975,1,1,0.0,0.4963235294117647,0.2754529550161878,0.0867713004484305
0ba15aa0582c5e825710d42fe3eb231d,2020-07-19,0.157402653747424,0.558078383450443,0.0,0.0,0.0004377429212906,0.1171171171171171,0.1344512255961377,0.1596244131455399,0.8252059896911096,0.1108274835141459,0.0245960601143837,1.0,0.0,0.0,,0.1381578947368421,0.096856365425809,0.1994448850118953,0.3969145569620253,0.1938028505692174,0,0,0.0,0.5183823529411765,0.3072050513784713,0.1053811659192825
0ba15aa0582c5e825710d42fe3eb231d,2020-07-22,0.1384142593730793,0.5529961157421552,0.0,0.0,0.0003941099354554,0.1171171171171171,0.134474226371171,0.1502347417840375,0.8365608186914482,0.1099766007232503,0.023112232225516,1.0,0.0,0.0,,0.1381578947368421,0.1127424303826781,0.2197197991012424,0.4023470464135021,0.1984641587235187,0,0,0.0,0.4375,0.2596271793118703,0.0966367713004484
0ba15aa0582c5e825710d42fe3eb231d,2020-07-27,0.1272967207780469,0.5507812159036356,0.0,0.0,0.0003430067796244,0.1171171171171171,0.1343570343833307,0.1737089201877934,0.8833458745626247,0.108700276536907,0.0251153998754874,0.929,0.0,0.0,,0.131578947368421,0.0905112024546981,0.1941580756013745,0.4041534810126582,0.2288224220874294,0,0,0.0,0.3897058823529412,0.2037442940738804,0.0818385650224215
0ba15aa0582c5e825710d42fe3eb231d,2020-07-31,0.1648613471202863,0.5119670056299918,0.0,0.0,0.0004812560227877,0.1351351351351351,0.1344822942369059,0.1924882629107981,0.8835904285338049,0.1040204211869814,0.0335345102884109,0.929,0.0,0.0,,0.0986842105263157,0.1198865281074509,0.1573618821041501,0.4556962025316455,0.1665521259748409,0,0,0.0,0.3713235294117647,0.2086709968026705,0.0943946188340807
0ba15aa0582c5e825710d42fe3eb231d,2020-08-02,0.1790303337069308,0.4967027451664994,0.0,0.0,0.0006135051530867,0.1261261261261261,0.1344822878389157,0.1830985915492957,0.8902836826065691,0.1055094660710487,0.0336441845236751,0.929,0.0,0.0,,0.1118421052631579,0.1119434956290164,0.1858313507798044,0.4367088607594936,0.2389518032688917,0,0,0.0,0.3823529411764706,0.2104606969776186,0.084304932735426
0ba15aa0582c5e825710d42fe3eb231d,2020-08-06,0.1766875158176362,0.47629293414219,0.0,0.0,0.0006283098862037,0.1441441441441441,0.1345051798481144,0.1737089201877934,0.8666691749125249,0.1006168900233992,0.0322055166140337,0.929,0.0,0.0,,0.1184210526315789,0.1159150118682336,0.1924662965900079,0.4339926160337552,0.2356351032360235,0,0,0.0,0.3602941176470589,0.2743469605260512,0.1017937219730941
0ba15aa0582c5e825710d42fe3eb231d,2020-08-09,0.1718644925702303,0.5123750709204381,0.0,0.0,0.000633557282649,0.1351351351351351,0.1345104901800414,0.1971830985915493,0.8372361638887844,0.1061476281642203,0.0287475524904115,1.0,0.0,0.0,,0.1447368421052631,0.1206738840965669,0.1859370869680148,0.4656381856540084,0.2463023276660591,0,0,0.0,0.3639705882352941,0.2630658167266585,0.0995515695067264
0ba15aa0582c5e825710d42fe3eb231d,2020-08-12,0.1616146643045663,0.5235826823200802,0.0,0.0,0.0005957111727812,0.1261261261261261,0.1344213597775408,0.1924882629107981,0.825394108130479,0.0987024037438842,0.0269282504701476,1.0,0.0,0.0,,0.1513157894736842,0.1278295605858855,0.180385937086968,0.4665348101265822,0.2574476349837153,0,0,0.0,0.3455882352941177,0.2648354079108769,0.0874439461883408
0ba15aa0582c5e825710d42fe3eb231d,2020-08-20,0.1353483495426443,0.5962401256928382,0.0,0.0,0.0003889450823249,0.1441441441441441,0.1343983845944686,0.2253521126760563,0.8094416644719516,0.0863646032758987,0.0288088410336474,1.0,0.0,0.0,,0.125,0.1286169165750014,0.1327782183452286,0.504509493670886,0.197776914572564,1,1,0.0,0.3529411764705882,0.1636871845402079,0.1044843049327354
0ba15aa0582c5e825710d42fe3eb231d,2020-08-23,0.1592103836002747,0.5656112250687382,0.0,0.0,0.0004919571739654,0.1531531531531531,0.1343879750642936,0.2112676056338028,0.7936359531961322,0.0810465858328015,0.0328958191536374,1.0,0.0,0.0,,0.1184210526315789,0.1294158513286632,0.1320644990748083,0.4891482067510548,0.1848089162458541,0,0,0.0,0.3419117647058824,0.1722133966096241,0.1116591928251121
0ba15aa0582c5e825710d42fe3eb231d,2020-08-27,0.1284970534003398,0.5350674289704535,0.0,0.0,0.0003962265818867,0.1441441441441441,0.1343774631662741,0.2159624413145539,0.7896346739907446,0.0853009997872793,0.0332280675722317,1.0,0.0,0.0,,0.0986842105263157,0.1135297863717941,0.1225218080888184,0.4782964135021096,0.1350285355723548,0,0,0.0,0.3455882352941177,0.1728166663315168,0.1273542600896861
0ba15aa0582c5e825710d42fe3eb231d,2020-08-30,0.1041035467659712,0.5618295290882903,0.0,0.0,0.0003358815227658,0.1441441441441441,0.1343648399314644,0.2018779342723004,0.8015294029120734,0.0884918102531376,0.0308797486524584,1.0,0.0,0.0,,0.1184210526315789,0.1032131071614658,0.1574147501982553,0.4475474683544304,0.2199480084859712,0,0,0.0,0.3455882352941177,0.1752699632005469,0.1273542600896861
0ba15aa0582c5e825710d42fe3eb231d,2020-09-01,0.1339093965797751,0.5168572426133636,0.0,0.0,0.0004406162147749,0.1711711711711711,0.1343758764646863,0.1924882629107981,0.8268049964257497,0.0906190172303765,0.0299604205039208,1.0,0.0,0.0,,0.1118421052631579,0.0960690094366931,0.1640496960084589,0.4312763713080168,0.2161233453850061,0,0,0.0,0.4080882352941176,0.2662229282712301,0.1307174887892376
0ba15aa0582c5e825710d42fe3eb231d,2020-09-02,0.1358292056835026,0.5200933967616638,0.0,0.0,0.0004452052300183,0.1801801801801802,0.1343799839744419,0.2018779342723004,0.8304714248090598,0.0874282067645182,0.0284862697534587,1.0,0.0,0.0,,0.0986842105263157,0.0785966537370462,0.1284694686756542,0.4213343881856539,0.2136731705859503,0,0,0.0,0.3529411764705882,0.2571738824428402,0.1331838565022421
0ba15aa0582c5e825710d42fe3eb231d,2020-09-05,0.1220217650674283,0.5107559027626238,0.0,0.0,0.0003814591897931,0.1891891891891892,0.1343941427269172,0.1690140845070422,0.8701380789344972,0.0893426930440331,0.0268863162037231,1.0,0.0,0.0,,0.1052631578947368,0.0627221675447229,0.1263547449114459,0.3670886075949367,0.2192607643350166,0,0,0.0,0.3088235294117647,0.2090329586358061,0.142152466367713
0ba15aa0582c5e825710d42fe3eb231d,2020-09-07,0.1230594020029646,0.5483219133243136,0.0,0.0,0.0004085736860693,0.1891891891891892,0.1343932278143081,0.1690140845070422,0.8821212235223297,0.0944479897894065,0.025921828075959,1.0,0.0,0.0,,0.125,0.0555780698199502,0.1178429817605075,0.3580432489451477,0.2425075447455702,0,0,0.0,0.3602941176470589,0.2154879446600575,0.142152466367713
0ba15aa0582c5e825710d42fe3eb231d,2020-09-09,0.2100292852236161,0.5057631039148082,0.0,0.0,0.0016907013080886,0.1801801801801802,0.1343795233191422,0.1455399061032863,0.8959103051281088,0.0908317379281004,0.0164640381408281,1.0,0.0,0.0,,0.125,0.0754240722514907,0.159370869680148,0.3589398734177215,0.2356948635969761,1,1,0.0,0.3345588235294117,0.1960224416336544,0.1286995515695067
0ba15aa0582c5e825710d42fe3eb231d,2020-09-13,0.2379840196681008,0.4896565268624798,0.0,0.0,0.0019876479353572,0.1891891891891892,0.0980400518157877,0.1314553990610328,0.8658433349636931,0.0980642416507126,0.0161092097326206,0.7140000000000001,0.0,0.0,,0.1118421052631579,0.0833671047299253,0.1638117895849854,0.3526107594936709,0.2218902202169301,0,0,0.0,0.349264705882353,0.2436807496631744,0.110762331838565
0ba15aa0582c5e825710d42fe3eb231d,2020-09-17,0.1839979753425648,0.5256644699515558,0.0,0.0,0.0017993243798232,0.1351351351351351,0.0596295380649103,0.1314553990610328,0.8462489183189736,0.1072112316528398,0.0174478805454035,0.643,0.0,0.0,,0.1052631578947368,0.0770103629942685,0.167909066878139,0.342668776371308,0.2246690770012251,0,0,0.0,0.2720588235294118,0.1796537231796336,0.1047085201793722
0ba15aa0582c5e825710d42fe3eb231d,2020-09-19,0.1817636212444412,0.5194322000611007,0.0,0.0,0.0017892452514825,0.1261261261261261,0.0404379153067445,0.136150234741784,0.8509217803529102,0.1018932142097426,0.017802708953611,0.643,0.0,0.0,,0.1118421052631579,0.0770103629942685,0.1753899021940259,0.3471914556962025,0.2386828816446051,0,0,0.0,0.2683823529411764,0.1988779183172796,0.1242152466367713
0ba15aa0582c5e825710d42fe3eb231d,2020-09-24,0.0258649987345891,0.6297996770392353,0.0,0.0,3.949894148221796e-05,0.0900900900900901,1.630847720723323e-05,0.1737089201877934,0.8760600474058466,0.0987024037438842,0.0180543145521581,0.643,0.0,0.0,,0.0921052631578947,0.0500202628379551,0.1545598731165741,0.3571334388185654,0.1869005288791944,0,0,0.0,0.1948529411764706,0.1740634237567616,0.1616591928251121
0ba15aa0582c5e825710d42fe3eb231d,2020-09-27,0.0292382226400086,0.6282306987299787,0.0,0.0,7.961794048446974e-05,0.1171171171171171,5.669259181376761e-05,0.1737089201877934,0.8914914029873209,0.1089129972346309,0.0336312816724675,0.838,0.019,0.0,,0.0921052631578947,0.0539802003126266,0.154903515728258,0.360759493670886,0.1886335793468192,0,0,0.0,0.1617647058823529,0.1411852239136118,0.1766816143497757
0ba15aa0582c5e825710d42fe3eb231d,2020-09-30,0.0302288585993709,0.6261925544450747,0.0,0.0,9.671521590613136e-05,0.1351351351351351,9.696794058565194e-05,0.1784037558685446,0.8967718875804206,0.1146564560731759,0.0426955346457683,0.8240000000000001,0.033,0.0,,0.0921052631578947,0.0635095235338389,0.1544805709754163,0.379746835443038,0.1768010278782084,0,0,0.0,0.1617647058823529,0.1665828792052927,0.1652466367713004
0ba15aa0582c5e825710d42fe3eb231d,2020-10-05,0.0250370584619834,0.6881748352463668,0.0,0.0,8.602487397198245e-05,0.1711711711711711,0.0001003716714111,0.2065727699530516,0.8565013732646074,0.1146564560731759,0.0415471808882967,0.789,0.068,0.0,,0.0986842105263157,0.0706536212586117,0.1404969600845889,0.4186181434599155,0.076224340395016,0,0,0.0,0.1727941176470588,0.1457097468278067,0.1612107623318385
0ba15aa0582c5e825710d42fe3eb231d,2020-10-12,0.0143533750316352,0.6799415179155938,0.0,0.0,5.424668040562146e-05,0.1891891891891892,6.481164147087979e-05,0.2018779342723004,0.9008785131118552,0.1072112316528398,0.0443922595795605,0.851,0.078,0.0,,0.0789473684210526,0.0817692352226017,0.1044409199048374,0.4267536919831223,0.087668449517435,1,1,0.0,0.2352941176470588,0.2733415109895634,0.1374439461883408
0ba15aa0582c5e825710d42fe3eb231d,2020-10-16,0.0136266676307892,0.6896827128704228,0.0,0.0,3.470553326870768e-05,0.1711711711711711,2.123492971785292e-05,0.1830985915492957,0.9308739982693104,0.0959370346734737,0.0399343244873535,0.917,0.083,0.0,,0.0657894736842105,0.0976553001794708,0.1068728522336769,0.4240506329113923,0.0865628828398123,0,0,0.0,0.2757352941176471,0.3139214542822096,0.1385650224215246
0ba15aa0582c5e825710d42fe3eb231d,2020-10-18,0.0182002241585017,0.6688037358704667,0.0,0.0,5.971222704021437e-05,0.1801801801801802,5.4881960566358034e-05,0.1784037558685446,0.950688513488092,0.0980642416507126,0.0421794205974665,0.923,0.077,0.0,,0.0723684210526315,0.1047993979042436,0.1071107586571504,0.4258570675105485,0.0857859981474288,0,0,0.0,0.2794117647058823,0.3385951859076193,0.1475336322869955
0ba15aa0582c5e825710d42fe3eb231d,2020-10-22,0.0214360605951046,0.6566228778422728,0.0,0.0,7.368563105745836e-05,0.1711711711711711,5.472201080951973e-05,0.1737089201877934,0.9295985552503856,0.1018932142097426,0.0467567070633433,0.933,0.067,0.0,,0.0723684210526315,0.1111561396399004,0.1178429817605075,0.4267536919831223,0.0792422386231213,1,1,0.0,0.2463235294117647,0.2276136660700999,0.1650224215246636
0ba15aa0582c5e825710d42fe3eb231d,2020-10-25,0.0231714812538414,0.6377471304499628,0.0,0.0,6.360552005823973e-05,0.1711711711711711,5.199646695299508e-05,0.1596244131455399,0.9641051205839196,0.0997660072325037,0.0413310581305704,0.93,0.07,0.0,,0.0657894736842105,0.1190875933537891,0.1203277821834522,0.4231408227848101,0.0683060925687991,1,1,0.0,0.2169117647058823,0.1920810794506224,0.1721973094170403
0ba15aa0582c5e825710d42fe3eb231d,2020-10-29,0.0253299106981452,0.6096822764369573,0.0,0.0,7.589366473022539e-05,0.1981981981981982,5.419097761681657e-05,0.1596244131455399,0.9435174385793296,0.1061476281642203,0.0490050288862581,0.914,0.086,0.0,,0.0723684210526315,0.1286169165750014,0.1192968543484007,0.4321861814345991,0.0795410404278842,0,0,0.0,0.1801470588235294,0.1253996661907539,0.1854260089686098
0ba15aa0582c5e825710d42fe3eb231d,2020-11-02,0.0240825770996782,0.5996246672194823,0.0,0.0,6.96488698969212e-05,0.1891891891891892,2.054394676831145e-05,0.1549295774647887,0.954885435870424,0.1040204211869814,0.0519823618023992,0.899,0.1009999999999999,0.0,,0.0592105263157894,0.1349736583106582,0.0996034892942109,0.4321861814345991,0.0749992529954881,1,1,0.0,0.1691176470588235,0.0948541092722556,0.1869955156950672
0ba15aa0582c5e825710d42fe3eb231d,2020-11-08,0.0384106439133735,0.5830838388687644,0.0,0.0,0.0001287449700511,0.1981981981981982,5.883591855540085e-05,0.1690140845070422,0.8714360961661463,0.1008296107211231,0.0487372947237015,0.8740000000000001,0.126,0.0,,0.0592105263157894,0.1095582701325768,0.1204863864657679,0.4186181434599155,0.1444109122419099,1,1,0.0,0.2058823529411764,0.1337448973436023,0.1809417040358744
0ba15aa0582c5e825710d42fe3eb231d,2020-11-15,0.0454354821215517,0.5987888971326323,0.0,0.0,0.0001285779181043,0.1891891891891892,5.660941794021169e-05,0.1549295774647887,0.926814402347718,0.1044458625824292,0.0590789299665493,0.9,0.1,0.0,,0.0921052631578947,0.1119434956290164,0.1330425588157547,0.4068697257383966,0.175426539576299,1,1,0.0,0.2058823529411764,0.1613545416155563,0.1717488789237668
0ba15aa0582c5e825710d42fe3eb231d,2020-12-03,0.0530785639394048,0.5847684720464367,0.0,0.0,0.0013779319134863,0.1261261261261261,0.1092713974434693,0.0845070422535211,0.9015519771247976,0.1095511593278025,0.0283733698053927,0.0,0.0,0.0,,0.0921052631578947,0.2016673420945985,0.2,0.4367088607594936,0.2207846535393074,0,0,0.0,0.2316176470588235,0.2128536668744595,0.1190582959641255
0ba15aa0582c5e825710d42fe3eb231d,2020-12-11,0.1123214866770309,0.5627984113821849,0.0,0.0,0.000310754944656,0.1351351351351351,0.1344260750963724,0.1079812206572769,0.9183829338951804,0.1152946181663475,0.0177769032511959,0.429,0.0,0.0,,0.125,0.148462919006542,0.2362146444620671,0.3969145569620253,0.2038724713897272,0,0,0.0,0.474264705882353,0.3101811820064751,0.1374439461883408
0ba15aa0582c5e825710d42fe3eb231d,2020-12-13,0.1411077768538269,0.5273774713044996,0.0,0.0,0.0004498856325031,0.1441441441441441,0.1344615391564586,0.1267605633802817,0.8841698333270627,0.1255052116570942,0.0183672086939411,0.5710000000000001,0.0,0.0,,0.1381578947368421,0.1286169165750014,0.2401004493787999,0.3978243670886076,0.2078764155735501,0,0,0.0,0.4963235294117647,0.3184459771964045,0.1286995515695067
0ba15aa0582c5e825710d42fe3eb231d,2020-12-27,0.2697892186991576,0.3528411818618252,0.0,0.0,0.0009160372113281,0.2342342342342342,0.1347776510598933,0.1737089201877934,0.908527408856616,0.0812593065305254,0.0443083910467115,1.0,0.0,0.0,,0.0986842105263157,0.0476350373415156,0.1280993920169177,0.3571334388185654,0.1878268144739594,0,0,0.0,0.6507352941176471,0.4120332200526856,0.177354260089686
0ba15aa0582c5e825710d42fe3eb231d,2021-01-02,0.3661303734769875,0.3483219133243136,0.0,0.0,0.0020503464616104,0.2342342342342342,0.1274384204472705,0.1737089201877934,0.8660013544527635,0.0778557753669432,0.0382795338199858,0.857,0.0,0.0,,0.1184210526315789,0.0817692352226017,0.2060533967750462,0.3942114978902953,0.1757552215615382,0,0,0.0,0.4852941176470588,0.3641134951436788,0.1114349775784753
0ba15aa0582c5e825710d42fe3eb231d,2021-01-04,0.5482121551755306,0.2179439619430017,0.0,0.0,0.0037169795148049,0.2612612612612612,0.1222659140267114,0.1455399061032863,0.8588189924376387,0.0763667304828759,0.0356118693328258,0.7859999999999999,0.0,0.0,,0.1447368421052631,0.1151160771145718,0.2807031456515992,0.4041534810126582,0.1894702244001554,0,0,0.0,0.4705882352941177,0.3640531681714895,0.1109865470852018
0ba15aa0582c5e825710d42fe3eb231d,2021-01-12,0.4799197367945334,0.2856544319818444,0.0,0.0,0.0035062031949679,0.2252252252252252,0.1220841599190209,0.1408450704225352,0.8892433876368562,0.0736013614124654,0.0347635068659296,0.857,0.0,0.0,,0.1184210526315789,0.1278295605858855,0.2474755485064763,0.4131988396624472,0.1289927391161442,0,0,0.0,0.2536764705882353,0.246918297170665,0.1040358744394618
0ba15aa0582c5e825710d42fe3eb231d,2021-01-17,0.2119057088108753,0.467782481560686,0.0,0.0,0.001326656792416,0.1891891891891892,0.1346102668383571,0.1737089201877934,0.9309473644606644,0.0704105509466071,0.0327313078007412,1.0,0.0,0.0,,0.0986842105263157,0.0825681699762635,0.1421623050489029,0.3969145569620253,0.1026085397555801,1,1,0.0,0.2683823529411764,0.1661203724185083,0.1183856502242152
0ba15aa0582c5e825710d42fe3eb231d,2021-01-20,0.1276293430709714,0.5602125430978048,0.0,0.0,0.0003739664186516,0.1711711711711711,0.1345872340733724,0.2018779342723004,0.8752097520598969,0.074239523505637,0.0344280327345335,1.0,0.0,0.0,,0.0921052631578947,0.0587506513055057,0.1176315093840867,0.3996308016877637,0.0930767621836436,0,0,0.0,0.3161764705882353,0.1693981379074584,0.1246636771300448
0ba15aa0582c5e825710d42fe3eb231d,2021-01-23,0.168838352796558,0.5115022039890018,0.0,0.0,0.0005452998085415,0.1801801801801802,0.1346022693505152,0.1924882629107981,0.868286993491102,0.0880663688576898,0.0345699640978165,1.0,0.0,0.0,,0.1184210526315789,0.0635095235338389,0.1218609569125033,0.3942114978902953,0.1130964831027579,0,0,0.0,0.4191176470588235,0.2561684329063525,0.1246636771300448
0ba15aa0582c5e825710d42fe3eb231d,2021-01-24,0.1820420116417802,0.4941976170732771,0.0,0.0,0.000575666904487,0.1711711711711711,0.1345991919171937,0.1830985915492957,0.8800255841077542,0.0859391618804509,0.033673215938892,1.0,0.0,0.0,,0.1184210526315789,0.0706536212586117,0.1450171821305842,0.3942114978902953,0.1130964831027579,0,0,0.0,0.4522058823529412,0.2898711013694223,0.1197309417040358
0ba15aa0582c5e825710d42fe3eb231d,2021-01-28,0.2133663545319787,0.4912691485183084,0.0,0.0,0.0006634369799734,0.1621621621621621,0.1345952507551852,0.1924882629107981,0.8664791752887618,0.0912571793235481,0.0354731636823447,1.0,0.0,0.0,,0.1184210526315789,0.0714525560122734,0.1487972508591065,0.4005406118143459,0.1087339767532196,1,1,0.0,0.5036764705882353,0.3568139315087776,0.1325112107623318
0ba15aa0582c5e825710d42fe3eb231d,2021-02-03,0.2002530821793991,0.5462030288482521,0.0,0.0,0.0005965415192225,0.1261261261261261,0.1343929527007263,0.1220657276995305,0.9542364272545996,0.0831737928100404,0.031744239683364,1.0,0.0,0.0,,0.1052631578947368,0.096856365425809,0.1367961934972244,0.3580432489451477,0.2049481578868736,1,1,0.0,0.4375,0.3768625952663436,0.1466367713004484
0ba15aa0582c5e825710d42fe3eb231d,2021-02-08,0.1699229907082685,0.5767817396237945,0.0,0.0,0.0004450303168034,0.1531531531531531,0.1345496458805154,0.1408450704225352,0.9526788065766206,0.0687087853648159,0.0343893241809108,1.0,0.0,0.0,,0.1381578947368421,0.0690673305158339,0.131218609569125,0.3444752109704641,0.2552066214479935,1,1,0.0,0.349264705882353,0.3398017253514046,0.1381165919282511
0ba15aa0582c5e825710d42fe3eb231d,2021-02-12,0.1231136338985501,0.6017413695282153,0.0,0.0,0.0003163393929704,0.1621621621621621,0.1345007012549229,0.1455399061032863,0.9477651529402912,0.0763667304828759,0.0318248825034111,0.7859999999999999,0.0,0.0,,0.1513157894736842,0.0650958142766166,0.1522072429288924,0.4258570675105485,0.4506230017629307,0,0,0.0,0.3419117647058824,0.280439984717167,0.1571748878923766
0ba15aa0582c5e825710d42fe3eb231d,2021-02-14,0.1210962073827687,0.5822262471086285,0.0,0.0,0.0003327045878018,0.1711711711711711,0.1345148792013691,0.1502347417840375,0.9116313631062116,0.0757285683897043,0.0324474450741752,0.643,0.0,0.0,,0.1578947368421052,0.0563654258090661,0.1882897171556965,0.4231408227848101,0.4679236262587026,0,0,0.0,0.3235294117647059,0.2601902310523035,0.1497757847533632
0ba15aa0582c5e825710d42fe3eb231d,2021-02-17,0.1035431505115875,0.5992318771003359,0.0,0.0,0.0002856883087154,0.1711711711711711,0.1345149111913204,0.1737089201877934,0.8814026110839385,0.0770048925760476,0.0303571831785528,0.429,0.0,0.0,,0.1513157894736842,0.0579517165518439,0.1959027227068464,0.4493670886075949,0.4603340604177249,1,1,0.0,0.3419117647058824,0.2357980252971103,0.1840807174887892
0ba15aa0582c5e825710d42fe3eb231d,2021-02-20,0.0898803282837412,0.6190677781172259,0.0,0.0,0.0002516254341124,0.1441441441441441,0.1344461519898508,0.1784037558685446,0.8437582301817224,0.0776430546692193,0.0274637187952607,0.214,0.0,0.0,,0.131578947368421,0.0770103629942685,0.1945545863071636,0.4755801687763712,0.4074760211551678,1,1,0.0,0.3308823529411764,0.2453095779122846,0.1867713004484305
0ba15aa0582c5e825710d42fe3eb231d,2021-03-09,0.2129108066090603,0.3605071356871644,0.0,0.0,0.0009669733152124,0.2162162162162162,0.1345132285198784,0.164319248826291,0.8848771586590918,0.0689215060625398,0.0378118054637123,0.0,0.0,0.0,,0.1184210526315789,0.1079719793897991,0.1124240021147237,0.4131988396624472,0.1910538739653987,1,1,0.0,0.4154411764705882,0.1414868587745581,0.1100896860986547
0ba15aa0582c5e825710d42fe3eb231d,2021-03-12,0.1520879279800426,0.3471806398114608,0.0,0.0,0.0004862282748501,0.2162162162162162,0.1345869525618004,0.1502347417840375,0.9174160051168216,0.0678579025739204,0.038444045172882,0.0,0.0,0.0,,0.1184210526315789,0.1317894980605569,0.1497753106000528,0.4267536919831223,0.1623987808886365,1,1,0.0,0.4411764705882353,0.1637072935309377,0.1125560538116592
0ba15aa0582c5e825710d42fe3eb231d,2021-03-16,0.134759029610615,0.363415964736176,0.0,0.0,0.0004040092372887,0.1711711711711711,0.1345908553358673,0.1408450704225352,0.9237179728356972,0.0565837055945543,0.0320603595379489,0.0,0.0,0.0,,0.1118421052631579,0.1675215654489666,0.1502511234469997,0.4556962025316455,0.1707353512415215,1,1,0.0,0.3602941176470589,0.1478614088358905,0.1026905829596412
0ba15aa0582c5e825710d42fe3eb231d,2021-03-19,0.1223833110379984,0.3773207349539562,0.0,0.0,0.0003848051420208,0.1621621621621621,0.1346314057982209,0.1267605633802817,0.92569509763347,0.0557328228036587,0.0260605337264401,0.0,0.0,0.0,,0.1118421052631579,0.1667342094598506,0.1495109701295268,0.4430379746835443,0.2151970597902411,1,1,0.0,0.3419117647058824,0.1449053871986165,0.1004484304932735
0ba15aa0582c5e825710d42fe3eb231d,2021-03-22,0.1119960953035178,0.4008946886047222,0.0,0.0,0.0003435246406593,0.1531531531531531,0.1345861592110064,0.1596244131455399,0.9387222995598028,0.055307381408211,0.0244638058895064,0.0,0.0,0.0,,0.1578947368421052,0.1556185954958606,0.1707639439598202,0.4647283755274261,0.2114620372307049,0,0,0.0,0.349264705882353,0.1625610810593416,0.1085201793721973
0ba15aa0582c5e825710d42fe3eb231d,2021-04-03,0.2194800968943201,0.4107908174398813,0.0,0.0,0.003475991359067,0.2432432432432432,0.1407619472823388,0.164319248826291,0.8495673275894504,0.0753031269942565,0.0279185443003267,0.357,0.0,0.0,,0.1447368421052631,0.0539802003126266,0.2519164684113137,0.4321861814345991,0.4497564765291182,0,0,0.0,0.2977941176470588,0.1613344326248265,0.0865470852017937
0ba15aa0582c5e825710d42fe3eb231d,2021-04-04,0.2379008640948696,0.3823331733077293,0.0,0.0,0.0035300542823312,0.2612612612612612,0.1407721584748153,0.1408450704225352,0.8514503931675383,0.0795575409487343,0.0301475118464302,0.429,0.0,0.0,,0.1447368421052631,0.0785966537370462,0.3194554586307163,0.4357990506329113,0.4537604207129412,1,1,0.0,0.3125,0.1638882744475055,0.0876681614349775
0ba15aa0582c5e825710d42fe3eb231d,2021-04-08,0.2086047940995697,0.4070025749574478,0.0,0.0,0.0031809658291862,0.2432432432432432,0.140702893832114,0.1784037558685446,0.8286654877911133,0.0816847479259731,0.0256476424877987,0.7140000000000001,0.0,0.0,,0.1776315789473684,0.0865396862154808,0.3462331482950039,0.4846255274261603,0.4121672094899453,1,1,0.0,0.2683823529411764,0.1426531802368839,0.0780269058295964
0ba15aa0582c5e825710d42fe3eb231d,2021-04-21,0.2030659098304349,0.4134574259154192,0.0,0.0,0.0006703539132278,0.1891891891891892,0.1347385785332928,0.2065727699530516,0.7965216900560593,0.0604126781535843,0.0256895767542232,1.0,0.0,0.0,,0.1447368421052631,0.084953395472703,0.1992598466825271,0.4330828059071729,0.2512624376251233,0,0,0.0,0.2573529411764706,0.0940296406523356,0.076457399103139
0f2be96bde481cd3898f147a995a7d56,2018-11-07,0.003839618207455,0.6319862087024832,0.0,0.0,3.1710390129146524e-05,0.4864864864864865,2.836868887284117e-05,0.3051643192488262,0.2328831032017758,0.3718357796213571,0.54057785419133,0.489,0.156,0.155,0.1489908561831562,0.4144736842105263,0.0422393330631621,0.2682527094898229,0.491139240506329,0.3715301640421908,0,0,,,,
0f2be96bde481cd3898f147a995a7d56,2018-11-09,0.0032286055171915,0.6346179025007638,0.0,0.0,3.189119929505179e-05,0.4774774774774775,2.9321989423597445e-05,0.2300469483568075,0.2572858271567779,0.4001276324186343,0.5372327900157737,0.555,0.1639999999999999,0.139,0.1473915629628765,0.3881578947368421,0.0889249117119203,0.3521279407877346,0.4611155063291138,0.3832730749693728,0,0,,,,
0f2be96bde481cd3898f147a995a7d56,2018-11-10,0.0028236740301529,0.6141098939466678,0.0,0.0,3.343397315630869e-05,0.5045045045045045,2.9014885890467904e-05,0.2112676056338028,0.2586722600549306,0.4182088917251648,0.5679060930489114,0.584,0.143,0.148,0.1487678007021144,0.3618421052631579,0.0944827186939153,0.3311128733809146,0.4509493670886076,0.3636417963964503,0,0,,,,
0f2be96bde481cd3898f147a995a7d56,2018-11-16,0.0071947648143461,0.6288962597651988,0.0,0.0,3.289645895114466e-05,0.5135135135135136,2.8982895939100244e-05,0.1830985915492957,0.3028443508032657,0.4348011061476282,0.5421520020386504,0.628,0.1669999999999999,0.134,0.1444510210984243,0.2828947368421052,0.1310021420714409,0.2803066349458102,0.4602056962025316,0.2799175307018854,1,1,,,,
0f2be96bde481cd3898f147a995a7d56,2018-11-17,0.0106077587765284,0.6087461266529917,0.0,0.0,3.5534897051447056e-05,0.5495495495495495,3.09086910114334e-05,0.1314553990610328,0.3314910267504421,0.4735162731333758,0.5688899354534868,0.6920000000000001,0.1669999999999999,0.141,0.1485593240106833,0.1381578947368421,0.1524344352457592,0.2077980438805181,0.430379746835443,0.1957450623001763,1,1,,,,
0f2be96bde481cd3898f147a995a7d56,2018-11-24,0.0874543548212155,0.5954829136298173,0.0,0.0,0.0013470744709442,0.4594594594594594,0.0280421866332022,0.1220657276995305,0.3825049851386433,0.4720272282493086,0.5199397436848607,0.6859999999999999,0.096,0.218,0.1192559568934348,0.1381578947368421,0.1984831818444972,0.220142743854084,0.4701608649789028,0.1540323303552753,0,0,,,,
0f2be96bde481cd3898f147a995a7d56,2018-11-28,0.1311291080660906,0.6046501985772268,0.0,0.0,0.0019783863788971,0.3423423423423423,0.0601210252797327,0.1267605633802817,0.4023495993077241,0.4430972133588598,0.4674186878445464,0.69,0.053,0.186,0.0880223580317467,0.1513157894736842,0.1754645979274011,0.2910917261432725,0.4493670886075949,0.2685929423013715,0,0,,,,
0f2be96bde481cd3898f147a995a7d56,2018-12-01,0.1432842835966593,0.6206433029284687,0.0,0.0,0.0020236898842,0.2702702702702703,0.0877435421389329,0.1455399061032863,0.4220343128033409,0.3794937247394171,0.4329358179923808,0.542,0.011,0.161,0.0662562251431637,0.1447368421052631,0.153233369999421,0.3011895321173672,0.4475474683544304,0.2698479098813757,1,1,,,,
0f2be96bde481cd3898f147a995a7d56,2018-12-17,0.1707003145449943,0.5939946755117181,0.0,0.0,0.0010211394176202,0.3063063063063063,0.1028537397478363,0.1596244131455399,0.4161875917077392,0.3703467347372899,0.4478644168395111,0.857,0.0,0.0,0.0455324757117365,0.0855263157894736,0.1333873675678805,0.1723764208300291,0.4385152953586497,0.1688528998715152,0,0,,,,
0f2be96bde481cd3898f147a995a7d56,2018-12-27,0.1458910300444701,0.624390084231659,0.0,0.0,0.0003595773500845,0.3783783783783784,0.0954754877925354,0.1737089201877934,0.3496105948305053,0.3592852584556477,0.4250683044685799,1.0,0.0,0.0,0.0555699723586149,0.1644736842105263,0.1468766282637642,0.2231033571239757,0.4710574894514768,0.2584038007589566,1,1,,,,
0f2be96bde481cd3898f147a995a7d56,2018-12-31,0.1672656278245778,0.6161589490682147,0.0,0.0,0.0004363455808889,0.3783783783783784,0.0954773432097147,0.1830985915492957,0.3351499303961774,0.3826845352052754,0.4181620533597411,1.0,0.0,0.0,0.0559927572573214,0.1710526315789473,0.154020725988537,0.2192968543484007,0.4864319620253164,0.2478560970508262,1,1,,,,
0f2be96bde481cd3898f147a995a7d56,2019-01-07,0.1054738059944322,0.5971893684807752,0.0,0.0,0.0014601234366094,0.4144144144144144,0.0613431757797731,0.1549295774647887,0.3430302118213627,0.4131035949797915,0.5013370579563818,0.8240000000000001,0.032,0.144,0.0935112723201268,0.1710526315789473,0.1556185954958606,0.1734337827121332,0.4575026371308016,0.2668598918337467,0,0,,,,
0f2be96bde481cd3898f147a995a7d56,2019-01-11,0.0805379804042084,0.5750971064461221,0.0,0.0,0.0014130992962549,0.5315315315315315,0.0342161704712774,0.1126760563380281,0.3280710335227059,0.4505424377791959,0.5562451412700921,0.7040000000000001,0.1009999999999999,0.195,0.1214179913926826,0.1184210526315789,0.1675215654489666,0.1733016124768702,0.4276635021097046,0.2124779633668987,0,0,,,,
0f2be96bde481cd3898f147a995a7d56,2019-01-18,0.0005387034961495,0.622480687819142,0.0,0.0,3.0747384788998904e-05,0.5585585585585586,2.5476797269204677e-05,0.1032863849765258,0.2798092479024794,0.4103382259093809,0.5575773606572713,0.6459999999999999,0.148,0.206,0.1317689320161882,0.0921052631578947,0.165136339952527,0.1460481099656357,0.4131988396624472,0.1081961335046463,0,0,,,,
0f2be96bde481cd3898f147a995a7d56,2019-01-21,0.0005387034961495,0.6567625365513028,0.0,0.0,2.778466938027945e-05,0.5045045045045045,2.6673221450355168e-05,0.1314553990610328,0.2664810564731555,0.3869389491597532,0.5069014125396359,0.655,0.1369999999999999,0.208,0.1249008642306481,0.0986842105263157,0.1579922422277543,0.1232619614062913,0.4357990506329113,0.1496997041862132,0,0,,,,
0f2be96bde481cd3898f147a995a7d56,2019-01-27,0.0011967171625872,0.6788678915899272,0.0,0.0,2.3568081712347387e-05,0.3963963963963964,2.6129392277104944e-05,0.1502347417840375,0.2751834154783852,0.3580089342693044,0.4736346364137815,0.76,0.08,0.161,0.1080667358673213,0.0986842105263157,0.1524344352457592,0.1176315093840867,0.4475474683544304,0.1516120357366958,0,0,,,,
0f2be96bde481cd3898f147a995a7d56,2019-02-13,0.0074876170505079,0.6576179461441103,0.0,0.0,4.968517960055489e-05,0.5045045045045045,8.563070182095314e-05,0.1314553990610328,0.3231272809360773,0.4386300787066581,0.4994338874032689,0.775,0.129,0.096,0.1050591315706604,0.131578947368421,0.1762519539165171,0.1369283637324874,0.4565928270042194,0.1952669794125556,0,0,,,,
0f2be96bde481cd3898f147a995a7d56,2019-02-18,0.0038251563686322,0.7106315192248941,0.0,0.0,2.348946903151901e-05,0.4234234234234234,2.260409963638878e-05,0.1126760563380281,0.2999548515745513,0.3588598170601999,0.4243392933753536,0.846,0.106,0.048,0.0951936646411868,0.1381578947368421,0.1675215654489666,0.1547713454929949,0.4285601265822784,0.2416410195117578,0,0,,,,
0f2be96bde481cd3898f147a995a7d56,2019-03-02,0.0032900683321884,0.664243006153712,0.0,0.0,2.8388021705637243e-05,0.4864864864864865,2.459387461145725e-05,0.1455399061032863,0.3021125700741187,0.4158689640502021,0.4933856758997319,0.743,0.077,0.18,0.1104941043374814,0.0986842105263157,0.1445029815318705,0.1126619085381972,0.4357990506329113,0.1757253413810619,0,0,,,,
0f2be96bde481cd3898f147a995a7d56,2019-03-08,0.0019415018619617,0.6839719809715008,0.0,0.0,2.7711952650513203e-05,0.5045045045045045,2.63405259561315e-05,0.1549295774647887,0.3269141051205839,0.4790470112741969,0.4654251973329806,0.6629999999999999,0.071,0.266,0.1100465354964369,0.1052631578947368,0.1302032073177791,0.0849325931800158,0.4285601265822784,0.1449786356709594,0,0,,,,
0f2be96bde481cd3898f147a995a7d56,2019-03-19,0.1012401026790556,0.6421682014576878,0.0,0.0,0.0014318248368282,0.3693693693693693,0.0476290196485544,0.1596244131455399,0.3834004289100417,0.4386300787066581,0.4386259753749084,0.385,0.034,0.152,0.0677388880465588,0.0986842105263157,0.1579922422277543,0.1763679619349722,0.4665348101265822,0.1992709235963785,0,0,,,,
0f2be96bde481cd3898f147a995a7d56,2019-03-23,0.1611916555189992,0.5561471653646402,0.0,0.0,0.0016331489644542,0.3963963963963964,0.0748281686953744,0.1455399061032863,0.4009349486436661,0.5022335673261008,0.51229480434439,0.221,0.031,0.034,0.0815027233178992,0.0855263157894736,0.1929253748625021,0.1662965900079302,0.4918512658227848,0.2056652822183046,0,0,,,,
0f2be96bde481cd3898f147a995a7d56,2019-03-28,0.14998734589103,0.5414480862392529,0.0,0.0,0.001610361113599,0.4774774774774775,0.0750447854520654,0.136150234741784,0.4140825463711953,0.5413741757072963,0.5440196897509426,0.206,0.038,0.043,0.0969766506105597,0.1184210526315789,0.199282116598159,0.1805709754163362,0.4855221518987341,0.1932052469596916,0,0,,,,
0f2be96bde481cd3898f147a995a7d56,2019-03-30,0.1168010412523952,0.5456487583467899,0.0,0.0,0.001532873576765,0.4864864864864865,0.0614041678210507,0.1455399061032863,0.389096655254148,0.547543075941289,0.5674190104158267,0.261,0.042,0.126,0.1162279422913192,0.125,0.1778498234238406,0.1773724557229712,0.4746835443037975,0.1695999043834224,0,0,,,,
0f2be96bde481cd3898f147a995a7d56,2019-04-01,0.134697566795618,0.5377929559638633,0.0,0.0,0.0017694505784499,0.5225225225225225,0.0486423909299889,0.1455399061032863,0.3438823883517062,0.517124016166773,0.56306429813328,0.318,0.045,0.208,0.1214004968451499,0.125,0.1675215654489666,0.1868358445678033,0.4611155063291138,0.2036035497654406,1,1,,,,
0f2be96bde481cd3898f147a995a7d56,2019-04-13,0.1672547814454608,0.5057063675642648,0.0,0.0,0.0009739757397572,0.5675675675675675,0.0046878522593488,0.1455399061032863,0.2837672598668121,0.4505424377791959,0.5814476353912306,0.67,0.09,0.239,0.1448869269077803,0.0986842105263157,0.159578532970532,0.146893999471319,0.4520701476793248,0.1857053216601428,0,0,,,,
0f2be96bde481cd3898f147a995a7d56,2019-04-19,0.0815792327994504,0.5401496966787414,0.0,0.0,0.0003901763534384,0.5045045045045045,0.0019586871403293,0.1173708920187793,0.3190526355393356,0.5107423952350564,0.6069759265053595,0.736,0.104,0.161,0.1436623085804924,0.0986842105263157,0.1770508886701788,0.1465503568596352,0.4412183544303797,0.1501479068933576,0,0,,,,
0f2be96bde481cd3898f147a995a7d56,2019-04-25,0.0007881702158429,0.601599528651857,0.0,0.0,3.218796216517891e-05,0.4864864864864865,3.294325191841659e-05,0.1502347417840375,0.3245250009405921,0.5215911508189747,0.588221632275192,0.677,0.098,0.225,0.133116012176205,0.125,0.1341747235569964,0.1902458366375892,0.4285601265822784,0.1462037230704873,0,0,,,,
0f2be96bde481cd3898f147a995a7d56,2019-05-03,0.0003036986152789,0.6641055296120107,0.0,0.0,3.255645910656193e-05,0.4864864864864865,3.270012828802237e-05,0.1877934272300469,0.3167030362316114,0.4711763454584131,0.4962533345806089,0.631,0.042,0.327,0.1248585857407774,0.1381578947368421,0.1024141724078041,0.1480042294475284,0.4312763713080168,0.2041115128335375,0,0,,,,
0f2be96bde481cd3898f147a995a7d56,2019-05-11,0.0035467659712932,0.672832016759045,0.0,0.0,3.595744021089958e-05,0.4054054054054054,5.690372549279416e-05,0.1877934272300469,0.3153109597802776,0.4628802382471814,0.4804602447025731,0.625,0.064,0.31,0.1053128025098844,0.1578947368421052,0.1524344352457592,0.1520750726936294,0.4882383966244725,0.1709743926853318,1,1,,,,
0f2be96bde481cd3898f147a995a7d56,2019-05-13,0.0035467659712932,0.6775389516868152,0.0,0.0,3.511824984305666e-05,0.3693693693693693,5.6839745590058845e-05,0.1877934272300469,0.3156458106023552,0.4681982556902786,0.4735023821889041,0.655,0.061,0.284,0.1008298247046337,0.1513157894736842,0.1437040467782087,0.1487179487179487,0.4782964135021096,0.1721695999043834,1,1,,,,
0f2be96bde481cd3898f147a995a7d56,2019-05-18,0.0018583462887306,0.6474534107275345,0.0,0.0,2.5605132804312702e-05,0.3693693693693693,2.7408990331811354e-05,0.1596244131455399,0.3118439369426991,0.497979153371623,0.5194816924669928,0.677,0.088,0.235,0.1045357530236409,0.1184210526315789,0.153233369999421,0.1336505418979645,0.4611155063291138,0.1610541727672035,0,0,,,,
0f2be96bde481cd3898f147a995a7d56,2019-05-19,0.001525723995806,0.6416641208047832,0.0,0.0,2.5543225318160355e-05,0.3513513513513513,2.984022663575354e-05,0.1455399061032863,0.3065484028744497,0.4869176770899808,0.528336274108171,0.723,0.088,0.188,0.1073348806288706,0.1118421052631579,0.1635500492097493,0.1302405498281787,0.4593090717299578,0.1598589655481519,0,0,,,,
0f2be96bde481cd3898f147a995a7d56,2019-05-26,0.0,0.6263605813293764,0.0,0.0,3.119351175269995e-05,0.3963963963963964,3.0377657818730237e-05,0.1455399061032863,0.296867827984499,0.4975537119761752,0.5523194487901965,0.746,0.081,0.174,0.1250349890950653,0.0855263157894736,0.159578532970532,0.0966693100713719,0.4520701476793248,0.1613230943914901,0,0,,,,
0f2be96bde481cd3898f147a995a7d56,2019-05-31,0.0004266242452727,0.642050364421944,0.0,0.0,3.173102595786397e-05,0.4144144144144144,2.88933240752708e-05,0.136150234741784,0.2974547575153317,0.4820251010423313,0.5287459396340105,0.705,0.076,0.2189999999999999,0.1312324325585192,0.1118421052631579,0.1619637584669715,0.1314036478984932,0.4457410337552742,0.2071592912421191,0,0,,,,
0f2be96bde481cd3898f147a995a7d56,2019-06-03,0.0331501500415777,0.5836228341989265,0.0,0.0,0.0002091824477332,0.4684684684684685,0.0016524665298575,0.1408450704225352,0.2921460551563264,0.499893639651138,0.5859184733346451,0.611,0.08,0.237,0.1574465541572876,0.1184210526315789,0.1381462397962137,0.1714776632302405,0.4213343881856539,0.2427764663698569,0,0,,,,
0f2be96bde481cd3898f147a995a7d56,2019-06-07,0.0817383130265013,0.5778160869375464,0.0,0.0,0.0013860152623925,0.4954954954954955,0.0288578600151846,0.1408450704225352,0.2854904247714361,0.469261859178898,0.5511549664687154,0.655,0.047,0.226,0.1395846211264156,0.131578947368421,0.1198865281074509,0.1613798572561459,0.4032436708860759,0.2483640601189231,0,0,,,,
0f2be96bde481cd3898f147a995a7d56,2019-06-12,0.1252792942622654,0.5648169161611313,0.0,0.0,0.0015367098755894,0.4414414414414415,0.0630903517596498,0.1314553990610328,0.2875841830016178,0.4360774303339714,0.5315200526436329,0.87,0.015,0.043,0.1184759916492693,0.1184210526315789,0.1286169165750014,0.1725614591593973,0.4014372362869198,0.237129112259838,0,0,,,,
0f2be96bde481cd3898f147a995a7d56,2019-06-16,0.1619219783795509,0.5956793086893905,0.0,0.0,0.0015120746267349,0.3963963963963964,0.0895259902391876,0.1455399061032863,0.3190225365890364,0.4167198468410976,0.4532061972394349,0.929,0.0,0.0,0.0751128398315858,0.1052631578947368,0.1564059514849765,0.1907216494845361,0.4484572784810126,0.1971494307825619,0,0,,,,
0f2be96bde481cd3898f147a995a7d56,2019-06-20,0.1638815575400412,0.6037511456378475,0.0,0.0,0.0004259441405568,0.3603603603603604,0.095604336918654,0.1314553990610328,0.3467229767861846,0.4188470538183365,0.4395259492466348,1.0,0.0,0.0,0.0595966340490547,0.0921052631578947,0.1818097608985121,0.1165212794078773,0.4638317510548522,0.1330265634804434,0,0,,,,
0f2be96bde481cd3898f147a995a7d56,2019-06-29,0.2322788242525037,0.575941605202287,0.0,0.0,0.0006358036400037,0.3423423423423423,0.0957088416917819,0.1314553990610328,0.3530907859588396,0.387364390555201,0.4196103984077881,1.0,0.0,0.0,0.0635912224023512,0.0789473684210526,0.1389451745498755,0.1215966164419772,0.4131988396624472,0.1266919652194699,0,0,,,,
0f2be96bde481cd3898f147a995a7d56,2019-07-02,0.2215445243862757,0.5837712215772705,0.0,0.0,0.0006094683919262,0.3243243243243243,0.0956861736122428,0.1314553990610328,0.3238364874525001,0.3539672410125505,0.4176136821834204,1.0,0.0,0.0,0.0616449539893399,0.0986842105263157,0.1286169165750014,0.1129526830557758,0.4032436708860759,0.1055666776227328,0,0,,,,
0f2be96bde481cd3898f147a995a7d56,2019-07-15,0.2550128348819552,0.5616527735346747,0.0,0.0,0.0011216771751316,0.3153153153153153,0.0953664212523424,0.1314553990610328,0.3476522818766696,0.4133163156775154,0.4204490837362786,0.857,0.0,0.0,0.0643055830932692,0.125,0.1310021420714409,0.1416600581549035,0.4041534810126582,0.2323781635641079,0,0,,,,
0f2be96bde481cd3898f147a995a7d56,2019-07-26,0.2143389131928124,0.5968249465369005,0.0,0.0,0.0006881125178269,0.2612612612612612,0.089257197871816,0.1455399061032863,0.3006076225591633,0.3458838544990427,0.4047463138166956,0.929,0.0,0.0,0.0530930360037788,0.0855263157894736,0.1429051120245469,0.1466560930478456,0.4330828059071729,0.164819075507216,0,0,,,,
0f2be96bde481cd3898f147a995a7d56,2019-08-02,0.2531942586499873,0.5427682974730502,0.0,0.0,0.0008161224593123,0.3243243243243243,0.0963390757236762,0.164319248826291,0.2968546596937432,0.3435439268240799,0.4499869358631523,1.0,0.0,0.0,0.061034102704657,0.0921052631578947,0.1095582701325768,0.1621464446206714,0.4159018987341772,0.1282158544237607,0,0,,,,
0f2be96bde481cd3898f147a995a7d56,2019-08-10,0.2551466068910662,0.5618338934229478,0.0,0.0,0.000898704097864,0.3333333333333333,0.0961102771935044,0.136150234741784,0.2856484442605064,0.3352478196128483,0.4200619982000522,1.0,0.0,0.0,0.0605719550740019,0.0921052631578947,0.1119434956290164,0.1427174200370076,0.3878823839662447,0.1695401440224699,0,0,,,,
0f2be96bde481cd3898f147a995a7d56,2019-08-15,0.2387107270689468,0.5691245144677693,0.0,0.0,0.000851066778599,0.3693693693693693,0.095839923716506,0.1267605633802817,0.3067346401294255,0.3518400340353116,0.4239489821263253,1.0,0.0,0.0,0.0593167212885317,0.0723684210526315,0.1151160771145718,0.1079037800687285,0.3833597046413501,0.1435742671885738,0,0,,,,
0f2be96bde481cd3898f147a995a7d56,2019-08-23,0.2549947575834267,0.5364443765547942,0.0,0.0,0.0008154493382327,0.3513513513513513,0.0957073061741162,0.136150234741784,0.3471217878776477,0.370134014039566,0.4577286465876797,0.929,0.0,0.0,0.0627835574579256,0.0657894736842105,0.1032131071614658,0.164842717420037,0.3806434599156117,0.1576478321929064,0,0,,,,
0f2be96bde481cd3898f147a995a7d56,2019-08-29,0.1737770707545464,0.5930607078950815,0.0,0.0,0.0005553337345907,0.3063063063063063,0.0958956310178176,0.1455399061032863,0.3538526656382858,0.3492873856626249,0.4464999403243131,0.857,0.0,0.0,0.0649732916574334,0.0723684210526315,0.1040004631505818,0.1651863600317208,0.3869725738396624,0.1688827800519915,0,0,,,,
0f2be96bde481cd3898f147a995a7d56,2019-09-06,0.0980548826783325,0.6681927290184613,0.0,0.0,0.0002605017884365,0.3153153153153153,0.0956734672035595,0.164319248826291,0.3374713119379961,0.3348223782174006,0.403001203190875,0.857,0.0,0.0,0.0644061767415822,0.1184210526315789,0.0833671047299253,0.1053925455987311,0.3851661392405063,0.2164819075507216,0,0,,,,
0f2be96bde481cd3898f147a995a7d56,2019-09-11,0.1193318630463863,0.6668703356173351,0.0,0.0,0.0002931388255409,0.3063063063063063,0.0955464287086883,0.1784037558685446,0.3336656759095526,0.3352478196128483,0.3859694395969149,0.929,0.0,0.0,0.0597599164926931,0.1118421052631579,0.1063856886470213,0.1754692043351837,0.4294699367088607,0.234649057280306,0,0,,,,
0f2be96bde481cd3898f147a995a7d56,2019-10-02,0.0057521963917712,0.5789879107929995,0.0,0.0,5.125448524159136e-05,0.5045045045045045,6.296262228182904e-05,0.1079812206572769,0.2451672372925994,0.4028930014890449,0.6172175646513488,0.762,0.073,0.165,0.1578562181453446,0.1052631578947368,0.1889654373878307,0.1435368754956384,0.4475474683544304,0.2223384229240744,0,0,,,,
0f2be96bde481cd3898f147a995a7d56,2019-10-09,0.0105246032032973,0.5824160956662158,0.0,0.0,6.293534695417782e-05,0.4954954954954955,6.160624834384024e-05,0.1126760563380281,0.25729711426314,0.4271431610295682,0.6078920289410953,0.8,0.092,0.108,0.1398164238812236,0.1052631578947368,0.1961095351126034,0.1487708168120539,0.4575026371308016,0.2065019272716407,1,1,,,,
0f2be96bde481cd3898f147a995a7d56,2019-10-12,0.0058064282873567,0.6044254353423819,0.0,0.0,4.583905419102656e-05,0.4594594594594594,2.21690362977886e-05,0.1314553990610328,0.2535949433763497,0.4294830887045309,0.5795670448277307,0.828,0.095,0.077,0.126097782857676,0.1052631578947368,0.1754645979274011,0.1942373777425324,0.4565928270042194,0.1866614874353841,0,0,,,,
0f2be96bde481cd3898f147a995a7d56,2019-10-26,0.0603022524313966,0.579828045214507,0.0,0.0,0.0002332762517486,0.5405405405405406,0.0009249126679126,0.136150234741784,0.2440723879754693,0.4194852159115081,0.5673028847549587,0.636,0.124,0.24,0.1294742305314843,0.131578947368421,0.2016673420945985,0.1688342585249801,0.4891482067510548,0.167807093554845,0,0,,,,
0f2be96bde481cd3898f147a995a7d56,2019-10-29,0.0629053834195017,0.6001483873783441,0.0,0.0,0.0002426370567182,0.5045045045045045,0.0009243432467782,0.136150234741784,0.2253903457616915,0.4022548393958732,0.5349457596392362,0.6459999999999999,0.13,0.223,0.1193740450892805,0.1578947368421052,0.1961095351126034,0.1714512291831879,0.4819092827004219,0.1907251919801595,0,0,,,,
0f2be96bde481cd3898f147a995a7d56,2019-11-03,0.1019161936440218,0.5805874394448566,0.0,0.0,0.0005581402072963,0.4864864864864865,0.0029178610461567,0.136150234741784,0.2393111102750291,0.3884279940438204,0.5290588337757935,0.63,0.149,0.221,0.1053302970574171,0.1447368421052631,0.1834076304058357,0.1657679090668781,0.4674446202531644,0.1613230943914901,0,0,,,,
0f2be96bde481cd3898f147a995a7d56,2019-11-09,0.062138905961893,0.6494544581678522,0.0,0.0,0.0004002132274632,0.4864864864864865,0.0020871779789927,0.1596244131455399,0.2383441814966703,0.3624760689215061,0.4627414042818111,0.544,0.208,0.248,0.1003662191950175,0.1447368421052631,0.1556185954958606,0.1130584192439862,0.4620253164556961,0.1558849015448053,0,0,,,,
0f2be96bde481cd3898f147a995a7d56,2019-11-19,0.0073466141219856,0.7345415266442632,0.0,0.0,4.743685692886331e-05,0.4054054054054054,9.56243626282102e-05,0.1690140845070422,0.2300556830580533,0.3341842161242289,0.3858500882232451,0.746,0.094,0.16,0.0945638609300101,0.1184210526315789,0.1611764024778556,0.1481892677768966,0.4791930379746835,0.1120506767860878,1,1,,,,
0f2be96bde481cd3898f147a995a7d56,2019-11-26,0.0507465924292273,0.6938528346353598,0.0,0.0,0.0013586334830015,0.3243243243243243,0.0275540583632734,0.1596244131455399,0.2493001994055457,0.32439906402893,0.4072752726533745,0.562,0.061,0.162,0.0945244981980616,0.131578947368421,0.165136339952527,0.1690985989955062,0.471967299578059,0.1338333283533032,1,1,,,,
0f2be96bde481cd3898f147a995a7d56,2020-01-16,0.0057232727141256,0.68936193427312,0.0,0.0,3.3120505091505535e-05,0.3423423423423423,5.159979155603609e-05,0.295774647887324,0.2292373678467963,0.2222931291214635,0.454083591121548,0.735,0.053,0.046,0.1113979892933369,0.4539473684210526,0.0666936837839402,0.253766851704996,0.5063291139240506,0.4859413750859055,0,0,,,,
0f2be96bde481cd3898f147a995a7d56,2020-01-22,0.0045410173903611,0.6738052633875966,0.0,0.0,2.6006057476537423e-05,0.2972972972972973,3.6583708384056334e-05,0.2065727699530516,0.3006715828285489,0.2807913209955328,0.4781377314852149,0.84,0.054,0.023,0.1053419600891055,0.3355263157894737,0.1204191512765587,0.2329896907216495,0.4757383966244726,0.3556637882092808,0,0,,,,
0f2be96bde481cd3898f147a995a7d56,2020-01-25,0.0045699410680067,0.6656395932440101,0.0,0.0,2.734149039210948e-05,0.3333333333333333,3.621262494819148e-05,0.1408450704225352,0.3524135595771097,0.3226972984471388,0.4901760916618549,0.898,0.068,0.034,0.1049002227639052,0.0921052631578947,0.165136339952527,0.1786148559344435,0.453876582278481,0.1962829055487495,0,0,,,,
0f2be96bde481cd3898f147a995a7d56,2020-01-28,0.0046133265844752,0.6927486579670928,0.0,0.0,2.5915652893584792e-05,0.3243243243243243,3.4939424883758594e-05,0.1455399061032863,0.3717163926408067,0.339502233567326,0.4500708043960014,0.897,0.071,0.032,0.0992188684526655,0.0986842105263157,0.1730793724309616,0.1618292360560402,0.4656381856540084,0.1817910180177488,0,0,,,,
0f2be96bde481cd3898f147a995a7d56,2020-02-04,0.0069633753931812,0.732010212543098,0.0,0.0,4.665760873015203e-05,0.3153153153153153,0.0001016064835339,0.1455399061032863,0.3542571202829301,0.3316315677515422,0.3899370663432351,0.888,0.077,0.036,0.0851255525361262,0.0723684210526315,0.1802234701557344,0.1442241607190061,0.4746835443037975,0.1416619356380912,0,0,,,,
0f2be96bde481cd3898f147a995a7d56,2020-02-07,0.0088723381177916,0.7274691223323004,0.0,0.0,4.569067275596299e-05,0.3063063063063063,0.0001009858784774,0.1455399061032863,0.3505624741337146,0.3229100191448628,0.3949433726117629,0.914,0.062,0.025,0.0830364119849313,0.0657894736842105,0.1691078561917443,0.0780068728522336,0.4620253164556961,0.1077180506170257,0,0,,,,
0f2be96bde481cd3898f147a995a7d56,2020-02-13,0.0147293828410282,0.6851830838388687,0.0,0.0,7.080152832956729e-05,0.2792792792792793,9.971907640327073e-05,0.136150234741784,0.335189435268445,0.3116358221654967,0.4522255805476615,0.901,0.08,0.019,0.0875223055481041,0.0526315789473684,0.1857812771377294,0.0570711075865715,0.4737737341772152,0.1077180506170257,0,0,,,,
0f2be96bde481cd3898f147a995a7d56,2020-02-18,0.0156874796630391,0.6787064112076113,0.0,0.0,7.49778269985748e-05,0.3063063063063063,9.967429047135602e-05,0.1408450704225352,0.3342789420218969,0.3082322910019144,0.4609414565383585,0.883,0.086,0.03,0.0937620275014287,0.0723684210526315,0.1627626932206333,0.0947396246365318,0.4529799578059071,0.1198195237099232,1,1,,,,
0f2be96bde481cd3898f147a995a7d56,2020-02-24,0.0172782819335478,0.7038580718369485,0.0,0.0,0.000110659140168,0.3513513513513513,0.0001805256935579,0.1596244131455399,0.333761616313631,0.3112103807700489,0.4223458028637878,0.88,0.09,0.03,0.0939092732764955,0.0789473684210526,0.1627626932206333,0.114538725878932,0.4728639240506329,0.1390922401171303,0,0,,,,
0f2be96bde481cd3898f147a995a7d56,2020-02-29,0.0206840449763187,0.7007899445729497,0.0,0.0,0.0001150476930753,0.3243243243243243,0.0001930529585135,0.1596244131455399,0.35472553519696,0.3188683258881089,0.423845759316665,0.905,0.08,0.015,0.0985059656407086,0.0921052631578947,0.1714930816881839,0.1165477134549299,0.4828190928270042,0.1547793348671826,0,0,,,,
0f2be96bde481cd3898f147a995a7d56,2020-03-02,0.0185906938067175,0.7028608213677825,0.0,0.0,9.04763170238893e-05,0.3243243243243243,0.0001127965685223,0.1596244131455399,0.3678957071372135,0.3235481812380344,0.422652245579967,0.912,0.077,0.012,0.1009552022952846,0.0855263157894736,0.1786371794129566,0.0932064499074808,0.4918512658227848,0.1543908925209908,1,1,,,,
0f2be96bde481cd3898f147a995a7d56,2020-03-08,0.0101811345312556,0.7034630995504734,0.0,0.0,3.1250505946300515e-05,0.3513513513513513,3.337191726674324e-05,0.1596244131455399,0.3660878889348734,0.3041905977451606,0.4292649568238341,0.905,0.071,0.024,0.1026521734059551,0.0921052631578947,0.1619637584669715,0.1267776896642876,0.4683544303797468,0.1226581408551707,0,0,,,,
0f2be96bde481cd3898f147a995a7d56,2020-03-12,0.0091868831121877,0.70676690088596,0.0,0.0,2.8785998402330905e-05,0.3063063063063063,3.2060329260669166e-05,0.136150234741784,0.3618345310207306,0.2714316102956817,0.425265072949495,0.921,0.059,0.02,0.0961966853663941,0.1052631578947368,0.1770508886701788,0.1642876024319323,0.4611155063291138,0.1577374727343353,1,1,,,,
0f2be96bde481cd3898f147a995a7d56,2020-03-18,0.0518999240753461,0.7147361759699734,0.0,0.0,0.0012897668092788,0.2432432432432432,0.0407239694518741,0.1596244131455399,0.3414274427179352,0.251861306105084,0.37537619875552,0.909,0.012,0.0069999999999999,0.0677286828938314,0.1644736842105263,0.1786371794129566,0.235421623050489,0.4900448312236287,0.1872889712253862,1,1,,,,
0f2be96bde481cd3898f147a995a7d56,2020-03-20,0.0518059221229979,0.7294985379478899,0.0,0.0,0.001286364845516,0.2072072072072072,0.0542841579471602,0.164319248826291,0.3599778020241544,0.2507977026164645,0.3536381201836076,0.916,0.008,0.004,0.0556968078282268,0.1644736842105263,0.1579922422277543,0.2584456780333069,0.4710574894514768,0.2269399707174231,0,0,,,,
0f2be96bde481cd3898f147a995a7d56,2020-03-27,0.0512093712715571,0.7579256317374415,0.0,0.0,0.0001711879564303,0.1351351351351351,0.0949677176924667,0.2018779342723004,0.3344106249294555,0.2435651988938523,0.3121490021257447,0.7859999999999999,0.0,0.0,0.0324932062840414,0.1644736842105263,0.1008278816650263,0.432090933121861,0.5289293248945147,0.271939522514716,0,0,,,,
0f2be96bde481cd3898f147a995a7d56,2020-04-03,0.0284753606421056,0.7887683847597435,0.0,0.0,0.0001246158389906,0.0990990990990991,0.0949446785294918,0.1830985915492957,0.3660201662967004,0.2712188895979578,0.2868432851949459,0.7859999999999999,0.0,0.0,0.0249618035712203,0.1447368421052631,0.1016268164186881,0.4014274385408407,0.5072257383966244,0.2593898467146742,0,0,,,,
0f2be96bde481cd3898f147a995a7d56,2020-04-11,0.0047796377309374,0.8081198446296861,0.0,0.0,3.137628623562592e-06,0.0990990990990991,0.0949456510240133,0.1596244131455399,0.4434666466006998,0.3752393107849394,0.2793789857713808,0.7140000000000001,0.0,0.0,0.0206610606361017,0.1184210526315789,0.1683205002026283,0.1528152260111022,0.4782964135021096,0.1384946365076045,0,0,,,,
0f2be96bde481cd3898f147a995a7d56,2020-04-18,0.0047868686503488,0.8078841705581985,0.0,0.0,4.229362228566676e-06,0.0900900900900901,0.0949444865897836,0.1549295774647887,0.4613962150569999,0.408211018932142,0.2797209113283808,0.7859999999999999,0.0,0.0,0.0167422819887801,0.0789473684210526,0.1881665026341689,0.1070050224689399,0.4936708860759493,0.0900588639555382,1,1,,,,
0f2be96bde481cd3898f147a995a7d56,2020-04-23,0.0057594273111826,0.7919281630515427,0.0,0.0,3.862830604204369e-06,0.0900900900900901,0.0949444865897836,0.1502347417840375,0.4738759923247677,0.3950223356732609,0.3024363808792648,1.0,0.0,0.0,0.0160716576666938,0.0921052631578947,0.1937243096161639,0.110071371927042,0.4981803797468354,0.1003077658589058,0,0,,,,
0f2be96bde481cd3898f147a995a7d56,2020-05-04,0.0034383021801222,0.8055492515166064,0.0,0.0,4.339419981726404e-06,0.0900900900900901,0.0949445057837544,0.1079812206572769,0.388346062681064,0.3548181238034461,0.2843756149015028,0.929,0.0,0.0,0.0160935258511097,0.0986842105263157,0.2350141839865686,0.1546127412106793,0.5,0.0949592135536498,0,0,,,,
0f2be96bde481cd3898f147a995a7d56,2020-05-09,0.0016486496257999,0.8080762012831143,0.0,0.0,1.0691324592659255e-06,0.0900900900900901,0.0949445185797349,0.0985915492957746,0.3740377741826253,0.32439906402893,0.2822305158882484,0.857,0.0,0.0,0.0165906625768302,0.0789473684210526,0.2350141839865686,0.1739095955590801,0.4900448312236287,0.1325186004123465,1,1,,,,
0f2be96bde481cd3898f147a995a7d56,2020-05-13,0.0121154054738059,0.7963688735652249,0.0,0.0,2.762449604309163e-05,0.0990990990990991,0.0949460221074492,0.0938967136150234,0.3935682305579592,0.3044033184428845,0.2902012522217096,0.857,0.0,0.0,0.0156299203414935,0.0657894736842105,0.2334278932437908,0.1930214115781126,0.4791930379746835,0.1551677772133743,1,1,,,,
0f2be96bde481cd3898f147a995a7d56,2020-06-06,0.0495534907263458,0.7600314232095317,0.0,0.0,0.0002485890193154,0.1261261261261261,0.0949780952326904,0.1690140845070422,0.4287388539824674,0.3422676026377366,0.3105103400223864,1.0,0.0,0.0,0.0253583466486278,0.0657894736842105,0.142117756035431,0.1055775839280993,0.4602056962025316,0.1145307317656198,1,1,,,,
0f2be96bde481cd3898f147a995a7d56,2020-06-11,0.0445171553563035,0.7756295552742984,0.0,0.0,0.0002399219712541,0.1261261261261261,0.0949823115082807,0.1455399061032863,0.4652564054328605,0.3592852584556477,0.2919495885603321,0.7140000000000001,0.0,0.0,0.0190573937789389,0.0789473684210526,0.1770508886701788,0.1553793285752049,0.4710574894514768,0.150297307795739,1,1,,,,
0f2be96bde481cd3898f147a995a7d56,2020-06-17,0.0429010448678549,0.7847597433771221,0.0,0.0,0.0002328959629051,0.1351351351351351,0.0949628040359367,0.1408450704225352,0.4635200722374807,0.3426930440331844,0.2798950998196826,0.286,0.0,0.0,0.0232327591234065,0.0855263157894736,0.1945232443698257,0.1646576790906687,0.4873417721518987,0.1926375235306421,1,1,,,,
0f2be96bde481cd3898f147a995a7d56,2020-06-23,0.0255070682237246,0.7994173613232664,0.0,0.0,4.057495255105637e-05,0.1441441441441441,0.094998504821663,0.1455399061032863,0.4529083110726513,0.352903637523931,0.2737468912192871,0.0,0.0,0.0,0.0239310831457529,0.0921052631578947,0.2088114398193712,0.1015860428231562,0.5108386075949367,0.1857650820210954,0,0,,,,
0f2be96bde481cd3898f147a995a7d56,2020-06-27,0.0323872880436747,0.8009296032819795,0.0,0.0,5.23668546753129e-05,0.1441441441441441,0.0950125612062939,0.1408450704225352,0.4554723654012566,0.3609870240374388,0.2653761664983919,0.0,0.0,0.0,0.0216495025716984,0.0921052631578947,0.2175418282869217,0.08345228654507,0.5153612869198312,0.1531060447605103,1,1,,,,
0f2be96bde481cd3898f147a995a7d56,2020-07-27,0.0564770960627643,0.7953257975821587,0.0,0.0,0.0001547746113319,0.1891891891891892,0.1921068493038676,0.1737089201877934,0.3126716580759246,0.1997447351627313,0.2521668725746672,0.929,0.0,0.0,0.0258073733686334,0.0592105263157894,0.0214322931743183,0.1417657943431139,0.3236814345991561,0.1625183016105417,1,1,,,,
0f2be96bde481cd3898f147a995a7d56,2020-08-05,0.0576159658700603,0.7758237681665429,0.0,0.0,0.0001583288871638,0.1891891891891892,0.1920811677709096,0.1784037558685446,0.3266639075962225,0.2405871091257179,0.2799757426397298,1.0,0.0,0.0,0.0388976685599654,0.0855263157894736,0.023018583917096,0.1562516521279408,0.330920358649789,0.1366420653180745,1,1,,,,
0f2be96bde481cd3898f147a995a7d56,2020-08-08,0.0625546838280487,0.787075022912757,0.0,0.0,0.0001585509679872,0.1981981981981982,0.1920811613729194,0.1830985915492957,0.3482994093081004,0.2624973409912784,0.2589376437458267,1.0,0.0,0.0,0.0356947084825229,0.0855263157894736,0.0079314537138887,0.1326989162040708,0.321875,0.1344010517823527,1,1,,,,
0f2be96bde481cd3898f147a995a7d56,2020-08-13,0.0637297082324017,0.7817439881290097,0.0,0.0,0.0001529203347228,0.2072072072072072,0.1920811485769388,0.1924882629107981,0.369129764099477,0.2788768347160178,0.2657697034602221,1.0,0.0,0.0,0.0410611609381742,0.0789473684210526,0.0095177444566664,0.1023261961406291,0.3318169831223629,0.1122299578689455,1,1,,,,
0f2be96bde481cd3898f147a995a7d56,2020-08-20,0.0644708774720705,0.7302841181861826,0.0,0.0,0.0001770986473701,0.2432432432432432,0.1920881095903564,0.1596244131455399,0.3847793370706196,0.2833439693682195,0.3411804173427222,1.0,0.0,0.0,0.0564738573144703,0.0789473684210526,0.0190470676778787,0.1263018768173407,0.3074103375527426,0.142767502315714,1,1,,,,
0f2be96bde481cd3898f147a995a7d56,2020-08-25,0.1031960663798402,0.6856500676471873,0.0,0.0,0.0004330959291952,0.2252252252252252,0.1914591231665655,0.164319248826291,0.3711200571880055,0.2567538821527335,0.3726085371715015,0.7859999999999999,0.0,0.0,0.051286723971029,0.0986842105263157,0.017460776935101,0.1345228654507005,0.3119330168776371,0.1516120357366958,1,1,,,,
0f2be96bde481cd3898f147a995a7d56,2020-09-03,0.140319606637984,0.6766006197355212,0.0,0.0,0.002205856101508,0.1261261261261261,0.1835703691693491,0.1737089201877934,0.3357744836148839,0.1954903212082535,0.352857497685551,0.5,0.0,0.0,0.0372473495760488,0.0921052631578947,0.0603369420482834,0.1663230240549828,0.3688950421940928,0.1540323303552753,1,1,,,,
0f2be96bde481cd3898f147a995a7d56,2020-09-06,0.1158429444303843,0.6515056954567275,0.0,0.0,0.0019842597288135,0.1351351351351351,0.162803637981723,0.1408450704225352,0.3608581963204033,0.1916613486492235,0.4117912705760155,0.357,0.0,0.0,0.0508828914988162,0.0789473684210526,0.1040004631505818,0.1574676182923605,0.3833597046413501,0.1649087160486449,0,0,,,,
0f2be96bde481cd3898f147a995a7d56,2020-09-15,0.0912867421092591,0.6072447955309215,0.0,0.0,0.0025118756148027,0.1081081081081081,0.0818207881849286,0.1220657276995305,0.3198295646939313,0.162093171665603,0.4991338961126935,0.071,0.0,0.0,0.0556968078282268,0.0657894736842105,0.159578532970532,0.1800951625693894,0.4285601265822784,0.1995697254011414,1,1,,,,
0f2be96bde481cd3898f147a995a7d56,2020-09-26,0.0796449618569001,0.6788395234146555,0.0,0.0,0.0002910605027915,0.0990990990990991,0.0198250621831871,0.1737089201877934,0.2918770457880281,0.2297383535417996,0.403685054304875,0.643,0.0,0.0,0.0741637606279376,0.0855263157894736,0.0508076188270711,0.1040444091990483,0.360759493670886,0.19386261093017,1,1,,,,
0f2be96bde481cd3898f147a995a7d56,2020-10-03,0.0867131855815467,0.7290708331514859,0.0,0.0,0.0003134150012435,0.1711711711711711,0.0308390872752476,0.1549295774647887,0.3235900522969261,0.2795149968091895,0.3231261027905641,1.0,0.0,0.0,0.0487252306364516,0.0657894736842105,0.0500202628379551,0.1515728257996299,0.3399525316455696,0.1485941375085905,1,1,,,,
0f2be96bde481cd3898f147a995a7d56,2020-10-09,0.0928124661050652,0.7318159996508532,0.0,0.0,0.000320243495232,0.1801801801801802,0.0308391448571601,0.164319248826291,0.3178919447684262,0.2795149968091895,0.3136263785890087,1.0,0.0,0.0,0.047841755986051,0.1052631578947368,0.0531928443235106,0.1755749405233941,0.3508043248945147,0.0769713449069232,0,0,,,,
0f2be96bde481cd3898f147a995a7d56,2020-10-15,0.0760692722079612,0.7304914240823986,0.0,0.0,0.0002656754854935,0.1621621621621621,0.0308391256631892,0.1690140845070422,0.3769799465743632,0.3067432461178472,0.3305226622452896,1.0,0.0,0.0,0.0443180625371759,0.1052631578947368,0.0555780698199502,0.1729051017710811,0.3616561181434599,0.0674395673349867,0,0,,,,
0f2be96bde481cd3898f147a995a7d56,2020-11-16,0.0635417043277052,0.735863920045389,0.0,0.0,0.0002422783863619,0.1801801801801802,0.0308389465194616,0.1549295774647887,0.3256254938109033,0.2856838970431823,0.3337612778983835,1.0,0.0,0.0,0.0498696656208814,0.0657894736842105,0.0039599374746714,0.1173143008194554,0.2829905063291139,0.2003764902740012,0,0,,,,
0f2be96bde481cd3898f147a995a7d56,2020-11-19,0.0426515781481615,0.7394186706236635,0.0,0.0,0.0001632942606167,0.1441441441441441,0.0308388825395588,0.1455399061032863,0.3466496105948305,0.263348223782174,0.3471447603134102,1.0,0.0,0.0,0.0443836670904234,0.0657894736842105,0.0452498118450761,0.1623314829500396,0.321875,0.1767113873367795,0,0,,,,
0f2be96bde481cd3898f147a995a7d56,2020-11-26,0.0183918435229039,0.7142299131497404,0.0,0.0,0.00084020152345,0.1261261261261261,0.0491547100011419,0.1408450704225352,0.374901237819331,0.2278238672622846,0.4060204703734407,0.7859999999999999,0.0,0.0,0.0454683290374499,0.0723684210526315,0.1278295605858855,0.1497224425059476,0.4095727848101265,0.1500582663519288,1,1,,,,
0f2be96bde481cd3898f147a995a7d56,2020-11-30,0.0319932029357532,0.697809104002095,0.0,0.0,0.0009073809725104,0.1261261261261261,0.0677319721412821,0.1220657276995305,0.3982260431167463,0.228887470750904,0.4181588276469392,0.5,0.0,0.0,0.0411515494337598,0.0592105263157894,0.1492618537602038,0.1113137721385144,0.4168117088607594,0.1415424149161861,1,1,,,,
0f2be96bde481cd3898f147a995a7d56,2020-12-12,0.0520843125203369,0.6658010736263257,0.0,0.0,0.000197250025442,0.1441441441441441,0.0953973363413442,0.0985915492957746,0.5207494638624478,0.3141884705381833,0.4475482969849262,0.5710000000000001,0.0,0.0,0.0328168554133961,0.0657894736842105,0.1929253748625021,0.1539254559873116,0.4421281645569619,0.1415424149161861,1,1,,,,
0f2be96bde481cd3898f147a995a7d56,2020-12-19,0.0313604974872555,0.660546414699079,0.0,0.0,7.7177999403259e-05,0.1621621621621621,0.0950395415312774,0.0985915492957746,0.5102750291583581,0.3288661986811316,0.4738055991922815,0.929,0.0,0.0,0.0357894706149916,0.0789473684210526,0.215955537544144,0.1338355802273328,0.4683544303797468,0.162966504317686,1,1,,,,
0f2be96bde481cd3898f147a995a7d56,2020-12-25,0.0569398749050941,0.6463972417404967,0.0,0.0,0.0001339058925475,0.1621621621621621,0.0950667137959691,0.1079812206572769,0.4680706572858272,0.3120612635609444,0.4719024286391685,0.929,0.0,0.0,0.0408993363734969,0.0789473684210526,0.2135703120477045,0.131218609569125,0.4728639240506329,0.184181432455852,1,1,,,,
0f2be96bde481cd3898f147a995a7d56,2021-01-15,0.0479807657543656,0.5938201021254309,0.0,0.0,0.000613295846824,0.0990990990990991,0.0588684267439806,0.1924882629107981,0.1760073742428232,0.1444373537545203,0.5576096177852902,0.286,0.0,0.0,0.0800113131407378,0.0921052631578947,0.1286169165750014,0.1849061591329632,0.4692510548523206,0.1609645322257746,1,1,,,,
0f2be96bde481cd3898f147a995a7d56,2021-02-11,0.011121154054738,0.6691092392964694,0.0,0.0,3.458859690597547e-05,0.1441441441441441,0.1215198699728759,0.1737089201877934,0.3361695323375597,0.2884492661135928,0.4792022167098375,1.0,0.0,0.0,0.0602891265555568,0.0921052631578947,0.1143287211254559,0.1180280200898757,0.4312763713080168,0.0746705710102489,0,0,,,,
0f2be96bde481cd3898f147a995a7d56,2021-02-24,0.0764380490979428,0.6509536071225943,0.0,0.0,0.0003172286989222,0.1261261261261261,0.1219986379830345,0.1549295774647887,0.3310771661838294,0.2629227823867262,0.4477676454554545,1.0,0.0,0.0,0.0692842397452793,0.1644736842105263,0.147675563017426,0.1248215701823949,0.4484572784810126,0.2306749932769594,1,1,,,,
0f2be96bde481cd3898f147a995a7d56,2021-03-18,0.0599298600817093,0.6485968664077163,0.0,0.0,0.0006455290112807,0.1711711711711711,0.1120296158363208,0.1455399061032863,0.3738101508709884,0.2852584556477345,0.465980019934905,0.643,0.0,0.0,0.0697332664652849,0.1184210526315789,0.0690673305158339,0.263573883161512,0.4285601265822784,0.3243194788896525,0,0,,,,
0f2be96bde481cd3898f147a995a7d56,2021-04-19,0.0329006833218843,0.7409200017457337,0.0,0.0,6.591083692353187e-05,0.1621621621621621,0.0950772768779107,0.1784037558685446,0.3953967417886301,0.3103594979791533,0.3536219916195981,1.0,0.0,0.0,0.0473635716868242,0.0986842105263157,0.0333468418919701,0.1596087761036214,0.3462816455696202,0.123405145367078,1,1,,,,
0f2be96bde481cd3898f147a995a7d56,2021-05-04,0.0565855598539354,0.7457949635578057,0.0,0.0,0.0001940102003333,0.0900900900900901,0.0474990636701184,0.1455399061032863,0.4073385003198013,0.3065305254201234,0.3252841046550261,0.5,0.0,0.0,0.038224128479957,0.0921052631578947,0.0785966537370462,0.0733280465239228,0.3625659282700422,0.1285445364089999,1,1,,,,
0f2be96bde481cd3898f147a995a7d56,2021-06-01,0.0244441230702483,0.7275018548422293,0.0,0.0,0.0,0.0,0.0,0.1737089201877934,0.3579348357726024,0.265049989363965,0.3810018418820098,0.0,0.0,0.0,0.0594843773690533,0.0723684210526315,0.0920974931974758,0.1043616177636796,0.4041534810126582,0.103116502823677,0,0,,,,
0f2be96bde481cd3898f147a995a7d56,2021-06-17,0.0530315629632307,0.7025465892724653,0.0,0.0,0.0,0.0,0.0,0.1408450704225352,0.341280710335227,0.2656881514571367,0.3923853823598669,0.0,0.0,0.0,0.0620896070724624,0.0723684210526315,0.1564059514849765,0.1052603753634681,0.4430379746835443,0.0926285594764992,0,0,,,,
0f2be96bde481cd3898f147a995a7d56,2021-07-04,0.0105065259047687,0.5857220791690307,0.0,0.0,0.0,0.0,0.0,0.1408450704225352,0.2698163964031754,0.2459051265688151,0.6030179768974449,0.0,0.0,0.0,0.1416300253087787,0.1381578947368421,0.1310021420714409,0.2019032513877874,0.4159018987341772,0.2121194012011832,0,0,,,,
0f2be96bde481cd3898f147a995a7d56,2021-07-21,0.000690552803789,0.7054750578274344,0.0,0.0,9.82658510354711e-10,0.0,0.0,0.1549295774647887,0.2987170322435005,0.2390980642416507,0.4347583457254466,0.0,0.0,0.0,0.1051728461296229,0.0657894736842105,0.136559949053436,0.0763679619349722,0.4357990506329113,0.106612483939403,0,0,,,,
0f2be96bde481cd3898f147a995a7d56,2021-09-27,0.0051050291044506,0.647942216209139,0.0,0.0,0.0,0.0,0.0,0.136150234741784,0.2180969938673388,0.2150606253988513,0.5158592169904744,0.0,0.0,0.0,0.1286169977023827,0.0855263157894736,0.1508481445029815,0.1104943166798837,0.4321861814345991,0.1770998296829713,0,0,,,,
0f2be96bde481cd3898f147a995a7d56,2021-10-09,0.0041035467659712,0.6665059136734606,0.0,0.0,0.0,0.0,0.0,0.1267605633802817,0.2515933631814591,0.2229312912146351,0.4893148263437513,0.0,0.0,0.0,0.1167061265905459,0.0986842105263157,0.1706941469345221,0.1687549563838223,0.4457410337552742,0.2552066214479935,0,0,,,,
0f2be96bde481cd3898f147a995a7d56,2021-11-02,0.0144112223869264,0.7185091432811067,0.0,0.0,0.0,0.0,0.0,0.136150234741784,0.2641634373001241,0.2486704956392257,0.4032431316510165,0.0,0.0,0.0,0.0966413384495165,0.0592105263157894,0.1675215654489666,0.1034892942109436,0.4529799578059071,0.1255863985418472,0,0,,,,
0f2be96bde481cd3898f147a995a7d56,2021-11-10,0.0033696084457138,0.7245515646139746,0.0,0.0,0.0,0.0,0.0,0.1549295774647887,0.2698352082471124,0.2550521165709423,0.4041656855123561,0.0,0.0,0.0,0.0979461401196627,0.0723684210526315,0.1627626932206333,0.1141157811260904,0.4665348101265822,0.1366420653180745,0,0,,,,
0f2be96bde481cd3898f147a995a7d56,2021-11-29,0.0756571098015112,0.7040697420678217,0.0,0.0,0.0,0.0,0.0,0.1173708920187793,0.3384927950637721,0.2586683684322484,0.3699440983971433,0.0,0.0,0.0,0.0586985806090435,0.0657894736842105,0.1699067909454061,0.1740681998413957,0.4321861814345991,0.178414557623928,0,0,,,,
0f2be96bde481cd3898f147a995a7d56,2021-12-04,0.0984272750280198,0.6610243093440407,0.0,0.0,0.0,0.0,0.0,0.1173708920187793,0.3739982693103578,0.2831312486704956,0.4132621956136757,0.0,0.0,0.0,0.0623899301384401,0.0855263157894736,0.1357610142997742,0.2125561723499868,0.3951081223628692,0.2054561209549705,0,0,,,,
0f727c1018c74fbb7142e8c7a77840d6,2018-10-31,0.0,0.7080849299524287,0.0,0.0,1.5241033495601568e-05,0.1801801801801802,9.21310599388617e-06,0.4037558685446009,0.0776646976936679,0.0716868751329504,0.4315132786467489,0.233,0.433,0.0,0.4929424079495224,0.7236842105263158,0.0852197070572569,0.4114459423737774,0.6455696202531646,0.5698449218633281,1,1,,,,
0f727c1018c74fbb7142e8c7a77840d6,2018-11-10,0.0024187425431143,0.640215161698599,0.0,0.0,3.5666573291834585e-05,0.4414414414414415,3.849030948556889e-05,0.1784037558685446,0.1856841867639866,0.1433737502659008,0.5296781706337558,0.649,0.251,0.023,0.2537073861979683,0.3486842105263158,0.1812655589648584,0.2684377478191911,0.513132911392405,0.3583828846326232,1,1,,,,
0f727c1018c74fbb7142e8c7a77840d6,2018-11-16,0.0096496619545175,0.662492907956182,0.0,0.0,4.810408205739416e-05,0.4684684684684685,7.766520393040572e-05,0.136150234741784,0.2226701531284096,0.1476281642203786,0.4902986687483266,0.774,0.179,0.047,0.0810711911454263,0.0921052631578947,0.1730793724309616,0.2620935765265662,0.4583992616033754,0.2955448650909851,1,1,,,,
0f727c1018c74fbb7142e8c7a77840d6,2018-11-24,0.108189016233414,0.5710557325535721,0.0,0.0,0.0024872698457034,0.4684684684684685,0.0649410344261717,0.1596244131455399,0.2580025584107754,0.175494575622208,0.5375456841575568,0.613,0.089,0.155,0.0774104570742118,0.1381578947368421,0.1333873675678805,0.3020882897171557,0.4376054852320674,0.333223772671587,0,0,,,,
0f727c1018c74fbb7142e8c7a77840d6,2018-11-29,0.1589319932029357,0.5172871295770959,0.0,0.0,0.0026556709825984,0.4324324324324324,0.1295278249268785,0.2018779342723004,0.2589638436359532,0.1937885556264624,0.5717575941343638,0.417,0.032,0.122,0.0838790660244223,0.1513157894736842,0.1055983326579054,0.2634945810203542,0.451173523206751,0.2228762661726477,0,0,,,,
0f727c1018c74fbb7142e8c7a77840d6,2018-12-05,0.1730503633537004,0.4978571116833239,0.0,0.0,0.0006993325126981,0.3783783783783784,0.1812799398353468,0.2394366197183098,0.2785187554084051,0.1759200170176558,0.587882932430994,0.143,0.0,0.0,0.0905211625709987,0.0789473684210526,0.0412782956058588,0.0726671953476077,0.4177215189873417,0.1162637822332447,1,1,,,,
0f727c1018c74fbb7142e8c7a77840d6,2018-12-13,0.1533424924979211,0.5591672849474096,0.0,0.0,0.0006734591141205,0.3243243243243243,0.1819538913347801,0.2253521126760563,0.3142988825764701,0.1654967028291852,0.5148366660322764,0.429,0.0,0.0,0.0885763520369484,0.1052631578947368,0.0635095235338389,0.0827385672746497,0.4294699367088607,0.1782950369020229,0,0,,,,
0f727c1018c74fbb7142e8c7a77840d6,2018-12-16,0.1607975704110777,0.6123619779164667,0.0,0.0,0.0006202186760295,0.3063063063063063,0.1821803737924729,0.2253521126760563,0.3034576169156101,0.1608168474792597,0.4295488195504001,0.643,0.0,0.0,0.0704549165510082,0.1052631578947368,0.0547791350662884,0.0793550092519164,0.4186181434599155,0.1869901694206233,0,0,,,,
0f727c1018c74fbb7142e8c7a77840d6,2018-12-26,0.2335080805524422,0.5077772443590974,0.0,0.0,0.0030034407080225,0.2882882882882883,0.1831208143827793,0.1877934272300469,0.3047913766507393,0.1935758349287385,0.5192720211348703,0.7859999999999999,0.0,0.071,0.0843849500239092,0.1447368421052631,0.0587506513055057,0.1351044144858578,0.3833597046413501,0.142767502315714,0,0,,,,
0f727c1018c74fbb7142e8c7a77840d6,2019-01-02,0.2204996565313279,0.4390127875005454,0.0,0.0,0.0032343507180782,0.3873873873873873,0.0940616726978708,0.1737089201877934,0.288709131269047,0.1852797277175069,0.6325332490347053,0.286,0.003,0.568,0.1222970924062,0.125,0.0714525560122734,0.1278614855934443,0.3806434599156117,0.2236232706845549,0,0,,,,
0f727c1018c74fbb7142e8c7a77840d6,2019-01-12,0.2385516468418959,0.5252651333304238,0.0,0.0,0.0013067628708739,0.3693693693693693,0.0123296822199485,0.1502347417840375,0.2808344933970428,0.158264199106573,0.488924515094723,0.2339999999999999,0.031,0.306,0.1078961640288776,0.0921052631578947,0.0984426561685868,0.229553264604811,0.3860759493670886,0.2270893716198046,0,0,,,,
0f727c1018c74fbb7142e8c7a77840d6,2019-01-19,0.2914096677392531,0.4784467332955092,0.0,0.0,0.0013089492860594,0.4054054054054054,0.0071159919359986,0.1267605633802817,0.2241656947213966,0.1331631567751542,0.5109722620956165,0.531,0.043,0.069,0.1213567604763181,0.0789473684210526,0.096856365425809,0.2353951890034364,0.3598496835443038,0.1998087668449517,0,0,,,,
0f727c1018c74fbb7142e8c7a77840d6,2019-01-25,0.2356773563758632,0.4764413215205342,0.0,0.0,0.0011002886299952,0.4594594594594594,0.0040002922346037,0.1267605633802817,0.2188551111779976,0.1374175707296319,0.563661055001629,0.5870000000000001,0.051,0.148,0.1157672525396251,0.1052631578947368,0.0809818792334857,0.2990748083531589,0.4267536919831223,0.4486509098514955,0,0,,,,
0f727c1018c74fbb7142e8c7a77840d6,2019-01-27,0.2310965689287392,0.4661327630602714,0.0,0.0,0.0010680073152715,0.4864864864864865,0.0036627470637527,0.136150234741784,0.2120978968358478,0.1348649223569453,0.5829863003977304,0.5870000000000001,0.051,0.148,0.1166871741640522,0.1052631578947368,0.079395588490708,0.2982289188474755,0.430379746835443,0.4442286431410046,0,0,,,,
0f727c1018c74fbb7142e8c7a77840d6,2019-02-06,0.2066669076973137,0.5186117051455506,0.0,0.0,0.001044758597575,0.5945945945945946,0.0037125938059738,0.1032863849765258,0.2256819293427141,0.154435226547543,0.5272072746275108,0.536,0.104,0.217,0.1118834629873689,0.125,0.0928848491865918,0.1241607190060798,0.3318169831223629,0.1728269638748618,0,0,,,,
0f727c1018c74fbb7142e8c7a77840d6,2019-02-15,0.1741024621280595,0.5329900056736351,0.0,0.0,0.0007216368955662,0.5495495495495495,0.0018713609710859,0.0845070422535211,0.2410305128108657,0.1676239098064241,0.5350070481824721,0.662,0.13,0.1369999999999999,0.1286359501288765,0.0789473684210526,0.0889249117119203,0.1015067406819984,0.3074103375527426,0.1677473331938925,0,0,,,,
0f727c1018c74fbb7142e8c7a77840d6,2019-02-22,0.1075346180266821,0.6308623925282589,0.0,0.0,0.0004440545369027,0.4414414414414415,0.0014900215568126,0.1126760563380281,0.2019451446630798,0.131674111891087,0.4497224274133976,0.6409999999999999,0.1119999999999999,0.175,0.1022979088184182,0.1052631578947368,0.1278295605858855,0.2489558551414221,0.3806434599156117,0.2373980338841246,1,1,,,,
0f727c1018c74fbb7142e8c7a77840d6,2019-02-28,0.1074550779131566,0.6446231397023524,0.0,0.0,0.0004786421511501,0.3873873873873873,0.0017251413013746,0.0985915492957746,0.2228413409082358,0.1172091044458625,0.4294520481663435,0.624,0.053,0.18,0.0886900665959109,0.1118421052631579,0.1579922422277543,0.4114459423737774,0.4791930379746835,0.3818985866674635,1,1,,,,
0f727c1018c74fbb7142e8c7a77840d6,2019-03-09,0.102350048808706,0.6482215336271984,0.0,0.0,0.0004845046918229,0.3783783783783784,0.0022558929825057,0.0938967136150234,0.2780936077354302,0.1395447777068708,0.4286907799450983,0.505,0.0289999999999999,0.252,0.0844476388192346,0.1184210526315789,0.1857812771377294,0.3809410520750727,0.5063291139240506,0.3758627902112529,1,1,,,,
0f727c1018c74fbb7142e8c7a77840d6,2019-03-14,0.0712462489605553,0.6440077685156899,0.0,0.0,0.000402948948756,0.3513513513513513,0.0018394286016307,0.0985915492957746,0.2892490311900372,0.144862795149968,0.4626672128873678,0.532,0.022,0.302,0.0841968836379328,0.131578947368421,0.1587911769814161,0.4262754427702881,0.4810126582278481,0.3217796635491678,0,0,,,,
0f727c1018c74fbb7142e8c7a77840d6,2019-03-20,0.0863407932318594,0.6340854536725877,0.0,0.0,0.0004477758646814,0.3243243243243243,0.0039856856228092,0.0985915492957746,0.2796907332856767,0.1489044884067219,0.4638671780496695,0.485,0.016,0.214,0.0760356772139349,0.1118421052631579,0.136559949053436,0.4390430874966957,0.4583992616033754,0.3148175814981923,0,0,,,,
0f727c1018c74fbb7142e8c7a77840d6,2019-03-25,0.1414693228243971,0.5360515864356479,0.0,0.0,0.0006444146765299,0.3153153153153153,0.0056776149566739,0.1502347417840375,0.2787238045073178,0.1629440544564986,0.5595966568712522,0.3,0.042,0.086,0.0816864160669924,0.0855263157894736,0.1024141724078041,0.214274385408406,0.3924050632911392,0.17243852152867,0,0,,,,
0f727c1018c74fbb7142e8c7a77840d6,2019-03-30,0.135182038396182,0.5353423820538559,0.0,0.0,0.0005550389370376,0.2972972972972973,0.0058140712932278,0.1971830985915493,0.3210448098122577,0.177409061901723,0.5662545280943456,0.114,0.083,0.088,0.083231767765713,0.0986842105263157,0.0404909396167428,0.1083267248215702,0.372507911392405,0.1276780111751875,0,0,,,,
0f727c1018c74fbb7142e8c7a77840d6,2019-04-05,0.1221736143750677,0.5592589359752107,0.0,0.0,0.0006170270011878,0.3243243243243243,0.0040892690853377,0.1877934272300469,0.3362824034011814,0.1572005956179536,0.542506830446858,0.2769999999999999,0.098,0.125,0.0896741348946245,0.131578947368421,0.0587506513055057,0.1449378799894264,0.3824498945147679,0.1641019511757851,0,0,,,,
0f727c1018c74fbb7142e8c7a77840d6,2019-04-13,0.088029212914422,0.561550211670231,0.0,0.0,0.0006054316307657,0.4594594594594594,0.0035378390996425,0.164319248826291,0.2784943000112871,0.1403956604977664,0.5695834637058923,0.478,0.1009999999999999,0.135,0.116837335697041,0.1118421052631579,0.1055983326579054,0.1153846153846153,0.4131988396624472,0.1508351510443123,0,0,,,,
0f727c1018c74fbb7142e8c7a77840d6,2019-04-16,0.0504573556527712,0.5961833893422948,0.0,0.0,0.0003700092528304,0.4774774774774775,0.0030702739704528,0.136150234741784,0.2664415516008879,0.1327377153797064,0.5519097832643568,0.446,0.157,0.111,0.1139726035385638,0.1381578947368421,0.1413188212817692,0.222548242135871,0.4240506329113923,0.139988645531419,1,1,,,,
0f727c1018c74fbb7142e8c7a77840d6,2019-04-20,0.0206298130807332,0.6339327019595864,0.0,0.0,0.0001673840853368,0.5765765765765766,0.0008501841415177,0.1267605633802817,0.2546860303246924,0.1320995532865347,0.5227203081200867,0.6459999999999999,0.213,0.141,0.1201175633594196,0.125,0.1699067909454061,0.1994448850118953,0.4421281645569619,0.1828368243344189,0,0,,,,
0f727c1018c74fbb7142e8c7a77840d6,2019-04-27,0.0010629451534762,0.7311111596037183,0.0,0.0,2.441316803125244e-05,0.4594594594594594,2.90532738321091e-05,0.0938967136150234,0.283146469016893,0.1042331418847053,0.3965271975974891,0.7120000000000001,0.218,0.07,0.093412136550775,0.0986842105263157,0.2389857002257859,0.2354744911445942,0.4891482067510548,0.2623479845818269,0,0,,,,
0f727c1018c74fbb7142e8c7a77840d6,2019-04-29,0.0013666437687551,0.7363854580369223,0.0,0.0,2.414391959941525e-05,0.4414414414414415,2.906606981265616e-05,0.1220657276995305,0.2861469581248353,0.1027440970006381,0.3884596898799712,0.6970000000000001,0.19,0.1119999999999999,0.0888854223766926,0.125,0.2334278932437908,0.2517578641289981,0.5099419831223628,0.2627663071084949,0,0,,,,
0f727c1018c74fbb7142e8c7a77840d6,2019-05-02,0.0043891680827217,0.7173002225810675,0.0,0.0,3.9518594652425056e-05,0.4144144144144144,7.717895666961728e-05,0.1220657276995305,0.2938165468979269,0.1046585832801531,0.4139750781428926,0.7240000000000001,0.17,0.106,0.0912107393195787,0.1052631578947368,0.1929253748625021,0.3157282579962992,0.4674446202531644,0.3314010816625333,0,0,,,,
0f727c1018c74fbb7142e8c7a77840d6,2019-05-06,0.0085107921472215,0.6704032645223235,0.0,0.0,4.7198070910847125e-05,0.4594594594594594,8.822828587200715e-05,0.1455399061032863,0.2764137100718613,0.1040204211869814,0.4796215593740827,0.716,0.138,0.146,0.0962477111300311,0.1381578947368421,0.1849939211486134,0.2727200634417129,0.4819092827004219,0.3074969372815012,1,1,,,,
0f727c1018c74fbb7142e8c7a77840d6,2019-05-11,0.0100943634983188,0.6867935233273688,0.0,0.0,4.639622156639768e-05,0.4594594594594594,9.053796036075222e-05,0.1408450704225352,0.2419861544828624,0.102956817698362,0.4539803683118876,0.7190000000000001,0.1009999999999999,0.18,0.0867729557621208,0.1381578947368421,0.1516470792566433,0.4678826328310865,0.5189873417721518,0.434487704305734,1,1,,,,
0f727c1018c74fbb7142e8c7a77840d6,2019-05-14,0.0065114429299685,0.7166870335617334,0.0,0.0,3.554865427059202e-05,0.3963963963963964,4.41205409262771e-05,0.0985915492957746,0.283325181534294,0.0980642416507126,0.4129880100255154,0.8109999999999999,0.063,0.126,0.0828833346940203,0.131578947368421,0.0293753256527528,0.6419508326724822,0.5813686708860759,0.5519168135775541,0,0,,,,
0f727c1018c74fbb7142e8c7a77840d6,2019-05-15,0.0065114429299685,0.7107122594160521,0.0,0.0,2.9282240950060036e-05,0.3963963963963964,4.310965846305904e-05,0.0938967136150234,0.2765077692915459,0.0967879174643692,0.4218167859642784,0.7959999999999999,0.069,0.135,0.0837143257018229,0.131578947368421,0.02223122792798,0.6431139307427968,0.5678006329113924,0.5918367346938777,0,0,,,,
0f727c1018c74fbb7142e8c7a77840d6,2019-05-25,0.0372428504284319,0.7039846375420068,0.0,0.0,0.0001525498724644,0.3423423423423423,0.000230513191565,0.0845070422535211,0.3268294518228676,0.0997660072325037,0.4043463254292617,0.754,0.151,0.095,0.1039948799290887,0.1118421052631579,0.01111561396399,0.5557229711868887,0.541587552742616,0.5599247019451998,1,1,,,,
0f727c1018c74fbb7142e8c7a77840d6,2019-06-01,0.0591669980838063,0.6965347182821977,0.0,0.0,0.0002859968634876,0.3513513513513513,0.0010547342885528,0.136150234741784,0.2935230821325106,0.1065730695596681,0.3957981865042628,0.7,0.159,0.142,0.1124082994133495,0.1447368421052631,0.1389451745498755,0.3961141950832672,0.583175105485232,0.4903337616159202,1,1,,,,
0f727c1018c74fbb7142e8c7a77840d6,2019-06-03,0.0922629162297986,0.6663313402871733,0.0,0.0,0.0047065441491704,0.2882882882882883,0.0579902194050648,0.1314553990610328,0.2765924225892622,0.0993405658370559,0.4109203281195062,0.617,0.136,0.104,0.1024145391353028,0.1447368421052631,0.0746251374978289,0.4603224953740418,0.6654535864978903,0.5862192607643351,0,0,,,,
0f727c1018c74fbb7142e8c7a77840d6,2019-06-10,0.1056220398423659,0.5814363025356784,0.0,0.0,0.0046534933641719,0.2252252252252252,0.2283792890631263,0.0985915492957746,0.218717784717258,0.1031695383960859,0.5244879987355205,0.2689999999999999,0.034,0.054,0.1009231289581413,0.1184210526315789,0.9845191918022348,0.4203542162305049,0.5271228902953586,0.8404697164370873,0,0,,,,
0f727c1018c74fbb7142e8c7a77840d6,2019-06-15,0.1281933547850609,0.5067298040413739,0.0,0.0,0.0090114423547695,0.2072072072072072,0.2885315813213258,0.136150234741784,0.2475958463448587,0.1433737502659008,0.6147853771987265,0.0,0.0,0.0,0.0815464596867309,0.1381578947368421,0.964673189370694,0.2534232090933122,0.3824498945147679,0.6760390832760631,0,0,,,,
0f727c1018c74fbb7142e8c7a77840d6,2019-06-22,0.1676163274160309,0.5333347881115523,0.0,0.0,0.0071495933792494,0.2522522522522522,0.1851784656366597,0.2112676056338028,0.3129782911320967,0.1612422888747074,0.5402843143263583,0.357,0.0,0.0,0.0767529536627751,0.131578947368421,0.0158744861923232,0.116944224160719,0.3589398734177215,0.2128962858935668,0,0,,,,
0f727c1018c74fbb7142e8c7a77840d6,2019-06-25,0.172182653024332,0.6021123379740757,0.0,0.0,0.0071400311292851,0.2342342342342342,0.1391728208561891,0.2112676056338028,0.3055043455359494,0.1529461816634758,0.4345389972549184,0.5710000000000001,0.0,0.0,0.0775037613277195,0.125,0.0373067793666415,0.3679355009251916,0.4638317510548522,0.3801655361998386,0,0,,,,
0f727c1018c74fbb7142e8c7a77840d6,2019-07-01,0.0914205141183701,0.7416226596255402,0.0,0.0,0.002317930269931,0.1441441441441441,0.182322332400662,0.1455399061032863,0.2690394672485797,0.1042331418847053,0.3003719246860574,0.857,0.0,0.0,0.0602147747285429,0.1381578947368421,0.0841544607190412,0.4392809939201692,0.4475474683544304,0.4136313383332835,0,0,,,,
0f727c1018c74fbb7142e8c7a77840d6,2019-07-03,0.0655085144076069,0.758754855322306,0.0,0.0,0.0002070746452285,0.1261261261261261,0.1823476620441549,0.136150234741784,0.2533334587456262,0.1050840246756009,0.2981655371295671,0.857,0.0,0.0,0.0504382384156937,0.125,0.0650958142766166,0.4595559080095163,0.414095464135021,0.4802641407954104,0,0,,,,
0f727c1018c74fbb7142e8c7a77840d6,2019-07-08,0.065931523193174,0.7672129358879239,0.0,0.0,0.0002029376528999,0.1351351351351351,0.1824564086848341,0.1032863849765258,0.2152394747733172,0.1061476281642203,0.2852852659116348,0.7859999999999999,0.0,0.0,0.0364076112944798,0.1184210526315789,0.1055983326579054,0.4647369812318265,0.4285601265822784,0.4841186840768519,0,0,,,,
0f727c1018c74fbb7142e8c7a77840d6,2019-08-12,0.0024404353013485,0.914483044559857,0.0,0.0,4.023986599902542e-06,0.0990990990990991,0.1821357734022761,0.1690140845070422,0.1947176342225064,0.0508402467560093,0.1242351028518526,0.7859999999999999,0.0,0.0,0.1301958806172076,0.125,0.1119434956290164,0.3799629923341264,0.4213343881856539,0.4574655630920011,0,0,,,,
0f727c1018c74fbb7142e8c7a77840d6,2019-08-17,0.0057124263350084,0.90740191157858,0.0,0.0,1.1482364693494795e-05,0.0990990990990991,0.1821337260453885,0.164319248826291,0.185558147409609,0.0584981918740693,0.1317832708082668,0.7859999999999999,0.0,0.0,0.101654984196592,0.1447368421052631,0.2389857002257859,0.3486915146708961,0.5641877637130802,0.3786416469955478,0,0,,,,
0f727c1018c74fbb7142e8c7a77840d6,2019-08-18,0.0057124263350084,0.9050517173656876,0.0,0.0,1.1482364693494795e-05,0.0990990990990991,0.1821337260453885,0.1596244131455399,0.1816245908423943,0.059136353967241,0.1352573634958985,0.7859999999999999,0.0,0.0,0.0968483572619866,0.1513157894736842,0.2493023794361141,0.3530266983875231,0.5723233122362869,0.3710222009740939,0,0,,,,
0f727c1018c74fbb7142e8c7a77840d6,2019-08-21,0.0295527676344047,0.8647732728145595,0.0,0.0,9.18196112075442e-05,0.1261261261261261,0.1823144372806645,0.1690140845070422,0.2262933142706648,0.078068496064667,0.1735239944646768,0.7859999999999999,0.0,0.0,0.0938378372074037,0.1381578947368421,0.2882070283100793,0.2227597145122918,0.6220595991561181,0.1396002031852272,0,0,,,,
0f727c1018c74fbb7142e8c7a77840d6,2019-08-29,0.1554466900466394,0.699546109195653,0.0,0.0,0.0027684280986861,0.1711711711711711,0.1745679425971801,0.1737089201877934,0.2867809172655103,0.0948734311848542,0.3054459709234248,0.5,0.0,0.214,0.0751215871053521,0.1842105263157894,0.1333873675678805,0.5462067142479514,0.5361550632911393,0.3143394986105716,0,0,,,,
0f727c1018c74fbb7142e8c7a77840d6,2019-09-03,0.1438555262301601,0.6527058874874524,0.0,0.0,0.0027566755029023,0.1711711711711711,0.247870165020356,0.1924882629107981,0.2783945972384213,0.0980642416507126,0.3850243057459622,0.214,0.0,0.214,0.0740515039479362,0.1578947368421052,0.9956348057662248,0.4508591065292096,0.3987341772151898,0.4356530313443093,0,0,,,,
0f727c1018c74fbb7142e8c7a77840d6,2019-09-11,0.0431649734263711,0.6131759263300308,0.0,0.0,0.0001807217092978,0.1891891891891892,0.3876298543303655,0.1830985915492957,0.2933029835584484,0.1244416081684747,0.5332974203974723,0.0,0.0,0.0,0.0937153753746748,0.0592105263157894,0.9376715104498352,0.1017710811525244,0.2386867088607595,0.1505363492395494,0,0,,,,
0f727c1018c74fbb7142e8c7a77840d6,2019-09-14,0.0922954553671499,0.5666673940557764,0.0,0.0,0.0047960928365605,0.2612612612612612,0.3599480408973102,0.1877934272300469,0.2832480529741525,0.1267815358434375,0.5582128260792428,0.0,0.01,0.061,0.0993981875648756,0.0592105263157894,0.9511723499102646,0.1196669310071372,0.2613001054852321,0.1892013027758687,0,0,,,,
0f727c1018c74fbb7142e8c7a77840d6,2019-09-16,0.0923858418597924,0.553519835901017,0.0,0.0,0.0047940449762249,0.3063063063063063,0.304580095387765,0.1784037558685446,0.2992606945332781,0.1361412465432886,0.5775671028905611,0.02,0.017,0.177,0.1086294771462894,0.0855263157894736,0.9726162218491288,0.145360824742268,0.2739583333333333,0.1971195506020856,0,0,,,,
0f727c1018c74fbb7142e8c7a77840d6,2019-09-20,0.0931559347771069,0.5707895081394841,0.0,0.0,0.0047900465387463,0.3693693693693693,0.1938764054537211,0.1971830985915493,0.2698446141690808,0.1386938949159753,0.5513517349496305,0.259,0.057,0.185,0.1234736007277731,0.1052631578947368,0.02223122792798,0.1691250330425588,0.3499077004219409,0.2301371500283862,0,0,,,,
0f727c1018c74fbb7142e8c7a77840d6,2019-09-21,0.0811453776347662,0.5886352725526994,0.0,0.0,0.004759889731722,0.3693693693693693,0.1661912458717527,0.1877934272300469,0.2630272019263328,0.1365666879387364,0.5356876735836701,0.33,0.057,0.185,0.119209304766681,0.0986842105263157,0.034134197881086,0.1954797779540047,0.3571334388185654,0.2517405205127439,0,0,,,,
0f727c1018c74fbb7142e8c7a77840d6,2019-09-22,0.0811453776347662,0.6158381704709116,0.0,0.0,0.0047594809457817,0.3693693693693693,0.1385064829651813,0.1877934272300469,0.264379773505399,0.1338013188683258,0.4954727120825524,0.3979999999999999,0.057,0.188,0.1085492938034312,0.0986842105263157,0.0555780698199502,0.2163891091726143,0.3806434599156117,0.2904054740490633,1,1,,,,
0f727c1018c74fbb7142e8c7a77840d6,2019-09-26,0.058819913952059,0.6951424955265572,0.0,0.0,0.0046636884462168,0.3963963963963964,0.0277598625164021,0.1877934272300469,0.2707287708341171,0.1348649223569453,0.3981690854136492,0.634,0.0969999999999999,0.198,0.1038767917332431,0.1184210526315789,0.1214728188502286,0.1985196933650542,0.4547863924050632,0.2280455373950459,0,0,,,,
0f727c1018c74fbb7142e8c7a77840d6,2019-09-28,0.0124444123070248,0.7297865840352638,0.0,0.0,5.552217115206188e-05,0.3423423423423423,6.770353307451629e-05,0.1924882629107981,0.2699424357575529,0.1295469049138481,0.3883306613678958,0.7659999999999999,0.087,0.147,0.1071613930325048,0.1644736842105263,0.1381462397962137,0.1762622257467618,0.4801028481012658,0.2739414946066275,0,0,,,,
0f727c1018c74fbb7142e8c7a77840d6,2019-10-02,0.0052858020897357,0.7531663247937853,0.0,0.0,3.9056745152558336e-05,0.3063063063063063,2.66796194406287e-05,0.244131455399061,0.2684487753489597,0.1225271218889598,0.3601540600434181,0.865,0.07,0.066,0.1003414352526795,0.1710526315789473,0.1452903375209865,0.1924134284959027,0.5443037974683543,0.2019601398392446,0,0,,,,
0f727c1018c74fbb7142e8c7a77840d6,2019-10-04,0.0074948479699193,0.7652686247981495,0.0,0.0,3.6663971679844616e-05,0.2792792792792793,2.6046218403549028e-05,0.2300469483568075,0.2816490462395123,0.120187194213997,0.3402965720350054,0.8809999999999999,0.057,0.061,0.0899307215917705,0.1776315789473684,0.1611764024778556,0.2531588686227862,0.5452004219409282,0.3363313114411211,0,0,,,,
0f727c1018c74fbb7142e8c7a77840d6,2019-10-09,0.0148667703098448,0.7286605856937112,0.0,0.0,4.061032825742914e-05,0.2702702702702703,2.422279117559239e-05,0.2253521126760563,0.2977425787275669,0.1231652839821314,0.3878339015964053,0.888,0.053,0.059,0.1025924003685518,0.1973684210526315,0.1603774677241938,0.2549563838223632,0.541587552742616,0.3420085457316162,0,0,,,,
0f727c1018c74fbb7142e8c7a77840d6,2019-10-13,0.0154488593224628,0.7263147558154761,0.0,0.0,3.786576303800843e-05,0.2882882882882883,3.294325191841659e-05,0.1737089201877934,0.2651472967380263,0.122101680493512,0.3907822030973294,0.8859999999999999,0.057,0.0579999999999999,0.095709753793401,0.1907894736842105,0.1683205002026283,0.2767909066878139,0.4927610759493671,0.3762512325574447,0,0,,,,
0f727c1018c74fbb7142e8c7a77840d6,2019-10-24,0.0072779203875772,0.6593331296643828,0.0,0.0,4.087269807969384e-05,0.3333333333333333,3.393494041081406e-05,0.1830985915492957,0.3133921516987095,0.1367794086364603,0.4970855684834956,0.7829999999999999,0.084,0.133,0.1168766984289896,0.1776315789473684,0.1706941469345221,0.2154374834787206,0.5054193037974684,0.3204051752472585,0,0,,,,
0f727c1018c74fbb7142e8c7a77840d6,2019-10-26,0.0031960663798401,0.7184916859424781,0.0,0.0,3.2371719306615247e-05,0.3243243243243243,2.665402747953457e-05,0.2018779342723004,0.3194777832123104,0.1338013188683258,0.4132783241776851,0.787,0.09,0.123,0.1026259315846561,0.1710526315789473,0.1722920164418456,0.1955590800951626,0.5271228902953586,0.2560133863208534,0,0,,,,
0f727c1018c74fbb7142e8c7a77840d6,2019-10-30,0.0023355869698832,0.7325623008772312,0.0,0.0,2.7490854485683392e-05,0.3243243243243243,2.734501042907604e-05,0.2112676056338028,0.3167707588697844,0.1359285258455647,0.3932498733907725,0.782,0.1,0.118,0.0988660617440897,0.1710526315789473,0.1659352747061888,0.1568596352101507,0.532542194092827,0.2142110138345235,0,0,,,,
0f727c1018c74fbb7142e8c7a77840d6,2019-11-03,0.0012545645178784,0.7878235063064637,0.0,0.0,2.444952639613556e-05,0.3243243243243243,2.7082692827861223e-05,0.1971830985915493,0.3186876857669589,0.1423101467772814,0.3125264105235654,0.784,0.088,0.128,0.0836297687220816,0.1973684210526315,0.1794361141666184,0.2137721385144065,0.5316455696202531,0.2804254937699824,0,0,,,,
0f727c1018c74fbb7142e8c7a77840d6,2019-11-15,0.0,0.7530070265787981,0.0,0.0,2.2666001199841763e-05,0.3603603603603604,2.600783046190784e-05,0.2112676056338028,0.3117385906166522,0.1272069772388853,0.3651087549071156,0.809,0.086,0.104,0.0870018427590067,0.131578947368421,0.1984831818444972,0.2764472640761301,0.5687104430379747,0.3007440164938597,0,0,,,,
0f727c1018c74fbb7142e8c7a77840d6,2019-11-21,0.0400376007809393,0.7275520446907869,0.0,0.0,0.000199959214955,0.3243243243243243,0.000387180779393,0.2394366197183098,0.3173445201098612,0.1218889597957881,0.3670151511730304,0.866,0.04,0.094,0.0790039187786473,0.131578947368421,0.2072251490765935,0.2533174729051017,0.6084915611814345,0.2877461379866734,0,0,,,,
0f727c1018c74fbb7142e8c7a77840d6,2019-11-27,0.1078853176181351,0.6924431545410901,0.0,0.0,0.0024771180006329,0.2972972972972973,0.0266096510189973,0.2206572769953051,0.3475318860754731,0.1238034460753031,0.3583799180023805,0.687,0.066,0.104,0.0707027559743879,0.2039473684210526,0.1683205002026283,0.1791435368754956,0.5424841772151898,0.3736516568560074,0,0,,,,
0f727c1018c74fbb7142e8c7a77840d6,2019-11-30,0.134516793810333,0.6179439619430016,0.0,0.0,0.0036379904757671,0.2792792792792793,0.0675241206312659,0.1877934272300469,0.3384156665036307,0.1312486704956392,0.444741926847285,0.568,0.053,0.093,0.0731738608133798,0.2302631578947368,0.148462919006542,0.1754427702881311,0.4846255274261603,0.4669973406639376,0,0,,,,
0f727c1018c74fbb7142e8c7a77840d6,2019-12-07,0.1338804729021295,0.5122725090559944,0.0,0.0,0.0036330693219472,0.3333333333333333,0.1727032291379883,0.1408450704225352,0.3588735467850559,0.1974048074877685,0.6015180204445677,0.617,0.034,0.063,0.0939617569190935,0.1644736842105263,0.0770103629942685,0.1642876024319323,0.351714135021097,0.2545193772970389,0,0,,,,
0f727c1018c74fbb7142e8c7a77840d6,2019-12-24,0.1750497125709534,0.3545039933662113,0.0,0.0,0.0031746355430625,0.2882882882882883,0.2121056425149422,0.2863849765258215,0.2064863237894578,0.125930653052542,0.7980026386330719,0.1669999999999999,0.0,0.0,0.0883984908036995,0.1513157894736842,0.0574306721472818,0.4523922812582606,0.4894514767932489,0.5196760988436371,0,0,,,,
0f727c1018c74fbb7142e8c7a77840d6,2020-01-04,0.2088614917386745,0.5380199013660368,0.0,0.0,0.0040365882126393,0.3153153153153153,0.087187883081667,0.1924882629107981,0.2977519846495353,0.1710274409700063,0.49656300300959,0.0,0.0,0.0,0.0812140632836099,0.131578947368421,0.0619232327910611,0.1868887126619085,0.3924050632911392,0.2837421938028506,0,0,,,,
0f727c1018c74fbb7142e8c7a77840d6,2020-01-10,0.1662207599696301,0.5847139178632219,0.0,0.0,0.0008386597322473,0.3063063063063063,0.0049230423818038,0.1924882629107981,0.3104198803566725,0.173580089342693,0.4655800315474712,0.143,0.0,0.0,0.0937037123429864,0.0921052631578947,0.0579517165518439,0.1804916732751784,0.3869725738396624,0.276989273015209,0,0,,,,
0f727c1018c74fbb7142e8c7a77840d6,2020-01-18,0.1813406124588741,0.5325492078732597,0.0,0.0,0.0009840568334149,0.3063063063063063,0.0056676340918472,0.1877934272300469,0.3347229015388088,0.2010210593490746,0.5292007651390767,0.429,0.0,0.0,0.0930097619575232,0.0855263157894736,0.0476350373415156,0.1222310335712397,0.3715981012658228,0.118056593061822,0,0,,,,
0f727c1018c74fbb7142e8c7a77840d6,2020-01-25,0.1782855490075563,0.551769737703487,0.0,0.0,0.0008638855588666,0.2792792792792793,0.0046992406820357,0.1830985915492957,0.3255916324918168,0.1948521591150818,0.5035144140976552,0.7140000000000001,0.0,0.0,0.0932896747180462,0.0855263157894736,0.0452498118450761,0.1144594237377742,0.360759493670886,0.1171303074670571,0,0,,,,
0f727c1018c74fbb7142e8c7a77840d6,2020-01-30,0.1668932354748906,0.5889167721380875,0.0,0.0,0.0007829518386368,0.2612612612612612,0.0044835452359441,0.1971830985915493,0.3039937544678129,0.1895341416719846,0.4587641003970852,0.7859999999999999,0.0,0.0,0.1026536312849162,0.131578947368421,0.0436635211022983,0.1427174200370076,0.3752241561181434,0.1484746167866854,0,0,,,,
0f727c1018c74fbb7142e8c7a77840d6,2020-01-31,0.1669293900719476,0.5921420154497447,0.0,0.0,0.0007995459929011,0.2612612612612612,0.0051698512545956,0.1971830985915493,0.3008070281048948,0.1861306105084024,0.4539674654606801,0.7859999999999999,0.0,0.0,0.1050285161124782,0.131578947368421,0.0404909396167428,0.1450171821305842,0.3743143459915612,0.1496997041862132,0,0,,,,
0f727c1018c74fbb7142e8c7a77840d6,2020-02-07,0.16624606818757,0.6003142320953171,0.0,0.0,0.0009048742106505,0.2882882882882883,0.0063029801179701,0.2206572769953051,0.3234169833327063,0.2039991491172091,0.4424968307371721,0.5710000000000001,0.0,0.0,0.0959750877643134,0.131578947368421,0.0428645863486366,0.1701823949246629,0.3987341772151898,0.1635939881076882,0,0,,,,
0f727c1018c74fbb7142e8c7a77840d6,2020-02-14,0.1823999421526447,0.5937219045956442,0.0,0.0,0.0009641786344089,0.3243243243243243,0.0061253974999379,0.2253521126760563,0.3484480228752022,0.206126356094448,0.4378292243128425,0.5,0.0,0.0,0.0907354707782741,0.0789473684210526,0.0404909396167428,0.132751784298176,0.4014372362869198,0.1708847521439029,0,0,,,,
0f727c1018c74fbb7142e8c7a77840d6,2020-02-17,0.1813333815394627,0.6047680356129709,0.0,0.0,0.000842521580193,0.3243243243243243,0.0071771887129649,0.2159624413145539,0.3311768689566951,0.1874069346947457,0.42245225138625,0.429,0.0,0.0,0.0865469845231569,0.0789473684210526,0.0269901001563133,0.1121332275971451,0.3779272151898734,0.194788896524935,0,0,,,,
0f727c1018c74fbb7142e8c7a77840d6,2020-02-25,0.1961531508731335,0.574054030463056,0.0,0.0,0.0009881230743307,0.3513513513513513,0.0070114039889972,0.2018779342723004,0.325849354753753,0.1631567751542225,0.4546319622978687,0.5,0.0,0.0,0.0887148505382489,0.0723684210526315,0.0277890349099751,0.1663230240549828,0.3643723628691983,0.1987629605282816,0,0,,,,
0f727c1018c74fbb7142e8c7a77840d6,2020-03-06,0.2065475975270255,0.579007550298957,0.0,0.0,0.0010976826196257,0.2882882882882883,0.0036415825119278,0.1924882629107981,0.3367959667406599,0.1633694958519463,0.4380356699321632,0.7140000000000001,0.0,0.0,0.08670297757199,0.1118421052631579,0.0762114282406067,0.1613005551149881,0.4059599156118143,0.1766217467953506,0,0,,,,
0f727c1018c74fbb7142e8c7a77840d6,2020-03-11,0.1972486351639611,0.5716623750709204,0.0,0.0,0.0010935711764184,0.2612612612612612,0.0034727715385607,0.1877934272300469,0.3670585800820196,0.1837906828334397,0.4571899525497646,0.857,0.0,0.0,0.0845890530784572,0.131578947368421,0.085740751461819,0.1333862014274385,0.4150052742616033,0.2192906445154928,0,0,,,,
0f727c1018c74fbb7142e8c7a77840d6,2020-03-20,0.3285765935138653,0.5083511543665168,0.0,0.0,0.0024774727403552,0.2162162162162162,0.0413114265207995,0.1830985915492957,0.4003329696376839,0.1827270793448202,0.4336035405423713,0.643,0.0,0.0,0.0808000256586697,0.1644736842105263,0.0563654258090661,0.1823420565688607,0.4593090717299578,0.3558729494726148,0,0,,,,
0f727c1018c74fbb7142e8c7a77840d6,2020-03-26,0.2838605878737481,0.5737485270370534,0.0,0.0,0.0022201488695411,0.1441441441441441,0.1179860999950473,0.1596244131455399,0.3746134166070958,0.1476281642203786,0.3768309952291707,0.429,0.0,0.0,0.0571590604261671,0.1644736842105263,0.0833671047299253,0.2522601110229976,0.4620253164556961,0.3639107180207369,0,0,,,,
0f727c1018c74fbb7142e8c7a77840d6,2020-04-02,0.0,0.8128311438921137,0.0,0.0,0.0,0.0900900900900901,0.1821315955146275,0.1267605633802817,0.3648086835471613,0.1265688151457136,0.2766758384434,0.7140000000000001,0.0,0.0,0.0348491386851098,0.0986842105263157,0.142117756035431,0.2428495902722707,0.4150052742616033,0.2631547494546867,0,0,,,,
0f727c1018c74fbb7142e8c7a77840d6,2020-04-11,0.0,0.833389342294767,0.0,0.0,0.0,0.0900900900900901,0.1821315891166372,0.1784037558685446,0.3443413973437676,0.181238034460753,0.2462863981368283,0.929,0.0,0.0,0.040316184789074,0.1447368421052631,0.0960690094366931,0.0776632302405498,0.4150052742616033,0.2881047001523889,0,0,,,,
0f727c1018c74fbb7142e8c7a77840d6,2020-04-14,0.0004193933258613,0.8389211364727446,0.0,0.0,0.0,0.0900900900900901,0.1821315699226664,0.1924882629107981,0.3320685503593062,0.1757072963199319,0.2377382592118293,0.929,0.0,0.0,0.0382503703012561,0.1447368421052631,0.1190875933537891,0.1140629130319852,0.4593090717299578,0.31129172020199,0,0,,,,
0f727c1018c74fbb7142e8c7a77840d6,2020-04-19,0.0004193933258613,0.8402718980491425,0.0,0.0,0.0,0.0900900900900901,0.1821315187387442,0.2018779342723004,0.3367959667406599,0.1769836205062752,0.2357383172746597,1.0,0.0,0.0,0.0382357915116455,0.131578947368421,0.1262316910785619,0.1278086174993391,0.4764899789029536,0.306959094032928,0,0,,,,
0f727c1018c74fbb7142e8c7a77840d6,2020-04-27,0.0002928522361618,0.8483611923362283,0.0,0.0,0.0,0.0900900900900901,0.1821314867487928,0.2065727699530516,0.3171658075924602,0.1323122739842586,0.2238934998661328,1.0,0.0,0.0,0.0336872091531472,0.1644736842105263,0.1611764024778556,0.1129791171028284,0.5198839662447258,0.3088415454029342,0,0,,,,
0f727c1018c74fbb7142e8c7a77840d6,2020-05-05,0.0007122455620232,0.8511281805088815,0.0,0.0,1.0907509464937292e-07,0.0900900900900901,0.1821315507286955,0.1877934272300469,0.2988901012077203,0.0948734311848542,0.2194291133483221,1.0,0.0,0.0,0.0489803594546366,0.1513157894736842,0.1246454003357841,0.4063706053396775,0.5397811181434599,0.334777542056354,1,1,,,,
0f727c1018c74fbb7142e8c7a77840d6,2020-05-15,0.0003832387288043,0.8504604373063326,0.0,0.0,1.0907509464937292e-07,0.0900900900900901,0.1821316466985497,0.1455399061032863,0.3394747733172805,0.0855137204850031,0.220709721330671,0.929,0.0,0.0,0.0488928867169732,0.1644736842105263,0.1508481445029815,0.4617499339148824,0.5244066455696202,0.3342695789882571,1,1,,,,
0f727c1018c74fbb7142e8c7a77840d6,2020-05-18,0.0001916193644021,0.8508641382621219,0.0,0.0,0.0,0.0900900900900901,0.1821316594945302,0.136150234741784,0.3763591557244441,0.0884918102531376,0.220283927240822,0.929,0.0,0.0,0.0434506245553469,0.1710526315789473,0.2413593469576796,0.2686227861485593,0.5343486286919831,0.3395882511130367,0,0,,,,
0f727c1018c74fbb7142e8c7a77840d6,2020-05-23,0.0001410029285223,0.8491816872517786,0.0,0.0,0.0,0.0900900900900901,0.1821316211065886,0.1220657276995305,0.3770815305316227,0.0912571793235481,0.2228128860775009,0.929,0.0,0.0,0.0428805938815735,0.1578947368421052,0.2461297979505587,0.5031456515992598,0.6094013713080169,0.4540293423372277,0,0,,,,
0f727c1018c74fbb7142e8c7a77840d6,2020-05-28,0.0001410029285223,0.8592873041504822,0.0,0.0,0.0,0.0900900900900901,0.1821315827186469,0.1173708920187793,0.4121599759208397,0.1050840246756009,0.2078778358047669,0.929,0.0,0.0,0.04702680164682,0.1381578947368421,0.2302437329936895,0.6333333333333334,0.6645569620253164,0.4932321391221203,0,0,,,,
0f727c1018c74fbb7142e8c7a77840d6,2020-05-31,0.0001410029285223,0.8595622572338848,0.0,0.0,0.0,0.0900900900900901,0.1821315699226664,0.136150234741784,0.3956450581285978,0.1084875558391831,0.2074713959917292,0.929,0.0,0.0,0.0425977653631284,0.125,0.1325884328142187,0.684721120803595,0.6564082278481013,0.5592374577942452,0,0,,,,
0f727c1018c74fbb7142e8c7a77840d6,2020-06-11,0.0092808850645359,0.828904988434513,0.0,0.0,2.945617150639281e-05,0.0990990990990991,0.182133642871515,0.1173708920187793,0.4021238571804808,0.1227398425866836,0.2446348331822624,1.0,0.0,0.0,0.0722116606990821,0.1184210526315789,0.8662189544375616,0.4253238170763944,0.574129746835443,0.7467953506439179,0,0,,,,
0f727c1018c74fbb7142e8c7a77840d6,2020-06-17,0.1581835930438555,0.72307205516519,0.0,0.0,0.0008132236167067,0.081081081081081,0.1440939822288526,0.1502347417840375,0.2963937695172881,0.0923207828121676,0.2682276966152595,0.7859999999999999,0.0,0.0,0.0703878541187996,0.125,0.9710183523418052,0.3164419772667196,0.4041534810126582,0.5299548809274809,0,0,,,,
0f727c1018c74fbb7142e8c7a77840d6,2020-07-02,0.0676669438519107,0.7890738881857462,0.0,0.0,0.0002350086787023,0.1261261261261261,0.1823532091017221,0.1596244131455399,0.3271793521200948,0.1363539672410125,0.2514249586302333,0.929,0.0,0.0,0.0698761386034685,0.1644736842105263,0.1302032073177791,0.3619878403383558,0.5180775316455696,0.3728150118026713,0,0,,,,
0f727c1018c74fbb7142e8c7a77840d6,2020-07-13,0.0529086373332369,0.8111421463797843,0.0,0.0,0.0001653155891725,0.1261261261261261,0.1823533050715762,0.136150234741784,0.2444711990669325,0.1401829398000425,0.2319674590092545,0.929,0.0,0.0,0.055317759298352,0.1184210526315789,0.1238580443466682,0.1231297911710282,0.3996308016877637,0.1176083903546777,1,1,,,,
0f727c1018c74fbb7142e8c7a77840d6,2020-07-22,0.0408546946744278,0.7979902238903679,0.0,0.0,0.0001715171470313,0.1081081081081081,0.1823735547107919,0.0985915492957746,0.2832010233643102,0.1584769198042969,0.2621633565477131,1.0,0.0,0.0,0.0778055422726583,0.0723684210526315,0.165136339952527,0.1331747290510177,0.4059599156118143,0.0821704963097977,1,1,,,,
0f727c1018c74fbb7142e8c7a77840d6,2020-07-31,0.0397664413030116,0.7951708637018287,0.0,0.0,0.0001349435799344,0.1261261261261261,0.1822900481417418,0.1502347417840375,0.2317092441401106,0.1525207402680281,0.2673019170411181,1.0,0.0,0.0,0.0913025856941253,0.0921052631578947,0.1270306258322237,0.0928363732487443,0.4204245780590717,0.1127379209370424,0,0,,,,
0f727c1018c74fbb7142e8c7a77840d6,2020-08-04,0.0270617158971763,0.7839217911229434,0.0,0.0,8.789290780016676e-05,0.1261261261261261,0.1822900033558099,0.1690140845070422,0.2295308326122126,0.1497553711976175,0.2952656213206713,0.929,0.0,0.0,0.0898476224909903,0.0723684210526315,0.1206738840965669,0.0996034892942109,0.4312763713080168,0.1233453850061254,0,0,,,,
0f727c1018c74fbb7142e8c7a77840d6,2020-08-21,0.009873820456271,0.7726901758826867,0.0,0.0,2.2678775760476374e-05,0.072072072072072,0.14310334300686,0.1408450704225352,0.2437394183377854,0.1525207402680281,0.3272034037721485,0.643,0.0,0.0,0.0824313922160926,0.0855263157894736,0.1333873675678805,0.0836108908273856,0.4159018987341772,0.1055666776227328,0,0,,,,
0f727c1018c74fbb7142e8c7a77840d6,2020-09-03,0.0201634187786977,0.771900231309737,0.0,0.0,0.0,0.0,0.0,0.1737089201877934,0.2640975958463448,0.1416719846841097,0.3191875074594608,0.0,0.0,0.0,0.0711284566310166,0.125,0.1206738840965669,0.1246365318530267,0.4385152953586497,0.1602772880748199,0,0,,,,
0f727c1018c74fbb7142e8c7a77840d6,2020-09-13,0.3826674861708666,0.5189303015755248,0.0,0.0,0.0,0.0,0.0,0.1408450704225352,0.235078445389217,0.1314613911933631,0.3697118470754074,0.0,0.0,0.0,0.0606273544745221,0.1447368421052631,0.1294158513286632,0.1475284166005815,0.4122890295358649,0.1695999043834224,0,0,,,,
0f727c1018c74fbb7142e8c7a77840d6,2020-09-15,0.3735059112766188,0.5354318509143281,0.0,0.0,1.774681269700608e-06,0.0,0.0,0.1408450704225352,0.2517739568832536,0.1306105084024675,0.3534929631075227,0.0,0.0,0.0,0.0607089956963413,0.1447368421052631,0.1310021420714409,0.1377213851440655,0.4131988396624472,0.1635641079272119,0,0,,,,
0f727c1018c74fbb7142e8c7a77840d6,2020-09-26,0.0011063306699446,0.8233120935713352,0.0,0.0,1.627184227296366e-05,0.081081081081081,1.6897092312398178e-05,0.136150234741784,0.3294085556266225,0.171665603063178,0.2601924460257605,0.71,0.004,0.0,0.076522608786928,0.131578947368421,0.1659352747061888,0.0994184509648427,0.4502637130801687,0.1986434398063764,0,0,,,,
0f727c1018c74fbb7142e8c7a77840d6,2020-10-03,0.0,0.7964452494217256,0.0,0.0,1.704224654508175e-05,0.1351351351351351,2.3582992148239184e-05,0.1267605633802817,0.3526487076263215,0.192724952137843,0.300897715872765,0.97,0.024,0.006,0.0702522713754213,0.131578947368421,0.1834076304058357,0.1036214644462067,0.4611155063291138,0.1816416171153674,0,0,,,,
0f727c1018c74fbb7142e8c7a77840d6,2020-10-04,0.0002928522361618,0.7881050058918517,0.0,0.0,1.852704355422772e-05,0.1351351351351351,2.3582992148239184e-05,0.1314553990610328,0.3491007938598141,0.1916613486492235,0.3129618817518201,0.97,0.024,0.006,0.0742483176076789,0.131578947368421,0.1778498234238406,0.0857784826856991,0.4575026371308016,0.1820001792810828,0,0,,,,
0f727c1018c74fbb7142e8c7a77840d6,2020-10-13,0.0072417657905202,0.7614978396543446,0.0,0.0,3.288761502455147e-05,0.1981981981981982,4.593117217368668e-05,0.1220657276995305,0.3156269987584182,0.1884705381833652,0.346099629365599,0.956,0.027,0.017,0.0948437736905331,0.131578947368421,0.1897527933769467,0.0860163891091726,0.4611155063291138,0.2024382227268653,0,0,,,,
0f727c1018c74fbb7142e8c7a77840d6,2020-10-18,0.0093495787989442,0.7755597259197836,0.0,0.0,3.874622506328625e-05,0.2072072072072072,5.336563687153094e-05,0.1220657276995305,0.3050189999623763,0.1814507551584769,0.3234293197939414,0.965,0.0139999999999999,0.021,0.0949414515809239,0.125,0.1770508886701788,0.1767116045466561,0.4475474683544304,0.1986135596259001,1,1,,,,
0f727c1018c74fbb7142e8c7a77840d6,2020-10-28,0.0061137423623413,0.8054226858115481,0.0,0.0,3.2237095090696645e-05,0.1711711711711711,4.602074403751613e-05,0.1220657276995305,0.2605421573422626,0.1714528823654541,0.2821756787706163,0.949,0.025,0.027,0.0833527717194807,0.1118421052631579,0.1675215654489666,0.2058154903515728,0.434889240506329,0.1760241431858248,0,0,,,,
0f727c1018c74fbb7142e8c7a77840d6,2020-11-03,0.0078997794569579,0.8186531663247939,0.0,0.0,2.521501737570188e-05,0.1441441441441441,4.104950559498171e-05,0.1126760563380281,0.2555269197486737,0.1742182514358647,0.2610214542158453,0.99,0.0069999999999999,0.003,0.0740806615271573,0.125,0.204839923580154,0.1772931535818133,0.4683544303797468,0.2170795111602474,0,0,,,,
0f727c1018c74fbb7142e8c7a77840d6,2020-11-13,0.0087313351892693,0.8123532492471521,0.0,0.0,2.2037099753214748e-05,0.1441441441441441,4.642381742474865e-05,0.1220657276995305,0.2550829602317619,0.1797489895766858,0.2695921731304575,1.0,0.0,0.0,0.0770547346077139,0.131578947368421,0.1889654373878307,0.0909859899550621,0.4620253164556961,0.1810141333253652,0,0,,,,
0f727c1018c74fbb7142e8c7a77840d6,2020-11-19,0.0493944104992949,0.7798214987125214,0.0,0.0,0.0002234359094259,0.1261261261261261,0.0009712533114638,0.1173708920187793,0.2603841378531923,0.1591150818974686,0.2814015076981636,1.0,0.0,0.0,0.074889784350544,0.1052631578947368,0.1778498234238406,0.1146973301612476,0.4412183544303797,0.1536438880090835,0,0,,,,
0f727c1018c74fbb7142e8c7a77840d6,2020-11-21,0.0695108283018185,0.7630297211190156,0.0,0.0,0.0024377330475379,0.1261261261261261,0.0028285067139966,0.1173708920187793,0.2654990782196471,0.1520952988725803,0.2882787273917854,0.857,0.0,0.0,0.0695656103847634,0.0986842105263157,0.1659352747061888,0.1237377742532381,0.4312763713080168,0.1266322048585173,0,0,,,,
0f727c1018c74fbb7142e8c7a77840d6,2020-11-24,0.0743121587909902,0.7477109064723084,0.0,0.0,0.0024629264464264,0.1171171171171171,0.0418490368475039,0.136150234741784,0.2684337258738101,0.1525207402680281,0.3066394846601227,0.643,0.0,0.0,0.0591884279399587,0.1118421052631579,0.1389451745498755,0.1512556172349987,0.4213343881856539,0.1064630830370215,0,0,,,,
0f727c1018c74fbb7142e8c7a77840d6,2020-12-02,0.0710943996529158,0.7029066468816828,0.0,0.0,0.0024508535039682,0.0990990990990991,0.1458981195161346,0.1596244131455399,0.3381240829226081,0.1689002339927675,0.3757374785893312,0.071,0.0,0.0,0.0389661888711351,0.1052631578947368,0.1071846234006831,0.1241607190060798,0.4077663502109704,0.1346102130456868,1,1,,,,
0f727c1018c74fbb7142e8c7a77840d6,2020-12-06,0.0126758017281897,0.7294614411033039,0.0,0.0,5.822153408000626e-05,0.0900900900900901,0.1821314547588415,0.1314553990610328,0.3496350502276233,0.1876196553924697,0.3886048469560561,0.143,0.0,0.0,0.0341435252679581,0.0855263157894736,0.1460892722746483,0.1941580756013745,0.4231408227848101,0.1445304329638151,0,0,,,,
0f727c1018c74fbb7142e8c7a77840d6,2020-12-14,0.0064138255179146,0.7182429188670186,0.0,0.0,2.9617327502090983e-05,0.0900900900900901,0.1821314291668803,0.1126760563380281,0.3038376161631363,0.1816634758562008,0.4107751710434213,0.7140000000000001,0.0,0.0,0.0405552769386874,0.0986842105263157,0.1738783071846234,0.1863600317208564,0.4321861814345991,0.1304867481399587,0,0,,,,
0f727c1018c74fbb7142e8c7a77840d6,2020-12-26,0.0227990889041541,0.6670405446689652,0.0,0.0,7.337314565116556e-05,0.0990990990990991,0.182133502115729,0.1455399061032863,0.349119605703751,0.188895979578813,0.4718443658087345,0.857,0.0,0.0,0.049271935246848,0.1184210526315789,0.1460892722746483,0.0958234205656886,0.4394119198312236,0.1289329787551917,0,0,,,,
0f727c1018c74fbb7142e8c7a77840d6,2020-12-27,0.0227990889041541,0.6792126740278446,0.0,0.0,7.337314565116556e-05,0.0990990990990991,0.1821335085137193,0.164319248826291,0.3341961699085744,0.1820889172516485,0.4538513397998122,0.857,0.0,0.0,0.0460748066852497,0.1118421052631579,0.1357610142997742,0.102934179222839,0.4448444092827003,0.1206561687632593,0,0,,,,
0f727c1018c74fbb7142e8c7a77840d6,2021-01-02,0.0183050724899671,0.6892026360581328,0.0,0.0,4.6299921032382914e-05,0.0990990990990991,0.1821356006565387,0.136150234741784,0.3393750705444147,0.173580089342693,0.4430968133183229,0.857,0.0,0.0,0.044857477752767,0.131578947368421,0.1699067909454061,0.2042294475284166,0.453876582278481,0.197776914572564,0,0,,,,
0f727c1018c74fbb7142e8c7a77840d6,2021-01-03,0.0185690010484833,0.6887007375725569,0.0,0.0,4.6299921032382914e-05,0.0990990990990991,0.1821356134525192,0.1314553990610328,0.3416832837954776,0.1761327377153796,0.4436000245154172,0.929,0.0,0.0,0.045265683861863,0.131578947368421,0.1778498234238406,0.2005022468939994,0.4565928270042194,0.1973884722263722,0,0,,,,
0f727c1018c74fbb7142e8c7a77840d6,2021-01-26,0.0098195885606854,0.8532950726661722,0.0,0.0,9.444330943019126e-06,0.0900900900900901,1.7383339573186613e-05,0.2159624413145539,0.2481451521878174,0.1482663263135503,0.2081004099880971,1.0,0.0,0.0,0.055419810825626,0.3355263157894737,0.1300526833786835,0.2565424266455194,0.4936708860759493,0.2876863776257209,0,0,,,,
0f727c1018c74fbb7142e8c7a77840d6,2021-01-29,0.009946129650385,0.8419783529001004,0.0,0.0,1.0202943313012965e-05,0.0990990990990991,1.7376941582913084e-05,0.1830985915492957,0.2787238045073178,0.167836630504148,0.2247160566306139,1.0,0.0,0.0,0.0571357343627902,0.3092105263157895,0.1282463961095351,0.2260111022997621,0.457634493670886,0.3018495831714823,0,0,,,,
0f727c1018c74fbb7142e8c7a77840d6,2021-01-31,0.0092338840883618,0.8398681970933531,0.0,0.0,1.033756752893156e-05,0.0990990990990991,1.7376941582913084e-05,0.1220657276995305,0.2935607058203845,0.1710274409700063,0.2284707863320097,1.0,0.0,0.0,0.0560700248422574,0.1381578947368421,0.1508481445029815,0.111736716891356,0.4186181434599155,0.1822093405444169,0,0,,,,
0f727c1018c74fbb7142e8c7a77840d6,2021-02-10,0.0069489135543584,0.8471522716361892,0.0,0.0,1.0464330476767315e-05,0.0990990990990991,1.7332155650998356e-05,0.0845070422535211,0.2800011287106362,0.186981493299298,0.2197387817773032,1.0,0.0,0.0,0.0573777422703257,0.1052631578947368,0.1714930816881839,0.1572032778218345,0.4005406118143459,0.146890967221442,1,1,,,,
0f727c1018c74fbb7142e8c7a77840d6,2021-02-18,0.0088976463357315,0.8469275084013442,0.0,0.0,1.1481382034984443e-05,0.0900900900900901,1.727457373853657e-05,0.0610328638497652,0.2482749539109823,0.1652839821314614,0.2183355967084826,1.0,0.0,0.0,0.0575818453248737,0.0723684210526315,0.2000810513518207,0.1412899814961671,0.4077663502109704,0.1063136821346401,0,0,,,,
0f727c1018c74fbb7142e8c7a77840d6,2021-02-21,0.0108861491738674,0.8452668790642865,0.0,0.0,1.2153520456067063e-05,0.0900900900900901,1.7248981777442443e-05,0.056338028169014,0.2599608713646111,0.1586896405020208,0.2190129963968788,1.0,0.0,0.0,0.0544415740427566,0.0592105263157894,0.199282116598159,0.1611948189267777,0.4032436708860759,0.1181761137837272,1,1,,,,
0f727c1018c74fbb7142e8c7a77840d6,2021-03-05,0.0074514624534509,0.8565072229738577,0.0,0.0,9.529822233419986e-06,0.0900900900900901,1.7223389816348313e-05,0.0938967136150234,0.3103446329809248,0.1295469049138481,0.2054650026289559,1.0,0.0,0.0,0.044192684946525,0.1381578947368421,0.1373473050425519,0.2750726936293947,0.372507911392405,0.3671377775121762,1,1,,,,
0f727c1018c74fbb7142e8c7a77840d6,2021-03-10,0.0064174409776203,0.8609479334875398,0.0,0.0,9.53277020895105e-06,0.0900900900900901,1.7229787806621846e-05,0.1126760563380281,0.3674724406486323,0.1229525632844075,0.1998232309384566,1.0,0.0,0.0,0.0467935410130509,0.1710526315789473,0.1159150118682336,0.4250330425588158,0.451173523206751,0.3487315863387815,1,1,,,,
0f727c1018c74fbb7142e8c7a77840d6,2021-03-16,0.0358798221193824,0.8377885916292062,0.0,0.0,0.0001718620601684,0.0990990990990991,0.0008424809612284,0.0892018779342723,0.3786410323939952,0.1310359497979153,0.2077713872823047,1.0,0.0,0.0,0.0528510280962433,0.1710526315789473,0.1564059514849765,0.6267776896642876,0.553335970464135,0.290584755131921,0,0,,,,
0f727c1018c74fbb7142e8c7a77840d6,2021-03-20,0.0624968364727575,0.7938353772967311,0.0,0.0,0.0022716382101667,0.1081081081081081,0.0528751605391717,0.0892018779342723,0.3345535949433764,0.1352903637523931,0.2489959968904128,0.7140000000000001,0.0,0.0,0.0500037904852987,0.1447368421052631,0.1294158513286632,0.6302934179222839,0.5198839662447258,0.3829145128036573,0,0,,,,
0f727c1018c74fbb7142e8c7a77840d6,2021-03-24,0.0669872374272388,0.7583664295378169,0.0,0.0,0.0022958401066182,0.1171171171171171,0.1049415255359051,0.1173708920187793,0.3081248353963655,0.144862795149968,0.2974236231851333,0.429,0.0,0.0,0.0488083297372319,0.1381578947368421,0.159578532970532,0.5054982817869416,0.5054193037974684,0.382466310096513,0,0,,,,
0f727c1018c74fbb7142e8c7a77840d6,2021-03-30,0.052991792906468,0.7393379304325054,0.0,0.0,0.0021717214928338,0.1171171171171171,0.1821942190434248,0.1267605633802817,0.2928590240415365,0.1554988300361625,0.338035347360883,0.071,0.0,0.0,0.0428747623657293,0.131578947368421,0.1556185954958606,0.1768437747819191,0.4294699367088607,0.2811426181014133,0,0,,,,
0f727c1018c74fbb7142e8c7a77840d6,2021-04-05,0.0250153657037492,0.7748898005499063,0.0,0.0,6.926170244384144e-05,0.0990990990990991,0.182194199849454,0.1408450704225352,0.2996576244403476,0.1567751542225058,0.3104426000535468,0.5,0.0,0.0,0.0405611084545316,0.1381578947368421,0.1675215654489666,0.1401268834258525,0.4547863924050632,0.2298383482236232,0,0,,,,
0f727c1018c74fbb7142e8c7a77840d6,2021-04-12,0.0038287718283379,0.8129817134377864,0.0,0.0,6.629996969363235e-06,0.0900900900900901,0.1821316147085983,0.1267605633802817,0.2783945972384213,0.1535843437566475,0.2730372344028721,1.0,0.0,0.0,0.0324232280939107,0.131578947368421,0.153233369999421,0.1501718213058419,0.4258570675105485,0.1863925658110975,0,0,,,,
0f727c1018c74fbb7142e8c7a77840d6,2021-04-21,0.0548899092519613,0.7640444289268102,0.0,0.0,0.0002713473904153,0.0990990990990991,0.1822437202941711,0.1126760563380281,0.3040351405244742,0.1435864709636247,0.2998203277969349,1.0,0.0,0.0,0.0387795803641198,0.131578947368421,0.1278295605858855,0.1767909066878139,0.3806434599156117,0.2368900708160277,0,0,,,,
0f727c1018c74fbb7142e8c7a77840d6,2021-04-27,0.054687443508442,0.7665604678566751,0.0,0.0,0.0002712491245642,0.0990990990990991,0.1822436883042198,0.1596244131455399,0.3320121148274954,0.154435226547543,0.2962817208532655,0.929,0.0,0.0,0.0396907547147805,0.131578947368421,0.0889249117119203,0.1429024583663759,0.3851661392405063,0.233214808617444,0,0,,,,
0f727c1018c74fbb7142e8c7a77840d6,2021-05-04,8.677103293683792e-05,0.8181905468511325,0.0,0.0,9.433521699405225e-08,0.0900900900900901,0.1821315891166372,0.1971830985915493,0.3075698860002257,0.156349712827058,0.2686760706947217,0.929,0.0,0.0,0.0324523856731318,0.0986842105263157,0.1135297863717941,0.1669838752312979,0.4565928270042194,0.1991514028744734,0,0,,,,
0f727c1018c74fbb7142e8c7a77840d6,2021-05-11,0.0031996818395458,0.8356478854798585,0.0,0.0,6.5720201172523065e-06,0.0900900900900901,0.1821315955146275,0.1924882629107981,0.2762707400579405,0.1469900021272069,0.2400994809828101,1.0,0.0,0.0,0.0297290677738771,0.125,0.1341747235569964,0.1477927570711076,0.4737737341772152,0.2156452624973855,1,1,,,,
0f727c1018c74fbb7142e8c7a77840d6,2021-05-18,0.0066199067211395,0.8466198228080128,0.0,0.0,7.716817281815544e-06,0.0900900900900901,0.1821315763206566,0.2018779342723004,0.2708961962451559,0.1420974260795575,0.2208258469915389,1.0,0.0,0.0,0.0278061254242427,0.1447368421052631,0.1333873675678805,0.1647369812318266,0.4855221518987341,0.1796396450234559,1,1,,,,
0f727c1018c74fbb7142e8c7a77840d6,2021-05-26,0.0,0.8335988303583118,0.0,0.0,4.21560500942171e-07,0.0900900900900901,0.1821315507286955,0.1924882629107981,0.2948417923924903,0.1529461816634758,0.2459767297078471,0.929,0.0,0.0,0.0284082294351593,0.1513157894736842,0.148462919006542,0.1521279407877346,0.4882383966244725,0.2197089670421609,1,1,,,,
0f727c1018c74fbb7142e8c7a77840d6,2021-06-03,0.0003904696482157,0.8166804870597477,0.0,0.0,3.173986988445716e-07,0.0900900900900901,0.1821315315347247,0.1596244131455399,0.2877948756537116,0.1627313337587747,0.2706373040782687,0.929,0.0,0.0,0.0334247909401569,0.131578947368421,0.1492618537602038,0.0981496167063177,0.4565928270042194,0.2336331311441121,1,1,,,,
0f727c1018c74fbb7142e8c7a77840d6,2021-06-05,0.0003904696482157,0.8124710862828962,0.0,0.0,3.173986988445716e-07,0.0900900900900901,0.1821315123407539,0.1549295774647887,0.3001335640919523,0.1608168474792597,0.2768597040731075,0.929,0.0,0.0,0.0341304043573086,0.125,0.1468766282637642,0.0978852762357917,0.4475474683544304,0.2038724713897272,1,1,,,,
0f727c1018c74fbb7142e8c7a77840d6,2021-06-12,0.0,0.8175489896565269,0.0,0.0,3.969940381833032e-07,0.0900900900900901,0.1821315251367345,0.1549295774647887,0.3123970051544452,0.1437991916613486,0.2697018473657216,1.0,0.0,0.0,0.034217877094972,0.1447368421052631,0.1437040467782087,0.0891620407084324,0.4466508438818565,0.1946693758030298,0,0,,,,
0f727c1018c74fbb7142e8c7a77840d6,2021-06-13,0.0048374850862287,0.8070527648060053,0.0,0.0,3.10903326091127e-05,0.0990990990990991,0.1822172006244873,0.1549295774647887,0.3211633244290605,0.1476281642203786,0.2809015222138712,1.0,0.0,0.0,0.0351684141775813,0.1513157894736842,0.1492618537602038,0.1096484271742003,0.4502637130801687,0.1904861505363492,0,0,,,,
0f727c1018c74fbb7142e8c7a77840d6,2021-06-17,0.0640442532267977,0.7647427224719593,0.0,0.0,0.0023489862094923,0.1171171171171171,0.1578392837767229,0.1408450704225352,0.348320102336431,0.1342267602637736,0.2906205948859549,0.929,0.0,0.0,0.0388422691594453,0.1644736842105263,0.1810224049093962,0.2196404969600846,0.4728639240506329,0.2403860519317536,1,1,,,,
0f727c1018c74fbb7142e8c7a77840d6,2021-06-24,0.0647022668932354,0.728542748657967,0.0,0.0,0.0023653867800301,0.1531531531531531,0.0725220067032895,0.1690140845070422,0.3307423153617517,0.1401829398000425,0.343544864826505,0.929,0.0,0.0,0.0658786344922499,0.1578947368421052,0.1564059514849765,0.2381178958498546,0.4728639240506329,0.2257447634983715,0,0,,,,
0f727c1018c74fbb7142e8c7a77840d6,2021-06-30,0.0009725586608337,0.7898223715794526,0.0,0.0,2.970773208504362e-05,0.1531531531531531,0.0115016735127188,0.1502347417840375,0.2738534181120433,0.1433737502659008,0.3098168117699809,1.0,0.0,0.0,0.0765794660664093,0.1118421052631579,0.1468766282637642,0.1336505418979645,0.4439345991561181,0.1527176024143186,0,0,,,,
0f727c1018c74fbb7142e8c7a77840d6,2021-07-05,0.0465924292273762,0.756345742591542,0.0,0.0,0.0003074148883793,0.1711711711711711,0.0106827819416289,0.1267605633802817,0.2786899431882313,0.1482663263135503,0.3186036534423194,0.857,0.0,0.0,0.0770037088440769,0.0592105263157894,0.1659352747061888,0.1384615384615384,0.4403217299578058,0.1745301341620103,0,0,,,,
0f727c1018c74fbb7142e8c7a77840d6,2021-07-10,0.0479265338587801,0.7738969144153975,0.0,0.0,0.000306771247055,0.1711711711711711,0.0106763647573845,0.1502347417840375,0.2746886639828436,0.1401829398000425,0.291468957352851,0.857,0.0,0.0,0.0608868569295902,0.0789473684210526,0.1373473050425519,0.1450171821305842,0.4330828059071729,0.1795201243015508,0,0,,,,
0f727c1018c74fbb7142e8c7a77840d6,2021-07-13,0.0476083734046784,0.7795007201152183,0.0,0.0,0.000300311250008,0.1531531531531531,0.0106757633462988,0.1502347417840375,0.2711351066631551,0.1365666879387364,0.2834691896041727,0.857,0.0,0.0,0.0459640078842094,0.0789473684210526,0.1611764024778556,0.2169706582077716,0.4575026371308016,0.2357546239579287,0,0,,,,
0f727c1018c74fbb7142e8c7a77840d6,2021-07-20,0.0037636935536353,0.8438593811373456,0.0,0.0,1.6897795744059608e-05,0.1171171171171171,0.0114936824228672,0.1314553990610328,0.2845084465179276,0.1595405232929164,0.2274482353738117,1.0,0.0,0.0,0.0279358766517768,0.1052631578947368,0.1659352747061888,0.2181601903251387,0.4439345991561181,0.1841216720948994,0,0,,,,
0f727c1018c74fbb7142e8c7a77840d6,2021-07-31,0.0072996131458114,0.8237441627023959,0.0,0.0,2.1986001510676305e-05,0.1261261261261261,0.011490496223711,0.1173708920187793,0.2749783663794725,0.1493299298021697,0.2540345602869594,1.0,0.0,0.0,0.0255493287925263,0.0855263157894736,0.2183407630405835,0.1568860692572032,0.4873417721518987,0.1763827053515403,0,0,,,,
0f727c1018c74fbb7142e8c7a77840d6,2021-08-01,0.0072996131458114,0.8222755640902546,0.0,0.0,2.2156984091478025e-05,0.1261261261261261,0.0114905026217012,0.1314553990610328,0.2726438165468979,0.1476281642203786,0.256205465002629,1.0,0.0,0.0,0.0252198481473274,0.1118421052631579,0.2191281190296995,0.1556701030927835,0.5036128691983122,0.1871993306839573,0,0,,,,
0f727c1018c74fbb7142e8c7a77840d6,2021-08-10,0.0004953179796811,0.855832933269323,0.0,0.0,4.790460237979216e-06,0.1171171171171171,0.0114888327462398,0.1032863849765258,0.2664001655442266,0.1331631567751542,0.2126680193155682,1.0,0.0,0.0,0.0121791208406713,0.1052631578947368,0.221513344526139,0.116071900607983,0.4755801687763712,0.1643111124391191,1,1,,,,
0f727c1018c74fbb7142e8c7a77840d6,2021-08-15,0.0013377200911095,0.8729804041373892,0.0,0.0,5.35450622292282e-06,0.0990990990990991,0.0114899651905182,0.0985915492957746,0.2800293464765416,0.1414592639863858,0.1865687770355054,1.0,0.0,0.0,0.0163122076952683,0.0921052631578947,0.1976958258553812,0.2369019296854348,0.5244066455696202,0.3712612424179042,0,0,,,,
0f727c1018c74fbb7142e8c7a77840d6,2021-08-27,0.041942948045844,0.8389756906559593,0.0,0.0,0.0002706182578006,0.1171171171171171,0.0114867981853329,0.1314553990610328,0.2794217239173784,0.1397574984045947,0.2006103048621169,0.99,0.01,0.0,0.0414518724997375,0.0855263157894736,0.199282116598159,0.0989426381178958,0.4810126582278481,0.0945110108465055,0,0,,,,
0f727c1018c74fbb7142e8c7a77840d6,2021-09-02,0.0632741603094833,0.7926308209313492,0.0,0.0,0.002372924753463,0.1261261261261261,0.0602485052359329,0.1032863849765258,0.2756123255201474,0.1442246330567964,0.2500862878174504,0.7040000000000001,0.01,0.0,0.0407797902986902,0.1052631578947368,0.1746656631737393,0.1337298440391224,0.4231408227848101,0.1760540233663011,0,0,,,,
0f727c1018c74fbb7142e8c7a77840d6,2021-09-11,0.0693698253732962,0.7154868415310085,0.0,0.0,0.004462237555643,0.1351351351351351,0.145573146396171,0.1032863849765258,0.3149648218518379,0.183152520740268,0.3586799092929559,0.286,0.0,0.0,0.0601564595701006,0.1184210526315789,0.1746656631737393,0.1766851704996035,0.4222310126582278,0.2553261421698987,0,0,,,,
0f727c1018c74fbb7142e8c7a77840d6,2021-09-29,0.0003036986152789,0.6011456378475103,0.0,0.0,2.485732967793277e-05,0.2792792792792793,3.0352065857636104e-05,0.1784037558685446,0.1770946988223785,0.1459263986385875,0.5893248260534371,0.629,0.354,0.017,0.1365303647030009,0.0723684210526315,0.1333873675678805,0.0664287602431932,0.4593090717299578,0.1499985059909762,0,0,,,,
0f727c1018c74fbb7142e8c7a77840d6,2021-10-04,0.0,0.6142277309824119,0.0,0.0,2.807062300679267e-05,0.3063063063063063,3.3173579568263745e-05,0.164319248826291,0.1543248429211031,0.1671984684109763,0.5702544119686848,0.542,0.4539999999999999,0.003,0.1385276588796491,0.0789473684210526,0.1397325305389914,0.1249273063706053,0.4502637130801687,0.1838826306510891,0,0,,,,
0f727c1018c74fbb7142e8c7a77840d6,2021-10-07,0.0,0.6100445162135031,0.0,0.0,2.8625825065143083e-05,0.3333333333333333,3.305201775306664e-05,0.164319248826291,0.1506809887505173,0.167836630504148,0.576438103409901,0.532,0.46,0.009,0.1344149823305069,0.0723684210526315,0.1500607885138656,0.1472640761300555,0.46292194092827,0.1803268891744106,1,1,,,,
0f727c1018c74fbb7142e8c7a77840d6,2021-10-09,0.0025344372536968,0.5896281586872082,0.0,0.0,3.1744783177008935e-05,0.3513513513513513,3.3224763490452e-05,0.164319248826291,0.1526863313141954,0.1669857477132525,0.6043566477102277,0.5329999999999999,0.4579999999999999,0.009,0.1400176111778495,0.0723684210526315,0.1564059514849765,0.144964314036479,0.4683544303797468,0.1665521259748409,0,0,,,,
0f727c1018c74fbb7142e8c7a77840d6,2021-10-11,0.0025344372536968,0.5836708418801554,0.0,0.0,3.1996343755659744e-05,0.3513513513513513,3.32439574612726e-05,0.1502347417840375,0.1509217803529101,0.1618804509678791,0.6131628436593776,0.508,0.472,0.02,0.1416489777352725,0.0723684210526315,0.1659352747061888,0.163441712926249,0.46292194092827,0.1505064690590731,1,1,,,,
0f727c1018c74fbb7142e8c7a77840d6,2021-10-23,0.0028272894898586,0.6119866451359489,0.0,0.0,2.464900607373757e-05,0.3513513513513513,3.314798760716962e-05,0.1690140845070422,0.1479965386207156,0.148691767708998,0.5710447116051469,0.527,0.452,0.021,0.1199848963739634,0.1184210526315789,0.1675215654489666,0.1374834787205921,0.4864319620253164,0.1258254399856575,1,1,,,,
0f727c1018c74fbb7142e8c7a77840d6,2021-10-29,0.0149824650204273,0.5665386461833892,0.0,0.0,6.986800274473031e-05,0.4144144144144144,7.262358759486244e-05,0.1784037558685446,0.1612588885962602,0.1633694958519463,0.6273817856900928,0.5589999999999999,0.414,0.026,0.1409389906812376,0.1184210526315789,0.1564059514849765,0.1433782712133227,0.4855221518987341,0.1390922401171303,0,0,,,,
0f727c1018c74fbb7142e8c7a77840d6,2021-11-06,0.0136664376875519,0.5451075808492997,0.0,0.0,6.782505570170286e-05,0.3693693693693693,6.74092255219338e-05,0.1267605633802817,0.2036382106174047,0.1597532439906402,0.6602356705773058,0.643,0.309,0.048,0.1519124456211147,0.1381578947368421,0.2135703120477045,0.2711340206185567,0.4945675105485232,0.1952669794125556,1,1,,,,
0f727c1018c74fbb7142e8c7a77840d6,2021-11-07,0.0136664376875519,0.5530135730807837,0.0,0.0,6.788204989530344e-05,0.3693693693693693,6.740282753166028e-05,0.1220657276995305,0.2072500846532977,0.1618804509678791,0.6485489130960713,0.644,0.308,0.048,0.1507009482044762,0.1381578947368421,0.210397730562149,0.2725350251123447,0.4855221518987341,0.1913825559506379,0,0,,,,
0f727c1018c74fbb7142e8c7a77840d6,2021-11-13,0.0015112621569832,0.5751778466372802,0.0,0.0,2.107114643753607e-05,0.3513513513513513,2.6526067674063933e-05,0.0845070422535211,0.2225911433838744,0.1635822165496702,0.6266301946072532,0.657,0.304,0.039,0.1298853523985024,0.0789473684210526,0.2230996352689168,0.2086968014803066,0.4611155063291138,0.1950578181492216,1,1,,,,
0f727c1018c74fbb7142e8c7a77840d6,2021-12-03,0.0646046494811815,0.7727338192292585,0.0,0.0,0.0023168296923994,0.1171171171171171,0.1822504189899875,0.1455399061032863,0.3500263365815117,0.1799617102744097,0.2783112748339564,0.7140000000000001,0.0,0.0,0.0365548570695466,0.1644736842105263,0.2302437329936895,0.3340999206978589,0.5307357594936708,0.4191292915409209,1,1,,,,
0f727c1018c74fbb7142e8c7a77840d6,2021-12-05,0.027343721754221,0.8066097848383014,0.0,0.0,0.0001062843444799,0.1081081081081081,0.1822503678060653,0.1737089201877934,0.3112043342488431,0.1650712614337375,0.2614762797209113,0.7859999999999999,0.0,0.0,0.0341172834466591,0.1578947368421052,0.2389857002257859,0.3402854877081681,0.5732331223628692,0.402964113903248,1,1,,,,
0f727c1018c74fbb7142e8c7a77840d6,2021-12-10,0.0245381250225966,0.8017130013529438,0.0,0.0,0.0001112163075434,0.0990990990990991,0.1822192095934332,0.1549295774647887,0.3233097558222657,0.1480536056158264,0.2712179323826082,1.0,0.0,0.0,0.0352529711573226,0.1513157894736842,0.2564464771608869,0.3399682791435369,0.574129746835443,0.4084919472913617,0,0,,,,
0f727c1018c74fbb7142e8c7a77840d6,2021-12-12,0.0492100220543042,0.7664448129882601,0.0,0.0,0.0014745370716393,0.1441441441441441,0.1914458665307187,0.1690140845070422,0.3014447496143572,0.1489044884067219,0.3013364128138215,0.929,0.0,0.0,0.0557347126812143,0.1381578947368421,0.2286574422509118,0.3299762093576526,0.5569620253164557,0.4145277437475723,0,0,,,,
0f727c1018c74fbb7142e8c7a77840d6,2021-12-14,0.0490400954481362,0.7159887400165843,0.0,0.0,0.0014920794913662,0.1801801801801802,0.2006762023124115,0.1737089201877934,0.2794123179954099,0.1523080195703041,0.3760761784335293,0.7859999999999999,0.0,0.0,0.0811951108571162,0.131578947368421,0.2596190586464424,0.2284959027227068,0.5949367088607594,0.2362924672065019,0,0,,,,
0f727c1018c74fbb7142e8c7a77840d6,2021-12-18,0.0667088470298998,0.6877078514380481,0.0,0.0,0.0027323959764284,0.2342342342342342,0.2098194614464815,0.1784037558685446,0.2538733586666165,0.1661348649223569,0.4021173578831582,0.7140000000000001,0.0,0.0,0.0931511762167457,0.125,0.2278700862617959,0.2139836108908273,0.5659941983122363,0.2492007051722592,0,0,,,,
0f727c1018c74fbb7142e8c7a77840d6,2021-12-22,0.1042807042915506,0.6748767075459345,0.0,0.0,0.0029454117750106,0.2342342342342342,0.2098194998344232,0.1877934272300469,0.2348451785243989,0.1714528823654541,0.3875661674338486,0.7140000000000001,0.0,0.0,0.090325806790217,0.1184210526315789,0.2143692468013663,0.1676182923605604,0.5605748945147678,0.2287925419069531,0,0,,,,
0f727c1018c74fbb7142e8c7a77840d6,2021-12-26,0.1113706207744314,0.6882861257801247,0.0,0.0,0.0017851426522018,0.1981981981981982,0.2005928556931182,0.1830985915492957,0.2191410512058392,0.1759200170176558,0.3614153137489557,0.7859999999999999,0.0,0.0,0.0693498442985269,0.1118421052631579,0.2564464771608869,0.2262490087232355,0.6021624472573839,0.2583141602175277,1,1,,,,
0f727c1018c74fbb7142e8c7a77840d6,2021-12-31,0.0868397266712462,0.7677410203814429,0.0,0.0,0.000489399313863,0.0900900900900901,0.1821317810563454,0.1924882629107981,0.2120264118288874,0.1542225058498191,0.2658503462802692,0.929,0.0,0.0,0.028399482161393,0.125,0.2477160886933364,0.4352630187681734,0.6826344936708861,0.2638718737861177,1,1,,,,
0f727c1018c74fbb7142e8c7a77840d6,2022-01-07,0.0582052858020897,0.7389189543054161,0.0,0.0,0.0022747158966211,0.1711711711711711,0.1164622714576293,0.1596244131455399,0.2375559652357124,0.1359285258455647,0.334003206358525,0.69,0.089,0.0069999999999999,0.0630299390023442,0.1447368421052631,0.2088114398193712,0.4743589743589744,0.6048786919831223,0.3691098694236113,1,1,,,,
0f727c1018c74fbb7142e8c7a77840d6,2022-01-13,0.0544415922484543,0.6748221533627198,0.0,0.0,0.0022580588522121,0.2342342342342342,0.0384157601029016,0.1549295774647887,0.2476014898980398,0.1331631567751542,0.4321132612278998,0.597,0.239,0.021,0.0964853454006834,0.1447368421052631,0.1849939211486134,0.2963256674596881,0.4936708860759493,0.2082648579197418,1,1,,,,
0f727c1018c74fbb7142e8c7a77840d6,2022-01-21,0.004421707220073,0.6677191987081568,0.0,0.0,2.033808318881145e-05,0.2432432432432432,2.3115938858271344e-05,0.1690140845070422,0.2277719252041085,0.1291214635184003,0.4872374672993364,0.715,0.263,0.022,0.0930928610583034,0.1381578947368421,0.154020725988537,0.2833465503568596,0.4692510548523206,0.2811426181014133,1,1,,,,
0f727c1018c74fbb7142e8c7a77840d6,2022-02-08,0.0154307820239343,0.6578754418888841,0.0,0.0,3.920316127060119e-05,0.0900900900900901,9.788925118504055e-06,0.1314553990610328,0.1022009857406223,0.0584981918740693,0.4919663622669019,0.289,0.121,0.019,0.0941119184520824,0.1710526315789473,0.1953106003589416,0.3271742003700766,0.4791930379746835,0.257208593539905,1,1,,,,
0f727c1018c74fbb7142e8c7a77840d6,2022-02-19,0.0119888643841064,0.7733666477545499,0.0,0.0,2.2410509987149537e-05,0.2342342342342342,2.314153081936547e-05,0.1549295774647887,0.2685183791715264,0.1518825781748564,0.3243163908144602,0.777,0.18,0.043,0.0706663090003615,0.0921052631578947,0.2262722167544723,0.2545863071636267,0.5361550632911393,0.2616906206113485,1,1,,,,
0f727c1018c74fbb7142e8c7a77840d6,2022-02-23,0.0091688058136592,0.7564744904639287,0.0,0.0,3.471929048785264e-05,0.2342342342342342,2.3314276556750835e-05,0.1596244131455399,0.2805598404755634,0.1510316953839608,0.3517994638865323,0.6729999999999999,0.2769999999999999,0.049,0.0814546133121843,0.1052631578947368,0.2183407630405835,0.2747554850647634,0.532542194092827,0.2636627125227836,1,1,,,,
0f727c1018c74fbb7142e8c7a77840d6,2022-02-26,0.0091688058136592,0.7504997163182472,0.0,0.0,3.707963622972466e-05,0.2522522522522522,2.383891175918047e-05,0.1690140845070422,0.2881109146318522,0.1648585407360136,0.3606346912508991,0.672,0.276,0.053,0.0890210051200709,0.0986842105263157,0.2016673420945985,0.2167856198784034,0.5280195147679324,0.2520393223175068,1,1,,,,
0f727c1018c74fbb7142e8c7a77840d6,2022-03-05,0.0055171915109006,0.7773971108104569,0.0,0.0,4.162934513266697e-05,0.2342342342342342,2.3582992148239184e-05,0.2018779342723004,0.2624383912111065,0.1342267602637736,0.3241325251847526,0.609,0.352,0.04,0.0844301442717019,0.131578947368421,0.1929253748625021,0.2190325138778747,0.5488132911392405,0.23115307616458,1,1,,,,
0f727c1018c74fbb7142e8c7a77840d6,2022-03-06,0.0055171915109006,0.7821542355867848,0.0,0.0,4.095131076052222e-05,0.2342342342342342,2.342944038167441e-05,0.2065727699530516,0.2624873020053425,0.1357158051478408,0.3171004712766403,0.636,0.335,0.0289999999999999,0.0797270267433316,0.131578947368421,0.1968968911017194,0.2252180808881839,0.562381329113924,0.2516209997908388,1,1,,,,
0f727c1018c74fbb7142e8c7a77840d6,2022-03-12,0.0496547235981055,0.771066643390215,0.0,0.0,0.0002889369777506,0.2072072072072072,0.0008457567322484,0.164319248826291,0.2396628917566499,0.1195490321208253,0.294110816137596,0.66,0.332,0.008,0.064324535519763,0.1644736842105263,0.2191281190296995,0.315543219666931,0.5397811181434599,0.4198464158723519,1,1,,,,
0f727c1018c74fbb7142e8c7a77840d6,2022-03-14,0.0496547235981055,0.7696744206345744,0.0,0.0,0.0002891826423782,0.2162162162162162,0.0008457567322484,0.1314553990610328,0.241367244817337,0.1189108700276536,0.2961688209051995,0.643,0.349,0.008,0.0646044482802859,0.1184210526315789,0.1381462397962137,0.6296590007930214,0.574129746835443,0.4930827382197388,1,1,,,,
0f727c1018c74fbb7142e8c7a77840d6,2022-03-22,0.0784410137749014,0.7616833238772748,0.0,0.0,0.0025603128180951,0.1711711711711711,0.0919001308779288,0.1502347417840375,0.2670736295571692,0.1212507977026164,0.2822950301442861,0.3879999999999999,0.184,0.0,0.0485867321351512,0.1513157894736842,0.0611358768019452,0.6721913825006609,0.5913106540084389,0.5783308931185945,0,0,,,,
0f727c1018c74fbb7142e8c7a77840d6,2022-04-02,0.0740771539101196,0.6957905992231485,0.0,0.0,0.002270477690466,0.2162162162162162,0.0905580628461916,0.1737089201877934,0.2454531773204409,0.1310359497979153,0.3835985406875284,0.37,0.172,0.03,0.0817199472830967,0.1578947368421052,0.02223122792798,0.3869944488501189,0.4104825949367088,0.5082618699016942,0,0,,,,
0f727c1018c74fbb7142e8c7a77840d6,2022-04-04,0.0740771539101196,0.6838345044297995,0.0,0.0,0.0022725756663856,0.2432432432432432,0.0645435912703799,0.1737089201877934,0.2326535987057451,0.1361412465432886,0.4012722211290639,0.445,0.2319999999999999,0.037,0.0910620356655508,0.1447368421052631,0.0500202628379551,0.2484007401533174,0.3598496835443038,0.3328652105058715,1,1,,,,
0f727c1018c74fbb7142e8c7a77840d6,2022-04-11,0.0029393687407353,0.6698686335268187,0.0,0.0,3.248374237679568e-05,0.2342342342342342,3.0448035711739085e-05,0.1830985915492957,0.1914801158809586,0.1491172091044458,0.4853859081510536,0.624,0.3379999999999999,0.038,0.1123295739494524,0.1578947368421052,0.1516470792566433,0.1757071107586571,0.4855221518987341,0.2999671318014761,0,0,,,,
0f727c1018c74fbb7142e8c7a77840d6,2022-04-14,0.0029393687407353,0.6960350019639506,0.0,0.0,2.5812473749997547e-05,0.1981981981981982,2.8720578337885428e-05,0.1971830985915493,0.2253169795703374,0.1376302914273559,0.4467063859436339,0.745,0.243,0.012,0.0910212150546413,0.1644736842105263,0.1897527933769467,0.1875759978852762,0.5424841772151898,0.3151163833029551,0,0,,,,
0f727c1018c74fbb7142e8c7a77840d6,2022-04-20,0.0013702592284608,0.7657683411163969,0.0,0.0,1.400288377255463e-05,0.1441441441441441,2.548319525947821e-05,0.1737089201877934,0.2705575830542909,0.1327377153797064,0.345022241289769,0.907,0.088,0.005,0.0460791803221329,0.1644736842105263,0.2429456377004573,0.2528152260111023,0.5804588607594936,0.3580840828278603,1,1,,,,
0f727c1018c74fbb7142e8c7a77840d6,2022-04-23,0.0271846415271701,0.7227141797233013,0.0,0.0,0.0001598913141953,0.1531531531531531,0.0008498194560721,0.1784037558685446,0.2814214229278753,0.1380557328228036,0.3856371911783206,0.89,0.094,0.015,0.0525784047305256,0.1447368421052631,0.2635905748856597,0.2240021147237642,0.6057753164556963,0.2835031523590403,1,1,,,,
0f727c1018c74fbb7142e8c7a77840d6,2022-04-25,0.0287645974185617,0.7425784489154628,0.0,0.0,0.0002840207372233,0.1531531531531531,0.0016713086112131,0.1971830985915493,0.2820854810188494,0.129759625611572,0.3548606653355225,0.865,0.125,0.01,0.0426035968789727,0.1710526315789473,0.2508886701788919,0.2248744382765001,0.6121044303797468,0.3384528042549377,1,1,,,,
0f727c1018c74fbb7142e8c7a77840d6,2022-05-05,0.0649661954517517,0.6308580281936018,0.0,0.0,0.0005551440814983,0.2342342342342342,0.0024983320279407,0.1877934272300469,0.2027277173708567,0.1348649223569453,0.4877084213684118,0.6709999999999999,0.3289999999999999,0.0,0.0939894566193536,0.1710526315789473,0.204839923580154,0.2722442505947661,0.5479166666666666,0.4160217527713868,1,1,,,,
0f727c1018c74fbb7142e8c7a77840d6,2022-05-10,0.0410680067970642,0.7066752498581592,0.0,0.0,0.0002902999251045,0.2252252252252252,0.0008800499601146,0.1737089201877934,0.202091877045788,0.1274196979366092,0.396952991687338,0.693,0.307,0.0,0.0935331405045427,0.1973684210526315,0.2485034446824524,0.3481363996827914,0.5858913502109704,0.4657423730839334,1,1,,,,
0f727c1018c74fbb7142e8c7a77840d6,2022-05-14,0.0026682092628077,0.7340047134814297,0.0,0.0,3.48568626793023e-05,0.2342342342342342,5.762030040342976e-05,0.1596244131455399,0.213542646450205,0.1310359497979153,0.3908176859381502,0.626,0.364,0.01,0.1007146522667102,0.2039473684210526,0.2445435072077809,0.3454136928363732,0.5641877637130802,0.4746466668658679,1,1,,,,
0f727c1018c74fbb7142e8c7a77840d6,2022-05-20,0.0364799884305289,0.7162287784227294,0.0,0.0,0.0001902584101408,0.2522522522522522,0.0008403824204187,0.1971830985915493,0.2758248993566349,0.1489044884067219,0.3869274762990752,0.589,0.386,0.025,0.09723906882355,0.2434210526315789,0.1953106003589416,0.5296590007930214,0.7124736286919832,0.4231631159052201,1,1,,,,
0f727c1018c74fbb7142e8c7a77840d6,2022-05-21,0.0717994142955276,0.6964539780910399,0.0,0.0,0.0003520609951388,0.2612612612612612,0.0016437716610758,0.1877934272300469,0.283872606192859,0.1576260370134014,0.3846468973481415,0.56,0.415,0.025,0.0965655287435415,0.2236842105263158,0.1778498234238406,0.5443298969072164,0.6835443037974683,0.4193384528042549,1,1,,,,
0f727c1018c74fbb7142e8c7a77840d6,2022-06-04,0.005039950829748,0.6991511369091783,0.0,0.0,3.513593769624304e-05,0.2342342342342342,3.0416045760371425e-05,0.1924882629107981,0.269468377290342,0.1501808125930653,0.4402227032118422,0.534,0.442,0.024,0.0920781773014077,0.1973684210526315,0.1381462397962137,0.5240021147237642,0.6392405063291139,0.412645292377566,1,1,,,,
0f727c1018c74fbb7142e8c7a77840d6,2022-06-05,0.0061896670161611,0.6928468554968794,0.0,0.0,3.48136257048467e-05,0.2342342342342342,2.9821032664932944e-05,0.164319248826291,0.2658527408856616,0.1501808125930653,0.4485160108254921,0.5579999999999999,0.416,0.027,0.0890399575465646,0.1907894736842105,0.1000405256759103,0.5750726936293946,0.6473760548523206,0.4347267457495444,0,0,,,,
0f727c1018c74fbb7142e8c7a77840d6,2022-06-11,0.0288658302903214,0.6751582071313229,0.0,0.0,8.076077233201227e-05,0.1891891891891892,0.000218817665345,0.1408450704225352,0.2811110275029158,0.1508189746862369,0.4544319681041517,0.446,0.293,0.047,0.079786799780735,0.1513157894736842,0.1175013026110114,0.5518636003172086,0.6437499999999999,0.4518182089819823,1,1,,,,
107c06248d28377b345ae06e5bda10c1,2017-10-20,0.0,0.8337690394099421,0.0225109254828433,0.0456852791878172,2.2908717851899375e-05,0.4504504504504504,1.603976161574488e-05,0.3615023474178403,0.0670153128409646,0.0787066581578387,0.2457251241093,0.136,0.419,0.111,0.2476936354836076,0.3618421052631579,0.0,0.2693365054189797,0.5063291139240506,0.2234141094212209,1,1,,,,
107c06248d28377b345ae06e5bda10c1,2017-10-21,0.0369933837087385,0.7758084929952428,0.0233317942044802,0.0710659898477157,0.0001918689874393,0.4324324324324324,0.0003838922123924,0.3192488262910798,0.1331596373076489,0.1016804935120187,0.2983945627385011,0.337,0.314,0.099,0.2802495305629745,0.3223684210526316,0.0333468418919701,0.2679355009251916,0.4968354430379746,0.1970299100606568,1,1,,,,
107c06248d28377b345ae06e5bda10c1,2017-10-22,0.0295961531508731,0.7968314930388863,0.0307452648467634,0.0812182741116751,0.0001592830485774,0.3963963963963964,0.000311722882107,0.3145539906103285,0.1536494977237668,0.1084875558391831,0.273921079710589,0.3939999999999999,0.302,0.104,0.2586845849710173,0.2763157894736842,0.0444624558559601,0.244964314036479,0.50126582278481,0.1773687513072579,1,1,,,,
107c06248d28377b345ae06e5bda10c1,2017-11-03,0.0147655374380852,0.7811788067909048,0.0440447373453292,0.0862944162436548,9.965139953507124e-05,0.5045045045045045,0.000162259431327,0.2300469483568075,0.2352402272470747,0.1412465432886619,0.3102909915518581,0.664,0.271,0.065,0.2655030848718815,0.0789473684210526,0.0650958142766166,0.1158339941845096,0.4376054852320674,0.1021005766874832,0,1,,,,
107c06248d28377b345ae06e5bda10c1,2017-11-07,0.0041975487183195,0.812876969406014,0.0372655743515836,0.0676818950930626,4.7931134159571736e-05,0.4684684684684685,5.722362500647077e-05,0.2488262910798122,0.2185484781218255,0.1295469049138481,0.2728630459115703,0.688,0.27,0.0409999999999999,0.2028113737885025,0.0855263157894736,0.0420772303595206,0.1213851440655564,0.4294699367088607,0.0722801565721457,0,1,,,,
107c06248d28377b345ae06e5bda10c1,2017-11-12,0.0,0.836237070658578,0.0200459873045189,0.0524534686971235,3.155611274302083e-05,0.4684684684684685,2.211785237560034e-05,0.2629107981220657,0.2235881711125324,0.116358221654967,0.2420800686431684,0.627,0.326,0.047,0.1448067435649222,0.0657894736842105,0.0396920048630811,0.1096484271742003,0.4412183544303797,0.1141422894194281,0,0,,,,
107c06248d28377b345ae06e5bda10c1,2017-11-16,0.0002205430420477,0.8640400645921529,0.0171939348995135,0.05414551607445,2.871524698958536e-05,0.4144144144144144,2.166999305645309e-05,0.2629107981220657,0.2387166560066217,0.1059349074664964,0.2007812676406168,0.544,0.389,0.066,0.0931118134847972,0.0855263157894736,0.0428645863486366,0.1092783505154639,0.4484572784810126,0.1186243164908716,1,1,,,,
107c06248d28377b345ae06e5bda10c1,2017-11-20,0.0499620376730901,0.8113821847859293,0.0192810869048118,0.0592216582064297,0.0003555887391909,0.4234234234234234,0.0016550385219475,0.2347417840375587,0.2747225253019301,0.1095511593278025,0.2342415865345844,0.528,0.3339999999999999,0.138,0.1032965559067424,0.0921052631578947,0.0722514907659352,0.1310600052868094,0.4484572784810126,0.1395404428242746,0,0,,,,
107c06248d28377b345ae06e5bda10c1,2017-11-25,0.1277956542174337,0.7569545672762187,0.0218159854855485,0.065989847715736,0.0007095806583026,0.3243243243243243,0.0101765921451579,0.2488262910798122,0.2834192407539787,0.1099766007232503,0.2452541700402246,0.631,0.183,0.115,0.0834854387049369,0.0986842105263157,0.0833671047299253,0.1185302669838752,0.4755801687763712,0.1635939881076882,0,0,,,,
107c06248d28377b345ae06e5bda10c1,2017-11-29,0.1357460501102715,0.7785994850085106,0.0173012075165456,0.0524534686971235,0.0007136213500972,0.2522522522522522,0.016717942186749,0.2629107981220657,0.3315474622822529,0.1044458625824292,0.2061682080197671,0.774,0.071,0.084,0.0553979426412101,0.0986842105263157,0.0960690094366931,0.1278086174993391,0.504509493670886,0.1693011025786596,0,0,,,,
107c06248d28377b345ae06e5bda10c1,2017-12-07,0.0578509707509309,0.8690175882686686,0.0052796783687099,0.0219966159052453,0.0002563372816696,0.1531531531531531,0.0232514802822161,0.3051643192488262,0.3020523721735204,0.0784939374601148,0.1420055546774448,0.929,0.0,0.0,0.0362268343033088,0.0921052631578947,0.1040004631505818,0.1234205656886069,0.5605748945147678,0.1214031732751665,0,0,,,,
107c06248d28377b345ae06e5bda10c1,2017-12-12,0.0515239162659532,0.8565290446471436,0.0136189583362483,0.0321489001692047,0.0002461245117715,0.2162162162162162,0.0237917905608159,0.295774647887324,0.2727359945821889,0.0810465858328015,0.1661113064459419,0.857,0.0,0.0,0.0578748789960462,0.1118421052631579,0.1016268164186881,0.1212529738302934,0.5470068565400844,0.1354767382794992,0,1,,,,
107c06248d28377b345ae06e5bda10c1,2017-12-20,0.108734950648975,0.7445751320211232,0.0161421968499162,0.0389170896785109,0.0004793761970574,0.2702702702702703,0.0242000975040921,0.2394366197183098,0.2393807140975958,0.0927462242076154,0.2805595966568712,0.929,0.0,0.0,0.0632631996361134,0.131578947368421,0.0889249117119203,0.1246629659000793,0.4710574894514768,0.305524845370066,0,0,,,,
107c06248d28377b345ae06e5bda10c1,2017-12-22,0.1132687371199248,0.7170034478243791,0.02933439673145,0.0558375634517766,0.000503684220628,0.2522522522522522,0.0236363513871204,0.2253521126760563,0.2382049738515369,0.1033822590938098,0.3172746597679421,1.0,0.0,0.0,0.0722043713042768,0.1381578947368421,0.0889249117119203,0.126883425852498,0.4602056962025316,0.3057937669943527,1,1,,,,
107c06248d28377b345ae06e5bda10c1,2017-12-29,0.1439712209407426,0.694924278793698,0.0850881734271735,0.1201353637901861,0.0008429284008163,0.2072072072072072,0.0233190366615143,0.2206572769953051,0.2292298431092215,0.1246543288661986,0.3225132173582057,1.0,0.0,0.0,0.0585134299809892,0.131578947368421,0.1040004631505818,0.1632038065027755,0.471967299578059,0.304598559775301,0,0,,,,
107c06248d28377b345ae06e5bda10c1,2018-01-01,0.1618062836689685,0.7147929123205169,0.1752951162975089,0.1675126903553299,0.0011062445232264,0.2072072072072072,0.0243676672673462,0.244131455399061,0.2266808382557658,0.131674111891087,0.2772371124709282,0.7859999999999999,0.0,0.0,0.0563790951820016,0.0789473684210526,0.1262316910785619,0.1368490615913296,0.5216904008438819,0.1479068933576359,0,0,,,,
107c06248d28377b345ae06e5bda10c1,2018-01-13,0.0796305000180773,0.756633788678916,0.2152075258736888,0.1844331641285956,0.000638351673521,0.5045045045045045,0.0046605712288225,0.2629107981220657,0.1339121110651266,0.1161455009572431,0.2887012957688325,0.401,0.313,0.143,0.1150076976009143,0.1118421052631579,0.0674810397730562,0.162040708432461,0.4764899789029536,0.1712731944900947,1,1,,,,
107c06248d28377b345ae06e5bda10c1,2018-01-19,0.0002856213167504,0.8308645746955876,0.1290629503700905,0.1489001692047377,3.1230852776093424e-05,0.4684684684684685,2.5451205308110547e-05,0.3474178403755869,0.0929587268144023,0.0853009997872793,0.2497604908244599,0.433,0.4,0.089,0.134136527448945,0.3486842105263158,0.0478781913969779,0.1722178165477134,0.5443037974683543,0.455911793707234,1,1,,,,
107c06248d28377b345ae06e5bda10c1,2018-01-24,0.0019342709425503,0.8349190415921093,0.0981521125709515,0.1489001692047377,3.53560532025625e-05,0.4594594594594594,4.51762093214099e-05,0.3427230046948357,0.0906260581662214,0.0963624760689215,0.2422994171136966,0.475,0.354,0.094,0.1255889831002671,0.3552631578947369,0.0615527123255948,0.1705524715833994,0.5511075949367088,0.4403143394986106,1,1,,,,
107c06248d28377b345ae06e5bda10c1,2018-02-01,0.0017968834737336,0.8423907825252039,0.1165307102846455,0.1319796954314721,3.997454820122965e-05,0.5135135135135136,4.7063616452101855e-05,0.2347417840375587,0.1220361939877346,0.1138055732822803,0.2313836049921131,0.501,0.406,0.093,0.1119038732928237,0.0657894736842105,0.0905112024546981,0.0919111816019032,0.4683544303797468,0.067678608778797,1,1,,,,
107c06248d28377b345ae06e5bda10c1,2018-02-10,0.0,0.7984092000174572,0.1949959656167942,0.1590524534686971,3.405010004230109e-05,0.5045045045045045,2.8592618532414787e-05,0.2112676056338028,0.1230407464539674,0.1227398425866836,0.2979978000638691,0.4589999999999999,0.421,0.119,0.1275644090924995,0.0526315789473684,0.1190875933537891,0.0896642876024319,0.4773866033755274,0.0807063674664595,0,1,,,,
107c06248d28377b345ae06e5bda10c1,2018-02-17,0.0,0.7831318465499936,0.1579775846870671,0.1624365482233502,3.449524434749177e-05,0.4864864864864865,2.726183655552012e-05,0.2347417840375587,0.1410455622860152,0.1284833014252286,0.3205777896770739,0.534,0.386,0.08,0.1337195740660827,0.0526315789473684,0.1071846234006831,0.1087496695744118,0.4873417721518987,0.0885648549317238,0,0,,,,
107c06248d28377b345ae06e5bda10c1,2018-02-19,0.0,0.7767555536158514,0.1488850643868903,0.1539763113367174,3.541796068871485e-05,0.4864864864864865,2.6622037528166915e-05,0.2253521126760563,0.1497385153692765,0.1235907253775792,0.3300033224841859,0.57,0.346,0.084,0.1379415915373042,0.0657894736842105,0.1119434956290164,0.1168649220195612,0.483715717299578,0.0826784593778946,0,1,,,,
107c06248d28377b345ae06e5bda10c1,2018-03-01,0.0,0.7990965827259633,0.1419589845480791,0.1522842639593908,3.4452007373036163e-05,0.4684684684684685,2.5265663590178117e-05,0.2582159624413145,0.1476804996425749,0.112529249095937,0.296978474818473,0.602,0.29,0.107,0.1235960625605019,0.0921052631578947,0.080182944479824,0.12548242135871,0.4846255274261603,0.1102578659575103,1,1,,,,
107c06248d28377b345ae06e5bda10c1,2018-03-07,0.0,0.7811264347750184,0.1978060417803523,0.1878172588832487,3.437241203369743e-05,0.5315315315315315,2.6839569197467004e-05,0.2535211267605634,0.131509838594379,0.1080621144437353,0.3235422197420075,0.5479999999999999,0.3339999999999999,0.1169999999999999,0.1264986995719667,0.0855263157894736,0.0936837839402535,0.1338355802273328,0.4963739451476793,0.1227179012161233,0,0,,,,
107c06248d28377b345ae06e5bda10c1,2018-03-15,0.0806464441953794,0.7849255880940951,0.1922068775739598,0.1725888324873096,0.0004773253887462,0.4144144144144144,0.0139858084002426,0.2769953051643192,0.1509744535159336,0.1172091044458625,0.2459735039950452,0.285,0.166,0.05,0.0923974527938792,0.0921052631578947,0.1143287211254559,0.1222310335712397,0.541587552742616,0.1023694983117698,0,0,,,,
107c06248d28377b345ae06e5bda10c1,2018-03-20,0.0991648288079829,0.7424147863658184,0.222079969403984,0.2064297800338409,0.00653921013225,0.3513513513513513,0.0926098407450009,0.2582159624413145,0.1612965122841341,0.127845139332057,0.2922947398301339,0.123,0.0139999999999999,0.006,0.1092228338834396,0.1447368421052631,0.1111561396399004,0.1369812318265926,0.5171677215189874,0.1917411181163534,1,1,,,,
107c06248d28377b345ae06e5bda10c1,2018-03-27,0.0885209154343974,0.7319840265351546,0.28707318324495,0.2148900169204737,0.0064842146660595,0.3783783783783784,0.0884840263392207,0.2206572769953051,0.1800030098950299,0.1427355881727292,0.3172069197991026,0.133,0.08,0.073,0.1071890927327649,0.1381578947368421,0.1254443350894459,0.1631509384086703,0.4927610759493671,0.2926166074043087,1,1,,,,
107c06248d28377b345ae06e5bda10c1,2018-03-30,0.0824107885317618,0.7252454938244666,0.2754317722835541,0.2368866328257191,0.0064507669356841,0.4414414414414415,0.0835747076465536,0.2206572769953051,0.1825934008051469,0.1384811742182514,0.3326193755665158,0.254,0.159,0.087,0.1251997294176648,0.125,0.1063856886470213,0.1348665080623843,0.4710574894514768,0.2695491080766128,0,0,,,,
107c06248d28377b345ae06e5bda10c1,2018-04-05,0.0700567627173795,0.7658032557936542,0.2315316197698769,0.2351945854483925,0.0004235277832799,0.5315315315315315,0.0033036726556312,0.2300469483568075,0.1495955453553557,0.1374175707296319,0.283688538074701,0.48,0.342,0.107,0.1145688760336361,0.1118421052631579,0.0944827186939153,0.1013745704467354,0.471967299578059,0.2259539247617056,0,0,,,,
107c06248d28377b345ae06e5bda10c1,2018-04-12,0.0083155573231136,0.8100117837035745,0.1668065874714911,0.1692047377326565,5.7749857995036e-05,0.5675675675675675,2.818954514518227e-05,0.2488262910798122,0.1360961661462056,0.1318868325888109,0.2734243199390985,0.52,0.4,0.079,0.1245495154010333,0.0789473684210526,0.0992415909222486,0.0781919111816019,0.4936708860759493,0.1089431380165536,1,1,,,,
107c06248d28377b345ae06e5bda10c1,2018-04-18,0.0066849849958422,0.7982324444638416,0.0996912414240206,0.0964467005076142,4.837627846476242e-05,0.5945945945945946,2.8445464756123556e-05,0.2394366197183098,0.1417773430151623,0.1372048500319081,0.292291514117332,0.435,0.385,0.18,0.129517966900316,0.0460526315789473,0.0936837839402535,0.0933386201427438,0.4810126582278481,0.1039830280574894,0,0,,,,
107c06248d28377b345ae06e5bda10c1,2018-04-27,0.0054701905347264,0.7921485619517304,0.0,0.0,5.858904836287893e-05,0.5495495495495495,0.0001042680474877,0.2394366197183098,0.1430001128710636,0.1335885981706019,0.3023686409104252,0.493,0.306,0.201,0.1205243115895545,0.1118421052631579,0.084953395472703,0.1324081416864922,0.4710574894514768,0.1251083156542265,1,1,,,,
107c06248d28377b345ae06e5bda10c1,2018-05-03,0.0054701905347264,0.7986383275869593,0.0,0.0,6.233199462882002e-05,0.5495495495495495,0.0001033723288494,0.2582159624413145,0.1488336656759095,0.1284833014252286,0.292775371037615,0.5760000000000001,0.313,0.111,0.1250349890950653,0.1118421052631579,0.0754240722514907,0.1247422680412371,0.4782964135021096,0.1046403920279678,0,0,,,,
107c06248d28377b345ae06e5bda10c1,2018-05-08,0.0067283705123106,0.7936542574084581,0.0,0.0,7.007043039786337e-05,0.5405405405405406,0.0001006147950415,0.2723004694835681,0.145255652959103,0.1197617528185492,0.2990203510220671,0.607,0.312,0.08,0.1337472737663428,0.1118421052631579,0.0547791350662884,0.1330425588157547,0.4692510548523206,0.1047897929303493,0,1,,,,
107c06248d28377b345ae06e5bda10c1,2018-05-14,0.0067283705123106,0.8090712695849518,0.0,0.0,6.527112623329097e-05,0.5225225225225225,9.820915069871716e-05,0.2676056338028169,0.1630290831107265,0.1169963837481386,0.2762306900767396,0.6409999999999999,0.262,0.096,0.1192559568934348,0.0526315789473684,0.0516065535807329,0.0882104150145387,0.4611155063291138,0.057071144709714,1,1,,,,
107c06248d28377b345ae06e5bda10c1,2018-05-21,0.0,0.7881246453978092,0.0,0.0,3.388108277852008e-05,0.4864864864864865,2.6046218403549028e-05,0.2629107981220657,0.1855637909627902,0.118272707934482,0.3131973587863578,0.614,0.2789999999999999,0.107,0.1216876990004781,0.0592105263157894,0.0643084582875007,0.0848004229447528,0.4692510548523206,0.0524994770968416,1,1,,,,
107c06248d28377b345ae06e5bda10c1,2018-06-01,0.0012328717596442,0.7885436215248985,0.0,0.0,3.2830620830950894e-05,0.4594594594594594,2.6494077722696278e-05,0.2159624413145539,0.1933349636931411,0.1401829398000425,0.3114780538629523,0.473,0.3779999999999999,0.149,0.114182538108956,0.0394736842105263,0.0952700746830313,0.0957705524715834,0.453876582278481,0.0998595631517614,0,0,,,,
107c06248d28377b345ae06e5bda10c1,2018-06-03,0.0739686901189486,0.7344367826124908,0.0,0.0,0.0004889178111929,0.4774774774774775,0.003881219237623,0.2159624413145539,0.18603220587682,0.1478408849181025,0.3265679383501769,0.45,0.358,0.121,0.1122523063645163,0.0526315789473684,0.0889249117119203,0.1243193232883954,0.4466508438818565,0.09415244868079,0,0,,,,
107c06248d28377b345ae06e5bda10c1,2018-06-13,0.1535919592176145,0.6247130449962904,0.0,0.0,0.0008565077587709,0.3423423423423423,0.0191697096414789,0.2629107981220657,0.2217295609315625,0.1176345458413103,0.4177201307058827,0.731,0.044,0.01,0.1311697437631938,0.0789473684210526,0.073837781508713,0.1299497753106,0.4791930379746835,0.1895897451220605,0,0,,,,
107c06248d28377b345ae06e5bda10c1,2018-06-23,0.0965110813839979,0.7416248417928686,0.0,0.0,0.0004136962848838,0.2252252252252252,0.0213683853969685,0.2535211267605634,0.2209620376989352,0.1042331418847053,0.2958268953481995,0.7859999999999999,0.0,0.0,0.0796803746165778,0.0986842105263157,0.0881259769582585,0.1043880518107322,0.4864319620253164,0.2162129859264349,0,0,,,,
107c06248d28377b345ae06e5bda10c1,2018-06-27,0.1390288875230485,0.733219133243137,0.0,0.0,0.0006062904743037,0.2522522522522522,0.0233024914586669,0.2300469483568075,0.213136310621167,0.1312486704956392,0.2703179585108819,0.929,0.0,0.0,0.0835408381054571,0.0986842105263157,0.0762114282406067,0.1169970922548242,0.4475474683544304,0.2308841545402934,0,0,,,,
107c06248d28377b345ae06e5bda10c1,2018-07-04,0.1835966593152319,0.6655152097062802,0.0,0.0,0.0008255589289872,0.3243243243243243,0.0232584604896045,0.2206572769953051,0.2016893035855374,0.1350776430546692,0.3306323364805538,0.929,0.0,0.0,0.0983980825975904,0.0723684210526315,0.0531928443235106,0.1042558815754692,0.4131988396624472,0.2092807840559357,0,0,,,,
107c06248d28377b345ae06e5bda10c1,2018-07-07,0.1639900213312122,0.6809104002094879,0.0,0.0,0.000774672940687,0.3063063063063063,0.0231829514083963,0.2159624413145539,0.2157774935099138,0.1359285258455647,0.3253744246134789,0.857,0.0,0.0,0.0962550005248364,0.0657894736842105,0.0547791350662884,0.1381443298969072,0.4095727848101265,0.1879762153763409,0,0,,,,
107c06248d28377b345ae06e5bda10c1,2018-07-14,0.0689432011280234,0.7313839305197921,0.0,0.0,0.0004237862224681,0.3063063063063063,0.0229362129134975,0.2159624413145539,0.227418262538094,0.1291214635184003,0.3355612256418362,0.5710000000000001,0.0,0.0,0.0994725393918895,0.0592105263157894,0.0492213280842934,0.1475548506476341,0.4032436708860759,0.1517016762781247,0,1,,,,
107c06248d28377b345ae06e5bda10c1,2018-07-19,0.0540764308181785,0.7305088814210274,0.0,0.0,0.0003801984389243,0.2882882882882883,0.0229552085466196,0.2018779342723004,0.2207457014936604,0.1435864709636247,0.3501188675167495,0.429,0.0,0.0,0.1061846141285965,0.0592105263157894,0.0523939095698489,0.1361089082738567,0.3887790084388185,0.1204470074999253,0,1,,,,
107c06248d28377b345ae06e5bda10c1,2018-07-23,0.0551646841895947,0.6727730982411732,0.0,0.0,0.0003890325389324,0.2792792792792793,0.0229398085840312,0.2112676056338028,0.2018379171526393,0.1474154435226547,0.434493837275692,0.357,0.0,0.0,0.1253455173137705,0.0723684210526315,0.0428645863486366,0.1062913031985197,0.3914952531645569,0.1128873218394239,0,0,,,,
107c06248d28377b345ae06e5bda10c1,2018-07-28,0.0587620665967677,0.6650198577226901,0.0,0.0,0.0003919520173666,0.2972972972972973,0.0229600902131983,0.2018779342723004,0.1913220963918883,0.1533716230589236,0.4427452106229174,0.357,0.0,0.0,0.1309350252504635,0.0789473684210526,0.068279974526718,0.105868358445678,0.4068697257383966,0.1581557952610034,0,0,,,,
107c06248d28377b345ae06e5bda10c1,2018-07-30,0.0773744531617195,0.6525204032645222,0.0,0.0,0.0004719846397425,0.3063063063063063,0.0229513185685333,0.2018779342723004,0.191754768802438,0.1529461816634758,0.4446128983352096,0.357,0.0,0.0,0.1315939865408614,0.0986842105263157,0.0714525560122734,0.094792492730637,0.4122890295358649,0.1736934891086742,0,1,,,,
107c06248d28377b345ae06e5bda10c1,2018-08-05,0.0755414150909288,0.6932963819665692,0.0,0.0,0.0004408854632068,0.3333333333333333,0.0229767377838901,0.2065727699530516,0.1873527973211934,0.1508189746862369,0.3859758910225186,0.357,0.0,0.0,0.1162979204814499,0.1052631578947368,0.0611358768019452,0.1485064763415279,0.4059599156118143,0.1742910927182,0,1,,,,
107c06248d28377b345ae06e5bda10c1,2018-08-14,0.0528471745182399,0.6463819665691967,0.0,0.0,0.000349230938629,0.3783783783783784,0.0230365397989768,0.2159624413145539,0.1896120997780202,0.1576260370134014,0.4755700640949133,0.143,0.0,0.0,0.1580224163469052,0.0723684210526315,0.0404909396167428,0.1299497753106,0.3951081223628692,0.1142916903218095,0,0,,,,
107c06248d28377b345ae06e5bda10c1,2018-08-21,0.0607505694349036,0.60840789071706,0.0,0.0,0.0003919441560985,0.3963963963963964,0.0231036547169461,0.2065727699530516,0.1847417133827457,0.1572005956179536,0.5246557358012186,0.214,0.0,0.0,0.1712395470078492,0.0855263157894736,0.0563654258090661,0.0433782712133227,0.3987341772151898,0.117638270535154,0,0,,,,
107c06248d28377b345ae06e5bda10c1,2018-08-29,0.0699302216276799,0.6106227905555797,0.0,0.0,0.0004702040625217,0.4414414414414415,0.0231519403495405,0.2112676056338028,0.2222506490086158,0.1759200170176558,0.5131915525033144,0.286,0.0,0.0,0.1632124654482686,0.0986842105263157,0.068279974526718,0.0835315886862278,0.4195279535864978,0.1551677772133743,0,0,,,,
107c06248d28377b345ae06e5bda10c1,2018-09-06,0.098145269170975,0.6971544538035177,0.0,0.0,0.0004970080387086,0.3243243243243243,0.0232882495323181,0.1971830985915493,0.2508013845517137,0.1395447777068708,0.3601056743513898,0.5710000000000001,0.0,0.0,0.1032017937742736,0.1381578947368421,0.0944827186939153,0.1955590800951626,0.434889240506329,0.2038724713897272,0,0,,,,
107c06248d28377b345ae06e5bda10c1,2018-09-15,0.0985718934162478,0.7712193951032164,0.0,0.0,0.000566509509829,0.3243243243243243,0.0117916304319153,0.1971830985915493,0.201254749990594,0.1223144011912359,0.250241122031941,0.682,0.098,0.22,0.0753286059178222,0.1184210526315789,0.1246454003357841,0.2187417393602961,0.4674446202531644,0.1527176024143186,0,0,,,,
107c06248d28377b345ae06e5bda10c1,2018-09-21,0.0473010593296937,0.7944071051368219,0.0,0.0,0.0003690177503935,0.5045045045045045,0.001700777754413,0.2159624413145539,0.1548647428420933,0.1344394809614975,0.2617085310426471,0.502,0.263,0.235,0.1055562682963809,0.0789473684210526,0.1040004631505818,0.1725350251123447,0.4638317510548522,0.0985149550303284,1,1,,,,
107c06248d28377b345ae06e5bda10c1,2018-09-23,0.0002386203405763,0.8352834635359839,0.0,0.0,3.726732400520241e-05,0.5315315315315315,3.7089149615665374e-05,0.2206572769953051,0.1593005756424244,0.1367794086364603,0.2432735823798663,0.528,0.302,0.17,0.1072998915338052,0.0789473684210526,0.1024141724078041,0.1755749405233941,0.4692510548523206,0.104251949681776,1,1,,,,
107c06248d28377b345ae06e5bda10c1,2018-09-29,0.0057738891500054,0.81675468074892,0.0,0.0,6.357112701037732e-05,0.6216216216216217,7.030751511584385e-05,0.2065727699530516,0.1800387523985101,0.1535843437566475,0.2657213177681938,0.5670000000000001,0.356,0.077,0.1196758260342193,0.0789473684210526,0.1079719793897991,0.1241078509119746,0.4593090717299578,0.0680670511249888,0,0,,,,
107c06248d28377b345ae06e5bda10c1,2018-10-04,0.0098593586174482,0.80548160432942,0.0,0.0,9.521960965337148e-05,0.6216216216216217,7.030751511584385e-05,0.2018779342723004,0.1984969336694383,0.1635822165496702,0.2787435203494092,0.546,0.352,0.102,0.1264666262348234,0.0789473684210526,0.096856365425809,0.1391223896378535,0.4430379746835443,0.0945110108465055,0,1,,,,
107c06248d28377b345ae06e5bda10c1,2018-10-10,0.0200151849307639,0.7938048269541307,0.0,0.0,0.0001421621893515,0.5855855855855856,9.705111445920786e-05,0.2112676056338028,0.1965706008502953,0.1782599446926185,0.2869432822918044,0.523,0.379,0.098,0.140284403027723,0.0526315789473684,0.0698662652694957,0.0860163891091726,0.4195279535864978,0.0765530223802551,1,1,,,,
107c06248d28377b345ae06e5bda10c1,2018-10-20,0.0277703459994938,0.7786584035263825,0.0,0.0,0.0001584507368191,0.6216216216216217,9.449191834979504e-05,0.2159624413145539,0.1645810602355242,0.1916613486492235,0.3024138008896516,0.445,0.46,0.095,0.1386705310178327,0.0723684210526315,0.0706536212586117,0.0902722706846418,0.4267536919831223,0.0746406908297726,1,1,,,,
107c06248d28377b345ae06e5bda10c1,2018-10-25,0.02316425033443,0.7927617509710646,0.0,0.0,0.0001431192987406,0.6666666666666667,9.446632638870092e-05,0.2347417840375587,0.1539467248579706,0.1871942139970219,0.2856755771606631,0.467,0.444,0.089,0.1333128258359477,0.0723684210526315,0.0627221675447229,0.1057626222574676,0.4385152953586497,0.0936444856126931,0,0,,,,
107c06248d28377b345ae06e5bda10c1,2018-11-01,0.0115803174373621,0.7652315279535635,0.0,0.0,0.0001073623208658,0.6936936936936937,6.817698435475765e-05,0.2347417840375587,0.1586534482109936,0.1961284833014252,0.3367063536865058,0.4589999999999999,0.415,0.125,0.1799897365321141,0.0592105263157894,0.0650958142766166,0.0972508591065292,0.4430379746835443,0.0900588639555382,1,1,,,,
107c06248d28377b345ae06e5bda10c1,2018-11-04,0.003731154416284,0.7717911229433074,0.0,0.0,5.87393951149632e-05,0.7027027027027027,7.195819660641511e-05,0.2253521126760563,0.1503179201625343,0.2014465007445224,0.3340128834969307,0.476,0.395,0.129,0.1720530434681191,0.0592105263157894,0.068279974526718,0.0904044409199048,0.4357990506329113,0.0691726178026115,0,0,,,,
107c06248d28377b345ae06e5bda10c1,2018-11-10,0.0038830037239234,0.7803408545367257,0.0,0.0,5.558800927225564e-05,0.6396396396396397,7.195819660641511e-05,0.2018779342723004,0.1578276082621618,0.2465432886619868,0.3212358350886587,0.4039999999999999,0.442,0.153,0.1749775486639997,0.0592105263157894,0.0762114282406067,0.0566217287866772,0.4204245780590717,0.1012041712731944,0,1,,,,
107c06248d28377b345ae06e5bda10c1,2018-11-11,0.0040493148703857,0.7659058176580978,0.0,0.0,5.78933261375478e-05,0.6756756756756757,7.195179861614158e-05,0.1971830985915493,0.1643440310019188,0.2544139544777706,0.3424287681970523,0.4029999999999999,0.431,0.166,0.1756321363175143,0.0657894736842105,0.0817692352226017,0.0776632302405498,0.4195279535864978,0.0998595631517614,0,0,,,,
107c06248d28377b345ae06e5bda10c1,2018-11-18,0.001247333598467,0.7909090909090909,0.0,0.0,4.334113625770488e-05,0.5765765765765766,3.721071143086248e-05,0.1737089201877934,0.1533503894051694,0.2448415230801957,0.3079684783344999,0.3989999999999999,0.407,0.1939999999999999,0.1350141705835014,0.0657894736842105,0.0785966537370462,0.0906952154374834,0.3905854430379746,0.0873098873517196,0,0,,,,
107c06248d28377b345ae06e5bda10c1,2018-11-24,0.0958060667413861,0.7087330336490201,0.0,0.0,0.0005050363587382,0.4414414414414415,0.008546691326995,0.1830985915492957,0.1763610369088378,0.246117847266539,0.3450770784074011,0.248,0.216,0.25,0.1187704831994028,0.0921052631578947,0.0730388467550512,0.1104943166798837,0.3969145569620253,0.0967221442017509,0,0,,,,
107c06248d28377b345ae06e5bda10c1,2018-11-29,0.1931270110994613,0.6266049840701786,0.0,0.0,0.0009995887338296,0.4144144144144144,0.0168666442766864,0.2159624413145539,0.1916945709018398,0.2356945330780684,0.3796502682180194,0.1009999999999999,0.071,0.185,0.1257872546389708,0.0789473684210526,0.0516065535807329,0.0922812582606397,0.4059599156118143,0.088385573848866,0,0,,,,
107c06248d28377b345ae06e5bda10c1,2018-12-01,0.1931270110994613,0.614243006153712,0.0,0.0,0.001001526536412,0.4144144144144144,0.0168664395409976,0.2159624413145539,0.1978629745287633,0.2293129121463518,0.3979239312407059,0.0409999999999999,0.066,0.251,0.1289100313735552,0.0855263157894736,0.0563654258090661,0.1043880518107322,0.4104825949367088,0.0858457585083813,1,1,,,,
107c06248d28377b345ae06e5bda10c1,2018-12-02,0.2384721067283705,0.5513114825644829,0.0,0.0,0.0012791206869776,0.4144144144144144,0.0185193283382133,0.2112676056338028,0.181718650062079,0.2210168049351202,0.4504933727730485,0.0,0.052,0.233,0.1262625231802754,0.0921052631578947,0.0523939095698489,0.107401533174729,0.4005406118143459,0.1257656796247049,0,0,,,,
107c06248d28377b345ae06e5bda10c1,2018-12-14,0.2171192017064969,0.5152315279535635,0.0,0.0,0.001101691866348,0.3873873873873873,0.3776746070567107,0.2206572769953051,0.112269084615674,0.1586896405020208,0.5228783680473793,0.071,0.027,0.045,0.1456960497311671,0.0986842105263157,0.0007873559891159,0.3480042294475284,0.4339926160337552,0.3715301640421908,0,0,,,,
107c06248d28377b345ae06e5bda10c1,2018-12-18,0.1757258035359195,0.5316719766071663,0.0,0.0,0.0007896781361401,0.4054054054054054,0.5293072004690802,0.2112676056338028,0.1599646337333985,0.1942139970219102,0.5355070336667646,0.357,0.0,0.0,0.1680949020888489,0.0855263157894736,0.9972210965090024,0.3437483478720592,0.4213343881856539,0.3897570741327278,0,0,,,,
107c06248d28377b345ae06e5bda10c1,2018-12-29,0.1329187606204128,0.4990311177061057,0.0,0.0,0.0011623946131666,0.4324324324324324,0.7468633612759373,0.2394366197183098,0.3054911772451935,0.2444160816847479,0.6219464596189143,0.7859999999999999,0.0,0.0,0.1803396274827678,0.0986842105263157,0.005557806981995,0.1362146444620671,0.3779272151898734,0.1889622613320584,0,0,,,,
107c06248d28377b345ae06e5bda10c1,2019-01-03,0.0808850645359557,0.5624732684502246,0.0,0.0,0.0009023202811821,0.4414414414414415,0.7466124576893706,0.2629107981220657,0.3069980059445427,0.232716443309934,0.574592995687222,0.5,0.0,0.0,0.1650289826337458,0.0789473684210526,0.0063451629711109,0.0845360824742268,0.4059599156118143,0.126184002151373,0,0,,,,
107c06248d28377b345ae06e5bda10c1,2019-01-10,0.0368704580787447,0.6683782132413915,0.0,0.0,0.0017633885580996,0.3693693693693693,0.5932618183468398,0.2723004694835681,0.2610068098875052,0.2020846628376941,0.4573125296362363,0.643,0.0,0.0,0.1367417571523541,0.0723684210526315,0.9694320615990274,0.1251123446999735,0.3715981012658228,0.1681656557205605,0,0,,,,
107c06248d28377b345ae06e5bda10c1,2019-01-14,0.0107234534871108,0.7183891240780341,0.0,0.0,0.0015279976252366,0.3423423423423423,0.488593333443848,0.2816901408450704,0.2359456713947101,0.1752818549244841,0.4067139986258463,0.7140000000000001,0.0,0.0,0.143883906182573,0.0657894736842105,0.9607016731314768,0.1338355802273328,0.3743143459915612,0.1481459348014462,0,0,,,,
107c06248d28377b345ae06e5bda10c1,2019-01-18,0.007013991829061,0.7349321345960809,0.0,0.0,0.001466911641599,0.3243243243243243,0.3839454116815952,0.2816901408450704,0.1915045712780766,0.1367794086364603,0.385569451209481,0.929,0.0,0.0,0.1524926814476155,0.0657894736842105,0.9487871244138252,0.1120803595030399,0.3589398734177215,0.118056593061822,0,0,,,,
107c06248d28377b345ae06e5bda10c1,2019-01-23,0.0281029682924183,0.7169816261510932,0.0,0.0,0.0004553855721856,0.3693693693693693,0.3767997074787663,0.2816901408450704,0.2168140261108394,0.1663475856200808,0.3932885819443951,0.929,0.0,0.0,0.1614775894846106,0.0723684210526315,0.96546054535981,0.1479249273063706,0.3779272151898734,0.1485941375085905,0,0,,,,
107c06248d28377b345ae06e5bda10c1,2019-01-27,0.0663834556563867,0.7051651900667741,0.0,0.0,0.0006521305111532,0.3423423423423423,0.3767945506986058,0.2676056338028169,0.2395443771398472,0.169751116783663,0.3765987439074349,0.929,0.0,0.0,0.1482619167026276,0.0592105263157894,0.9789613848202398,0.1401268834258525,0.3761207805907173,0.1511638330295515,1,1,,,,
107c06248d28377b345ae06e5bda10c1,2019-02-04,0.108322788242525,0.6918801553703139,0.0,0.0,0.0008904890727174,0.3423423423423423,0.3760292742860081,0.2488262910798122,0.2370311147898717,0.1910231865560518,0.3588186149434371,0.929,0.0,0.0,0.1287627855984884,0.0657894736842105,0.0047588722283332,0.1053661115516785,0.3851661392405063,0.0647802312725969,0,0,,,,
107c06248d28377b345ae06e5bda10c1,2019-03-30,0.0345312556491557,0.8130537249596299,0.0,0.0,0.000114548502552,0.4594594594594594,0.000252592655999,0.3943661971830986,0.072267579668159,0.0997660072325037,0.2455380327667906,0.519,0.162,0.176,0.110150044902672,0.3289473684210526,0.8971805708330922,0.0956383822363203,0.4231408227848101,0.4695371560044223,0,0,,,,
107c06248d28377b345ae06e5bda10c1,2019-04-06,0.0174952095158899,0.832941997992406,0.0,0.0,6.836256990686688e-05,0.5225225225225225,0.0001404806724359,0.3568075117370892,0.1028970239662891,0.1261433737502658,0.2313416707256886,0.524,0.2239999999999999,0.181,0.0970918230484832,0.2368421052631579,0.9273548312395068,0.1267776896642876,0.414095464135021,0.3368691546896943,0,1,,,,
107c06248d28377b345ae06e5bda10c1,2019-04-13,0.0150836978921869,0.8340876358399161,0.0,0.0,7.30921053172041e-05,0.6216216216216217,9.826673261117895e-05,0.3051643192488262,0.1262349975544602,0.1578387577111253,0.2317964962307545,0.535,0.264,0.201,0.0890312102727983,0.0592105263157894,0.964673189370694,0.0900607983082209,0.4014372362869198,0.0672005258911763,0,0,,,,
107c06248d28377b345ae06e5bda10c1,2019-04-18,0.0148559239307277,0.8280517610090342,0.0,0.0,7.39882898786476e-05,0.5945945945945946,9.76589235351934e-05,0.295774647887324,0.1260412355619098,0.1625186130610508,0.2409220377472912,0.604,0.216,0.18,0.090427858317491,0.0855263157894736,0.9813466103166792,0.0799101242400211,0.4086761603375527,0.0953775360803179,1,1,,,,
107c06248d28377b345ae06e5bda10c1,2019-04-22,0.0191330127625727,0.8132675773578318,0.0,0.0,7.471545717631009e-05,0.5585585585585586,6.608484153531268e-05,0.295774647887324,0.1317224124308665,0.1657094235269091,0.2589602237354399,0.6559999999999999,0.166,0.179,0.0944661830396193,0.0986842105263157,0.988490708041452,0.0739624636531853,0.4195279535864978,0.1088534974751247,1,1,,,,
107c06248d28377b345ae06e5bda10c1,2019-05-02,0.0800968943201128,0.7595862610744992,0.0,0.0,0.0003560839990802,0.5315315315315315,0.0024182419856966,0.2769953051643192,0.1216449076338462,0.1629440544564986,0.2839240151092387,0.629,0.146,0.153,0.1103089537094272,0.0921052631578947,0.0031725814855554,0.0751519957705524,0.4186181434599155,0.0876983296979113,0,0,,,,
107c06248d28377b345ae06e5bda10c1,2019-05-08,0.1056075780035431,0.7409811024309343,0.0,0.0,0.0004960872876844,0.5315315315315315,0.0025639050302541,0.2863849765258215,0.1411095225554008,0.1695383960859391,0.2886625872152098,0.58,0.178,0.17,0.1154669294736473,0.0789473684210526,0.9956348057662248,0.0928363732487443,0.4168117088607594,0.0672304060716526,0,1,,,,
107c06248d28377b345ae06e5bda10c1,2019-05-18,0.0544705159261,0.7815999650853229,0.0,0.0,0.0002357879269011,0.5315315315315315,0.0001777297718084,0.2629107981220657,0.1618232439143685,0.1657094235269091,0.2742436509907776,0.555,0.203,0.242,0.1003647613160565,0.0789473684210526,0.016673420945985,0.1643669045730901,0.4177215189873417,0.0951086144560313,0,1,,,,
107c06248d28377b345ae06e5bda10c1,2019-05-19,0.0513973751762536,0.782276436957186,0.0,0.0,0.0002350135919949,0.5315315315315315,0.0001777425677889,0.2535211267605634,0.1557319688475864,0.1667730270155286,0.2759855359037963,0.506,0.1989999999999999,0.295,0.1000352806708575,0.0789473684210526,0.0301626816418688,0.1708696801480306,0.4213343881856539,0.0947799324707921,1,1,,,,
107c06248d28377b345ae06e5bda10c1,2019-05-28,0.039531436422141,0.7794941736132328,0.0,0.0,0.0001452202226357,0.5135135135135136,0.0001995277246703,0.2206572769953051,0.1800970691147146,0.1710274409700063,0.2906851091419926,0.513,0.1639999999999999,0.3229999999999999,0.1067983811712016,0.0789473684210526,0.0428645863486366,0.1105471847739889,0.4023470464135021,0.1306062688618639,1,1,,,,
107c06248d28377b345ae06e5bda10c1,2019-06-06,0.1209877435915976,0.6910400209488065,0.0,0.0,0.0010750293929865,0.4144144144144144,0.0052671710846463,0.2582159624413145,0.1975807968697091,0.1835779621357157,0.3487608424271553,0.49,0.124,0.173,0.1066525932750959,0.1052631578947368,0.0261911654026515,0.100396510705789,0.4213343881856539,0.1795798846625033,0,0,,,,
107c06248d28377b345ae06e5bda10c1,2019-06-10,0.1751400990635959,0.6357024396630733,0.0,0.0,0.0012896341503799,0.3963963963963964,0.0118565508392208,0.2582159624413145,0.2260656909590278,0.1814507551584769,0.3822501927363399,0.336,0.07,0.094,0.1195737745069453,0.0986842105263157,0.0301626816418688,0.1120274914089347,0.4249472573839662,0.171303074670571,0,0,,,,
107c06248d28377b345ae06e5bda10c1,2019-06-19,0.2199428757366499,0.6198904552001049,0.0,0.0,0.0014388547758113,0.3243243243243243,0.022821752867504,0.2347417840375587,0.26358591369126,0.1612422888747074,0.3656474489450306,0.071,0.0,0.0,0.1207736088918953,0.0526315789473684,0.0817692352226017,0.1048902987047317,0.4593090717299578,0.0777482295993067,0,0,,,,
107c06248d28377b345ae06e5bda10c1,2019-06-28,0.0874507393615098,0.7342032907083317,0.0,0.0,0.0004561402539215,0.4144144144144144,0.0082338296026193,0.2018779342723004,0.2606098799804356,0.1748564135290364,0.3148811808689425,0.532,0.1369999999999999,0.046,0.1108571161987847,0.0657894736842105,0.0785966537370462,0.0922283901665345,0.4186181434599155,0.1542414916186094,1,1,,,,
107c06248d28377b345ae06e5bda10c1,2019-07-06,0.0303987852055388,0.7766071662375071,0.0,0.0,0.0001347470482323,0.4234234234234234,0.0001360980490985,0.2206572769953051,0.239484179239249,0.1797489895766858,0.3031008777164534,0.7759999999999999,0.156,0.068,0.0942416696796165,0.1118421052631579,0.0476350373415156,0.0998678297647369,0.4059599156118143,0.1642214718976902,0,0,,,,
107c06248d28377b345ae06e5bda10c1,2019-07-10,0.0397845186015401,0.7696831493038886,0.0,0.0,0.0001550281372276,0.3963963963963964,0.0002012359880734,0.2394366197183098,0.2016046502878212,0.1642203786428419,0.3049621140031418,0.7509999999999999,0.172,0.077,0.086576142102378,0.1052631578947368,0.0444624558559601,0.0899550621200105,0.4204245780590717,0.1590223204948158,0,0,,,,
107c06248d28377b345ae06e5bda10c1,2019-07-14,0.0380201742651578,0.7782830707458649,0.0,0.0,0.0001439958301318,0.3513513513513513,0.0001746843284382,0.2300469483568075,0.2233191617442342,0.1503935332907892,0.293823727698228,0.726,0.2189999999999999,0.055,0.0815275072602372,0.131578947368421,0.0563654258090661,0.1140629130319852,0.4276635021097046,0.1735142080258165,1,1,,,,
107c06248d28377b345ae06e5bda10c1,2019-07-24,0.0085216385263386,0.8289202636058134,0.0,0.0,5.5763905145609135e-05,0.2792792792792793,6.900872309031682e-05,0.2347417840375587,0.2123255201474848,0.1233780046798553,0.2452864271682435,0.649,0.211,0.069,0.0787866948134498,0.1513157894736842,0.0650958142766166,0.1542955326460481,0.4421281645569619,0.1667015268772223,1,1,,,,
107c06248d28377b345ae06e5bda10c1,2019-08-01,0.0142666039986984,0.8173329550909965,0.0,0.0,7.896447257508387e-05,0.3243243243243243,9.641131543185466e-05,0.2488262910798122,0.1996877233906467,0.1527334609657519,0.2572893045040628,0.677,0.212,0.04,0.084176473332478,0.125,0.0444624558559601,0.1396510705789056,0.4330828059071729,0.1697493052858039,1,1,,,,
107c06248d28377b345ae06e5bda10c1,2019-08-04,0.0298926208467406,0.8105573255357222,0.0,0.0,0.0001573894656279,0.3243243243243243,9.93543909576794e-05,0.2253521126760563,0.228667368975507,0.1693256753882152,0.2533668377369689,0.76,0.206,0.034,0.0800069395038546,0.0657894736842105,0.0460487465987379,0.1009780597409463,0.4095727848101265,0.1303672274180536,0,1,,,,
107c06248d28377b345ae06e5bda10c1,2019-08-17,0.0103510611374236,0.8513180290664688,0.0,0.0,5.355685413135245e-05,0.3243243243243243,0.0001373136672505,0.2535211267605634,0.2235373791339027,0.1535843437566475,0.2105487260047288,0.809,0.152,0.039,0.0634658448117003,0.1052631578947368,0.0516065535807329,0.1204070843246101,0.4466508438818565,0.1708847521439029,0,0,,,,
107c06248d28377b345ae06e5bda10c1,2019-08-24,0.0,0.858115480295029,0.0,0.0,2.3133746650770603e-05,0.3243243243243243,4.083837191595515e-05,0.2159624413145539,0.2484517852439896,0.1552861093384386,0.2097358463786535,0.669,0.295,0.036,0.0750297407308055,0.0855263157894736,0.073837781508713,0.096193497224425,0.4294699367088607,0.1576478321929064,1,1,,,,
107c06248d28377b345ae06e5bda10c1,2019-08-25,0.0,0.8556845458909791,0.0,0.0,2.4199931134505464e-05,0.3423423423423423,4.085756588677575e-05,0.2112676056338028,0.2511437601113661,0.1576260370134014,0.2133292904399549,0.633,0.331,0.036,0.0781000338227919,0.0855263157894736,0.079395588490708,0.1045466560930478,0.4321861814345991,0.1592613619386261,1,1,,,,
107c06248d28377b345ae06e5bda10c1,2019-09-07,0.1383853356954336,0.720752411294898,0.0,0.0,0.0007028936671397,0.3243243243243243,0.0182731976523905,0.2065727699530516,0.243348131983897,0.1437991916613486,0.2893174069139928,0.217,0.064,0.005,0.0949064624858585,0.1052631578947368,0.0960690094366931,0.1524187153053132,0.4484572784810126,0.1835539486658499,0,0,,,,
107c06248d28377b345ae06e5bda10c1,2019-09-11,0.1210636682454174,0.7469427835726442,0.0,0.0,0.0004943617393403,0.2972972972972973,0.0231732264631805,0.244131455399061,0.217086797847925,0.1393320570091469,0.2660600176123919,0.0,0.0,0.0,0.0880500577320068,0.1118421052631579,0.0865396862154808,0.1143536875495638,0.4746835443037975,0.1277078913556638,1,1,,,,
107c06248d28377b345ae06e5bda10c1,2019-09-15,0.1493618713619436,0.7371557631039147,0.0,0.0,0.0007167452215016,0.3063063063063063,0.0215008685815625,0.2394366197183098,0.2462376312126114,0.1512444160816847,0.2552796854284875,0.076,0.018,0.049,0.0918070118146511,0.1184210526315789,0.0952700746830313,0.1392281258260639,0.4828190928270042,0.1272895688289957,0,1,,,,
107c06248d28377b345ae06e5bda10c1,2019-09-28,0.0382371018474999,0.778627853183782,0.0,0.0,0.0002798464038713,0.5495495495495495,0.000743062590368,0.2488262910798122,0.1104236427254599,0.1695383960859391,0.2931237480202188,0.358,0.3779999999999999,0.264,0.1355754539835084,0.1052631578947368,0.0023736467318937,0.096457837694951,0.3824498945147679,0.1297098634475752,0,1,,,,
107c06248d28377b345ae06e5bda10c1,2019-10-05,0.0413753208720488,0.7715074411905907,0.0,0.0,0.0002915754158509,0.5315315315315315,0.00074287704865,0.2347417840375587,0.1262105421573422,0.1742182514358647,0.3008461044679348,0.429,0.367,0.204,0.1360201070666309,0.0986842105263157,0.0063451629711109,0.0928363732487443,0.3743143459915612,0.1130367227418053,1,1,,,,
107c06248d28377b345ae06e5bda10c1,2019-10-10,0.0240102679055641,0.8018613887312881,0.0,0.0,0.0001951893905457,0.5135135135135136,0.0004476417874779,0.2253521126760563,0.1334700327326084,0.1799617102744097,0.2714663122683535,0.514,0.331,0.155,0.1243570753781738,0.0460526315789473,0.02223122792798,0.0698123182659265,0.384256329113924,0.0655869961454567,1,1,,,,
107c06248d28377b345ae06e5bda10c1,2019-10-14,0.0129433457464116,0.8219307816523371,0.0,0.0,8.36674762056415e-05,0.4774774774774775,7.404394143558656e-05,0.2535211267605634,0.1379717069867188,0.173580089342693,0.2516765642287804,0.545,0.3289999999999999,0.127,0.1163372832133984,0.0657894736842105,0.011902969953106,0.077583928099392,0.3987341772151898,0.1125287596737084,1,1,,,,
107c06248d28377b345ae06e5bda10c1,2019-10-22,0.0024187425431143,0.8469667874132589,0.0,0.0,4.171483642306784e-05,0.4504504504504504,4.071681010075805e-05,0.2535211267605634,0.1178261033146469,0.1289087428206764,0.224061236931831,0.563,0.308,0.0579999999999999,0.099331125132667,0.1052631578947368,0.0373067793666415,0.1066349458102035,0.4276635021097046,0.1619505781814922,1,1,,,,
107c06248d28377b345ae06e5bda10c1,2019-10-31,0.0091904985718934,0.8596844586042857,0.0,0.0,5.947442368070852e-05,0.4324324324324324,0.0001364883265052,0.244131455399061,0.1225648068023627,0.1135928525845564,0.1992167969317019,0.349,0.428,0.079,0.0849272809974224,0.0789473684210526,0.0492213280842934,0.0734866508062384,0.4312763713080168,0.129381181462336,0,1,,,,
107c06248d28377b345ae06e5bda10c1,2019-11-05,0.0095484290827578,0.8276720638938593,0.0,0.0,6.789973774848982e-05,0.4954954954954955,0.0001418882302961,0.2159624413145539,0.1150758117310658,0.127845139332057,0.2462218838807905,0.29,0.557,0.081,0.1118951260190573,0.0855263157894736,0.0444624558559601,0.0836108908273856,0.3978243670886076,0.0779573908626408,1,1,,,,
107c06248d28377b345ae06e5bda10c1,2019-11-09,0.021092591923063,0.8081874918168725,0.0,0.0,0.000106956482901,0.5135135135135136,0.0001752985355045,0.2159624413145539,0.1039429624891831,0.1225271218889598,0.264721346799609,0.405,0.439,0.084,0.1237476819724519,0.0855263157894736,0.0420772303595206,0.0890298704731694,0.3969145569620253,0.0618818537663967,1,1,,,,
107c06248d28377b345ae06e5bda10c1,2019-11-15,0.0213818286995191,0.8079409069087417,0.0,0.0,0.0001072905867945,0.5405405405405406,0.0001694571703847,0.2300469483568075,0.0839967643628428,0.1099766007232503,0.2648277953220713,0.5539999999999999,0.363,0.083,0.1299655357413605,0.0657894736842105,0.028576390899091,0.064842717420037,0.393301687763713,0.0680969313054651,1,1,,,,
107c06248d28377b345ae06e5bda10c1,2019-11-20,0.0374850862287139,0.8139309562257233,0.0,0.0,0.0002201951016587,0.5045045045045045,0.0005376295206751,0.244131455399061,0.1004514842544866,0.1161455009572431,0.2416058888612911,0.631,0.312,0.057,0.1103133273463103,0.0855263157894736,0.0317489723846465,0.0778218345228654,0.4113924050632911,0.094361609944124,1,1,,,,
107c06248d28377b345ae06e5bda10c1,2019-12-01,0.0792725695072128,0.7102321826037622,0.0,0.0,0.0004558326818078,0.2702702702702703,0.2043686104590724,0.2488262910798122,0.1464991158433349,0.0959370346734737,0.3576121983555316,0.352,0.136,0.012,0.1189425129168075,0.125,0.9749898685810224,0.3882368490615913,0.4367088607594936,0.4434218782681447,0,0,,,,
107c06248d28377b345ae06e5bda10c1,2019-12-08,0.0990310567988719,0.4788569807532841,0.0,0.0,0.0555824611823061,0.2792792792792793,0.5461228783552476,0.2347417840375587,0.1992926746679709,0.1274196979366092,0.6820060062772371,0.214,0.0,0.0,0.2169513418317957,0.1381578947368421,0.9352978637179412,0.3616706317737245,0.3734177215189873,0.4619774703439209,0,0,,,,
107c06248d28377b345ae06e5bda10c1,2019-12-25,0.0654940525687841,0.7726072535242002,0.0,0.0,0.000387528088753,0.2072072072072072,0.0194668003198304,0.3145539906103285,0.2000696038225666,0.1089129972346309,0.2777016151143999,0.833,0.083,0.083,0.1068785645140597,0.2302631578947368,0.9522375962484804,0.2623579169970922,0.40084388185654,0.2144201750978576,1,1,,,,
107c06248d28377b345ae06e5bda10c1,2019-12-29,0.1011677934849416,0.7725134203290708,0.0,0.0,0.0005452870339809,0.1981981981981982,0.0234691207173508,0.323943661971831,0.2302306332066669,0.1169963837481386,0.2460122125486679,0.889,0.0,0.0,0.0807402526212663,0.1776315789473684,0.0024662768482602,0.2224425059476606,0.4655327004219408,0.1096602623479845,1,1,,,,
107c06248d28377b345ae06e5bda10c1,2020-01-10,0.1397953649806572,0.7399489372845108,0.0,0.0,0.000868761510395,0.3783783783783784,0.0150411696918422,0.2816901408450704,0.2348489408931863,0.1425228674750053,0.2596892348286662,0.593,0.1369999999999999,0.128,0.1049016806428663,0.0526315789473684,0.0571643605627279,0.1348929421094369,0.4810126582278481,0.1259449607075627,0,1,,,,
107c06248d28377b345ae06e5bda10c1,2020-01-13,0.1748400159080227,0.6937895517828309,0.0,0.0,0.0010917955124902,0.4414414414414415,0.0150052001905244,0.2676056338028169,0.2444110011663343,0.1612422888747074,0.2966559035382843,0.4579999999999999,0.184,0.144,0.1204076812726699,0.0855263157894736,0.0595380072946216,0.1462595823420565,0.4683544303797468,0.145038396031912,0,1,,,,
107c06248d28377b345ae06e5bda10c1,2020-01-21,0.1247478216855273,0.7215139876925764,0.0,0.0,0.0007436907005141,0.5585585585585586,0.0067296045073995,0.2676056338028169,0.2071654313555814,0.173580089342693,0.3003590218348499,0.375,0.368,0.114,0.1331816167294526,0.0921052631578947,0.02223122792798,0.1209357652656621,0.4258570675105485,0.1081961335046463,0,0,,,,
107c06248d28377b345ae06e5bda10c1,2020-01-29,0.110358292056835,0.7573735434033081,0.0,0.0,0.0007032012392534,0.5315315315315315,0.0049606753605928,0.2535211267605634,0.1754148011588096,0.1561369921293341,0.2601924460257605,0.4589999999999999,0.353,0.1169999999999999,0.1148400415203928,0.0986842105263157,0.0206333584206565,0.1166270155960877,0.4113924050632911,0.1361639824304538,1,1,,,,
107c06248d28377b345ae06e5bda10c1,2020-02-03,0.1103329838388951,0.7433465718151269,0.0,0.0,0.0007023787540802,0.5135135135135136,0.0049604834208846,0.2582159624413145,0.1703431280334098,0.1652839821314614,0.2809499079058995,0.5720000000000001,0.258,0.098,0.118521185897062,0.1052631578947368,0.0246048746598737,0.1225218080888184,0.4186181434599155,0.1606059700600591,1,1,,,,
107c06248d28377b345ae06e5bda10c1,2020-02-15,0.0182725333526157,0.7912342338410511,0.0,0.0,0.000103159490417,0.4864864864864865,0.0001800074563458,0.2863849765258215,0.1498927724895594,0.1503935332907892,0.2923011912557377,0.401,0.441,0.158,0.1104212103894286,0.1052631578947368,0.0182597116887628,0.1017710811525244,0.4421281645569619,0.1289329787551917,0,1,,,,
107c06248d28377b345ae06e5bda10c1,2020-02-21,0.0882678332549983,0.7609413869855539,0.0,0.0,0.0004105989452591,0.4414414414414415,0.0018104137157402,0.2723004694835681,0.1494770307385529,0.1365666879387364,0.2746275108142021,0.296,0.401,0.16,0.1007452677248924,0.1118421052631579,0.0238175186707578,0.0948717948717948,0.4367088607594936,0.1599784862700571,1,1,,,,
107c06248d28377b345ae06e5bda10c1,2020-02-28,0.143638598647818,0.7331012962073933,0.0,0.0,0.0007225488026638,0.4414414414414415,0.0065443570970196,0.2723004694835681,0.1513356409195229,0.1414592639863858,0.2663793631797786,0.253,0.357,0.105,0.1168460829708074,0.131578947368421,0.0357204886238638,0.1033571239756806,0.4493670886075949,0.1826276630710849,0,1,,,,
107c06248d28377b345ae06e5bda10c1,2020-03-04,0.1400954481362305,0.7329005368131627,0.0,0.0,0.0007292564296555,0.4324324324324324,0.0065549969548445,0.2582159624413145,0.1489502991083185,0.1531589023611997,0.2698405530162027,0.1669999999999999,0.3979999999999999,0.221,0.1091280717509709,0.1052631578947368,0.0365194233775256,0.0726671953476077,0.4321861814345991,0.1720500791824782,0,1,,,,
107c06248d28377b345ae06e5bda10c1,2020-03-11,0.067591019198091,0.7794308907607035,0.0,0.0,0.0003190289293132,0.3873873873873873,0.0033117213273953,0.2535211267605634,0.1682794687535272,0.1565624335247819,0.2657471234706089,0.15,0.48,0.298,0.1018867869514001,0.0657894736842105,0.0579517165518439,0.1329632566745968,0.451173523206751,0.0973197478112767,0,0,,,,
107c06248d28377b345ae06e5bda10c1,2020-03-16,0.0534943418055605,0.8151311482564483,0.0,0.0,0.0003184884671325,0.2792792792792793,0.0114523769976613,0.2629107981220657,0.157703450092178,0.1331631567751542,0.2255515162463025,0.192,0.369,0.153,0.1007379783300871,0.0526315789473684,0.0706536212586117,0.1317208564631245,0.4801028481012658,0.0960349000507963,1,1,,,,
107c06248d28377b345ae06e5bda10c1,2020-03-20,0.0474167540402762,0.8635708986165059,0.0,0.0,0.0003100395692605,0.1621621621621621,0.0179733942261631,0.2629107981220657,0.1600643365062643,0.1046585832801531,0.1593695666899993,0.429,0.171,0.114,0.0716605824518025,0.0855263157894736,0.0992415909222486,0.1203542162305049,0.5126582278481012,0.0968117847431798,1,1,,,,
107c06248d28377b345ae06e5bda10c1,2020-03-26,0.0072092266531689,0.94755379042465,0.0,0.0,1.877074286479569e-05,0.0990990990990991,0.0228641331550759,0.2910798122065727,0.1326987471311938,0.078068496064667,0.0710947101535761,0.7859999999999999,0.0,0.0,0.023015535158209,0.0789473684210526,0.0770103629942685,0.1003436426116838,0.5171677215189874,0.0845609107479009,0,1,,,,
107c06248d28377b345ae06e5bda10c1,2020-03-30,0.0,0.9693994675511718,0.0,0.0,2.906703873629235e-06,0.0900900900900901,0.0228641011651245,0.2910798122065727,0.1164265021257383,0.0676451818761965,0.0452341706208529,0.929,0.0,0.0,0.0054641303460421,0.0855263157894736,0.0666936837839402,0.1059212265397832,0.5054193037974684,0.1214330534556428,1,1,,,,
107c06248d28377b345ae06e5bda10c1,2020-04-06,0.0004591633826241,0.9692838126827564,0.0,0.0,2.906703873629235e-06,0.0900900900900901,0.0228640947671343,0.2723004694835681,0.0780409345724067,0.0646670921080621,0.0449954678735133,0.7859999999999999,0.0,0.0,0.0055311927782507,0.0657894736842105,0.0301626816418688,0.05543219666931,0.4403217299578058,0.1148295335703827,0,0,,,,
107c06248d28377b345ae06e5bda10c1,2020-04-17,0.0,0.9437088115916727,0.0,0.0,2.573582638618988e-06,0.0900900900900901,0.0228641523490467,0.2535211267605634,0.0935117950261484,0.0640289300148904,0.0832104874374614,0.929,0.0,0.0,0.0075474393813927,0.1447368421052631,0.0976553001794708,0.3137457044673539,0.5,0.307168255296262,1,1,,,,
107c06248d28377b345ae06e5bda10c1,2020-04-20,0.0,0.9423056779993892,0.0,0.0,2.573582638618988e-06,0.0900900900900901,0.0228641715430175,0.2535211267605634,0.1072670153128409,0.0678579025739204,0.0852846207690744,1.0,0.0,0.0,0.007375409663988,0.1513157894736842,0.1024141724078041,0.3113930742796722,0.5036128691983122,0.3074371769205486,1,1,,,,
107c06248d28377b345ae06e5bda10c1,2020-04-29,0.0,0.980111726967224,0.0,0.0,4.4612696370103886e-07,0.0900900900900901,0.0228641267570856,0.3004694835680751,0.0693197637232401,0.0529674537332482,0.0293991464763926,1.0,0.0,0.0,0.0040295774483619,0.2368421052631579,0.0841544607190412,0.3405498281786941,0.5361550632911393,0.3921773687513073,1,1,,,,
107c06248d28377b345ae06e5bda10c1,2020-05-06,0.0030152933945551,0.9465521756208264,0.0,0.0,2.1514325425706044e-05,0.0990990990990991,0.0228823546313749,0.4507042253521126,0.0602787915271454,0.0474367155924271,0.0763171391798302,1.0,0.0,0.0,0.0448880932109492,0.3289473684210526,0.9956348057662248,0.3624107850911974,0.5958333333333333,0.4369677592852661,1,1,,,,
107c06248d28377b345ae06e5bda10c1,2020-05-16,0.0112151560070863,0.9323855453236154,0.0,0.0,3.100975461126361e-05,0.0990990990990991,0.0228977098080314,0.3896713615023474,0.0638737349034952,0.0574345883854499,0.0899425500549984,0.929,0.0,0.0,0.0512910976079122,0.1644736842105263,0.9495860591674868,0.1836637589214909,0.4782964135021096,0.1292616607404308,1,1,,,,
107c06248d28377b345ae06e5bda10c1,2020-05-22,0.0274955710618605,0.9158403526382404,0.0,0.0,0.0001073102399647,0.0990990990990991,0.0228794499437907,0.3474178403755869,0.0719797584559238,0.0625398851308232,0.0998745197720066,1.0,0.0,0.0,0.0592409115825567,0.1907894736842105,0.9662594801134718,0.1813375627808617,0.4484572784810126,0.1449188753100068,1,1,,,,
107c06248d28377b345ae06e5bda10c1,2020-05-29,0.0192957084493293,0.9285645703312528,0.0,0.0,9.98518618711836e-05,0.0990990990990991,0.0228740116520582,0.3098591549295774,0.0592272094510703,0.0506275260582854,0.0883813050588853,1.0,0.0,0.0,0.0594697985794427,0.2302631578947368,0.0150755514386614,0.3105736188210415,0.4665348101265822,0.2278961364926644,1,1,,,,
107c06248d28377b345ae06e5bda10c1,2020-06-05,0.0,0.9428752236721512,0.0,0.0,1.975536669217111e-05,0.0990990990990991,0.0228740116520582,0.352112676056338,0.0647691786748937,0.0431823016379493,0.0844427097277821,1.0,0.0,0.0,0.0607002484225749,0.2894736842105263,0.0404909396167428,0.290060798308221,0.5388713080168777,0.4076254220575492,1,1,,,,
107c06248d28377b345ae06e5bda10c1,2020-06-10,0.0001554647673451,0.9430323397198096,0.0,0.0,2.1372822600214963e-05,0.0900900900900901,0.0228640243892412,0.3943661971830986,0.0654765040069227,0.0478621569878749,0.084074978468367,1.0,0.0,0.0,0.0629818289966293,0.3092105263157895,0.011902969953106,0.2058154903515728,0.5542457805907173,0.4082827860280276,1,1,,,,
107c06248d28377b345ae06e5bda10c1,2020-06-15,0.0130120394808199,0.916944529306507,0.0,0.0,8.427377650653036e-05,0.0990990990990991,0.0228739220801944,0.4178403755868544,0.0689623386884382,0.0523292916400765,0.1111677402914109,1.0,0.0,0.0,0.0796278909739797,0.2894736842105263,0.0007873559891159,0.1496431403647898,0.5632911392405062,0.4307825619266741,1,1,,,,
107c06248d28377b345ae06e5bda10c1,2020-06-25,0.0447160056401171,0.8828590756339195,0.0,0.0,0.0001816896279305,0.1171171171171171,0.022916507103455,0.3568075117370892,0.0892114075021633,0.0625398851308232,0.1332670986971345,0.929,0.0,0.0,0.0856124841091193,0.1381578947368421,0.005557806981995,0.1539783240814168,0.5072257383966244,0.1946693758030298,1,1,,,,
107c06248d28377b345ae06e5bda10c1,2020-07-03,0.0259734625257601,0.934788111552394,0.0,0.0,9.59546382191168e-05,0.0990990990990991,0.0228641843389981,0.408450704225352,0.0883197260995522,0.0567964262922782,0.073226906315623,0.857,0.0,0.0,0.0340283528300346,0.2434210526315789,0.0293753256527528,0.2091726143272535,0.5858913502109704,0.2788119640242627,1,1,,,,
107c06248d28377b345ae06e5bda10c1,2020-07-10,0.0723923496872627,0.8606904377427661,0.0,0.0,0.000613769488226,0.081081081081081,0.0163727194275697,0.3755868544600939,0.1347718123330449,0.0880663688576898,0.1413410578402562,0.5710000000000001,0.0,0.0,0.0455937066281009,0.25,0.0444624558559601,0.1406291303198519,0.569620253164557,0.3083634625153136,1,1,,,,
107c06248d28377b345ae06e5bda10c1,2020-07-12,0.0723923496872627,0.8375943787369616,0.0,0.0,0.0006115575239192,0.063063063063063,0.0131064174331261,0.3708920187793427,0.1315305316227096,0.0997660072325037,0.1754820021354218,0.5,0.0,0.0,0.0530580469087134,0.25,0.0349331326347478,0.1506740681998414,0.553335970464135,0.3129948904891386,1,1,,,,
107c06248d28377b345ae06e5bda10c1,2020-07-23,0.0,0.8499912713306855,0.0,0.0,0.0,0.0,0.0,0.2816901408450704,0.1561232552014748,0.1199744735162731,0.2217451751400765,0.0,0.0,0.0,0.0912573914463325,0.0921052631578947,0.0619232327910611,0.1327782183452286,0.4891482067510548,0.1175486299937251,1,1,,,,
107c06248d28377b345ae06e5bda10c1,2020-07-25,0.0,0.8512307423733252,0.0,0.0,4.392483541285558e-07,0.0,0.0,0.2769953051643192,0.14193912487302,0.118272707934482,0.2199129702686051,0.0,0.0,0.0,0.0984389032085,0.0986842105263157,0.0730388467550512,0.1450436161776368,0.4954773206751054,0.1161741416918158,0,1,,,,
107c06248d28377b345ae06e5bda10c1,2020-07-30,0.0182183014570302,0.8469144153973726,0.0,0.0,4.392483541285558e-07,0.0,0.0,0.3098591549295774,0.1196564957297114,0.1008296107211231,0.2100390633820308,0.0,0.0,0.0,0.0888256493392892,0.1578947368421052,0.0555780698199502,0.1934972244250594,0.5117484177215189,0.0973795081722293,0,0,,,,
107c06248d28377b345ae06e5bda10c1,2020-08-02,0.0247731299034672,0.8766879064286651,0.0,0.0,4.392483541285558e-07,0.0,0.0,0.3286384976525821,0.1056698897625945,0.0797702616464582,0.1601759948904709,0.0,0.0,0.0,0.0584784408859238,0.1644736842105263,0.0452498118450761,0.1890298704731694,0.5189873417721518,0.1131861236441868,0,1,,,,
107c06248d28377b345ae06e5bda10c1,2020-08-06,0.039459127228027,0.8635730807838347,0.0,0.0,4.392483541285558e-07,0.0,0.0,0.3474178403755869,0.1380055683058053,0.0853009997872793,0.1664661348541494,0.0,0.0,0.0,0.057511867134743,0.1644736842105263,0.0357204886238638,0.1837694951097012,0.5316455696202531,0.1259449607075627,1,1,,,,
107c06248d28377b345ae06e5bda10c1,2020-08-09,0.0265591669980838,0.90387116484092,0.0,0.0,0.0,0.0,0.0,0.3568075117370892,0.1587569133526468,0.0821101893214209,0.118403014106042,0.0,0.0,0.0,0.0489949382442472,0.1513157894736842,0.0452498118450761,0.1226275442770288,0.5479166666666666,0.151940717721935,0,1,,,,
107c06248d28377b345ae06e5bda10c1,2020-08-20,0.2095737373006978,0.7630646357962728,0.0,0.0,0.0,0.0,0.0,0.3051643192488262,0.1952612965122841,0.1129546904913848,0.1632597763290743,0.0,0.0,0.0,0.0655579011208173,0.1513157894736842,0.0595380072946216,0.1095955590800951,0.5117484177215189,0.1773687513072579,1,1,,,,
107c06248d28377b345ae06e5bda10c1,2020-08-25,0.2096930474709859,0.7564941299698862,0.0,0.0,0.0,0.0,0.0,0.2488262910798122,0.2394032883103201,0.1178472665390342,0.1728627233402901,0.0,0.0,0.0,0.0636437060449493,0.1118421052631579,0.0714525560122734,0.0866772402854877,0.4656381856540084,0.1718110377386679,0,1,,,,
107c06248d28377b345ae06e5bda10c1,2020-09-01,0.0821107053761885,0.8429581460306375,0.0,0.0,0.0,0.0,0.0,0.2910798122065727,0.1857048797923172,0.0993405658370559,0.1588824840569144,0.0,0.0,0.0,0.0611507330215416,0.1513157894736842,0.0523939095698489,0.1291831879460745,0.4864319620253164,0.1796695252039322,0,0,,,,
107c06248d28377b345ae06e5bda10c1,2020-09-09,0.1010557142340648,0.8230284118186184,0.0,0.0,0.0,0.0,0.0,0.2863849765258215,0.11940629820535,0.0863646032758987,0.1714369582818563,0.0,0.0,0.0,0.0735660302539042,0.1184210526315789,0.0444624558559601,0.114274385408406,0.4737737341772152,0.1267517255804225,1,1,,,,
107c06248d28377b345ae06e5bda10c1,2020-09-19,0.046194728659749,0.8891699035482042,0.0,0.0,0.0,0.0,0.0,0.2723004694835681,0.1201456036720719,0.0736013614124654,0.1226157950253057,0.0,0.0,0.0,0.0579754726443591,0.0921052631578947,0.0476350373415156,0.0745440126883425,0.4602056962025316,0.1087339767532196,1,1,,,,
107c06248d28377b345ae06e5bda10c1,2020-09-23,0.032141436783687,0.9113909134552436,0.0,0.0,0.0,0.0,0.0,0.2629107981220657,0.1197900598216637,0.0774303339714954,0.1023067072246289,0.0,0.0,0.0,0.0447991625943247,0.0986842105263157,0.0484223933306316,0.0794343113930742,0.4520701476793248,0.1047897929303493,0,1,,,,
107c06248d28377b345ae06e5bda10c1,2020-09-30,0.0390361184424599,0.9145266879064288,0.0,0.0,0.0,0.0,0.0,0.2769953051643192,0.1232288648933368,0.0997660072325037,0.0915199236151208,0.0,0.0,0.0,0.0340283528300346,0.1710526315789473,0.0428645863486366,0.1379328575204864,0.4620253164556961,0.1681955359010368,1,1,,,,
107c06248d28377b345ae06e5bda10c1,2020-10-10,0.0599479373802378,0.8946689652162529,0.0,0.0,0.0,0.0,0.0,0.2723004694835681,0.1222374807178599,0.0993405658370559,0.1022163872661761,0.0,0.0,0.0,0.0417988476924691,0.1776315789473684,0.0579517165518439,0.1504890298704732,0.4737737341772152,0.1716616368362865,0,1,,,,
107c06248d28377b345ae06e5bda10c1,2020-10-15,0.0541342781734697,0.9054488718194912,0.0,0.0,0.0,0.0,0.0,0.3004694835680751,0.090259227209451,0.0693469474579876,0.0914683122102906,0.0,0.0,0.0,0.0439506770389895,0.1644736842105263,0.0142881954495455,0.2312714776632302,0.4556962025316455,0.0993516000836645,1,1,,,,
107c06248d28377b345ae06e5bda10c1,2020-10-19,0.0467876640514841,0.908898878365993,0.0,0.0,0.0,0.0,0.0,0.3333333333333333,0.0741769818277587,0.062965326526271,0.0929198829711395,0.0,0.0,0.0,0.0451169802078352,0.1776315789473684,0.9837318358131188,0.2209621993127148,0.453876582278481,0.1240027489766038,0,1,,,,
107c06248d28377b345ae06e5bda10c1,2020-10-26,0.0252576015040312,0.9113712739492864,0.0,0.0,1.965317020709422e-09,0.0,0.0,0.3849765258215962,0.064293239023289,0.0519038502446288,0.1084774958146376,0.0,0.0,0.0,0.0614758400298573,0.125,0.9416430266890524,0.1354480570975416,0.4611155063291138,0.1813129351301282,0,1,,,,
107c06248d28377b345ae06e5bda10c1,2020-11-03,0.0181676850211504,0.9177061057041854,0.0,0.0,1.965317020709422e-09,0.0,0.0,0.3990610328638497,0.0624703713457993,0.0525420123378004,0.1054388743552606,0.0,0.0,0.0,0.0568339534178514,0.1513157894736842,0.9265558964858448,0.1808617499339148,0.4611155063291138,0.183255146861087,0,1,,,,
107c06248d28377b345ae06e5bda10c1,2020-11-09,0.0194620195957916,0.8764042246759483,0.0,0.0,0.0,0.0,0.0,0.3474178403755869,0.0760092554272169,0.0731759200170176,0.1653371353734891,0.0,0.0,0.0,0.0877045404182363,0.1710526315789473,0.9503849939211486,0.1983610890827385,0.430379746835443,0.1341022499775898,0,1,,,,
107c06248d28377b345ae06e5bda10c1,2020-11-15,0.0108246863588705,0.8711626587526731,0.0,0.0,0.0,0.0,0.0,0.2910798122065727,0.0957710974829752,0.0853009997872793,0.180788299694525,0.0,0.0,0.0,0.102751309175307,0.1184210526315789,0.0150755514386614,0.1440655564366904,0.4439345991561181,0.1538829294528939,0,0,,,,
107c06248d28377b345ae06e5bda10c1,2020-11-27,0.0377309374887016,0.9206760354383972,0.0,0.0,0.0,0.0,0.0,0.4647887323943662,0.0711877798261785,0.0538183365241438,0.0835943472608859,0.0,0.0,0.0,0.0496568152925671,0.2631578947368421,0.9249696057430672,0.2168384879725086,0.5298259493670886,0.306241969701497,0,0,,,,
107c06248d28377b345ae06e5bda10c1,2020-12-04,0.0430637405546115,0.9067014358661022,0.0,0.0,0.0,0.0,0.0,0.4460093896713615,0.0648180894691297,0.0463731121038077,0.099493885661384,0.0,0.0,0.0,0.05825246964696,0.2236842105263158,0.925768540496729,0.1547713454929949,0.5099419831223628,0.2838318343442794,0,1,,,,
107c06248d28377b345ae06e5bda10c1,2020-12-08,0.0382371018474999,0.9137912975166934,0.0,0.0,0.0,0.0,0.0,0.4366197183098592,0.0680330335979532,0.0448840672197404,0.0933230970713753,0.0,0.0,0.0,0.0513085921554448,0.2236842105263158,0.931326347478724,0.1473962463653185,0.504509493670886,0.28986763080049,0,1,,,,
107c06248d28377b345ae06e5bda10c1,2020-12-15,0.0059980476517589,0.9585082704141756,0.0,0.0,0.0,0.0,0.0,0.4553990610328638,0.0569246397531886,0.0431823016379493,0.0559854713895403,0.0,0.0,0.0,0.0212383807046803,0.1184210526315789,0.8963932148439763,0.1234205656886069,0.4873417721518987,0.2062031254668778,1,1,,,,
107c06248d28377b345ae06e5bda10c1,2020-12-21,0.0189992407534618,0.9623139702352376,0.0,0.0,0.0,0.0,0.0,0.4647887323943662,0.0576507769291545,0.0491384811742182,0.038756939314665,0.0,0.0,0.0,0.0133177243092569,0.1447368421052631,0.9059225380651884,0.1592651334919376,0.5063291139240506,0.2105058714554636,0,1,,,,
107c06248d28377b345ae06e5bda10c1,2020-12-27,0.0324125962616146,0.9557369179068652,0.0,0.0,8.883232933606586e-06,0.0,0.0,0.4647887323943662,0.0508032657361074,0.0425441395447777,0.0365118432045521,0.0,0.0,0.0,0.0135976370697799,0.1513157894736842,0.9162392172755168,0.1615384615384615,0.5180775316455696,0.1456359996414378,0,0,,,,
107c06248d28377b345ae06e5bda10c1,2021-01-05,0.0203188835460428,0.9375332780517608,0.0,0.0,8.885198250627297e-06,0.0,0.0,0.4929577464788732,0.0414575416682343,0.0374388427994043,0.0742107487201984,0.0,0.0,0.0,0.0384398945661935,0.1447368421052631,0.909095119550744,0.12802008987576,0.5433939873417721,0.1572593898467147,1,1,,,,
107c06248d28377b345ae06e5bda10c1,2021-01-28,0.0113019270400231,0.9354885872648714,0.0,0.0,9.82658510354711e-10,0.0,0.0,0.4272300469483567,0.0535742503480191,0.0397787704743671,0.0852781693434706,0.0,0.0,0.0,0.0450470020177044,0.2236842105263158,0.9448271869391536,0.161908538197198,0.5108386075949367,0.2817999820718917,0,0,,,,
107c06248d28377b345ae06e5bda10c1,2021-02-06,0.0166925774612241,0.9004517086370184,0.0,0.0,3.930634041418844e-09,0.0,0.0,0.2816901408450704,0.1105233454983257,0.0904062965326526,0.1322574505901441,0.0,0.0,0.0,0.0716037251723212,0.0657894736842105,0.0007873559891159,0.0896907216494845,0.4177215189873417,0.0926285594764992,1,1,,,,
107c06248d28377b345ae06e5bda10c1,2021-02-07,0.0076358508984417,0.9047854929515996,0.0,0.0,3.930634041418844e-09,0.009009009009009,0.0016534070344277,0.295774647887324,0.1109823544903871,0.0899808551372048,0.133934821247125,0.0,0.0,0.0,0.0717801285266092,0.0855263157894736,0.994048515023447,0.0641289981496167,0.4231408227848101,0.1244210715032718,0,1,,,,
107c06248d28377b345ae06e5bda10c1,2021-02-14,0.0174156694023645,0.9151027800811766,0.0,0.0,3.930634041418844e-09,0.009009009009009,0.0016534070344277,0.3192488262910798,0.0947891192294668,0.0778557753669432,0.1099580979907035,0.0,0.0,0.0,0.0476653526317631,0.1381578947368421,0.9702309963526892,0.1404440919904837,0.4249472573839662,0.1374189500104581,0,0,,,,
107c06248d28377b345ae06e5bda10c1,2021-02-22,0.0113670053147257,0.9434993235281282,0.0,0.0,0.0,0.0,0.0,0.408450704225352,0.0881692313480567,0.0578600297808976,0.0733785148173117,0.0,0.0,0.0,0.0292494255956893,0.1842105263157894,0.9273548312395068,0.2171556965371398,0.4701608649789028,0.1632951863029252,0,1,,,,
107c06248d28377b345ae06e5bda10c1,2021-03-03,0.0,0.9805830751101994,0.0,0.0,8.843926593192399e-09,0.0,0.0,0.4788732394366197,0.0641126453214944,0.0474367155924271,0.0287023925111851,0.0,0.0,0.0,0.0131121633757478,0.0789473684210526,0.9019510218259712,0.1300290774517578,0.5162710970464134,0.1430663041204769,1,1,,,,
107c06248d28377b345ae06e5bda10c1,2021-03-09,0.0131747351675765,0.9688844760616244,0.0,0.0,1.5722536165675375e-08,0.0,0.0,0.4647887323943662,0.0645772978667369,0.043820463731121,0.0342441671048259,0.0,0.0,0.0,0.0149213911664197,0.0986842105263157,0.9051236033115267,0.1145651599259846,0.5054193037974684,0.1373293094690292,1,1,,,,
107c06248d28377b345ae06e5bda10c1,2021-03-20,0.0204237318775082,0.9447758914153538,0.0,0.0,6.878609572482976e-09,0.0,0.0,0.4225352112676056,0.0769648970992136,0.0604126781535843,0.0634142879722846,0.0,0.0,0.0,0.0291707001317922,0.2039473684210526,0.9329126382215016,0.2404440919904837,0.4945675105485232,0.1113335524546568,1,1,,,,
107c06248d28377b345ae06e5bda10c1,2021-03-23,0.0072489967099316,0.9364029153755512,0.0,0.0,0.0,0.0,0.0,0.3708920187793427,0.0804582565183039,0.0693469474579876,0.0875426197303949,0.0,0.0,0.0,0.0469728601252609,0.1973684210526315,0.9535575754067042,0.2233148295003965,0.4620253164556961,0.1445304329638151,0,1,,,,
107c06248d28377b345ae06e5bda10c1,2021-04-01,0.0233450233197151,0.8879806223541222,0.0,0.0,0.0,0.0,0.0,0.3192488262910798,0.0984442605064148,0.0784939374601148,0.1447570876974539,0.0,0.0,0.0,0.0561137612110892,0.1184210526315789,0.9742025125919064,0.131350779804388,0.4285601265822784,0.1072399677294051,0,1,,,,
107c06248d28377b345ae06e5bda10c1,2021-04-10,0.0186304638634802,0.9348688517435516,0.0,0.0,0.0,0.0,0.0,0.3333333333333333,0.1070262237104481,0.0646670921080621,0.0796557519297826,0.0,0.0,0.0,0.0330457424102821,0.0986842105263157,0.9813466103166792,0.1462067142479513,0.4493670886075949,0.0955866973436519,0,1,,,,
107c06248d28377b345ae06e5bda10c1,2021-04-11,0.0186304638634802,0.9323222624710864,0.0,0.0,1.8670511696739506e-08,0.0,0.0,0.3192488262910798,0.1113435418939764,0.0682833439693682,0.0834201587695841,0.0,0.0,0.0,0.0330457424102821,0.0855263157894736,0.9972210965090024,0.1462067142479513,0.4565928270042194,0.1184749155884901,0,0,,,,
107c06248d28377b345ae06e5bda10c1,2021-04-19,0.0148631548501391,0.9072666172042072,0.0,0.0,2.5549121269222485e-08,0.0,0.0,0.3145539906103285,0.1341397343767636,0.083811954903212,0.1238157601876074,0.0,0.0,0.0,0.0574695886448723,0.0855263157894736,0.0,0.1412899814961671,0.4529799578059071,0.1057459587055905,0,0,,,,
107c06248d28377b345ae06e5bda10c1,2021-04-27,0.0544669004663943,0.8634159647361759,0.0,0.0,8.843926593192399e-09,0.0,0.0,0.2863849765258215,0.1406260581662214,0.0970006381620931,0.1533052266224529,0.0,0.0,0.0,0.0691282466964462,0.0789473684210526,0.9980200312626644,0.0848004229447528,0.4186181434599155,0.076224340395016,0,1,,,,
107c06248d28377b345ae06e5bda10c1,2021-05-03,0.0444556925413066,0.9038318858290054,0.0,0.0,9.82658510354711e-10,0.0,0.0,0.3004694835680751,0.1269855901275443,0.0804084237396298,0.1024937985671383,0.0,0.0,0.0,0.0343388810487398,0.131578947368421,0.9924622242806692,0.1266719534760771,0.4294699367088607,0.1159948606089581,0,1,,,,
107c06248d28377b345ae06e5bda10c1,2021-05-11,0.0626197621027513,0.8408829049011479,0.0,0.0,0.0,0.009009009009009,0.0016331509972217,0.3004694835680751,0.0999454456525828,0.0861518825781748,0.1793431803592799,0.0,0.0,0.0,0.0746098715900211,0.1578947368421052,0.0071440977247727,0.171715569653714,0.4457410337552742,0.1000388442346191,0,1,,,,
107c06248d28377b345ae06e5bda10c1,2021-05-18,0.0465454282512021,0.8234932134596079,0.0,0.0,0.0,0.009009009009009,0.0016331509972217,0.2863849765258215,0.0968847586440422,0.0887045309508615,0.2193904047946995,0.0,0.0,0.0,0.10407943690883,0.1184210526315789,0.0087303884675505,0.1639439598202484,0.434889240506329,0.0618818537663967,1,1,,,,
107c06248d28377b345ae06e5bda10c1,2021-05-23,0.0698976824903286,0.763756382839436,0.0,0.0,0.0,0.009009009009009,0.0016331509972217,0.3145539906103285,0.1127074005794048,0.108700276536907,0.2868561880461535,0.0,0.0,0.0,0.117779125505884,0.1052631578947368,0.9964337405198864,0.1568860692572032,0.4466508438818565,0.0654077150625989,0,0,,,,
107c06248d28377b345ae06e5bda10c1,2021-05-31,0.0984561987056654,0.730947497054074,0.0,0.0,0.0,0.009009009009009,0.0016331254052607,0.3145539906103285,0.1361450769404417,0.1148691767708998,0.3098748746004148,0.0,0.0,0.0,0.1251268354696119,0.131578947368421,0.0254038094135355,0.1614591593973037,0.4819092827004219,0.0928974811007858,1,1,,,,
107c06248d28377b345ae06e5bda10c1,2021-06-07,0.0899309447196211,0.8403722777462574,0.0,0.0,0.0,0.009009009009009,0.0016331254052607,0.3380281690140844,0.1354189397644757,0.0859391618804509,0.1557309626494714,0.0,0.0,0.0,0.0456593111813484,0.131578947368421,0.016673420945985,0.1437747819191118,0.4990901898734177,0.1009352496489078,0,1,,,,
12f90c19f2c2b74ec542b62e74e7cad1,2018-11-20,0.2669293900719476,0.5507244795530921,0.0,0.0,0.0,0.0,0.0,0.3990610328638497,0.101999699010497,0.1829398000425441,0.4259715040531081,0.0,0.0,0.0,0.0679925589857827,0.2302631578947368,0.8892491171192034,0.126883425852498,0.4177215189873417,0.1434248662861923,0,0,,,,
12f90c19f2c2b74ec542b62e74e7cad1,2018-11-21,0.2159044072453812,0.5868720813511981,0.0,0.0,0.0,0.0,0.0,0.3755868544600939,0.1753715339177546,0.2318655605190385,0.4180620562628826,0.0,0.0,0.0,0.0592919373461937,0.1710526315789473,0.8929543217738667,0.1042823156225218,0.3966244725738396,0.1352078166552126,0,0,,,,
12f90c19f2c2b74ec542b62e74e7cad1,2018-11-24,0.2341480169203514,0.5398092785754812,0.0,0.0,0.0,0.0,0.0,0.3145539906103285,0.2118044320704315,0.2610082961072112,0.4713508317500459,0.0,0.0,0.0,0.058253927525921,0.1578947368421052,0.9337115729751636,0.1435368754956384,0.3755274261603375,0.1352078166552126,0,0,,,,
12f90c19f2c2b74ec542b62e74e7cad1,2018-11-30,0.2035467659712932,0.5422249378082311,0.0,0.0,1.7276119270546173e-05,0.063063063063063,0.0609901794624115,0.2910798122065727,0.2276308363745814,0.2888747075090406,0.495085626546326,0.0,0.0,0.0,0.0794966818674846,0.1447368421052631,0.9355641753024952,0.3652127940787735,0.4483122362869197,0.4038605193175367,0,1,,,,
12f90c19f2c2b74ec542b62e74e7cad1,2018-12-06,0.1972847897610181,0.5668594247806921,0.0,0.0,0.0101258282037543,0.2342342342342342,0.0950561059280956,0.2159624413145539,0.2774746980699048,0.3497128270580728,0.4642574892986977,0.143,0.0,0.0,0.087391096441609,0.1381578947368421,0.9615006078851388,0.3463124504361617,0.3815532700421941,0.4757821137239669,0,0,,,,
12f90c19f2c2b74ec542b62e74e7cad1,2018-12-09,0.1611265772442966,0.6000174573386285,0.0,0.0,0.0101783778329126,0.3243243243243243,0.0974528762584343,0.2112676056338028,0.2830674592723579,0.3520527547330355,0.4475031370056998,0.143,0.0,0.0,0.0980234077045987,0.1381578947368421,0.9575290916459214,0.3447264076130055,0.3752241561181434,0.4759912749873009,0,1,,,,
12f90c19f2c2b74ec542b62e74e7cad1,2018-12-15,0.1580100509779818,0.6661502203989002,0.0,0.0,0.0045202399568752,0.3603603603603604,0.0456801342293241,0.2206572769953051,0.2992663380864592,0.3639651138055732,0.3525252492669568,0.214,0.0,0.0,0.0766319497090073,0.1052631578947368,0.9686447056099114,0.1169970922548242,0.3155458860759493,0.1219111363432635,0,0,,,,
12f90c19f2c2b74ec542b62e74e7cad1,2018-12-16,0.1403087602588669,0.6852441845240693,0.0,0.0,0.0024269807981176,0.3603603603603604,0.0455280348065514,0.2300469483568075,0.2969919861544828,0.3541799617102744,0.3400933521284866,0.214,0.0,0.0,0.0728910322949347,0.0789473684210526,0.96546054535981,0.1088554057626222,0.3245912447257384,0.1103475064989392,0,0,,,,
12f90c19f2c2b74ec542b62e74e7cad1,2018-12-19,0.168245417404823,0.6649609392048182,0.0,0.0,0.0025940003171471,0.3243243243243243,0.0805668076832774,0.2582159624413145,0.2836920124910643,0.3346096575196767,0.3451512698018444,0.429,0.0,0.0,0.0715045894029694,0.0789473684210526,0.95434493139582,0.1023261961406291,0.3381460970464135,0.1194609615442077,0,1,,,,
12f90c19f2c2b74ec542b62e74e7cad1,2018-12-26,0.2074550779131566,0.625291319338367,0.0,0.0,0.0028216341437293,0.3243243243243243,0.16425142640474,0.2582159624413145,0.3013093043380112,0.3058923633269517,0.3688086474908792,0.643,0.0,0.0,0.0588166688048891,0.131578947368421,0.9797603195739016,0.1864393338620142,0.3679852320675105,0.2120297606597544,0,1,,,,
12f90c19f2c2b74ec542b62e74e7cad1,2019-01-01,0.1819624715282548,0.630611443285471,0.0,0.0,0.000878253991605,0.2792792792792793,0.1756646349059467,0.2253521126760563,0.3286654877911133,0.3182301637949372,0.3836888606459812,0.7140000000000001,0.0,0.0,0.0480837638935865,0.1381578947368421,0.9869044172986744,0.1737509912767645,0.3399525316455696,0.2528162070098904,0,1,,,,
12f90c19f2c2b74ec542b62e74e7cad1,2019-01-06,0.1368776889981561,0.6404246497621439,0.0,0.0,0.0027830490746617,0.3153153153153153,0.1232958561029543,0.2159624413145539,0.3055777117273035,0.3828972559029993,0.4094074688154214,0.87,0.027,0.102,0.0794281615563149,0.1447368421052631,0.9988073872517802,0.1886333597673804,0.3453850210970464,0.2807242955747452,0,0,,,,
12f90c19f2c2b74ec542b62e74e7cad1,2019-01-18,0.0662496836472757,0.7056278095404357,0.0,0.0,0.0022884426533523,0.4594594594594594,0.0009131019778676,0.2394366197183098,0.2139452199104556,0.4016166773027015,0.3760342441671048,0.674,0.196,0.13,0.1455896245670099,0.0921052631578947,0.9948474497771088,0.1169706582077716,0.363462552742616,0.1496100636447844,0,1,,,,
12f90c19f2c2b74ec542b62e74e7cad1,2019-01-22,0.1465273509526736,0.6247130449962904,0.0,0.0,0.0045715750201147,0.4144144144144144,0.0397863951612101,0.2347417840375587,0.2231460927800143,0.3975749840459476,0.4240231735207687,0.48,0.133,0.172,0.1338332886250451,0.0723684210526315,0.988490708041452,0.1420830029077452,0.3526107594936709,0.1110048704694176,0,1,,,,
12f90c19f2c2b74ec542b62e74e7cad1,2019-01-23,0.14591633826241,0.6301924671583816,0.0,0.0,0.0045719828233965,0.4234234234234234,0.0397864399471421,0.2347417840375587,0.2233191617442342,0.3852371835779621,0.4164685541387508,0.429,0.1159999999999999,0.24,0.1322019220676222,0.0723684210526315,0.9892896427951138,0.1412899814961671,0.3544303797468354,0.1121403173275166,0,1,,,,
12f90c19f2c2b74ec542b62e74e7cad1,2019-01-29,0.1496474926786941,0.6137192859948501,0.0,0.0,0.0045689188941612,0.4504504504504504,0.039771820539367,0.2347417840375587,0.226310244930208,0.3803446075303127,0.4374905244686444,0.466,0.141,0.178,0.1455283936506455,0.0789473684210526,0.9876917732877902,0.1415543219666931,0.3544303797468354,0.1105566677622732,0,0,,,,
12f90c19f2c2b74ec542b62e74e7cad1,2019-02-01,0.1115767019776564,0.632169510758085,0.0,0.0,0.002378708681455,0.5135135135135136,0.038947055613206,0.2300469483568075,0.2335490424771436,0.4039566049776643,0.4441838785325587,0.425,0.183,0.178,0.1461713182724717,0.0723684210526315,0.9908759335378916,0.1415543219666931,0.3489978902953586,0.1077180506170257,0,1,,,,
12f90c19f2c2b74ec542b62e74e7cad1,2019-02-05,0.040464225026212,0.7084493518963033,0.0,0.0,8.986412077193831e-05,0.5225225225225225,5.8995868312239154e-05,0.2300469483568075,0.2356992362391361,0.4241650712614337,0.3948724069301214,0.653,0.198,0.149,0.1551547684305058,0.0723684210526315,0.999606322005442,0.1099656357388316,0.3598496835443038,0.0370813039710759,0,0,,,,
12f90c19f2c2b74ec542b62e74e7cad1,2019-02-09,0.039773672222423,0.7051542792301312,0.0,0.0,9.55556788639128e-05,0.4864864864864865,7.369205197054229e-05,0.2300469483568075,0.2526355393355657,0.4277813231227398,0.400362570118932,0.754,0.172,0.074,0.152915466346322,0.0526315789473684,0.9908759335378916,0.0795664816283373,0.3526107594936709,0.0340335255624944,0,0,,,,
12f90c19f2c2b74ec542b62e74e7cad1,2019-02-11,0.035109729202068,0.7074586479291232,0.0,0.0,9.620914677329867e-05,0.4594594594594594,7.32953765735833e-05,0.2159624413145539,0.2538376161631363,0.4135290363752393,0.4011141612017715,0.7190000000000001,0.147,0.135,0.1566461786076672,0.0592105263157894,0.9892896427951138,0.0825006608511763,0.333623417721519,0.1003077658589058,0,0,,,,
12f90c19f2c2b74ec542b62e74e7cad1,2019-02-13,0.037109078419321,0.6939444856631606,0.0,0.0,0.0001026131322852,0.4414414414414415,8.812591802763064e-05,0.2206572769953051,0.2592892885360623,0.419910657306956,0.4193071814044108,0.748,0.1169999999999999,0.136,0.1589773270663976,0.0723684210526315,0.9853181265558966,0.0932857520486386,0.333623417721519,0.1003077658589058,0,0,,,,
12f90c19f2c2b74ec542b62e74e7cad1,2019-02-15,0.0567265627824577,0.6770065028586392,0.0,0.0,0.0009437511292957,0.4414414414414415,0.0048162727201191,0.2112676056338028,0.2841058730576771,0.4413954477770687,0.4268424465096174,0.7709999999999999,0.09,0.138,0.161667113749548,0.0789473684210526,0.9869044172986744,0.0950303991541105,0.3245912447257384,0.1059850001494009,1,1,,,,
12f90c19f2c2b74ec542b62e74e7cad1,2019-02-17,0.0838786651722766,0.6341007288438878,0.0,0.0,0.0018262393964218,0.4774774774774775,0.0142472302828191,0.2065727699530516,0.2944091199819406,0.4416081684747925,0.4660413084781409,0.6809999999999999,0.125,0.122,0.1657564642353133,0.0723684210526315,0.9861054825450124,0.0739360296061327,0.3227848101265823,0.1044013505841575,0,1,,,,
12f90c19f2c2b74ec542b62e74e7cad1,2019-02-22,0.0840268990202104,0.6341836512023743,0.0,0.0,0.0018249639056754,0.4414414414414415,0.0142466224737431,0.1877934272300469,0.2872925994205952,0.433099340565837,0.46578325145399,0.667,0.161,0.1,0.1712964042873304,0.0855263157894736,0.994048515023447,0.1053661115516785,0.310126582278481,0.1156064182627663,1,1,,,,
12f90c19f2c2b74ec542b62e74e7cad1,2019-03-01,0.0578871253479879,0.6721686378911536,0.0,0.0,0.0009508596809596,0.4594594594594594,0.0095039522337306,0.1830985915492957,0.2513036607848301,0.4201233780046798,0.432958397981994,0.545,0.271,0.1119999999999999,0.170010555043678,0.0723684210526315,0.0127019047067677,0.1032249537404176,0.3236814345991561,0.1239429886156512,0,1,,,,
12f90c19f2c2b74ec542b62e74e7cad1,2019-03-04,0.0237608011858707,0.7247828743508051,0.0,0.0,6.79586972591111e-05,0.4324324324324324,7.302026299182142e-05,0.1877934272300469,0.2543417735806463,0.4262922782386726,0.3856307397527168,0.607,0.249,0.144,0.1602544290362836,0.0855263157894736,0.0007873559891159,0.1241078509119746,0.3173523206751055,0.1219111363432635,0,1,,,,
12f90c19f2c2b74ec542b62e74e7cad1,2019-03-06,0.0198524892440073,0.7275869593680442,0.0,0.0,6.205390227038964e-05,0.4504504504504504,5.77482602089004e-05,0.1971830985915493,0.2520222732232213,0.4220378642841948,0.384972694341132,0.599,0.247,0.154,0.1610985409547357,0.0855263157894736,0.9988073872517802,0.1268305577583928,0.3254878691983122,0.1025188992141512,1,1,,,,
12f90c19f2c2b74ec542b62e74e7cad1,2019-03-09,0.0864492570230304,0.6906690525029461,0.0,0.0,0.0024610485860131,0.4594594594594594,0.0367317322870247,0.2112676056338028,0.2590992889122992,0.4114018293980004,0.3801276737126986,0.544,0.186,0.127,0.1424406060111265,0.125,0.9765761593238004,0.1146180280200898,0.3164556962025316,0.1784743179848806,0,1,,,,
12f90c19f2c2b74ec542b62e74e7cad1,2019-03-10,0.0929426226544705,0.6881268275651378,0.0,0.0,0.0024748519901081,0.4684684684684685,0.0489410683099282,0.2253521126760563,0.2536984085180029,0.4041693256753882,0.3780922489347083,0.492,0.176,0.1169999999999999,0.1373015826734001,0.1184210526315789,0.9694320615990274,0.1147501982553529,0.3200685654008439,0.1742910927182,0,0,,,,
12f90c19f2c2b74ec542b62e74e7cad1,2019-03-13,0.1105679887197657,0.6656854187579103,0.0,0.0,0.0025743795746708,0.4414414414414415,0.0858217714024818,0.2300469483568075,0.2605534444486248,0.4060838119549032,0.3955401294801118,0.385,0.138,0.048,0.1232651240363419,0.1118421052631579,0.9638742546170324,0.1180280200898757,0.321875,0.1702871485343771,1,1,,,,
12f90c19f2c2b74ec542b62e74e7cad1,2019-03-15,0.1143786832495751,0.6515384279666564,0.0,0.0,0.0026813360575719,0.4144144144144144,0.1104479814567815,0.2347417840375587,0.2614093833477557,0.3954477770687087,0.4130492985687512,0.326,0.061,0.042,0.1123572736497125,0.1118421052631579,0.9456145429282696,0.0681205392545598,0.3056039029535865,0.1524785609705082,0,1,,,,
12f90c19f2c2b74ec542b62e74e7cad1,2019-03-18,0.2023175096713547,0.5734364771090648,0.0,0.0,0.0032524925594964,0.4594594594594594,0.1482738980403858,0.2253521126760563,0.2586515670265999,0.3980004254413954,0.4500449986935863,0.1689999999999999,0.035,0.01,0.1071890927327649,0.1381578947368421,0.96546054535981,0.133888448321438,0.3164556962025316,0.1758149819224908,0,0,,,,
12f90c19f2c2b74ec542b62e74e7cad1,2019-03-27,0.2663943020355038,0.4923973290271898,0.0,0.0,0.0034275620170427,0.4594594594594594,0.1384355548450089,0.2394366197183098,0.2425561533541517,0.3752393107849394,0.5126689870294088,0.241,0.037,0.008,0.1349252399668769,0.1184210526315789,0.9591153823886992,0.1571239756806767,0.3263976793248945,0.1319508769832969,1,1,,,,
12f90c19f2c2b74ec542b62e74e7cad1,2019-04-04,0.0915109006110126,0.611735695893161,0.0,0.0,0.0024419368606452,0.5315315315315315,0.0371247096456056,0.244131455399061,0.2373264607396817,0.4075728568389704,0.4922921592598924,0.644,0.161,0.052,0.2090365169522165,0.0789473684210526,0.9273548312395068,0.1092254824213587,0.2920358649789029,0.041204768876804,1,1,,,,
12f90c19f2c2b74ec542b62e74e7cad1,2019-04-12,0.01422321848223,0.669093964125169,0.0,0.0,0.0001046708192059,0.5315315315315315,0.00011882347536,0.2535211267605634,0.2122182926370442,0.3803446075303127,0.4764571351154321,0.657,0.221,0.122,0.2278256610023209,0.0526315789473684,0.920210733514734,0.0836901929685434,0.2947521097046413,0.0227985777034093,1,1,,,,
12f90c19f2c2b74ec542b62e74e7cad1,2019-04-15,0.0165334972341733,0.6713830576528609,0.0,0.0,9.786099572920494e-05,0.5045045045045045,0.0001190282110487,0.2488262910798122,0.2242503480191128,0.3831099766007232,0.4710153576186497,0.6729999999999999,0.228,0.1,0.2145545888198178,0.0592105263157894,0.9217970242575118,0.0970658207771609,0.2947521097046413,0.0227985777034093,0,1,,,,
12f90c19f2c2b74ec542b62e74e7cad1,2019-04-22,0.0157417115586246,0.6890411556758173,0.0,0.0,7.284840600663614e-05,0.4774774774774775,4.8855053728690834e-05,0.2629107981220657,0.235035178148162,0.3767283556690066,0.4456193207293982,0.6990000000000001,0.237,0.064,0.2184544150406456,0.0723684210526315,0.9178255080182944,0.1092254824213587,0.3019778481012658,0.0322407147339169,0,1,,,,
12f90c19f2c2b74ec542b62e74e7cad1,2019-04-23,0.0138435952131313,0.6900384061449831,0.0,0.0,7.503678650919609e-05,0.4774774774774775,4.8855053728690834e-05,0.2629107981220657,0.2388727943112984,0.3799191661348648,0.4458386691999264,0.711,0.2239999999999999,0.064,0.2221472224490033,0.0723684210526315,0.9178255080182944,0.1092254824213587,0.3028876582278481,0.031523590402486,1,1,,,,
12f90c19f2c2b74ec542b62e74e7cad1,2019-04-30,0.0491340974004844,0.6718871383057652,0.0,0.0,0.000331867362751,0.5135135135135136,0.0025003921808087,0.2300469483568075,0.2812671658075925,0.4167198468410976,0.4411839656268044,0.6509999999999999,0.22,0.057,0.2021655334087542,0.125,0.9575290916459214,0.1796457837694951,0.3110232067510549,0.1038037469746317,0,1,,,,
12f90c19f2c2b74ec542b62e74e7cad1,2019-05-03,0.0456704870024223,0.67564264827827,0.0,0.0,0.0003463979341436,0.5225225225225225,0.0025408850612499,0.2206572769953051,0.287189134278942,0.4269304403318442,0.438722746758965,0.669,0.209,0.051,0.2007834641536721,0.125,0.9567301568922596,0.1787734602167592,0.3046940928270042,0.1642214718976902,0,0,,,,
12f90c19f2c2b74ec542b62e74e7cad1,2019-05-11,0.1155970931703966,0.5943001789377208,0.0,0.0,0.0012526694851959,0.5765765765765766,0.0104032537465783,0.2065727699530516,0.2786184581812709,0.3877898319506488,0.4965791315735994,0.637,0.21,0.0819999999999999,0.2198044109585845,0.1184210526315789,0.9742025125919064,0.1302934179222839,0.3056039029535865,0.1710042728658081,0,0,,,,
12f90c19f2c2b74ec542b62e74e7cad1,2019-05-17,0.1410137749014787,0.5523283725396063,0.0,0.0,0.0020319167012487,0.5855855855855856,0.0191682125117549,0.2159624413145539,0.2712348094360209,0.3680068070623271,0.5359425048950192,0.556,0.188,0.113,0.2295896945452,0.1118421052631579,0.9734035778382448,0.1595294739624636,0.3137394514767933,0.0976783099769922,0,0,,,,
12f90c19f2c2b74ec542b62e74e7cad1,2019-05-19,0.1274955710618605,0.5766682669227075,0.0,0.0,0.0019687032619361,0.5765765765765766,0.0191517056968492,0.2159624413145539,0.2767222243124271,0.3733248245054243,0.5120206187562296,0.5660000000000001,0.188,0.104,0.2170388145694591,0.131578947368421,0.9742025125919064,0.1687549563838223,0.3155458860759493,0.1102578659575103,0,0,,,,
12f90c19f2c2b74ec542b62e74e7cad1,2019-05-30,0.0380852525398604,0.6221271767119104,0.0,0.0,0.0001922099699424,0.5855855855855856,0.000263539617357,0.2347417840375587,0.2778020241544076,0.3916188045096788,0.5245944472579828,0.67,0.16,0.171,0.2276827888641373,0.1381578947368421,0.9479997684247092,0.1305841924398625,0.3056039029535865,0.1433651059252398,1,1,,,,
12f90c19f2c2b74ec542b62e74e7cad1,2019-06-08,0.0853320799739686,0.6010408938157379,0.0,0.0,0.0029861636060935,0.5135135135135136,0.0493312177568081,0.2112676056338028,0.2543060310771661,0.3280153158902361,0.5136141208803615,0.575,0.089,0.336,0.2127876395190165,0.125,0.9622879638742546,0.1040444091990483,0.2983649789029536,0.1412137329309469,0,0,,,,
12f90c19f2c2b74ec542b62e74e7cad1,2019-06-13,0.1024910517372283,0.5935735172173003,0.0,0.0,0.003595898298476,0.4594594594594594,0.1738293074160813,0.2253521126760563,0.2056397908122954,0.2550521165709423,0.509343277130664,0.419,0.04,0.255,0.1954315904876313,0.131578947368421,0.9718172870954668,0.1141686492201956,0.3236814345991561,0.1678369737353214,0,0,,,,
12f90c19f2c2b74ec542b62e74e7cad1,2019-06-22,0.1375827036407679,0.5002618600794309,0.0,0.0,0.0077879981163301,0.3693693693693693,0.3733069422206008,0.2535211267605634,0.1421516987095075,0.1952776005105296,0.6159692137970187,0.143,0.0,0.0,0.2133882856509721,0.1184210526315789,0.9559428009031437,0.1460745440126883,0.3345332278481013,0.2073086921445005,0,1,,,,
12f90c19f2c2b74ec542b62e74e7cad1,2019-06-26,0.160891572363426,0.519248898005499,0.0,0.0,0.0073081423819196,0.3783783783783784,0.3259004446737598,0.2535211267605634,0.1728789645961097,0.2433524781961284,0.5671093419868456,0.357,0.0,0.0,0.1764718745990832,0.1052631578947368,0.9360852197070574,0.1325931800158604,0.3128296413502109,0.1595004033824364,0,0,,,,
12f90c19f2c2b74ec542b62e74e7cad1,2019-07-01,0.1594670812393795,0.5858355518701174,0.0,0.0,0.006983103513157,0.4144144144144144,0.2485156070751305,0.2488262910798122,0.2053124647277926,0.2735588172729206,0.4699476466812253,0.7140000000000001,0.0,0.0,0.1206496891802054,0.0855263157894736,0.9281537659931686,0.0986254295532646,0.2983649789029536,0.1617712970986344,0,1,,,,
12f90c19f2c2b74ec542b62e74e7cad1,2019-07-06,0.1675729418995625,0.6505106271548903,0.0,0.0,0.0005862894429839,0.4144144144144144,0.1717281114403993,0.2347417840375587,0.2400880394296249,0.3061050840246756,0.3671151482698889,1.0,0.0,0.0,0.0693498442985269,0.0855263157894736,0.9464134776819314,0.125350251123447,0.3065005274261603,0.1163534227746735,1,1,,,,
12f90c19f2c2b74ec542b62e74e7cad1,2019-07-10,0.1771358328211432,0.6270479640378825,0.0,0.0,0.0006269911584828,0.4234234234234234,0.1715525633832741,0.244131455399061,0.2340174573911734,0.3082322910019144,0.39326277624198,1.0,0.0,0.0,0.0820202703490745,0.0592105263157894,0.944028252185492,0.1191911181601903,0.3110232067510549,0.1026683001165327,1,1,,,,
12f90c19f2c2b74ec542b62e74e7cad1,2019-07-13,0.1861925593839256,0.611975734299306,0.0,0.0,0.0006397539272153,0.4144144144144144,0.1715533759280389,0.2488262910798122,0.2401783362805222,0.3095086151882578,0.407462363995884,1.0,0.0,0.0,0.0824897073745349,0.0592105263157894,0.9408556706999364,0.1207771609833465,0.3146360759493671,0.0956464577046045,0,0,,,,
12f90c19f2c2b74ec542b62e74e7cad1,2019-07-14,0.1852453089410318,0.6108715576310392,0.0,0.0,0.000642807047207,0.4234234234234234,0.1715594668147793,0.2394366197183098,0.2402291282591519,0.3114231014677728,0.4099397114277327,1.0,0.0,0.0,0.0861562729615936,0.0723684210526315,0.9495860591674868,0.1521543748347872,0.3128296413502109,0.087668449517435,1,1,,,,
12f90c19f2c2b74ec542b62e74e7cad1,2019-07-18,0.1968762428142738,0.6124056212630385,0.0,0.0,0.000737513709118,0.4324324324324324,0.1717359809684358,0.2535211267605634,0.2296850897324955,0.3080195703041906,0.3972949172443381,1.0,0.0,0.0,0.0816106063610174,0.0657894736842105,0.9344989289642796,0.1210943695479778,0.3119330168776371,0.0829772611826575,1,1,,,,
12f90c19f2c2b74ec542b62e74e7cad1,2019-07-25,0.1617954372898514,0.5986295989176451,0.0,0.0,0.0004969254953938,0.3603603603603604,0.1593226194336996,0.2300469483568075,0.2212291658828398,0.2469687300574345,0.4489579334793506,0.929,0.0,0.0,0.0759904829661422,0.1052631578947368,0.9344989289642796,0.1233676975945017,0.2848101265822785,0.1709743926853318,1,1,,,,
12f90c19f2c2b74ec542b62e74e7cad1,2019-07-27,0.1684912686648107,0.585161262165583,0.0,0.0,0.0006003984538756,0.3693693693693693,0.1595032794850534,0.2112676056338028,0.2093269122239361,0.2433524781961284,0.4628930127834998,0.929,0.0,0.0,0.0780431765433106,0.125,0.9511723499102646,0.1671424795136135,0.2848101265822785,0.1709743926853318,1,1,,,,
12f90c19f2c2b74ec542b62e74e7cad1,2019-08-01,0.1571748797859647,0.5654453803517655,0.0,0.0,0.0005070419647579,0.3243243243243243,0.1591369625519423,0.1971830985915493,0.2399808119191843,0.2252712188895979,0.5021338090184478,0.857,0.0,0.0,0.0721037776559638,0.1644736842105263,0.9495860591674868,0.1545598731165741,0.2694356540084388,0.2142110138345235,0,0,,,,
12f90c19f2c2b74ec542b62e74e7cad1,2019-08-03,0.2203948081998626,0.491020381442849,0.0,0.0,0.0008689216837322,0.3963963963963964,0.1724174181164891,0.1690140845070422,0.2663700665939275,0.2669644756434801,0.5557451557857997,0.7859999999999999,0.0,0.0,0.0966661223918545,0.1578947368421052,0.9694320615990274,0.1779275707110758,0.2621967299578059,0.204679236262587,0,1,,,,
12f90c19f2c2b74ec542b62e74e7cad1,2019-08-07,0.2426732709063957,0.4958211495657487,0.0,0.0,0.0010838615276776,0.4144144144144144,0.1738604976186648,0.2018779342723004,0.2521445502088115,0.2784513933205701,0.5287717453364258,0.7140000000000001,0.0,0.0,0.0973965197513441,0.1842105263157894,0.9829329010594572,0.1854084060269627,0.3092167721518987,0.1947590163444587,0,0,,,,
12f90c19f2c2b74ec542b62e74e7cad1,2019-08-08,0.2307422538775805,0.5162593287653297,0.0,0.0,0.0010558420029133,0.4144144144144144,0.1738617964106903,0.2112676056338028,0.2535968245607434,0.2833439693682195,0.509201345767381,0.7140000000000001,0.0,0.0,0.094228548768967,0.1907894736842105,0.9813466103166792,0.1880518107322231,0.321875,0.1907849523411121,0,1,,,,
12f90c19f2c2b74ec542b62e74e7cad1,2019-08-09,0.2315629632307748,0.5131606511587308,0.0,0.0,0.0010576972621809,0.4144144144144144,0.1738610606418089,0.2253521126760563,0.2624007675232326,0.2935545628589661,0.5130528468528333,0.7140000000000001,0.0,0.0,0.0938786578183133,0.1776315789473684,0.9742025125919064,0.1657414750198255,0.3272943037974684,0.1932948875011205,0,1,,,,
12f90c19f2c2b74ec542b62e74e7cad1,2019-08-14,0.470414693228244,0.4148474665037315,0.0,0.0,0.0028735764899281,0.3513513513513513,0.1700407630675704,0.2535211267605634,0.2128146280898453,0.2412252712188896,0.4452806208852001,0.5,0.0,0.0,0.1043680969431194,0.1644736842105263,0.9511723499102646,0.178852762357917,0.333623417721519,0.1620999790838736,0,1,,,,
12f90c19f2c2b74ec542b62e74e7cad1,2019-08-16,0.5040276221121516,0.4351721730022257,0.0,0.0,0.0032417560326123,0.3693693693693693,0.1714323131560831,0.2769953051643192,0.2097802776628165,0.2416507126143373,0.3852436542164905,0.643,0.0,0.0,0.094511377287412,0.1447368421052631,0.9511723499102646,0.1704203013481364,0.3580432489451477,0.1302775868766247,0,0,,,,
12f90c19f2c2b74ec542b62e74e7cad1,2019-08-17,0.5049531797968112,0.4497425042552263,0.0,0.0,0.0032523284555252,0.3603603603603604,0.1715598187042443,0.2769953051643192,0.2187761014334625,0.2399489470325462,0.3628797873610121,0.643,0.0,0.0,0.0794208721615096,0.1447368421052631,0.9527586406530424,0.1738038593708696,0.360759493670886,0.1248991543908925,0,1,,,,
12f90c19f2c2b74ec542b62e74e7cad1,2019-08-24,0.4556527712498644,0.4944551128180509,0.0,0.0,0.0028315462201232,0.3333333333333333,0.1724436690705814,0.3004694835680751,0.2307667707588697,0.2520740268028079,0.3407675261040808,0.643,0.0,0.0,0.0731826080871461,0.1447368421052631,0.944028252185492,0.1637324874438276,0.3743143459915612,0.2084441390025996,0,0,,,,
12f90c19f2c2b74ec542b62e74e7cad1,2019-08-28,0.3721573448063921,0.5193449133679571,0.0,0.0,0.0022530443458338,0.4054054054054054,0.1807438522303275,0.2723004694835681,0.2711821362729975,0.3080195703041906,0.3784728830453309,0.7859999999999999,0.0,0.0,0.0744728309676817,0.1447368421052631,0.9789613848202398,0.1795400475812847,0.3815532700421941,0.2327367257298234,0,1,,,,
12f90c19f2c2b74ec542b62e74e7cad1,2019-09-07,0.2892910083517119,0.5243660803910444,0.0,0.0,0.0016215840564458,0.2792792792792793,0.1746646546181548,0.2676056338028169,0.3413202152074946,0.3607743033397149,0.4449838553074265,0.929,0.0,0.0,0.0827054734607714,0.125,0.9853181265558966,0.1798308220988633,0.384256329113924,0.1698987061881854,0,0,,,,
12f90c19f2c2b74ec542b62e74e7cad1,2019-09-09,0.2233197151017752,0.577130886396369,0.0,0.0,0.0011728953020083,0.2522522522522522,0.173116948781036,0.2582159624413145,0.3475676285789533,0.3526909168262072,0.4258457012538346,0.929,0.0,0.0,0.0797911734176181,0.1447368421052631,0.01111561396399,0.2539254559873117,0.4059599156118143,0.2191113634326351,0,1,,,,
12f90c19f2c2b74ec542b62e74e7cad1,2019-09-20,0.114949925883076,0.6132501200192031,0.0,0.0,0.002481914356822,0.4324324324324324,0.0984662923258006,0.244131455399061,0.2826423115993829,0.4033184428844926,0.4691444441935556,0.613,0.276,0.111,0.1371135162874237,0.1381578947368421,0.988490708041452,0.2629130319851969,0.3616561181434599,0.2349478590850688,1,1,,,,
12f90c19f2c2b74ec542b62e74e7cad1,2019-09-21,0.1084493293322245,0.6123641600837951,0.0,0.0,0.0024735362103627,0.4594594594594594,0.0862425480288012,0.244131455399061,0.2790285563790963,0.4184216124228887,0.4762506894961114,0.569,0.312,0.119,0.1529198399832052,0.1381578947368421,0.9797603195739016,0.2571504097277293,0.3535205696202531,0.2298383482236232,0,1,,,,
12f90c19f2c2b74ec542b62e74e7cad1,2019-09-27,0.0409920821432445,0.6188757473923102,0.0,0.0,0.0022069291646013,0.6216216216216217,0.0124820247663516,0.2018779342723004,0.2556717709469882,0.456073175920017,0.5268105119528788,0.296,0.5579999999999999,0.146,0.2112145881200359,0.131578947368421,0.9869044172986744,0.169177901136664,0.3137394514767933,0.1068515253832133,0,1,,,,
12f90c19f2c2b74ec542b62e74e7cad1,2019-09-28,0.0023355869698832,0.6639636887356524,0.0,0.0,8.078239081924008e-05,0.6216216216216217,4.65133892885781e-05,0.1971830985915493,0.265450167425411,0.448415230801957,0.4946501553180714,0.325,0.589,0.086,0.2093499609288438,0.125,0.9900769987842296,0.1591858313507798,0.3128296413502109,0.1086443362117907,0,1,,,,
12f90c19f2c2b74ec542b62e74e7cad1,2019-10-01,0.0008062475143714,0.6801444594771527,0.0,0.0,7.154736613892651e-05,0.6126126126126126,3.225866695914866e-05,0.2206572769953051,0.2727642123480944,0.4328866198681131,0.4720959714072817,0.379,0.545,0.076,0.1981782344502629,0.1184210526315789,0.9726162218491288,0.111736716891356,0.3227848101265823,0.1098993037917949,1,1,,,,
12f90c19f2c2b74ec542b62e74e7cad1,2019-10-06,0.0027405184569217,0.6829812770043208,0.0,0.0,7.553302905692521e-05,0.6396396396396397,3.344869315002562e-05,0.2065727699530516,0.2770758869784416,0.4016166773027015,0.4661767884158201,0.3979999999999999,0.54,0.061,0.1867368003638865,0.1447368421052631,0.977375094077462,0.1164684113137721,0.3110232067510549,0.1581259150805271,1,1,,,,
12f90c19f2c2b74ec542b62e74e7cad1,2019-10-17,0.0149969268592501,0.6873565224981453,0.0,0.0,2.513050874381138e-05,0.1891891891891892,1.1957843821231426e-05,0.2347417840375587,0.2997065352345837,0.3367368644969155,0.448774067849643,0.148,0.183,0.026,0.1624543683885189,0.1513157894736842,0.9495860591674868,0.1245836637589214,0.3110232067510549,0.2178265156721546,1,1,,,,
12f90c19f2c2b74ec542b62e74e7cad1,2019-10-19,0.0631837738168408,0.6693667350412429,0.0,0.0,8.940227127207159e-06,0.0990990990990991,6.98020738842348e-06,0.2206572769953051,0.2883159637307649,0.3054669219315039,0.4323713182520507,0.095,0.107,0.013,0.1556314948507715,0.1381578947368421,0.9622879638742546,0.1475548506476341,0.310126582278481,0.1901873487315863,0,1,,,,
12f90c19f2c2b74ec542b62e74e7cad1,2019-10-26,0.0957337575472721,0.6285231091520097,0.0,0.0,0.0,0.0,0.0,0.2159624413145539,0.2799917227886677,0.2990853009997872,0.4637091181223771,0.0,0.0,0.0,0.1544287447078993,0.0986842105263157,0.9710183523418052,0.1196404969600846,0.3155458860759493,0.1857053216601428,0,1,,,,
12f90c19f2c2b74ec542b62e74e7cad1,2019-10-28,0.0888209985899707,0.6354056649063852,0.0,0.0,0.0,0.0,0.0,0.2488262910798122,0.2722468866398284,0.3082322910019144,0.4596995571096323,0.0,0.0,0.0,0.1539184870715293,0.0723684210526315,0.9694320615990274,0.1143536875495638,0.3481012658227848,0.0823796575731317,1,1,,,,
12f90c19f2c2b74ec542b62e74e7cad1,2019-11-08,0.0208033551466068,0.6999498101514423,0.0,0.0,0.0,0.0,0.0,0.2488262910798122,0.2519056397908122,0.2965326526271006,0.4249779845101271,0.0,0.0,0.0,0.16110437247058,0.1052631578947368,0.9813466103166792,0.1550621200105736,0.3580432489451477,0.0972301072698479,0,0,,,,
12f90c19f2c2b74ec542b62e74e7cad1,2019-11-15,0.081329766079757,0.6495810238729105,0.0,0.0,0.0,0.0,0.0,0.2206572769953051,0.2544602881974491,0.2837694107636673,0.4454322293868887,0.0,0.0,0.0,0.1590750049567884,0.131578947368421,0.0,0.211208035950304,0.3535205696202531,0.1492216212985926,0,1,,,,
12f90c19f2c2b74ec542b62e74e7cad1,2019-11-20,0.0831519577714306,0.6468947758914155,0.0,0.0,0.0,0.0,0.0,0.2488262910798122,0.2709864930960532,0.2831312486704956,0.4477773225938601,0.0,0.0,0.0,0.1611699770238275,0.125,0.9765761593238004,0.1849325931800158,0.3571334388185654,0.1463232437923925,0,1,,,,
12f90c19f2c2b74ec542b62e74e7cad1,2019-11-30,0.1570194150186196,0.586695325797582,0.0,0.0,0.0,0.0,0.0,0.2300469483568075,0.2972290153880883,0.2886619868113167,0.4708605234041592,0.0,0.0,0.0,0.1157672525396251,0.1776315789473684,0.9821339663057952,0.2615384615384615,0.3417721518987341,0.1797890459258374,0,0,,,,
12f90c19f2c2b74ec542b62e74e7cad1,2019-12-02,0.2280885064535955,0.5494697333391525,0.0,0.0,0.0,0.0,0.0,0.2347417840375587,0.3131287858835923,0.2839821314613912,0.4624801215448583,0.0,0.0,0.0,0.1016958048075016,0.1776315789473684,0.9789613848202398,0.2623843510441448,0.3408623417721519,0.1834941883048974,0,0,,,,
12f90c19f2c2b74ec542b62e74e7cad1,2019-12-23,0.2933692468997433,0.5988019901366036,0.0,0.0,0.0,0.0,0.0,0.4225352112676056,0.1291169720455999,0.171665603063178,0.3313129618817518,0.0,0.0,0.0,0.0753621371339265,0.3947368421052631,0.920743356683842,0.2247951361353423,0.4767932489451477,0.5444168882780053,0,0,,,,
12f90c19f2c2b74ec542b62e74e7cad1,2020-01-01,0.1902382587946057,0.5604482171692927,0.0,0.0,0.0,0.0,0.0,0.2159624413145539,0.3194081793897437,0.3118485428632205,0.4800247734743185,0.0,0.0,0.0,0.0650155701473041,0.1644736842105263,0.959648005557807,0.1877081681205392,0.2985232067510548,0.2272088923417097,0,0,,,,
12f90c19f2c2b74ec542b62e74e7cad1,2020-01-07,0.1261433891319281,0.6050822677082879,0.0,0.0,0.0,0.0,0.0,0.2112676056338028,0.35788780616276,0.3954477770687087,0.4712282546635742,0.0,0.0,0.0,0.0842435357646866,0.131578947368421,0.9845191918022348,0.1728257996299233,0.3245912447257384,0.2021095407416261,0,0,,,,
12f90c19f2c2b74ec542b62e74e7cad1,2020-01-12,0.0747315521168516,0.6543097804739666,0.0,0.0,0.0,0.0,0.0,0.2300469483568075,0.303002370292336,0.3711976175281855,0.4443290356086436,0.0,0.0,0.0,0.1256166828005271,0.1118421052631579,0.9988073872517802,0.1581284694686756,0.3616561181434599,0.110945110108465,0,1,,,,
12f90c19f2c2b74ec542b62e74e7cad1,2020-01-17,0.0439856827795654,0.6999476279841139,0.0,0.0,0.0,0.0,0.0,0.2394366197183098,0.2339027051431581,0.3288661986811316,0.4042979397372334,0.0,0.0,0.0,0.1604147957219999,0.0723684210526315,0.9900769987842296,0.1099656357388316,0.3580432489451477,0.0870110855469567,0,0,,,,
12f90c19f2c2b74ec542b62e74e7cad1,2020-01-18,0.0052677247912072,0.7342687557281894,0.0,0.0,0.0,0.0,0.0,0.2488262910798122,0.2357970578276082,0.3220591363539672,0.3881080871845656,0.0,0.0,0.0,0.1614659264529221,0.0723684210526315,0.9797603195739016,0.1105471847739889,0.3580432489451477,0.0870110855469567,0,1,,,,
12f90c19f2c2b74ec542b62e74e7cad1,2020-01-23,0.006251129831158,0.7501942128922444,0.0,0.0,0.0,0.0,0.0,0.2347417840375587,0.2034369238872794,0.2969580940225483,0.3636894412742856,0.0,0.0,0.0,0.1618610116513686,0.0986842105263157,0.9892896427951138,0.1893999471319059,0.3535205696202531,0.180267128813458,1,1,,,,
12f90c19f2c2b74ec542b62e74e7cad1,2020-01-27,0.0048555623847572,0.7497359577532404,0.0,0.0,0.0,0.0,0.0,0.2347417840375587,0.2241901501185146,0.3114231014677728,0.3656119661042098,0.0,0.0,0.0,0.1616117143490278,0.131578947368421,0.9718172870954668,0.2017975151995771,0.3345332278481013,0.2386828816446051,1,1,,,,
12f90c19f2c2b74ec542b62e74e7cad1,2020-02-01,0.0319642792581076,0.6991969624230785,0.0,0.0,0.0,0.0,0.0,0.2206572769953051,0.2330467662440272,0.3303552435651989,0.4161363057201565,0.0,0.0,0.0,0.167177896222344,0.1381578947368421,0.9742025125919064,0.1885804916732752,0.3245912447257384,0.2582842800370514,0,0,,,,
12f90c19f2c2b74ec542b62e74e7cad1,2020-02-04,0.0334900032539137,0.6781979662200499,0.0,0.0,0.0,0.0,0.0,0.2112676056338028,0.2518793032093006,0.3386513507764305,0.4458128634975113,0.0,0.0,0.0,0.175035863822442,0.131578947368421,0.96546054535981,0.105868358445678,0.3037974683544304,0.1998984073863806,1,1,,,,
12f90c19f2c2b74ec542b62e74e7cad1,2020-02-14,0.021479446111573,0.6705603805699822,0.0,0.0,0.0,0.0,0.0,0.2535211267605634,0.2644192783776666,0.3360987024037438,0.4678186762319803,0.0,0.0,0.0,0.237804842490757,0.0855263157894736,0.9837318358131188,0.1040708432461009,0.3661787974683544,0.0807362476469358,0,1,,,,
12f90c19f2c2b74ec542b62e74e7cad1,2020-02-16,0.0039263892403919,0.6988412691485184,0.0,0.0,0.0,0.0,0.0,0.2676056338028169,0.2580759246021294,0.3309934056583705,0.4416710482598892,0.0,0.0,0.0,0.2519069056810627,0.0855263157894736,0.9781740288311236,0.1046259582342056,0.3770305907172996,0.0847999521917112,0,1,,,,
12f90c19f2c2b74ec542b62e74e7cad1,2020-02-20,0.0063812863805632,0.6883777768079258,0.0,0.0,0.0,0.0,0.0,0.2769953051643192,0.2776665788780616,0.3431184854286322,0.4549513078652555,0.0,0.0,0.0,0.2934447930395026,0.0723684210526315,0.9749898685810224,0.0876024319323288,0.384256329113924,0.0786147548331192,0,1,,,,
12f90c19f2c2b74ec542b62e74e7cad1,2020-02-25,0.0051339527820962,0.7004953519835899,0.0,0.0,0.0,0.0,0.0,0.2863849765258215,0.267449866435908,0.3278025951925122,0.4381517955930311,0.0,0.0,0.0,0.3271917752300532,0.0592105263157894,0.959902738377815,0.0937615648955855,0.3788370253164557,0.0714733916992858,0,0,,,,
12f90c19f2c2b74ec542b62e74e7cad1,2020-02-27,0.0073140749846342,0.6801771919870816,0.0,0.0,0.0,0.0,0.0,0.2676056338028169,0.2746416343730012,0.3371623058923633,0.4662413026718578,0.0,0.0,0.0,0.3366650727190025,0.0789473684210526,0.9749898685810224,0.1007665873645255,0.3752241561181434,0.0778677503212119,0,0,,,,
12f90c19f2c2b74ec542b62e74e7cad1,2020-02-29,0.0236595683141111,0.6336839348841269,0.0,0.0,0.0,0.0,0.0,0.2488262910798122,0.2605929493208924,0.3273771537970644,0.520384892051521,0.0,0.0,0.0,0.3436453971845441,0.0789473684210526,0.9869044172986744,0.113137721385144,0.3670886075949367,0.0659455583111722,0,1,,,,
12f90c19f2c2b74ec542b62e74e7cad1,2020-03-01,0.0267037853863118,0.6392964692532622,0.0,0.0,0.0,0.0,0.0,0.244131455399061,0.2632096768125211,0.3241863433312061,0.5093755342586828,0.0,0.0,0.0,0.331702452735564,0.0789473684210526,0.9924622242806692,0.1144594237377742,0.3688950421940928,0.0692921385245167,0,1,,,,
12f90c19f2c2b74ec542b62e74e7cad1,2020-03-09,0.0295563830941104,0.6266726312573647,0.0,0.0,0.0,0.0,0.0,0.2159624413145539,0.2463091162195718,0.337800467985535,0.5254879697041054,0.0,0.0,0.0,0.2381386967728391,0.1052631578947368,0.0190470676778787,0.1544805709754163,0.3697916666666666,0.1241521498789852,0,1,,,,
12f90c19f2c2b74ec542b62e74e7cad1,2020-03-15,0.0618207455077913,0.6312289966394623,0.0,0.0,0.0,0.0,0.0,0.2253521126760563,0.2514673238270815,0.3229100191448628,0.4899664203297323,0.0,0.0,0.0,0.1669402619516917,0.1447368421052631,0.0047588722283332,0.1772931535818133,0.3643723628691983,0.2248483580840828,0,0,,,,
12f90c19f2c2b74ec542b62e74e7cad1,2020-03-19,0.1129108066090603,0.6169641688124645,0.0,0.0,0.0,0.0,0.0,0.2347417840375587,0.2861281462808984,0.2858966177409062,0.465470357312207,0.0,0.0,0.0,0.1350972696842817,0.1381578947368421,0.0087303884675505,0.1672746497488765,0.3770305907172996,0.2216810589535961,1,1,,,,
12f90c19f2c2b74ec542b62e74e7cad1,2020-04-04,0.0618894392421996,0.6439095709859033,0.0,0.0,6.127072343763693e-05,0.072072072072072,0.0855803368415198,0.3004694835680751,0.2297528123706685,0.1922995107423952,0.4711605146947346,0.357,0.0,0.0,0.0973833988406946,0.1447368421052631,0.9789613848202398,0.1625958234205657,0.4150052742616033,0.1328472823975857,0,0,,,,
12f90c19f2c2b74ec542b62e74e7cad1,2020-04-09,0.0539715824867131,0.6519486754244315,0.0,0.0,6.127072343763693e-05,0.072072072072072,0.0855803368415198,0.295774647887324,0.2560085029534595,0.2135715805147841,0.4663412997687163,0.357,0.0,0.0,0.1145032714803886,0.1381578947368421,0.9678457708562496,0.1487179487179487,0.3960179324894514,0.1825081423491798,0,0,,,,
12f90c19f2c2b74ec542b62e74e7cad1,2020-04-15,0.0593622329079142,0.6642080914764544,0.0,0.0,1.9644326280501024e-05,0.018018018018018,0.0244515001339003,0.3004694835680751,0.2706046126641333,0.2433524781961284,0.443409707460106,0.143,0.0,0.0,0.130383947003184,0.0723684210526315,0.9622879638742546,0.1292889241342849,0.3960179324894514,0.1534646069262258,0,0,,,,
12f90c19f2c2b74ec542b62e74e7cad1,2020-04-16,0.0584402906829603,0.6593985946842406,0.0,0.0,1.422791257142586e-05,0.009009009009009,0.0122257532659453,0.3004694835680751,0.2677414500169306,0.2405871091257179,0.4513417352399446,0.071,0.0,0.0,0.1331801588504916,0.0723684210526315,0.96546054535981,0.1223896378535553,0.3996308016877637,0.1543610123405145,0,0,,,,
12f90c19f2c2b74ec542b62e74e7cad1,2020-04-18,0.0793376477819154,0.6461266529917513,0.0,0.0,0.0,0.0,0.0,0.295774647887324,0.2978008954437714,0.2510104233141884,0.4523159005061143,0.0,0.0,0.0,0.1309612670717626,0.0855263157894736,0.9519712846639264,0.1204070843246101,0.3761207805907173,0.1934442884035019,0,0,,,,
12f90c19f2c2b74ec542b62e74e7cad1,2020-04-24,0.0939802595900068,0.6619800986339631,0.0,0.0,0.0,0.0,0.0,0.2863849765258215,0.3053895932879341,0.259519251223144,0.4158201858655716,0.0,0.0,0.0,0.1237126928773865,0.0921052631578947,0.975788803334684,0.1718741739360296,0.3960179324894514,0.1872889712253862,0,0,,,,
12f90c19f2c2b74ec542b62e74e7cad1,2020-04-26,0.1102317509671354,0.6515537031379568,0.0,0.0,0.0,0.0,0.0,0.295774647887324,0.3088152300688513,0.2688789619229951,0.4167298368757036,0.0,0.0,0.0,0.1276066875823701,0.0855263157894736,0.96546054535981,0.1528152260111022,0.3924050632911392,0.1744703738010577,0,0,,,,
12f90c19f2c2b74ec542b62e74e7cad1,2020-05-11,0.055027296720778,0.671878409636451,0.0,0.0,0.0,0.0,0.0,0.2910798122065727,0.3162214530268257,0.2788768347160178,0.435938956610937,0.0,0.0,0.0,0.1093934057218833,0.0723684210526315,0.9821339663057952,0.1557229711868887,0.4086761603375527,0.0663041204768876,0,0,,,,
12f90c19f2c2b74ec542b62e74e7cad1,2020-05-19,0.0655808236017209,0.6480906035874829,0.0,0.0,0.0,0.0,0.0,0.2676056338028169,0.3007167312539975,0.2561157200595618,0.4616865961955943,0.0,0.0,0.0,0.1230420685553002,0.0855263157894736,0.9702309963526892,0.1312979117102828,0.3688950421940928,0.1733946873039113,0,0,,,,
12f90c19f2c2b74ec542b62e74e7cad1,2020-05-23,0.1601214794461115,0.6011478200148387,0.0,0.0,0.0,0.0,0.0,0.2769953051643192,0.3019094021595996,0.2535630716868751,0.446728965933247,0.0,0.0,0.0,0.1339193034837475,0.0855263157894736,0.9519712846639264,0.121543748347872,0.3562368143459916,0.1730660053186721,0,0,,,,
12f90c19f2c2b74ec542b62e74e7cad1,2020-05-27,0.1868144184533063,0.5638414873652513,0.0,0.0,0.0,0.0,0.0,0.2676056338028169,0.3317844915158583,0.2705807275047862,0.4780603143779696,0.0,0.0,0.0,0.1370027174863834,0.0986842105263157,0.9408556706999364,0.120010573618821,0.3363396624472574,0.1577374727343353,0,0,,,,
12f90c19f2c2b74ec542b62e74e7cad1,2020-05-29,0.1859069380671752,0.5694540217343866,0.0,0.0,0.0,0.0,0.0,0.2769953051643192,0.3419127882915083,0.276749627738779,0.4705734349647913,0.0,0.0,0.0,0.1315939865408614,0.0986842105263157,0.942441961442714,0.1240021147237642,0.3462816455696202,0.1416021752771386,0,1,,,,
12f90c19f2c2b74ec542b62e74e7cad1,2020-05-30,0.2001120792508767,0.5843713175926328,0.0,0.0,0.0,0.0,0.0,0.2769953051643192,0.3467925806087512,0.2776005105296745,0.4358486366524843,0.0,0.0,0.0,0.1279711573226344,0.0986842105263157,0.9337115729751636,0.1010309278350515,0.3363396624472574,0.1135446858099023,0,1,,,,
12f90c19f2c2b74ec542b62e74e7cad1,2020-06-12,0.2335984670450848,0.6215859992144198,0.0,0.0,0.0,0.0,0.0,0.2723004694835681,0.2762745024267279,0.2444160816847479,0.3509607785580418,0.0,0.0,0.0,0.0928246113294689,0.1513157894736842,0.931326347478724,0.1644990748083531,0.3300105485232067,0.212298682284041,0,1,,,,
12f90c19f2c2b74ec542b62e74e7cad1,2020-06-16,0.2522723164250334,0.6014184087635841,0.0,0.0,0.0,0.0,0.0,0.2863849765258215,0.2503103954249595,0.253775792384599,0.3641120096513326,0.0,0.0,0.0,0.1074179797296509,0.125,0.9154402825218548,0.0776632302405498,0.3263976793248945,0.1865718468939552,0,0,,,,
12f90c19f2c2b74ec542b62e74e7cad1,2020-06-26,0.1936331754582595,0.6202112337974076,0.0,0.0,0.0,0.0,0.0,0.295774647887324,0.2653391775461831,0.2763241863433312,0.3886500069352825,0.0,0.0,0.0,0.1370318750656045,0.0460526315789473,0.9265558964858448,0.0917790113666402,0.3499077004219409,0.09971016224938,0,1,,,,
12f90c19f2c2b74ec542b62e74e7cad1,2020-07-02,0.1365848367619943,0.6877929559638634,0.0,0.0,0.0,0.0,0.0,0.2910798122065727,0.3107660182851123,0.303339714954265,0.3396482037618262,0.0,0.0,0.0,0.120535974621243,0.0723684210526315,0.93211370346784,0.1212529738302934,0.3489978902953586,0.0871903666298144,1,1,,,,
12f90c19f2c2b74ec542b62e74e7cad1,2020-07-03,0.1558443906142666,0.673680879849867,0.0,0.0,0.0,0.0,0.0,0.2910798122065727,0.3184017457391173,0.3122739842586683,0.3433255163559767,0.0,0.0,0.0,0.1238351547101153,0.0723684210526315,0.9249696057430672,0.1179222839016653,0.3435785864978903,0.0757761376878716,0,1,,,,
12f90c19f2c2b74ec542b62e74e7cad1,2020-07-08,0.1593911565855598,0.6778008117662461,0.0,0.0,0.0,0.0,0.0,0.2723004694835681,0.3323751834154784,0.3220591363539672,0.3340741720401666,0.0,0.0,0.0,0.116453913530283,0.0986842105263157,0.9265558964858448,0.1133227597145123,0.321875,0.1272298084680431,1,1,,,,
12f90c19f2c2b74ec542b62e74e7cad1,2020-07-13,0.1378068621425214,0.6981604329419978,0.0,0.0,0.0,0.0,0.0,0.2816901408450704,0.3021821738966853,0.3137630291427355,0.3232293256002245,0.0,0.0,0.0,0.1162119056227475,0.0986842105263157,0.9241822497539512,0.0613005551149881,0.3327267932489451,0.13514805629426,0,1,,,,
12f90c19f2c2b74ec542b62e74e7cad1,2020-07-18,0.1026790556419248,0.7068607340810895,0.0,0.0,0.0,0.0,0.0,0.2769953051643192,0.2997159411565521,0.3222718570516911,0.3417126599550335,0.0,0.0,0.0,0.1140921496133705,0.1052631578947368,0.9360852197070574,0.0385672746497488,0.3390559071729958,0.1707951116024741,0,1,,,,
12f90c19f2c2b74ec542b62e74e7cad1,2020-07-24,0.0870349614953541,0.6652642604634922,0.0,0.0,0.0,0.0,0.0,0.2769953051643192,0.3737311411264532,0.4001276324186343,0.4171588566783544,0.0,0.0,0.0,0.1211278734794322,0.1052631578947368,0.9360852197070574,0.0509119746233148,0.3381460970464135,0.170167627812472,0,1,,,,
12f90c19f2c2b74ec542b62e74e7cad1,2020-07-29,0.0837123540258143,0.6454654562911886,0.0,0.0,0.0,0.0,0.0,0.2582159624413145,0.3559106813649874,0.3801318868325887,0.4493901789948034,0.0,0.0,0.0,0.1203347873246171,0.1052631578947368,0.9289411219822844,0.0486122125297383,0.3110232067510549,0.1829264648758478,1,1,,,,
12f90c19f2c2b74ec542b62e74e7cad1,2020-07-31,0.095444520770816,0.6380569982106229,0.0,0.0,0.0,0.0,0.0,0.2629107981220657,0.3500131682907558,0.3939587321846415,0.4498740359150863,0.0,0.0,0.0,0.1284420522270558,0.1052631578947368,0.9225959590111736,0.0742796722178165,0.3074103375527426,0.1844204738996623,0,1,,,,
12f90c19f2c2b74ec542b62e74e7cad1,2020-08-07,0.1787230196319462,0.6303277615327542,0.0,0.0,0.0,0.0,0.0,0.2629107981220657,0.3323507280183603,0.372048500319081,0.3869984419807166,0.0,0.0,0.0,0.1217460141589204,0.0723684210526315,0.9233833150002896,0.077583928099392,0.3074103375527426,0.1209250903875459,1,1,,,,
12f90c19f2c2b74ec542b62e74e7cad1,2020-10-08,0.0347843378285549,0.6422794919914461,0.0,0.0,0.0,0.0,0.0,0.1737089201877934,0.2693442191203581,0.2780259519251222,0.4977532910334861,0.0,0.0,0.0,0.185576328710885,0.125,0.0190470676778787,0.1818398096748612,0.3245912447257384,0.095497056802223,0,1,,,,
12f90c19f2c2b74ec542b62e74e7cad1,2020-10-15,0.0327849886113019,0.6930803474010389,0.0,0.0,0.0,0.0,0.0,0.1690140845070422,0.3512566311749877,0.4114018293980004,0.424442516185014,0.0,0.0,0.0,0.1627065814487817,0.0986842105263157,0.034134197881086,0.1687285223367697,0.3363396624472574,0.1453371978366749,1,1,,,,
12f90c19f2c2b74ec542b62e74e7cad1,2020-10-24,0.0389565783289345,0.6973355736917908,0.0,0.0,0.0,0.0,0.0,0.1784037558685446,0.2918996200007525,0.3746011486917677,0.4126460844685154,0.0,0.0,0.0,0.1547174047421886,0.1052631578947368,0.016673420945985,0.149431667988369,0.3263976793248945,0.2198284877640661,0,0,,,,
12f90c19f2c2b74ec542b62e74e7cad1,2020-10-31,0.0272931053183412,0.7055274298433204,0.0,0.0,0.0,0.0,0.0,0.2065727699530516,0.272058768200459,0.3209955328653478,0.4109429081091194,0.0,0.0,0.0,0.1611743506607107,0.131578947368421,0.9615006078851388,0.144091990483743,0.2929456751054852,0.1657752412824573,0,1,,,,
12f90c19f2c2b74ec542b62e74e7cad1,2020-11-07,0.0173578220470732,0.7087897699995636,0.0,0.0,0.0,0.0,0.0,0.2347417840375587,0.281417660559088,0.31674111891087,0.414984726249883,0.0,0.0,0.0,0.165238917204138,0.1118421052631579,0.9583164476350372,0.1667195347607719,0.3182621308016877,0.0992619595422356,0,0,,,,
12f90c19f2c2b74ec542b62e74e7cad1,2020-11-13,0.0194475577569687,0.7049775236765156,0.0,0.0,0.0,0.0,0.0,0.2065727699530516,0.3224105496820798,0.3203573707721761,0.4187588102280901,0.0,0.0,0.0,0.1651908071984231,0.131578947368421,0.9861054825450124,0.1890298704731694,0.3191587552742616,0.1376281112737921,0,1,,,,
12f90c19f2c2b74ec542b62e74e7cad1,2020-11-17,0.0153150873133518,0.7184938681098066,0.0,0.0,0.0,0.0,0.0,0.1924882629107981,0.331916174423417,0.2961072112316528,0.40246250915296,0.0,0.0,0.0,0.160365227837324,0.1052631578947368,0.9726162218491288,0.1752048638646577,0.2911392405063291,0.1963426659097021,0,1,,,,
12f90c19f2c2b74ec542b62e74e7cad1,2020-11-24,0.1379044795545753,0.6375070920438178,0.0,0.0,0.0,0.0,0.0,0.2159624413145539,0.295095752285639,0.2522867475005317,0.4128041443958078,0.0,0.0,0.0,0.1416752195565715,0.1447368421052631,0.96546054535981,0.2004493787998943,0.3065005274261603,0.2037230704873457,0,1,,,,
12f90c19f2c2b74ec542b62e74e7cad1,2020-12-03,0.1612097328175277,0.6150525902326189,0.0,0.0,0.0,0.0,0.0,0.2676056338028169,0.319714812445916,0.2271857051691129,0.4252037844062591,0.0,0.0,0.0,0.1218407762913891,0.1184210526315789,0.9464134776819314,0.1712661908538197,0.3390559071729958,0.1193414408223025,0,1,,,,
12f90c19f2c2b74ec542b62e74e7cad1,2020-12-05,0.1276944213456741,0.6284532797974949,0.0,0.0,3.930634041418844e-09,0.0,0.0,0.2723004694835681,0.3281613303736032,0.2278238672622846,0.4352970397633617,0.0,0.0,0.0,0.124874622409349,0.125,0.9368841544607192,0.1828443034628601,0.3345332278481013,0.1225087399527893,0,0,,,,
12f90c19f2c2b74ec542b62e74e7cad1,2020-12-06,0.1210600527857117,0.6278444551128182,0.0,0.0,3.930634041418844e-09,0.0,0.0,0.2488262910798122,0.3375898265547988,0.2414379919166134,0.4421161966265495,0.0,0.0,0.0,0.1173286409069173,0.1184210526315789,0.9559428009031437,0.1937351308485329,0.330920358649789,0.1151582155556219,0,0,,,,
12f90c19f2c2b74ec542b62e74e7cad1,2020-12-13,0.0739867674174771,0.6878911534936499,0.0,0.0,3.930634041418844e-09,0.0,0.0,0.2394366197183098,0.3412731855976523,0.2714316102956817,0.3953530381376024,0.0,0.0,0.0,0.09879754143292,0.1118421052631579,0.9392693799571586,0.1491144594237377,0.3028876582278481,0.1284847760480473,0,1,,,,
12f90c19f2c2b74ec542b62e74e7cad1,2020-12-21,0.0719006471672873,0.7235652249814517,0.0,0.0,0.0,0.0,0.0,0.2488262910798122,0.3161706610481959,0.2671771963412039,0.3444803215390521,0.0,0.0,0.0,0.0844286863927409,0.0986842105263157,0.93211370346784,0.1369283637324874,0.3019778481012658,0.0403382436429916,0,1,,,,
12f90c19f2c2b74ec542b62e74e7cad1,2020-12-26,0.0983296576159658,0.7189717627547682,0.0,0.0,9.826585103547109e-09,0.0,0.0,0.2112676056338028,0.2657116520561345,0.2167623909806424,0.3276904864052334,0.0,0.0,0.0,0.080756289289838,0.1381578947368421,0.914652926532739,0.1855934443563309,0.2459256329113924,0.2112528759673708,0,0,,,,
12f90c19f2c2b74ec542b62e74e7cad1,2020-12-30,0.1484724682743411,0.6884345131584689,0.0,0.0,9.826585103547109e-09,0.0,0.0,0.1971830985915493,0.2673106587907747,0.1980429695809402,0.3280904747926673,0.0,0.0,0.0,0.0710161999510152,0.1578947368421052,0.9019510218259712,0.1438012159661644,0.2151898734177215,0.2579257178713359,0,0,,,,
12f90c19f2c2b74ec542b62e74e7cad1,2021-02-04,0.1393253552189161,0.7021341596473618,0.0,0.0,2.3583804248513066e-08,0.0,0.0,0.295774647887324,0.2644004665337296,0.2488832163369495,0.3160037289239989,0.0,0.0,0.0,0.0980613125575862,0.0789473684210526,0.9305274127250625,0.0881311128733809,0.3508043248945147,0.0856365972450473,0,1,,,,
12f90c19f2c2b74ec542b62e74e7cad1,2021-02-09,0.0815973100979789,0.693654257408458,0.0,0.0,6.891384133117587e-06,0.0,0.0,0.2910798122065727,0.2747545054366229,0.2544139544777706,0.3800405794670477,0.0,0.0,0.0,0.111605008105807,0.1118421052631579,0.9233833150002896,0.0781919111816019,0.3408623417721519,0.1701975079929482,0,1,,,,
12f90c19f2c2b74ec542b62e74e7cad1,2021-02-16,0.1587909902744134,0.6043534238205387,0.0,0.0,6.8678003288690745e-06,0.0,0.0,0.2488262910798122,0.3324598367131947,0.2893001489044884,0.4431774561383701,0.0,0.0,0.0,0.1139682299016806,0.131578947368421,0.9670584148671336,0.1739624636531853,0.3444752109704641,0.2174081931454866,0,0,,,,
12f90c19f2c2b74ec542b62e74e7cad1,2021-02-24,0.2552297624642973,0.5540217343865929,0.0,0.0,0.0,0.0,0.0,0.2159624413145539,0.3656326423115993,0.2969580940225483,0.4315358586363621,0.0,0.0,0.0,0.1003676770739786,0.125,0.9749898685810224,0.17644726407613,0.3164556962025316,0.226103325664087,1,1,,,,
12f90c19f2c2b74ec542b62e74e7cad1,2021-02-27,0.1986333562312448,0.599199144590407,0.0,0.0,0.0,0.009009009009009,0.0122257660619258,0.2159624413145539,0.3677696677828361,0.2863220591363539,0.4152492346996377,0.0,0.0,0.0,0.095734537735739,0.125,0.977375094077462,0.143695479777954,0.3182621308016877,0.2183942391012041,0,1,,,,
12f90c19f2c2b74ec542b62e74e7cad1,2021-02-28,0.2006543982067319,0.6020119582769607,0.0,0.0,0.0,0.009009009009009,0.0122257660619258,0.2112676056338028,0.3680951126829452,0.2837694107636673,0.4092913431545535,0.0,0.0,0.0,0.0942343802848112,0.125,0.9718172870954668,0.1463124504361617,0.3110232067510549,0.2070397705202139,1,1,,,,
12f90c19f2c2b74ec542b62e74e7cad1,2021-03-07,0.1734046784048591,0.6414306289006241,0.0,0.0,0.0,0.009009009009009,0.0122257660619258,0.2347417840375587,0.3118458181270928,0.2501595405232928,0.3753310387762936,0.0,0.0,0.0,0.0952928004105387,0.131578947368421,0.9829329010594572,0.1893470790378006,0.3453850210970464,0.1631159052200675,1,1,,,,
12f90c19f2c2b74ec542b62e74e7cad1,2021-03-12,0.1197006399363679,0.6564199362807142,0.0,0.0,0.0,0.009009009009009,0.0122257660619258,0.2488262910798122,0.3200176831333007,0.2533503509891512,0.4010883554993564,0.0,0.0,0.0,0.0944661830396193,0.1381578947368421,0.9964337405198864,0.2087232355273592,0.3761207805907173,0.1360145815280724,1,1,,,,
12f90c19f2c2b74ec542b62e74e7cad1,2021-03-13,0.1162261831591886,0.6533387160127437,0.0,0.0,0.0,0.009009009009009,0.0122257852558966,0.2535211267605634,0.317154520486098,0.2514358647096362,0.4087461976910347,0.0,0.0,0.0,0.0936716390058431,0.125,0.9908759335378916,0.2006872852233677,0.3779272151898734,0.1344608121433053,0,0,,,,
12f90c19f2c2b74ec542b62e74e7cad1,2021-03-20,0.0958964532340287,0.6352660061973552,0.0,0.0,0.0,0.009009009009009,0.0122257852558966,0.2488262910798122,0.3059426614996802,0.2220804084237396,0.4535965084884632,0.0,0.0,0.0,0.0922210494395913,0.1381578947368421,0.0063451629711109,0.2354480570975416,0.3878823839662447,0.1145307317656198,0,0,,,,
12f90c19f2c2b74ec542b62e74e7cad1,2021-03-27,0.1613471202863444,0.62483742853402,0.0,0.0,0.0,0.009009009009009,0.0122257404699647,0.2347417840375587,0.3056736521313819,0.2156987874920229,0.4106171111161288,0.0,0.0,0.0,0.0940463138988348,0.1776315789473684,0.9686447056099114,0.2384086703674332,0.3327267932489451,0.290584755131921,0,0,,,,
12f90c19f2c2b74ec542b62e74e7cad1,2021-04-01,0.4379370186919266,0.4812660934840483,0.0,0.0,0.0,0.009009009009009,0.0122257404699647,0.2347417840375587,0.3214549080100832,0.2565411614550095,0.3760729527207274,0.0,0.0,0.0,0.1028693973711526,0.1776315789473684,0.9511723499102646,0.1826592651334919,0.3119330168776371,0.3422475871754266,1,1,,,,
12f90c19f2c2b74ec542b62e74e7cad1,2021-04-06,0.4331284572833435,0.4836468380395408,0.0,0.0,0.0,0.009009009009009,0.0122257404699647,0.2347417840375587,0.3316189472892133,0.2788768347160178,0.3768471237931802,0.0,0.0,0.0,0.1184730758913472,0.1184210526315789,0.9384704452034968,0.1062384351044144,0.2983649789029536,0.2459437655003436,1,1,,,,
12f90c19f2c2b74ec542b62e74e7cad1,2021-04-14,0.1461477276835749,0.6434164011696416,0.0,0.0,0.0,0.0,0.0,0.244131455399061,0.3051845441890214,0.3107849393746011,0.3967142889399985,0.0,0.0,0.0,0.1312892898380004,0.125,0.9956348057662248,0.3179222839016654,0.372507911392405,0.1793707233991693,1,1,,,,
12f90c19f2c2b74ec542b62e74e7cad1,2021-04-23,0.1853501572724972,0.6330751101994502,0.0,0.0,0.0,0.0,0.0,0.2065727699530516,0.3166503630685879,0.3256753882152733,0.3770277637100858,0.0,0.0,0.0,0.1400598896677202,0.1776315789473684,0.0492213280842934,0.3780597409463389,0.3942114978902953,0.1733946873039113,1,1,,,,
12f90c19f2c2b74ec542b62e74e7cad1,2021-04-29,0.1536678838714342,0.6462663117007813,0.0,0.0,0.0,0.0,0.0,0.2065727699530516,0.3245626246284661,0.3124867049563922,0.385795251105613,0.0,0.0,0.0,0.1342137950338811,0.1710526315789473,0.0150755514386614,0.2792228390166534,0.3526107594936709,0.2440613141303373,0,1,,,,
12f90c19f2c2b74ec542b62e74e7cad1,2021-05-06,0.1282801258179977,0.6596888229389428,0.0,0.0,6.296875734352988e-06,0.0,0.0,0.2206572769953051,0.3027446480303999,0.3088704530950861,0.3885983955304523,0.0,0.0,0.0,0.1452149496740182,0.1776315789473684,0.9662594801134718,0.2258260639703939,0.3119330168776371,0.265455523351361,0,1,,,,
12f90c19f2c2b74ec542b62e74e7cad1,2021-05-09,0.1318594309266423,0.6710033605376859,0.0,0.0,6.296875734352988e-06,0.0,0.0,0.2159624413145539,0.3145566048384062,0.3075941289087427,0.3686796189788038,0.0,0.0,0.0,0.1371587105352165,0.1842105263157894,0.9527586406530424,0.2053396775046259,0.2920358649789029,0.2636627125227836,1,1,,,,
12f90c19f2c2b74ec542b62e74e7cad1,2021-05-14,0.1407389999638454,0.6560227818269103,0.0,0.0,6.296875734352988e-06,0.0,0.0,0.2018779342723004,0.3286109334436961,0.3273771537970644,0.3829050124351228,0.0,0.0,0.0,0.1365493171294946,0.131578947368421,0.9956348057662248,0.1999735659529473,0.3245912447257384,0.1935040487644545,1,1,,,,
12f90c19f2c2b74ec542b62e74e7cad1,2021-05-17,0.1451462453450956,0.6391524462095755,0.0,0.0,1.2676294783575772e-07,0.0,0.0,0.1924882629107981,0.3480699048120697,0.3265262710061689,0.4039108542010071,0.0,0.0,0.0,0.1435879567534784,0.1381578947368421,0.999606322005442,0.1850911974623315,0.3182621308016877,0.1767711476977321,0,0,,,,
12f90c19f2c2b74ec542b62e74e7cad1,2021-05-29,0.2221591525362449,0.514882381180989,0.0,0.0,0.0,0.009009009009009,2.7447378273452547e-06,0.1924882629107981,0.3020787087550322,0.3027015528610934,0.5189010641626534,0.0,0.0,0.0,0.1918612449120024,0.1644736842105263,0.975788803334684,0.294395982024848,0.3761207805907173,0.4106134401051782,0,0,,,,
12f90c19f2c2b74ec542b62e74e7cad1,2021-06-03,0.2152030080624751,0.5476388949504649,0.0,0.0,0.0,0.009009009009009,2.7447378273452547e-06,0.2253521126760563,0.2471010948493171,0.2784513933205701,0.4766861607243661,0.0,0.0,0.0,0.1583358603235324,0.1578947368421052,0.9749898685810224,0.2755485064763415,0.4113924050632911,0.3795679325903129,1,1,,,,
12f90c19f2c2b74ec542b62e74e7cad1,2021-06-04,0.2275172638200947,0.5315912364160084,0.0,0.0,0.0,0.009009009009009,2.7447378273452547e-06,0.2300469483568075,0.2404529892020016,0.28610933843863,0.4894180491534116,0.0,0.0,0.0,0.1592470346741931,0.1578947368421052,0.9734035778382448,0.2740946338884483,0.4131988396624472,0.3790898497026922,1,1,,,,
12f90c19f2c2b74ec542b62e74e7cad1,2021-06-06,0.1968834737336852,0.5582398638327586,0.0,0.0,1.3266872548298952e-05,0.0,0.0,0.2394366197183098,0.238869031942511,0.2820676451818761,0.4773571089871584,0.0,0.0,0.0,0.1526676269229423,0.1447368421052631,0.9742025125919064,0.2540576262225746,0.4231408227848101,0.3783129650103087,1,1,,,,
12f90c19f2c2b74ec542b62e74e7cad1,2021-06-15,0.4172312809573738,0.4894033954523633,0.0,0.0,0.0003655047462189,0.0,0.0,0.2676056338028169,0.282962112946311,0.2818549244841523,0.3825179268988964,0.0,0.0,0.0,0.1260088522410515,0.1776315789473684,0.9861054825450124,0.2073486650806238,0.3851661392405063,0.2520990826784594,0,0,,,,
12f90c19f2c2b74ec542b62e74e7cad1,2021-06-26,0.1776022271231787,0.6990332998734342,0.0,0.0,1.955490435605875e-06,0.0,0.0,0.2394366197183098,0.2875409157605628,0.2086790044671346,0.2864400710947101,0.0,0.0,0.0,0.0947563009528696,0.1513157894736842,0.9154402825218548,0.0882104150145387,0.3544303797468354,0.4825350345116084,0,0,,,,
12f90c19f2c2b74ec542b62e74e7cad1,2021-07-02,0.1795473444448461,0.7022716361890631,0.0,0.0,1.955490435605875e-06,0.0,0.0,0.2112676056338028,0.2921799164754129,0.2152733460965752,0.2799144540964939,0.0,0.0,0.0,0.0909337423169778,0.1644736842105263,0.92099808950385,0.0883425852498017,0.3327267932489451,0.5140885050945708,0,0,,,,
12f90c19f2c2b74ec542b62e74e7cad1,2021-07-07,0.1476336816226183,0.7113603631126435,0.0,0.0,1.955490435605875e-06,0.0,0.0,0.2300469483568075,0.2747055946423868,0.2178259944692618,0.2949559528916902,0.0,0.0,0.0,0.1088000489847331,0.1447368421052631,0.9472008336710472,0.186254295532646,0.2992747890295358,0.2246989571817014,0,0,,,,
12f90c19f2c2b74ec542b62e74e7cad1,2021-07-09,0.1831447268520192,0.6806594509667,0.0,0.0,1.955490435605875e-06,0.0,0.0,0.2206572769953051,0.2820967681252116,0.2371835779621357,0.308649103735698,0.0,0.0,0.0,0.1177412206528965,0.1447368421052631,0.9456145429282696,0.1907216494845361,0.2884229957805907,0.2575073953446679,1,1,,,,
12f90c19f2c2b74ec542b62e74e7cad1,2021-07-12,0.1834520409270038,0.6693885567145288,0.0,0.0,0.0,0.0,0.0,0.1924882629107981,0.2810959780277662,0.2427143161029568,0.3250421761948847,0.0,0.0,0.0,0.1221396414784058,0.1052631578947368,0.9749898685810224,0.2168913560666138,0.2947521097046413,0.208384378641647,0,0,,,,
12f90c19f2c2b74ec542b62e74e7cad1,2021-08-06,0.1761343504826638,0.6707764151355126,0.0,0.0,0.0,0.0,0.0,0.295774647887324,0.2702471876293314,0.2454796851733673,0.329516239851101,0.0,0.0,0.0,0.0936556023372715,0.1118421052631579,0.8836913101372084,0.089320644990748,0.3019778481012658,0.2216212985926435,0,0,,,,
12f90c19f2c2b74ec542b62e74e7cad1,2021-08-14,0.2151343143280668,0.6189237550735391,0.0,0.0,0.0,0.0,0.0,0.295774647887324,0.2556473155498702,0.2354818123803446,0.3713730891683789,0.0,0.0,0.0,0.1002058525093012,0.125,0.8932090545938749,0.0952418715305313,0.3119330168776371,0.2536827322437028,0,0,,,,
12f90c19f2c2b74ec542b62e74e7cad1,2021-08-15,0.2132181206840449,0.6186335268188364,0.0,0.0,1.4739877655320664e-08,0.0,0.0,0.295774647887324,0.2531585085970126,0.2344182088917251,0.3735085110432278,0.0,0.0,0.0,0.0999215661118951,0.125,0.8940079893475367,0.094792492730637,0.3137394514767933,0.2547584187408492,0,0,,,,
12f90c19f2c2b74ec542b62e74e7cad1,2021-08-20,0.2776166889620015,0.5889538689826734,0.0,0.0,1.4739877655320664e-08,0.0,0.0,0.2582159624413145,0.2473569359268595,0.2282493086577323,0.3599250344344841,0.0,0.0,0.0,0.0888533490395493,0.125,0.909095119550744,0.1206185567010309,0.2902294303797468,0.2501568709475005,1,1,,,,
13789d5f8a59f1e347e42b99233530d6,2017-12-14,0.0,0.7588268668441496,0.0016324093896188,0.0084602368866328,2.8054900470627e-06,0.0900900900900901,1.3819658990829256e-05,0.5868544600938967,0.0166503630685879,0.0042544139544777,0.3565057788644846,0.0,0.166,0.3339999999999999,0.0824692970690801,0.8157894736842106,0.9559428009031437,0.2791435368754956,0.6962025316455696,0.6884393581737235,0,1,,,,
13789d5f8a59f1e347e42b99233530d6,2017-12-15,0.0,0.7205451053986819,0.0534800636173259,0.0389170896785109,1.1585543837082042e-05,0.1171171171171171,1.8445405958592934e-05,0.4366197183098592,0.142093381993303,0.0312699425654116,0.4130944585479776,0.0,0.228,0.439,0.0775635343651228,0.6776315789473685,0.0074104093093266,0.2828178694158075,0.5949367088607594,0.6490572803059731,0,0,,,,
13789d5f8a59f1e347e42b99233530d6,2017-12-17,0.1493401786037094,0.6126041984899402,0.0953886766756682,0.1184433164128595,0.0008930204010401,0.2342342342342342,0.0045790160468058,0.3380281690140844,0.1907426915986305,0.0599872367581365,0.4394130492985688,0.036,0.159,0.605,0.0944136993970212,0.5197368421052632,0.0355699646847681,0.2333333333333333,0.5189873417721518,0.5454626945946754,0,0,,,,
13789d5f8a59f1e347e42b99233530d6,2018-01-16,0.0,0.8104787675118929,0.0261302103009696,0.0423011844331641,1.0347394114035106e-05,0.1351351351351351,2.037759902119962e-05,0.6103286384976525,0.0363839873584408,0.0095724313975749,0.2801531568438336,0.0,0.3,0.2,0.1432992967191891,0.6776315789473685,0.9337115729751636,0.2283901665344964,0.6962025316455696,0.5736994651447694,1,1,,,,
13789d5f8a59f1e347e42b99233530d6,2018-01-17,0.0,0.7291428446733295,0.0762265224549571,0.1235194585448392,2.3812763681425716e-05,0.3603603603603604,2.6724405372543425e-05,0.4553990610328638,0.0923548666240264,0.041905977451606,0.4003851501085452,0.159,0.3429999999999999,0.165,0.1598753805064088,0.611842105263158,0.9818792334857872,0.2427967221781655,0.5822784810126582,0.5938984671467415,0,0,,,,
13789d5f8a59f1e347e42b99233530d6,2018-01-24,0.0235004880870602,0.6427442936324356,0.216403848754938,0.1979695431472081,0.000299654834123,0.5405405405405406,0.0013852864560348,0.2723004694835681,0.1578539448436736,0.0978515209529887,0.5071336638613717,0.4679999999999999,0.307,0.125,0.1467253122776734,0.3421052631578947,0.0555780698199502,0.1965635738831615,0.4696202531645569,0.4053246481608749,0,0,,,,
13789d5f8a59f1e347e42b99233530d6,2018-01-27,0.0180772985285079,0.6407978003753327,0.2411325189942492,0.2064297800338409,0.0002421054384641,0.5585585585585586,0.0010759628202804,0.2488262910798122,0.1671074908762557,0.1004041693256753,0.514849568883484,0.513,0.284,0.126,0.1486467967483467,0.3092105263157895,0.0675389335957853,0.1913031985196933,0.4566587552742615,0.3767591956255416,1,1,,,,
13789d5f8a59f1e347e42b99233530d6,2018-01-31,0.0167865794135724,0.6193405490332997,0.2753081755726259,0.2301184433164128,0.0002326444023264,0.6216216216216217,0.0010039470417615,0.1784037558685446,0.176716580759246,0.127845139332057,0.5477195823347064,0.5870000000000001,0.285,0.128,0.1420805099077454,0.0855263157894736,0.1016268164186881,0.1242664551942902,0.4204245780590717,0.2025876236292467,1,1,,,,
13789d5f8a59f1e347e42b99233530d6,2018-02-03,0.0165804982103474,0.6143586610221273,0.2410718866454919,0.2233502538071065,0.0002352975803044,0.5675675675675675,0.0010813947140226,0.1784037558685446,0.1837051807818202,0.1314613911933631,0.5552677502911205,0.622,0.283,0.095,0.1390277113632917,0.0921052631578947,0.1127424303826781,0.1197197991012424,0.4330828059071729,0.1961036244658918,0,1,,,,
13789d5f8a59f1e347e42b99233530d6,2018-02-05,0.0053291876062041,0.6093614978396544,0.2260910324756188,0.2148900169204737,0.0001500509718726,0.5765765765765766,0.000589530017774,0.1690140845070422,0.1843109221565897,0.1369921293341842,0.572689825134109,0.606,0.284,0.11,0.1432395236817858,0.0789473684210526,0.1143287211254559,0.1183980967486122,0.4240506329113923,0.173364807123435,0,0,,,,
13789d5f8a59f1e347e42b99233530d6,2018-02-12,0.0076792364149101,0.5673591410989395,0.2008703074060082,0.1996615905245347,0.0001114973478773,0.6216216216216217,0.000198887925643,0.1690140845070422,0.214336506264344,0.1469900021272069,0.632684857536394,0.621,0.27,0.109,0.1555658902975239,0.0789473684210526,0.0976553001794708,0.1033571239756806,0.4086761603375527,0.1270804075656617,0,1,,,,
13789d5f8a59f1e347e42b99233530d6,2018-02-24,0.006045048627933,0.6535962117575175,0.1911807916719137,0.2098138747884941,7.775973324138898e-05,0.6576576576576577,0.0001210243840141,0.1830985915492957,0.152934647654163,0.1269942565411614,0.5066659355050982,0.579,0.324,0.0969999999999999,0.1652447487199822,0.0723684210526315,0.0650958142766166,0.1303991541104943,0.3851661392405063,0.1974482325873248,0,0,,,,
13789d5f8a59f1e347e42b99233530d6,2018-03-02,0.0005025488990925,0.6846986426919216,0.2131040497744943,0.2148900169204737,4.574373631552215e-05,0.6306306306306306,4.188124433054088e-05,0.1924882629107981,0.1727905489296061,0.122101680493512,0.4656348686651033,0.615,0.259,0.126,0.1315254662296917,0.0789473684210526,0.0722514907659352,0.1153846153846153,0.4050632911392405,0.2168105895359608,1,1,,,,
13789d5f8a59f1e347e42b99233530d6,2018-03-09,0.0090169565060197,0.6664622703268888,0.245936466626556,0.2064297800338409,7.023944766164438e-05,0.6126126126126126,0.0001068976214901,0.1924882629107981,0.1926351630986869,0.1276324186343331,0.4850020483276291,0.573,0.252,0.176,0.116990412987952,0.1052631578947368,0.0984426561685868,0.18345228654507,0.4312763713080168,0.1523291600681268,1,1,,,,
13789d5f8a59f1e347e42b99233530d6,2018-03-16,0.0725152753172565,0.6237943525509536,0.2630254609224512,0.2098138747884941,0.0011557646161973,0.5765765765765766,0.0179922107155575,0.2112676056338028,0.1639527446480304,0.1186981493299298,0.4914179910905812,0.473,0.214,0.171,0.1208246346555323,0.131578947368421,0.068279974526718,0.2098863335976738,0.4177215189873417,0.1466519257776317,0,1,,,,
13789d5f8a59f1e347e42b99233530d6,2018-03-18,0.0877435915976716,0.6377885916292062,0.2299365225948779,0.1878172588832487,0.001185635469595,0.5315315315315315,0.0303405878630853,0.2535211267605634,0.1516516798976635,0.1123165283982131,0.4571480182833401,0.425,0.177,0.1119999999999999,0.1121342181686707,0.0921052631578947,0.023018583917096,0.1388051810732223,0.4113924050632911,0.1181462336032509,0,1,,,,
13789d5f8a59f1e347e42b99233530d6,2018-03-21,0.1064535955746773,0.6054379609828482,0.2388891220902302,0.1844331641285956,0.0012488695447363,0.4594594594594594,0.0488870820680001,0.2863849765258215,0.164447496143572,0.1021059349074664,0.488272921108742,0.307,0.1119999999999999,0.08,0.1004668128433304,0.1118421052631579,0.9876917732877902,0.1342056568860692,0.4095727848101265,0.1512235933905041,0,0,,,,
13789d5f8a59f1e347e42b99233530d6,2018-03-26,0.1236161827976427,0.631471217212936,0.1976987691633202,0.1539763113367174,0.0015210404029833,0.3243243243243243,0.0699387349564774,0.4225352112676056,0.124494901990293,0.0793448202510104,0.4344744829988807,0.1689999999999999,0.0,0.013,0.0884086959564269,0.3815789473684211,0.9468418919701268,0.1446735395189003,0.5074762658227847,0.5412794693279948,0,0,,,,
13789d5f8a59f1e347e42b99233530d6,2018-04-03,0.1652084312520337,0.6351721730022257,0.1351704935006786,0.104906937394247,0.0010798896219787,0.4414414414414415,0.0213293064723777,0.3568075117370892,0.1711990669325407,0.0897681344394809,0.3918950740139802,0.382,0.156,0.1889999999999999,0.1032571931747938,0.4210526315789474,0.0191975916169744,0.2177636796193497,0.5212816455696202,0.5403531837332298,0,1,,,,
13789d5f8a59f1e347e42b99233530d6,2018-04-14,0.1177049061788206,0.5533736306900012,0.2677314639913808,0.22165820642978,0.0007715490692826,0.6216216216216217,0.0039153845056836,0.2065727699530516,0.1916795214266902,0.1235907253775792,0.5551935588966772,0.503,0.286,0.139,0.1307236328011103,0.0986842105263157,0.0595380072946216,0.1207771609833465,0.4041534810126582,0.1334150058266352,0,1,,,,
13789d5f8a59f1e347e42b99233530d6,2018-04-19,0.1179326801402798,0.5669248898005498,0.2617241974375837,0.2351945854483925,0.0007723194735547,0.6036036036036037,0.0039132795668836,0.2065727699530516,0.1867997291094473,0.1289087428206764,0.5349586624904438,0.505,0.309,0.114,0.1368292298900176,0.0986842105263157,0.0595380072946216,0.120010573618821,0.4068697257383966,0.1536438880090835,0,0,,,,
13789d5f8a59f1e347e42b99233530d6,2018-04-28,0.0892403919158321,0.5956945838606905,0.2428442168399352,0.2267343485617597,0.0005446984215332,0.6216216216216217,0.0024113833401234,0.2253521126760563,0.1768369765604424,0.114443735375452,0.5180301217061439,0.609,0.257,0.135,0.1343304253507656,0.0921052631578947,0.0333468418919701,0.1028548770816812,0.3960179324894514,0.1736038485672453,1,1,,,,
13789d5f8a59f1e347e42b99233530d6,2018-04-29,0.1193860949419718,0.5538187928250339,0.2418134669110616,0.2301184433164128,0.000705343434806,0.6216216216216217,0.0031604792353193,0.2206572769953051,0.175467474321833,0.1127419697936609,0.5530355570322151,0.5770000000000001,0.292,0.131,0.1356031536837685,0.0921052631578947,0.02223122792798,0.0996563573883161,0.3779272151898734,0.1636537484686407,1,1,,,,
13789d5f8a59f1e347e42b99233530d6,2018-05-08,0.0787953288260602,0.6086915724697769,0.2732466757148787,0.2013536379018612,0.0004569185194617,0.6216216216216217,0.0017073996743461,0.2159624413145539,0.1755822265698483,0.1123165283982131,0.5081368605427584,0.591,0.262,0.147,0.1285892980021226,0.1118421052631579,0.0277890349099751,0.1212265397832408,0.3788370253164557,0.1834941883048974,0,0,,,,
13789d5f8a59f1e347e42b99233530d6,2018-05-18,0.1388806536751148,0.4805437960982848,0.240323310339681,0.2013536379018612,0.0009180044936659,0.6576576576576577,0.0068385622817577,0.2206572769953051,0.1900447721885699,0.1476281642203786,0.643961949491789,0.498,0.231,0.128,0.1487240643332827,0.1513157894736842,0.0587506513055057,0.1645783769495109,0.4177215189873417,0.1486538978695431,0,1,,,,
13789d5f8a59f1e347e42b99233530d6,2018-05-25,0.1160092555768465,0.481150438615633,0.2588185087240621,0.2131979695431472,0.0007828339196155,0.6216216216216217,0.0059497534729586,0.2065727699530516,0.1799352872568569,0.1593278025951925,0.6634678348047959,0.5379999999999999,0.193,0.126,0.153758120385813,0.1381578947368421,0.0635095235338389,0.162040708432461,0.4113924050632911,0.1485343771476379,0,0,,,,
13789d5f8a59f1e347e42b99233530d6,2018-06-02,0.1110054593441556,0.5905053899533016,0.2237613510752913,0.182741116751269,0.0007430313366536,0.5045045045045045,0.0046578328889854,0.2112676056338028,0.2385623988863388,0.1442246330567964,0.5062820756816737,0.627,0.1939999999999999,0.107,0.0788027314820214,0.1118421052631579,0.0809818792334857,0.0757599788527623,0.434889240506329,0.1746795350643918,1,1,,,,
13789d5f8a59f1e347e42b99233530d6,2018-06-03,0.1126251852923099,0.6003164142626458,0.2223201667855993,0.1776649746192893,0.0007528824882199,0.5045045045045045,0.0046903794655069,0.2159624413145539,0.2478197072877083,0.1374175707296319,0.4903373773019492,0.612,0.1939999999999999,0.123,0.0760764978248445,0.1184210526315789,0.0817692352226017,0.0758921490880253,0.4376054852320674,0.1787133594286909,1,1,,,,
13789d5f8a59f1e347e42b99233530d6,2018-06-12,0.1453993275244947,0.6228189237550736,0.1453823802394511,0.1150592216582064,0.0006182848040811,0.3513513513513513,0.0137599273536355,0.2723004694835681,0.2961605026524699,0.1059349074664964,0.4278295146269947,0.221,0.107,0.1009999999999999,0.05807315053475,0.1118421052631579,0.0396920048630811,0.1196669310071372,0.453876582278481,0.1489825798547823,0,0,,,,
13789d5f8a59f1e347e42b99233530d6,2018-06-19,0.156372247731299,0.5975057827434208,0.190952254357367,0.1285956006768189,0.000534246865617,0.2342342342342342,0.0200922870429417,0.3004694835680751,0.2648199706535234,0.108700276536907,0.4554577447751516,0.0,0.0,0.0,0.0356320196871974,0.0789473684210526,0.0158744861923232,0.1145651599259846,0.453876582278481,0.0741924881226282,0,0,,,,
13789d5f8a59f1e347e42b99233530d6,2018-06-28,0.1015799558913915,0.5459324400995067,0.2002663159318492,0.1522842639593908,0.0006716824675338,0.2612612612612612,0.1599222454801253,0.2253521126760563,0.2728319349862673,0.1208253563071686,0.5805766929347213,0.357,0.0,0.0,0.1164582871671662,0.1447368421052631,0.0778092977479303,0.2886862278614856,0.4466508438818565,0.2233543490602683,0,1,,,,
13789d5f8a59f1e347e42b99233530d6,2018-07-03,0.0765718211070537,0.5353358355518701,0.1645328743930935,0.1201353637901861,0.0005928585151257,0.2702702702702703,0.2748216094757461,0.1971830985915493,0.2895914067496896,0.1203999149117209,0.6185562354641316,0.7140000000000001,0.0,0.0,0.1855719550740019,0.125,0.0976553001794708,0.270446735395189,0.4376054852320674,0.2296590671407655,0,1,,,,
13789d5f8a59f1e347e42b99233530d6,2018-07-10,0.0571857261650818,0.5821389604154847,0.1924144267677827,0.0998307952622673,0.0003095718238095,0.2342342342342342,0.3434322432132535,0.2065727699530516,0.2846702283757854,0.1076366730482876,0.5666641936201852,1.0,0.0,0.0,0.1919851646236922,0.0921052631578947,0.0754240722514907,0.1276500132170235,0.4240506329113923,0.1352974571966415,0,1,,,,
13789d5f8a59f1e347e42b99233530d6,2018-07-17,0.046679200260313,0.5969951555885304,0.2207810379325301,0.104906937394247,0.0002609076264013,0.2432432432432432,0.3432092220682986,0.1924882629107981,0.2488016855412167,0.1008296107211231,0.5540839136928282,1.0,0.0,0.0,0.1730385696457937,0.0789473684210526,0.1008278816650263,0.1241078509119746,0.4357990506329113,0.165745361101981,1,1,,,,
13789d5f8a59f1e347e42b99233530d6,2018-07-18,0.0468093568097183,0.5920198140793435,0.2169308837864435,0.1032148900169204,0.0002630095329549,0.2432432432432432,0.3432092476602598,0.1924882629107981,0.2596956243651002,0.0957243139757498,0.5613191875074595,1.0,0.0,0.0,0.1725239383725405,0.0789473684210526,0.0992415909222486,0.1248480042294475,0.4357990506329113,0.165745361101981,1,1,,,,
13789d5f8a59f1e347e42b99233530d6,2018-07-24,0.0907697313713438,0.4382817614454676,0.2268839170362908,0.1590524534686971,0.0007823701047986,0.3243243243243243,0.3438843380019618,0.1596244131455399,0.2052880093306746,0.1135928525845564,0.7493556638678232,0.7140000000000001,0.0,0.0,0.2115440687652348,0.0855263157894736,0.1254443350894459,0.1241078509119746,0.4294699367088607,0.1329668031194908,0,0,,,,
13789d5f8a59f1e347e42b99233530d6,2018-07-31,0.1676127119563252,0.3173678697682537,0.2381405457844193,0.2182741116751269,0.0021122942367616,0.3693693693693693,0.3535414005409283,0.1596244131455399,0.2049813762745024,0.1203999149117209,0.8595331103290549,0.429,0.0,0.0,0.2191104605731213,0.1381578947368421,0.1103572048862386,0.20446735395189,0.4113924050632911,0.0997998027908088,0,0,,,,
13789d5f8a59f1e347e42b99233530d6,2018-08-08,0.0542210492064065,0.56759045083577,0.2182624634456897,0.1624365482233502,0.0012138751098656,0.3063063063063063,0.3521910599077675,0.2159624413145539,0.2580270138078934,0.0942352690916826,0.5908183310807106,0.643,0.0,0.0,0.1177922464165335,0.1184210526315789,0.0523939095698489,0.1039122389637853,0.4086761603375527,0.1623987808886365,0,1,,,,
13789d5f8a59f1e347e42b99233530d6,2018-08-11,0.0347301059329693,0.6278619124514466,0.1890819795995466,0.1285956006768189,0.0006765043728441,0.2612612612612612,0.3469450469769557,0.2253521126760563,0.2573704804544941,0.0842373962986598,0.5191139612075778,0.7859999999999999,0.0,0.0,0.0817330681937462,0.1184210526315789,0.0539802003126266,0.1018768173407348,0.4186181434599155,0.1538829294528939,1,1,,,,
13789d5f8a59f1e347e42b99233530d6,2018-08-12,0.0301927040023138,0.6361105049535197,0.1889187386605847,0.1302876480541455,0.0002854239735761,0.2612612612612612,0.3444724860538367,0.2394366197183098,0.2340964671357086,0.0823229100191448,0.5109722620956165,0.7859999999999999,0.0,0.0,0.0832288520077909,0.1184210526315789,0.0468361025878538,0.106000528680941,0.4240506329113923,0.1554964591986135,1,1,,,,
13789d5f8a59f1e347e42b99233530d6,2018-08-19,0.0343251744459308,0.6267424606118799,0.2350203118368336,0.1742808798646362,0.0003019522897203,0.3063063063063063,0.3444829851558756,0.2347417840375587,0.2089168140261108,0.101042331418847,0.5211332574215587,0.857,0.0,0.0,0.1006505055924237,0.0855263157894736,0.0603369420482834,0.1200634417129262,0.4357990506329113,0.1229868228404099,1,1,,,,
13789d5f8a59f1e347e42b99233530d6,2018-08-24,0.0455909468888969,0.6269257626674813,0.1822701684180087,0.1725888324873096,0.0061425275968145,0.3243243243243243,0.3179065780943395,0.2112676056338028,0.2245795552880093,0.1114656456073175,0.5108077507427203,0.7859999999999999,0.0,0.0,0.0969766506105597,0.131578947368421,0.0317489723846465,0.255167856198784,0.4583992616033754,0.284817880299997,0,0,,,,
13789d5f8a59f1e347e42b99233530d6,2018-08-26,0.0636646299576991,0.5956247545061757,0.218889775053986,0.1945854483925549,0.0077248770469174,0.3513513513513513,0.2810733160996641,0.2018779342723004,0.2307423153617517,0.1178472665390342,0.5409520368763487,0.643,0.0,0.0,0.1049804061067634,0.131578947368421,0.0214322931743183,0.262040708432461,0.4367088607594936,0.3242895987091762,0,0,,,,
13789d5f8a59f1e347e42b99233530d6,2018-09-08,0.2545030550634513,0.5320189412124122,0.1582924064979221,0.1590524534686971,0.0020808403205037,0.3063063063063063,0.0252463672515131,0.2535211267605634,0.1792467737687648,0.0812593065305254,0.4647090890909618,0.0,0.0,0.143,0.0649353868044459,0.1052631578947368,0.0103166792103282,0.1371398361089082,0.3987341772151898,0.2004063704544775,0,0,,,,
13789d5f8a59f1e347e42b99233530d6,2018-09-14,0.1506706677754076,0.5290359184742286,0.2755180567798626,0.1979695431472081,0.001442766739341,0.4594594594594594,0.0206317016029032,0.2676056338028169,0.216176304601377,0.1191235907253775,0.5617546587357142,0.121,0.071,0.237,0.0903957849803477,0.0855263157894736,0.0269901001563133,0.1271213322759714,0.4312763713080168,0.1342815310604476,0,0,,,,
13789d5f8a59f1e347e42b99233530d6,2018-09-22,0.1029719078780867,0.5151333304237768,0.4249814604933607,0.2284263959390862,0.0002147590347795,0.6666666666666667,0.0001473329200188,0.2582159624413145,0.1664321456789194,0.1642203786428419,0.6248657297046215,0.525,0.184,0.291,0.1800232677482184,0.0723684210526315,0.017460776935101,0.1083795929156754,0.4104825949367088,0.1150984551946694,1,1,,,,
13789d5f8a59f1e347e42b99233530d6,2018-09-25,0.1085577931233956,0.5379522541788504,0.3883408657366596,0.2131979695431472,0.000189706156058,0.7117117117117118,0.0001275183441417,0.2488262910798122,0.1793370706196621,0.1737928100404169,0.586150724656381,0.659,0.243,0.098,0.184170933392426,0.0855263157894736,0.023018583917096,0.1103885804916732,0.4095727848101265,0.1531658051214629,1,1,,,,
13789d5f8a59f1e347e42b99233530d6,2018-10-04,0.1016884196825626,0.5674115131148256,0.3295274874421077,0.22165820642978,0.0001909688722438,0.7117117117117118,0.0001201926452785,0.2300469483568075,0.1871552729598555,0.177409061901723,0.5487324561544987,0.6509999999999999,0.247,0.1009999999999999,0.1649735832332256,0.0986842105263157,0.0365194233775256,0.1316415543219667,0.4032436708860759,0.1675381719305584,0,1,,,,
13789d5f8a59f1e347e42b99233530d6,2018-10-06,0.0896634007013991,0.5523174617029634,0.3418871585349359,0.2318104906937394,0.0001942322811567,0.7207207207207208,0.0001203717890062,0.2159624413145539,0.1990876255690583,0.1914486279514996,0.5817734323842211,0.632,0.251,0.118,0.1530146021156739,0.1052631578947368,0.0500202628379551,0.139888977002379,0.4041534810126582,0.1677473331938925,0,0,,,,
13789d5f8a59f1e347e42b99233530d6,2018-10-11,0.070523157019415,0.5286780430323397,0.3653355534101032,0.2402707275803722,0.0001912528605533,0.6846846846846847,9.51637073285159e-05,0.2018779342723004,0.2037981112908687,0.2082535630716868,0.6337945027402431,0.655,0.2319999999999999,0.113,0.1468783895685844,0.0789473684210526,0.0643084582875007,0.1265662172878668,0.4041534810126582,0.1659844025457914,0,0,,,,
13789d5f8a59f1e347e42b99233530d6,2018-10-20,0.1100039770056762,0.4392855584166193,0.2228075575890712,0.1336717428087986,0.000590612157771,0.6216216216216217,0.0015530545569874,0.2018779342723004,0.2000790097445351,0.2044245905126568,0.7307078181601179,0.596,0.225,0.107,0.1584554063983391,0.0789473684210526,0.0595380072946216,0.1057626222574676,0.3996308016877637,0.2018704992978157,0,0,,,,
13789d5f8a59f1e347e42b99233530d6,2018-10-27,0.1254239126504935,0.443916117487889,0.0239661018530178,0.015228426395939,0.0008348165548133,0.6396396396396397,0.0035963103327523,0.1971830985915493,0.1951352571579066,0.1884705381833652,0.7101116419200733,0.381,0.299,0.176,0.1773743016759776,0.0986842105263157,0.0555780698199502,0.1122653978324081,0.3914952531645569,0.1749484566886784,0,0,,,,
13789d5f8a59f1e347e42b99233530d6,2018-11-03,0.1373440833001916,0.4594684240387552,0.0,0.0,0.0009448202617549,0.6396396396396397,0.0047243016099371,0.2018779342723004,0.2140054178110538,0.175494575622208,0.6764835859604075,0.411,0.3329999999999999,0.185,0.1712060157917449,0.0921052631578947,0.0547791350662884,0.1172349986782976,0.3924050632911392,0.129172020199002,0,0,,,,
13789d5f8a59f1e347e42b99233530d6,2018-11-08,0.1253841425937308,0.5017893772094444,0.0,0.0,0.0007887564024574,0.6396396396396397,0.0039158323650028,0.1924882629107981,0.202639301704353,0.1606041267815358,0.624594769829263,0.4579999999999999,0.283,0.188,0.1631045824051503,0.0789473684210526,0.0595380072946216,0.1260111022997621,0.3896888185654008,0.1246302327666059,1,1,,,,
13789d5f8a59f1e347e42b99233530d6,2018-11-12,0.0300914711305542,0.565373368829922,0.0,0.0,0.0001059934775609,0.6396396396396397,8.101775083373651e-05,0.2018779342723004,0.186893788329132,0.1714528823654541,0.6156272882400188,0.496,0.336,0.1689999999999999,0.1653876208581658,0.0789473684210526,0.0627221675447229,0.1125033042558815,0.4032436708860759,0.1249589147518451,1,1,,,,
13789d5f8a59f1e347e42b99233530d6,2018-11-19,0.0327054484977764,0.6253087766769955,0.0,0.0,9.928683322772964e-05,0.5495495495495495,0.0001514468277647,0.2159624413145539,0.1918563527596975,0.1616677302701552,0.5246976700676432,0.57,0.292,0.138,0.1482123488179517,0.0789473684210526,0.0404909396167428,0.0839280993920169,0.3942114978902953,0.1465921654166791,0,0,,,,
13789d5f8a59f1e347e42b99233530d6,2018-11-28,0.1033840702845366,0.5513289399031117,0.0,0.0,0.0036171758032007,0.4234234234234234,0.0967671076709657,0.2676056338028169,0.2681063997893073,0.1276324186343331,0.5709963259131187,0.184,0.1119999999999999,0.132,0.1089706208231767,0.1447368421052631,0.0127019047067677,0.2391752577319587,0.4159018987341772,0.1657752412824573,0,0,,,,
13789d5f8a59f1e347e42b99233530d6,2018-12-08,0.2047687913518203,0.3755051717365688,0.0,0.0,0.0037829905828965,0.4054054054054054,0.1374790616971062,0.2629107981220657,0.222993716844125,0.1027440970006381,0.740443019396211,0.0,0.0,0.0,0.117830151269521,0.0592105263157894,0.9583164476350372,0.1102564102564102,0.3471914556962025,0.1675082917500822,0,0,,,,
13789d5f8a59f1e347e42b99233530d6,2018-12-10,0.2075165407281535,0.3840701785012875,0.0,0.0,0.0024059804030928,0.3783783783783784,0.1374716976103013,0.2676056338028169,0.2170077881033899,0.0982769623484365,0.7253305549193734,0.143,0.0,0.0,0.1169568817718477,0.0723684210526315,0.9535575754067042,0.1119217552207243,0.3471914556962025,0.1675082917500822,0,0,,,,
13789d5f8a59f1e347e42b99233530d6,2018-12-15,0.1479590729961314,0.4894273992929778,0.0,0.0,0.0022792410390613,0.3423423423423423,0.1467378621375259,0.2769953051643192,0.3094774069754317,0.1161455009572431,0.6227270821169707,0.5,0.0,0.0,0.0747702382757374,0.0855263157894736,0.9924622242806692,0.1637324874438276,0.4059599156118143,0.2015119371321002,0,0,,,,
13789d5f8a59f1e347e42b99233530d6,2019-01-04,0.1309194114031599,0.4552764806005324,0.0,0.0,0.0026397096604147,0.2612612612612612,0.1920412443116028,0.2863849765258215,0.3205462959479287,0.1308232291001914,0.6884122719017836,0.286,0.0,0.0,0.0604145041462077,0.0855263157894736,0.0031725814855554,0.0720327782183452,0.4276635021097046,0.1560343024471868,0,0,,,,
13789d5f8a59f1e347e42b99233530d6,2019-01-10,0.1874760475794497,0.4907956182080041,0.0,0.0,0.0016340313917965,0.2792792792792793,0.1739241256319351,0.2863849765258215,0.3185465969374318,0.1340140395660497,0.5854475192655697,0.5,0.0,0.0,0.0510607527320651,0.1052631578947368,0.0349331326347478,0.1000528680941052,0.4602056962025316,0.1922789613649266,0,0,,,,
13789d5f8a59f1e347e42b99233530d6,2019-01-17,0.2600166311146462,0.5211866625932877,0.0,0.0,0.0007491955534891,0.3153153153153153,0.1558282546779657,0.3004694835680751,0.2983596072086986,0.1084875558391831,0.4758023154166491,0.7140000000000001,0.0,0.0,0.0378640323765759,0.0855263157894736,0.0460487465987379,0.1150145387258789,0.4909546413502109,0.1791914423163116,0,0,,,,
13789d5f8a59f1e347e42b99233530d6,2019-01-19,0.2421887993058317,0.5346833675206215,0.0,0.0,0.0007190544690009,0.3243243243243243,0.1558268215281445,0.2910798122065727,0.3155668008578201,0.0995532865347798,0.4717572715630836,0.7140000000000001,0.0,0.0,0.0349847214284881,0.0855263157894736,0.0500202628379551,0.1181337562780861,0.4855221518987341,0.1907550721606358,0,0,,,,
13789d5f8a59f1e347e42b99233530d6,2019-01-22,0.2575002711594779,0.5437764587788592,0.0,0.0,0.0007640287837029,0.3423423423423423,0.1558461882447024,0.2816901408450704,0.3183904586327551,0.0993405658370559,0.444658058314436,0.7140000000000001,0.0,0.0,0.0387941591537304,0.0789473684210526,0.0325479071383083,0.124477927570711,0.453876582278481,0.2065019272716407,0,0,,,,
13789d5f8a59f1e347e42b99233530d6,2019-02-01,0.2316135796666546,0.5795749138043906,0.0,0.0,0.0006823590522488,0.3153153153153153,0.1558284978015961,0.3004694835680751,0.303389894277437,0.1129546904913848,0.4148395691737981,1.0,0.0,0.0,0.0419854561994844,0.0723684210526315,0.0039599374746714,0.0999471319058948,0.4412183544303797,0.1543908925209908,0,0,,,,
13789d5f8a59f1e347e42b99233530d6,2019-02-04,0.2260421562601685,0.564007332082224,0.0,0.0,0.0006425269895315,0.3063063063063063,0.155814390233043,0.2863849765258215,0.2938090221603521,0.1193363114231014,0.4428161763045589,1.0,0.0,0.0,0.0411253076124607,0.0921052631578947,0.016673420945985,0.1405498281786941,0.4403217299578058,0.1467116861385843,0,0,,,,
13789d5f8a59f1e347e42b99233530d6,2019-02-11,0.1470009761741205,0.5799044210710077,0.0,0.0,0.0028357598598156,0.3153153153153153,0.1495798046310969,0.2300469483568075,0.2986794085556266,0.1195490321208253,0.4898373918176569,0.929,0.0,0.0,0.0450076392857559,0.131578947368421,0.0523939095698489,0.284588950568332,0.4240506329113923,0.2464517285684406,0,0,,,,
13789d5f8a59f1e347e42b99233530d6,2019-02-23,0.1494341805560577,0.5005084449875618,0.0,0.0,0.0034229956029451,0.2792792792792793,0.079582815973179,0.2676056338028169,0.2634617555212762,0.1199744735162731,0.605030821685822,0.429,0.0,0.0,0.0481537420837172,0.1381578947368421,0.9988073872517802,0.2771345492994977,0.3996308016877637,0.2580751187737174,0,0,,,,
13789d5f8a59f1e347e42b99233530d6,2019-02-28,0.1372681586463718,0.4773447387945708,0.0,0.0,0.0037702248661885,0.2522522522522522,0.0763695853080543,0.2863849765258215,0.2668046201888709,0.1191235907253775,0.6501262866561939,0.429,0.0,0.0,0.054552372843797,0.0986842105263157,0.9900769987842296,0.075178429817605,0.4113924050632911,0.1898586667463471,0,0,,,,
13789d5f8a59f1e347e42b99233530d6,2019-03-02,0.134007013991829,0.4754986252345829,0.0,0.0,0.0020887477735365,0.2612612612612612,0.0762894504798784,0.295774647887324,0.2921140750216336,0.1155073388640714,0.6557648326338912,0.429,0.0,0.0,0.0557040972230321,0.0723684210526315,0.0023736467318937,0.1011102299762093,0.4376054852320674,0.121552574177548,0,0,,,,
13789d5f8a59f1e347e42b99233530d6,2019-03-06,0.1304132470443617,0.5297625801946494,0.0,0.0,0.0020180209272537,0.2612612612612612,0.1165311458229239,0.295774647887324,0.3460833740923285,0.118272707934482,0.5787573909144573,0.7140000000000001,0.0,0.0,0.0460456491060286,0.0789473684210526,0.0206333584206565,0.0856991805445413,0.453876582278481,0.1322496787880598,0,0,,,,
13789d5f8a59f1e347e42b99233530d6,2019-03-15,0.1441773021439676,0.4997905119364553,0.0,0.0,0.0034432285416733,0.3513513513513513,0.108455186630304,0.2676056338028169,0.2998438616953234,0.1361412465432886,0.6107822676115854,0.551,0.026,0.208,0.0714900106133588,0.0855263157894736,0.0523939095698489,0.1233412635474491,0.4620253164556961,0.209310664236412,0,0,,,,
13789d5f8a59f1e347e42b99233530d6,2019-03-18,0.1585957554503055,0.4432505564526688,0.0,0.0,0.003491932045422,0.3513513513513513,0.0936369165216012,0.2535211267605634,0.2594604763158885,0.1365666879387364,0.6814995693673409,0.337,0.026,0.208,0.087570415553819,0.0723684210526315,0.0468361025878538,0.1322495374041765,0.4403217299578058,0.2141512534735709,0,0,,,,
13789d5f8a59f1e347e42b99233530d6,2019-03-30,0.2502801981271919,0.3939684895037751,0.0,0.0,0.0024224261759221,0.4594594594594594,0.0476968575394246,0.2535211267605634,0.2070864216110463,0.1348649223569453,0.6725449906293043,0.1939999999999999,0.027,0.136,0.1261940028691058,0.0657894736842105,0.0,0.0643404705260375,0.3896888185654008,0.1292616607404308,1,1,,,,
13789d5f8a59f1e347e42b99233530d6,2019-04-01,0.2234390252720633,0.4369484572076986,0.0,0.0,0.0023620771861672,0.4864864864864865,0.0353366377119005,0.244131455399061,0.2100455246623274,0.1374175707296319,0.6329622688373564,0.242,0.087,0.171,0.1285805507283563,0.0789473684210526,0.0182597116887628,0.1169177901136664,0.3969145569620253,0.1214928138165954,0,1,,,,
13789d5f8a59f1e347e42b99233530d6,2019-04-09,0.2611771936801764,0.4615218434949591,0.0,0.0,0.0016043934284657,0.5675675675675675,0.0101691192925184,0.2159624413145539,0.1908593250310395,0.1178472665390342,0.5629643010364216,0.356,0.192,0.166,0.1419347220116396,0.0723684210526315,0.0357204886238638,0.1024848004229447,0.3887790084388185,0.1452176771147698,1,1,,,,
13789d5f8a59f1e347e42b99233530d6,2019-04-16,0.157098955132145,0.5112141579016279,0.0,0.0,0.0009015744433727,0.5585585585585586,0.0058065728486273,0.2159624413145539,0.1637872004213853,0.1223144011912359,0.5823669635397682,0.489,0.196,0.171,0.147403225994565,0.0592105263157894,0.034134197881086,0.0745704467353952,0.3878823839662447,0.1339229688947321,0,1,,,,
13789d5f8a59f1e347e42b99233530d6,2019-04-27,0.1837955095990455,0.4670056299917077,0.0,0.0,0.0030954185272503,0.5315315315315315,0.0317866296347577,0.2112676056338028,0.2095112682945182,0.1595405232929164,0.6238980158640556,0.341,0.231,0.143,0.1381048739809426,0.125,0.0539802003126266,0.13248744382765,0.4041534810126582,0.1561538231690919,1,1,,,,
13789d5f8a59f1e347e42b99233530d6,2019-04-29,0.2418887161502585,0.4211888447606163,0.0,0.0,0.0033991386196307,0.5315315315315315,0.0334792755435331,0.2065727699530516,0.2190451108017607,0.1572005956179536,0.6397943285517517,0.3429999999999999,0.246,0.126,0.1379576282058758,0.1184210526315789,0.0516065535807329,0.1368490615913296,0.393301687763713,0.1616816565572056,1,1,,,,
13789d5f8a59f1e347e42b99233530d6,2019-05-09,0.1892295455367149,0.5150220398900188,0.0,0.0,0.0010800370207553,0.5765765765765766,0.0049499843188457,0.1690140845070422,0.1796850897324955,0.1244416081684747,0.5480679593173101,0.498,0.304,0.198,0.144751344164402,0.0592105263157894,0.0571643605627279,0.1036743325403119,0.3589398734177215,0.1020408163265306,1,1,,,,
13789d5f8a59f1e347e42b99233530d6,2019-05-15,0.0781770852163852,0.5918976127089426,0.0,0.0,0.0004435592770134,0.5855855855855856,0.0015659657013594,0.1737089201877934,0.2048233567854321,0.1303977877047436,0.5335135431551987,0.436,0.357,0.207,0.1417758132048844,0.0855263157894736,0.0539802003126266,0.0953476077187417,0.360759493670886,0.1119909164251352,1,1,,,,
13789d5f8a59f1e347e42b99233530d6,2019-05-19,0.13779963122311,0.5338432330991141,0.0,0.0,0.0008243119353376,0.5585585585585586,0.0066213825019227,0.1737089201877934,0.2367959667406599,0.1380557328228036,0.5661351767206758,0.37,0.256,0.16,0.1395073535414795,0.0921052631578947,0.0389046488739651,0.1088289717155696,0.3453850210970464,0.1070009262855947,1,1,,,,
13789d5f8a59f1e347e42b99233530d6,2019-05-23,0.143772370656929,0.525631737441627,0.0,0.0,0.0008713409889847,0.5675675675675675,0.00658974444002,0.1784037558685446,0.2311637006659392,0.1431610295681769,0.57294788215826,0.362,0.286,0.138,0.1360448910089688,0.0921052631578947,0.0555780698199502,0.1742268041237113,0.3715981012658228,0.1688528998715152,1,1,,,,
13789d5f8a59f1e347e42b99233530d6,2019-06-08,0.1048917169818142,0.6690284991053113,0.0,0.0,0.0057752324467897,0.4144144144144144,0.1075096020558176,0.2535211267605634,0.2699292674667971,0.1267815358434375,0.3956627065665835,0.33,0.215,0.026,0.0966457120863997,0.1513157894736842,0.0492213280842934,0.2402854877081681,0.4430379746835443,0.156362984432426,0,0,,,,
13789d5f8a59f1e347e42b99233530d6,2019-06-13,0.1669655446690046,0.5671867498799806,0.0,0.0,0.0073286858407371,0.3693693693693693,0.1772971525021315,0.2629107981220657,0.2991816847887429,0.1433737502659008,0.490827685647836,0.171,0.032,0.011,0.0932124071331101,0.1776315789473684,0.0690673305158339,0.2684113137721385,0.4782964135021096,0.1057459587055905,0,0,,,,
13789d5f8a59f1e347e42b99233530d6,2019-06-22,0.12561191655519,0.5460350019639507,0.0,0.0,0.0036007152904938,0.3603603603603604,0.0820249672485278,0.3380281690140844,0.2201060987998043,0.1412465432886619,0.5589869971516955,0.23,0.035,0.1639999999999999,0.0820202703490745,0.3289473684210526,0.0261911654026515,0.25604017975152,0.5072257383966244,0.3670780171512236,0,0,,,,
13789d5f8a59f1e347e42b99233530d6,2019-06-23,0.1219169167359629,0.551710819185615,0.0,0.0,0.0035962156971749,0.3783783783783784,0.0650024359388267,0.3333333333333333,0.2142537341510214,0.144862795149968,0.553890370924715,0.291,0.035,0.175,0.0878182549771987,0.3355263157894737,0.0293753256527528,0.2620671424795136,0.504509493670886,0.3682732243702752,0,0,,,,
13789d5f8a59f1e347e42b99233530d6,2019-07-04,0.0478289164467262,0.5590254440710513,0.0,0.0,0.0007298686259074,0.6576576576576577,0.0033252402808433,0.1596244131455399,0.2208604537416757,0.1912359072537758,0.6091823140618499,0.74,0.122,0.139,0.1367694568526142,0.1052631578947368,0.1167139466218954,0.0888183980967486,0.4177215189873417,0.1731257656796247,0,1,,,,
13789d5f8a59f1e347e42b99233530d6,2019-07-10,0.073527604034853,0.5142364596517262,0.0,0.0,0.0012641695377426,0.5405405405405406,0.0153172557681257,0.164319248826291,0.2279431129839347,0.1922995107423952,0.6524617027247597,0.523,0.162,0.1009999999999999,0.1406109679149998,0.1184210526315789,0.1063856886470213,0.1215701823949246,0.4113924050632911,0.1671497295843667,0,0,,,,
13789d5f8a59f1e347e42b99233530d6,2019-08-01,0.0432155898622509,0.5736263256666522,0.0,0.0,0.0001712999795005,0.5495495495495495,0.0001821571810777,0.1971830985915493,0.1787952895142781,0.1518825781748564,0.5917183049524368,0.509,0.247,0.244,0.1431476773072392,0.1118421052631579,0.0714525560122734,0.1145651599259846,0.4086761603375527,0.1275584904532823,0,1,,,,
13789d5f8a59f1e347e42b99233530d6,2019-08-21,0.04308181785314,0.6075873958015101,0.0,0.0,0.0002562901140611,0.5945945945945946,0.0005259467904357,0.2112676056338028,0.1790737048045449,0.1444373537545203,0.5416326622775467,0.578,0.305,0.1169999999999999,0.1636964812633395,0.1447368421052631,0.0261911654026515,0.3043087496695744,0.453876582278481,0.2426270654674754,1,1,,,,
13789d5f8a59f1e347e42b99233530d6,2019-09-02,0.0309049495643371,0.7001942128922447,0.0,0.0,0.000118915436972,0.4144144144144144,0.0001912743172175,0.2488262910798122,0.1430452612965123,0.0976388002552648,0.4156072888206471,0.386,0.31,0.226,0.1264928680561225,0.1184210526315789,0.01111561396399,0.1995506212001057,0.3953190928270041,0.1463232437923925,0,0,,,,
13789d5f8a59f1e347e42b99233530d6,2019-09-12,0.1700206081203225,0.5768799371535811,0.0,0.0,0.0027775678054909,0.2792792792792793,0.1108635565170085,0.2816901408450704,0.2897099213664923,0.0965751967666453,0.4737701163514607,0.064,0.0,0.09,0.0900735937299541,0.1644736842105263,0.942256701209981,0.2095162569389373,0.4401107594936709,0.340335255624944,0,0,,,,
13789d5f8a59f1e347e42b99233530d6,2019-09-18,0.1482049242561191,0.6202461484746649,0.0,0.0,0.0029826790990158,0.3783783783783784,0.1071223572965218,0.2723004694835681,0.2944185259039091,0.1152946181663475,0.4291294768861549,0.257,0.072,0.0279999999999999,0.083590405990133,0.0855263157894736,0.0023736467318937,0.0895321173671689,0.4086761603375527,0.1266322048585173,0,1,,,,
13789d5f8a59f1e347e42b99233530d6,2019-09-25,0.1006941682634947,0.6229149391175315,0.0,0.0,0.0021034434315589,0.5945945945945946,0.0335359041554441,0.2253521126760563,0.1937412995221791,0.1246543288661986,0.467573522059037,0.547,0.158,0.152,0.1357329049113026,0.0921052631578947,0.017460776935101,0.1215701823949246,0.3788370253164557,0.0754474557026324,0,1,,,,
13789d5f8a59f1e347e42b99233530d6,2019-10-13,0.0199573375754727,0.5117226028891895,0.0,0.0,0.0001748355848208,0.6846846846846847,4.032013470379906e-05,0.164319248826291,0.1986511907897212,0.1572005956179536,0.7039731104580834,0.528,0.2269999999999999,0.245,0.1809009108827748,0.0855263157894736,0.023018583917096,0.2823156225218081,0.3978243670886076,0.2742104162309141,1,1,,,,
13789d5f8a59f1e347e42b99233530d6,2019-10-18,0.024509201344951,0.5388273032776154,0.0,0.0,0.000147148198633,0.6666666666666667,4.148456893358189e-05,0.1408450704225352,0.2312050867226005,0.1661348649223569,0.6598453593282775,0.557,0.222,0.221,0.1682785948379421,0.0789473684210526,0.0381057141203033,0.2857520486386466,0.3905854430379746,0.2845489586757104,0,0,,,,
13789d5f8a59f1e347e42b99233530d6,2019-10-22,0.0105499114212372,0.555293937939161,0.0,0.0,0.0001221454354956,0.6846846846846847,4.142698702112011e-05,0.1455399061032863,0.2358873546785055,0.173580089342693,0.6479618333661281,0.604,0.176,0.22,0.1668673680036388,0.0855263157894736,0.0484223933306316,0.3335712397568068,0.4059599156118143,0.3005348552305256,0,1,,,,
13789d5f8a59f1e347e42b99233530d6,2019-10-31,0.021613218120684,0.564225548815083,0.0,0.0,0.0001609614293131,0.6666666666666667,4.36406916557622e-05,0.1924882629107981,0.2277004401971481,0.167836630504148,0.6248850839814327,0.578,0.228,0.1939999999999999,0.1605153893703129,0.0855263157894736,0.0643084582875007,0.1939994713190589,0.3951081223628692,0.1363432635133116,1,1,,,,
13789d5f8a59f1e347e42b99233530d6,2019-11-01,0.0145124552586861,0.5679286867717015,0.0,0.0,0.0001569796970291,0.6666666666666667,4.273217703692064e-05,0.1877934272300469,0.2287426163512547,0.1657094235269091,0.6257495750123383,0.5760000000000001,0.2319999999999999,0.191,0.169014823713276,0.0855263157894736,0.0674810397730562,0.1950303991541105,0.3951081223628692,0.1363432635133116,0,0,,,,
13789d5f8a59f1e347e42b99233530d6,2019-11-04,0.0235474890632343,0.5501156548684154,0.0,0.0,0.0001774494564583,0.6846846846846847,4.474754397308324e-05,0.1830985915492957,0.2166861055720682,0.1657094235269091,0.644016786609421,0.522,0.245,0.233,0.1770914731575325,0.0986842105263157,0.0619232327910611,0.1249273063706053,0.3806434599156117,0.0828876206412286,0,0,,,,
13789d5f8a59f1e347e42b99233530d6,2019-11-11,0.022885859937091,0.5799437000829224,0.0,0.0,0.0001316644484854,0.6486486486486487,4.282814689102363e-05,0.164319248826291,0.2209093645359118,0.1737928100404169,0.600514823763181,0.486,0.337,0.178,0.1676196335475443,0.1052631578947368,0.084953395472703,0.1355009251916468,0.3896888185654008,0.1363432635133116,0,1,,,,
13789d5f8a59f1e347e42b99233530d6,2020-04-15,0.0,0.9027080696547812,0.0,0.0,0.0,0.045045045045045,0.0778346547028002,0.6384976525821596,0.1189566951352571,0.0138268453520527,0.143818405272105,0.5,0.0,0.0,0.0075270290759379,0.5460526315789475,0.9281537659931686,0.2157018239492466,0.7215189873417721,0.4302745988585771,0,0,,,,
13789d5f8a59f1e347e42b99233530d6,2020-04-20,0.003112910806609,0.8392113647274473,0.0,0.0,1.2547566518719304e-05,0.081081081081081,0.1334307205555482,0.4366197183098592,0.2783757853944844,0.0555201021059349,0.2348996319461693,0.857,0.0,0.0,0.0094805868837545,0.3026315789473684,0.0254038094135355,0.1858313507798044,0.6112078059071729,0.2834135118176114,1,1,,,,
13789d5f8a59f1e347e42b99233530d6,2020-04-30,0.0187678513322969,0.7746301226378038,0.0,0.0,7.354609354898798e-05,0.0990990990990991,0.1556692006397657,0.3004694835680751,0.3206648105647315,0.0967879174643692,0.316400491598631,1.0,0.0,0.0,0.0161430937357856,0.0921052631578947,0.0619232327910611,0.0588950568332011,0.5081355485232067,0.1727373233334329,0,1,,,,
13789d5f8a59f1e347e42b99233530d6,2020-05-01,0.025272063342854,0.7637912975166936,0.0,0.0,8.862302307336032e-05,0.0990990990990991,0.155669207037756,0.295774647887324,0.3223879754693555,0.0976388002552648,0.3266195497550071,1.0,0.0,0.0,0.0176505405815187,0.0921052631578947,0.0627221675447229,0.0588157546920433,0.5054193037974684,0.1691517016762781,0,1,,,,
13789d5f8a59f1e347e42b99233530d6,2020-05-02,0.0261470045916338,0.7610177628420546,0.0,0.0,9.42084540462165e-05,0.0990990990990991,0.1556692134357463,0.295774647887324,0.3348771586590918,0.1008296107211231,0.3299388082281482,1.0,0.0,0.0,0.0189801261940028,0.0921052631578947,0.0611358768019452,0.0612212529738302,0.5018064345991561,0.1632055457614964,0,1,,,,
13789d5f8a59f1e347e42b99233530d6,2020-05-09,0.0389927329259915,0.7155348492122378,0.0,0.0,0.0001701866274083,0.1171171171171171,0.155729085828726,0.3004694835680751,0.3217935212009481,0.0965751967666453,0.385711382572764,0.929,0.0,0.0,0.0323999020305338,0.0789473684210526,0.0539802003126266,0.0801480306634945,0.4990901898734177,0.1763827053515403,0,0,,,,
13789d5f8a59f1e347e42b99233530d6,2020-05-10,0.0389927329259915,0.7254309780473968,0.0,0.0,0.0001700549511679,0.1081081081081081,0.155729085828726,0.295774647887324,0.3211463937695173,0.0982769623484365,0.3710827750162092,0.929,0.0,0.0,0.0320062747110483,0.0789473684210526,0.0563654258090661,0.0860163891091726,0.4972837552742616,0.1739325305524845,0,1,,,,
13789d5f8a59f1e347e42b99233530d6,2020-05-20,0.0239307277920387,0.7161851350761576,0.0,0.0,0.0001021778145651,0.0990990990990991,0.1557290730327454,0.2863849765258215,0.3206177809548892,0.0882790895554137,0.3981916654032624,0.7859999999999999,0.0,0.0,0.0287449994751635,0.1184210526315789,0.0809818792334857,0.0922019561194819,0.5144646624472573,0.1480861744404936,0,0,,,,
13789d5f8a59f1e347e42b99233530d6,2020-05-22,0.0127770345999493,0.7041002924104222,0.0,0.0,3.813009817729385e-05,0.0990990990990991,0.1556732633635894,0.2816901408450704,0.3386207156025433,0.0880663688576898,0.426003761181127,0.857,0.0,0.0,0.024597333830956,0.1118421052631579,0.0841544607190412,0.0913296325667459,0.5153612869198312,0.1464128843338213,0,1,,,,
13789d5f8a59f1e347e42b99233530d6,2020-05-29,0.0978451860154018,0.6231920743682624,0.0,0.0,0.0007220407682139,0.1261261261261261,0.1582048649409525,0.2347417840375587,0.3698333270627186,0.097213358859817,0.4697057182210838,0.7859999999999999,0.0,0.0,0.019953989339989,0.0921052631578947,0.1127424303826781,0.1018768173407348,0.4954773206751054,0.1965817073535124,0,0,,,,
13789d5f8a59f1e347e42b99233530d6,2020-06-01,0.09634115477783,0.6308667568629164,0.0,0.0,0.0007179027932268,0.1441441441441441,0.1656219271052527,0.2488262910798122,0.354749990594078,0.1006168900233992,0.4597027828224342,0.7140000000000001,0.0,0.0,0.020489030918697,0.0657894736842105,0.1024141724078041,0.1319058947924927,0.4990901898734177,0.1709743926853318,1,1,,,,
13789d5f8a59f1e347e42b99233530d6,2020-06-06,0.1795473444448461,0.6031183171125561,0.0,0.0,0.0014696925651833,0.1621621621621621,0.1705662556006967,0.2676056338028169,0.3694232288648933,0.1065730695596681,0.426484392388608,0.643,0.0,0.0,0.02061732426727,0.0723684210526315,0.0698662652694957,0.1484007401533174,0.4828190928270042,0.1845698748020438,1,1,,,,
13789d5f8a59f1e347e42b99233530d6,2020-06-10,0.1733468310495679,0.6357504473443022,0.0,0.0,0.0014348868007465,0.1531531531531531,0.1705662364067259,0.2629107981220657,0.3590033485082208,0.1040204211869814,0.383779180604434,0.643,0.0,0.0,0.017198598103591,0.0855263157894736,0.0484223933306316,0.1083267248215702,0.453876582278481,0.1603669286162488,0,0,,,,
13789d5f8a59f1e347e42b99233530d6,2020-06-20,0.0371343866372609,0.7513158468991403,0.0,0.0,0.0001429768132566,0.1351351351351351,0.1557396681046384,0.2723004694835681,0.3507543549418714,0.102956817698362,0.3344806118532042,1.0,0.0,0.0,0.0179960578952893,0.0855263157894736,0.0690673305158339,0.059238699444885,0.4855221518987341,0.1326082409537753,0,1,,,,
13789d5f8a59f1e347e42b99233530d6,2020-06-26,0.0339274738783036,0.7648561951730459,0.0,0.0,0.0001203275172514,0.1351351351351351,0.155680083621221,0.2723004694835681,0.3459874336882501,0.0940225483939587,0.3173294968855742,1.0,0.0,0.0,0.0180091788059388,0.0789473684210526,0.0833671047299253,0.1079830822098863,0.5018064345991561,0.1308154301251979,0,0,,,,
13789d5f8a59f1e347e42b99233530d6,2020-06-27,0.0414801692035142,0.7540610133985075,0.0,0.0,0.0001293679755467,0.1351351351351351,0.155680083621221,0.2629107981220657,0.3558053350389405,0.0938098276962348,0.3265421326477618,1.0,0.0,0.0,0.0201435136049264,0.0789473684210526,0.0889249117119203,0.1041765794343114,0.5008966244725738,0.1312935130128186,0,0,,,,
13789d5f8a59f1e347e42b99233530d6,2020-06-30,0.0512925268447883,0.7287369615502118,0.0,0.0,0.0001770033294946,0.1441441441441441,0.1557386892121265,0.2723004694835681,0.3507637608638399,0.0965751967666453,0.3552219451693338,1.0,0.0,0.0,0.024597333830956,0.0789473684210526,0.085740751461819,0.1039122389637853,0.5036128691983122,0.1359249409866435,0,0,,,,
13789d5f8a59f1e347e42b99233530d6,2020-07-04,0.043916989045157,0.7042966874699953,0.0,0.0,0.0001568558820568,0.1261261261261261,0.1557387148040876,0.2582159624413145,0.3633319537981113,0.0912571793235481,0.3979303826663097,1.0,0.0,0.0,0.0284636288356795,0.0921052631578947,0.084953395472703,0.1112609040444092,0.4891482067510548,0.1783249170824992,0,0,,,,
13789d5f8a59f1e347e42b99233530d6,2020-07-22,0.0467804331320727,0.7429537816959806,0.0,0.0,0.0002018862082938,0.1621621621621621,0.1558870330146087,0.2676056338028169,0.2848564656307611,0.0891299723463092,0.3382321158417981,1.0,0.0,0.0,0.0183663591513978,0.125,0.0817692352226017,0.1116838487972508,0.4954773206751054,0.2286730211850479,0,1,,,,
13789d5f8a59f1e347e42b99233530d6,2020-08-07,0.068802198199501,0.6643761183607558,0.0,0.0,0.0014753231984476,0.1801801801801802,0.144867064189584,0.2910798122065727,0.303322171639264,0.1104020421186981,0.4347389914486353,0.929,0.0,0.0,0.0259021355011021,0.0855263157894736,0.0666936837839402,0.1037272006344171,0.50270305907173,0.1302775868766247,0,0,,,,
13789d5f8a59f1e347e42b99233530d6,2020-08-11,0.0773780686214252,0.6276807925631739,0.0,0.0,0.0027548575846581,0.2162162162162162,0.1366566000474436,0.295774647887324,0.3121242334173596,0.118272707934482,0.4813311871590824,0.7859999999999999,0.0,0.0,0.0496509837767229,0.0789473684210526,0.0444624558559601,0.0857784826856991,0.4828190928270042,0.1171900678280096,0,0,,,,
13789d5f8a59f1e347e42b99233530d6,2020-09-16,0.1073032286055171,0.6884759743377123,0.0,0.0,0.0003512640590869,0.1081081081081081,0.1559125673937904,0.2723004694835681,0.2492606945332781,0.0806211444373537,0.3647603779245118,0.643,0.0,0.0,0.0427974947807933,0.0789473684210526,0.0087303884675505,0.1020354216230504,0.4159018987341772,0.1225685003137419,0,0,,,,
13789d5f8a59f1e347e42b99233530d6,2020-09-20,0.1100979789580245,0.7228385632610309,0.0,0.0,0.0003352005404181,0.1171171171171171,0.1559136422561563,0.2816901408450704,0.2563019677188758,0.0833865135077643,0.3114748281501505,0.357,0.0,0.0,0.0371496716856579,0.0789473684210526,0.0063451629711109,0.0556701030927835,0.4258570675105485,0.1262437625123255,0,1,,,,
13789d5f8a59f1e347e42b99233530d6,2020-09-25,0.0633175458259517,0.7548575044734431,0.0,0.0,0.0002065263217797,0.1261261261261261,0.1561507837656447,0.2488262910798122,0.2468076300839008,0.0927462242076154,0.3058814421516794,0.0,0.0,0.0,0.0430657445096278,0.0855263157894736,0.0039599374746714,0.0424530795664816,0.3887790084388185,0.1468312068604894,0,0,,,,
13789d5f8a59f1e347e42b99233530d6,2020-09-28,0.0815647709606276,0.7379457076768647,0.0,0.0,0.0018193647174834,0.1351351351351351,0.1394718309316227,0.2629107981220657,0.2354923059558298,0.0984896830461603,0.3146005438551784,0.0,0.0,0.0,0.0433893936389825,0.0921052631578947,0.0127019047067677,0.0468411313772138,0.4122890295358649,0.1543610123405145,0,0,,,,
13789d5f8a59f1e347e42b99233530d6,2020-10-06,0.0722911168155031,0.6937742766115305,0.0,0.0,0.001954747545772,0.1621621621621621,0.0716810292697754,0.2488262910798122,0.2550227623311637,0.1046585832801531,0.3881693757278014,0.143,0.0,0.0,0.0415087297792188,0.0986842105263157,0.0404909396167428,0.1157282579962992,0.4276635021097046,0.1363432635133116,0,0,,,,
13789d5f8a59f1e347e42b99233530d6,2020-10-17,0.0859973245598177,0.7107057129140664,0.0,0.0,0.000575620719537,0.1711711711711711,0.0247739076597641,0.2535211267605634,0.1981827758756913,0.0965751967666453,0.3509123928660135,0.929,0.0,0.0,0.0256732485042161,0.0921052631578947,0.0674810397730562,0.1203542162305049,0.4665348101265822,0.0787940359159769,0,0,,,,
13789d5f8a59f1e347e42b99233530d6,2020-10-21,0.0688853537727322,0.7384650635010691,0.0,0.0,0.0003894462381652,0.1621621621621621,0.0223433815327423,0.2488262910798122,0.2219402535836562,0.097213358859817,0.325145399004545,0.929,0.0,0.0,0.0202820121062268,0.0855263157894736,0.080182944479824,0.1033571239756806,0.4710574894514768,0.0812442107150327,0,1,,,,
13789d5f8a59f1e347e42b99233530d6,2020-10-29,0.0420007954011352,0.7714965303539477,0.0,0.0,0.0001709757021921,0.1261261261261261,0.0223290116465879,0.2676056338028169,0.2856841867639866,0.1095511593278025,0.300300959004416,0.857,0.0,0.0,0.0131777679289954,0.0460526315789473,0.0706536212586117,0.0654771345492995,0.4855221518987341,0.0441629067439567,1,1,,,,
13789d5f8a59f1e347e42b99233530d6,2020-11-04,0.047709606276438,0.7388032994370007,0.0,0.0,0.0001888807229093,0.1261261261261261,0.0223132533965442,0.2723004694835681,0.2999379209150081,0.1121038077004892,0.3435384134009012,0.929,0.0,0.0,0.0192075553119277,0.0526315789473684,0.0666936837839402,0.0808088818398096,0.4846255274261603,0.050168823019691,1,1,,,,
13789d5f8a59f1e347e42b99233530d6,2020-11-08,0.0418634079323185,0.7159887400165843,0.0,0.0,0.0001529252480154,0.1171171171171171,0.0222937843121419,0.2676056338028169,0.3086195868919071,0.116358221654967,0.3824792183452739,1.0,0.0,0.0,0.0246687699000478,0.0526315789473684,0.0722514907659352,0.0898228918847475,0.4864319620253164,0.060059162757343,0,0,,,,
13789d5f8a59f1e347e42b99233530d6,2020-12-05,0.1291080660906034,0.651477327281456,0.0,0.0,0.0022100638452494,0.1621621621621621,0.0313921167585112,0.2629107981220657,0.3652977914895218,0.1344394809614975,0.4000012902851207,0.929,0.0,0.0,0.0252052693577168,0.0855263157894736,0.0428645863486366,0.0748083531588686,0.4439345991561181,0.148026414079541,0,0,,,,
13789d5f8a59f1e347e42b99233530d6,2020-12-11,0.1478903792617231,0.6367193296381968,0.0,0.0,0.0021606724805434,0.1891891891891892,0.0886454284398511,0.3004694835680751,0.3359531961322848,0.1227398425866836,0.4050592079584786,0.929,0.0,0.0,0.0341858037578288,0.0789473684210526,0.0198460024315405,0.0905630452022204,0.46292194092827,0.0858457585083813,0,0,,,,
13789d5f8a59f1e347e42b99233530d6,2020-12-29,0.1225640840232835,0.6547723999476281,0.0,0.0,0.0002404899478731,0.1441441441441441,0.1557524576871952,0.3098591549295774,0.3911509086120621,0.0959370346734737,0.4009690041256866,1.0,0.0,0.0,0.0324144808201443,0.0855263157894736,0.0635095235338389,0.0849325931800158,0.5189873417721518,0.1259449607075627,0,0,,,,
13789d5f8a59f1e347e42b99233530d6,2021-01-04,0.0752738710727068,0.6639767817396237,0.0,0.0,0.000152227560473,0.1261261261261261,0.1557088105975491,0.3051643192488262,0.4169889762594529,0.0846628376941076,0.4295552709760039,1.0,0.0,0.0,0.0255711969769421,0.0921052631578947,0.0889249117119203,0.1059212265397832,0.5452004219409282,0.1488331789524009,0,1,,,,
13789d5f8a59f1e347e42b99233530d6,2021-01-15,0.0752304855562384,0.7141164404486537,0.0,0.0,7.37583477872246e-05,0.063063063063063,0.0794370697547479,0.2535211267605634,0.1874957673351142,0.0536056158264199,0.3554767764806828,0.357,0.0,0.0,0.0305134066549258,0.1118421052631579,0.1008278816650263,0.1007930214115781,0.50270305907173,0.2003167299130487,0,1,,,,
13789d5f8a59f1e347e42b99233530d6,2021-01-29,0.069286669800065,0.6638764020425086,0.0,0.0,0.0003772927177092,0.1531531531531531,0.0017233882520396,0.2018779342723004,0.2947609014635614,0.1391193363114231,0.4350454341648145,0.989,0.0,0.011,0.0778536522783732,0.1118421052631579,0.0643084582875007,0.0853291038858049,0.4059599156118143,0.2204559715540682,0,1,,,,
13789d5f8a59f1e347e42b99233530d6,2021-02-06,0.0337105462959615,0.6395452363287217,0.0,0.0,0.0001562338592198,0.2162162162162162,0.0001093992356871,0.1971830985915493,0.3256838105271079,0.1540097851520953,0.50275314587641,0.973,0.011,0.015,0.0778463628835679,0.1118421052631579,0.0714525560122734,0.0740946338884483,0.4068697257383966,0.2143305345564287,1,1,,,,
13789d5f8a59f1e347e42b99233530d6,2021-02-13,0.0224339274738783,0.6396608911971371,0.0,0.0,0.0001059698937566,0.2342342342342342,7.795311349271466e-05,0.2159624413145539,0.3155084841416155,0.1418847053818336,0.5126431813269937,0.95,0.035,0.015,0.0752819537910684,0.125,0.0746251374978289,0.1030399154110494,0.4312763713080168,0.1569008276809992,1,1,,,,
13789d5f8a59f1e347e42b99233530d6,2021-02-20,0.0209154343974836,0.6474577750621916,0.0,0.0,0.0001119709892793,0.2072072072072072,7.3135426816745e-05,0.2065727699530516,0.3611629481921818,0.1197617528185492,0.5024757345754478,0.919,0.053,0.0279999999999999,0.0769031151957639,0.1513157894736842,0.0611358768019452,0.111736716891356,0.4086761603375527,0.1825081423491798,0,1,,,,
13789d5f8a59f1e347e42b99233530d6,2021-02-27,0.0490617882063704,0.6130449962903154,0.0,0.0,0.0002046209469281,0.1891891891891892,0.0002580117537607,0.2206572769953051,0.3706930283306369,0.1104020421186981,0.5282362770113125,0.928,0.0289999999999999,0.042,0.0759161311391283,0.1447368421052631,0.0658947490302784,0.0854877081681205,0.4258570675105485,0.2169898706188185,0,1,,,,
13789d5f8a59f1e347e42b99233530d6,2021-03-04,0.0411041613941212,0.6637301968314931,0.0,0.0,0.0001503536306938,0.1711711711711711,0.0002580117537607,0.2347417840375587,0.3358252755935136,0.1104020421186981,0.4604092139260473,0.919,0.038,0.042,0.0584930196755344,0.131578947368421,0.0730388467550512,0.0783240814168649,0.4520701476793248,0.2049481578868736,1,1,,,,
13789d5f8a59f1e347e42b99233530d6,2021-03-16,0.0463176542897429,0.7157050582638675,0.0,0.0,0.0002017790985162,0.1441441441441441,0.001510661473435,0.2206572769953051,0.2981150532375183,0.1129546904913848,0.3789277085503969,0.7859999999999999,0.0,0.0,0.0428383153917029,0.0855263157894736,0.0817692352226017,0.0424530795664816,0.4466508438818565,0.1503869483371679,0,0,,,,
13789d5f8a59f1e347e42b99233530d6,2021-03-26,0.1316063487472432,0.6167699559202201,0.0,0.0,0.002457386217745,0.2072072072072072,0.0800364206875918,0.2488262910798122,0.2660972948568418,0.1061476281642203,0.4490772848530203,0.143,0.0,0.0,0.0654266920143222,0.1184210526315789,0.0714525560122734,0.1040444091990483,0.4620253164556961,0.1777273134729734,0,0,,,,
13789d5f8a59f1e347e42b99233530d6,2021-04-12,0.0473372139267507,0.6047134814297561,0.0,0.0,0.0001874165617288,0.2522522522522522,0.0002135905072915,0.2253521126760563,0.3328962714925316,0.1391193363114231,0.5420842620698108,0.915,0.061,0.024,0.1002904094890425,0.1184210526315789,0.0389046488739651,0.1575204863864658,0.3996308016877637,0.1895598649415842,1,1,,,,
13789d5f8a59f1e347e42b99233530d6,2021-04-19,0.0717813369969991,0.5310653340898179,0.0,0.0,0.0002654809191084,0.3243243243243243,0.000291070169504,0.1924882629107981,0.2970766394521991,0.144862795149968,0.6291430248799228,0.911,0.057,0.031,0.1043418551218203,0.0789473684210526,0.0198460024315405,0.1702616970658207,0.3444752109704641,0.1074192488122628,1,1,,,,
13789d5f8a59f1e347e42b99233530d6,2021-05-26,0.2667450016269568,0.4263605813293764,0.0,0.0,0.0009711849895878,0.3243243243243243,0.0029038366514771,0.2112676056338028,0.2503574250348019,0.1606041267815358,0.609972613698312,0.924,0.059,0.018,0.0794150406456654,0.0855263157894736,0.9789613848202398,0.1140629130319852,0.3191587552742616,0.1023694983117698,1,1,,,,
13789d5f8a59f1e347e42b99233530d6,2021-06-09,0.1505549730648251,0.5189172085715533,0.0,0.0,0.0006552032843151,0.3063063063063063,0.0060271819512489,0.2206572769953051,0.2722130253207419,0.2337800467985535,0.5768187375205236,0.72,0.126,0.011,0.1095406514969501,0.125,0.0357204886238638,0.15350251123447,0.3914952531645569,0.1659844025457914,0,1,,,,
13789d5f8a59f1e347e42b99233530d6,2021-06-12,0.0775516106872988,0.5581503949722866,0.0,0.0,0.0003112393953016,0.3513513513513513,0.0002327716821316,0.1971830985915493,0.2565973136686858,0.2444160816847479,0.5839572399510982,0.863,0.126,0.011,0.1030924528521944,0.131578947368421,0.0643084582875007,0.1383822363203806,0.4014372362869198,0.1542414916186094,0,1,,,,
1618e7f7049efc1a0fbe48af6fda8e57,2017-10-20,0.108771105246032,0.7470431632697595,0.0264683522459621,0.0676818950930626,0.0002085250491898,0.1351351351351351,0.0004940847988735,0.4460093896713615,0.0263892546747432,0.0425441395447777,0.2768790583499189,0.375,0.0,0.125,0.1231003837137425,0.4671052631578947,0.9225959590111736,0.2030134813639968,0.5063291139240506,0.3442196790868617,0,1,,,,
1618e7f7049efc1a0fbe48af6fda8e57,2017-10-26,0.1758161900285621,0.669312180858028,0.0619009640543452,0.1489001692047377,0.0007384433040688,0.4324324324324324,0.0033569679146098,0.2535211267605634,0.133441814966703,0.1348649223569453,0.3319645558677329,0.7490000000000001,0.071,0.055,0.1205213958316324,0.2565789473684211,0.0013894517454987,0.2124768702088289,0.3892405063291139,0.244539397017958,0,1,,,,
1618e7f7049efc1a0fbe48af6fda8e57,2017-11-01,0.1556130011931017,0.6861148692881769,0.0667725400756505,0.1387478849407783,0.0007764535179078,0.4414414414414415,0.0036795161962596,0.2535211267605634,0.1540144474961435,0.1414592639863858,0.3251518504301487,0.8059999999999999,0.055,0.067,0.1127217433899768,0.1973684210526315,0.9869044172986744,0.1892149088025376,0.3743143459915612,0.2344697761974482,1,1,,,,
1618e7f7049efc1a0fbe48af6fda8e57,2017-11-11,0.1152572399580606,0.6875245493824467,0.0620712010335483,0.1133671742808798,0.0006608142644092,0.4864864864864865,0.0045997071473504,0.2300469483568075,0.1571259264833139,0.1550733886407147,0.3590734462547861,0.778,0.057,0.094,0.1310604028411145,0.1052631578947368,0.0023736467318937,0.1763679619349722,0.3652689873417721,0.1661338034481728,0,1,,,,
1618e7f7049efc1a0fbe48af6fda8e57,2017-11-15,0.11056437326006,0.6779426526426046,0.0430093233896281,0.1082910321489001,0.0007975079591506,0.4864864864864865,0.0054525144648803,0.2300469483568075,0.1570149366040859,0.1646458200382897,0.3774213006719159,0.795,0.063,0.071,0.1338872301466042,0.0986842105263157,0.0079314537138887,0.1477663230240549,0.3707014767932489,0.1123494785908507,1,1,,,,
1618e7f7049efc1a0fbe48af6fda8e57,2017-11-24,0.0899417910987381,0.7009688822938944,0.0307849090747969,0.0829103214890017,0.0007741796461148,0.3873873873873873,0.010540944895255,0.2910798122065727,0.1341660709582753,0.1557115507338864,0.3617830450083707,0.7,0.158,0.07,0.1009858177534668,0.1052631578947368,0.9837318358131188,0.1690721649484536,0.4068697257383966,0.1421101383452356,0,0,,,,
1618e7f7049efc1a0fbe48af6fda8e57,2017-11-25,0.0865938754112585,0.7079583642473704,0.0297681512264058,0.0761421319796954,0.0008032584767532,0.3873873873873873,0.0108154186779895,0.295774647887324,0.1343128033409835,0.1533716230589236,0.3544380969584754,0.772,0.158,0.07,0.0943262266593578,0.1052631578947368,0.9853181265558966,0.1703938673010838,0.414095464135021,0.1407057698628499,0,0,,,,
1618e7f7049efc1a0fbe48af6fda8e57,2017-12-02,0.1408366173758993,0.6901693361846986,0.0344111899331644,0.093062605752961,0.0021545053157324,0.2882882882882883,0.0532007862541431,0.2488262910798122,0.1315606305730087,0.154435226547543,0.3323419642655535,0.52,0.073,0.05,0.0715104209188136,0.1184210526315789,0.999606322005442,0.1326989162040708,0.3815532700421941,0.1807153315206024,0,0,,,,
1618e7f7049efc1a0fbe48af6fda8e57,2017-12-10,0.1758342673270906,0.7054074106402479,0.0308198892760031,0.0947546531302876,0.0012629569371408,0.2342342342342342,0.0514896757454383,0.2535211267605634,0.1540859325031039,0.1420974260795575,0.2785919118477205,0.643,0.0,0.0,0.0431196860311869,0.1118421052631579,0.0142881954495455,0.0667459688078244,0.4023470464135021,0.1522395195266979,0,0,,,,
1618e7f7049efc1a0fbe48af6fda8e57,2017-12-14,0.2459561083191727,0.618816828874438,0.0361928481812627,0.0896785109983079,0.0013301717619076,0.2792792792792793,0.0330468545749158,0.2769953051643192,0.1822021144512585,0.1635822165496702,0.344028721746788,0.929,0.0,0.0,0.0557288811653701,0.0986842105263157,0.9948474497771088,0.0689928628072958,0.4068697257383966,0.1566617862371889,0,0,,,,
1618e7f7049efc1a0fbe48af6fda8e57,2017-12-16,0.2779890813116887,0.6405293937939159,0.0410224479611206,0.0913705583756345,0.0006673116024797,0.2792792792792793,0.0238430576568777,0.2863849765258215,0.1913202152074946,0.1586896405020208,0.2833530639433049,1.0,0.0,0.0,0.0518655019185687,0.0855263157894736,0.9876917732877902,0.0649484536082474,0.4086761603375527,0.1496100636447844,0,0,,,,
1618e7f7049efc1a0fbe48af6fda8e57,2017-12-22,0.3499258830760331,0.5551957404093745,0.0471486471990186,0.0913705583756345,0.0021865655322913,0.3603603603603604,0.0319749160905175,0.2629107981220657,0.2058975130742315,0.1863433312061263,0.3453125554419388,1.0,0.0,0.0,0.0665317642668035,0.0592105263157894,0.9813466103166792,0.0865450700502247,0.3734177215189873,0.139988645531419,0,0,,,,
1618e7f7049efc1a0fbe48af6fda8e57,2018-01-04,0.3087783361654434,0.5329812770043207,0.0744681843409963,0.1455160744500846,0.0029589478959907,0.3963963963963964,0.098437085500202,0.2300469483568075,0.1692708529290041,0.1725164858540736,0.4148621491634113,0.268,0.05,0.11,0.1054206855530026,0.0921052631578947,0.9583164476350372,0.1020354216230504,0.3164556962025316,0.1345205725042579,0,1,,,,
1618e7f7049efc1a0fbe48af6fda8e57,2018-01-08,0.3743663906865758,0.5009863396325229,0.0766159686950519,0.1336717428087986,0.0023291659873384,0.3693693693693693,0.0647585957335219,0.2394366197183098,0.1738496557432559,0.177409061901723,0.4036366686128467,0.372,0.072,0.128,0.0991999160261718,0.0986842105263157,0.9607016731314768,0.1079566481628337,0.3245912447257384,0.1317118355394866,0,0,,,,
1618e7f7049efc1a0fbe48af6fda8e57,2018-01-20,0.0559998553816117,0.6150744119059048,0.0441520099623613,0.1082910321489001,0.000314879162424,0.3063063063063063,0.001711257662481,0.2816901408450704,0.1306125136385868,0.1229525632844075,0.5190429955259362,0.426,0.09,0.0559999999999999,0.1115700190107416,0.2697368421052631,0.9956348057662248,0.2141950832672482,0.4104825949367088,0.3489108674216392,0,1,,,,
1618e7f7049efc1a0fbe48af6fda8e57,2018-01-22,0.0085722549622184,0.6418605158643563,0.046271810155452,0.1099830795262267,1.4836178189335423e-05,0.2612612612612612,1.3813261000555723e-05,0.2863849765258215,0.1222788667745212,0.1212507977026164,0.5217622714179265,0.301,0.09,0.038,0.120689051912154,0.2697368421052631,0.994048515023447,0.2122389637853555,0.4168117088607594,0.3451459646816267,0,1,,,,
1618e7f7049efc1a0fbe48af6fda8e57,2018-01-31,0.0082034780722368,0.7392113647274474,0.0439980970770543,0.0913705583756345,0.0,0.0,0.0,0.2535211267605634,0.1492719816396403,0.1248670495639225,0.378185794605963,0.0,0.0,0.0,0.1262158710535216,0.0592105263157894,0.9829329010594572,0.1181337562780861,0.3697916666666666,0.1052081154570173,0,1,,,,
1618e7f7049efc1a0fbe48af6fda8e57,2018-02-05,0.0,0.7338541439357571,0.0683140009421334,0.1201353637901861,0.0,0.0,0.0,0.244131455399061,0.1474208961962451,0.1246543288661986,0.3934208361692725,0.0,0.0,0.0,0.1302673166862994,0.0592105263157894,0.9853181265558966,0.1499867829764737,0.3616561181434599,0.1308453103056742,0,1,,,,
1618e7f7049efc1a0fbe48af6fda8e57,2018-02-08,0.0,0.7208942521712565,0.0792441478123382,0.116751269035533,2.8310391683319224e-06,0.036036036036036,2.328868459565671e-06,0.2300469483568075,0.1680198653071974,0.1338013188683258,0.4125783444996758,0.061,0.01,0.0,0.1327121797039922,0.1052631578947368,0.9908759335378916,0.1652392281258261,0.3489978902953586,0.1790420414139301,1,1,,,,
1618e7f7049efc1a0fbe48af6fda8e57,2018-02-09,0.0,0.7145310522410859,0.0960533004985844,0.1319796954314721,5.88022852596259e-06,0.072072072072072,4.728114812140195e-06,0.2159624413145539,0.1677865984423793,0.1423101467772814,0.4219845230299765,0.12,0.0139999999999999,0.008,0.1362169207263736,0.125,0.0031725814855554,0.1911974623314829,0.3489978902953586,0.1790420414139301,0,1,,,,
1618e7f7049efc1a0fbe48af6fda8e57,2018-02-15,0.0077262373910842,0.7084340767250032,0.1096186225263167,0.143824027072758,4.925674049004024e-05,0.2792792792792793,0.0001090281522512,0.1784037558685446,0.1729955980285187,0.1648585407360136,0.4241038163408159,0.4589999999999999,0.083,0.03,0.128189839166793,0.1381578947368421,0.0428645863486366,0.252101506740682,0.3544303797468354,0.1804165297158395,0,1,,,,
1618e7f7049efc1a0fbe48af6fda8e57,2018-02-16,0.0077262373910842,0.6972155544887183,0.1104348272211261,0.1421319796954314,5.106188417356184e-05,0.3153153153153153,0.0001114273986038,0.1737089201877934,0.1854452763459874,0.1663475856200808,0.440683980142512,0.523,0.087,0.034,0.1290733138171936,0.131578947368421,0.0500202628379551,0.2356595294739624,0.3580432489451477,0.1776077927510682,0,0,,,,
1618e7f7049efc1a0fbe48af6fda8e57,2018-02-19,0.0077262373910842,0.724778510016148,0.0840597555117137,0.1099830795262267,5.565679536798047e-05,0.3873873873873873,0.0001173775295582,0.1737089201877934,0.2067365213138192,0.167836630504148,0.3999432274546868,0.6890000000000001,0.122,0.046,0.1223233342274991,0.131578947368421,0.0460487465987379,0.227147766323024,0.3562368143459916,0.1559147817252816,0,0,,,,
1618e7f7049efc1a0fbe48af6fda8e57,2018-02-21,0.0077262373910842,0.7371557631039147,0.084435209671326,0.1201353637901861,6.118424948872572e-05,0.4414414414414415,0.0001221952162341,0.1924882629107981,0.1954738703487716,0.1674111891087003,0.3816469844423871,0.7809999999999999,0.151,0.068,0.1203741500565656,0.1447368421052631,0.0381057141203033,0.2234205656886069,0.3670886075949367,0.1679564944572265,0,1,,,,
1618e7f7049efc1a0fbe48af6fda8e57,2018-02-24,0.0677862540221989,0.7330751101994499,0.0760329653416166,0.1252115059221658,0.0004064334558337,0.4234234234234234,0.0034237117491432,0.2300469483568075,0.1855506226720343,0.162093171665603,0.3340935263169779,0.73,0.14,0.0579999999999999,0.1122552221224385,0.1118421052631579,0.0134892606958837,0.1968279143536875,0.3761207805907173,0.1139032479756178,0,0,,,,
1618e7f7049efc1a0fbe48af6fda8e57,2018-02-27,0.113944828084891,0.7240649412996989,0.0701073192573003,0.1404399323181049,0.0007037741291649,0.4054054054054054,0.0051165176076755,0.2488262910798122,0.1873396290304375,0.1546479472452669,0.3062298191342831,0.71,0.145,0.073,0.1093802848112338,0.0921052631578947,0.9869044172986744,0.1085646312450436,0.3643723628691983,0.089521020706965,0,0,,,,
1618e7f7049efc1a0fbe48af6fda8e57,2018-03-01,0.1130337322390542,0.7274822153362721,0.0757484597051402,0.1505922165820643,0.0007044983484871,0.4054054054054054,0.0051170038549362,0.244131455399061,0.192394371496294,0.1576260370134014,0.3019944582254064,0.725,0.123,0.08,0.1109081419624217,0.0855263157894736,0.9900769987842296,0.1016917790113666,0.3670886075949367,0.0894014999850599,0,1,,,,
1618e7f7049efc1a0fbe48af6fda8e57,2018-03-08,0.1647348060305867,0.6770305066992538,0.0783999589565639,0.1489001692047377,0.0010644127504406,0.4504504504504504,0.0072222049725295,0.2535211267605634,0.1588584973099063,0.1561369921293341,0.3304452451380443,0.758,0.087,0.083,0.1381777679289954,0.0986842105263157,0.9781740288311236,0.1024054982817869,0.3625659282700422,0.0801087638569337,0,0,,,,
1618e7f7049efc1a0fbe48af6fda8e57,2018-03-09,0.1184930763946635,0.6958298782350631,0.0839454868544403,0.1556683587140439,0.0007296946953511,0.4864864864864865,0.0055289960406101,0.2629107981220657,0.1485797057827608,0.1472027228249308,0.34391259608592,0.737,0.108,0.083,0.1390699898531624,0.0855263157894736,0.9726162218491288,0.0967486122125297,0.3643723628691983,0.0728478800011952,0,1,,,,
1618e7f7049efc1a0fbe48af6fda8e57,2018-03-11,0.0627679959506851,0.7195500370968447,0.0676750292667683,0.1421319796954314,0.0004057269243648,0.4684684684684685,0.0021738579512185,0.2676056338028169,0.1469901049700891,0.1469900021272069,0.3585637836320881,0.79,0.127,0.083,0.1457835224688305,0.0592105263157894,0.9622879638742546,0.0403647898493259,0.3598496835443038,0.0816326530612245,0,1,,,,
1618e7f7049efc1a0fbe48af6fda8e57,2018-03-13,0.063107849163021,0.7177017413695281,0.0909018828676302,0.1505922165820643,0.0004042106822833,0.4684684684684685,0.0021738835431796,0.2535211267605634,0.1439538733586666,0.1533716230589236,0.3609927453719085,0.7979999999999999,0.121,0.081,0.1415527577238427,0.0921052631578947,0.9749898685810224,0.1012424002114723,0.3589398734177215,0.0836943855140885,0,0,,,,
1618e7f7049efc1a0fbe48af6fda8e57,2018-03-14,0.1179869120358653,0.657198970017021,0.0928281259473804,0.1489001692047377,0.001061508011884,0.4684684684684685,0.0059136048279132,0.244131455399061,0.1517890063584032,0.1584769198042969,0.401468989609979,0.812,0.107,0.081,0.1387521722396519,0.1052631578947368,0.9837318358131188,0.1212265397832408,0.3571334388185654,0.0840828278602802,0,0,,,,
1618e7f7049efc1a0fbe48af6fda8e57,2018-03-20,0.1428793521096207,0.6588377776807924,0.107561786695397,0.1742808798646362,0.0012473444587283,0.3603603603603604,0.0416375256870512,0.1877934272300469,0.1555965235712404,0.1612422888747074,0.3768309952291707,0.446,0.089,0.036,0.1265380623039152,0.1118421052631579,0.0587506513055057,0.5213322759714513,0.4656381856540084,0.4916186093764007,0,0,,,,
1618e7f7049efc1a0fbe48af6fda8e57,2018-03-25,0.1888209985899707,0.6434971413607994,0.1014169313501891,0.182741116751269,0.0025806617105275,0.3063063063063063,0.0628050269854113,0.1737089201877934,0.1720343128033409,0.1725164858540736,0.3585218493656635,0.239,0.026,0.02,0.0645971588854806,0.131578947368421,0.0539802003126266,0.5575997885276236,0.5271228902953586,0.5226043565303135,1,1,,,,
1618e7f7049efc1a0fbe48af6fda8e57,2018-03-27,0.2232690986658953,0.6329310871557631,0.0700443548951293,0.1505922165820643,0.0028442146536387,0.2882882882882883,0.0636190496859031,0.1924882629107981,0.1731272809360773,0.1663475856200808,0.3434061591760239,0.235,0.024,0.027,0.0574797937975997,0.1381578947368421,0.0452498118450761,0.5564895585514142,0.5361550632911393,0.5089192338721726,0,1,,,,
1618e7f7049efc1a0fbe48af6fda8e57,2018-03-28,0.1723453487110886,0.6834002531314101,0.0740274338057992,0.1505922165820643,0.0021878144912579,0.3063063063063063,0.0598793028092084,0.2065727699530516,0.1603295835057752,0.1606041267815358,0.3142360383085652,0.215,0.04,0.031,0.0628681144376669,0.1447368421052631,0.0309616163955305,0.56304520222046,0.5370648734177215,0.5072160635850241,0,1,,,,
1618e7f7049efc1a0fbe48af6fda8e57,2018-03-30,0.1707075454644058,0.6842709378955177,0.073425774345054,0.1489001692047377,0.0020262772240577,0.3513513513513513,0.0481125605594571,0.2112676056338028,0.1543587042401896,0.1629440544564986,0.3144102267998671,0.336,0.054,0.038,0.0720921146242754,0.1513157894736842,0.9972210965090024,0.5108115252445149,0.5008966244725738,0.4736606209101503,0,1,,,,
1618e7f7049efc1a0fbe48af6fda8e57,2018-04-04,0.187302505513576,0.6630166281150437,0.101246694370986,0.1116751269035532,0.0022746618504031,0.4144144144144144,0.0186966614346248,0.2816901408450704,0.1567045411791263,0.1682620718995958,0.3310258734423839,0.589,0.0819999999999999,0.043,0.0882468713917495,0.1184210526315789,0.9344989289642796,0.1777425323817076,0.4222310126582278,0.328592344697762,0,1,,,,
1618e7f7049efc1a0fbe48af6fda8e57,2018-04-08,0.2168227340106294,0.6355038624361717,0.1138372347917745,0.1150592216582064,0.0015534445500208,0.4774774774774775,0.0068469756389674,0.2910798122065727,0.1491722788667745,0.1763454584131036,0.3453544897083632,0.735,0.134,0.059,0.1014858702371094,0.0657894736842105,0.9464134776819314,0.0754163362410785,0.3643723628691983,0.0933755639884065,0,0,,,,
1618e7f7049efc1a0fbe48af6fda8e57,2018-04-14,0.1938320257420731,0.6578492558809411,0.067938546782521,0.1082910321489001,0.0013456633733233,0.4684684684684685,0.0054436340543806,0.2629107981220657,0.1562793935061514,0.1761327377153796,0.3328322726114403,0.74,0.126,0.135,0.1073246754761432,0.0986842105263157,0.9662594801134718,0.1176315093840867,0.3580432489451477,0.0849493530940927,0,0,,,,
1618e7f7049efc1a0fbe48af6fda8e57,2018-04-16,0.1751184063053617,0.6640968009426962,0.0873735465726398,0.1252115059221658,0.0012027376583092,0.4864864864864865,0.0046290803206961,0.2535211267605634,0.1570732533202904,0.1788981067857902,0.3402965720350054,0.718,0.122,0.16,0.1059178222787231,0.0986842105263157,0.977375094077462,0.1351044144858578,0.3598496835443038,0.0878776107807691,0,0,,,,
1618e7f7049efc1a0fbe48af6fda8e57,2018-04-18,0.1730395169745833,0.6644655872212282,0.1092781485679105,0.1387478849407783,0.0011727066315743,0.5045045045045045,0.0046290675247156,0.2488262910798122,0.1639565070168178,0.1820889172516485,0.3416062114325713,0.701,0.121,0.178,0.1068931433036703,0.0855263157894736,0.9845191918022348,0.1189003436426116,0.3625659282700422,0.0836943855140885,0,0,,,,
1618e7f7049efc1a0fbe48af6fda8e57,2018-04-20,0.2186991575978885,0.6438855671452887,0.1142546651928341,0.143824027072758,0.001447175928077,0.5045045045045045,0.0060902789313265,0.2206572769953051,0.1726080740434177,0.1884705381833652,0.3312903818921385,0.758,0.08,0.162,0.1073538330553644,0.125,0.9726162218491288,0.2429553264604811,0.4032436708860759,0.3145486598739057,0,0,,,,
1618e7f7049efc1a0fbe48af6fda8e57,2018-04-22,0.2238041867023392,0.6622790555579803,0.0981754327050889,0.1252115059221658,0.0014081083736808,0.4954954954954955,0.0067074866550239,0.2206572769953051,0.1779694495654464,0.1791108274835141,0.2995461422087745,0.687,0.08,0.162,0.1012817671825614,0.125,0.9765761593238004,0.240893470790378,0.4059599156118143,0.3131741715719963,0,0,,,,
