pcode,day,LOC_DST_ep_0,LOC_DST_ep_1,LOC_DST_ep_2,LOC_DST_ep_3,LOC_DST_ep_4,LOC_CNT_ep_0,LOC_CNT_ep_1,LOC_CNT_ep_2,LOC_CNT_ep_3,LOC_CNT_ep_4,SCR_DUR_ep_0,SCR_DUR_ep_1,SCR_DUR_ep_2,SCR_DUR_ep_3,SCR_DUR_ep_4,ACT_WALKING_ep_0,ACT_WALKING_ep_1,ACT_WALKING_ep_2,ACT_WALKING_ep_3,ACT_WALKING_ep_4,ACT_RUNNING_ep_0,ACT_RUNNING_ep_1,ACT_RUNNING_ep_2,ACT_RUNNING_ep_3,ACT_RUNNING_ep_4,ACT_STILL_ep_0,ACT_STILL_ep_1,ACT_STILL_ep_2,ACT_STILL_ep_3,ACT_STILL_ep_4,ACT_FOOT_ep_0,ACT_FOOT_ep_1,ACT_FOOT_ep_2,ACT_FOOT_ep_3,ACT_FOOT_ep_4,ACT_UNKNOWN_ep_0,ACT_UNKNOWN_ep_1,ACT_UNKNOWN_ep_2,ACT_UNKNOWN_ep_3,ACT_UNKNOWN_ep_4,CON_DUR_ep_0,CON_DUR_ep_1,CON_DUR_ep_2,CON_DUR_ep_3,CON_DUR_ep_4,CON_CNT_ep_0,CON_CNT_ep_1,CON_CNT_ep_2,CON_CNT_ep_3,CON_CNT_ep_4,SLP_DUR,SLP_START,SLP_END,stress_binary_personal
P000,2013-03-28 00:00:00-04:00,137468.42,79947.93,9661.037,1769.5846,46089.867,9.5,3.5,5.5,4.5,4.0,65002.5,11179.0,17496.0,16822.5,19505.0,7051.5,0.0,2745.5,2544.5,1761.5,2932.0,0.0,5.0,793.5,2133.5,72750.5,21587.5,16560.5,17628.5,16974.0,9983.5,0.0,2750.5,3338.0,3895.0,2173.5,9.0,1137.0,476.0,551.5,24277.5,106.0,6681.5,12768.5,4721.5,27.5,0.5,6.5,9.0,11.5,4.299722,51.47778,87.85111,1
P000,2013-03-29 00:00:00-04:00,117027.766,68594.79,12648.213,2094.7766,33689.99,10.0,4.0,6.0,4.6666665,4.0,56874.0,9973.667,15647.667,13658.667,17594.0,8259.333,0.0,2882.3333,3099.3333,2277.6667,2348.6667,0.0,147.66667,702.6667,1498.3334,71915.336,21523.666,16485.0,17065.0,16841.666,10608.0,0.0,3030.0,3802.0,3776.0,2601.6667,6.0,1255.3334,567.3333,773.0,26482.666,662.3333,7602.3335,10972.667,7245.3335,30.0,0.6666667,7.0,8.666667,13.666667,3.8633332,55.3,88.18222,0
P000,2013-03-31 00:00:00-04:00,79580.95,22945.867,41952.285,10236.229,4446.575,7.5,3.0,5.5,4.0,2.5,32557.5,5386.0,8903.0,9211.0,9057.5,8427.0,23.5,2043.5,4287.0,2073.0,3782.0,0.0,3039.5,622.5,120.0,70353.5,21110.0,15153.0,15816.0,18274.5,12209.0,23.5,5083.0,4909.5,2193.0,2384.0,125.5,1011.5,518.0,729.0,27916.0,1427.5,5105.0,14173.0,7210.5,29.0,1.5,5.0,10.0,12.5,5.4779167,52.053333,97.85222,1
P000,2013-04-01 00:00:00-04:00,50490.64,3.1082635,37050.945,9532.492,3904.0957,6.0,1.0,5.0,4.5,2.0,47314.5,8317.0,12092.5,13933.5,12971.5,6968.5,23.5,2154.5,3267.5,1523.0,3765.0,0.0,3269.5,484.0,11.5,71861.5,20948.0,14939.5,16857.5,19116.5,10733.5,23.5,5424.0,3751.5,1534.5,1666.5,125.5,713.5,462.0,365.5,27758.0,696.5,5307.0,19056.0,2698.5,25.0,2.0,5.5,11.0,6.5,7.5288887,44.984444,107.19111,0
P000,2013-04-02 00:00:00-04:00,66882.414,2.2547581,39501.273,12013.689,15365.195,6.0,1.0,5.3333335,4.0,2.6666667,44902.0,12744.667,10406.333,11705.0,10046.0,5581.3335,15.666667,1695.6666,2382.3333,1487.6666,3696.6667,0.0,2187.0,387.0,1122.6666,72904.664,20958.334,16212.0,17659.0,18075.334,9278.0,15.666667,3882.6667,2769.3333,2610.3333,2369.0,83.666664,1055.6666,773.0,456.66666,27387.334,464.33334,9496.0,15187.667,2239.3333,30.333334,1.3333334,9.0,13.0,7.0,7.5288887,44.984444,107.19111,0
P000,2013-04-03 00:00:00-04:00,51728.754,3043.068,21303.953,6785.819,20595.912,7.6666665,1.6666666,6.6666665,5.0,3.3333333,53328.668,14312.667,13107.333,10171.667,15737.0,5605.3335,0.0,2430.6667,1663.6666,1511.0,1976.6666,0.0,464.66666,231.66667,1280.3334,74288.664,21135.666,17092.666,18334.0,17726.334,7582.0,0.0,2895.3333,1895.3334,2791.3333,2984.0,0.0,1250.3334,1052.0,681.6667,29353.666,437.33334,13235.667,12032.667,3648.0,32.666668,1.0,12.0,13.0,6.6666665,4.5494447,49.584446,87.95556,0
P000,2013-04-04 00:00:00-04:00,57367.656,3042.3066,21548.63,7269.5723,25507.146,8.333333,1.6666666,6.0,5.0,3.3333333,55886.332,17037.666,14197.333,11779.667,12871.667,4987.6665,0.0,1692.3334,2012.0,1283.3334,2989.0,0.0,223.33333,306.66666,2459.0,74257.336,21175.334,18264.334,17847.0,16970.666,7976.6665,0.0,1915.6666,2318.6667,3742.3333,2814.3333,0.0,1109.3334,1157.0,548.0,24740.334,333.0,10567.0,9513.667,4326.6665,33.0,0.33333334,10.333333,14.333333,8.0,4.5494447,49.584446,87.95556,0
P000,2013-04-05 00:00:00-04:00,40626.34,3042.21,9801.176,2460.9026,25322.05,10.0,1.6666666,6.3333335,5.6666665,3.6666667,53665.668,9837.667,17803.0,12960.667,13064.333,6523.3335,0.0,2415.3333,2653.6667,1454.3334,2067.3333,0.0,219.33333,431.33334,1416.6666,72637.336,21208.666,17633.334,17334.666,16460.666,8590.667,0.0,2634.6667,3085.0,2871.0,3541.0,0.0,954.6667,778.6667,1807.6666,28874.334,333.0,7593.0,10949.667,9998.667,28.333334,0.33333334,6.6666665,12.333333,9.0,4.5494447,49.584446,87.95556,0
P000,2013-04-06 00:00:00-04:00,140388.31,43493.207,32588.781,41639.555,22666.762,9.666667,2.0,5.0,5.0,3.6666667,46941.668,7200.0,13353.667,14377.667,12010.333,5921.6665,0.0,1370.0,2657.3333,1894.3334,2642.3333,0.0,59.666668,1247.6666,1335.0,72152.336,21075.666,19085.334,15953.0,16038.333,8564.0,0.0,1429.6666,3905.0,3229.3333,3560.0,0.0,583.6667,1213.3334,1763.0,27295.0,0.0,4666.6665,10299.667,12328.667,32.666668,0.0,8.0,12.666667,12.0,9.237223,29.751112,105.62444,0
P000,2013-04-07 00:00:00-04:00,140585.81,43493.895,34670.875,40719.316,21701.723,7.6666665,2.0,4.3333335,3.3333333,4.0,32341.0,146.33333,7212.3335,13868.667,11113.667,4558.3335,8.0,1197.0,1751.6666,1601.6666,2378.6667,0.0,8.333333,1091.3334,1279.0,74037.664,20951.0,19244.334,17297.666,16544.666,6937.0,8.0,1205.3334,2843.0,2880.6667,3347.6667,5.0,566.3333,1034.6666,1741.6666,27293.0,461.0,5149.0,9529.667,12153.333,33.666668,0.33333334,8.333333,12.0,13.0,8.894444,36.142223,109.27333,1
P000,2013-04-08 00:00:00-04:00,153888.78,43495.867,35066.848,40933.094,34392.97,7.3333335,2.0,4.0,3.0,3.6666667,35880.0,1357.6666,7161.6665,13091.0,14269.667,4551.6665,8.0,1145.3334,2304.6667,1093.6666,3788.6667,0.0,96.666664,1147.6666,2544.3333,74616.664,21033.334,19484.0,16767.0,17332.334,8340.333,8.0,1242.0,3452.3333,3638.0,1992.0,74.0,446.0,1119.6666,352.33334,24104.334,474.66666,4843.3335,10626.667,8159.6665,34.333332,0.6666667,11.0,10.666667,12.0,7.3099074,41.95037,102.40518,0
P000,2013-04-09 00:00:00-04:00,61877.457,6406.837,19465.99,1816.1237,34188.508,7.0,1.6666666,4.3333335,2.6666667,3.3333333,41570.0,2424.0,10645.333,16710.334,11790.333,4576.0,72.333336,1510.3334,2493.3333,500.0,2948.6667,0.0,96.666664,387.66666,2464.3333,76206.664,21133.334,18783.334,18059.334,18230.666,7524.6665,72.333336,1607.0,2881.0,2964.3333,1822.3334,74.0,930.0,556.0,262.33334,21435.0,474.66666,6200.3335,9662.333,5097.6665,30.666666,0.6666667,8.666667,8.0,13.333333,6.3214817,45.06963,97.617035,0
P000,2013-04-10 00:00:00-04:00,56721.96,6406.4165,17321.697,2694.2815,30299.566,9.333333,1.6666666,6.0,3.6666667,2.6666667,51101.332,4137.0,15304.0,16108.0,15552.333,5876.6665,64.333336,2197.3333,3259.3333,355.66666,1990.3334,0.0,103.0,549.3333,1338.0,75743.336,21289.666,18234.666,16985.334,19233.666,7867.0,64.333336,2300.3333,3808.6667,1693.6666,2021.0,69.0,903.6667,629.3333,419.0,22770.0,13.666667,8850.333,9819.333,4086.6667,29.333334,0.33333334,10.0,6.6666665,12.333333,5.206389,46.337776,89.96445,0
P000,2013-04-11 00:00:00-04:00,36089.49,6404.3604,19054.684,3549.002,7081.442,9.0,1.6666666,5.0,5.0,2.0,62467.668,10125.667,15135.333,19201.334,18005.334,5823.6665,64.333336,2087.6667,3140.3333,531.3333,639.3333,0.0,148.66667,490.0,0.6666667,76413.0,21250.334,18198.666,16961.0,20003.0,6463.0,64.333336,2236.3333,3630.3333,532.0,2326.0,0.0,896.3333,726.3333,703.3333,22528.0,0.0,9095.0,9770.333,3662.6667,31.333334,0.0,9.333333,8.333333,13.666667,6.2719445,39.10889,91.26,0
P000,2013-04-12 00:00:00-04:00,22672.627,2.3700075,11580.753,3480.6018,7608.903,9.666667,1.0,5.6666665,5.3333335,2.6666667,64642.668,11901.0,16549.666,14592.0,21600.0,6515.0,0.0,2652.6667,2855.6667,1006.6667,816.6667,0.0,232.0,500.66666,84.0,74868.664,21073.666,17576.666,16980.0,19238.334,7331.6665,0.0,2884.6667,3356.3333,1090.6666,2056.3333,0.0,586.6667,702.3333,767.3333,28882.334,23.666666,10419.0,11734.667,6705.0,36.666668,0.33333334,9.666667,12.0,14.666667,0.0,0.0,0.0,0
P000,2013-04-13 00:00:00-04:00,60855.445,2.7117417,8459.039,23256.834,29136.861,8.333333,1.0,3.6666667,5.6666665,4.0,66338.336,17241.666,18032.334,15069.667,15994.667,4907.0,0.0,1751.0,2055.3333,1100.6666,656.6667,0.0,220.66667,342.33334,93.666664,75717.336,21175.666,18691.0,17312.666,18538.0,5563.6665,0.0,1971.6666,2397.6667,1194.3334,2837.6667,0.0,472.66666,1215.6666,1149.3334,29157.666,191.0,7125.6665,13421.333,8419.667,40.666668,1.6666666,8.333333,15.0,15.666667,0.0,0.0,0.0,0
P000,2013-04-14 00:00:00-04:00,78715.21,6427.15,15154.518,23973.982,33159.56,6.6666665,1.3333334,4.0,3.6666667,4.3333335,46435.0,10085.333,15295.667,10686.0,10368.0,2725.3333,0.0,1005.0,780.6667,939.6667,1462.3334,0.0,83.333336,156.33333,1222.6666,77551.0,20965.0,19439.334,19083.0,18063.666,4187.6665,0.0,1088.3334,937.0,2162.3333,2128.6667,0.0,382.66666,958.3333,787.6667,23465.666,214.66667,5710.6665,10385.0,7155.3335,41.0,2.0,10.0,16.0,13.0,8.134167,32.89111,99.94,1
P000,2013-04-15 00:00:00-04:00,98911.734,23465.133,18112.346,24017.035,33317.223,6.3333335,2.0,4.0,4.0,4.3333335,45187.332,8086.6665,16194.0,13850.0,7056.6665,2733.3333,0.0,1107.3334,758.0,868.0,1327.0,0.0,107.0,80.666664,1139.3334,78538.0,21230.666,19582.666,19236.334,18488.334,4060.3333,0.0,1214.3334,838.6667,2007.3334,2383.6667,0.0,445.66666,1231.6666,706.3333,21642.0,214.66667,5613.6665,11842.333,3971.3333,38.0,2.0,10.0,15.666667,10.333333,8.134167,32.89111,99.94,1
P000,2013-04-16 00:00:00-04:00,65802.66,23491.799,23944.975,5978.253,12387.629,6.0,2.3333333,5.6666665,3.6666667,3.6666667,38171.668,2029.0,14994.0,12554.0,8594.667,3742.0,0.0,1705.0,1168.3334,868.6667,1393.6666,0.0,186.66667,77.333336,1129.6666,77835.0,21176.666,18735.0,19614.334,18309.0,5135.6665,0.0,1891.6666,1245.6666,1998.3334,2376.6667,2.6666667,559.0,605.6667,1209.3334,22673.666,162.0,8599.333,11310.0,2602.3333,33.666668,1.6666666,13.0,12.333333,6.6666665,6.8381944,37.288887,93.97,1
P000,2013-04-17 00:00:00-04:00,51555.97,22390.684,15646.03,4018.6396,9500.616,8.0,2.6666667,6.6666665,5.0,4.0,53583.332,4437.0,17999.334,16925.666,14221.333,6302.3335,2.0,2593.6667,2426.6667,1280.0,855.3333,0.0,415.0,168.33333,272.0,76112.0,21445.334,17868.0,18115.666,18683.0,7157.6665,2.0,3008.6667,2595.0,1552.0,2828.0,72.0,651.0,814.0,1291.0,26623.666,138.33333,10893.0,13027.333,2565.0,28.666666,1.3333334,11.333333,10.333333,5.6666665,5.542222,41.68667,88.0,1
P000,2013-04-18 00:00:00-04:00,54854.35,5350.875,12073.873,5755.594,31674.01,8.0,2.0,6.0,4.3333335,3.6666667,59659.668,10794.0,15890.333,15910.0,17065.334,5298.3335,2.0,1742.0,2294.3333,1260.0,928.6667,0.0,388.66666,263.0,277.0,77342.336,21458.666,18754.0,18508.334,18621.334,6227.0,2.0,2130.6667,2557.3333,1537.0,2381.0,72.0,599.6667,396.66666,1312.6666,23303.334,114.666664,7314.3335,10849.0,5025.3335,24.333334,1.0,8.666667,9.666667,5.0,5.542222,41.68667,88.0,1
P000,2013-04-19 00:00:00-04:00,145052.64,5335.434,13584.87,71058.15,55074.19,7.6666665,1.6666666,5.3333335,4.3333335,2.6666667,64703.668,12934.333,14609.667,16027.0,21132.666,6359.0,2.0,1908.3334,3206.0,1242.6666,1355.0,0.0,541.3333,533.3333,280.33334,69547.664,21348.334,18321.666,14990.0,14887.667,7714.0,2.0,2449.6667,3739.3333,1523.0,4878.6665,137.0,659.6667,2665.6667,1416.3334,24762.666,0.0,7868.6665,11387.667,5506.3335,24.333334,0.0,7.6666665,11.666667,5.0,4.017778,53.884445,88.00222,0
P000,2013-04-20 00:00:00-04:00,225585.25,79.05223,10054.362,103132.086,112319.76,5.6666665,1.3333334,3.6666667,3.0,2.3333333,53972.0,11394.667,9292.333,14428.667,18856.334,5866.0,0.0,1044.3334,3836.6667,985.0,1332.3334,0.0,313.0,944.6667,74.666664,64660.332,20478.0,19384.666,12396.0,12401.667,7198.3335,0.0,1357.3334,4781.3335,1059.6666,8349.667,67.666664,372.0,3887.3333,4022.6667,29760.334,376.66666,6339.6665,14201.333,8842.667,28.333334,0.33333334,4.3333335,12.666667,11.0,6.709306,45.982224,101.632225,0
P000,2013-04-21 00:00:00-04:00,195546.12,79.01008,7460.8657,100690.64,87315.61,4.0,1.3333334,2.6666667,2.3333333,2.0,43312.668,4207.0,10201.667,12014.667,16889.334,5187.0,0.0,1078.6666,3347.6667,760.6667,1982.0,0.0,232.33333,772.6667,977.0,63739.0,20137.334,19246.334,12854.667,11500.667,7169.0,0.0,1311.0,4120.3335,1737.6666,8129.3335,67.666664,255.66667,3811.6667,3994.3333,27806.334,682.3333,8867.333,11565.667,6691.0,34.666668,0.6666667,8.333333,13.0,12.666667,7.0537963,41.34889,99.754814,0
P000,2013-04-22 00:00:00-04:00,99901.39,95.51075,3016.0679,33332.105,63457.707,4.0,1.3333334,3.0,2.3333333,2.6666667,40386.332,3369.0,10521.667,13827.333,12668.333,5282.0,0.0,1360.0,2751.3333,1170.6666,1476.6666,0.0,0.0,503.0,973.6667,69466.0,20302.666,19290.334,14577.0,15296.0,6758.6665,0.0,1360.0,3254.3333,2144.3333,4914.6665,0.0,211.66667,1531.0,3172.0,21774.0,682.3333,4874.3335,9689.667,6527.6665,32.0,0.6666667,4.6666665,11.666667,15.0,8.571806,35.081112,105.63111,0
P000,2013-04-23 00:00:00-04:00,12002.963,46.64285,5556.236,638.8146,5761.27,4.3333335,1.3333334,3.6666667,2.0,3.0,44720.332,3116.3333,13879.667,12883.333,14841.0,4491.6665,0.6666667,1842.6666,962.6667,1685.6666,1063.3334,0.0,78.0,3.0,982.3333,74104.0,20951.334,18306.0,18061.666,16785.0,5555.0,0.6666667,1920.6666,965.6667,2668.0,2211.6667,0.0,642.0,339.33334,1230.3334,21216.0,305.66666,6341.3335,8179.6665,6389.3335,31.666666,0.33333334,7.6666665,12.0,11.666667,6.621389,37.88222,92.82889,0
P000,2013-04-24 00:00:00-04:00,23582.736,47.021164,5492.5522,7873.0186,10170.144,5.0,1.3333334,3.3333333,3.0,3.0,54809.332,10304.0,16279.667,14133.667,14092.0,4583.6665,0.6666667,1825.6666,1377.6666,1379.6666,333.0,0.0,100.666664,157.33333,75.0,74344.0,21086.334,18501.666,17363.334,17392.666,4916.6665,0.6666667,1926.3334,1535.0,1454.6666,2318.6667,0.0,572.6667,592.3333,1153.6666,22634.0,0.0,5085.3335,11896.0,5652.6665,28.666666,0.0,6.6666665,13.0,9.0,5.5,43.68222,89.657776,0
P000,2013-04-25 00:00:00-04:00,22702.91,88.34935,5195.9785,10038.274,7380.3066,5.3333335,1.6666666,3.0,3.0,2.3333333,54909.0,11578.0,16303.333,12364.333,14663.333,4390.6665,0.6666667,1420.0,1692.3334,1277.6666,429.33334,0.0,100.666664,246.33333,82.333336,75167.336,20756.334,18448.666,18013.666,17948.666,4820.0,0.6666667,1520.6666,1938.6666,1360.0,2356.3333,0.0,754.3333,745.0,857.0,28774.334,0.0,6364.0,15664.0,6746.3335,33.333332,0.0,9.666667,12.666667,11.0,5.5,43.68222,89.657776,0
P000,2013-04-26 00:00:00-04:00,24298.914,76.48804,5941.2466,10722.786,7558.393,7.0,1.3333334,3.6666667,4.3333335,2.6666667,56424.0,13793.333,17709.0,12589.667,12332.0,5729.6665,2.3333333,1547.0,2620.3333,1560.0,588.6667,0.0,233.33333,341.0,14.333333,75593.0,21047.666,18677.0,17224.0,18644.334,6318.3335,2.3333333,1780.3334,2961.3333,1574.3334,1631.3334,0.0,576.6667,836.3333,218.33333,27538.334,171.66667,6900.3335,14097.333,6369.0,34.0,0.6666667,9.0,11.333333,13.0,0.0,0.0,0.0,0
P000,2013-04-27 00:00:00-04:00,43978.402,83.099304,5958.3433,21069.877,16867.084,6.6666665,1.3333334,4.0,4.0,3.3333333,41705.668,6593.3335,10612.0,10419.333,14081.0,6248.3335,2.3333333,1349.0,2669.6667,2227.3333,3678.0,0.0,210.66667,3390.3333,77.0,71387.0,21263.334,19121.0,14093.333,16909.334,9926.333,2.3333333,1559.6666,6060.0,2304.3333,2738.0,0.0,575.6667,1101.6666,1060.6666,29935.666,171.66667,8463.667,13121.0,8179.3335,32.333332,0.6666667,12.0,8.333333,11.333333,5.3794446,86.886665,131.89778,0
P000,2013-04-29 00:00:00-04:00,55537.633,285.3396,3956.1096,26889.379,24406.805,4.0,1.5,3.0,2.5,3.5,42218.0,6973.5,9454.5,10940.5,14849.5,5978.0,0.0,1324.5,3304.0,1349.5,5180.5,0.0,26.0,5047.5,107.0,68408.0,21123.5,19064.5,12042.0,16178.0,11158.5,0.0,1350.5,8351.5,1456.5,3371.5,108.0,820.0,803.0,1640.5,31577.5,25.5,9925.0,13026.5,8600.5,37.0,0.5,15.0,9.5,12.0,4.045833,74.94,109.28222,0
P000,2013-04-30 00:00:00-04:00,14595.429,280.63193,7181.2656,2275.1497,4858.382,4.5,1.5,3.5,3.0,2.5,51439.0,6973.5,12534.5,18980.0,12951.0,5983.5,0.0,1928.0,3268.0,787.5,683.5,0.0,26.0,548.0,109.5,67903.5,20595.5,16281.0,11393.0,19634.0,6667.0,0.0,1954.0,3816.0,897.0,3287.0,108.0,2650.0,152.0,377.0,29472.0,25.5,9411.5,10980.0,9055.0,42.0,0.5,12.0,8.5,21.0,2.7122223,62.993332,86.666664,1
P000,2013-05-01 00:00:00-04:00,1832418.5,2336.5417,8596.909,1818246.1,3238.9211,5.0,1.6666666,4.3333335,3.0,1.6666666,52739.332,7091.0,11557.0,18257.334,15834.0,7336.0,94.666664,2398.0,3405.3333,1438.0,833.3333,0.0,100.0,660.3333,73.0,63206.332,20418.666,16440.0,10653.333,15694.333,8169.3335,94.666664,2498.0,4065.6667,1511.0,5286.3335,371.0,2064.3333,2591.6667,259.33334,27939.666,225.33333,9678.333,10950.333,7085.6665,41.333332,1.0,13.666667,11.0,15.666667,2.7875,62.79,87.06555,0
P000,2013-05-03 00:00:00-04:00,2734952.0,3400.1804,6225.497,2725247.0,79.41602,4.0,2.0,4.0,2.5,0.5,43672.0,5010.0,8788.5,8714.0,21159.5,10032.0,142.0,5164.0,3356.5,1369.5,572.0,0.0,129.5,442.5,0.0,62078.0,20718.5,13842.5,12969.5,14547.5,10604.0,142.0,5293.5,3799.0,1369.5,7101.5,448.5,2142.5,4498.5,12.0,26952.0,403.5,11202.0,10565.5,4781.0,51.5,1.5,17.0,17.5,15.5,3.0586112,56.72333,83.16778,0
P000,2013-05-05 00:00:00-04:00,9181.749,1285.1683,3786.298,3731.6794,378.60358,2.0,1.5,1.5,1.5,1.5,40955.0,8419.0,9809.5,11108.0,11618.5,13778.5,2815.5,8230.5,2369.0,363.5,3251.5,949.5,1838.0,464.0,0.0,62592.0,17121.5,9207.5,15484.0,20779.0,17030.0,3765.0,10068.5,2833.0,363.5,3095.5,158.5,1746.5,1083.0,107.5,26708.0,2823.0,9840.5,10101.0,3943.5,55.0,9.0,18.0,13.5,14.5,2.5406945,61.146667,83.44778,0
P000,2013-05-06 00:00:00-04:00,443917.1,2380.1086,17369.53,423301.06,866.38855,2.0,1.5,1.0,1.0,1.5,46055.0,9714.0,13917.0,18530.5,3893.5,15246.0,4520.5,7537.5,1907.5,1280.5,5277.0,1574.0,2876.5,811.5,15.0,57863.0,14688.0,9659.0,13767.0,19749.0,20523.0,6094.5,10414.0,2719.0,1295.5,3945.5,163.0,864.5,2807.5,110.5,27219.5,4462.5,10056.0,11011.5,1689.5,56.5,12.0,24.0,16.0,4.5,1.7684722,68.33,84.45333,0
P000,2013-05-08 00:00:00-04:00,2486593.2,387258.16,9506.038,2026009.2,63819.92,1.3333334,1.3333334,1.0,1.0,0.6666667,41935.0,11289.333,14334.0,7543.6665,8768.0,8842.0,2346.6667,3293.0,2173.6667,1028.6666,2511.0,871.0,773.6667,301.0,565.3333,61441.0,17351.334,11890.667,15988.667,16210.333,11353.0,3217.6667,4066.6667,2474.6667,1594.0,7194.6665,530.3333,1709.3334,2752.6667,2202.3333,32782.332,7515.6665,12052.0,10902.667,2312.0,51.0,8.333333,20.0,14.333333,8.333333,1.7615278,64.28555,80.35333,1
P000,2013-05-09 00:00:00-04:00,2201495.2,386411.3,2370.4624,1747016.0,65697.375,2.6666667,1.0,1.6666666,2.3333333,1.0,36662.332,11205.0,9570.333,6416.0,9471.0,6700.0,1277.6666,1732.3334,2903.6667,786.3333,1439.0,454.66666,89.0,335.66666,559.6667,64541.668,17395.0,14494.0,16522.666,16130.0,8139.0,1732.3334,1821.3334,3239.3333,1346.0,5626.3335,535.0,1279.0,1371.6666,2440.6667,30260.0,6362.0,8167.0,11528.333,4202.6665,37.333332,6.0,12.0,10.0,9.333333,3.0843055,52.69,79.34,0
P000,2013-05-10 00:00:00-04:00,2206781.0,385959.22,5376.2676,1747500.2,67945.195,4.0,1.0,3.0,3.0,1.6666666,40621.668,5316.6665,12029.0,8239.667,15036.333,6875.0,958.3333,2060.6667,2981.3333,874.6667,1417.6666,380.0,177.66667,295.33334,564.6667,64195.332,17847.666,13963.667,16459.0,15925.0,8292.667,1338.3334,2238.3333,3276.6667,1439.3334,5383.0,380.33334,1276.0,1288.3334,2438.3333,21360.334,2969.0,4948.3335,8725.333,4717.6665,37.666668,4.0,9.666667,9.666667,14.333333,4.3917594,46.31333,83.422966,0
P000,2013-05-11 00:00:00-04:00,30358.258,0.58763576,9587.587,10997.403,9772.68,4.6666665,1.0,3.6666667,3.3333333,2.0,46165.332,8988.667,12414.667,10100.667,14661.333,5504.6665,74.666664,1654.0,2926.6667,849.3333,493.0,0.0,110.666664,373.0,9.333333,72917.0,19367.334,18029.0,16546.0,18974.666,5997.6665,74.666664,1764.6666,3299.6667,858.6667,2823.3333,7.6666665,1005.0,923.3333,887.3333,23070.334,77.333336,4996.0,10604.333,7392.6665,31.333334,0.33333334,7.6666665,10.333333,13.0,5.6811113,37.79778,85.22222,0
P000,2013-05-12 00:00:00-04:00,35123.816,0.12845227,9831.061,12858.668,12433.96,4.0,1.0,3.3333333,3.0,2.0,60351.0,14511.667,16526.334,9911.0,19402.0,4399.6665,7.0,1620.6666,1949.6666,822.3333,292.66666,0.0,104.666664,177.0,11.0,75343.0,20680.0,17812.666,17776.666,19073.666,4692.3335,7.0,1725.3334,2126.6667,833.3333,2709.6667,0.0,1125.0,752.0,832.6667,23258.0,100.666664,6669.3335,8992.667,7495.3335,32.333332,0.6666667,8.666667,12.666667,10.333333,7.0066667,33.56,91.58889,0
P000,2013-05-13 00:00:00-04:00,35046.69,0.14656557,9833.181,12769.104,12444.262,4.3333335,1.0,3.0,3.0,2.0,62755.668,21600.0,17008.0,9562.333,14585.333,4868.3335,0.0,2018.0,1602.0,1248.3334,686.6667,0.0,314.0,289.66666,83.0,75388.336,20960.334,17259.0,18313.0,18856.0,5555.0,0.0,2332.0,1891.6666,1331.3334,2913.6667,0.0,1348.0,729.0,836.6667,24420.334,23.333334,6444.3335,9863.333,8089.3335,28.0,0.33333334,9.666667,12.0,6.0,0.0,0.0,0.0,0
P000,2013-05-14 00:00:00-04:00,33508.23,0.14656557,14187.401,12145.349,7175.3345,4.0,1.0,2.6666667,3.0,1.6666666,53582.0,14400.0,13120.0,10105.667,15956.333,4574.6665,0.0,1941.0,1699.6666,934.0,815.0,0.0,315.66666,416.33334,83.0,77535.0,21254.666,18038.666,18190.0,20051.666,5389.6665,0.0,2256.6667,2116.0,1017.0,2156.3333,0.0,942.0,931.0,283.33334,21579.334,23.333334,6629.6665,9298.0,5628.3335,30.0,0.33333334,10.0,12.0,7.6666665,0.0,0.0,0.0,1
P000,2013-05-15 00:00:00-04:00,29977.635,0.15570989,14659.2705,10039.215,5278.9937,5.0,1.0,4.0,3.0,2.0,51939.668,14400.0,14623.667,9516.333,13399.667,5836.6665,0.0,2597.6667,1767.6666,1471.3334,744.6667,0.0,321.66666,346.0,77.0,77180.0,21595.0,17722.0,18501.0,19362.0,6581.3335,0.0,2919.3333,2113.6667,1548.3334,2602.6667,0.0,952.6667,979.0,671.0,26197.334,0.0,8749.333,12096.333,5351.6665,36.0,0.0,12.333333,14.0,9.666667,0.0,0.0,0.0,0
P000,2013-05-16 00:00:00-04:00,199273.84,0.2020329,96228.18,93351.414,9694.047,3.6666667,1.0,3.3333333,2.3333333,2.0,49033.332,7200.0,14788.667,12956.333,14088.333,3788.0,0.0,1533.3334,1027.6666,1227.0,393.0,0.0,18.333334,210.66667,164.0,68809.336,21574.0,14539.0,13793.667,18902.666,4181.0,0.0,1551.6666,1238.3334,1391.0,9269.333,0.0,4290.6665,3929.3333,1049.3334,28301.0,0.0,10215.333,10984.333,7101.3335,34.0,0.0,9.333333,14.666667,10.0,0.0,0.0,0.0,1
P000,2013-05-17 00:00:00-04:00,187470.72,0.2020329,90372.5,84793.625,12304.394,4.6666665,1.0,4.0,2.6666667,2.6666667,56667.332,7200.0,16905.0,17647.0,14915.333,5436.0,0.0,1683.6666,1888.0,1864.3334,194.0,0.0,14.666667,10.0,169.33333,64210.668,21317.0,14369.667,11029.0,17495.0,5630.0,0.0,1698.3334,1898.0,2033.6666,9259.667,0.0,4043.6667,3762.0,1454.0,34061.0,0.0,13821.333,12905.333,7334.3335,29.333334,0.0,9.0,12.666667,7.6666665,0.0,0.0,0.0,1
P000,2013-05-24 00:00:00-04:00,843910.25,2.8032668,80156.56,752569.0,11181.891,3.0,1.0,2.0,1.0,2.0,73210.0,21600.0,21308.0,16463.0,13839.0,3099.0,0.0,508.0,893.0,1698.0,15.0,0.0,10.0,3.0,2.0,66352.0,21416.0,18778.0,8143.0,18015.0,3114.0,0.0,518.0,896.0,1700.0,8281.0,0.0,2093.0,5280.0,908.0,20796.0,0.0,5483.0,4860.0,10453.0,50.0,0.0,12.0,14.0,24.0,0.0,0.0,0.0,0
P000,2013-05-26 00:00:00-04:00,421990.75,1.4016334,40078.305,376284.5,5626.5356,2.0,1.0,1.5,1.0,1.5,61257.5,21600.0,19948.5,8307.0,11402.0,1863.0,0.0,254.0,446.5,1162.5,7.5,0.0,5.0,1.5,1.0,74240.5,21062.5,19721.5,14351.0,19105.5,1870.5,0.0,259.0,448.0,1163.5,4256.5,0.0,1046.5,2640.0,570.0,16000.0,0.0,3104.0,4124.5,8771.5,44.5,0.0,7.5,15.0,22.0,0.0,0.0,0.0,0
P000,2013-05-27 00:00:00-04:00,8055.5986,152.1246,3731.7307,313.97766,3857.7659,3.0,1.5,2.5,1.5,2.0,43180.0,10800.0,17445.5,9067.5,5867.0,2719.0,0.0,895.0,610.0,1214.0,65.5,0.0,20.5,19.5,25.5,81139.0,21152.5,19942.5,20113.0,19931.0,2784.5,0.0,915.5,629.5,1239.5,761.0,0.0,272.5,335.5,153.0,22267.0,0.0,8131.0,7969.5,6166.5,39.0,0.0,10.0,12.5,16.5,7.8555555,26.953333,91.77333,0
P000,2013-05-28 00:00:00-04:00,12098.417,101.416405,5697.7607,900.8815,5398.3584,5.0,1.3333334,3.6666667,2.3333333,2.6666667,43714.668,7200.0,15016.0,10387.333,11111.333,3841.3333,0.0,1530.6666,1141.6666,1169.0,507.33334,0.0,26.333334,312.66666,168.33333,80117.0,21300.666,19451.0,19499.666,19865.666,4348.6665,0.0,1557.0,1454.3334,1337.3334,785.6667,0.0,277.66666,296.66666,211.33333,26002.666,0.0,8952.333,9573.333,7477.0,36.666668,0.0,8.0,11.333333,17.333334,7.8555555,26.953333,91.77333,0
P000,2013-05-29 00:00:00-04:00,19978.143,101.424286,8181.1914,1354.247,10341.28,6.3333335,1.3333334,4.6666665,2.6666667,3.3333333,54748.0,7200.0,16019.667,17537.0,13991.333,6193.3335,0.0,1897.3334,2647.0,1649.0,767.3333,0.0,101.666664,336.0,329.66666,68981.0,19196.0,16313.333,16837.334,16634.334,6960.6665,0.0,1999.0,2983.0,1978.6666,1411.3334,0.0,498.0,391.66666,521.6667,32565.334,84.0,11490.0,12964.0,8027.3335,33.333332,0.33333334,10.0,9.333333,13.666667,7.8555555,26.953333,91.77333,0
P000,2013-05-31 00:00:00-04:00,171252.98,20.760515,16454.51,51922.492,102855.21,4.0,1.0,3.5,2.5,2.0,52806.5,10800.0,14740.5,17302.0,9964.0,6295.5,0.0,1039.5,3631.0,1625.0,3890.5,0.0,2331.5,1088.0,471.0,51399.0,17582.0,12470.5,11932.0,9414.5,10186.0,0.0,3371.0,4719.0,2096.0,4438.0,0.0,1144.5,2419.5,874.0,31475.0,126.0,8405.5,13536.0,9407.5,32.0,0.5,10.5,14.5,6.5,0.0,0.0,0.0,0
P001,2013-03-28 00:00:00-04:00,3160.7546,282.71893,1186.6646,682.1532,1009.2181,4.0,1.0,2.5,2.0,2.5,48134.5,10800.0,14852.5,10964.0,11518.0,4661.5,0.0,245.5,2747.5,1668.5,1743.5,0.0,650.0,588.0,505.5,75717.0,20901.5,19850.5,16850.0,18115.0,6405.0,0.0,895.5,3335.5,2174.0,1866.0,1.5,24.5,937.5,902.5,21899.5,882.5,4780.0,5688.5,10548.5,31.5,3.0,3.5,13.0,12.0,5.8508334,37.246666,99.28889,1
P001,2013-03-29 00:00:00-04:00,3923.5435,269.92783,1546.2163,1397.7665,709.6329,4.6666665,1.0,3.0,2.6666667,2.0,39302.0,7727.3335,14058.0,8976.0,8540.667,4802.6665,0.0,245.0,2968.0,1589.6666,2382.0,0.0,843.6667,958.3333,580.0,76044.664,21133.666,19935.334,16579.334,18396.334,7184.6665,0.0,1088.6666,3926.3333,2169.6667,1556.0,1.0,21.333334,774.3333,759.3333,26372.0,995.3333,6753.6665,7523.3335,11099.667,33.666668,3.0,4.3333335,14.333333,12.0,5.8508334,37.246666,99.28889,1
P001,2013-03-30 00:00:00-04:00,3740.1064,290.91708,997.4737,2133.4348,318.28088,3.6666667,1.0,2.0,3.0,1.3333334,29234.0,7740.0,11367.0,5289.6665,4837.3335,5222.6665,224.0,173.33333,3186.3333,1639.0,1926.6666,0.0,490.33334,1050.0,386.33334,76894.336,21100.334,20605.334,16427.666,18761.0,7149.3335,224.0,663.6667,4236.3335,2025.3334,1684.3334,0.0,7.0,871.3333,806.0,28359.334,1305.3334,4102.0,12521.667,10430.333,35.666668,4.0,2.3333333,17.0,12.333333,7.7880554,46.58889,124.12889,0
P001,2013-03-31 00:00:00-04:00,3182.6292,273.8649,1001.00885,1758.62,149.13536,3.0,1.0,2.0,2.3333333,1.0,12306.333,938.0,6279.6665,2331.3333,2757.3333,3815.3333,224.0,173.33333,2430.3333,987.6667,1458.0,0.0,490.33334,658.0,309.66666,80049.0,21370.666,20923.666,17726.334,20028.334,5273.3335,224.0,663.6667,3088.3333,1297.3334,1032.6666,0.0,7.0,775.0,250.66667,28954.0,1531.0,4102.0,13533.0,9788.0,36.333332,5.3333335,2.3333333,14.0,14.666667,7.8956943,40.621113,119.022224,0
P001,2013-04-01 00:00:00-04:00,2084.0972,251.38498,389.1531,1293.7246,149.83437,2.0,1.0,1.3333334,2.0,1.0,9452.0,421.33334,2791.3333,1005.0,5234.3335,5204.0,386.0,92.0,3700.3333,1025.6666,1161.3334,0.0,161.66667,784.3333,215.33333,78757.664,21177.0,21284.0,16320.333,19976.334,6365.3335,386.0,253.66667,4484.6665,1241.0,932.0,1.6666666,4.0,701.6667,224.66667,27232.0,4354.0,1513.3334,11862.667,9502.0,37.333332,7.0,0.6666667,13.0,16.666666,7.8956943,40.621113,119.022224,0
P001,2013-04-02 00:00:00-04:00,2054.36,199.32382,249.25264,916.3415,689.4422,3.0,1.0,1.3333334,2.3333333,1.6666666,22693.334,7608.6665,9980.667,1631.6666,3472.3333,5411.6665,162.0,0.0,3866.3333,1383.3334,1482.0,0.0,81.666664,1016.0,384.33334,78046.0,21162.334,21277.666,16240.333,19365.666,6893.6665,162.0,81.666664,4882.3335,1767.6666,695.3333,1.6666666,2.0,384.0,307.66666,22111.0,4625.0,978.3333,7842.6665,8665.0,40.666668,7.3333335,0.33333334,13.666667,19.333334,8.003333,34.65333,113.91556,0
P001,2013-04-03 00:00:00-04:00,3456.5027,355.45364,991.42303,1447.7876,661.83826,5.0,1.3333334,2.6666667,3.3333333,1.6666666,22140.0,7783.6665,8786.333,1652.0,3918.0,5304.6665,322.33334,158.33333,3620.6667,1203.3334,2418.3333,0.0,561.6667,1474.6666,382.0,77277.0,20990.666,20638.334,16168.667,19479.334,7723.0,322.33334,720.0,5095.3335,1585.3334,655.0,10.666667,3.6666667,246.33333,394.33334,29944.0,4022.6667,6870.3335,7059.6665,11991.333,32.333332,5.0,2.0,11.0,14.333333,5.452778,52.213333,111.07111,0
P001,2013-04-04 00:00:00-04:00,4068.8965,477.77374,1161.0801,1483.8525,946.1901,6.0,1.6666666,3.0,3.6666667,2.0,32399.666,14039.667,15318.333,2387.0,654.6667,4485.0,163.0,300.0,2979.0,1043.0,2080.0,0.0,577.3333,1034.3334,468.33334,78491.664,21100.0,20535.0,17166.0,19690.666,6565.0,163.0,877.3333,4013.3333,1511.3334,898.0,90.0,1.6666666,413.66666,392.66666,32408.334,2855.0,6117.0,10356.667,13079.667,32.0,5.6666665,2.6666667,12.0,11.666667,5.452778,52.213333,111.07111,1
P001,2013-04-05 00:00:00-04:00,4193.2397,464.63327,1237.503,1568.4414,922.66205,5.6666665,1.6666666,3.3333333,4.0,1.6666666,17779.334,6850.3335,8133.6665,1810.0,985.3333,5449.6665,232.66667,449.66666,3637.0,1130.3334,1935.6666,0.0,587.6667,1093.3334,254.66667,77551.0,21268.666,20556.0,16043.333,19683.0,7385.3335,232.66667,1037.3334,4730.3335,1385.0,1410.0,91.666664,1.6666666,811.0,505.66666,41472.0,3012.6667,7599.6665,12549.667,18310.0,35.666668,6.6666665,4.0,14.333333,10.666667,6.6443057,46.34111,114.73111,1
P001,2013-04-06 00:00:00-04:00,3215.9548,290.55743,463.40448,1193.5796,1268.4133,4.6666665,1.3333334,2.0,3.6666667,2.3333333,30225.666,11495.667,14415.333,3861.6667,453.0,5992.0,338.0,291.33334,3375.6667,1987.0,1370.6666,70.0,107.666664,792.6667,400.33334,77244.0,21070.0,21178.334,16732.0,18263.666,7362.6665,408.0,399.0,4168.3335,2387.3333,1639.3334,93.0,0.0,662.6667,883.6667,36315.668,4502.6665,1707.6666,12620.667,17484.666,40.666668,8.333333,2.3333333,16.0,14.0,7.8358335,40.468887,118.39111,1
P001,2013-04-07 00:00:00-04:00,2629.0852,178.54755,286.14697,1180.7062,983.6845,3.6666667,1.0,1.3333334,3.3333333,2.0,30756.666,10623.0,14415.333,5330.3335,388.0,4718.6665,335.33334,149.66667,1965.6666,2268.0,1429.3334,70.0,10.333333,1177.6666,171.33333,78425.336,21113.0,21385.334,17891.666,18035.334,6148.0,405.33334,160.0,3143.3333,2439.3333,1509.3334,12.0,0.0,491.0,1006.3333,34336.668,3550.0,1482.6666,12188.667,17115.334,37.0,6.6666665,1.3333334,14.0,15.0,7.8358335,40.468887,118.39111,0
P001,2013-04-08 00:00:00-04:00,2706.0576,183.9103,316.16595,1258.4825,947.4989,4.3333335,1.0,1.6666666,3.3333333,2.6666667,36373.332,12178.333,14861.667,6155.0,3178.3333,5075.0,722.3333,85.666664,1659.3334,2607.6667,1701.0,75.333336,2.6666667,1168.0,455.0,77789.336,20512.666,21370.0,18447.334,17459.334,6776.0,797.6667,88.333336,2827.3333,3062.6667,1177.6666,154.0,0.0,159.33333,864.3333,33760.668,5406.0,1332.0,13245.0,13777.667,40.0,9.0,1.0,14.333333,15.666667,5.5,61.351112,120.58667,0
P001,2013-04-09 00:00:00-04:00,2497.1897,159.81345,332.54355,1284.5792,720.2536,4.0,1.0,1.6666666,3.0,2.3333333,38105.0,14160.0,14861.667,5778.0,3305.3333,4137.6665,456.66666,85.666664,1752.0,1843.3334,1650.3334,5.3333335,2.6666667,1246.0,396.33334,78738.664,20755.334,21265.0,18148.0,18570.334,5788.0,462.0,88.333336,2998.0,2239.6667,784.0,148.66667,0.0,174.66667,460.66666,32260.0,4598.0,1332.0,13526.667,12803.333,38.666668,7.0,1.0,15.0,15.666667,5.5,61.351112,120.58667,0
P001,2013-04-10 00:00:00-04:00,3158.4998,158.2318,982.72284,1305.0516,712.49347,5.0,1.0,2.6666667,3.3333333,2.3333333,26252.666,8827.333,9675.667,3856.6667,3893.0,3591.6667,456.66666,256.66666,1491.0,1387.3334,1786.6666,5.3333335,369.33334,766.6667,645.3333,78811.0,20632.666,20532.334,18818.334,18827.666,5378.3335,462.0,626.0,2257.6667,2032.6666,625.0,148.66667,76.333336,117.333336,282.66666,36633.668,5239.6665,4467.6665,12632.333,14294.0,41.666668,7.0,3.3333333,14.0,17.333334,4.5954165,58.344444,110.34333,0
P001,2013-04-11 00:00:00-04:00,3176.9233,158.71295,1255.5574,1511.938,250.7152,4.3333335,1.0,2.6666667,2.6666667,1.6666666,21461.334,7262.6665,10034.667,2618.3333,1545.6666,2090.3333,0.0,423.66666,1237.0,429.66666,1428.0,0.0,447.66666,638.3333,342.0,80550.336,21115.334,20181.666,19113.666,20139.666,3518.3333,0.0,871.3333,1875.3334,771.6667,348.0,5.0,80.666664,116.333336,146.0,32597.0,2759.0,4224.6665,10180.0,15433.333,35.0,3.6666667,3.6666667,10.333333,17.333334,3.6908333,55.337776,100.1,0
P001,2013-04-12 00:00:00-04:00,4012.219,194.1841,1949.0435,1746.8655,122.126,5.0,1.0,3.6666667,3.0,1.3333334,10597.333,1746.0,3098.6667,1223.3334,4529.3335,3785.0,1.6666666,432.33334,2789.6667,561.3333,2009.3334,0.0,893.3333,781.0,335.0,77437.0,21051.0,19566.666,17132.334,19687.0,5794.3335,1.6666666,1325.6666,3570.6667,896.3333,868.0,0.0,160.66667,317.66666,389.66666,39944.668,4709.0,8255.333,10501.667,16478.666,37.333332,5.6666665,5.3333335,11.333333,15.0,3.6908333,55.337776,100.1,0
P001,2013-04-13 00:00:00-04:00,3365.5413,168.23851,1196.3973,1543.5576,457.34772,4.0,1.0,2.6666667,2.3333333,2.0,22880.666,8884.667,8259.0,617.3333,5119.6665,4616.0,1.6666666,261.33334,3161.3333,1191.6666,1548.6666,0.0,526.6667,852.3333,169.66667,76434.664,20969.666,20075.334,16509.334,18880.334,6164.6665,1.6666666,788.0,4013.6667,1361.3334,1098.3334,0.0,84.333336,391.33334,622.6667,34593.0,3592.3333,5119.6665,12019.333,13861.667,34.0,5.3333335,3.0,13.0,12.666667,0.0,0.0,0.0,1
P001,2013-04-14 00:00:00-04:00,2298.5571,191.57918,833.83704,823.33154,449.80927,3.0,1.0,2.0,2.0,1.6666666,44311.0,16083.333,12764.0,3929.6667,11534.0,4040.3333,1.6666666,8.666667,2284.6667,1745.3334,1559.0,0.0,445.66666,935.3333,178.0,76643.336,20862.0,20305.0,17277.0,18199.334,5599.3335,1.6666666,454.33334,3220.0,1923.3334,1014.6667,0.0,80.0,306.66666,628.0,34294.668,5918.0,4030.6667,12897.333,11448.667,34.0,6.6666665,1.6666666,13.333333,12.333333,0.0,0.0,0.0,0
P001,2013-04-15 00:00:00-04:00,1649.9683,169.72435,201.19385,796.4726,482.57745,2.6666667,1.0,1.3333334,2.3333333,1.6666666,48268.668,17915.0,12511.333,3517.0,14325.333,3145.3333,0.0,69.333336,1711.0,1365.0,1136.0,0.0,4.3333335,1033.6666,98.0,78208.336,20737.666,20659.0,17778.334,19033.334,4281.3335,0.0,73.666664,2744.6667,1463.0,499.33334,0.0,0.0,177.0,322.33334,28336.666,4248.0,1893.0,13063.333,9132.333,37.666668,5.6666665,1.0,14.666667,16.333334,6.2119446,55.433334,120.36444,0
P001,2013-04-16 00:00:00-04:00,1578.2977,159.10925,234.27824,900.9743,283.93594,2.6666667,1.0,1.3333334,2.3333333,1.3333334,50635.332,17915.0,10327.667,3510.6667,18882.0,2546.3333,0.0,69.333336,1715.3334,761.6667,1228.3334,0.0,4.3333335,1127.0,97.0,79984.336,20966.334,20888.666,17970.666,20158.666,3774.6667,0.0,73.666664,2842.3333,858.6667,153.0,0.0,0.0,115.333336,37.666668,28071.0,5419.3335,1916.6666,10176.0,10559.0,43.0,6.0,1.3333334,16.333334,19.333334,6.2119446,55.433334,120.36444,0
P001,2013-04-17 00:00:00-04:00,2391.6687,130.07083,612.29736,1348.7141,300.5864,4.0,1.0,2.3333333,3.0,1.6666666,31096.666,10727.667,6594.6665,2070.0,11704.333,2944.3333,0.0,93.333336,2476.3333,374.66666,2098.3333,0.0,462.0,1396.0,240.33333,79282.336,21210.0,20622.0,16984.0,20466.334,5042.6665,0.0,555.3333,3872.3333,615.0,475.66666,0.0,10.333333,279.33334,186.0,34300.332,5450.0,4007.6667,10925.667,13917.0,47.333332,6.6666665,2.6666667,19.333334,18.666666,5.4659724,56.216667,115.18,0
P001,2013-04-18 00:00:00-04:00,2823.6238,124.04487,705.04724,1557.7611,436.77045,4.0,1.0,2.0,2.6666667,2.0,25461.666,7222.6665,6837.0,3224.6667,8177.3335,4677.0,85.666664,76.0,3443.3333,1072.0,2690.6667,1.0,549.6667,1590.6666,549.3333,77368.0,21272.0,20738.334,15915.333,19442.334,7367.6665,86.666664,625.6667,5034.0,1621.3334,632.6667,63.333332,10.333333,354.33334,204.66667,34415.0,5611.0,2175.3333,9963.0,16665.666,44.333332,6.6666665,2.0,21.0,14.666667,5.905972,51.225555,113.708885,1
P001,2013-04-19 00:00:00-04:00,4240.74,124.03429,1049.7745,1878.5784,1188.3531,5.0,1.0,2.6666667,3.3333333,2.6666667,21126.334,7222.6665,6743.6665,3224.6667,3935.3333,6266.0,85.666664,180.0,4558.6665,1441.6666,3279.6667,1.0,678.3333,1764.0,836.3333,74458.664,21119.0,20355.0,14352.0,18632.666,9545.667,86.666664,858.3333,6322.6665,2278.0,751.0,63.333332,13.0,476.33334,198.33333,37365.668,4303.3335,4862.0,13864.0,14336.333,45.333332,7.3333335,2.6666667,21.666666,13.666667,5.905972,51.225555,113.708885,0
P001,2013-04-20 00:00:00-04:00,3950.7117,292.94757,936.26764,1578.8809,1142.6157,4.6666665,1.3333334,2.3333333,3.0,2.3333333,37467.332,14410.0,11810.667,7313.0,3933.6667,5868.0,163.66667,406.0,3950.3333,1348.0,2275.0,1.0,412.33334,1177.0,684.6667,72605.664,20877.0,20254.0,12399.0,19075.666,8143.0,164.66667,818.3333,5127.3335,2032.6666,516.3333,67.666664,5.3333335,394.33334,49.0,29186.0,1998.3334,4311.0,11046.0,11830.667,39.333332,5.3333335,4.6666665,18.0,11.333333,7.091944,45.45111,117.422226,1
P001,2013-04-21 00:00:00-04:00,3604.7659,310.5675,977.80676,1255.7532,1060.6384,4.3333335,1.3333334,3.0,3.0,2.3333333,33640.0,14410.333,11568.0,6001.3335,1660.3334,5149.0,78.0,1230.0,3103.6667,737.3333,1601.6666,0.0,420.0,734.6667,447.0,74238.336,21055.666,19436.666,13804.333,19941.666,6750.6665,78.0,1650.0,3838.3333,1184.3334,439.66666,4.3333335,20.0,324.0,91.333336,27014.666,1705.3334,5587.3335,10949.667,8772.333,47.666668,5.0,10.666667,19.0,13.0,0.0,0.0,0.0,0
P001,2013-04-22 00:00:00-04:00,2473.649,329.85092,1034.6222,925.88324,183.29265,4.3333335,1.3333334,3.3333333,3.3333333,1.3333334,22947.334,7221.0,7158.0,5991.0,2577.3333,4210.0,78.0,1340.0,2629.0,163.0,1269.0,0.0,554.0,643.6667,71.333336,75533.336,21105.0,19193.666,14388.0,20846.666,5479.0,78.0,1894.0,3272.6667,234.33333,515.0,4.3333335,37.666668,311.33334,161.66667,27602.0,2645.6667,6225.0,7020.3335,11711.0,51.0,4.6666665,11.0,20.666666,14.666667,0.0,0.0,0.0,0
P001,2013-04-23 00:00:00-04:00,2616.2366,193.59967,739.5054,1103.3773,579.75415,4.3333335,1.3333334,2.6666667,3.3333333,2.3333333,10578.333,2137.6667,519.6667,807.6667,7113.3335,4935.6665,0.0,1090.0,3215.3333,630.3333,1686.6666,0.0,362.33334,1147.0,177.33333,76105.336,21198.0,19620.666,16407.334,18879.334,6622.3335,0.0,1452.3334,4362.3335,807.6667,446.33334,2.0,35.0,235.66667,173.66667,26090.334,3953.3333,4685.0,7343.0,10109.0,46.0,5.0,7.6666665,18.333334,15.0,0.0,0.0,0.0,0
P001,2013-04-24 00:00:00-04:00,2537.3225,184.43196,539.6887,1208.149,605.0526,4.6666665,1.3333334,2.0,3.6666667,2.3333333,14654.0,4979.6665,546.3333,1757.6666,7370.3335,3051.6667,0.0,214.0,2172.3333,665.3333,1805.3334,0.0,262.66666,1067.3334,475.33334,75388.0,18474.334,20704.666,17586.334,18622.666,4857.0,0.0,476.66666,3239.6667,1140.6666,507.33334,2.0,20.333334,288.0,197.0,26408.0,3069.3333,3348.0,8585.667,11405.0,36.0,4.3333335,1.3333334,15.0,15.333333,7.687222,51.015556,127.748886,0
P001,2013-04-25 00:00:00-04:00,2452.8125,176.19527,93.66368,1425.8654,757.08813,3.6666667,1.3333334,1.0,2.6666667,2.6666667,15712.0,5877.0,59.0,3598.0,6178.0,3527.0,8.0,0.0,2767.0,752.0,1775.3334,0.0,0.0,1053.3334,722.0,75423.0,18485.0,21338.666,17098.334,18501.0,5302.3335,8.0,0.0,3820.3333,1474.0,547.0,82.0,0.0,351.66666,113.333336,27984.334,5274.6665,1377.3334,9572.667,11759.667,41.333332,9.0,8.333333,12.0,12.0,7.845139,51.765556,129.76222,0
P001,2013-04-26 00:00:00-04:00,9445.338,125.53844,494.08655,8182.8013,642.91144,4.6666665,1.0,2.0,4.0,2.0,10172.0,3819.0,1912.6666,2809.3333,1631.0,4753.3335,78.666664,161.33333,3344.3333,1169.0,2019.6666,0.0,233.33333,994.0,792.3333,75234.336,18548.334,21018.666,16403.334,19264.0,6773.0,78.666664,394.66666,4338.3335,1961.3334,1101.3334,80.0,95.0,732.3333,194.0,34541.332,4477.0,3365.0,12261.333,14438.0,58.666668,10.666667,12.333333,19.333334,16.333334,7.0978703,51.315556,123.334076,0
P001,2013-04-27 00:00:00-04:00,15863.312,105.093346,486.60944,14402.581,869.028,4.0,1.0,2.0,3.3333333,2.0,8185.0,2314.6667,1887.0,2656.0,1327.3334,8185.0,154.66667,1105.0,5484.0,1441.3334,2167.0,2.6666667,321.33334,1008.0,835.0,73446.664,21151.0,19790.334,13685.0,18820.334,10352.0,157.33333,1426.3334,6492.0,2276.3333,1620.3334,82.0,177.33333,1167.6666,193.33333,37811.0,5637.0,5943.3335,12131.0,14099.667,72.333336,14.0,21.0,21.666666,15.666667,7.139352,48.377777,120.72815,0
P001,2013-04-28 00:00:00-04:00,15284.691,96.83608,493.6565,13997.532,696.6673,3.6666667,1.0,2.0,3.3333333,1.6666666,17866.666,7373.0,8578.667,1714.0,201.0,6533.3335,146.66667,1105.0,3929.3333,1352.3334,1749.3334,2.6666667,321.33334,837.0,588.3333,75176.664,21022.334,19663.0,15499.0,18992.334,8282.667,149.33333,1426.3334,4766.3335,1940.6666,1490.6666,88.666664,177.33333,971.0,253.66667,32117.0,2994.6667,4566.0,13123.667,11432.667,56.666668,8.666667,12.666667,20.333334,15.0,4.2244444,41.18,90.21111,1
P001,2013-04-29 00:00:00-04:00,8037.0015,115.48881,177.11687,7309.8833,434.51245,2.6666667,1.0,1.3333334,2.3333333,1.3333334,21416.0,9247.0,6716.6665,1705.3334,3747.0,5311.6665,76.0,943.6667,3897.0,395.0,1501.6666,2.6666667,162.0,925.0,412.0,76651.336,20988.0,19904.666,15641.0,20117.666,6813.3335,78.666664,1105.6666,4822.0,807.0,1076.3334,93.0,148.33333,678.3333,156.66667,31108.5,3272.5,3867.5,13177.0,10791.5,52.0,7.5,13.0,18.0,13.5,4.6477776,41.08889,93.50667,1
P001,2013-04-30 00:00:00-04:00,1671.3452,119.66498,167.85298,1108.445,275.38226,3.0,1.0,1.3333334,2.3333333,1.3333334,37903.332,15099.0,13904.667,3712.0,5187.6665,1639.3334,0.0,0.0,1540.6666,98.666664,1221.6666,0.0,74.0,995.3333,152.33333,80899.0,20905.0,20850.334,18476.0,20667.666,2861.0,0.0,74.0,2536.0,251.0,714.0,91.0,66.0,260.33334,296.66666,26137.0,3005.0,0.0,13839.0,9293.0,26.0,4.0,0.0,12.0,10.0,3.0658333,40.532223,80.29444,1
P001,2013-05-01 00:00:00-04:00,2090.4194,162.73988,330.71637,1310.9393,286.0238,3.3333333,1.0,1.6666666,2.3333333,1.3333334,25101.334,9279.333,7223.6665,2813.6667,5784.6665,1943.3334,0.0,80.666664,1510.3334,352.33334,1919.0,0.0,74.0,1621.3334,223.66667,79775.336,21084.0,20795.666,17710.334,20185.334,3862.3333,0.0,154.66667,3131.6667,576.0,845.6667,8.0,66.0,397.0,374.66666,0.0,0.0,0.0,0.0,0.0,0.0,0.0,0.0,0.0,0.0,7.2125,47.502224,120.437775,0
P001,2013-05-08 00:00:00-04:00,3451.643,186.27866,286.55188,2789.0547,189.75803,7.0,1.0,2.0,7.0,1.0,39487.0,20734.0,18074.0,662.0,17.0,2234.0,0.0,225.0,1713.0,296.0,1118.0,0.0,30.0,1056.0,32.0,81601.0,21425.0,21132.0,18244.0,20800.0,3352.0,0.0,255.0,2769.0,328.0,303.0,0.0,2.0,252.0,49.0,36805.0,715.0,2826.0,15608.0,17656.0,37.0,7.0,4.0,16.0,10.0,0.0,0.0,0.0,0
P001,2013-05-09 00:00:00-04:00,3363.3792,147.36241,215.81628,2502.7073,497.4933,5.0,1.0,1.5,5.0,1.5,55446.0,18777.0,19837.0,6023.5,10808.5,3966.5,0.0,112.5,3164.5,689.5,1818.0,0.0,15.0,1639.5,163.5,78174.0,21282.0,21109.5,16092.5,19690.0,5784.5,0.0,127.5,4804.0,853.0,849.0,0.0,1.0,279.5,568.5,40440.5,9193.5,6619.0,12199.5,12428.5,51.0,12.0,11.5,15.5,12.0,0.0,0.0,0.0,0
P001,2013-05-13 00:00:00-04:00,4195.413,1524.409,260.84003,1592.2692,817.8947,4.5,3.0,1.5,3.0,2.5,64422.0,11862.0,10800.0,20160.0,21600.0,4834.5,977.0,124.0,2709.0,1024.5,1554.0,6.5,0.0,1041.5,506.0,70791.0,19480.5,20631.0,16727.0,13952.5,6388.5,983.5,124.0,3750.5,1530.5,1267.0,355.5,3.5,384.5,523.5,35040.5,10643.0,2934.5,11038.5,10424.5,49.0,11.0,8.5,19.5,10.0,7.836389,56.47333,134.4,0
P001,2013-05-16 00:00:00-04:00,5551.587,187.8613,983.1904,3892.7542,487.78088,4.0,1.0,2.3333333,2.6666667,1.6666666,33607.668,7992.0,8188.6665,6939.3335,10487.667,3900.6667,146.66667,616.3333,2209.3333,928.3333,2512.6667,0.0,486.66666,1555.6666,470.33334,78492.664,21377.334,20475.334,17329.666,19310.334,6413.3335,146.66667,1103.0,3765.0,1398.6666,1469.6666,69.0,16.0,501.66666,883.0,36017.668,6837.6665,3240.6667,11347.333,14592.0,48.666668,13.333333,11.666667,14.666667,9.0,6.6898613,51.987778,120.742226,0
P002,2013-03-28 00:00:00-04:00,5951.3496,327.83496,1871.1235,1790.0393,1962.3516,10.0,1.5,4.5,5.5,4.0,67671.0,10800.0,15839.0,21600.0,19432.0,5124.5,129.0,1123.0,2044.0,1828.5,196.0,0.0,82.0,100.0,14.0,75943.0,20165.0,19199.0,18477.5,18101.5,5320.5,129.0,1205.0,2144.0,1842.5,2661.5,444.0,647.0,529.5,1041.0,6871.5,0.0,414.0,4547.0,1910.5,8.5,0.0,0.5,4.0,4.0,7.1963887,36.828888,105.60445,0
P002,2013-03-29 00:00:00-04:00,5476.3584,239.94862,1825.9885,1822.2948,1588.1267,9.0,1.3333334,4.0,5.6666665,4.0,59479.0,7742.3335,15959.333,18101.0,17676.334,5178.0,86.0,1324.6666,1927.0,1840.3334,130.66667,0.0,54.666668,66.666664,9.333333,77074.336,20573.666,19215.334,18796.0,18489.334,5308.6665,86.0,1379.3334,1993.6666,1849.6666,2353.0,363.33334,636.0,509.33334,844.3333,11119.667,0.0,1022.0,7049.0,3048.6667,12.0,0.0,1.3333334,6.3333335,4.3333335,7.1963887,36.828888,105.60445,1
P002,2013-03-30 00:00:00-04:00,8854.547,226.43726,1063.8496,6826.7466,737.5134,7.3333335,1.3333334,2.6666667,6.0,3.0,64512.668,11701.0,19800.0,15335.333,17676.334,5187.6665,84.333336,987.0,2697.6667,1418.6666,90.333336,0.0,17.666666,66.666664,6.0,78040.664,20853.666,19805.666,17787.0,19594.334,5278.0,84.333336,1004.6667,2764.3333,1424.6666,2468.0,297.33334,653.3333,1029.0,488.33334,19797.666,0.0,1079.0,13856.667,4862.0,19.0,0.0,1.6666666,13.333333,4.0,0.0,0.0,0.0,1
P002,2013-03-31 00:00:00-04:00,65881.15,66.68386,30192.54,34895.645,726.27936,5.0,1.0,2.0,4.6666665,3.0,56148.0,4507.0,17184.0,15335.333,19121.666,5364.3335,0.0,901.3333,2976.6667,1486.3334,86.0,0.0,7.6666665,78.333336,0.0,76342.336,21495.0,19090.0,16328.667,19428.666,5450.3335,0.0,909.0,3055.0,1486.3334,4413.3335,67.333336,1560.3334,2163.6667,622.0,25375.666,0.0,4110.3335,14549.667,6715.6665,25.0,0.0,3.0,12.0,10.0,6.7744446,32.04,97.44,1
P002,2013-04-01 00:00:00-04:00,65739.055,87.50473,30201.346,34611.74,838.46234,5.0,1.0,2.3333333,4.0,3.0,56265.668,5192.0,16357.667,15646.667,19069.334,4931.3335,8.333333,938.6667,2725.6667,1258.6666,224.66667,0.6666667,7.6666665,153.33333,63.0,76673.336,21507.0,19158.666,16465.666,19542.0,5156.0,9.0,946.3333,2879.0,1321.6666,3980.6667,0.0,1355.6666,2076.3333,548.6667,25557.0,137.66667,5786.0,13671.667,5961.6665,28.0,1.3333334,3.0,13.0,10.666667,6.7744446,32.04,97.44,0
P002,2013-04-02 00:00:00-04:00,63102.09,81.648056,30872.336,31015.617,1132.4886,6.0,1.0,3.0,4.3333335,3.3333333,57929.332,8433.333,15000.667,16597.0,17898.334,5151.6665,8.333333,1246.3334,2439.3333,1457.6666,226.66667,0.6666667,7.6666665,154.33333,64.0,76618.336,21369.0,18658.334,17302.334,19288.666,5378.3335,9.0,1254.0,2593.6667,1521.6666,3262.6667,5.0,1408.0,1387.6666,462.0,25185.666,231.33333,6737.0,11863.333,6354.0,30.666666,2.3333333,3.6666667,11.0,13.666667,6.7744446,32.04,97.44,0
P002,2013-04-03 00:00:00-04:00,5843.102,79.88955,2042.0267,2728.1145,993.0715,7.0,1.0,3.6666667,4.3333335,3.0,57374.0,8795.333,17279.0,14840.667,16459.0,4982.0,8.333333,1777.6666,1745.6666,1450.3334,213.33333,0.6666667,0.0,147.0,65.666664,78725.0,21222.0,19175.334,19014.0,19313.666,5195.3335,9.0,1777.6666,1892.6666,1516.0,730.3333,5.0,209.66667,229.66667,286.0,16327.0,231.33333,3456.3333,8139.0,4500.3335,22.0,2.3333333,2.3333333,9.666667,7.6666665,0.0,0.0,0.0,1
P002,2013-04-04 00:00:00-04:00,6132.0005,54.864254,1873.521,3412.338,791.2776,7.0,1.0,3.3333333,4.6666665,2.3333333,58846.668,8449.0,16096.333,15387.333,18914.0,5817.6665,0.0,1642.6666,2548.6667,1626.3334,80.0,0.0,0.0,76.333336,3.6666667,78027.336,21076.334,19217.0,18397.666,19336.334,5897.6665,0.0,1642.6666,2625.0,1630.0,806.6667,6.0,282.0,240.33333,278.33334,17900.666,93.666664,2117.3333,8849.0,6840.6665,21.333334,1.0,2.3333333,7.6666665,10.333333,5.9508333,37.873333,96.68445,0
P002,2013-04-05 00:00:00-04:00,20059.637,54.102306,1770.9193,10032.051,8202.564,6.0,1.0,3.3333333,4.0,2.0,58337.668,8449.0,17453.334,14502.333,17933.0,5667.6665,0.0,1740.3334,2491.0,1436.3334,81.333336,0.0,0.0,78.666664,2.6666667,77060.336,21222.0,19311.334,17474.334,19052.666,5749.0,0.0,1740.3334,2569.6667,1439.0,2374.6667,2.6666667,208.33333,1319.0,844.6667,11061.667,107.666664,3572.3333,3943.3333,3438.3333,12.666667,1.3333334,2.3333333,3.3333333,5.6666665,5.9508333,37.873333,96.68445,0
P002,2013-04-06 00:00:00-04:00,19744.768,483.38788,1076.9304,9761.321,8423.128,6.3333335,2.3333333,2.3333333,4.3333335,3.0,65888.664,15281.0,17271.666,13963.667,19372.334,6503.3335,1328.0,955.3333,2452.3333,1767.6666,22.0,6.0,0.0,12.0,4.0,75786.0,19948.666,20281.334,17631.666,17924.334,6525.3335,1334.0,955.3333,2464.3333,1771.6666,3040.6667,36.666668,84.0,1271.6666,1648.3334,21698.334,2825.6667,3545.6667,8284.667,7042.3335,26.0,2.6666667,2.0,10.666667,10.666667,5.9508333,37.873333,96.68445,1
P002,2013-04-07 00:00:00-04:00,18909.3,545.797,737.8391,8980.392,8645.272,6.0,2.6666667,1.6666666,3.6666667,3.3333333,68804.0,15845.333,16906.0,16604.666,19448.0,5524.6665,1489.0,477.0,1825.6666,1733.0,28.0,17.333334,0.0,7.6666665,3.0,75932.336,19464.334,20739.0,18048.334,17680.666,5552.6665,1506.3334,477.0,1833.3334,1736.0,3359.0,354.0,12.666667,1276.3334,1716.0,18540.334,3386.6667,2463.0,5554.3335,7136.3335,25.666666,3.3333333,1.0,9.0,12.333333,0.0,0.0,0.0,0
P002,2013-04-08 00:00:00-04:00,3334.427,689.43085,398.6763,1098.8055,1147.5143,7.0,3.0,1.6666666,4.0,4.0,66145.664,15845.333,16906.0,17616.666,15777.667,4998.3335,1647.0,162.66667,1327.3334,1861.3334,25.666666,17.333334,1.0,4.3333335,3.0,78110.664,19227.0,20944.0,19688.0,18251.666,5024.0,1664.3334,163.66667,1331.6666,1864.3334,1778.6666,358.66666,151.0,183.33333,1085.6666,21627.666,3649.6667,1219.3334,9484.0,7274.6665,28.333334,3.3333333,1.3333334,11.0,12.666667,0.0,0.0,0.0,0
P002,2013-04-09 00:00:00-04:00,3685.2192,289.53333,841.1097,1243.5829,1310.9934,6.6666665,1.6666666,2.3333333,4.0,4.0,48027.668,9223.333,11149.333,16953.334,10701.667,4495.0,383.66666,567.0,1970.6666,1573.6666,12.333333,11.333333,1.0,0.0,0.0,79867.0,20448.666,20583.334,19214.334,19620.666,4507.3335,395.0,568.0,1970.6666,1573.6666,1040.6666,482.66666,222.0,175.33333,160.66667,19442.0,931.6667,2563.6667,9594.0,6352.6665,22.666666,2.0,2.3333333,7.0,11.333333,5.7533336,46.537777,103.76889,0
P002,2013-04-10 00:00:00-04:00,4383.3765,240.3764,1399.1321,1501.745,1242.1232,7.3333335,1.3333334,3.3333333,5.0,4.0,40500.332,8006.3335,12118.333,12906.667,7469.0,5122.3335,222.66667,1209.0,2061.6667,1629.0,1.0,0.0,1.0,0.0,0.0,79848.664,21020.666,19936.334,19246.666,19645.0,5123.3335,222.66667,1210.0,2061.6667,1629.0,951.3333,241.33333,364.66666,161.66667,183.66667,22998.334,370.66666,4939.6665,12105.333,5582.6665,20.666666,1.3333334,3.0,10.0,6.3333335,5.7533336,46.537777,103.76889,0
P002,2013-04-11 00:00:00-04:00,4157.541,139.27089,1473.5282,1499.8707,1044.8711,7.0,1.0,3.0,4.6666665,3.3333333,35168.0,1441.0,7934.3335,14595.0,11197.667,5063.3335,64.666664,1401.0,2061.6667,1536.0,10.666667,0.0,0.0,0.0,10.666667,79445.664,21132.666,19753.666,19145.334,19414.0,5074.0,64.666664,1401.0,2061.6667,1546.6666,970.6667,241.0,230.33333,143.0,356.33334,25419.0,463.66666,3824.6667,15020.667,6110.0,22.0,2.0,2.0,11.0,7.0,6.048611,46.237778,105.83111,0
P002,2013-04-12 00:00:00-04:00,9994.405,109.099655,1605.1925,4365.184,3914.9292,6.6666665,1.0,3.3333333,4.3333335,2.6666667,47909.0,3620.0,10462.0,17553.334,16273.667,5332.0,0.0,1567.6666,2476.3333,1288.0,10.666667,0.0,0.0,0.0,10.666667,77920.336,21214.0,19527.334,18032.666,19146.334,5342.6665,0.0,1567.6666,2476.3333,1298.6666,1719.6666,84.333336,156.66667,721.0,757.6667,24327.334,463.66666,3638.0,11460.333,8765.333,18.666666,2.0,2.0,8.666667,6.0,6.3438888,45.93778,107.89333,0
P002,2013-04-13 00:00:00-04:00,10033.353,148.5889,1176.6967,5113.752,3594.3152,5.6666665,1.0,2.6666667,3.6666667,2.0,53773.668,3925.0,8742.333,21600.0,19506.334,4682.0,74.666664,1096.6666,2560.3333,950.3333,10.666667,0.0,0.0,0.0,10.666667,77977.664,21035.0,20002.666,17501.334,19438.666,4692.6665,74.666664,1096.6666,2560.3333,961.0,1773.0,68.333336,20.666666,1022.6667,661.3333,21834.0,463.66666,1927.6666,12058.333,7384.3335,21.333334,2.0,1.6666666,9.0,8.666667,6.735417,40.746666,105.83444,0
P002,2013-04-14 00:00:00-04:00,9636.739,126.612526,1027.4636,5093.2495,3389.414,4.6666665,1.0,2.6666667,3.3333333,1.6666666,55504.668,6568.0,9540.0,18843.334,20553.334,4537.3335,143.33333,968.0,2632.6667,793.3333,0.0,0.0,0.0,0.0,0.0,78319.336,20902.666,20181.0,17461.334,19774.334,4537.3335,143.33333,968.0,2632.6667,793.3333,1732.0,155.0,17.666666,1025.0,534.3333,21355.666,390.0,1884.0,10929.667,8152.0,22.0,1.3333334,1.6666666,9.666667,9.333333,7.1269445,35.555557,103.77556,1
P002,2013-04-15 00:00:00-04:00,3675.2268,125.98841,943.5802,2132.2817,473.3763,5.6666665,1.0,2.3333333,4.3333335,2.0,56407.0,10853.667,13288.333,16553.334,15711.667,3705.6667,143.33333,948.0,1683.0,931.3333,9.666667,0.0,1.0,8.666667,0.0,79572.336,20928.334,20054.334,18629.666,19960.0,3715.3333,143.33333,949.0,1691.6666,931.3333,1317.0,153.66667,172.66667,790.6667,200.0,23017.666,538.0,3404.0,12667.333,6408.3335,29.666666,2.0,2.6666667,14.666667,10.333333,7.1269445,35.555557,103.77556,0
P002,2013-04-16 00:00:00-04:00,3540.5007,79.26893,1060.0637,1464.0413,937.1269,6.3333335,1.0,2.6666667,5.0,3.0,60364.668,15984.0,15747.333,14584.333,14049.0,4330.3335,68.666664,1114.6666,1744.3334,1402.6666,74.666664,0.0,1.0,8.666667,65.0,79194.664,20985.334,19898.666,18823.666,19487.0,4405.0,68.666664,1115.6666,1753.0,1467.6666,1038.6666,163.0,171.33333,549.6667,154.66667,27659.334,1762.0,3871.0,13590.333,8436.0,29.0,4.0,2.6666667,13.666667,8.666667,0.0,0.0,0.0,1
P002,2013-04-17 00:00:00-04:00,4245.6133,73.02263,1533.2522,1448.4369,1190.9019,7.6666665,1.0,3.3333333,5.6666665,3.3333333,62321.332,19013.666,15044.333,15074.667,13188.667,5159.6665,35.0,1485.0,1678.6666,1961.0,95.333336,0.0,2.0,24.0,69.333336,77371.336,20815.666,19372.666,18685.666,18497.334,5255.0,35.0,1487.0,1702.6666,2030.3334,1394.0,221.66667,166.0,584.6667,421.66666,30609.0,1671.3334,7180.0,11839.0,9918.667,28.0,3.0,3.6666667,13.333333,8.0,2.751111,74.04889,107.26222,1
P002,2013-04-18 00:00:00-04:00,4097.4336,73.300026,1343.214,1669.6127,1011.30676,7.0,1.0,3.3333333,5.3333335,3.3333333,67132.664,17989.0,13774.0,17339.334,18030.334,5225.3335,35.0,1181.6666,2332.0,1676.6666,92.333336,2.0,1.0,20.0,69.333336,77038.336,20632.666,19700.334,18124.0,18581.334,5317.6665,37.0,1182.6666,2352.0,1746.0,1216.3334,311.0,30.0,380.0,495.33334,31637.334,1523.3334,5621.0,12971.0,11522.0,27.0,2.3333333,2.3333333,12.666667,9.666667,2.751111,74.04889,107.26222,1
P002,2013-04-19 00:00:00-04:00,3705.0283,69.526695,1662.0184,1437.9679,535.5153,6.3333335,1.0,3.6666667,4.6666665,2.3333333,70503.664,19525.334,14913.0,19308.334,16757.0,4641.6665,35.0,1501.3334,2145.0,960.3333,90.0,2.0,1.0,20.0,67.0,76777.664,20575.666,18854.666,18265.0,19082.334,4731.6665,37.0,1502.3334,2165.0,1027.3334,1638.6666,242.33333,446.66666,333.33334,616.3333,30153.334,524.6667,7465.3335,9140.667,13022.667,30.333334,1.0,4.3333335,13.0,12.0,2.751111,74.04889,107.26222,0
P002,2013-04-20 00:00:00-04:00,3457.995,79.79083,1204.3673,1615.5254,558.31146,5.3333335,1.0,2.6666667,4.6666665,2.0,68640.0,15471.667,12929.667,21574.666,18664.0,4552.3335,0.0,907.6667,2483.6667,1161.0,152.66667,2.0,0.0,83.666664,67.0,77278.664,20585.666,19489.334,17973.334,19230.334,4705.0,2.0,907.6667,2567.3333,1228.0,1680.3334,163.66667,526.6667,465.66666,524.3333,26526.334,1136.3334,4116.0,7993.6665,13280.333,31.666666,1.0,3.3333333,13.333333,14.0,5.546111,47.024445,102.59778,1
P002,2013-04-21 00:00:00-04:00,3227.8262,78.50531,883.1613,1525.6976,740.4619,5.6666665,1.0,2.0,4.6666665,2.3333333,61341.0,10858.333,10218.667,21600.0,18664.0,4343.0,2.0,722.0,1996.6666,1622.3334,146.0,0.0,0.0,79.0,67.0,77947.336,20712.334,19939.334,18397.666,18898.0,4489.0,2.0,722.0,2075.6667,1689.3334,2200.6667,244.33333,505.66666,792.3333,658.3333,25005.0,1136.3334,4768.3335,6632.6665,12467.667,32.666668,1.0,5.3333335,13.0,13.333333,6.146389,44.194443,104.57,0
P002,2013-04-22 00:00:00-04:00,3667.4607,78.588455,813.4349,1662.2504,1113.187,6.3333335,1.0,2.0,4.6666665,3.0,65604.336,10858.333,11546.0,21600.0,21600.0,4882.0,2.6666667,547.0,2170.0,2162.3333,86.0,0.0,0.0,81.666664,4.3333335,78781.664,20683.666,20814.334,18588.666,18695.0,4968.0,2.6666667,547.0,2251.6667,2166.6667,1999.0,533.6667,83.333336,713.6667,668.3333,24429.666,911.0,4829.3335,7161.0,11528.333,30.0,0.33333334,3.3333333,12.666667,13.666667,6.146389,44.194443,104.57,0
P002,2013-04-23 00:00:00-04:00,3723.9958,110.01318,973.11163,1684.8257,956.04535,7.0,1.3333334,2.6666667,5.3333335,3.3333333,63539.0,10505.333,12363.667,20144.0,20526.0,4613.0,69.666664,929.6667,2190.3333,1423.3334,2.6666667,0.0,0.0,2.6666667,0.0,79840.336,20901.0,20520.666,18802.334,19616.334,4615.6665,69.666664,929.6667,2193.0,1423.3334,1554.0,546.6667,70.333336,502.66666,434.33334,29099.0,0.0,6208.0,10311.0,12580.0,31.333334,0.0,5.0,13.333333,13.0,6.7466664,41.364445,106.54222,0
P002,2013-04-24 00:00:00-04:00,3652.95,122.17259,1205.6135,1562.5487,762.6151,6.6666665,1.3333334,3.3333333,4.6666665,3.0,68478.664,16300.667,16345.0,19553.0,16280.0,4451.6665,67.666664,1183.0,1960.3334,1240.6666,92.0,0.0,0.0,92.0,0.0,80054.0,21007.334,20037.0,19202.0,19807.666,4543.6665,67.666664,1183.0,2052.3333,1240.6666,1100.0,376.66666,219.66667,161.0,342.66666,32573.666,863.6667,6188.0,12435.0,13087.0,34.0,4.3333335,5.3333335,11.666667,12.666667,0.0,0.0,0.0,0
P002,2013-04-25 00:00:00-04:00,4300.499,126.83489,1272.567,2177.8098,723.2875,8.0,1.3333334,3.6666667,5.6666665,3.3333333,63659.332,16300.667,16345.0,17461.666,13552.0,3857.6667,67.0,1187.3334,1680.3334,923.0,157.0,0.0,1.6666666,155.33333,0.0,79288.0,21211.334,19921.666,19207.666,18947.334,4014.6667,67.0,1189.0,1835.6666,923.0,857.0,89.0,231.0,278.33334,258.66666,24441.666,941.0,3721.6667,10585.333,9193.667,27.666666,5.0,7.0,8.333333,7.3333335,0.0,0.0,0.0,0
P002,2013-04-26 00:00:00-04:00,4328.7236,72.99654,1487.3877,2054.707,713.6327,7.3333335,1.0,4.0,4.6666665,3.3333333,72018.664,20161.334,21600.0,17077.0,13180.333,3835.3333,3.6666667,1390.6666,1519.3334,921.6667,168.0,0.0,12.666667,155.33333,0.0,77443.336,20442.334,19376.334,19004.666,18620.0,4003.3333,3.6666667,1403.3334,1674.6666,921.6667,1035.0,6.0,304.0,393.0,332.0,15392.0,941.0,2430.3333,6251.3335,5769.3335,20.0,5.0,5.6666665,4.3333335,5.0,0.20166667,37.144444,46.735554,0
P002,2013-04-27 00:00:00-04:00,10260.422,55.054817,1401.7881,8086.4746,717.10443,7.0,1.0,3.6666667,5.3333335,3.0,67782.0,13487.667,19200.0,17668.0,17426.334,4740.6665,3.6666667,1302.6666,2044.3334,1390.0,161.33333,0.0,12.666667,146.33333,2.3333333,73963.0,20183.666,19280.0,17558.334,16941.0,4902.0,3.6666667,1315.3334,2190.6667,1392.3334,3000.3333,6.0,235.33333,1119.0,1640.0,5043.5,116.0,1019.0,2591.5,1317.0,7.5,1.0,4.0,1.5,1.0,2.9795833,36.326668,71.367775,0
P002,2013-04-28 00:00:00-04:00,13522.9795,49.908203,832.84265,7250.936,5389.2925,5.0,1.0,2.3333333,4.0,3.0,63468.0,10085.333,15304.667,19759.334,18318.666,6114.3335,1413.3334,816.0,1979.0,1906.0,93.666664,0.0,11.0,80.333336,2.3333333,72909.336,18075.334,19696.666,17789.334,17348.0,6208.0,1413.3334,827.0,2059.3333,1908.3334,4070.6667,809.6667,368.0,1021.3333,1871.6666,10786.5,0.0,161.5,3932.0,6693.0,10.5,0.0,1.0,5.5,4.0,2.9795833,36.326668,71.367775,1
P002,2013-04-29 00:00:00-04:00,13473.89,51.2863,702.37054,7296.7275,5423.505,5.6666665,1.0,2.3333333,4.3333335,3.0,58829.332,6137.6665,12391.333,20536.0,19764.334,6302.0,1412.3334,668.0,1940.6666,2281.0,82.666664,0.0,0.0,80.333336,2.3333333,74009.336,18869.666,19964.666,18017.334,17157.666,6384.6665,1412.3334,668.0,2021.0,2283.3333,4044.6667,814.0,375.0,953.3333,1902.3334,19301.0,636.0,2158.5,2651.0,13855.5,24.0,3.5,2.5,9.5,8.5,5.6245832,39.8,96.001114,1
P002,2013-04-30 00:00:00-04:00,7326.3003,54.929653,542.73334,1113.2155,5615.422,5.6666665,1.0,2.0,4.0,3.3333333,61319.668,8628.333,12391.0,20536.0,19764.334,5349.6665,1416.6666,444.66666,1403.3334,2085.0,0.0,0.0,0.0,0.0,0.0,77829.0,18967.666,20529.666,19647.666,18684.0,5349.6665,1416.6666,444.66666,1403.3334,2085.0,1908.0,815.6667,367.0,230.0,495.33334,17491.666,851.0,2292.3333,3481.6667,10866.667,22.666666,3.0,2.6666667,7.3333335,9.666667,5.088333,44.09111,96.00222,1
P002,2013-05-01 00:00:00-04:00,2887.4102,75.39137,681.6308,1171.5631,958.8249,6.0,1.0,2.3333333,4.3333335,3.3333333,57159.668,6200.3335,12641.667,18246.0,20071.666,4242.0,80.0,832.6667,1468.3334,1861.0,0.0,0.0,0.0,0.0,0.0,76348.0,20810.0,19758.0,19479.0,16301.0,4242.0,80.0,832.6667,1468.3334,1861.0,1556.0,89.333336,572.6667,211.66667,682.3333,21892.0,1798.6666,4262.0,4769.6665,11061.667,31.666666,7.0,4.0,9.666667,11.0,5.2733335,42.61111,96.00222,0
P002,2013-05-02 00:00:00-04:00,3023.1519,73.879814,557.64136,1633.6335,757.99725,6.0,1.0,2.0,4.6666665,2.6666667,55990.0,5473.3335,11884.0,19310.0,19322.666,3835.6667,79.0,702.6667,1747.0,1307.0,60.666668,0.0,60.666668,0.0,0.0,73360.336,20650.334,19894.334,19057.0,13758.667,3896.3333,79.0,763.3333,1747.0,1307.0,1580.6666,160.66667,437.66666,251.0,731.3333,15244.667,1736.0,3282.6667,3896.0,6330.0,25.0,5.6666665,4.0,6.0,9.333333,5.57625,40.18778,96.00222,0
P002,2013-05-03 00:00:00-04:00,3712.9568,83.64541,1101.3806,1951.9065,576.0243,6.6666665,1.0,3.0,5.0,2.3333333,51321.668,2456.3333,11884.0,17658.666,19322.666,4270.3335,74.666664,1254.3334,2115.6667,825.6667,240.0,0.0,215.33333,16.666666,8.0,70934.0,20715.334,19067.666,18568.0,12583.0,4510.3335,74.666664,1469.6666,2132.3333,833.6667,1552.3334,159.0,397.0,202.33333,794.0,14365.667,1309.0,2954.0,2181.6667,7921.0,22.333334,5.0,5.0,5.0,7.3333335,6.125463,35.794075,96.00222,0
P002,2013-05-04 00:00:00-04:00,3789.2483,109.4741,1302.6906,2087.7424,289.34122,6.3333335,1.0,3.3333333,5.0,1.6666666,57517.0,3385.6667,13331.667,19948.666,20851.0,4918.0,284.66666,1494.6666,2624.6667,514.0,409.66666,9.666667,217.66667,174.33333,8.0,72967.336,20589.334,19326.666,17460.666,15590.667,5327.6665,294.33334,1712.3334,2799.0,522.0,1569.3334,295.33334,139.33333,684.0,450.66666,17050.666,3319.6667,3455.3333,4665.0,5610.6665,21.0,2.6666667,5.3333335,6.0,7.0,6.459028,33.125557,96.00222,0
P002,2013-05-05 00:00:00-04:00,3684.624,124.65028,1347.1863,1552.4797,660.3076,6.0,1.0,3.6666667,4.3333335,2.6666667,63678.668,9499.0,17002.666,16049.667,21127.334,4423.3335,283.0,1594.3334,1801.0,745.0,349.0,9.666667,157.0,174.33333,8.0,73053.336,20695.334,15698.667,18385.0,18274.334,4772.3335,292.66666,1751.3334,1975.3334,753.0,1784.0,217.0,129.0,755.6667,682.3333,22787.334,2958.3333,4680.0,7814.0,7335.0,28.666666,1.6666666,6.0,11.333333,9.666667,7.223889,27.006666,96.00222,0
P002,2013-05-06 00:00:00-04:00,3817.2437,170.5362,1436.7822,1604.2427,605.6825,6.3333335,1.0,3.6666667,5.0,2.6666667,60395.332,9499.0,14902.0,16267.0,19727.334,4384.0,283.0,1691.6666,1725.0,684.3333,235.66667,9.666667,68.333336,157.66667,0.0,75151.336,20856.334,15594.0,18629.0,20072.0,4619.6665,292.66666,1760.0,1882.6666,684.3333,1948.0,217.0,379.66666,747.6667,603.6667,21684.334,2958.3333,6767.3335,7844.3335,4114.3335,29.666666,1.6666666,8.666667,11.666667,7.6666665,6.5080557,28.848888,92.117775,0
P002,2013-05-07 00:00:00-04:00,5250.7637,154.13321,1489.479,2195.7659,1411.3856,8.0,1.0,4.3333335,5.6666665,4.0,57118.332,9207.333,13330.333,14853.333,19727.334,4901.6665,6.6666665,1463.3334,2043.6666,1388.0,213.66667,0.0,135.0,1.0,77.666664,74529.664,21254.334,15662.0,18771.666,18841.666,5115.3335,6.6666665,1598.3334,2044.6666,1465.6666,2183.0,81.666664,420.66666,540.3333,1140.3334,12668.667,0.0,4296.3335,3179.3333,5193.0,22.0,0.0,7.0,5.6666665,9.333333,6.5080557,28.848888,92.117775,0
P002,2013-05-08 00:00:00-04:00,5327.2705,192.7821,1399.4519,2095.961,1639.0758,8.666667,1.3333334,3.6666667,5.6666665,4.6666665,58316.332,9207.333,13264.667,17361.334,18483.0,5403.0,6.6666665,1221.0,2395.6667,1779.6666,368.66666,0.0,138.33333,1.0,229.33333,78249.0,21472.334,19527.0,18689.666,18560.0,5771.6665,6.6666665,1359.3334,2396.6667,2009.0,1995.0,93.333336,649.0,387.66666,865.0,9314.0,0.0,2665.6667,30.333334,6618.0,12.0,0.0,5.0,0.33333334,6.6666665,6.5080557,28.848888,92.117775,0
P002,2013-05-09 00:00:00-04:00,5218.2866,141.92392,1086.6244,2072.4004,1917.3378,8.666667,1.3333334,3.3333333,5.6666665,5.3333335,67987.0,16407.334,17765.666,16906.666,16907.334,5636.6665,78.333336,966.0,2449.6667,2142.6667,302.66666,0.0,72.333336,1.0,229.33333,77643.664,21192.666,19771.334,18559.0,18120.666,5939.3335,78.333336,1038.3334,2450.6667,2372.0,1995.0,276.33334,444.66666,395.33334,878.6667,11085.333,1767.6666,944.6667,16.666666,8356.333,12.666667,0.33333334,0.6666667,0.33333334,11.333333,0.0,0.0,0.0,0
P002,2013-05-10 00:00:00-04:00,5769.3228,158.71957,1242.4408,2437.7092,1930.4531,8.0,1.3333334,3.0,5.3333335,5.0,76546.336,21600.0,21534.334,16504.666,16907.334,7062.3335,75.0,1349.6666,2712.3333,2925.3333,160.33333,0.0,3.3333333,5.3333335,151.66667,75219.336,21067.666,19412.666,17918.666,16820.334,7222.6665,75.0,1353.0,2717.6667,3077.0,3119.6667,350.33334,457.33334,793.3333,1518.6666,12497.667,1949.3334,1624.3334,161.0,8763.0,12.0,1.0,2.3333333,1.0,7.6666665,0.0,0.0,0.0,0
P002,2013-05-11 00:00:00-04:00,6070.596,124.53154,998.98474,2842.8296,2104.2502,7.0,1.0,2.6666667,5.0,4.3333335,71677.664,18827.334,16330.333,17895.666,18624.334,8631.0,335.66666,1189.3334,3485.3333,3620.6667,15.666667,1.0,0.0,6.3333335,8.333333,72264.664,20204.0,19667.334,16847.0,15546.333,8646.667,336.66666,1189.3334,3491.6667,3629.0,4093.0,861.3333,238.0,917.6667,2076.0,15657.0,3703.3333,2057.6667,3341.0,6555.0,18.333334,2.0,3.0,4.0,9.333333,0.0,0.0,0.0,0
P002,2013-05-12 00:00:00-04:00,5882.739,328.8918,876.8674,2636.599,2040.3805,5.6666665,1.3333334,2.6666667,3.6666667,4.0,74577.336,18827.334,16330.333,18068.0,21351.666,8218.333,698.6667,954.3333,2922.3333,3643.0,19.666666,1.6666666,0.0,9.666667,8.333333,72718.664,19800.334,20069.666,17290.334,15558.333,8238.0,700.3333,954.3333,2932.0,3651.3333,3936.3333,740.0,172.33333,933.3333,2090.6667,13639.667,2123.6667,1166.6666,3324.3333,7025.0,17.333334,2.3333333,2.6666667,3.6666667,8.666667,0.0,0.0,0.0,0
P002,2013-05-13 00:00:00-04:00,4340.299,293.05127,625.19293,2068.54,1353.5146,4.6666665,1.3333334,2.3333333,3.6666667,3.3333333,66798.0,11627.333,13935.333,19883.666,21351.666,6283.6665,695.3333,641.3333,2837.0,2110.0,16.666666,1.6666666,0.0,4.3333335,10.666667,76754.0,20037.0,20603.334,17769.334,18344.334,6300.3335,697.0,641.3333,2841.3333,2120.6667,2175.0,584.3333,36.333332,630.6667,923.6667,12819.0,2173.3333,2245.3333,4329.3335,4071.0,21.0,2.6666667,5.0,5.6666665,7.6666665,6.8022223,30.344444,95.96667,0
P002,2013-05-14 00:00:00-04:00,4256.997,293.89822,927.89496,2089.4583,945.7456,6.3333335,1.3333334,3.0,5.6666665,3.3333333,62918.332,7670.0,15467.0,18903.334,20878.0,5228.6665,434.66666,1018.3333,2635.3333,1140.3334,13.333333,0.6666667,0.0,10.333333,2.3333333,79546.336,20908.334,20292.0,18262.0,20084.0,5242.0,435.33334,1018.3333,2645.6667,1142.6666,1010.6667,64.333336,98.333336,507.66666,340.33334,9644.0,419.33334,1758.3334,4269.3335,3197.0,14.666667,1.6666666,4.0,3.0,6.0,6.8022223,30.344444,95.96667,0
P002,2013-05-15 00:00:00-04:00,19895.71,97.17218,1160.0786,10008.759,8629.701,7.0,1.0,3.0,6.6666665,3.6666667,56850.668,4268.0,12467.667,19602.666,20512.334,6050.0,2.3333333,1530.6666,3596.3333,920.6667,15.333333,0.0,0.0,8.333333,7.0,74931.664,21585.666,19688.666,17268.0,16389.334,6065.3335,2.3333333,1530.6666,3604.6667,927.6667,2714.3333,5.6666665,375.33334,667.6667,1665.6666,14205.333,231.33333,3710.3333,8788.0,1475.6666,18.333334,1.0,6.6666665,8.0,2.6666667,5.3680553,43.832222,97.98111,0
P002,2013-05-16 00:00:00-04:00,20439.336,98.30441,1142.2968,10043.345,9155.39,8.333333,1.0,3.0,7.6666665,4.0,63496.0,11468.0,14862.667,18051.666,19113.666,7207.3335,76.0,1463.6666,3261.0,2406.6667,27.666666,0.0,0.0,18.666666,9.0,72914.0,21196.0,19445.0,17438.0,14835.0,7235.0,76.0,1463.6666,3279.6667,2415.6667,2624.0,20.0,380.0,492.66666,1731.3334,11419.333,168.0,2137.0,7638.6665,1475.6666,12.0,0.6666667,3.3333333,5.3333335,2.6666667,3.933889,57.32,99.99555,0
P002,2013-05-18 00:00:00-04:00,11361.312,224.7877,755.6852,9084.819,1296.019,6.6666665,1.3333334,2.3333333,5.3333335,3.3333333,71789.336,17274.666,14264.333,20049.0,20201.334,7502.6665,507.0,703.3333,2911.3333,3381.0,27.0,7.0,0.0,10.333333,9.666667,71972.664,19832.0,20085.334,15873.333,16182.0,7529.6665,514.0,703.3333,2921.6667,3390.6667,4327.3335,680.6667,184.66667,1974.6666,1487.3334,18620.666,2943.6667,1365.0,9359.0,4953.0,14.666667,3.6666667,2.0,5.3333335,3.6666667,2.6136112,62.115555,94.22889,0
P002,2013-05-19 00:00:00-04:00,10300.22,328.6055,440.6787,8401.11,1129.8257,5.6666665,1.6666666,1.6666666,3.6666667,3.6666667,73430.0,17274.666,14264.333,21600.0,20291.0,5402.3335,712.6667,299.66666,2064.3333,2325.6667,17.333334,12.0,0.0,0.0,5.3333335,73544.0,19249.334,20386.334,16964.0,16944.334,5419.6665,724.6667,299.66666,2064.3333,2331.0,4650.6665,1068.6666,305.66666,1785.6666,1490.6666,18345.0,2775.6667,1180.0,9436.333,4953.0,13.666667,3.0,1.3333334,5.6666665,3.6666667,2.6136112,62.115555,94.22889,0
P002,2013-05-20 00:00:00-04:00,4683.9375,328.33658,456.43994,2487.009,1412.1521,5.6666665,1.6666666,2.0,4.0,3.6666667,66944.336,10622.333,14431.0,21600.0,20291.0,4418.0,638.6667,381.0,1506.0,1892.3334,216.0,12.0,66.333336,68.333336,69.333336,74357.336,19090.334,19482.334,18301.0,17483.666,4634.0,650.6667,447.33334,1574.3334,1961.6666,4346.0,1000.6667,819.6667,1117.3334,1408.3334,11026.333,2775.6667,2348.3333,4776.6665,1125.6666,13.666667,3.0,2.0,5.0,3.6666667,4.7505555,48.883335,98.092224,0
P002,2013-05-22 00:00:00-04:00,5078.693,105.69584,1491.1383,2013.5359,1468.3226,7.3333335,1.0,4.0,5.3333335,3.6666667,64681.332,10558.667,14659.333,19683.666,19779.666,4685.3335,6.0,1393.3334,2004.6666,1281.3334,425.33334,0.0,84.333336,191.33333,149.66667,76471.664,20946.0,18701.0,18137.0,18687.666,5110.6665,6.0,1477.6666,2196.0,1431.0,2637.0,1.6666666,794.6667,885.3333,955.3333,6667.3335,0.0,1168.3334,3986.6667,1512.3334,9.333333,0.0,0.6666667,4.3333335,4.3333335,6.8875,35.65111,101.95556,0
P002,2013-05-25 00:00:00-04:00,8703.696,260.2619,970.1435,1544.9459,5928.3447,7.6666665,1.3333334,3.3333333,4.6666665,3.3333333,56501.0,4404.0,10253.0,20244.0,21600.0,4770.6665,243.33333,780.3333,1557.6666,2189.3333,139.0,0.0,64.333336,66.0,8.666667,76927.336,20749.666,20044.666,19084.334,17048.666,4909.6665,243.33333,844.6667,1623.6666,2198.0,2037.0,5.3333335,91.0,253.66667,1687.0,19779.334,1974.0,1427.6666,5350.6665,11027.0,23.0,7.0,2.3333333,5.0,8.666667,4.2566667,45.81222,91.07,0
P002,2013-05-26 00:00:00-04:00,10167.742,267.1769,1966.4506,2331.2915,5602.823,5.6666665,1.3333334,3.0,3.3333333,2.6666667,60704.0,7348.3335,11465.333,20290.334,21600.0,3886.6667,243.33333,716.6667,1125.0,1801.6666,9.333333,0.0,0.0,4.3333335,5.0,77101.664,20605.666,19928.666,19271.334,17296.0,3896.0,243.33333,716.6667,1129.3334,1806.6666,2537.0,64.333336,246.33333,476.33334,1750.0,19797.666,2085.0,4002.6667,5546.0,8164.0,27.0,7.6666665,3.6666667,5.6666665,10.0,4.381759,48.308887,94.567406,0
P002,2013-05-27 00:00:00-04:00,5306.499,110.5243,1774.4083,2119.632,1301.9344,4.6666665,1.0,2.3333333,3.3333333,3.3333333,60314.668,5856.0,11719.333,21139.334,21600.0,2975.3333,0.6666667,457.0,979.3333,1538.3334,6.0,0.0,0.0,4.3333335,1.6666666,77636.0,20760.334,20087.666,19484.666,17303.334,2981.3333,0.6666667,457.0,983.6667,1540.0,1974.0,66.0,262.0,322.33334,1323.6666,15281.333,763.6667,4309.6665,6572.3335,3635.6667,31.0,3.3333333,7.6666665,6.6666665,13.333333,4.417222,44.99259,91.53481,0
P003,2013-03-31 00:00:00-04:00,688.8413,37.399536,316.30603,285.81046,49.32531,1.6666666,0.6666667,1.0,1.3333334,1.0,36379.668,16192.0,10092.667,1554.3334,8540.667,547.0,0.0,89.333336,396.33334,61.333332,245.66667,0.0,236.33333,9.333333,0.0,82590.0,20793.0,20573.666,20439.666,20783.666,792.6667,0.0,325.66666,405.66666,61.333332,251.0,6.0,73.0,102.0,70.0,3365.0,0.0,1402.0,1667.0,296.0,2.0,0.0,0.33333334,1.0,0.6666667,6.716111,43.946667,117.748886,1
P003,2013-04-01 00:00:00-04:00,557.05194,34.734665,307.47574,174.17802,40.663498,2.3333333,0.6666667,2.0,1.3333334,1.0,36909.668,10239.0,6683.6665,7593.0,12394.0,567.3333,0.0,174.66667,331.33334,61.333332,62.666668,0.0,62.666668,0.0,0.0,83642.664,20994.334,20790.0,20805.334,21053.0,630.0,0.0,237.33333,331.33334,61.333332,404.0,64.0,204.66667,72.0,63.333332,4730.3335,0.0,2024.0,2686.0,20.333334,5.3333335,0.0,2.0,3.0,0.33333334,6.5052776,42.13,114.24555,0
P003,2013-04-03 00:00:00-04:00,1734.2721,60.550507,869.0458,749.64355,55.032246,4.5,1.0,4.0,2.5,1.0,48458.5,2563.0,4429.5,19866.0,21600.0,1806.0,5.5,865.0,935.5,0.0,361.0,0.0,218.0,143.0,0.0,81143.5,20488.0,19695.5,19951.0,21009.0,2167.0,0.0,1083.0,1078.5,0.0,410.5,87.0,314.0,9.5,0.0,11860.0,0.0,5532.0,6328.0,0.0,11.0,0.0,6.0,5.0,0.0,6.2368054,37.695557,107.66333,0
P003,2013-04-04 00:00:00-04:00,1244.5284,91.45992,491.25388,570.6223,91.19236,2.5,1.0,2.0,2.0,1.0,68742.0,11492.5,14049.5,21600.0,21600.0,1047.0,5.5,603.0,438.5,0.0,267.0,0.0,124.0,143.0,0.0,80661.0,20132.0,19918.0,20023.5,20587.5,1314.0,0.0,727.0,581.5,0.0,13.0,0.0,7.0,6.0,0.0,4865.5,0.0,2496.0,2329.0,40.5,4.5,0.0,3.0,1.0,0.5,6.179167,35.077778,104.58444,1
P003,2013-04-05 00:00:00-04:00,1324.8774,90.647804,596.4809,563.34564,74.403046,3.0,1.0,2.6666667,2.3333333,1.0,62886.668,9370.333,10316.333,21600.0,21600.0,1141.0,3.6666667,605.6667,531.6667,0.0,241.66667,0.0,146.33333,95.333336,0.0,81763.336,20388.334,20143.334,20307.666,20924.0,1382.6666,0.0,752.0,627.0,0.0,75.666664,0.0,71.666664,4.0,0.0,7577.6665,0.0,3127.0,3616.3333,834.3333,7.3333335,0.0,2.6666667,2.6666667,2.0,6.179167,35.077778,104.58444,1
P003,2013-04-06 00:00:00-04:00,893.9463,89.23618,432.839,269.17654,102.694565,2.6666667,1.0,2.3333333,2.0,1.3333334,74658.664,16108.667,15350.0,21600.0,21600.0,1258.6666,0.0,869.0,321.0,68.666664,73.0,0.0,73.0,0.0,0.0,82871.0,21026.0,19728.666,20936.0,21180.334,1331.6666,0.0,942.0,321.0,68.666664,592.6667,0.0,585.0,0.0,7.6666665,7621.6665,0.0,2932.3333,3559.3333,1130.0,11.333333,0.0,2.6666667,5.6666665,3.0,0.0,0.0,0.0,0
P003,2013-04-07 00:00:00-04:00,867.432,79.60339,425.0315,271.12027,91.67686,2.6666667,1.0,2.3333333,2.0,1.3333334,48075.668,11058.0,8195.333,14406.333,14416.0,1258.6666,0.0,869.0,321.0,68.666664,73.0,0.0,73.0,0.0,0.0,84156.0,21363.666,20055.0,21270.0,21467.334,1331.6666,0.0,942.0,321.0,68.666664,602.6667,0.0,595.0,0.0,7.6666665,11392.0,0.0,4398.5,5339.0,1654.5,16.5,0.0,4.0,8.5,4.0,0.0,0.0,0.0,1
P003,2013-04-08 00:00:00-04:00,856.87805,80.537476,447.3968,235.57672,93.36703,2.6666667,1.0,2.3333333,1.6666666,1.3333334,32015.0,9359.667,8222.0,7217.3335,7216.0,1865.0,0.0,885.0,909.3333,70.666664,9.333333,0.0,9.333333,0.0,0.0,82966.336,21486.666,19931.666,20283.0,21265.0,1874.3334,0.0,894.3333,909.3333,70.666664,817.0,0.0,598.3333,206.66667,12.0,10785.5,0.0,4820.0,5522.0,443.5,18.0,0.0,7.5,9.0,1.5,5.51,41.773335,105.92667,0
P003,2013-04-09 00:00:00-04:00,784.67896,108.19824,364.00272,220.0378,92.44023,2.0,1.0,2.0,1.3333334,1.0,9601.333,2185.0,1061.0,17.333334,6338.0,1049.3334,0.0,219.66667,827.6667,2.0,0.0,0.0,0.0,0.0,0.0,83462.336,21290.0,20922.334,20142.666,21107.334,1049.3334,0.0,219.66667,827.6667,2.0,291.33334,0.0,80.333336,206.66667,4.3333335,5989.5,0.0,2616.0,3373.5,0.0,9.5,0.0,4.5,5.0,0.0,5.645278,40.04222,105.27778,0
P003,2013-04-10 00:00:00-04:00,1186.6979,128.5536,634.2529,334.58038,89.31099,3.0,1.0,3.0,1.6666666,1.0,32410.0,7235.6665,4441.3335,7211.0,13522.0,1464.3334,0.0,461.33334,1001.0,2.0,0.0,0.0,0.0,0.0,0.0,81987.664,21044.334,20405.666,19681.666,20856.0,1464.3334,0.0,461.33334,1001.0,2.0,286.66666,0.0,75.666664,206.66667,4.3333335,8078.0,0.0,3563.0,4515.0,0.0,11.333333,0.0,5.3333335,6.0,0.0,5.645278,40.04222,105.27778,0
P003,2013-04-11 00:00:00-04:00,757.2027,116.32724,357.32248,197.29344,86.259514,2.0,1.0,2.0,1.3333334,1.0,60212.0,14425.333,10664.667,14400.0,20722.0,415.0,0.0,241.66667,173.33333,0.0,0.0,0.0,0.0,0.0,0.0,83169.0,20840.0,20539.0,20732.334,21057.666,415.0,0.0,241.66667,173.33333,0.0,5.3333335,0.0,5.3333335,0.0,0.0,6222.5,0.0,2728.5,3494.0,0.0,9.0,0.0,3.5,5.5,0.0,5.7805557,38.31111,104.62889,0
P003,2013-04-12 00:00:00-04:00,623.98834,77.12289,328.3806,173.15256,45.3323,2.0,1.0,2.0,1.3333334,1.0,70911.336,14784.0,12927.333,21600.0,21600.0,415.0,0.0,241.66667,173.33333,0.0,0.0,0.0,0.0,0.0,0.0,83638.336,21021.0,20672.666,20817.666,21127.0,415.0,0.0,241.66667,173.33333,0.0,5.3333335,0.0,5.3333335,0.0,0.0,8462.0,0.0,2728.5,4004.5,1729.0,13.5,0.0,3.5,5.5,4.5,0.0,0.0,0.0,0
P003,2013-04-13 00:00:00-04:00,414.92072,40.010742,154.29451,66.166565,154.4489,1.3333334,1.0,1.0,1.0,1.3333334,73123.0,14784.0,16701.666,20037.334,21600.0,476.33334,0.0,235.66667,14.666667,226.0,2.6666667,0.0,0.0,0.0,2.6666667,83761.336,21090.666,20760.666,21028.666,20881.334,479.0,0.0,235.66667,14.666667,228.66667,88.333336,0.0,7.6666665,3.3333333,77.333336,4004.5,0.0,116.5,1862.0,2026.0,14.5,0.0,1.0,8.0,5.5,0.0,0.0,0.0,0
P003,2013-04-14 00:00:00-04:00,421.46753,29.659807,153.72215,82.655685,155.4299,1.3333334,1.0,1.0,1.0,1.3333334,69857.664,14784.0,16701.666,18666.334,19705.666,481.33334,0.0,235.66667,19.666666,226.0,2.6666667,0.0,0.0,0.0,2.6666667,83564.0,21150.666,20837.0,20942.0,20634.334,484.0,0.0,235.66667,19.666666,228.66667,100.333336,0.0,9.333333,13.666667,77.333336,4004.5,0.0,116.5,1862.0,2026.0,14.5,0.0,1.0,8.0,5.5,0.0,0.0,0.0,1
P003,2013-04-15 00:00:00-04:00,1100.2861,31.153597,182.08632,727.5177,159.52853,2.3333333,1.0,1.3333334,2.0,1.3333334,67822.336,15249.667,16092.667,18666.334,17813.666,1126.3334,0.0,235.66667,664.6667,226.0,91.666664,0.0,0.0,89.0,2.6666667,82012.336,20917.666,20654.334,19989.334,20451.0,1218.0,0.0,235.66667,753.6667,228.66667,186.66667,0.0,9.333333,100.0,77.333336,5166.5,0.0,1171.0,3598.0,397.5,14.5,0.0,2.5,10.0,2.0,7.3722224,37.664444,116.71555,0
P003,2013-04-16 00:00:00-04:00,877.17944,39.495663,78.32635,709.384,49.973442,2.0,1.0,1.3333334,2.0,1.0,57252.668,8058.6665,11151.333,20229.0,17813.666,650.0,0.0,0.0,650.0,0.0,89.0,0.0,0.0,89.0,0.0,82858.336,20803.334,20815.334,20243.334,20996.334,739.0,0.0,0.0,739.0,0.0,98.333336,0.0,1.6666666,96.666664,0.0,3552.0,0.0,1054.5,2341.5,156.0,7.0,0.0,1.5,3.5,2.0,6.879722,39.717777,114.82889,0
P003,2013-04-17 00:00:00-04:00,7014.071,45.74254,5957.059,947.0547,64.21482,3.0,1.0,2.0,2.6666667,1.0,50026.668,920.6667,7798.0,21600.0,19708.0,1838.3334,0.0,724.6667,1113.6666,0.0,99.666664,0.0,10.666667,89.0,0.0,82172.336,21051.0,19859.334,20021.666,21240.334,1938.0,0.0,735.3333,1202.6666,0.0,569.0,0.0,467.66666,101.333336,0.0,4157.0,0.0,1177.0,2876.0,104.0,8.666667,0.0,4.0,3.3333333,1.3333334,6.664352,37.282963,110.67111,0
P003,2013-04-18 00:00:00-04:00,6626.734,61.29343,5931.4717,560.32904,73.63955,3.0,1.0,1.6666666,2.6666667,1.0,63776.332,7271.0,13305.333,21600.0,21600.0,1602.0,0.0,724.6667,877.3333,0.0,16.0,0.0,10.666667,5.3333335,0.0,83586.336,21285.0,20095.666,20663.666,21542.0,1618.0,0.0,735.3333,882.6667,0.0,485.0,0.0,467.66666,17.333334,0.0,3197.6667,0.0,474.0,2666.6667,57.0,8.0,0.0,3.0,4.0,1.0,6.3104167,37.092224,107.64889,0
P003,2013-04-21 00:00:00-04:00,1251.4456,60.23228,537.51904,610.7735,42.920753,3.0,1.0,2.0,3.0,1.0,17488.0,45.0,459.0,1755.0,15229.0,1496.0,0.0,534.0,962.0,0.0,0.0,0.0,0.0,0.0,0.0,84041.0,21490.0,20691.0,20471.0,21389.0,1496.0,0.0,534.0,962.0,0.0,259.0,0.0,218.0,14.0,27.0,8708.0,1774.0,2519.0,4324.0,91.0,26.0,5.0,7.0,13.0,1.0,0.0,0.0,0.0,0
P003,2013-04-22 00:00:00-04:00,1207.8253,52.31558,298.64227,791.0977,65.76972,3.0,1.0,1.5,3.0,1.0,32430.5,1023.0,8559.0,7022.0,15826.5,1244.0,0.0,267.0,977.0,0.0,0.0,0.0,0.0,0.0,0.0,84276.0,21452.0,21039.0,20408.0,21377.0,1244.0,0.0,267.0,977.0,0.0,175.5,0.0,115.5,36.0,24.0,6466.5,887.0,1259.5,4274.5,45.5,14.0,2.5,3.5,7.5,0.5,0.0,0.0,0.0,0
P003,2013-04-23 00:00:00-04:00,6528.7227,46.967163,3656.1118,2766.8794,58.76394,2.6666667,1.0,1.6666666,2.6666667,1.0,21752.0,692.3333,5719.6665,4789.0,10551.0,2170.3333,0.0,1275.3334,895.0,0.0,86.333336,0.0,86.333336,0.0,0.0,82544.336,21431.334,19561.0,20191.666,21360.334,2256.6667,0.0,1361.6666,895.0,0.0,814.6667,0.0,484.33334,314.33334,16.0,5084.0,591.3333,1061.6666,3333.6667,97.333336,13.0,1.6666666,4.0,6.3333335,1.0,6.1127777,43.984444,112.96,0
P003,2013-04-24 00:00:00-04:00,6177.974,58.705776,3494.993,2576.589,47.686382,2.0,1.0,1.3333334,2.0,1.0,24235.666,681.0,5855.3335,5024.6665,12674.667,1671.6666,0.0,1097.3334,574.3333,0.0,86.333336,0.0,86.333336,0.0,0.0,76379.0,21330.666,19524.666,20371.334,15152.333,1758.0,0.0,1183.6666,574.3333,0.0,941.3333,0.0,561.3333,309.66666,70.333336,2574.3333,0.0,279.0,1892.3334,403.0,5.3333335,0.0,2.0,2.0,1.3333334,6.1127777,43.984444,112.96,0
P003,2013-04-25 00:00:00-04:00,6543.3887,61.105995,3622.8228,2664.739,194.72112,2.3333333,1.0,1.6666666,2.3333333,1.6666666,37244.668,7214.0,7502.3335,8128.3335,14400.0,2285.3333,0.0,1191.6666,764.6667,329.0,221.0,0.0,150.0,71.0,0.0,74192.336,21063.0,19103.666,19783.334,14242.333,2506.3333,0.0,1341.6666,835.6667,329.0,1308.6666,0.0,560.6667,368.66666,379.33334,5375.0,94.333336,931.0,2474.3333,1875.3334,9.0,1.0,2.6666667,2.6666667,2.6666667,6.1127777,43.984444,112.96,0
P003,2013-04-26 00:00:00-04:00,1729.0073,71.04536,225.84799,1237.983,194.13092,2.6666667,1.0,1.3333334,2.6666667,1.6666666,64198.0,14403.667,14606.333,13588.0,21600.0,1814.3334,0.0,100.666664,1298.0,415.66666,214.66667,0.0,63.666668,151.0,0.0,73815.0,20804.666,20283.334,18828.334,13898.667,2029.0,0.0,164.33333,1449.0,415.66666,1137.3334,0.0,303.33334,454.66666,379.33334,10681.0,94.333336,709.0,6306.3335,3571.3333,16.333334,1.0,1.0,4.0,10.333333,0.0,0.0,0.0,0
P003,2013-04-27 00:00:00-04:00,1717.9733,57.77963,223.25737,1235.869,201.06723,2.6666667,1.0,1.3333334,2.6666667,1.6666666,71096.0,21600.0,20565.334,12767.333,16163.333,1814.3334,0.0,100.666664,1298.0,415.66666,214.66667,0.0,63.666668,151.0,0.0,80289.0,20596.0,20502.334,19022.334,20168.334,2029.0,0.0,164.33333,1449.0,415.66666,927.3333,0.0,153.66667,454.66666,319.0,11484.333,198.66667,652.0,6380.0,4253.6665,22.333334,1.6666666,0.6666667,5.0,15.0,0.0,0.0,0.0,0
P003,2013-04-28 00:00:00-04:00,1080.8643,54.39569,90.80967,855.26984,80.3891,2.0,1.0,1.0,1.6666666,1.3333334,66008.336,21600.0,19093.0,10764.0,14551.333,1382.3334,0.0,10.0,1281.3334,91.0,80.0,0.0,0.0,80.0,0.0,82211.664,20921.0,20963.0,19420.0,20907.666,1462.3334,0.0,10.0,1361.3334,91.0,654.6667,0.0,153.66667,400.0,101.0,7880.3335,185.0,0.0,4389.6665,3305.6667,20.0,1.3333334,0.0,3.6666667,15.0,0.0,0.0,0.0,1
P003,2013-04-29 00:00:00-04:00,630.1354,64.35323,52.113674,376.9576,136.71089,2.3333333,1.3333334,1.0,1.6666666,1.6666666,46595.332,15412.667,13631.0,8270.0,9281.667,1366.3334,2.3333333,3.6666667,1195.6666,164.66667,67.0,0.0,0.0,67.0,0.0,83021.336,21003.0,21257.334,19953.0,20808.0,1433.3334,0.0,3.6666667,1262.6666,164.66667,431.0,69.666664,3.6666667,95.0,262.66666,3630.0,185.0,0.0,1320.6666,2124.3333,11.0,1.3333334,0.0,2.3333333,7.3333335,5.7966666,38.75111,105.19778,1
P003,2013-04-30 00:00:00-04:00,3982.6184,74.31186,3326.653,443.57394,138.07959,2.6666667,1.3333334,1.3333334,2.0,1.6666666,31727.0,8212.667,7389.0,8607.0,7518.3335,2584.3333,2.3333333,1146.0,1271.3334,164.66667,377.66666,0.0,0.0,377.66666,0.0,80164.336,21137.0,19199.334,19288.334,20539.666,2962.0,0.0,1146.0,1649.0,164.66667,1211.6666,69.666664,781.0,101.333336,259.66666,3173.0,80.666664,739.3333,1247.0,1106.0,7.6666665,0.6666667,3.6666667,1.3333334,2.0,6.1008334,35.333332,104.21333,1
P003,2013-05-01 00:00:00-04:00,3937.5906,91.608734,3323.8386,428.52713,93.61609,2.3333333,1.3333334,1.3333334,2.0,1.3333334,36307.332,7705.3335,8861.333,10610.333,9130.333,2072.0,2.3333333,1142.3334,767.0,160.33333,377.66666,0.0,0.0,377.66666,0.0,79815.0,20863.666,18940.666,19571.0,20439.666,2449.6667,0.0,1142.3334,1144.6666,160.33333,1086.3334,69.666664,777.3333,77.666664,161.66667,2679.0,0.0,739.3333,1334.3334,605.3333,6.3333335,0.0,3.6666667,1.6666666,1.0,6.1008334,35.333332,104.21333,0
P003,2013-05-02 00:00:00-04:00,3528.7705,72.00726,3315.3198,107.807175,33.636272,1.3333334,1.0,1.3333334,1.3333334,1.0,57435.332,13892.667,14405.667,14737.0,14400.0,1218.0,0.0,1142.3334,75.666664,0.0,310.66666,0.0,0.0,310.66666,0.0,80780.664,20768.666,18794.666,20244.334,20973.0,1528.6666,0.0,1142.3334,386.33334,0.0,793.3333,0.0,777.3333,16.0,0.0,1064.6666,0.0,846.6667,194.33333,23.666666,6.3333335,0.0,4.3333335,1.6666666,0.33333334,6.405,31.915556,103.22889,0
P003,2013-05-05 00:00:00-04:00,149.65741,33.987755,35.22341,33.22413,47.222122,1.0,1.0,1.0,1.0,1.0,70462.664,21600.0,16367.333,15248.667,17246.666,85.0,0.0,0.0,0.0,85.0,1.6666666,0.0,0.0,0.0,1.6666666,86082.0,21595.334,21593.334,21530.666,21362.666,86.666664,0.0,0.0,0.0,86.666664,208.66667,0.0,0.0,63.666668,145.0,5495.6665,460.33334,50.666668,838.0,4146.6665,18.333334,2.3333333,0.6666667,4.3333335,11.0,0.0,0.0,0.0,0
P003,2013-05-06 00:00:00-04:00,495.71964,65.032326,59.443573,311.38373,59.86002,1.6666666,1.0,1.0,1.6666666,1.0,52161.332,14410.333,12829.333,9493.333,15428.333,667.0,0.0,167.66667,408.0,91.333336,1.6666666,0.0,0.0,0.0,1.6666666,85248.336,21593.0,21318.0,21024.666,21312.666,668.6667,0.0,167.66667,408.0,93.0,355.33334,0.0,85.333336,125.0,145.0,3990.6667,460.33334,94.666664,2165.6667,1270.0,15.0,2.3333333,1.3333334,5.6666665,5.6666665,0.0,0.0,0.0,0
P003,2013-05-10 00:00:00-04:00,188.38434,59.325603,37.530724,45.04571,46.482296,1.3333334,1.3333334,1.0,1.0,1.0,86400.0,21600.0,21600.0,21600.0,21600.0,0.0,0.0,0.0,0.0,0.0,0.0,0.0,0.0,0.0,0.0,85631.0,21427.666,21403.666,21402.0,21397.666,0.0,0.0,0.0,0.0,0.0,0.0,0.0,0.0,0.0,0.0,3389.5,0.0,70.5,3279.0,40.0,7.5,0.0,1.5,5.5,0.5,0.0,0.0,0.0,0
P003,2013-05-11 00:00:00-04:00,156.0837,47.503727,35.68436,37.812813,35.082798,1.0,1.0,1.0,1.0,1.0,81152.664,21600.0,21600.0,16352.667,21600.0,1.0,0.0,0.0,1.0,0.0,0.0,0.0,0.0,0.0,0.0,84786.664,21312.666,21225.0,21087.334,21161.666,1.0,0.0,0.0,1.0,0.0,72.333336,0.0,0.0,68.0,4.3333335,6699.0,0.0,141.0,6558.0,0.0,14.0,0.0,3.0,11.0,0.0,0.0,0.0,0.0,0
P003,2013-05-12 00:00:00-04:00,139.56297,39.548805,31.083134,36.124928,32.806107,1.0,1.0,1.0,1.0,1.0,72580.336,21600.0,21600.0,9251.333,20129.0,3.6666667,0.0,0.0,1.0,2.6666667,0.0,0.0,0.0,0.0,0.0,84829.336,21375.666,21296.0,21102.334,21055.334,3.6666667,0.0,0.0,1.0,2.6666667,144.33333,0.0,0.0,68.0,76.333336,3853.5,0.0,70.5,3279.0,504.0,8.0,0.0,1.5,5.5,1.0,0.0,0.0,0.0,0
P003,2013-05-13 00:00:00-04:00,369.7053,37.26014,31.273323,270.96643,30.205397,1.3333334,1.0,1.0,1.3333334,1.0,70484.336,19639.666,21600.0,9251.333,19993.334,303.0,0.0,0.0,297.66666,5.3333335,3.3333333,0.0,0.0,3.3333333,0.0,78452.0,21345.334,21267.666,17218.334,18620.666,306.33334,0.0,0.0,301.0,5.3333335,165.0,0.0,0.0,79.333336,85.666664,3888.0,30.0,131.0,3223.0,504.0,5.0,0.5,1.0,2.5,1.0,0.0,0.0,0.0,0
P003,2013-05-14 00:00:00-04:00,389.0589,37.113335,35.10563,283.02368,33.816227,1.3333334,1.0,1.0,1.3333334,1.0,74353.664,18261.666,21600.0,14498.667,19993.334,302.0,0.0,0.0,296.66666,5.3333335,3.3333333,0.0,0.0,3.3333333,0.0,78777.0,21424.0,21349.0,17367.666,18636.334,305.33334,0.0,0.0,300.0,5.3333335,92.666664,0.0,0.0,11.333333,81.333336,3888.0,30.0,131.0,3223.0,504.0,5.0,0.5,1.0,2.5,1.0,1.2477778,31.095556,41.18667,0
P003,2013-05-15 00:00:00-04:00,707.4256,45.630543,336.7568,291.83975,33.198517,1.6666666,1.0,1.3333334,1.3333334,1.0,67212.336,18261.666,20275.666,14400.0,14275.0,875.6667,0.0,576.3333,296.66666,2.6666667,162.33333,0.0,159.0,3.3333333,0.0,77864.336,21097.0,20540.666,17423.334,18803.334,1038.0,0.0,735.3333,300.0,2.6666667,97.666664,0.0,77.0,11.333333,9.333333,6056.5,30.0,1356.5,3883.5,786.5,9.0,0.5,2.5,4.5,1.5,1.2477778,31.095556,41.18667,0
P004,2013-03-28 00:00:00-04:00,6246.8643,90.086296,2109.3374,2488.683,1558.7573,7.0,1.0,3.5,5.0,4.0,24603.5,0.0,13512.5,4869.0,6222.0,6108.0,0.0,2062.0,1684.0,2362.0,3145.5,0.0,1144.5,1508.5,492.5,74990.0,21059.5,18144.0,17739.0,18047.5,9253.5,0.0,3206.5,3192.5,2854.5,882.5,0.0,239.5,351.0,292.0,27155.0,0.0,11960.0,7117.5,8077.5,44.5,0.0,14.5,16.0,14.0,5.373472,29.724445,88.15,0
P004,2013-03-29 00:00:00-04:00,7181.6787,100.59804,2660.3345,2856.775,1563.9712,7.6666665,1.0,5.0,4.6666665,3.6666667,26502.0,255.0,12606.667,7038.0,6602.3335,7237.3335,9.333333,2415.0,2581.6667,2231.3333,3704.6667,0.0,1073.6666,1927.0,704.0,72537.664,20966.0,17557.334,16271.0,17743.334,10942.0,9.333333,3488.6667,4508.6665,2935.3333,945.3333,0.0,275.66666,323.66666,346.0,27296.0,0.0,10953.667,8617.667,7724.6665,40.666668,0.0,13.333333,15.333333,12.0,5.373472,29.724445,88.15,0
P004,2013-03-30 00:00:00-04:00,6762.6064,106.81804,2275.3264,2846.908,1533.5542,8.0,1.0,4.3333335,5.0,4.0,20747.666,404.66666,7918.3335,8092.6665,4332.0,7043.6665,9.333333,2240.6667,3101.0,1692.6666,3675.3333,0.0,1062.0,2002.0,611.3333,72383.664,20996.0,17467.334,15528.667,18391.666,10719.0,9.333333,3302.6667,5103.0,2304.0,765.6667,0.0,207.33333,290.0,268.33334,24175.334,70.666664,8627.0,6352.0,9125.667,38.0,0.33333334,12.333333,10.0,15.333333,5.9731946,31.093334,94.316666,0
P004,2013-03-31 00:00:00-04:00,6549.513,125.90392,1880.3267,2827.0498,1716.2329,8.666667,1.0,4.6666665,5.3333335,4.6666665,19928.334,1288.0,5356.6665,9496.333,3787.3333,8618.0,82.0,1936.3334,4325.6665,2274.0,3769.6667,0.0,786.3333,1915.6666,1067.6666,71011.0,20912.666,18132.666,14578.667,17387.0,12387.667,82.0,2722.6667,6241.3335,3341.6667,895.6667,10.666667,123.333336,292.66666,469.0,23810.666,70.666664,6426.3335,8270.0,9043.667,35.666668,0.33333334,9.666667,12.0,13.666667,6.334722,32.997776,99.113335,0
P004,2013-04-01 00:00:00-04:00,5998.9814,112.15888,1767.3661,2149.039,1970.4176,8.666667,1.0,3.6666667,5.0,6.0,13371.0,1033.0,3595.3333,5704.3335,3038.3333,8768.667,72.666664,2157.3333,3436.6667,3102.0,3340.6667,0.0,1094.0,1387.0,859.6667,71899.336,21143.334,17869.0,16148.667,16738.334,12109.333,72.666664,3251.3333,4823.6665,3961.6667,1205.3334,10.666667,80.0,374.33334,740.3333,22623.0,70.666664,6494.0,7328.0,8730.333,38.0,0.33333334,9.333333,14.333333,14.0,5.69625,32.046665,93.05444,1
P004,2013-04-02 00:00:00-04:00,6143.4307,117.63111,1795.1064,2278.656,1952.037,9.333333,1.0,3.6666667,5.6666665,5.6666665,15231.667,894.0,7034.3335,4244.0,3059.3333,9012.667,78.666664,2406.6667,3105.6667,3421.6667,3330.3333,0.0,1219.6666,1313.0,797.6667,72086.0,21327.334,17752.0,16619.0,16387.666,12343.0,78.666664,3626.3333,4418.6665,4219.3335,1356.3334,78.0,83.0,401.66666,793.6667,22200.666,192.33333,5340.6665,9966.333,6701.3335,38.0,1.6666666,8.333333,15.666667,12.333333,5.057778,31.095556,86.99555,0
P004,2013-04-03 00:00:00-04:00,6673.7065,77.45145,2302.9963,2411.819,1881.4397,8.666667,1.0,4.6666665,5.0,5.0,12682.667,10.666667,6801.6665,1605.6666,4264.6665,8407.0,6.0,2728.3333,2452.0,3220.6667,3527.6667,0.0,1356.3334,1440.3334,731.0,72530.336,21306.0,17178.0,17196.0,16850.334,11934.667,6.0,4084.6667,3892.3333,3951.6667,916.6667,67.333336,89.0,253.66667,506.66666,24084.666,192.33333,7874.0,9924.667,6093.6665,43.333332,1.6666666,10.333333,18.0,13.333333,5.057778,31.095556,86.99555,1
P004,2013-04-04 00:00:00-04:00,6720.2837,79.660576,2102.5361,2822.6997,1715.3873,9.666667,1.0,5.3333335,6.3333335,4.3333335,13385.333,10.666667,6816.6665,3914.3333,2643.6667,8112.6665,6.0,2778.3333,2821.0,2507.3333,3546.0,0.0,977.3333,1738.0,830.6667,72810.664,21207.666,17464.666,16435.666,17702.666,11658.667,6.0,3755.6667,4559.0,3338.0,486.33334,67.333336,23.333334,237.33333,158.33333,24580.666,192.33333,6812.3335,11090.0,6486.0,48.0,1.6666666,11.666667,18.333334,16.333334,0.0,0.0,0.0,0
P004,2013-04-05 00:00:00-04:00,7195.0005,86.9969,2544.9214,2647.2937,1915.7882,10.0,1.0,6.6666665,5.3333335,4.3333335,12183.333,8.333333,5622.0,3926.6667,2626.3333,8729.667,0.0,3195.6667,2891.3333,2642.6667,3525.6667,0.0,750.3333,1577.3334,1198.0,71695.336,21167.0,17010.0,16396.666,17121.666,12255.333,0.0,3946.0,4468.6665,3840.6667,543.3333,0.0,171.0,250.0,122.333336,25747.666,0.0,8486.667,9917.667,7343.3335,48.666668,0.0,13.0,21.0,14.666667,5.081111,32.055557,88.14222,0
P004,2013-04-06 00:00:00-04:00,175394.77,85061.64,1799.6711,86946.73,1586.7296,9.0,1.0,4.6666665,4.6666665,4.3333335,8170.0,19.0,4171.0,3559.6667,420.33334,7522.6665,207.66667,2632.6667,2557.0,2125.3333,2666.3333,0.0,385.66666,1347.0,933.6667,65438.332,19263.0,15409.667,13072.667,17693.0,10189.0,207.66667,3018.3333,3904.0,3059.0,8307.667,1565.3334,2559.6667,3990.3333,192.33333,28575.666,3291.6667,8390.0,10021.0,6873.0,55.333332,0.33333334,16.666666,21.666666,16.666666,5.081111,32.055557,88.14222,0
P004,2013-04-07 00:00:00-04:00,173850.78,85062.914,1177.4214,86323.75,1286.704,7.0,1.0,3.6666667,3.6666667,4.3333335,18727.0,19.666666,7265.0,6193.6665,5248.6665,6145.6665,207.66667,1669.3334,2005.3334,2263.3333,1811.0,0.0,311.0,827.0,673.0,67108.664,19135.334,16331.0,14008.667,17633.666,7956.6665,207.66667,1980.3334,2832.3333,2936.3333,8297.0,1565.3334,2561.0,3982.0,188.66667,30360.334,3291.6667,10433.333,9246.333,7389.0,48.666668,0.33333334,15.333333,16.666666,16.333334,5.9895835,28.23,91.58444,0
P004,2013-04-08 00:00:00-04:00,173740.53,85032.31,1255.6892,86014.37,1438.1566,7.0,1.0,4.0,3.3333333,5.3333335,19798.334,11.333333,8110.6665,4999.0,6677.3335,5774.6665,207.66667,1332.3334,1745.0,2489.6667,2420.3333,0.0,878.0,486.0,1056.3334,67618.336,18996.0,16455.334,14897.333,17269.666,8195.0,207.66667,2210.3333,2231.0,3546.0,8029.3335,1565.3334,2408.6667,3898.3333,157.0,30750.334,3291.6667,10547.667,9468.333,7442.6665,47.333332,0.33333334,14.0,16.0,17.0,6.8980556,24.404444,95.026665,0
P004,2013-04-09 00:00:00-04:00,6032.8364,69.80953,1996.2107,2115.051,1851.7654,9.333333,1.0,5.3333335,5.3333335,6.0,20877.666,0.6666667,8336.667,5058.0,7482.3335,7366.3335,0.0,1799.3334,2563.6667,3003.3333,3089.6667,0.0,1236.0,696.0,1157.6666,73111.664,20695.666,17840.0,17734.0,16842.0,10456.0,0.0,3035.3333,3259.6667,4161.0,566.0,0.0,95.333336,236.0,234.66667,26521.334,0.0,10002.667,8755.333,7763.3335,40.666668,0.0,12.666667,13.666667,14.333333,6.8980556,24.404444,95.026665,0
P004,2013-04-10 00:00:00-04:00,7617.9604,52.02296,2805.3533,2826.399,1934.1853,10.666667,1.0,5.6666665,6.3333335,6.0,11117.667,0.0,5515.3335,239.66667,5362.6665,8796.667,0.0,2311.3333,3880.0,2605.3333,4419.3335,0.0,1804.0,1233.3334,1382.0,71521.664,20963.666,16967.334,16308.0,17282.666,13216.0,0.0,4115.3335,5113.3335,3987.3333,596.0,0.0,160.33333,112.333336,323.33334,24840.334,0.0,9541.0,8322.667,6976.6665,47.333332,0.0,15.0,17.333334,15.0,6.0241666,26.22,89.85111,0
P004,2013-04-12 00:00:00-04:00,6844.1216,46.686497,2703.709,2774.2825,1319.4436,9.5,1.0,5.0,6.0,4.5,16421.0,0.0,6958.0,2370.0,7093.0,9120.5,0.0,2553.5,4182.0,2385.0,4240.0,0.0,1456.5,2084.5,699.0,71226.0,21332.5,17205.5,14695.5,17992.5,13360.5,0.0,4010.0,6266.5,3084.0,843.0,0.0,116.0,355.0,372.0,30478.0,50.5,11139.0,10385.0,8903.5,49.0,0.5,14.0,16.0,18.5,7.0223613,25.152222,96.76889,0
P004,2013-04-13 00:00:00-04:00,7151.2056,50.926357,2268.776,2591.2827,2240.2207,7.5,1.0,4.5,4.5,3.5,9076.5,37.5,3786.0,2206.0,3047.0,9215.5,0.0,2155.5,3123.5,3936.5,5237.0,0.0,1153.5,2361.5,1722.0,69398.0,21237.0,17869.0,15339.5,14952.5,14452.5,0.0,3309.0,5485.0,5658.5,1055.0,0.0,37.0,346.5,671.5,35435.0,70.5,11001.0,10101.0,14262.5,39.0,1.0,15.0,11.0,12.0,8.0205555,24.084444,103.68667,0
P004,2013-04-14 00:00:00-04:00,6152.8174,45.903236,1889.8691,2368.0833,1848.9617,7.3333335,1.0,4.3333335,4.6666665,3.3333333,6082.3335,38.666668,2535.0,1470.6666,2038.0,7517.6665,0.0,1672.3334,2729.0,3116.3333,4329.0,0.0,1044.0,1744.0,1541.0,71880.336,21238.666,18264.0,16312.667,16065.0,11846.667,0.0,2716.3333,4473.0,4657.3335,1152.0,0.0,239.66667,390.33334,522.0,28498.666,47.0,9287.667,9534.667,9629.333,35.666668,0.6666667,13.0,13.0,9.0,6.8380556,30.724445,100.86667,1
P004,2013-04-15 00:00:00-04:00,6153.729,115.50254,1925.2491,1992.1682,2120.8093,7.0,1.3333334,4.3333335,4.0,3.6666667,5212.0,49.333332,50.0,31.0,5081.6665,5849.6665,68.0,1233.6666,2031.3334,2516.6667,4556.3335,160.0,1103.3334,1401.6666,1891.3334,73416.664,21030.0,18581.666,17499.334,16305.667,10406.0,228.0,2337.0,3433.0,4408.0,998.0,5.0,308.0,248.0,437.0,27015.666,1069.0,9528.0,8433.667,7985.0,41.666668,2.0,15.666667,15.333333,8.666667,5.6555557,37.364445,98.04667,1
P004,2013-04-16 00:00:00-04:00,5743.7993,119.27982,1734.0256,2082.9573,1807.5366,8.666667,1.3333334,4.6666665,4.6666665,5.3333335,26500.334,1828.0,5270.3335,7216.0,12186.0,4797.3335,68.0,1171.0,1779.0,1779.3334,2900.0,160.0,689.6667,969.6667,1080.6666,75736.336,20897.334,18918.666,17991.0,17929.334,7697.3335,228.0,1860.6666,2748.6667,2860.0,849.3333,5.0,310.33334,303.66666,230.33333,27316.334,1993.3334,9737.333,9895.667,5690.0,49.333332,4.3333335,14.666667,18.666666,11.666667,5.6555557,37.364445,98.04667,1
P004,2013-04-17 00:00:00-04:00,6777.5366,127.40256,2425.206,2170.0286,2054.8997,9.333333,1.3333334,5.6666665,4.6666665,6.0,32717.0,2316.0,9467.0,8744.0,12190.0,6299.3335,68.0,1845.0,1672.3334,2714.0,3360.0,160.0,990.0,1260.3334,949.6667,73664.0,20695.666,17939.0,17853.0,17176.334,9659.333,228.0,2835.0,2932.6667,3663.6667,852.0,80.0,178.33333,342.33334,251.33333,32061.666,2070.3333,10696.333,10517.333,8777.667,56.0,4.6666665,15.333333,17.666666,18.333334,0.0,0.0,0.0,0
P004,2013-04-18 00:00:00-04:00,7681.6714,167.1673,2710.2263,2731.7527,2072.5251,10.0,1.3333334,6.0,5.3333335,6.3333335,30615.334,2323.0,10134.667,8739.667,9418.0,7616.0,166.0,1891.0,2179.0,3380.0,3603.6667,67.0,1385.6666,1196.0,955.0,72032.664,20705.334,17575.334,17431.0,16321.0,11219.667,233.0,3276.6667,3375.0,4335.0,1241.6666,135.0,178.0,410.0,518.6667,28820.334,1112.0,7815.3335,10324.333,9568.667,47.0,3.3333333,12.666667,15.0,16.0,4.540278,40.34889,92.10889,0
P004,2013-04-19 00:00:00-04:00,121699.914,179.53683,118399.695,1744.0654,1376.6205,7.6666665,1.3333334,5.6666665,3.3333333,3.6666667,10808.333,529.6667,5349.6665,1578.3334,3350.6667,7333.6665,242.0,2511.6667,1743.0,2837.0,3262.6667,67.0,1539.6666,803.3333,852.6667,68956.0,20706.0,14812.333,16457.334,16980.334,10596.333,309.0,4051.3333,2546.3333,3689.6667,5308.0,137.66667,2261.3333,2312.3333,596.6667,24993.0,174.33333,6462.0,10735.333,7621.3335,48.0,0.6666667,14.666667,19.0,13.666667,4.540278,40.34889,92.10889,0
P004,2013-04-22 00:00:00-04:00,117801.82,20.809406,681.23096,116426.13,673.64954,3.6666667,0.33333334,1.6666666,1.6666666,2.6666667,35283.0,8341.333,7678.6665,8773.667,10489.333,4820.6665,178.66667,2412.6667,1363.0,866.3333,1606.3334,0.0,117.666664,706.0,782.6667,70171.0,20790.666,17968.0,15752.667,15659.667,6427.0,178.66667,2530.3333,2069.0,1649.0,7081.0,12.0,439.33334,3068.3333,3561.3333,27021.334,171.0,9323.333,9324.0,8203.0,45.0,1.0,12.0,16.333334,15.666667,5.0747223,39.60889,95.64445,0
P004,2013-04-23 00:00:00-04:00,3880.8416,108.61969,998.4788,1495.3539,1278.3892,6.6666665,1.0,3.0,3.0,4.6666665,41962.668,8351.667,10053.333,14189.333,9368.333,3940.6667,253.33333,1088.3334,1270.3334,1328.6666,2516.3333,6.0,101.666664,1121.6666,1287.0,71679.664,20604.334,19452.334,16933.334,14689.667,6457.0,259.33334,1190.0,2392.0,2615.6667,5207.6665,15.666667,211.0,1488.6666,3492.3333,24414.0,389.33334,6037.0,8506.667,9481.0,41.666668,2.3333333,7.0,16.666666,15.666667,5.0747223,39.60889,95.64445,0
P004,2013-04-24 00:00:00-04:00,6275.867,268.1929,2040.8484,2369.32,1597.5057,8.333333,1.6666666,4.6666665,4.3333335,5.3333335,14119.333,1661.6666,2871.3333,7030.6665,2555.6667,6239.3335,478.66666,2162.3333,2105.6667,1492.6666,3255.0,357.0,300.0,1327.3334,1270.6666,72852.664,19897.0,18245.0,17054.0,17656.666,9494.333,835.6667,2462.3333,3433.0,2763.3333,731.6667,78.333336,84.333336,263.33334,305.66666,23041.666,748.6667,6228.0,7862.3335,8202.667,45.0,3.3333333,9.666667,16.0,16.0,4.9468055,39.533333,94.545555,0
P004,2013-04-25 00:00:00-04:00,6353.3906,271.29926,1770.423,2569.9084,1741.76,8.333333,1.6666666,4.0,4.3333335,5.6666665,11717.0,520.3333,2745.0,6801.3335,1650.3334,7320.3335,300.0,2019.6666,2582.3333,2418.3333,3008.0,357.0,403.33334,1357.3334,890.3333,72282.664,19998.0,18162.0,16551.334,17571.334,10328.333,657.0,2423.0,3939.6667,3308.6667,612.0,66.333336,98.0,334.33334,113.333336,23947.0,577.6667,5661.6665,8663.0,9044.667,50.0,2.3333333,11.0,18.0,18.666666,4.8188887,39.45778,93.44666,1
P004,2013-04-26 00:00:00-04:00,6440.955,311.39908,2077.8572,2386.367,1665.3323,7.6666665,1.6666666,4.0,4.3333335,5.0,14719.667,618.0,1567.3334,4899.3335,7635.0,8133.0,682.3333,2320.3333,2781.6667,2348.6667,2731.0,351.0,617.6667,1141.0,621.3333,72450.336,19889.334,17976.334,16536.334,18048.334,10864.0,1033.3334,2938.0,3922.6667,2970.0,1005.3333,62.666668,34.0,645.3333,263.33334,26179.666,507.33334,6412.0,8387.667,10872.667,48.0,1.3333334,11.666667,16.333334,18.666666,5.8605556,38.307777,100.63,1
P004,2013-04-27 00:00:00-04:00,5646.8467,298.12915,1424.3575,2429.2068,1495.1528,7.3333335,1.6666666,3.3333333,4.6666665,4.6666665,18034.666,1476.0,2217.3333,6018.3335,8323.0,7354.0,652.6667,1402.3334,2946.6667,2352.3333,2005.3334,136.66667,500.66666,873.0,495.0,75208.336,20421.666,19250.0,17035.666,18501.0,9359.333,789.3333,1903.0,3819.6667,2847.3333,963.3333,67.666664,90.666664,558.0,247.0,28419.334,666.0,7475.0,8080.0,12198.333,43.666668,1.6666666,10.333333,17.666666,14.0,6.902222,37.157776,107.81333,0
P004,2013-04-28 00:00:00-04:00,5416.695,292.54617,1451.2509,2306.2158,1366.6818,7.6666665,1.6666666,4.0,4.6666665,4.0,20352.0,1476.0,3203.3333,7050.0,8622.667,6866.6665,652.6667,1864.0,2834.6667,1515.3334,2150.3333,136.66667,700.3333,597.0,716.3333,76235.0,20737.666,18873.0,17730.334,18894.0,9017.0,789.3333,2564.3333,3431.6667,2231.6667,1075.3334,67.666664,150.66667,419.0,438.0,24639.334,666.0,5809.3335,6729.6665,11434.333,36.0,1.6666666,8.333333,14.333333,11.666667,6.9494443,31.626667,102.66,1
P004,2013-04-29 00:00:00-04:00,5126.9326,189.8421,1392.6172,2273.4937,1270.9797,7.3333335,1.3333334,4.0,4.3333335,4.3333335,11500.0,1378.6666,1841.0,6845.0,1435.3334,5805.0,199.0,1549.3334,2544.3333,1512.3334,2805.0,136.66667,949.3333,932.3333,786.6667,76966.664,21159.334,18884.0,17942.0,18981.334,8610.0,335.66666,2498.6667,3476.6667,2299.0,610.6667,69.333336,157.0,100.666664,283.66666,25072.334,881.0,6191.6665,8054.0,9945.667,44.333332,2.0,12.0,17.333334,13.0,6.9966664,26.095556,97.50667,1
P004,2013-04-30 00:00:00-04:00,5538.483,64.10387,1406.6885,1964.7341,2102.9565,7.6666665,1.0,3.6666667,4.0,5.3333335,16278.667,21.0,4915.6665,10276.0,1066.0,5653.6665,17.0,1757.6666,1861.3334,2017.6666,3563.3333,0.0,1185.6666,1135.6666,1242.0,76369.664,21545.666,18507.0,18431.334,17885.666,9217.0,17.0,2943.3333,2997.0,3259.6667,603.0,1.6666666,90.333336,91.0,420.0,23874.666,655.3333,5837.6665,9015.667,8366.0,57.666668,2.3333333,18.0,21.333334,16.0,6.9966664,26.095556,97.50667,1
P004,2013-05-01 00:00:00-04:00,6391.2056,56.65544,1649.6168,2299.4187,2385.5144,8.0,1.0,3.6666667,4.3333335,6.3333335,14290.667,316.66666,5023.0,7910.6665,1040.3334,6474.6665,18.666666,1807.3334,1933.6666,2715.0,3358.0,0.0,1011.3333,1256.6666,1090.0,75944.0,21544.334,18650.0,18179.666,17570.0,9832.667,18.666666,2818.6667,3190.3333,3805.0,464.66666,1.6666666,79.0,163.0,221.0,23900.666,655.3333,6141.6665,8702.0,8401.667,59.0,2.3333333,18.333334,22.0,16.333334,6.3647223,33.97111,100.32667,0
P004,2013-05-02 00:00:00-04:00,6597.185,42.538815,1516.2802,2420.8018,2617.5645,8.666667,1.0,4.0,4.6666665,6.6666665,23920.334,325.0,4946.3335,10737.0,7912.0,6981.0,15.333333,2136.3333,1700.6666,3128.6667,3755.3333,0.0,768.6667,1896.6666,1090.0,75056.664,21516.334,18551.334,17897.334,17091.666,10736.333,15.333333,2905.0,3597.3333,4218.6665,588.6667,64.333336,140.0,100.0,284.33334,19983.666,370.0,4987.3335,6762.6665,7863.6665,52.0,2.3333333,15.0,20.0,14.666667,6.3647223,33.97111,100.32667,0
P004,2013-05-03 00:00:00-04:00,134841.36,40.23785,130003.445,3286.7834,1510.891,7.0,1.0,4.3333335,3.6666667,4.3333335,32192.0,314.66666,6725.6665,13345.667,11806.0,5317.6665,1.6666666,1956.6666,1132.6666,2226.6667,2960.0,0.0,668.6667,1831.0,460.33334,70568.0,21520.0,14990.0,15399.0,18659.0,8277.667,1.6666666,2625.3333,2963.6667,2687.0,7354.3335,64.333336,3935.0,3172.6667,182.33333,17290.666,77.666664,6086.3335,4748.3335,6378.3335,41.333332,0.6666667,14.333333,13.333333,13.0,6.0481944,31.933332,95.75667,0
P004,2013-05-04 00:00:00-04:00,255238.88,122151.68,129322.82,2368.1409,1396.2325,5.3333335,1.0,2.6666667,2.0,3.3333333,51254.332,19.0,12470.333,20535.0,18230.0,3033.0,0.0,1499.3334,276.0,1257.6666,2629.0,0.0,450.33334,1413.6666,765.0,65542.336,21439.0,15060.0,10287.0,18756.334,5662.0,0.0,1949.6666,1689.6666,2022.6666,14570.667,64.333336,4439.3335,9434.333,632.6667,24675.0,77.666664,8023.6665,8923.333,7650.3335,43.0,0.6666667,17.0,12.333333,13.0,5.7316666,29.895555,91.18667,0
P004,2013-05-05 00:00:00-04:00,254490.92,122271.48,129141.44,2063.485,1014.52185,4.6666665,1.6666666,2.0,2.6666667,2.3333333,42201.668,10.0,12491.667,17239.334,12460.667,3115.0,144.66667,1202.0,703.3333,1065.0,3689.0,0.6666667,1251.3334,1745.3334,691.6667,63822.668,21225.0,14460.0,9184.0,18953.666,6804.0,145.33333,2453.3333,2448.6667,1756.6666,14679.0,2.6666667,4389.0,9639.0,648.3333,25475.0,231.66667,7943.3335,8818.667,8481.333,47.0,0.6666667,18.333334,11.0,17.0,5.0122223,36.666668,92.202225,0
P004,2013-05-06 00:00:00-04:00,126553.42,122270.08,1089.4767,1471.9542,1721.9159,6.6666665,1.6666666,3.0,3.6666667,4.0,35551.668,10.666667,8960.333,12931.667,13649.0,5079.6665,144.66667,1441.3334,1170.3334,2323.3333,4852.0,0.6666667,1409.6666,2269.3333,1172.3334,67224.0,21165.334,17749.0,11158.667,17151.0,9931.667,145.33333,2851.0,3439.6667,3495.6667,7980.6665,2.6666667,661.3333,6637.0,679.6667,27857.334,231.66667,6227.0,10862.667,10536.0,51.333332,0.6666667,15.0,13.666667,22.0,4.951667,34.897778,89.94889,0
P004,2013-05-07 00:00:00-04:00,5881.4985,207.85052,1675.179,2339.1306,1659.3384,7.6666665,2.0,4.6666665,5.0,4.0,24942.666,1264.3334,7763.3335,7422.6665,8492.333,7503.3335,385.33334,2045.3334,2017.3334,3055.3333,4992.6665,0.6666667,1633.6666,2492.6667,865.6667,71750.336,20897.334,17456.666,16308.667,17087.666,12496.0,386.0,3679.0,4510.0,3921.0,714.0,2.6666667,105.333336,373.33334,232.66667,25558.666,1162.6666,5043.3335,8873.0,10479.667,60.0,2.3333333,15.333333,18.333334,24.0,4.6219444,37.461483,89.87482,1
P004,2013-05-08 00:00:00-04:00,6452.9478,101.9542,1790.7476,2749.4602,1810.7858,8.0,1.3333334,5.0,5.0,4.3333335,37500.668,1264.6666,12315.333,11783.333,12137.333,7729.3335,240.66667,2245.3333,2373.3333,2870.0,2734.3333,0.0,609.3333,1134.6666,990.3333,73287.336,20955.334,18205.334,17181.0,16945.666,10463.667,240.66667,2854.6667,3508.0,3860.3333,722.6667,0.0,92.0,397.66666,233.0,30817.0,931.0,7617.0,10569.333,11699.667,56.666668,1.6666666,15.666667,18.666666,20.666666,5.160463,34.56148,91.28297,0
P004,2013-05-09 00:00:00-04:00,6170.216,95.08778,1435.8809,2776.6611,1862.5858,7.6666665,1.3333334,4.6666665,5.3333335,4.3333335,26860.666,1264.0,10335.0,8896.667,6365.0,7104.0,240.66667,2213.0,2528.6667,2121.6667,2752.0,0.0,371.66666,995.6667,1384.6666,73063.0,20756.666,18324.334,16825.0,17157.0,9856.0,240.66667,2584.6667,3524.3333,3506.3333,722.3333,0.0,35.333332,529.3333,157.66667,33524.668,1042.0,10024.333,10826.333,11632.0,51.333332,2.3333333,16.666666,16.0,16.333334,4.9354167,38.663334,93.58444,1
P004,2013-05-10 00:00:00-04:00,5436.9727,58.682014,1139.2147,2421.0674,1818.0083,8.666667,1.0,4.3333335,6.0,4.6666665,18913.334,24.333334,4907.3335,9200.667,4781.0,5675.6665,0.0,1687.0,2154.3333,1834.3334,2898.6667,0.0,145.0,1215.6666,1538.0,73663.336,20782.0,18870.666,16867.0,17143.666,8574.333,0.0,1832.0,3370.0,3372.3333,644.3333,0.0,22.666666,466.33334,155.33333,32397.0,111.0,11400.667,9626.667,11258.667,47.333332,0.6666667,15.666667,14.666667,16.333334,5.4768057,37.33,96.58222,0
P004,2013-05-11 00:00:00-04:00,5763.9624,163.7391,1444.5051,2227.0508,1928.6674,8.333333,1.3333334,4.0,5.6666665,4.3333335,4310.0,24.333334,384.0,2016.6666,1885.0,6055.3335,20.666666,1412.3334,2471.3333,2151.0,3731.6667,78.0,692.0,1242.6666,1719.0,73496.664,20904.0,18837.666,16779.0,16976.0,9787.0,98.666664,2104.3333,3714.0,3870.0,556.3333,0.0,18.666666,456.66666,81.0,32066.666,655.3333,9454.333,10164.667,11792.333,50.666668,1.6666666,16.0,15.0,18.0,5.0452776,39.922222,95.72222,0
P004,2013-05-12 00:00:00-04:00,4751.5054,179.34993,1378.1239,1631.6287,1562.403,7.3333335,1.3333334,3.3333333,5.3333335,4.3333335,23097.334,35.0,4782.3335,9211.0,9069.0,5760.6665,20.666666,1623.3334,2087.3333,2029.3334,3298.3333,78.0,639.6667,1473.6666,1107.0,74913.336,21171.666,18976.334,16961.0,17804.334,9059.0,98.666664,2263.0,3561.0,3136.3333,1047.6666,0.0,15.666667,731.3333,300.66666,29591.334,1022.0,8238.0,9582.333,10749.0,52.666668,2.0,16.0,15.666667,19.0,5.4055557,38.483334,97.16556,0
P004,2013-05-13 00:00:00-04:00,4849.885,172.77318,1690.8868,1821.9281,1164.2968,6.0,1.3333334,3.3333333,4.6666665,3.3333333,24597.0,1305.6666,6969.0,7258.3335,9064.0,6368.3335,20.666666,2083.6667,2332.3333,1931.6666,3166.0,78.0,856.0,1395.6666,836.3333,75411.664,21497.666,18584.334,16984.666,18345.0,9534.333,98.666664,2939.6667,3728.0,2768.0,1060.0,0.0,43.0,719.3333,297.66666,29617.666,1563.3334,7383.6665,9689.0,10981.667,57.333332,3.3333333,16.333334,16.666666,21.0,5.7658334,37.044445,98.60889,0
P004,2013-05-14 00:00:00-04:00,4936.011,67.904,1508.5001,2146.8745,1212.7324,7.0,1.0,3.6666667,4.6666665,4.0,26495.666,1305.6666,6918.6665,7945.0,10326.333,4796.6665,0.0,1885.3334,1516.0,1395.3334,3424.6667,0.0,675.0,1957.6666,792.0,76050.664,21400.666,18764.666,17182.334,18703.0,8221.333,0.0,2560.3333,3473.6667,2187.3333,916.0,0.0,40.0,569.3333,306.66666,24703.0,1116.6666,7061.6665,7461.6665,9063.0,57.333332,3.3333333,16.333334,17.0,20.666666,5.7658334,37.044445,98.60889,0
P004,2013-05-15 00:00:00-04:00,5511.0215,310.36304,1428.6459,2479.1626,1292.8499,8.0,1.3333334,4.0,5.0,4.0,10971.333,2832.6667,3126.6667,1782.6666,3229.3333,5153.0,176.0,1726.0,1781.6666,1469.3334,3322.3333,147.66667,833.3333,1575.6666,765.6667,75360.336,20851.0,18401.666,17540.666,18567.0,8475.333,323.66666,2559.3333,3357.3333,2235.0,417.0,0.0,171.0,93.666664,152.33333,27714.666,981.3333,7537.0,7383.3335,11813.0,56.0,3.0,15.0,18.0,20.0,5.9816666,42.25111,105.54222,0
P004,2013-05-16 00:00:00-04:00,5470.2246,305.62613,1246.5419,2451.1519,1466.9047,8.333333,1.3333334,4.0,5.3333335,4.3333335,7295.6665,1565.3334,637.0,1853.6666,3239.6667,3758.0,178.66667,1105.3334,1459.3334,1014.6667,4216.6665,147.66667,880.3333,1857.0,1331.6666,74831.0,20583.334,18750.0,17149.666,18348.0,7974.6665,326.33334,1985.6666,3316.3333,2346.3333,712.0,3.6666667,150.33333,410.66666,147.33333,27913.334,1788.6666,6890.6665,8067.6665,11166.333,51.333332,3.3333333,15.666667,17.0,15.333333,5.9816666,42.25111,105.54222,0
P005,2013-03-28 00:00:00-04:00,3900.8162,24.897406,1271.434,1384.2416,1220.2433,8.5,0.5,3.0,4.5,3.5,27208.5,417.0,7309.0,3848.5,15634.0,3316.0,1.0,671.0,1121.0,1523.0,741.0,0.0,336.5,32.0,372.5,75226.5,19147.5,18832.0,19447.0,17800.0,4057.0,1.0,1007.5,1153.0,1895.5,3571.0,1578.0,889.5,130.5,973.0,22187.5,0.0,3431.5,11135.5,7620.5,24.5,0.0,5.5,14.0,5.0,6.1254168,35.624443,108.753334,0
P005,2013-03-29 00:00:00-04:00,3847.6147,34.12414,1409.6797,1368.0266,1035.7842,8.666667,0.6666667,3.3333333,5.0,3.6666667,37126.0,7478.0,9638.0,3440.3333,16569.666,4035.3333,0.6666667,952.3333,1472.0,1610.3334,715.6667,0.0,362.0,22.333334,331.33334,75255.664,19637.666,18474.0,19085.666,18058.334,4751.0,0.6666667,1314.3334,1494.3334,1941.6666,2938.3333,1052.0,887.0,259.66666,739.6667,27152.334,0.0,5223.6665,11106.667,10822.0,26.333334,0.0,5.0,13.333333,8.0,6.1254168,35.624443,108.753334,1
P005,2013-03-30 00:00:00-04:00,64775.965,172.328,1550.0348,34756.062,28297.54,7.0,1.3333334,3.0,4.3333335,2.6666667,34853.668,8067.0,10277.667,2300.3333,14208.667,4387.6665,167.66667,937.6667,1954.0,1328.3334,815.6667,0.0,354.33334,195.33333,266.0,72909.336,19612.666,18633.0,17019.334,17644.334,5203.3335,167.66667,1292.0,2149.3333,1594.3334,5938.3335,1177.6666,1018.3333,1940.6666,1801.6666,24244.334,20.0,3623.6667,11460.0,9140.667,29.666666,0.33333334,5.6666665,15.333333,8.333333,6.6004167,35.926666,112.85555,1
P005,2013-03-31 00:00:00-04:00,96882.56,176.53336,917.1678,67631.0,28157.861,5.3333335,1.3333334,2.3333333,3.3333333,2.0,23944.0,7789.0,7041.0,1164.3334,7949.6665,3239.6667,167.0,661.6667,1648.0,763.0,485.33334,0.0,137.66667,174.0,173.66667,75462.664,20975.334,19745.334,17337.0,17405.0,3725.0,167.0,799.3333,1822.0,936.6667,6110.6665,125.666664,709.6667,2258.3333,3017.0,25602.334,20.0,3158.0,13479.333,8945.0,25.333334,0.33333334,3.0,13.333333,8.666667,6.75,32.72333,110.84889,0
P007,2013-03-28 00:00:00-04:00,4286.807,49.918087,1444.6017,1748.7786,1043.509,8.0,1.0,3.5,6.0,3.0,41379.5,167.0,6865.5,14356.5,19990.5,5525.5,110.5,1388.5,2846.0,1180.5,2737.5,0.0,973.5,1094.5,669.5,77262.0,21483.5,19206.5,16951.0,19621.0,8263.0,110.5,2362.0,3940.5,1850.0,847.5,1.5,25.5,697.0,123.5,30380.0,1241.5,5078.0,16809.5,7251.0,30.5,3.5,4.0,10.0,13.0,4.273889,51.377777,106.17778,0
P007,2013-03-29 00:00:00-04:00,4408.369,46.521446,1523.0125,1975.5082,863.3272,7.3333335,1.0,3.6666667,5.6666665,3.0,49090.332,7311.3335,11777.0,12488.0,17514.0,6112.6665,73.666664,1362.6666,2710.3333,1966.0,1981.0,0.0,649.6667,873.6667,457.66666,76894.0,21520.666,19347.334,17392.334,18633.666,8093.6665,73.666664,2012.3334,3584.0,2423.6667,1386.3334,1.0,235.33333,614.6667,535.3333,27302.334,999.0,5218.0,14245.0,6840.3335,31.0,3.6666667,5.3333335,10.333333,11.666667,4.273889,51.377777,106.17778,0
P007,2013-03-30 00:00:00-04:00,4398.9404,73.814674,1192.9812,1231.3531,1900.7915,6.3333335,1.0,3.0,4.3333335,3.6666667,39451.0,8806.0,9543.0,9793.667,11308.333,4957.0,0.0,662.6667,2064.0,2230.3333,2125.6667,0.0,572.6667,636.6667,916.3333,77377.336,21593.0,20138.0,18028.334,17618.0,7082.6665,0.0,1235.3334,2700.6667,3146.6667,1907.3334,2.0,222.0,861.0,822.3333,17826.334,749.0,2935.6667,9264.667,4877.0,25.333334,3.3333333,3.6666667,9.666667,8.666667,7.3922224,51.917778,131.66444,1
P007,2013-03-31 00:00:00-04:00,5126.4023,1481.0062,672.01855,1240.84,1732.5377,5.0,1.6666666,2.3333333,3.3333333,3.0,33544.0,9783.0,7200.0,6262.3335,10298.667,4971.0,466.0,437.0,2284.6667,1783.3334,1176.3334,93.666664,0.6666667,291.0,791.0,78186.0,20673.666,20923.666,18394.0,18194.666,6147.3335,559.6667,437.66666,2575.6667,2574.3333,1904.3334,356.0,218.33333,574.3333,755.6667,15377.333,2000.0,1832.6666,5508.6665,6036.0,35.0,10.333333,2.6666667,11.0,11.0,7.1258335,58.684444,136.3,0
P007,2013-04-01 00:00:00-04:00,5437.7554,1496.7146,588.19257,1107.9038,2244.9443,5.6666665,2.0,2.3333333,3.6666667,3.3333333,26425.334,9783.0,6941.6665,3584.3333,6116.3335,4134.6665,466.0,540.3333,2419.6667,708.6667,1786.3334,93.666664,13.0,536.3333,1143.3334,78659.0,20608.0,20938.334,17971.0,19141.666,5921.0,559.6667,553.3333,2956.0,1852.0,1283.3334,356.0,3.3333333,511.33334,412.66666,17294.334,2171.6667,2712.6667,7002.6665,5407.3335,37.666668,10.0,1.6666666,11.0,15.0,7.1258335,58.684444,136.3,1
P007,2013-04-02 00:00:00-04:00,5090.223,1662.3304,517.9964,1595.4944,1314.402,6.0,2.3333333,2.0,4.0,3.3333333,30584.334,11062.667,6941.6665,2693.0,9887.0,3788.6667,562.3333,540.3333,2062.6667,623.3333,2260.6667,118.0,13.0,1060.0,1069.6666,77875.336,19881.334,20820.0,17938.0,19236.0,6049.3335,680.3333,553.3333,3122.6667,1693.0,1441.3334,836.3333,3.3333333,257.0,344.66666,25949.334,2686.6667,2712.6667,11225.667,9324.333,42.0,13.666667,1.6666666,11.333333,15.333333,6.1654167,66.26778,136.2,0
P007,2013-04-03 00:00:00-04:00,4949.9194,252.02321,925.3479,1822.182,1950.3666,7.3333335,1.6666666,2.6666667,5.0,4.0,27381.666,12638.0,8716.333,968.0,5059.3335,4444.6665,96.333336,777.0,2697.6667,873.6667,2738.3333,24.333334,13.0,1396.3334,1304.6666,75571.664,20609.0,20376.334,16480.0,18106.334,7183.0,120.666664,790.0,4094.0,2178.3333,2089.0,525.3333,74.0,625.0,864.6667,29359.334,2551.6667,4135.3335,14043.0,8629.333,38.666668,8.666667,3.0,10.666667,16.333334,4.606111,58.421112,115.87889,0
P007,2013-04-04 00:00:00-04:00,5354.738,1249.6431,940.8478,1496.4259,1667.8209,7.6666665,2.0,2.3333333,5.0,4.0,15008.667,5463.0,2726.3333,1764.0,5055.3335,4368.0,334.66666,489.33334,2486.6667,1057.3334,2661.6667,146.0,0.0,1019.3333,1496.3334,74641.0,19452.334,20501.334,16951.334,17736.0,7029.6665,480.66666,489.33334,3506.0,2553.6667,2756.3333,1194.6666,147.0,649.0,765.6667,34250.332,4440.6665,1805.6666,14089.333,13914.667,45.333332,14.0,2.6666667,13.666667,15.0,4.606111,58.421112,115.87889,0
P007,2013-04-05 00:00:00-04:00,340842.47,1083.035,1583.3165,336831.88,1344.2338,7.0,2.0,3.3333333,4.0,2.6666667,16794.334,4810.0,6826.3335,1453.0,3705.0,5549.6665,238.33333,652.0,2982.3333,1677.0,2412.3333,121.666664,540.0,649.3333,1101.3334,67197.0,19958.666,19500.334,14218.0,13520.0,7962.0,360.0,1192.0,3631.6667,2778.3333,6950.3335,712.3333,345.66666,3171.3333,2721.0,34279.0,4192.3335,3235.0,14654.667,12197.0,44.0,9.0,4.3333335,15.0,15.666667,3.888611,48.762222,100.48,1
P007,2013-04-08 00:00:00-04:00,336012.75,335943.56,0.0,56.57062,12.61236,1.6666666,1.0,0.0,0.6666667,0.33333334,36048.0,1958.0,14649.333,8146.3335,11294.333,8033.3335,352.66666,1726.6666,2985.3333,2968.6667,2051.3333,8.333333,627.3333,678.6667,737.0,65497.0,20180.666,15087.667,14595.333,15633.333,10084.667,361.0,2354.0,3664.0,3705.6667,6237.0,234.66667,1644.6666,2743.0,1614.6666,42714.0,6098.3335,11064.333,12258.0,13293.333,65.333336,21.0,17.333334,15.333333,11.666667,4.258611,29.991112,84.66889,0
P007,2013-04-10 00:00:00-04:00,337915.7,335993.56,679.451,497.7584,744.9312,4.0,1.3333334,1.6666666,2.3333333,2.0,58794.668,9231.0,17072.334,14421.0,18070.334,2692.0,102.333336,1286.3334,1120.0,183.33333,1431.3334,0.6666667,897.0,156.33333,377.33334,74884.0,20943.666,15701.0,17577.334,20662.0,4123.3335,103.0,2183.3333,1276.3334,560.6667,4251.6665,64.666664,1544.0,2513.6667,129.33333,21827.666,2192.3333,4663.0,6287.6665,8684.667,47.666668,10.0,10.0,12.666667,15.0,7.1094446,32.7,110.18445,0
P007,2013-04-11 00:00:00-04:00,3534.9915,83.34587,1173.025,1139.3519,1139.2684,5.0,1.3333334,2.3333333,3.0,2.6666667,50954.332,9293.333,10889.0,16357.0,14415.0,1589.0,0.0,385.66666,679.0,524.3333,859.6667,0.0,392.33334,0.0,467.33334,82173.336,21321.666,20494.334,20319.666,20037.666,2448.6667,0.0,778.0,679.0,991.6667,553.3333,0.0,28.666666,279.66666,245.0,21133.666,107.666664,2312.0,9162.0,9552.0,36.333332,0.33333334,5.3333335,14.0,16.666666,7.1094446,32.7,110.18445,0
P007,2013-04-12 00:00:00-04:00,4232.5522,41.6804,1849.5775,1289.9415,1051.353,5.0,1.0,3.3333333,2.6666667,3.0,30060.0,2853.3333,4012.0,9164.333,14030.333,2761.6667,0.0,1119.0,834.0,808.6667,980.6667,0.0,483.33334,20.0,477.33334,80623.0,21232.334,19551.666,20099.334,19739.666,3742.3333,0.0,1602.3334,854.0,1286.0,375.33334,0.0,42.333332,206.33333,126.666664,24016.0,208.33333,4575.3335,8678.667,10553.667,33.333332,1.0,6.6666665,10.666667,15.0,6.6847224,36.18667,110.27333,0
P007,2013-04-13 00:00:00-04:00,4288.0938,42.521004,1217.9503,1287.6561,1739.9663,5.0,1.0,2.3333333,2.6666667,3.3333333,21014.0,9872.333,1339.6666,1974.3334,7827.6665,3174.3333,0.0,941.6667,833.3333,1399.3334,406.66666,0.0,92.666664,20.0,294.0,79931.664,21112.666,20027.0,19998.0,18794.0,3581.0,0.0,1034.3334,853.3333,1693.3334,799.0,0.0,28.666666,206.33333,564.0,20789.334,1706.6666,2467.6667,8496.333,8118.6665,36.666668,8.0,3.3333333,10.0,15.333333,6.26,39.673332,110.36222,0
P007,2013-04-15 00:00:00-04:00,3922.6711,1447.8904,42.529667,669.25665,1762.9944,4.3333335,1.6666666,1.0,2.0,3.3333333,43221.332,12092.0,8270.333,11676.667,11182.333,2060.0,549.0,0.0,269.66666,1241.3334,1369.6666,248.33333,0.0,284.0,837.3333,77612.0,18753.334,20949.334,20057.334,17852.0,3429.6667,797.3333,0.0,553.6667,2078.6667,2096.6667,773.3333,0.0,325.66666,997.6667,11284.0,2613.3333,296.0,4199.6665,4175.0,35.0,14.666667,2.3333333,8.0,10.0,6.2869444,49.96,120.86444,0
P007,2013-04-16 00:00:00-04:00,4846.4775,2555.2666,40.720966,815.0797,1435.4104,5.0,2.3333333,1.0,2.3333333,3.6666667,38610.332,6226.3335,8270.333,12799.333,11314.333,2808.6667,1085.6666,0.0,522.0,1201.0,1506.3334,274.66666,0.0,284.0,947.6667,75253.0,17215.0,20934.334,19284.0,17819.666,4315.0,1360.3334,0.0,806.0,2148.6667,3482.3333,1728.0,1.6666666,826.0,926.6667,15621.667,2707.6667,316.0,6156.3335,6441.6665,39.0,12.333333,2.6666667,11.333333,12.666667,5.8134723,57.93222,125.04889,0
P007,2013-04-17 00:00:00-04:00,5071.099,1151.2786,415.22217,1872.4846,1632.1136,5.3333335,1.6666666,1.3333334,3.3333333,4.0,20739.666,4945.6665,1320.0,7386.6665,7087.3335,3052.6667,538.3333,282.66666,1139.6666,1092.0,1363.3334,26.333334,7.6666665,508.66666,820.6667,75758.0,18636.334,20559.666,18381.334,18180.666,4416.0,564.6667,290.33334,1648.3334,1912.6666,2804.3333,1086.0,78.0,872.6667,767.6667,19603.0,1882.3334,1492.0,9317.667,6911.0,41.666668,7.0,3.3333333,14.666667,16.666666,6.0160184,51.495556,120.23259,0
P007,2013-04-18 00:00:00-04:00,5500.332,1154.8827,599.74634,2273.7336,1471.9696,6.3333335,1.6666666,1.3333334,4.0,3.3333333,13255.333,2279.3333,378.66666,5268.0,5329.3335,3275.0,538.3333,364.66666,1449.3334,922.6667,1063.6666,26.333334,73.0,424.0,540.3333,76436.0,19285.334,20317.0,18111.334,18722.334,4338.6665,564.6667,437.66666,1873.3334,1463.0,2561.3333,1017.3333,107.666664,838.0,598.3333,21215.0,2294.0,1364.3334,11436.333,6120.3335,43.0,8.333333,2.6666667,15.666667,16.333334,5.680093,52.877777,118.92741,0
P007,2013-04-19 00:00:00-04:00,5260.6396,89.90095,1087.404,2850.3198,1233.0149,6.6666665,1.3333334,2.0,5.0,2.6666667,18796.334,1150.0,3191.3333,6377.6665,8077.3335,4665.3335,1.6666666,753.0,2596.6667,1314.0,1055.0,0.0,137.33333,616.0,301.66666,75311.0,20664.666,19774.334,16351.0,18521.0,5720.3335,1.6666666,890.3333,3212.6667,1615.6666,1974.0,124.666664,118.0,1169.6666,561.6667,26303.0,1225.3334,4209.3335,14071.0,6797.3335,36.333332,5.3333335,4.0,12.666667,14.333333,5.300185,48.49111,111.50148,0
P007,2013-04-20 00:00:00-04:00,3458.9753,89.41106,720.3287,1879.3235,769.9121,5.6666665,1.3333334,1.6666666,4.3333335,2.3333333,18700.0,3310.0,2941.6667,5876.3335,6572.0,3992.3333,0.0,470.33334,2067.3333,1454.6666,828.0,0.0,129.66667,555.3333,143.0,75549.336,20637.0,20053.666,16595.666,18263.0,4820.3335,0.0,600.0,2622.6667,1597.6666,2290.6667,62.0,41.666668,1435.0,752.0,29672.5,1580.0,4297.5,15921.5,7873.5,33.5,6.0,2.5,11.5,13.5,5.623148,55.25037,120.844444,0
P007,2013-04-21 00:00:00-04:00,3189.207,90.479324,697.79956,1455.6514,945.27686,4.3333335,1.3333334,1.6666666,3.0,2.6666667,22876.0,4979.3335,3183.3333,3534.6667,11178.667,6389.3335,0.0,1740.0,2397.0,2252.3333,724.3333,0.0,220.33333,429.66666,74.333336,71681.0,20662.0,18558.666,14700.0,17760.334,7113.6665,0.0,1960.3334,2826.6667,2326.6667,4753.0,62.0,447.33334,3417.6667,826.0,33291.5,786.0,6607.0,14598.5,11300.0,40.5,2.5,6.0,17.0,15.0,5.795139,55.822224,122.79222,0
P007,2013-04-22 00:00:00-04:00,2718.1863,58.203293,209.41632,1320.5565,1130.0101,3.6666667,1.0,1.0,2.6666667,3.0,30139.0,7873.3335,1168.3334,7859.6665,13237.667,3925.3333,0.0,1351.6666,1240.3334,1333.3334,479.33334,0.0,156.0,237.66667,85.666664,76510.0,21023.334,19257.666,17054.666,19174.334,4404.6665,0.0,1507.6666,1478.0,1419.0,3883.0,0.0,502.0,2729.0,652.0,15745.5,141.0,2309.5,8099.0,5196.0,26.0,1.0,3.5,13.5,8.0,6.815,55.52667,130.65555,0
P007,2013-04-23 00:00:00-04:00,4597.9385,1397.4084,208.65804,1439.2823,1552.5898,4.6666665,1.6666666,1.0,3.0,3.3333333,30378.666,5800.3335,1168.3334,9472.667,13937.333,4252.0,412.33334,1351.6666,1245.0,1243.0,317.33334,0.0,156.0,73.666664,87.666664,77065.0,20167.666,19585.666,17654.0,19657.666,4569.3335,412.33334,1507.6666,1318.6666,1330.6666,4503.6665,774.0,502.0,2621.6667,606.0,15745.5,141.0,2309.5,8099.0,5196.0,26.0,1.0,3.5,13.5,8.0,6.1919446,59.595554,129.74,1
P007,2013-04-24 00:00:00-04:00,3764.5312,1397.5592,47.301716,1219.9592,1099.7112,4.0,1.6666666,1.0,3.0,2.6666667,26573.666,4315.6665,808.0,11441.333,10008.667,1414.6666,412.33334,0.0,656.3333,346.0,389.33334,0.0,0.0,310.33334,79.0,82614.664,20391.666,21469.666,20144.0,20609.334,1804.0,412.33334,0.0,966.6667,425.0,1570.0,776.6667,66.666664,358.33334,368.33334,2534.0,282.0,0.0,2252.0,0.0,5.0,2.0,0.0,3.0,0.0,4.9481483,61.677036,121.87111,0
P007,2013-04-25 00:00:00-04:00,3688.4917,1391.3499,246.88144,1268.3456,781.9149,4.0,1.6666666,1.0,3.0,2.3333333,11480.0,2487.6667,23.333334,4874.0,4095.0,1684.0,485.33334,75.0,697.3333,426.33334,706.0,0.0,0.0,537.6667,168.33333,81591.664,20068.334,21085.666,19845.666,20592.0,2390.0,485.33334,75.0,1235.0,594.6667,1281.3334,776.6667,73.333336,217.0,214.33333,0.0,0.0,0.0,0.0,0.0,0.0,0.0,0.0,0.0,0.0,5.1650925,57.614815,119.54444,0
P007,2013-04-26 00:00:00-04:00,1757.7089,80.19175,246.1716,1087.0137,344.3318,3.0,1.3333334,1.0,2.6666667,1.6666666,9679.0,1428.3334,902.3333,3071.3333,4277.0,1093.6666,73.0,75.0,754.0,191.66667,946.3333,0.0,0.0,780.0,166.33333,82691.336,21238.666,21016.334,19616.0,20820.334,2040.0,73.0,75.0,1534.0,358.0,105.0,2.6666667,73.333336,12.333333,16.666666,0.0,0.0,0.0,0.0,0.0,0.0,0.0,0.0,0.0,0.0,4.6756945,52.90333,110.91778,0
P007,2013-04-28 00:00:00-04:00,1331.245,79.97862,55.69194,976.634,218.94043,2.6666667,1.3333334,1.0,2.3333333,1.3333334,52686.0,13107.333,15279.0,11910.0,12389.667,627.0,1.0,0.0,326.33334,299.66666,1294.3334,76.0,0.0,973.3333,245.0,83175.336,21235.0,21209.0,19910.334,20821.0,1921.3334,77.0,0.0,1299.6666,544.6667,155.0,0.0,0.0,132.0,23.0,3057.5,448.0,0.0,700.5,1909.0,10.5,2.5,0.0,1.5,6.5,0.0,0.0,0.0,0
P007,2013-04-29 00:00:00-04:00,2365.5625,114.871925,432.1919,1587.0472,231.45139,3.6666667,1.3333334,1.6666666,3.3333333,1.3333334,67668.336,16752.334,17134.666,16541.0,17240.334,3328.6667,206.0,422.33334,1231.3334,1469.0,1052.0,76.0,0.0,731.0,245.0,80311.0,20729.0,20604.334,19109.334,19868.334,4380.6665,282.0,422.33334,1962.3334,1714.0,357.33334,70.0,0.6666667,274.66666,12.0,3521.6667,817.0,498.0,867.0,1339.6666,11.333333,3.0,0.6666667,2.3333333,5.3333335,4.09,56.44,109.76889,0
P007,2013-05-02 00:00:00-04:00,3118.8809,73.84181,1072.411,1406.1305,566.49744,4.6666665,1.3333334,2.6666667,4.0,1.6666666,30561.334,10530.0,8037.3335,4529.3335,7464.6665,2738.3333,135.0,812.0,1298.0,493.33334,1950.0,94.333336,283.33334,1153.0,419.33334,80035.0,21355.0,20276.334,18384.666,20019.0,4688.3335,229.33333,1095.3334,2451.0,912.6667,1405.3334,7.0,166.66667,661.0,570.6667,14910.667,426.0,2535.3333,9226.667,2722.6667,24.333334,3.3333333,4.3333335,9.666667,7.0,7.357222,33.293335,112.76,0
P008,2013-03-28 00:00:00-04:00,5733.9375,906.8243,1295.849,1605.7559,1925.5085,10.0,3.0,4.0,5.0,4.5,43940.5,2352.5,10819.0,15645.0,15124.0,5148.0,774.0,803.5,2141.0,1429.5,1864.5,333.5,711.5,538.5,281.0,76154.5,19896.0,19260.0,18164.5,18834.0,7012.5,1107.5,1515.0,2679.5,1710.5,728.5,0.0,213.0,117.0,398.5,18346.5,917.5,5529.5,5896.5,6003.0,26.5,3.0,3.5,6.5,13.5,6.448889,44.788887,91.13556,0
P008,2013-03-29 00:00:00-04:00,5225.3457,766.6186,1248.149,1542.9612,1667.6168,9.333333,2.6666667,4.0,4.3333335,4.3333335,44523.0,3126.3333,11661.667,14619.0,15116.0,5345.0,653.0,699.0,2413.6667,1579.3334,1538.0,315.0,625.3333,393.33334,204.33333,76610.336,20085.0,19585.666,17989.334,18950.334,6883.0,968.0,1324.3334,2807.0,1783.6666,642.6667,4.3333335,142.0,225.0,271.33334,20415.666,611.6667,6713.6665,5188.3335,7902.0,27.333334,2.0,3.6666667,6.6666665,15.0,6.1325927,47.74889,91.565186,0
P008,2013-03-30 00:00:00-04:00,3936.815,312.98947,779.67554,1358.3771,1485.773,8.333333,1.6666666,2.3333333,4.0,4.6666665,38884.668,2352.3333,8236.333,16974.0,11322.0,3914.0,363.66666,272.33334,1798.0,1480.0,1514.3334,235.66667,476.0,529.3333,273.33334,78469.664,20473.0,20255.666,18563.666,19177.334,5428.3335,599.3333,748.3333,2327.3333,1753.3334,314.0,4.3333335,70.0,152.0,87.666664,19574.0,1152.3334,3810.3333,5067.6665,9543.667,28.666666,4.3333335,2.0,6.3333335,16.0,7.1491666,46.34815,98.297035,0
P008,2013-03-31 00:00:00-04:00,3365.3657,215.86086,471.33652,1204.0126,1474.1558,7.3333335,1.3333334,2.0,3.6666667,5.0,37294.668,2983.3333,5316.6665,15074.0,13920.667,3538.3333,137.0,163.33333,1587.6666,1650.3334,936.0,92.666664,151.0,571.0,121.333336,79338.0,20848.334,20756.334,18657.666,19075.666,4474.3335,229.66667,314.33334,2158.6667,1771.6666,387.33334,4.3333335,0.0,219.33333,163.66667,16281.333,920.6667,3088.0,2341.3333,9931.333,27.0,4.3333335,2.0,4.6666665,16.0,6.625926,58.28963,106.05259,1
P008,2013-04-01 00:00:00-04:00,3743.838,119.39355,605.2807,1655.1505,1364.0133,7.0,1.0,2.0,4.3333335,4.6666665,42250.668,4846.3335,4942.3335,17663.0,14799.0,3524.0,78.666664,234.66667,1932.3334,1278.3334,2145.3333,0.0,466.66666,1344.3334,334.33334,77736.336,20905.334,20256.0,17468.0,19107.0,5669.3335,78.666664,701.3333,3276.6667,1612.6666,393.33334,0.6666667,15.333333,194.0,183.33333,17012.0,1530.6666,3049.3333,3931.6667,8500.333,30.333334,5.6666665,2.3333333,7.3333335,15.0,6.6894445,58.668888,106.94,0
P008,2013-04-02 00:00:00-04:00,4411.906,514.89246,611.37115,1927.0144,1358.6276,7.0,1.3333334,2.0,4.6666665,4.0,54332.0,7537.0,8642.333,19278.0,18874.666,4096.6665,78.666664,234.66667,2268.0,1515.3334,2234.0,0.0,466.66666,1335.6666,431.66666,76502.664,20794.0,20147.0,17032.666,18529.0,6330.6665,78.666664,701.3333,3603.6667,1947.0,542.6667,3.3333333,15.333333,199.66667,324.33334,18392.334,825.6667,3069.6667,6119.6665,8377.333,33.666668,2.3333333,2.6666667,11.666667,17.0,5.5542593,65.30074,104.49037,0
P008,2013-04-03 00:00:00-04:00,4952.302,526.98553,938.077,2047.2675,1439.9719,6.3333335,1.3333334,3.0,4.3333335,3.6666667,53174.668,9186.667,10445.667,16651.334,16891.0,4895.6665,84.666664,450.66666,2275.3333,2085.0,3141.6667,0.0,581.6667,1577.3334,982.6667,74033.0,20678.0,19636.334,16671.666,17047.0,8037.3335,84.666664,1032.3334,3852.6667,3067.6667,872.0,8.0,83.333336,201.33333,579.3333,23505.666,667.3333,5910.3335,6797.3335,10130.667,35.333332,1.6666666,3.6666667,13.666667,16.333334,5.952037,55.336296,97.708145,0
P008,2013-04-04 00:00:00-04:00,3896.5503,500.7928,449.4487,1549.3335,1396.9752,5.6666665,1.3333334,2.0,4.0,3.6666667,54384.668,9753.333,9378.667,17073.334,18179.334,3935.0,6.0,222.0,1290.3334,2416.6667,1749.3334,0.0,115.0,873.0,761.3333,76343.664,20644.666,20232.666,18373.666,17092.666,5684.3335,6.0,337.0,2163.3333,3178.0,735.6667,17.666666,72.333336,79.666664,566.0,22821.666,151.33333,2921.6667,6260.0,13488.667,29.0,0.6666667,2.0,10.666667,15.666667,6.082778,55.601112,99.01889,0
P008,2013-04-05 00:00:00-04:00,4047.7642,139.67554,787.8158,1346.3091,1773.9637,6.0,1.0,3.0,4.0,4.0,51805.668,8726.0,11421.333,12289.333,19369.0,3955.0,6.0,595.3333,1196.6666,2157.0,2034.3334,0.0,277.33334,968.6667,788.3333,75030.0,20918.334,19665.334,18519.334,15927.0,5989.3335,6.0,872.6667,2165.3333,2945.3333,1054.3334,17.666666,388.33334,220.66667,427.66666,26232.0,1796.6666,6584.3335,5240.6665,12610.333,27.666666,3.0,4.3333335,7.3333335,13.0,4.891667,55.13,89.01889,0
P008,2013-04-06 00:00:00-04:00,60758.707,277.7057,29373.965,29517.648,1589.3871,6.3333335,1.3333334,3.0,3.6666667,4.0,54379.0,7775.0,13527.0,11724.333,21352.666,4496.3335,14.0,748.6667,1838.3334,1895.3334,1673.0,152.0,496.33334,507.0,517.6667,74814.664,21065.666,19189.666,17728.0,16831.334,6169.3335,166.0,1245.0,2345.3333,2413.0,2387.6667,19.0,813.0,1165.0,390.66666,29438.0,4479.6665,4789.3335,5338.6665,14830.333,27.0,3.6666667,5.0,7.3333335,11.0,4.065139,60.75,88.026665,0
P008,2013-04-07 00:00:00-04:00,60582.508,292.44238,29379.922,29150.148,1759.9943,5.6666665,1.3333334,3.0,2.6666667,4.0,51704.332,6058.3335,13819.333,10474.0,21352.666,4343.3335,14.0,826.3333,1565.6666,1937.3334,1967.0,152.0,496.33334,404.66666,914.0,75464.664,21407.666,19239.334,18319.334,16498.334,6310.3335,166.0,1322.6666,1970.3334,2851.3333,2717.6667,13.0,1025.3334,1296.0,383.33334,31061.0,5508.0,5522.6665,7147.0,12883.333,35.0,5.0,6.3333335,10.666667,13.0,5.381111,56.213333,94.01778,0
P008,2013-04-08 00:00:00-04:00,60102.883,272.9809,29360.916,29247.305,1221.6809,5.0,1.3333334,3.0,2.3333333,3.6666667,47257.0,4687.0,9375.333,13050.667,20144.0,4778.3335,14.0,613.0,1772.3334,2379.0,2085.6667,152.0,483.66666,413.33334,1036.6666,76873.0,21323.0,19742.666,18034.666,17772.666,6864.0,166.0,1096.6666,2185.6667,3415.6667,2424.3333,73.0,712.0,1316.6666,322.66666,28715.666,3936.3333,4752.3335,7346.3335,12680.667,38.333332,4.0,5.0,14.333333,15.0,6.4794445,54.43852,101.02963,0
P008,2013-04-09 00:00:00-04:00,2952.6377,282.22223,438.47122,1087.5475,1144.3969,5.6666665,1.3333334,2.0,3.3333333,4.0,46275.332,3603.0,7524.0,15004.333,20144.0,3780.0,0.0,243.66667,1451.3334,2085.0,1890.6666,160.0,149.66667,709.6667,871.3333,79379.664,21271.666,20866.0,18861.666,18380.334,5670.6665,160.0,393.33334,2161.0,2956.3333,812.3333,67.0,219.33333,434.33334,91.666664,23279.666,2565.0,3663.0,8532.667,8519.0,39.0,6.0,3.0,14.333333,15.666667,6.711389,54.565926,103.012596,0
P008,2013-04-10 00:00:00-04:00,4259.0513,508.35815,944.36615,1784.8647,1021.4624,7.6666665,2.0,3.0,4.6666665,4.3333335,39171.668,2503.3333,6825.0,13191.0,16652.334,4876.0,400.0,634.6667,1847.0,1994.3334,1847.6666,226.0,224.33333,854.3333,543.0,78019.664,20574.0,20501.0,18260.666,18684.0,6723.6665,626.0,859.0,2701.3333,2537.3333,712.3333,207.33333,18.333334,384.0,102.666664,22832.666,1738.6666,6104.3335,7293.6665,7696.0,38.666668,6.0,3.6666667,13.666667,15.333333,5.645278,56.56963,96.487404,1
P008,2013-04-11 00:00:00-04:00,3577.3193,509.04834,625.0202,1597.1134,846.1374,8.0,2.0,2.0,5.0,4.0,38853.668,5078.6665,7126.3335,11752.333,14896.333,3965.0,406.66666,474.66666,1497.0,1586.6666,1277.6666,226.0,74.666664,697.3333,279.66666,79014.664,20519.0,20716.0,18656.666,19123.0,5242.6665,632.6667,549.3333,2194.3333,1866.3334,807.6667,144.66667,15.666667,404.0,243.33333,22289.666,1651.3334,3312.3333,8645.333,8680.667,35.333332,4.6666665,3.3333333,12.666667,14.666667,5.3224072,63.474075,100.80889,0
P008,2013-04-12 00:00:00-04:00,3998.5312,871.54266,1098.651,1476.5741,551.7634,8.0,2.3333333,3.0,4.6666665,2.6666667,37579.668,5026.3335,6596.6665,11060.333,14896.333,3679.0,700.3333,478.0,1407.0,1093.6666,972.6667,145.0,287.33334,392.0,148.33333,79169.336,20215.666,20332.666,18951.0,19670.0,4651.6665,845.3333,765.3333,1799.0,1242.0,898.0,144.66667,95.666664,419.0,238.66667,24588.334,1838.6666,6099.0,6853.6665,9797.0,39.333332,8.666667,4.0,12.333333,14.333333,4.8899074,66.933334,100.80815,0
P008,2013-04-13 00:00:00-04:00,3166.2964,788.6518,595.47766,1124.8896,657.2772,6.6666665,2.0,2.0,4.6666665,2.3333333,42272.668,6062.3335,5098.6665,12723.667,18388.0,3026.3333,569.3333,3.3333333,1350.6666,1103.0,822.6667,85.333336,212.66667,381.33334,143.33333,79761.664,20465.334,20807.666,18919.666,19569.0,3849.0,654.6667,216.0,1732.0,1246.3334,745.6667,0.0,80.0,428.33334,237.33333,19049.666,2228.6667,2924.3333,5190.6665,8706.0,37.333332,7.3333335,2.0,14.0,14.0,5.224167,69.45111,106.0,0
P008,2013-04-14 00:00:00-04:00,2781.2842,780.3255,607.83435,779.3788,613.74567,5.3333335,2.0,2.0,3.3333333,2.3333333,41750.332,5253.3335,5111.0,14344.667,17041.334,2400.6667,746.6667,3.3333333,910.6667,740.0,880.6667,89.0,212.66667,276.0,303.0,79160.0,20173.0,20698.666,19291.666,18996.666,3281.3333,835.6667,216.0,1186.6666,1043.0,1533.6666,15.666667,82.666664,377.33334,1058.0,19880.334,3952.6667,2803.6667,3795.6667,9328.333,39.0,11.666667,1.0,13.333333,13.0,4.9877777,66.00963,100.667404,0
P008,2013-04-15 00:00:00-04:00,3295.0513,269.2291,254.34143,1202.3517,1569.129,5.6666665,1.3333334,1.3333334,3.6666667,4.0,44655.668,7682.3335,7059.3335,14930.667,14983.333,3352.6667,453.0,294.66666,1054.0,1551.0,1074.6666,10.0,6.3333335,240.0,818.3333,78153.336,20508.0,20642.334,19353.0,17650.0,4427.3335,463.0,301.0,1294.0,2369.3333,1525.6666,94.666664,84.333336,235.66667,1111.0,19960.334,6071.0,1550.3334,4087.6667,8251.333,33.666668,8.0,0.6666667,12.333333,12.666667,5.2146297,62.194817,98.667404,1
P008,2013-04-16 00:00:00-04:00,2864.293,100.51385,255.91829,1017.9278,1489.933,6.0,1.0,1.3333334,3.3333333,4.3333335,43925.332,5484.0,9686.667,13771.333,14983.333,3631.3333,184.0,303.33334,1646.6666,1497.3334,1084.0,3.6666667,6.3333335,105.666664,968.3333,77915.0,20824.0,20605.666,18884.0,17601.334,4715.3335,187.66667,309.66666,1752.3334,2465.6667,1650.6666,94.666664,153.0,288.33334,1114.6666,22379.666,5435.6665,1573.6666,5669.6665,9700.667,34.666668,8.333333,1.0,13.0,12.333333,5.9371295,55.081482,97.334076,0
P008,2013-04-17 00:00:00-04:00,3894.1194,103.07145,629.3202,1667.7817,1493.9459,7.0,1.0,2.3333333,4.3333335,4.3333335,53266.332,8038.3335,11474.0,14212.0,19542.0,4463.0,157.33333,527.0,2352.3333,1426.3334,1667.6666,80.666664,357.0,413.66666,816.3333,77452.664,20828.0,20034.334,17975.666,18614.666,6130.6665,238.0,884.0,2766.0,2242.6667,896.0,94.0,215.0,360.33334,226.66667,24215.0,3668.0,4376.6665,7443.6665,8726.667,35.333332,3.6666667,3.3333333,14.0,14.333333,6.3855557,51.16,97.0,0
P008,2013-04-18 00:00:00-04:00,3549.4207,232.14462,1117.053,1636.8528,563.3702,6.6666665,1.3333334,2.3333333,4.6666665,2.6666667,58481.668,8770.0,12130.0,15981.667,21600.0,4257.3335,465.66666,342.0,2711.6667,738.0,1927.0,148.33333,515.6667,962.0,301.0,77079.0,20350.334,19966.666,16968.0,19794.0,6184.3335,614.0,857.6667,3673.6667,1039.0,832.0,94.333336,224.0,369.33334,144.33333,23897.334,1045.6666,2977.3333,10558.333,9316.0,44.0,3.0,3.0,18.666666,19.333334,7.985,39.364445,98.0,1
P008,2013-04-19 00:00:00-04:00,4863.03,260.42517,1109.9104,2577.4172,915.2768,7.3333335,1.3333334,2.3333333,5.0,3.3333333,62668.0,13980.667,10767.0,18098.334,19822.0,3868.6667,539.6667,333.33334,2459.3333,536.3333,2762.6667,148.33333,515.6667,1702.3334,396.33334,76140.336,20084.0,19928.334,16470.666,19657.334,6631.3335,688.0,849.0,4161.6665,932.6667,966.6667,174.33333,165.66667,300.66666,326.0,24995.334,1818.0,3058.3333,10539.667,9579.333,44.666668,5.3333335,4.0,16.666666,18.666666,0.0,0.0,0.0,0
P008,2013-04-20 00:00:00-04:00,9666.0625,451.47015,717.29626,2041.5142,6455.7817,7.0,1.6666666,1.3333334,4.6666665,3.3333333,62305.0,14605.667,8194.667,19682.666,19822.0,3829.3333,406.33334,182.66667,1899.0,1341.3334,2194.0,211.66667,165.0,1410.6666,406.66666,76273.664,20091.0,20413.666,17320.334,18448.666,6023.3335,618.0,347.66666,3309.6667,1748.0,1151.0,170.33333,102.0,230.33333,648.3333,20669.334,1818.0,396.66666,8270.333,10184.333,43.666668,5.3333335,2.6666667,17.0,18.666666,7.172222,67.01778,119.15111,0
P008,2013-04-21 00:00:00-04:00,9462.472,491.54398,110.86417,1813.0724,7046.991,7.3333335,2.0,1.0,4.3333335,4.6666665,59434.0,16048.667,4895.0,19844.334,18646.0,3904.6667,482.66666,73.0,1447.3334,1901.6666,1846.6666,222.0,0.0,973.0,651.6667,76324.0,20017.666,20718.0,18158.0,17430.334,5751.3335,704.6667,73.0,2420.3333,2553.3333,1132.3334,94.333336,11.333333,221.0,805.6667,17769.0,1391.0,286.0,5963.0,10129.0,38.666668,6.0,2.6666667,13.666667,16.333334,6.472778,73.03778,119.575554,1
P008,2013-04-22 00:00:00-04:00,8792.755,473.56015,466.29214,1063.1056,6789.797,7.0,2.0,1.6666666,3.6666667,4.0,54907.332,14118.0,5901.3335,15775.0,19113.0,4000.6667,408.66666,248.0,882.0,2462.0,1339.6666,222.0,303.0,463.66666,351.0,76592.664,20126.0,20188.0,19056.666,17222.0,5340.3335,630.6667,551.0,1345.6666,2813.0,971.3333,16.0,6.3333335,307.66666,641.3333,21027.334,1281.0,2936.0,5523.3335,11287.0,42.0,6.6666665,3.6666667,12.666667,19.0,5.361759,64.248146,101.89778,0
P008,2013-04-23 00:00:00-04:00,4141.2744,431.27167,476.1669,1334.2516,1899.5845,8.333333,2.0,1.6666666,4.3333335,4.6666665,51240.332,12058.0,6973.6665,14385.0,17823.666,4232.6665,551.3333,175.0,1444.3334,2062.0,1384.3334,78.0,303.0,579.0,424.33334,76946.0,19892.0,20385.0,18711.666,17957.334,5617.0,629.3333,478.0,2023.3334,2486.3333,1019.6667,142.33333,137.66667,235.0,504.66666,21914.0,2424.0,2868.3333,6224.0,10397.667,41.666668,8.666667,3.3333333,11.0,18.666666,5.241852,62.824444,99.51482,0
P008,2013-04-24 00:00:00-04:00,4440.9185,291.19928,480.02673,1929.2596,1740.433,7.0,1.3333334,1.6666666,4.3333335,4.0,47538.332,7962.3335,5773.3335,14803.0,18999.666,4831.6665,174.33333,175.0,2704.3333,1778.0,1627.3334,0.0,303.0,1066.3334,258.0,77142.0,20559.334,20660.666,17223.334,18698.666,6459.0,174.33333,478.0,3770.6667,2036.0,1123.6666,207.0,137.66667,266.66666,512.3333,24385.334,2233.0,2828.0,7939.0,11385.333,41.666668,7.3333335,3.0,12.333333,19.0,6.3832407,58.34815,104.16963,1
P008,2013-04-25 00:00:00-04:00,4297.4893,379.7983,133.23694,1917.4818,1866.9723,7.3333335,2.0,1.0,5.0,4.3333335,54278.0,10754.0,5103.6665,19315.334,19105.0,5874.0,657.6667,0.0,2941.6667,2274.6667,1503.0,88.333336,0.0,995.0,419.66666,77198.336,20206.334,21317.666,17471.0,18203.334,7377.0,746.0,0.0,3936.6667,2694.3333,1449.3334,288.33334,276.0,187.33333,697.6667,22826.334,3200.6667,493.66666,8785.333,10346.667,46.666668,11.666667,2.3333333,14.0,18.666666,8.005,64.187775,122.98333,1
P008,2013-04-26 00:00:00-04:00,4115.7427,239.17392,587.9041,2223.3284,1065.3365,6.6666665,1.6666666,2.3333333,5.3333335,3.0,55997.332,9361.0,6252.0,19990.0,20394.334,6240.6665,491.66666,471.0,3410.3333,1867.6666,1883.6666,88.333336,310.66666,1226.3334,258.33334,77270.336,20860.666,20645.0,16747.334,19017.334,8124.3335,580.0,781.6667,4636.6665,2126.0,940.3333,152.66667,160.66667,196.0,431.0,23370.666,2558.6667,2921.0,9645.667,8245.333,50.333332,11.666667,4.3333335,14.666667,19.666666,7.6251388,60.226665,115.98333,1
P008,2013-04-27 00:00:00-04:00,2964.5857,287.42264,580.1403,1503.578,593.44476,7.0,2.3333333,2.3333333,5.3333335,2.3333333,62205.668,11533.333,11051.667,19226.334,20394.334,5285.0,827.3333,477.66666,2453.6667,1526.3334,1359.0,94.666664,310.66666,766.3333,187.33333,78458.336,20497.334,20448.666,17991.334,19521.0,6644.0,922.0,788.3333,3220.0,1713.6666,1105.0,151.66667,324.33334,334.33334,294.66666,20357.666,3680.6667,3045.0,8135.0,5497.0,55.333332,15.0,5.3333335,18.0,17.0,6.052778,54.824444,98.00222,0
P008,2013-04-28 00:00:00-04:00,2692.065,309.31677,578.5799,1640.0236,164.14474,6.0,2.0,2.3333333,5.3333335,1.0,59232.668,6459.0,11947.333,19226.334,21600.0,3584.6667,498.33334,543.6667,2141.0,401.66666,1161.0,67.0,310.66666,767.3333,16.0,79914.336,20892.334,20300.334,18125.334,20596.334,4745.6665,565.3333,854.3333,2908.3333,417.66666,902.3333,71.0,357.0,261.0,213.33333,19221.666,2689.6667,2951.0,7455.0,6126.0,47.333332,10.0,5.3333335,18.0,14.0,6.2040277,56.614445,101.00222,0
P008,2013-04-29 00:00:00-04:00,3754.105,1258.4998,234.96602,1723.9525,536.6866,6.3333335,3.0,1.3333334,4.6666665,1.6666666,59924.0,6744.0,11638.333,19941.666,21600.0,4025.3333,675.3333,235.66667,2026.6666,1087.6666,727.3333,131.33333,67.0,348.33334,180.66667,79657.664,20645.0,20871.0,18515.334,19626.334,4752.6665,806.6667,302.66666,2375.0,1268.3334,1193.6666,78.0,343.33334,418.33334,354.0,23770.334,5120.6665,1808.0,5910.6665,10931.0,47.666668,13.0,3.3333333,18.666666,12.666667,5.3722224,59.61222,97.34556,0
P008,2013-04-30 00:00:00-04:00,4348.5674,1365.9366,226.02724,1632.1503,1124.4534,6.3333335,3.0,1.3333334,4.3333335,2.6666667,57612.0,8827.667,9501.667,19068.666,20214.0,4798.6665,1176.3334,475.66666,1712.6666,1434.0,1167.6666,285.0,67.0,414.0,401.66666,77844.0,19796.334,20512.334,18512.666,19022.666,5966.3335,1461.3334,542.6667,2126.6667,1835.6666,1921.3334,293.33334,487.66666,704.6667,435.66666,28749.0,7459.3335,2803.6667,6428.0,12058.0,46.333332,15.0,4.3333335,16.0,11.0,5.3722224,59.61222,97.34556,1
P008,2013-05-01 00:00:00-04:00,5135.3184,1518.089,352.02823,1626.7942,1638.4069,7.0,3.6666667,1.6666666,3.6666667,3.6666667,57583.332,11535.0,9713.667,17342.334,18992.334,7626.0,1435.3334,587.3333,2769.0,2834.3333,1217.0,300.0,88.0,338.33334,490.66666,75300.0,19556.334,20332.334,17714.666,17696.666,8843.0,1735.3334,675.3333,3107.3333,3325.0,2236.3333,303.33334,585.6667,773.0,574.3333,30585.334,7778.0,4670.0,6042.6665,12094.667,49.0,15.0,5.3333335,15.666667,13.0,4.071944,66.01444,93.34556,0
P008,2013-05-02 00:00:00-04:00,3927.3743,569.9175,251.74722,1431.3014,1674.4082,7.0,2.6666667,1.3333334,4.0,4.3333335,59697.332,14488.333,8874.333,17342.334,18992.334,6326.6665,1334.0,424.33334,2015.6666,2552.6667,1074.6666,235.66667,21.0,330.66666,487.33334,76651.336,19567.334,20272.666,18707.0,18104.334,7401.3335,1569.6666,445.33334,2346.3333,3040.0,2327.3333,457.66666,876.0,541.6667,452.0,28579.666,6876.0,5513.0,6252.6665,9938.0,49.0,14.0,6.0,15.666667,13.333333,5.106111,68.39778,104.00222,0
P008,2013-05-03 00:00:00-04:00,4332.9883,366.53442,756.8143,1928.7373,1280.9022,7.3333335,2.0,2.3333333,4.0,4.0,57931.668,10569.333,10800.0,16184.0,20378.334,6557.6665,552.6667,703.0,2448.0,2854.0,961.6667,75.666664,21.0,153.66667,711.3333,77401.0,20785.334,20283.334,18872.666,17459.666,7519.3335,628.3333,724.0,2601.6667,3565.3333,1395.0,180.66667,572.3333,98.666664,543.3333,28601.666,3169.3333,6305.6665,6264.0,12862.667,43.666668,8.0,5.6666665,15.0,15.0,5.1483335,63.40296,99.345184,0
P008,2013-05-04 00:00:00-04:00,4840.6167,257.00247,644.60236,2237.6592,1701.3524,7.3333335,1.3333334,2.0,4.3333335,5.0,65225.0,14055.667,14188.333,17910.334,19070.666,4766.0,598.3333,525.3333,1962.3334,1680.0,1141.6666,66.0,0.0,145.0,930.6667,78436.0,20572.334,20720.666,18871.0,18272.0,5907.6665,664.3333,525.3333,2107.3333,2610.6667,1275.3334,317.66666,298.0,313.0,346.66666,26427.666,3000.3333,4137.0,6438.0,12852.333,40.0,7.0,3.3333333,15.666667,14.0,5.845139,59.5,101.01667,0
P008,2013-05-05 00:00:00-04:00,5128.0874,360.3557,775.4373,2034.4349,1957.8593,7.0,1.6666666,2.0,4.0,5.0,59470.332,11887.667,11788.667,16723.334,19070.666,6395.6665,793.3333,525.3333,2568.6667,2508.3333,1375.6666,66.0,0.0,387.66666,922.0,76358.664,20345.0,20899.666,17767.334,17346.666,7771.3335,859.3333,525.3333,2956.3333,3430.3333,941.0,158.0,4.3333335,451.66666,327.0,23252.0,1057.6666,1936.0,6899.3335,13359.0,34.0,3.6666667,2.0,14.333333,14.0,7.618889,57.265556,112.97222,1
P008,2013-05-06 00:00:00-04:00,5533.792,502.5114,630.2782,2210.23,2190.7722,7.6666665,2.3333333,2.3333333,5.0,5.6666665,58675.0,11510.333,10774.667,20008.666,16381.333,7151.0,900.6667,104.666664,3071.6667,3074.0,1306.3334,66.0,207.0,419.33334,614.0,74968.336,20108.0,20850.334,16906.0,17104.0,8457.333,966.6667,311.66666,3491.0,3688.0,1128.6666,155.33333,142.0,650.0,181.33333,19736.0,1393.6666,1691.6666,5950.6665,10700.0,38.666668,4.3333335,2.3333333,15.666667,16.333334,7.744861,60.243332,116.95778,0
P008,2013-05-07 00:00:00-04:00,4659.558,501.47064,655.15625,1853.0056,1649.9258,7.6666665,2.6666667,2.3333333,5.3333335,5.0,46764.668,4528.0,6874.6665,17977.334,17384.666,7666.6665,669.3333,182.33333,2879.6667,3935.3333,1068.6666,65.0,207.0,411.66666,385.0,74800.0,20334.334,20554.666,17463.666,16447.334,8735.333,734.3333,389.33334,3291.3333,4320.3335,926.3333,17.333334,209.33333,369.33334,330.33334,19124.666,1028.0,2070.6667,7150.6665,8875.333,41.333332,4.3333335,4.3333335,16.666666,16.0,7.2699075,60.39037,113.30518,0
P008,2013-05-08 00:00:00-04:00,4514.656,437.36078,722.8264,1882.0897,1472.379,7.3333335,2.3333333,3.0,5.3333335,4.6666665,42559.332,1935.6666,10925.667,14678.667,15019.333,6857.6665,549.0,356.0,2607.6667,3345.0,1154.3334,70.333336,221.66667,549.0,313.33334,74270.0,20415.666,19778.334,17181.666,16894.334,8012.0,619.3333,577.6667,3156.6667,3658.3333,1751.3334,14.0,673.3333,653.3333,410.66666,22677.334,2099.0,4267.0,8464.0,7847.3335,46.0,7.3333335,8.0,16.0,14.666667,5.677778,59.394073,99.57185,0
P008,2013-05-09 00:00:00-04:00,4271.866,544.2459,436.57404,1758.677,1532.3693,6.6666665,2.3333333,1.6666666,5.0,4.0,38859.332,1152.6666,9761.333,13200.667,14744.667,5361.3335,794.0,255.0,1777.0,2535.3333,1293.6666,145.66667,14.666667,870.0,263.33334,75252.0,19884.0,20025.0,17709.0,17634.0,6655.0,939.6667,269.66666,2647.0,2798.6667,1611.3334,91.666664,608.6667,509.0,402.0,26186.334,1783.3334,2962.6667,10331.0,11109.333,46.333332,6.0,7.0,19.0,14.333333,6.1878705,56.468147,100.72667,0
P008,2013-05-10 00:00:00-04:00,4966.9526,625.87994,582.1033,1920.9193,1838.0503,7.6666665,2.6666667,2.3333333,5.3333335,4.6666665,38756.332,4889.0,9602.667,11850.667,12414.0,5917.0,840.6667,198.33333,2244.0,2634.0,2115.6667,147.0,170.33333,1060.0,738.3333,73659.0,19721.334,19790.666,16960.0,17187.0,8032.6665,987.6667,368.66666,3304.0,3372.3333,1424.6666,95.666664,639.3333,507.66666,182.0,28796.334,2214.0,4358.0,8695.0,13529.333,45.666668,6.6666665,6.3333335,17.0,15.666667,6.1218057,54.36,98.09,0
P008,2013-05-11 00:00:00-04:00,4838.6064,619.4254,426.35867,2029.479,1763.3436,7.3333335,2.6666667,1.6666666,5.3333335,4.3333335,43557.0,4693.0,8210.333,15874.333,14779.333,5273.3335,689.6667,394.33334,2054.6667,2134.6667,1973.6666,141.66667,155.66667,837.6667,838.6667,75655.336,19829.666,20041.0,18028.666,17756.0,7247.0,831.3333,550.0,2892.3333,2973.3333,910.0,95.666664,446.66666,99.0,268.66666,23932.334,1102.6666,4077.6667,7768.3335,10983.667,42.0,3.3333333,4.0,19.0,15.666667,6.588333,41.523335,88.98556,0
P008,2013-05-12 00:00:00-04:00,4239.579,724.3686,461.4198,1291.9148,1761.876,8.0,3.0,1.6666666,4.3333335,5.0,51620.0,9982.667,7484.0,17537.334,16616.0,5365.3335,461.66666,390.66666,2033.3334,2479.6667,1906.0,499.0,155.66667,422.66666,828.6667,76951.664,20049.0,20386.666,18797.666,17718.334,7271.3335,960.6667,546.3333,2456.0,3308.3333,687.3333,15.333333,371.0,41.333332,259.66666,23904.334,4180.3335,3808.6667,8614.667,7300.6665,45.0,8.666667,3.6666667,17.333334,15.333333,4.4758334,56.803333,87.365555,0
P008,2013-05-15 00:00:00-04:00,3532.557,709.6845,1046.9612,794.65625,981.25494,8.0,2.6666667,2.6666667,3.0,3.3333333,41853.0,3849.0,5824.6665,11547.333,20632.0,5591.6665,729.3333,1035.6666,1216.3334,2610.3333,780.3333,147.66667,178.33333,192.33333,262.0,79075.664,20647.334,20078.0,19995.334,18355.0,6372.0,877.0,1214.0,1408.6666,2872.3333,902.3333,72.333336,302.0,177.0,351.0,25259.0,3741.3333,3989.6667,7199.3335,10328.667,37.0,7.6666665,7.3333335,11.333333,10.666667,4.840833,44.465187,77.94741,0
P008,2013-05-16 00:00:00-04:00,3671.1907,655.5923,918.9828,796.83887,1299.7766,7.6666665,2.6666667,2.3333333,3.0,4.0,43658.668,4779.6665,3729.6667,16264.333,18885.0,6131.3335,729.3333,1017.0,1278.6666,3106.3333,770.6667,147.66667,95.333336,28.666666,499.0,76993.664,20617.334,20120.666,18937.334,17318.334,6902.0,877.0,1112.3334,1307.3334,3605.3333,796.3333,72.333336,281.33334,76.333336,366.33334,26363.0,4647.3335,2604.6667,5983.3335,13127.667,43.0,9.333333,5.0,13.0,15.666667,5.4775,49.372593,87.94815,0
P008,2013-05-18 00:00:00-04:00,3130.5215,243.9745,341.9543,1596.5732,948.0195,5.6666665,1.3333334,1.3333334,5.0,3.0,31572.0,9015.667,3020.6667,12269.333,7266.3335,3325.3333,302.0,154.66667,2093.3333,775.3333,1564.3334,156.66667,7.0,608.0,792.6667,76830.664,19978.334,20712.334,17097.666,19042.334,4889.6665,458.66666,161.66667,2701.3333,1568.0,1088.6666,477.66666,132.33333,129.66667,349.0,16449.666,2511.6667,2010.6666,4754.3335,7173.0,46.666668,9.0,3.0,14.333333,20.333334,5.568333,63.68074,102.98296,0
P008,2013-05-19 00:00:00-04:00,3816.861,376.2553,350.34094,2175.798,914.4668,6.6666665,1.6666666,1.3333334,5.6666665,3.3333333,29689.0,10260.667,2721.0,11274.0,5433.3335,3520.3333,535.0,154.66667,1999.0,831.6667,1509.0,180.0,7.0,758.6667,563.3333,78478.0,19690.0,20917.666,18347.666,19522.666,5029.3335,715.0,161.66667,2757.6667,1395.0,958.3333,540.3333,5.3333335,82.666664,330.0,17652.334,1996.6666,1839.3334,6007.3335,7809.0,46.666668,10.333333,2.3333333,12.666667,21.333334,5.9885187,63.197037,105.86074,0
P008,2013-05-20 00:00:00-04:00,4222.774,567.64526,274.00693,1711.6698,1669.4519,6.0,2.0,1.0,4.6666665,4.3333335,34292.332,10837.0,953.0,11274.0,11228.333,3653.0,732.3333,2.0,1346.0,1572.6666,1145.0,104.333336,0.0,538.3333,502.33334,80266.0,19959.0,21325.334,19628.666,19353.0,4798.0,836.6667,2.0,1884.3334,2075.0,487.0,302.0,2.6666667,17.0,165.33333,17222.0,2517.0,0.0,5089.0,9616.0,44.0,13.0,0.0,10.333333,20.666666,5.913889,61.953335,104.02,0
P008,2013-05-21 00:00:00-04:00,4755.313,913.1909,551.1361,1631.7076,1659.2784,7.3333335,2.3333333,1.6666666,4.3333335,4.3333335,42751.0,8098.6665,3284.0,17260.666,14107.667,5275.0,909.0,622.6667,1293.3334,2450.0,439.66666,23.333334,0.0,232.33333,184.0,79369.0,19963.0,20786.666,19829.666,18789.666,5714.6665,932.3333,622.6667,1525.6666,2634.0,1065.0,556.6667,99.666664,239.0,169.66667,23862.666,2624.6667,859.3333,7722.0,12656.667,50.333332,12.333333,1.6666666,14.333333,22.0,5.500926,53.88222,92.64519,0
P008,2013-05-22 00:00:00-04:00,4267.1484,798.95294,723.6012,837.26636,1907.3281,6.6666665,2.0,2.6666667,3.0,5.0,49168.332,11888.333,6284.0,13034.667,17961.334,5334.6665,676.0,867.3333,1155.0,2636.3333,579.6667,0.0,68.666664,143.66667,367.33334,78190.336,20223.334,20317.334,19536.334,18113.334,5914.3335,676.0,936.0,1298.6666,3003.6667,1743.0,495.66666,181.66667,676.6667,389.0,26757.0,5382.6665,2578.3333,5070.0,13726.0,47.333332,10.333333,3.3333333,11.333333,22.333334,4.117361,43.955555,71.65,0
P008,2013-05-23 00:00:00-04:00,3284.5095,629.15533,650.4448,1030.4877,974.42163,6.6666665,1.6666666,2.6666667,3.6666667,3.6666667,50159.0,13293.667,6106.3335,16378.667,14380.333,4988.6665,474.66666,946.0,1478.0,2090.0,719.6667,0.0,68.666664,310.66666,340.33334,77714.664,20544.0,19891.666,18751.0,18528.0,5708.3335,474.66666,1014.6667,1788.6666,2430.3333,1889.3334,427.0,404.66666,750.3333,307.33334,30060.334,8062.3335,2870.6667,7014.0,12113.333,46.0,8.666667,4.0,14.666667,18.666666,5.6316667,59.19889,99.007774,0
P008,2013-05-24 00:00:00-04:00,2902.5352,165.15619,807.5911,1167.4581,762.32965,5.6666665,1.0,2.6666667,4.0,3.0,47560.0,15078.0,5185.0,13448.333,13848.667,3260.6667,86.666664,501.0,1467.3334,1205.6666,816.0,0.0,68.666664,479.0,268.33334,78343.664,20353.666,20182.0,18553.666,19254.334,4076.6667,86.666664,569.6667,1946.3334,1474.0,1832.3334,767.3333,307.66666,524.0,233.33333,27888.0,8756.667,3329.0,7939.6665,7862.6665,35.333332,9.666667,3.3333333,10.666667,11.666667,5.477083,79.43,118.00222,0
P008,2013-05-27 00:00:00-04:00,2260.5542,199.00272,223.30869,483.0078,1355.235,5.5,1.0,1.0,2.0,5.0,47102.0,17669.0,5147.5,11053.5,13232.0,2935.5,208.0,197.5,712.5,1817.5,720.5,0.0,0.0,133.0,587.5,78962.0,20534.0,19890.0,20134.0,18404.0,3656.0,208.0,197.5,845.5,2405.0,1156.5,122.5,772.5,17.5,244.0,33963.5,11169.5,2727.5,8472.5,11594.0,51.5,18.0,2.0,15.0,16.5,2.4866667,81.69666,96.34556,0
P009,2013-03-28 00:00:00-04:00,4326.8574,162.62,1054.0416,1438.3113,1671.8846,6.5,1.5,3.0,4.5,3.0,24376.5,0.0,8376.5,9393.5,6606.5,4094.0,0.0,855.5,1310.0,1928.5,354.0,0.0,188.0,51.0,115.0,76276.0,20801.0,18410.5,18503.0,18561.5,4448.0,0.0,1043.5,1361.0,2043.5,2028.0,0.0,532.0,1142.0,354.0,27226.5,0.0,2359.0,12979.5,11888.0,34.5,0.0,6.0,16.0,12.5,6.5,28.85111,106.39555,1
P009,2013-03-29 00:00:00-04:00,8340.773,167.25359,1101.6449,5772.3896,1299.4851,6.6666665,1.3333334,3.3333333,4.6666665,2.6666667,26810.334,10.333333,8574.333,8696.333,9529.333,6092.3335,0.0,1124.6666,2997.0,1970.6666,634.0,0.0,125.333336,204.0,304.66666,74213.664,20825.0,18609.334,16686.0,18093.334,6726.3335,0.0,1250.0,3201.0,2275.3333,1862.3334,5.0,378.33334,1005.0,474.0,27164.0,0.0,3213.6667,13088.667,10861.667,32.666668,0.0,4.6666665,16.0,12.0,6.5,28.85111,106.39555,0
P010,2013-03-29 00:00:00-04:00,996.25903,0.0,557.9058,375.2734,63.079765,1.6666666,0.0,1.0,0.6666667,0.33333334,31718.0,2.3333333,10205.667,14080.333,7429.6665,3309.3333,0.0,1637.6666,1671.6666,0.0,20.333334,0.0,1.6666666,18.666666,0.0,80367.336,21149.666,19024.334,19170.0,21023.334,3329.6667,0.0,1639.3334,1690.3334,0.0,791.3333,0.0,475.33334,235.66667,80.333336,23553.666,426.33334,6371.3335,9755.0,7001.0,39.0,3.3333333,6.3333335,16.0,13.333333,5.845278,36.52667,99.68445,0
P010,2013-03-30 00:00:00-04:00,1496.6116,70.692245,669.7512,416.43253,339.73557,3.0,0.33333334,1.6666666,1.3333334,1.6666666,29826.666,4.6666665,7748.3335,15153.667,6920.0,2647.0,0.0,1219.6666,1175.3334,252.0,0.6666667,0.0,0.0,0.6666667,0.0,80303.336,21057.0,19235.334,19533.666,20477.334,2647.6667,0.0,1219.6666,1176.0,252.0,1010.0,0.0,536.3333,231.66667,242.0,19479.666,325.66666,4925.3335,6436.3335,7792.3335,31.333334,2.6666667,6.3333335,11.666667,10.666667,0.0,0.0,0.0,1
P010,2013-03-31 00:00:00-04:00,2203.5432,122.087616,1007.1587,691.37305,382.9239,4.3333335,0.6666667,2.3333333,2.3333333,2.0,23324.0,6.3333335,7361.6665,10213.0,5743.0,2504.0,0.0,1198.3334,869.6667,436.0,0.6666667,0.0,0.0,0.6666667,0.0,79958.664,20932.666,19150.334,19771.0,20104.666,2504.6667,0.0,1198.3334,870.3333,436.0,971.6667,0.0,503.0,162.33333,306.33334,12272.667,369.33334,2615.3333,2877.0,6411.0,21.666666,3.0,6.3333335,7.3333335,5.0,7.421389,24.373333,100.14,1
P010,2013-04-01 00:00:00-04:00,3196.2012,155.10178,1534.2589,948.7176,558.12286,5.6666665,1.0,3.3333333,3.0,2.3333333,18680.666,15.333333,7348.3335,7279.3335,4037.6667,2835.0,0.0,1234.3334,914.0,686.6667,65.666664,0.0,63.0,0.0,2.6666667,79464.0,20808.334,19205.0,19684.0,19766.666,2900.6667,0.0,1297.3334,914.0,689.3333,567.3333,5.0,226.0,89.333336,247.0,10081.333,127.333336,2494.6667,4264.3335,3195.0,29.333334,1.0,5.6666665,13.0,9.666667,7.421389,24.373333,100.14,1
P010,2013-04-02 00:00:00-04:00,3066.4568,146.53703,1779.526,698.6145,441.77942,5.3333335,1.0,3.6666667,2.0,1.6666666,23641.334,693.3333,11135.667,4428.3335,7384.0,2954.6667,0.0,1619.6666,579.6667,755.3333,65.666664,0.0,63.0,0.0,2.6666667,79295.664,20683.666,18805.666,19960.666,19845.666,3020.3333,0.0,1682.6666,579.6667,758.0,487.0,5.0,168.66667,82.0,231.33333,16804.334,490.0,4065.0,8723.0,3526.3333,38.0,2.0,4.6666665,15.333333,16.0,6.666389,30.454445,100.181114,0
P010,2013-04-03 00:00:00-04:00,3256.885,162.52406,1795.1805,739.8109,559.3694,5.3333335,1.0,4.0,2.0,2.0,19727.334,693.0,8417.333,4366.3335,6250.6665,3402.3333,0.0,1826.3334,686.6667,889.3333,69.0,0.0,66.333336,0.0,2.6666667,79567.336,20848.334,18911.666,19859.334,19948.0,3471.3333,0.0,1892.6666,686.6667,892.0,443.0,5.0,24.0,250.66667,163.33333,24105.334,446.33334,5262.3335,12698.333,5698.3335,40.333332,1.6666666,3.3333333,17.0,18.333334,5.911389,36.535557,100.22222,1
P010,2013-04-04 00:00:00-04:00,3339.6365,190.22733,1659.6814,1108.2565,381.47134,5.3333335,1.0,4.0,2.6666667,1.6666666,24618.0,825.3333,9819.0,8491.333,5482.3335,3529.3333,5.0,1741.0,1144.6666,638.6667,7.6666665,0.0,3.3333333,4.3333335,0.0,79959.336,21010.0,19223.334,19358.334,20367.666,3537.0,5.0,1744.3334,1149.0,638.6667,619.3333,0.0,23.666666,443.0,152.66667,24363.666,591.0,6337.3335,11900.0,5535.3335,37.0,2.0,5.0,11.666667,18.333334,5.4609723,40.055557,100.138885,0
P010,2013-04-05 00:00:00-04:00,3440.5032,227.73239,1662.2101,1209.9968,340.56393,6.3333335,1.0,4.0,3.6666667,1.6666666,20060.334,689.0,7514.3335,8470.0,3387.0,3489.3333,5.0,1653.3334,1272.6666,558.3333,7.6666665,0.0,3.3333333,4.3333335,0.0,80389.664,21172.666,19281.334,19389.666,20546.0,3497.0,5.0,1656.6666,1277.0,558.3333,693.0,0.0,222.66667,454.33334,16.0,22103.334,362.66666,6411.3335,10291.667,5037.6665,37.0,1.6666666,5.6666665,14.333333,15.333333,5.4779167,39.918888,100.13778,0
P010,2013-04-06 00:00:00-04:00,3391.324,227.33672,1690.8676,1004.7707,468.3491,7.0,1.0,3.6666667,3.3333333,2.0,23660.666,1507.3334,6648.3335,10233.333,5271.6665,3415.6667,5.0,1354.3334,1406.6666,649.6667,68.666664,0.0,0.0,68.666664,0.0,79967.336,21094.0,19508.0,19280.0,20085.334,3484.3333,5.0,1354.3334,1475.3334,649.6667,806.6667,0.0,216.66667,287.33334,302.66666,17165.666,463.66666,5140.3335,8120.6665,3441.0,38.666668,2.3333333,6.3333335,19.0,11.0,5.4779167,39.918888,100.13778,1
P010,2013-04-07 00:00:00-04:00,3351.1711,241.91772,1707.0618,517.35693,884.83466,7.3333335,1.0,3.3333333,2.6666667,3.0,20572.0,1614.6666,4757.0,6362.0,7838.3335,3359.6667,0.0,1191.6666,1024.0,1144.0,69.666664,0.0,0.0,69.666664,0.0,79832.336,21015.0,19590.334,19775.0,19452.0,3429.3333,0.0,1191.6666,1093.6666,1144.0,648.6667,0.0,209.0,94.666664,345.0,14375.0,235.33333,3771.0,6355.6665,4013.0,35.0,1.3333334,8.666667,18.333334,6.6666665,5.9452777,36.262222,100.22,0
P010,2013-04-08 00:00:00-04:00,3926.3809,209.84709,1715.1525,704.38873,1296.9924,8.0,1.0,3.6666667,3.6666667,4.0,22872.334,1077.3334,5769.3335,7212.3335,8813.333,3726.0,0.0,1265.6666,1292.0,1168.3334,232.33333,0.0,0.0,69.666664,162.66667,79043.664,20921.334,19541.666,19411.334,19169.334,3958.3333,0.0,1265.6666,1361.6666,1331.0,526.0,0.0,89.666664,95.0,341.33334,12718.667,101.0,3232.6667,4753.0,4632.0,31.333334,0.6666667,8.333333,13.333333,9.0,6.166389,33.8,99.526665,1
P010,2013-04-09 00:00:00-04:00,3883.997,195.91324,1738.2737,756.9333,1192.877,7.6666665,1.0,4.0,3.6666667,4.0,27437.0,257.66666,9455.0,9943.667,7780.6665,3753.0,0.0,1573.6666,1170.6666,1008.6667,168.0,0.0,0.0,5.3333335,162.66667,79444.336,20789.666,19245.666,19645.334,19763.666,3921.0,0.0,1573.6666,1176.0,1171.3334,601.6667,0.0,223.33333,258.0,120.333336,15101.667,0.0,4913.6665,5106.0,5082.0,34.666668,0.0,8.666667,10.333333,15.666667,6.3331943,32.434444,99.49555,1
P010,2013-04-10 00:00:00-04:00,4065.8938,180.04445,1816.8694,1090.9204,978.0597,8.0,1.0,4.3333335,4.6666665,3.3333333,26198.666,6.6666665,9846.0,9849.333,6496.6665,3477.0,0.0,1733.3334,1078.0,665.6667,454.66666,0.0,0.0,138.33333,316.33334,80152.664,21018.0,19105.0,19845.334,20184.334,3931.6667,0.0,1733.3334,1216.3334,982.0,838.6667,0.0,432.33334,261.33334,145.0,17910.666,0.0,5288.3335,7827.6665,4794.6665,43.333332,0.0,5.0,15.0,23.333334,6.595463,31.044445,100.203705,0
P010,2013-04-11 00:00:00-04:00,3359.9314,179.08223,1495.6511,1068.9934,616.20465,6.3333335,1.0,4.0,3.3333333,2.3333333,30869.666,78.333336,11173.333,14116.0,5502.0,3465.6667,0.0,1724.6666,1012.0,729.0,373.0,0.0,0.0,219.33333,153.66667,81105.336,21272.0,19296.666,20108.666,20428.0,3838.6667,0.0,1724.6666,1231.3334,882.6667,1031.6666,0.0,506.0,253.0,272.66666,19883.334,0.0,7096.3335,8795.667,3991.3333,42.666668,0.0,5.0,18.333334,19.333334,6.81,29.666666,100.54222,1
P010,2013-04-12 00:00:00-04:00,3539.6233,165.63148,1574.9532,1117.6378,681.4007,6.3333335,1.0,4.0,4.0,2.0,27699.334,79.333336,9849.0,11511.0,6260.0,3642.6667,0.0,1628.3334,1301.6666,712.6667,454.33334,0.0,81.333336,219.33333,153.66667,81220.664,21581.334,19415.666,19813.334,20410.334,4097.0,0.0,1709.6666,1521.0,866.3333,764.6667,0.0,389.0,164.33333,211.33333,17646.334,0.0,6572.0,7906.3335,3168.0,34.666668,0.0,4.3333335,13.333333,17.0,7.12,28.264444,101.62,0
P010,2013-04-13 00:00:00-04:00,3199.425,142.50473,1466.4447,1124.9806,465.4951,5.6666665,1.0,3.6666667,3.6666667,1.6666666,37327.0,7279.3335,10787.333,14790.333,4470.0,3559.6667,0.0,1484.6666,1513.6666,561.3333,162.33333,0.0,81.333336,81.0,0.0,81292.0,21490.666,19548.0,19574.0,20679.334,3722.0,0.0,1566.0,1594.6666,561.3333,690.3333,0.0,315.66666,230.33333,144.33333,13070.667,0.0,5428.6665,5490.6665,2151.3333,28.666666,0.0,7.6666665,10.0,11.0,0.0,0.0,0.0,0
P010,2013-04-14 00:00:00-04:00,3192.0415,114.46445,1636.3733,847.33655,593.8671,6.0,1.0,3.6666667,3.3333333,2.0,27660.0,7206.0,9178.333,7612.0,3663.6667,3091.0,0.0,1262.0,1359.6666,469.33334,81.333336,0.0,81.333336,0.0,0.0,81463.336,21382.0,19750.0,19622.666,20708.666,3172.3333,0.0,1343.3334,1359.6666,469.33334,605.3333,0.0,223.33333,296.0,86.0,9149.333,0.0,2343.6667,4415.6665,2390.0,33.0,0.0,7.3333335,9.666667,16.0,0.0,0.0,0.0,0
P010,2013-04-15 00:00:00-04:00,2885.5884,128.81071,1515.6401,826.72345,414.41412,6.0,1.0,4.0,3.0,2.0,28319.334,7205.0,10114.333,7278.0,3722.0,2894.3333,0.0,1460.6666,1038.0,395.66666,0.0,0.0,0.0,0.0,0.0,81558.336,21264.334,19564.666,20017.666,20711.666,2894.3333,0.0,1460.6666,1038.0,395.66666,581.6667,0.0,215.33333,216.66667,149.66667,12385.667,0.0,2653.0,5783.0,3949.6667,39.0,0.0,7.6666665,13.333333,18.0,0.0,0.0,0.0,0
P010,2013-04-16 00:00:00-04:00,3093.9336,148.3861,1571.8103,506.71594,867.02124,6.3333335,1.0,4.3333335,2.3333333,3.0,26026.334,298.66666,7709.6665,7193.0,10825.0,3283.3333,0.0,1625.3334,701.6667,956.3333,142.0,0.0,54.333332,87.666664,0.0,80851.664,21250.334,19425.666,20078.666,20097.0,3425.3333,0.0,1679.6666,789.3333,956.3333,648.3333,0.0,109.0,373.33334,166.0,18867.334,0.0,4529.0,8523.0,5815.3335,37.666668,0.0,6.0,15.666667,16.0,6.658889,33.95778,103.62444,0
P010,2013-04-17 00:00:00-04:00,4304.9453,152.37405,1726.112,1211.9546,1214.5044,6.6666665,1.0,4.3333335,3.3333333,3.3333333,42781.668,7493.6665,11409.667,12532.667,11345.667,3952.3333,0.0,1786.0,975.6667,1190.6666,910.3333,0.0,54.333332,545.3333,310.66666,79372.664,21225.0,19306.334,19314.0,19527.334,4862.6665,0.0,1840.3334,1521.0,1501.3334,589.3333,0.0,43.333332,382.66666,163.33333,21349.334,0.0,6182.3335,10061.333,5105.6665,31.0,0.0,6.6666665,15.0,9.333333,6.658889,33.95778,103.62444,0
P010,2013-04-18 00:00:00-04:00,4315.1255,131.2903,1537.3989,1219.1113,1427.325,6.3333335,1.0,4.0,3.0,3.6666667,50225.332,7493.6665,11788.0,14445.0,16498.666,3426.6667,0.0,1335.3334,975.3333,1116.0,1211.0,0.0,227.66667,545.3333,438.0,79356.336,21210.666,19537.0,19123.666,19485.0,4637.6665,0.0,1563.0,1520.6666,1554.0,696.3333,0.0,91.666664,516.0,88.666664,19513.0,0.0,6551.6665,9422.0,3539.3333,28.333334,0.0,7.3333335,14.333333,6.6666665,6.658889,33.95778,103.62444,1
P010,2013-04-19 00:00:00-04:00,4648.7188,123.20316,1622.3026,1642.6749,1260.5378,6.6666665,1.0,4.0,4.6666665,3.3333333,59579.332,14400.0,16253.333,12427.333,16498.666,3678.0,0.0,1444.0,1356.6666,877.3333,1306.6666,0.0,173.33333,614.0,519.3333,78781.336,21151.0,19441.334,18602.0,19587.0,4984.6665,0.0,1617.3334,1970.6666,1396.6666,678.3333,0.0,74.333336,522.6667,81.333336,19067.334,0.0,6610.3335,8658.667,3798.3333,29.333334,0.0,6.3333335,11.333333,11.666667,0.0,0.0,0.0,0
P010,2013-04-20 00:00:00-04:00,3272.7808,111.95792,1517.6752,984.91754,658.23004,6.3333335,1.0,4.0,4.3333335,2.3333333,47191.0,8103.0,10976.333,13683.0,14428.667,2861.3333,2.6666667,1089.0,1362.6666,407.0,727.6667,0.0,261.33334,257.66666,208.66667,79957.0,21085.666,19576.334,18928.334,20366.666,3589.0,2.6666667,1350.3334,1620.3334,615.6667,627.3333,0.0,143.33333,475.0,9.0,15327.0,111.0,4681.0,6924.3335,3610.6667,31.333334,0.33333334,5.3333335,14.0,11.666667,0.0,0.0,0.0,1
P010,2013-04-21 00:00:00-04:00,3609.6511,116.72828,1621.7109,1280.157,591.05505,6.3333335,1.0,3.6666667,5.0,2.3333333,39485.0,8103.0,10964.667,11424.333,8993.0,3125.0,2.6666667,897.3333,1554.0,671.0,872.3333,0.0,310.66666,480.33334,81.333336,79082.336,21010.334,19704.666,18418.666,19948.666,3997.3333,2.6666667,1208.0,2034.3334,752.3333,793.6667,0.0,84.333336,491.0,218.33333,13626.333,111.0,2842.0,6407.6665,4265.6665,33.333332,0.33333334,5.3333335,15.333333,12.333333,0.0,0.0,0.0,1
P010,2013-04-22 00:00:00-04:00,3486.8857,97.104294,1799.7297,1046.2372,543.8146,6.0,1.0,3.6666667,4.0,2.0,23838.334,903.0,7924.6665,10572.333,4438.3335,2495.3333,2.6666667,664.3333,1256.0,572.3333,1219.0,0.0,712.0,470.66666,36.333332,79315.336,20944.666,19488.0,18911.334,19971.334,3714.3333,2.6666667,1376.3334,1726.6666,608.6667,607.6667,0.0,74.333336,255.33333,278.0,12107.667,111.0,2826.6667,5392.0,3778.0,34.0,0.33333334,6.3333335,15.0,12.333333,6.7644444,30.817778,101.32889,1
P010,2013-04-23 00:00:00-04:00,3897.5217,129.15778,1751.2903,1132.2218,884.8518,6.3333335,1.0,3.3333333,3.6666667,3.0,24188.0,783.3333,8656.0,7510.0,7238.6665,3429.6667,0.0,1124.3334,1091.0,1214.3334,1346.0,0.0,742.0,567.6667,36.333332,77407.664,20891.666,19006.666,18862.666,18646.666,4775.6665,0.0,1866.3334,1658.6666,1250.6666,1238.0,0.0,11.333333,320.0,906.6667,17703.334,447.33334,4710.3335,6275.3335,6270.3335,40.333332,1.3333334,7.0,13.333333,18.666666,6.7644444,30.817778,101.32889,0
P010,2013-04-24 00:00:00-04:00,3260.237,131.3369,1442.8468,810.17847,875.87494,6.3333335,1.0,3.3333333,2.6666667,3.0,18156.0,783.3333,5271.6665,6422.3335,5678.6665,3155.3333,0.0,1211.3334,795.3333,1148.6666,900.6667,0.0,519.3333,345.0,36.333332,78033.336,20829.0,19059.0,19450.0,18695.334,4056.0,0.0,1730.6666,1140.3334,1185.0,1046.3334,0.0,20.0,179.33333,847.0,16900.666,824.3333,4656.3335,5535.3335,5884.6665,39.333332,3.0,6.6666665,13.0,16.666666,6.7709723,30.64,101.20333,0
P010,2013-04-25 00:00:00-04:00,3121.0388,161.31685,1112.9076,837.9675,1008.8469,5.6666665,1.0,3.3333333,2.0,3.3333333,20577.334,783.3333,5639.6665,9350.0,4804.3335,2836.3333,0.0,1115.3334,745.3333,975.6667,781.0,0.0,263.66666,221.0,296.33334,78019.664,20750.666,19242.334,19547.334,18479.334,3617.3333,0.0,1379.0,966.3333,1272.0,1199.6666,0.0,114.333336,177.0,908.3333,19273.334,824.3333,4479.3335,6115.3335,7854.3335,40.0,3.0,5.0,15.666667,16.333334,6.7775,30.462223,101.077774,1
P010,2013-04-26 00:00:00-04:00,3006.8662,139.03072,1175.47,731.2829,961.08264,5.6666665,1.0,3.6666667,2.3333333,3.0,23941.334,0.0,6798.3335,10257.0,6886.0,2268.0,0.0,885.3333,651.0,731.6667,703.0,0.0,317.66666,89.0,296.33334,79484.336,20663.0,19114.0,20141.0,19566.334,2971.0,0.0,1203.0,740.0,1028.0,688.0,0.0,320.33334,19.333334,348.33334,18806.0,377.0,4179.6665,7123.3335,7126.0,35.333332,1.6666666,5.0,16.0,12.666667,6.941528,28.617777,100.545555,0
P010,2013-04-27 00:00:00-04:00,3317.9497,140.928,1424.0546,931.4848,821.4823,6.0,1.0,3.6666667,3.3333333,2.6666667,48102.668,7200.0,13124.0,13897.0,13881.667,2614.6667,0.0,1091.0,998.0,525.6667,957.3333,0.0,317.66666,262.66666,377.0,80101.0,20945.0,19147.666,19916.334,20092.0,3572.0,0.0,1408.6666,1260.6666,902.6667,677.3333,0.0,376.66666,33.333332,267.33334,18703.334,0.0,4354.6665,7972.6665,6376.0,34.333332,0.0,5.3333335,18.0,11.0,7.1055555,26.773333,100.013336,1
P010,2013-04-28 00:00:00-04:00,3164.4158,117.32363,1361.1868,930.9887,754.9166,6.3333335,1.0,3.3333333,4.0,2.6666667,62861.332,14400.0,15846.667,13633.0,18981.666,3068.6667,0.0,1040.6666,987.6667,1040.3334,766.3333,0.0,265.33334,420.33334,80.666664,80147.0,21131.0,19363.0,19714.666,19938.334,3835.0,0.0,1306.0,1408.0,1121.0,584.3333,0.0,280.33334,96.333336,207.66667,15290.667,0.0,2774.0,7481.0,5035.6665,34.0,0.0,7.6666665,16.666666,9.666667,7.1055555,26.773333,100.013336,0
P010,2013-04-29 00:00:00-04:00,3010.655,127.16754,1427.127,974.9201,481.44046,5.6666665,1.0,3.3333333,4.0,2.0,70506.664,21600.0,20141.0,9940.0,18825.666,2854.3333,0.0,1156.6666,1055.3334,642.3333,677.6667,0.0,177.66667,419.33334,80.666664,80551.0,21134.666,19548.334,19463.666,20404.334,3532.0,0.0,1334.3334,1474.6666,723.0,367.33334,0.0,66.666664,161.66667,139.0,12717.333,0.0,2750.6667,6238.3335,3728.3333,31.333334,0.0,7.3333335,15.333333,8.666667,0.0,0.0,0.0,1
P010,2013-04-30 00:00:00-04:00,3258.8376,107.946075,1653.6918,892.3026,604.8973,5.3333335,1.0,3.6666667,3.6666667,2.0,61632.668,21600.0,17751.0,5980.0,16301.667,2988.6667,0.0,1421.3334,845.6667,721.6667,863.0,0.0,379.33334,401.0,82.666664,80213.336,21134.334,19132.334,19556.666,20390.0,3851.6667,0.0,1800.6666,1246.6666,804.3333,384.33334,0.0,16.0,296.33334,72.0,14033.333,0.0,4184.0,5422.0,4427.3335,29.333334,0.0,6.6666665,11.666667,11.0,0.0,0.0,0.0,1
P010,2013-05-01 00:00:00-04:00,3291.6816,92.98063,1703.6853,1100.8284,394.18732,5.3333335,1.0,3.6666667,3.6666667,1.6666666,49748.0,21600.0,16149.0,1859.0,10140.0,3560.6667,0.0,1907.6666,1407.3334,245.66667,1069.3334,0.0,574.3333,326.66666,168.33333,80344.0,21256.666,18601.334,19307.0,21179.0,4630.0,0.0,2482.0,1734.0,414.0,536.0,0.0,159.33333,374.33334,2.3333333,15261.333,0.0,5286.0,6003.0,3972.3333,25.333334,0.0,5.0,8.666667,11.666667,0.0,0.0,0.0,0
P010,2013-05-02 00:00:00-04:00,3385.5186,78.73544,1552.9954,1357.1664,396.62128,5.3333335,1.0,3.6666667,4.0,1.6666666,37575.332,14400.0,11822.333,2780.3333,8572.667,3553.0,0.0,1751.3334,1469.0,332.66666,1224.3334,0.0,712.3333,343.66666,168.33333,80880.664,21592.0,18752.334,19459.334,21077.0,4777.3335,0.0,2463.6667,1812.6666,501.0,713.6667,0.0,378.66666,321.66666,13.333333,17208.666,0.0,5729.0,6023.6665,5456.0,29.333334,0.0,4.3333335,9.0,16.0,0.0,0.0,0.0,0
P010,2013-05-03 00:00:00-04:00,3566.2483,114.800766,1603.1663,1482.5264,365.75497,6.3333335,1.0,3.6666667,4.6666665,2.0,41683.668,14400.0,10458.0,5729.0,11096.667,4195.6665,0.0,1905.6666,1713.0,577.0,1217.0,0.0,607.6667,436.0,173.33333,79697.336,21582.334,18616.0,19067.666,20431.334,5412.6665,0.0,2513.3333,2149.0,750.3333,1148.3334,0.0,444.0,342.33334,362.0,19303.0,0.0,5133.0,7455.6665,6714.3335,34.333332,0.0,5.0,10.666667,18.666666,0.0,0.0,0.0,0
P010,2013-05-04 00:00:00-04:00,3379.509,128.91142,1575.4946,1281.919,393.18396,6.6666665,1.0,3.6666667,4.3333335,2.0,47738.0,14400.0,9804.333,5946.3335,17587.334,3597.0,0.0,1572.0,1397.0,628.0,1055.6666,0.0,393.33334,493.66666,168.66667,79567.664,21517.666,19030.334,18737.334,20282.334,4652.6665,0.0,1965.3334,1890.6666,796.6667,1695.0,0.0,497.0,836.6667,361.33334,14949.0,0.0,3540.0,6651.3335,4757.6665,34.666668,0.0,4.3333335,15.0,15.333333,0.0,0.0,0.0,0
P010,2013-05-05 00:00:00-04:00,3319.1235,135.27744,1513.0571,1113.3359,557.45306,6.6666665,1.0,3.3333333,4.0,2.6666667,60914.332,21600.0,10922.333,6792.0,21600.0,3490.6667,0.0,1422.6666,1413.3334,654.6667,1074.6666,0.0,260.33334,568.3333,246.0,78998.664,21405.666,19082.666,18526.334,19984.0,4565.3335,0.0,1683.0,1981.6666,900.6667,1866.6666,0.0,610.6667,828.3333,427.66666,10207.0,26.666666,1714.3334,4896.0,3570.0,30.0,0.33333334,4.6666665,12.333333,12.666667,0.0,0.0,0.0,0
P010,2013-05-06 00:00:00-04:00,3532.6895,120.496086,1503.9369,1190.7834,717.473,7.0,1.0,3.3333333,4.3333335,2.6666667,57619.668,21600.0,12240.667,8668.0,15111.0,3006.3333,0.0,1021.6667,1627.6666,357.0,1232.3334,0.0,364.33334,474.66666,393.33334,78837.336,21282.334,18969.666,18276.666,20308.666,4238.6665,0.0,1386.0,2102.3333,750.3333,1869.6666,0.0,903.3333,827.0,139.33333,9976.0,26.666666,1321.6666,5356.6665,3271.0,28.0,0.33333334,4.6666665,13.666667,9.333333,0.0,0.0,0.0,0
P010,2013-05-07 00:00:00-04:00,3470.4043,165.46915,1431.1345,1212.9011,660.89954,6.3333335,1.0,3.3333333,4.3333335,2.3333333,50368.668,14410.0,11497.667,9350.0,15111.0,2484.0,0.0,844.0,1423.0,217.0,1405.0,0.0,371.0,721.6667,312.33334,78729.336,21174.334,19086.0,18051.334,20417.666,3889.0,0.0,1215.0,2144.6667,529.3333,1887.0,0.0,849.6667,898.0,139.33333,13479.0,645.0,3566.6667,5737.3335,3530.0,36.333332,4.3333335,5.0,16.333334,10.666667,0.0,0.0,0.0,0
P010,2013-05-08 00:00:00-04:00,3938.6038,195.50237,1662.2871,1011.7397,1069.0745,7.3333335,1.0,3.6666667,4.3333335,3.0,48771.0,14410.0,13697.333,7723.6665,12940.0,2729.3333,0.0,1112.0,1191.3334,426.0,1539.3334,0.0,420.33334,632.3333,486.66666,77721.664,21051.334,18714.0,18118.0,19838.334,4268.6665,0.0,1532.3334,1823.6666,912.6667,1836.6666,0.0,727.6667,968.3333,140.66667,20457.0,618.3333,4964.3335,10927.667,3946.6667,40.0,4.0,6.0,17.0,13.0,0.0,0.0,0.0,0
P010,2013-05-09 00:00:00-04:00,3991.8257,196.94266,1597.1583,1191.9625,1005.7621,6.3333335,1.0,3.6666667,3.3333333,2.6666667,49185.332,14410.0,14343.667,3715.6667,16716.0,2835.0,0.0,1155.6666,1044.6666,634.6667,1463.0,0.0,493.0,638.0,332.0,77721.0,20844.334,18690.334,18179.0,20007.334,4298.0,0.0,1648.6666,1682.6666,966.6667,1360.0,0.0,425.66666,855.6667,78.666664,18465.666,641.6667,6170.6665,9724.667,1928.6666,36.666668,4.3333335,6.0,16.0,10.333333,0.0,0.0,0.0,0
P010,2013-05-10 00:00:00-04:00,4026.9504,163.54935,1707.3114,932.84863,1223.2411,7.0,1.0,3.6666667,3.3333333,3.6666667,57627.332,21600.0,18801.334,3178.3333,14047.667,3048.6667,0.0,1351.6666,902.3333,794.6667,1891.6666,0.0,640.0,308.66666,943.0,78436.664,21017.666,18649.666,19386.0,19383.334,4940.3335,0.0,1991.6666,1211.0,1737.6666,654.6667,0.0,288.0,285.0,81.666664,19740.334,23.333334,5432.0,11025.0,3260.0,32.333332,0.33333334,6.0,15.666667,10.333333,0.0,0.0,0.0,0
P010,2013-05-11 00:00:00-04:00,3425.237,112.4894,1293.6742,1128.7426,890.331,6.3333335,1.0,3.3333333,3.3333333,3.0,62256.668,21600.0,19810.334,5784.6665,15061.667,2631.6667,0.0,1089.3334,1036.6666,505.66666,1842.3334,0.0,589.3333,414.0,839.0,80277.336,21254.334,19469.0,19450.334,20103.666,4474.0,0.0,1678.6666,1450.6666,1344.6666,453.0,0.0,77.0,294.0,82.0,15258.0,23.333334,4551.6665,8276.667,2406.3333,32.0,0.33333334,8.0,18.0,5.6666665,0.0,0.0,0.0,0
P010,2013-05-12 00:00:00-04:00,2735.8542,97.73169,1242.06,478.46964,917.5928,6.3333335,1.0,3.0,3.0,3.3333333,56369.668,21600.0,18473.666,4899.6665,11396.333,2481.0,0.0,884.6667,878.6667,717.6667,1349.6666,0.0,327.66666,263.33334,758.6667,81661.664,21595.334,20285.666,19822.666,19958.0,3830.6667,0.0,1212.3334,1142.0,1476.3334,760.6667,0.0,75.0,589.0,96.666664,13836.333,0.0,2863.6667,6804.6665,4168.0,34.333332,0.0,8.666667,14.0,11.666667,0.0,0.0,0.0,0
P010,2013-05-13 00:00:00-04:00,2600.31,76.74185,1244.6681,555.05273,723.8472,6.0,1.0,3.3333333,2.6666667,2.6666667,46612.668,15296.0,14403.0,4664.3335,12249.333,2722.3333,0.0,1219.3334,804.0,699.0,832.0,0.0,332.0,326.66666,173.33333,81731.336,21594.334,19801.0,19829.334,20506.666,3554.3333,0.0,1551.3334,1130.6666,872.3333,1006.6667,0.0,228.0,603.6667,175.0,12145.0,80.333336,1972.3334,6801.3335,3291.0,33.0,0.6666667,8.666667,11.333333,12.333333,5.051111,43.60889,100.41333,0
P010,2013-05-14 00:00:00-04:00,2977.6929,71.16593,1641.9299,552.6846,711.9125,6.3333335,1.0,3.6666667,2.3333333,2.6666667,44185.668,15296.0,13168.333,4374.6665,11346.667,2853.6667,0.0,1256.0,780.0,817.6667,920.0,0.0,434.0,298.66666,187.33333,81032.0,21550.334,19424.0,19678.666,20379.0,3773.6667,0.0,1690.0,1078.6666,1005.0,1269.3334,0.0,419.0,750.0,100.333336,12780.333,80.333336,3223.3333,6195.0,3281.6667,27.666666,0.6666667,5.3333335,8.666667,13.0,5.051111,43.60889,100.41333,0
P010,2013-05-15 00:00:00-04:00,2928.9028,63.440407,1400.6418,900.43317,564.3875,5.6666665,1.0,3.6666667,2.3333333,2.3333333,44934.668,15296.0,12447.667,6644.6665,10546.333,2623.3333,0.0,1237.6666,1011.3333,374.33334,1178.3334,0.0,442.33334,468.0,268.0,80331.0,21471.666,19285.0,18940.0,20634.334,3801.6667,0.0,1680.0,1479.3334,642.3333,1552.6666,0.0,477.66666,984.0,91.0,13884.0,217.66667,4734.0,7230.6665,1701.6666,26.333334,1.3333334,3.3333333,13.333333,8.333333,5.051111,43.60889,100.41333,1
P010,2013-05-16 00:00:00-04:00,2906.3281,61.434326,1386.696,744.0036,714.1942,5.3333335,1.0,3.6666667,2.0,2.6666667,49724.0,21137.334,15187.0,7976.6665,5423.0,2057.3333,0.0,601.6667,1063.6666,392.0,1027.0,0.0,362.66666,335.33334,329.0,80601.0,21339.666,19977.334,18883.666,20400.334,3084.3333,0.0,964.3333,1399.0,721.0,1244.0,0.0,323.0,897.6667,23.333334,14563.0,137.33333,5930.6665,7385.3335,1109.6666,22.333334,0.6666667,3.3333333,12.666667,5.6666665,0.0,0.0,0.0,0
P010,2013-05-17 00:00:00-04:00,2186.97,82.96873,896.9003,752.7741,454.32675,4.3333335,1.0,3.3333333,2.3333333,2.0,41060.332,13937.333,9622.0,10018.333,7482.6665,1820.3334,0.0,539.0,1041.6666,239.66667,835.6667,0.0,188.0,480.33334,167.33333,80031.664,21101.666,20034.334,18466.334,20429.334,2656.0,0.0,727.0,1522.0,407.0,1143.6666,0.0,221.33333,903.3333,19.0,13075.0,298.33334,5037.0,6983.3335,756.3333,27.0,1.3333334,5.6666665,15.0,5.0,6.8447223,29.088888,100.242226,0
P010,2013-05-18 00:00:00-04:00,2035.362,92.03389,831.9095,755.88257,355.53616,4.3333335,1.0,3.0,3.0,1.6666666,47416.332,13937.333,9626.333,9191.333,14661.333,1771.0,0.0,513.6667,1016.6667,240.66667,804.6667,0.0,396.66666,321.33334,86.666664,80498.664,21119.334,19400.666,19347.666,20631.0,2575.6667,0.0,910.3333,1338.0,327.33334,1084.0,0.0,761.0,309.33334,13.666667,11685.333,161.0,3257.3333,6562.6665,1704.3334,25.333334,0.6666667,6.0,12.0,6.6666665,6.8447223,29.088888,100.242226,0
P010,2013-05-19 00:00:00-04:00,2200.0662,115.18058,710.87286,1036.4421,337.57065,4.3333335,1.0,2.6666667,3.3333333,1.6666666,47456.668,14400.0,7152.0,8095.0,17809.666,2927.6667,0.0,806.0,1640.6666,481.0,880.0,0.0,325.33334,465.66666,89.0,79377.336,21251.0,19065.0,18677.334,20384.0,3807.6667,0.0,1131.3334,2106.3333,570.0,1817.3334,0.0,1070.0,465.33334,282.0,12903.333,161.0,1331.0,7020.3335,4391.0,30.666666,0.6666667,4.6666665,16.0,9.333333,6.8447223,29.088888,100.242226,0
P010,2013-05-20 00:00:00-04:00,2466.82,201.85333,576.88873,1201.1412,486.9368,4.6666665,1.0,2.0,3.3333333,2.0,54464.0,21600.0,10110.0,4944.3335,17809.666,3445.0,0.0,593.0,1894.3334,957.6667,671.0,0.0,310.0,272.0,89.0,75777.0,20333.0,16363.0,18899.334,20181.666,4116.0,0.0,903.0,2166.3333,1046.6666,1872.0,0.0,980.6667,525.3333,366.0,13731.667,0.0,1071.3334,7100.3335,5560.0,32.0,0.0,3.3333333,16.333334,12.333333,0.0,0.0,0.0,0
P010,2013-05-21 00:00:00-04:00,3085.3323,193.18417,988.9817,1174.4987,728.6677,5.6666665,1.0,2.6666667,3.3333333,2.6666667,55747.668,21600.0,12723.0,5256.6665,16168.0,4099.6665,0.0,867.0,1991.0,1241.6666,910.0,0.0,231.66667,489.0,189.33333,75186.0,20395.0,16811.334,18353.0,19626.666,5009.6665,0.0,1098.6666,2480.0,1431.0,1598.3334,0.0,335.66666,748.3333,514.3333,20100.666,50.333332,3071.6667,10562.333,6416.3335,39.0,0.33333334,3.6666667,18.666666,16.333334,0.0,0.0,0.0,0
P010,2013-05-23 00:00:00-04:00,2671.2314,196.08383,1145.7362,624.5013,704.9102,4.6666665,1.0,2.6666667,2.3333333,2.6666667,55112.0,21600.0,15050.333,2388.0,16073.667,2765.0,0.0,802.6667,1071.6666,890.6667,1268.0,0.0,331.33334,658.3333,278.33334,75374.0,20374.0,16480.334,18710.0,19809.666,4033.0,0.0,1134.0,1730.0,1169.0,1839.6666,0.0,99.333336,1145.0,595.3333,22937.334,897.0,6345.3335,9590.333,6104.6665,48.666668,3.3333333,6.3333335,17.666666,21.333334,0.0,0.0,0.0,1
P010,2013-05-25 00:00:00-04:00,1927.3184,99.69503,865.2743,421.43753,540.9115,3.6666667,1.0,2.3333333,2.0,2.0,48789.668,17338.334,8122.3335,4941.0,18388.0,2461.0,0.0,975.3333,894.0,591.6667,1469.0,0.0,399.33334,818.6667,251.0,80540.664,21595.334,19968.666,18778.334,20198.334,3930.0,0.0,1374.6666,1712.6666,842.6667,1866.0,0.0,252.0,1088.6666,525.3333,27467.666,1448.0,5447.3335,9718.333,10854.0,50.333332,5.6666665,8.0,16.0,20.666666,0.0,0.0,0.0,0
P010,2013-05-28 00:00:00-04:00,2915.6682,78.78133,1072.0243,824.4003,940.46216,5.0,1.0,3.5,3.0,2.0,16167.0,4889.5,2119.5,6260.0,2898.0,3458.0,0.0,1201.0,658.0,1599.0,1179.0,0.0,150.0,347.5,681.5,75298.0,16475.5,19592.5,20083.5,19146.5,4637.0,0.0,1351.0,1005.5,2280.5,1140.0,0.0,477.0,504.5,158.5,33765.0,584.5,4779.5,14415.5,13985.5,37.0,3.0,4.0,15.0,15.0,6.758333,31.755556,102.21778,0
P010,2013-05-29 00:00:00-04:00,3163.1355,186.13507,1102.6046,1211.5042,662.8916,5.3333335,1.6666666,3.3333333,4.0,1.6666666,26355.334,4461.0,3184.6667,9577.667,9132.0,3856.0,154.66667,1202.0,1433.3334,1066.0,965.3333,0.0,246.0,265.0,454.33334,76765.0,17954.334,19595.334,19288.666,19926.666,4821.3335,154.66667,1448.0,1698.3334,1520.3334,1164.3334,62.666668,418.33334,577.6667,105.666664,31441.666,1293.6666,7028.3335,12511.333,10608.333,38.666668,5.0,6.0,12.666667,15.0,6.758333,31.755556,102.21778,0
P010,2013-05-30 00:00:00-04:00,3084.8623,206.81566,971.0671,1300.5492,606.43036,5.6666665,1.6666666,2.6666667,4.6666665,2.0,41414.668,8401.333,7920.0,10696.667,14396.667,3949.0,154.66667,946.0,1754.0,1094.3334,703.6667,0.0,156.33333,386.33334,161.0,76611.336,21326.666,16751.666,18693.334,19839.666,4652.6665,154.66667,1102.3334,2140.3333,1255.3334,1079.6666,62.666668,277.66666,510.33334,229.0,24405.0,1293.6666,6957.0,7676.6665,8477.667,39.0,5.0,7.3333335,11.666667,15.0,6.758333,31.755556,102.21778,0
P012,2013-03-28 00:00:00-04:00,29983.096,81.82144,18224.857,11511.689,164.72742,6.0,1.0,4.5,5.0,1.0,23923.0,0.0,5144.0,12508.5,6270.5,2684.5,0.0,990.0,1079.5,615.0,687.5,0.0,243.5,340.0,104.0,78968.0,21229.5,18647.0,18975.5,20116.0,3372.0,0.0,1233.5,1419.5,719.0,2453.0,0.0,1324.0,799.5,329.5,22032.0,0.0,7901.0,9588.5,4542.5,36.0,0.0,11.5,13.5,11.0,6.602361,27.697779,88.0,1
P012,2013-03-29 00:00:00-04:00,32076.875,125.77883,15182.058,10948.6455,5820.3936,5.6666665,1.0,4.3333335,4.6666665,1.3333334,33034.668,0.0,8424.667,14194.667,10415.333,3077.0,0.0,880.6667,1188.6666,1007.6667,650.3333,0.0,180.33333,299.66666,170.33333,78515.0,21179.0,19096.334,18864.334,19375.334,3727.3333,0.0,1061.0,1488.3334,1178.0,2311.6667,0.0,992.6667,782.6667,536.3333,27323.666,0.0,8389.0,10489.333,8445.333,36.0,0.0,9.0,17.0,10.0,6.602361,27.697779,88.0,0
P012,2013-03-30 00:00:00-04:00,25345.066,187.04654,12905.873,6420.312,5831.835,4.3333335,1.3333334,3.3333333,3.3333333,1.3333334,39265.668,0.0,10896.0,17491.666,10878.0,2851.0,0.0,546.6667,1184.0,1120.3334,337.33334,0.0,78.333336,155.0,104.0,78162.664,21073.0,19469.0,18963.0,18657.666,3188.3333,0.0,625.0,1339.0,1224.3334,2788.6667,0.0,952.6667,729.6667,1106.3334,25260.0,0.0,5755.3335,10827.333,8677.333,31.333334,0.0,7.0,16.0,8.333333,7.0004168,24.513334,88.0,1
P012,2013-03-31 00:00:00-04:00,22920.445,206.48143,8004.468,8876.153,5833.3438,3.0,1.3333334,2.6666667,2.3333333,1.6666666,46427.668,0.0,14667.0,16148.667,15612.0,2755.3333,0.0,730.0,1111.6666,913.6667,267.0,0.0,21.666666,143.33333,102.0,78232.0,20971.666,19569.334,18991.0,18700.0,3022.3333,0.0,751.6667,1255.0,1015.6667,2474.0,0.0,621.6667,680.6667,1171.6666,23966.0,0.0,5579.0,8546.667,9840.333,36.0,0.0,9.0,16.666666,10.333333,0.0,0.0,0.0,1
P012,2013-04-01 00:00:00-04:00,18001.014,214.70563,8519.733,9105.694,160.87991,3.3333333,1.3333334,3.0,2.3333333,1.3333334,46803.0,7200.0,14573.667,12344.333,12685.0,3351.3333,0.0,1200.3334,1591.3334,559.6667,823.6667,0.0,369.33334,453.33334,1.0,76766.336,20872.0,18613.666,18105.334,19175.334,4175.0,0.0,1569.6666,2044.6666,560.6667,2404.3333,0.0,660.6667,676.6667,1067.0,18740.666,30.0,5979.6665,7870.6665,4860.3335,32.666668,0.33333334,10.666667,13.0,8.666667,0.0,0.0,0.0,0
P012,2013-04-02 00:00:00-04:00,23809.924,175.98047,7762.102,12698.962,3172.8792,6.0,1.0,4.6666665,3.6666667,2.0,47106.0,7200.0,15671.333,11659.667,12575.0,2770.0,0.0,1194.0,1297.0,279.0,1390.6666,0.0,787.3333,603.3333,0.0,76873.0,20774.0,18307.334,17951.334,19840.334,4160.6665,0.0,1981.3334,1900.3334,279.0,1906.3334,0.0,449.66666,872.3333,584.3333,17727.0,30.0,5276.0,8250.333,4170.6665,30.333334,0.33333334,9.0,12.0,9.0,0.0,0.0,0.0,1
P012,2013-04-03 00:00:00-04:00,23592.963,121.82859,9677.329,7868.4966,5925.3086,8.666667,1.0,5.3333335,5.0,2.0,41520.668,7201.3335,12850.333,11837.667,9631.333,3133.3333,0.0,1077.6666,1554.6666,501.0,1730.6666,0.0,869.6667,860.3333,0.6666667,75972.664,20676.0,18237.334,17638.666,19420.666,4864.0,0.0,1947.3334,2415.0,501.66666,1737.3334,0.0,474.0,573.6667,689.6667,22440.334,30.0,7508.3335,11174.0,3728.0,27.0,0.33333334,7.0,12.666667,7.0,0.0,0.0,0.0,0
P012,2013-04-04 00:00:00-04:00,30225.83,57.02315,9348.064,9431.083,11389.658,9.333333,1.0,5.3333335,5.0,2.6666667,37101.332,688.0,11806.0,13299.667,11307.667,2285.3333,0.0,912.6667,933.6667,439.0,1705.6666,0.0,923.6667,713.0,69.0,77680.0,20771.666,18690.0,18694.0,19524.334,3991.0,0.0,1836.3334,1646.6666,508.0,1876.0,0.0,414.66666,579.0,882.3333,24577.0,0.0,5463.6665,11096.0,8017.3335,28.0,0.0,6.3333335,11.666667,10.0,0.0,0.0,0.0,1
P012,2013-04-05 00:00:00-04:00,120094.7,50.247284,9560.02,95135.2,15349.232,9.0,1.0,5.0,4.0,2.6666667,44438.332,688.0,12202.667,15506.667,16041.0,3143.6667,0.0,1052.0,1042.0,1049.6666,1602.3334,0.0,658.3333,648.3333,295.66666,74802.0,21084.666,18993.0,16307.667,18416.666,4746.0,0.0,1710.3334,1690.3334,1345.3334,4832.6665,0.0,557.3333,3134.6667,1140.6666,31573.666,0.0,7814.0,12764.333,10995.333,32.0,0.0,8.333333,12.666667,11.0,6.53125,28.266666,88.0,1
P012,2013-04-06 00:00:00-04:00,205582.33,69.49048,11331.308,181621.8,12559.736,7.0,1.0,4.6666665,2.6666667,2.3333333,45125.668,860.3333,10163.333,15795.333,18306.666,2737.0,0.0,981.3333,929.3333,826.3333,1195.6666,0.0,578.6667,322.0,295.0,71698.336,21067.666,19133.334,16094.667,15402.667,3932.6667,0.0,1560.0,1251.3334,1121.3334,5756.6665,1.0,605.3333,4137.6665,1012.6667,26975.334,316.0,5888.0,10475.667,10295.667,31.666666,1.0,8.333333,12.0,10.333333,6.53125,28.266666,88.0,1
P012,2013-04-07 00:00:00-04:00,540180.06,145.04626,52365.977,471939.6,15729.432,5.3333335,1.3333334,3.6666667,1.6666666,2.0,49065.0,188.33333,12067.667,16664.334,20144.666,2967.6667,0.0,908.0,1026.0,1033.6666,800.0,0.0,232.0,99.333336,468.66666,66746.336,20998.334,18070.666,13552.667,14124.667,3767.6667,0.0,1140.0,1125.3334,1502.3334,7067.0,1.0,1830.0,3961.6667,1274.3334,23036.334,316.0,7804.6665,8386.0,6529.6665,30.666666,1.0,10.333333,10.666667,8.666667,5.0805554,27.873333,76.001114,0
P012,2013-04-08 00:00:00-04:00,769388.94,160.0779,50768.12,548892.0,169568.72,3.0,1.3333334,2.3333333,1.3333334,1.3333334,49125.332,1388.0,11065.333,16664.334,20007.666,3317.6667,0.0,1302.6666,1264.0,751.0,570.0,0.0,146.33333,108.666664,315.0,65112.332,20995.0,17194.334,13941.667,12981.333,3887.6667,0.0,1449.0,1372.6666,1066.0,5220.0,4.0,1803.6666,2176.0,1236.3334,18871.334,316.0,6059.3335,7116.3335,5379.6665,28.666666,1.0,9.0,9.333333,9.333333,4.004722,28.481112,68.00222,0
P012,2013-04-09 00:00:00-04:00,747384.7,27951.959,52434.668,464668.34,202329.69,4.0,1.6666666,2.6666667,2.0,1.6666666,48652.0,1229.6666,13872.0,15692.333,17858.0,3956.6667,13.0,1822.6666,1083.0,1038.0,974.0,0.0,272.66666,386.33334,315.0,66881.0,20263.0,16638.0,14591.667,15388.333,4930.6665,13.0,2095.3333,1469.3334,1353.0,6493.0,1024.0,1943.0,1351.6666,2174.3333,19586.0,23.333334,5600.6665,7783.0,6179.0,26.666666,0.33333334,7.6666665,8.666667,10.0,4.6293983,32.817036,77.335556,0
P012,2013-04-10 00:00:00-04:00,439153.53,48240.465,23534.445,173694.6,193684.02,5.0,1.6666666,3.3333333,3.0,1.3333334,47245.332,2525.3333,13104.667,14944.333,16671.0,3981.3333,260.0,1986.6666,1003.0,731.6667,909.3333,0.0,366.66666,469.66666,73.0,70672.664,19723.666,16922.334,17203.334,16823.334,4890.6665,260.0,2353.3333,1472.6666,804.6667,6300.3335,1468.3334,1559.0,1469.0,1804.0,21448.334,1784.3334,4974.0,7867.6665,6822.3335,23.0,1.0,6.0,7.3333335,8.666667,4.7436576,34.56889,80.00148,0
P012,2013-04-11 00:00:00-04:00,119342.98,48267.77,24640.566,13545.799,32888.84,6.3333335,1.6666666,3.6666667,4.6666665,1.3333334,40342.332,1329.3334,11301.0,13564.333,14147.667,3170.3333,260.0,1483.3334,1043.0,384.0,1074.3334,0.0,402.0,672.3333,0.0,75677.336,19595.0,17865.0,18975.334,19242.0,4244.6665,260.0,1885.3334,1715.3334,384.0,5162.3335,1465.3334,1528.0,565.0,1604.0,17991.666,1784.3334,5049.0,7421.3335,3737.0,17.666666,1.0,5.0,6.0,5.6666665,5.402176,34.633335,85.334076,0
P012,2013-04-12 00:00:00-04:00,68305.9,20489.662,21366.057,17123.82,9326.36,6.3333335,1.3333334,4.0,4.6666665,1.6666666,43827.0,1314.0,10873.333,14664.333,16975.334,2839.6667,247.0,1113.6666,1159.0,320.0,993.6667,0.0,522.0,469.0,2.6666667,77418.664,20518.334,18270.666,18739.666,19890.0,3833.3333,247.0,1635.6666,1628.0,322.66666,3646.6667,444.33334,1383.3334,961.6667,857.3333,22125.334,1761.0,7181.6665,7533.0,5649.6665,17.0,0.6666667,5.3333335,6.6666665,4.3333335,5.163889,31.205555,80.0,0
P012,2013-04-13 00:00:00-04:00,38485.543,5825.425,6071.3022,16450.453,10138.362,5.3333335,1.3333334,3.0,4.0,2.0,42847.0,1714.3334,8428.333,15597.667,17106.666,1901.3334,13.333333,579.3333,1007.6667,301.0,730.3333,0.0,355.0,372.66666,2.6666667,78645.336,20716.334,19211.334,18772.334,19945.334,2631.6667,13.333333,934.3333,1380.3334,303.66666,2926.3333,317.0,971.0,998.6667,639.6667,17347.334,628.3333,4807.0,6678.6665,5233.3335,17.0,0.33333334,3.3333333,7.3333335,6.0,6.9347224,36.54,99.501114,1
P012,2013-04-14 00:00:00-04:00,29490.652,5831.2915,3270.9133,10301.523,10086.926,4.0,1.3333334,2.6666667,2.3333333,2.0,49041.668,2930.0,8967.333,16977.666,20166.666,1458.3334,13.333333,320.66666,816.3333,308.0,327.0,0.0,249.0,75.333336,2.6666667,79136.0,20542.0,19586.666,18991.334,20016.0,1785.3334,13.333333,569.6667,891.6667,310.66666,2629.0,317.0,803.6667,1106.0,402.33334,15004.667,628.3333,3445.3333,5220.0,5711.0,16.666666,0.33333334,2.6666667,7.3333335,6.3333335,7.225972,41.766666,107.05778,0
P012,2013-04-15 00:00:00-04:00,16764.42,5848.7095,3351.747,6650.5576,913.40546,4.0,1.3333334,3.0,2.3333333,1.3333334,44606.668,3645.3333,10153.333,15661.667,15146.333,1236.3334,13.333333,391.0,740.0,92.0,91.333336,0.0,13.0,78.333336,0.0,79889.664,20361.0,19442.0,19364.334,20722.334,1327.6666,13.333333,404.0,818.3333,92.0,2057.0,332.33334,813.3333,751.3333,160.0,10554.0,823.0,3736.6667,3549.6667,2444.6667,15.333333,1.3333334,3.6666667,5.0,5.3333335,6.6402316,40.100742,100.705925,0
P012,2013-04-16 00:00:00-04:00,12874.164,204.92885,6316.406,6230.622,122.20713,5.0,1.0,3.3333333,3.6666667,1.0,46832.0,5834.3335,12569.667,17017.0,11411.0,1590.3334,0.0,453.0,1094.3334,43.0,547.6667,0.0,243.66667,304.0,0.0,81032.336,20948.666,19825.334,19111.666,21146.666,2138.0,0.0,696.6667,1398.3334,43.0,1224.3334,15.333333,411.0,713.0,85.0,13006.667,194.66667,4108.3335,7385.6665,1318.0,14.0,1.0,4.0,6.0,3.0,6.2031946,38.44889,95.55778,0
P012,2013-04-17 00:00:00-04:00,30985.572,173.23926,9521.373,14443.504,6847.456,7.0,1.0,4.6666665,4.6666665,1.6666666,41553.332,6477.3335,14587.0,14028.667,6460.3335,2514.3333,64.0,743.0,1414.3334,293.0,822.6667,0.0,360.33334,385.33334,77.0,80289.664,21188.666,19697.666,18824.666,20578.666,3337.0,64.0,1103.3334,1799.6666,370.0,1950.3334,15.333333,428.66666,888.0,618.3333,17115.666,268.66666,7082.3335,8276.0,1488.6666,19.0,1.3333334,6.3333335,7.0,4.3333335,4.4906945,40.592224,84.001114,0
P012,2013-04-18 00:00:00-04:00,31262.748,167.27214,9579.871,14697.174,6818.431,6.6666665,1.0,4.3333335,4.6666665,1.6666666,41438.668,5780.6665,14797.667,15571.667,5288.6665,2630.6667,64.0,585.3333,1709.6666,271.66666,1330.0,0.0,864.0,389.0,77.0,80646.0,21499.666,19877.334,18649.666,20619.334,3960.6667,64.0,1449.3334,2098.6667,348.66666,1567.0,0.0,229.0,785.6667,552.3333,15108.0,74.0,4249.3335,9712.667,1072.0,18.666666,0.33333334,5.3333335,8.666667,4.3333335,3.8323612,41.85889,80.001114,0
P012,2013-04-19 00:00:00-04:00,36326.504,149.07854,9549.266,14371.254,12256.905,7.6666665,1.0,5.3333335,4.6666665,2.3333333,31755.334,2126.0,12984.667,13206.333,3438.3333,2545.0,65.0,543.0,1591.0,346.0,1180.0,0.0,714.0,254.66667,211.33333,79866.664,21438.666,19886.0,18712.0,19830.0,3725.0,65.0,1257.0,1845.6666,557.3333,2287.0,0.0,341.0,900.6667,1045.3334,18520.0,245.33333,6838.6665,8327.0,3109.0,23.333334,1.3333334,6.3333335,9.333333,6.3333335,3.8323612,41.85889,80.001114,1
P012,2013-04-20 00:00:00-04:00,19790.623,165.22331,7886.916,6188.833,5549.6514,6.0,1.0,4.3333335,3.6666667,1.6666666,32490.334,378.66666,11928.0,14969.0,5214.6665,1672.6666,1.0,392.33334,1122.6666,156.66667,908.6667,0.0,601.0,173.33333,134.33333,81338.0,21403.0,19905.334,19509.334,20520.334,2581.3333,1.0,993.3333,1296.0,291.0,1519.6666,0.0,478.33334,538.3333,503.0,17657.334,235.0,4738.6665,8817.333,3866.3333,26.0,1.3333334,5.6666665,13.333333,5.6666665,4.8955555,37.354443,84.00222,0
P012,2013-04-21 00:00:00-04:00,13592.487,147.04964,4673.058,3148.424,5623.9556,4.6666665,1.0,3.0,3.0,2.0,28416.0,488.33334,10482.333,12632.667,4812.6665,1201.0,62.666668,334.0,576.0,228.33333,310.0,0.0,84.333336,91.333336,134.33333,81951.664,21213.0,20278.0,20147.666,20313.0,1511.0,62.666668,418.33334,667.3333,362.66666,1439.0,0.0,544.0,392.0,503.0,15245.667,265.33334,5051.6665,5985.3335,3943.3333,25.666666,1.6666666,5.6666665,12.333333,6.0,5.584028,35.845554,88.001114,0
P012,2013-04-22 00:00:00-04:00,8745.024,217.38023,4802.382,3517.2188,208.04375,3.3333333,1.0,2.6666667,2.3333333,1.3333334,26662.666,243.33333,9372.667,9839.333,7207.3335,1019.6667,61.666668,396.66666,422.0,139.33333,180.33333,0.0,108.333336,72.0,0.0,82254.336,21061.334,20092.334,20355.0,20745.666,1200.0,61.666668,505.0,494.0,139.33333,823.3333,0.0,486.33334,198.66667,138.33333,12745.0,94.0,4679.3335,5663.0,2308.6667,23.666666,0.6666667,5.0,11.666667,6.3333335,5.6568055,32.596294,85.334076,0
P012,2013-04-23 00:00:00-04:00,13004.175,237.60454,5907.174,6642.4614,216.93533,4.0,1.0,2.0,3.6666667,1.3333334,27544.666,269.0,8302.333,8591.667,10381.667,1276.6666,61.666668,428.66666,645.0,141.33333,298.66666,0.0,105.666664,193.0,0.0,80956.336,20851.0,20066.666,19575.0,20463.666,1575.3334,61.666668,534.3333,838.0,141.33333,1462.6666,66.333336,352.33334,521.0,523.0,14834.667,30.333334,4825.3335,7778.6665,2200.3333,19.666666,0.33333334,4.3333335,9.666667,5.3333335,5.693287,31.773333,84.80296,0
P012,2013-04-24 00:00:00-04:00,18787.84,291.18033,5923.636,12417.879,155.14575,4.6666665,1.0,2.0,4.3333335,1.0,35650.0,405.0,12566.333,10943.333,11735.333,1254.3334,0.0,348.0,750.6667,155.66667,749.3333,0.0,105.666664,643.0,0.6666667,80956.664,21071.0,20404.0,18862.334,20619.334,2003.6666,0.0,453.66666,1393.6666,156.33333,1713.6666,66.333336,261.66666,851.6667,534.0,15352.667,134.66667,4096.0,8232.667,2889.3333,22.333334,0.6666667,3.0,11.666667,7.0,5.775417,29.517778,83.204445,0
P012,2013-04-25 00:00:00-04:00,24630.08,246.59819,6250.735,15175.306,2957.442,5.3333335,1.0,2.3333333,4.6666665,1.3333334,44070.0,405.0,15236.667,15438.0,12990.333,1986.6666,0.0,623.6667,967.6667,395.33334,1295.0,0.0,415.0,797.3333,82.666664,80220.664,21277.0,20091.0,18214.0,20638.666,3281.6667,0.0,1038.6666,1765.0,478.0,2040.0,66.333336,201.33333,1352.3334,420.0,13157.667,134.66667,1536.3334,6807.3335,4679.3335,23.0,0.6666667,2.6666667,11.333333,8.333333,5.874722,28.723333,83.204445,0
P012,2013-04-26 00:00:00-04:00,36522.86,249.09743,7029.164,20708.414,8536.185,6.3333335,1.0,3.6666667,5.0,2.0,41461.332,264.33334,16308.667,15168.333,9720.0,2897.6667,0.0,658.0,1477.0,762.6667,1608.3334,0.0,597.6667,914.6667,96.0,79349.664,21544.666,19930.666,17743.666,20130.666,4506.0,0.0,1255.6666,2391.6667,858.6667,1788.3334,0.0,286.66666,1234.3334,267.33334,13347.333,134.66667,2700.3333,4293.6665,6218.6665,25.333334,0.6666667,4.3333335,9.0,11.333333,6.0009723,24.508888,80.0,0
P012,2013-04-27 00:00:00-04:00,34842.094,211.37442,7029.2593,14847.318,12754.141,5.6666665,1.0,3.6666667,4.0,2.3333333,40581.332,0.0,16609.0,12977.333,10995.0,2954.0,0.0,654.0,1375.6666,924.3333,1157.6666,0.0,597.6667,464.66666,95.333336,75876.0,21216.0,16873.0,18344.334,19442.666,4111.6665,0.0,1251.6666,1840.3334,1019.6667,1833.6666,0.0,428.33334,904.6667,500.66666,14490.667,0.0,2670.0,3789.3333,8031.3335,22.666666,0.0,4.0,7.3333335,11.333333,6.0009723,24.508888,80.0,0
P012,2013-04-28 00:00:00-04:00,27929.785,208.76419,6333.77,8782.465,12604.787,4.0,1.0,2.6666667,2.6666667,2.3333333,28622.666,0.0,13725.667,7732.6665,7164.3335,2572.0,0.0,367.33334,1044.6666,1160.0,584.3333,0.0,187.33333,240.33333,156.66667,76156.664,20915.334,17287.334,19126.334,18827.666,3156.3333,0.0,554.6667,1285.0,1316.6666,1265.0,0.0,412.33334,360.33334,492.33334,13819.667,0.0,2644.0,3698.6667,7477.0,25.0,0.0,5.6666665,7.0,12.333333,0.0,0.0,0.0,0
P012,2013-04-29 00:00:00-04:00,16263.074,182.22653,5922.424,3072.0264,7086.398,3.6666667,1.0,2.3333333,2.6666667,1.6666666,23013.334,345.33334,10329.333,5925.0,6413.6665,1888.0,2.6666667,351.33334,810.0,724.0,516.0,0.0,217.66667,155.0,143.33333,77665.0,20600.334,17382.334,19848.666,19833.666,2404.0,2.6666667,569.0,965.0,867.3333,837.0,1.6666666,409.66666,168.0,257.66666,11955.0,148.0,3311.6667,3966.3333,4529.0,22.0,0.33333334,5.3333335,7.3333335,9.0,0.0,0.0,0.0,1
P012,2013-04-30 00:00:00-04:00,18057.096,178.97072,5940.645,9075.458,2862.022,4.3333335,1.0,2.3333333,3.6666667,1.3333334,23854.0,1727.6666,8508.667,8456.667,5161.0,2011.6666,2.6666667,345.66666,1187.0,476.33334,838.0,0.0,217.66667,477.0,143.33333,81110.664,20927.334,20445.0,19119.0,20619.334,2849.6667,2.6666667,563.3333,1664.0,619.6667,768.3333,3.6666667,272.33334,479.0,13.333333,12678.0,148.0,4794.6665,5738.0,1997.3334,23.0,0.33333334,5.6666665,9.0,8.0,3.912639,33.215557,72.0,1
P012,2013-05-01 00:00:00-04:00,18474.973,158.7437,6287.242,11854.965,174.0223,5.3333335,1.0,3.3333333,4.3333335,1.0,29454.334,1752.3334,9894.0,11459.333,6348.6665,1727.6666,2.6666667,534.6667,1126.0,64.333336,1083.6666,0.0,458.66666,625.0,0.0,82192.0,21232.666,20333.334,19116.334,21509.666,2811.3333,2.6666667,993.3333,1751.0,64.333336,991.6667,5.6666665,269.0,712.3333,4.6666665,15102.333,148.0,7771.3335,6014.3335,1168.6666,21.333334,0.33333334,6.0,9.666667,5.3333335,4.2820835,30.245556,71.98556,0
P012,2013-05-02 00:00:00-04:00,18864.604,188.21214,6092.659,12370.623,213.10965,4.6666665,1.0,2.6666667,4.0,1.0,29878.334,1428.6666,11789.667,13139.0,3521.0,1577.0,0.0,502.33334,997.3333,77.333336,997.0,0.0,244.66667,752.3333,0.0,82497.664,21575.334,20574.0,18958.334,21390.0,2574.0,0.0,747.0,1749.6666,77.333336,1169.3334,4.0,256.66666,843.3333,65.333336,16269.0,0.0,5682.3335,9067.667,1519.0,22.333334,0.0,6.3333335,9.666667,6.3333335,3.842176,41.76963,79.99037,0
P012,2013-05-03 00:00:00-04:00,23325.643,211.67459,9040.706,10589.1,3484.1636,5.6666665,1.0,3.6666667,4.0,1.6666666,20983.666,46.333332,7022.6665,10746.0,3168.6667,1814.0,0.0,682.0,872.3333,259.66666,882.0,0.0,299.66666,519.0,63.333332,81401.336,21513.666,20186.666,19237.666,20463.334,2696.0,0.0,981.6667,1391.3334,323.0,1790.6666,2.0,329.0,830.0,629.6667,23019.334,60.333332,7124.6665,8712.0,7122.3335,23.0,0.33333334,8.0,7.6666665,7.0,3.8069444,46.046665,83.98556,0
P012,2013-05-04 00:00:00-04:00,20155.213,185.55028,5979.4463,10449.3125,3540.9048,5.3333335,1.0,2.3333333,4.3333335,1.6666666,26407.666,1251.3334,3807.0,13906.333,7443.0,1762.6666,155.33333,339.33334,1064.6666,203.33333,950.3333,0.0,55.0,832.0,63.333332,81244.336,21218.0,20726.0,18837.334,20463.0,2713.0,155.33333,394.33334,1896.6666,266.66666,1615.3334,7.0,238.66667,667.0,702.6667,21864.334,3430.0,3752.0,7966.0,6716.3335,18.333334,1.3333334,5.0,7.0,5.0,5.906528,60.673332,115.40889,0
P012,2013-05-05 00:00:00-04:00,16264.125,221.47546,4344.9624,8192.114,3505.5728,4.3333335,1.0,2.0,3.3333333,1.6666666,33648.668,1229.6666,7512.3335,13185.667,11721.0,1398.0,155.33333,409.66666,557.0,276.0,685.3333,0.0,70.333336,551.6667,63.333332,81742.336,21234.0,20725.666,19422.0,20360.666,2083.3333,155.33333,480.0,1108.6666,339.33334,1854.3334,7.0,167.33333,902.0,778.0,16939.334,3430.0,3076.6667,3108.0,7324.6665,16.0,1.3333334,3.0,6.3333335,5.3333335,8.850695,56.52889,134.81778,0
P012,2013-05-06 00:00:00-04:00,15082.061,243.50706,4507.9243,7243.5703,3087.0593,4.6666665,1.0,3.0,3.6666667,1.3333334,41043.668,1529.6666,11548.333,15131.0,12834.667,1463.3334,155.33333,493.66666,621.6667,192.66667,567.0,0.0,101.333336,465.66666,0.0,82417.336,21296.666,20679.666,19510.334,20930.666,2030.3334,155.33333,595.0,1087.3334,192.66667,1569.0,7.0,177.33333,928.0,456.66666,13027.0,3369.6667,2192.6667,4184.0,3280.6667,18.666666,1.0,4.3333335,7.3333335,6.0,8.850695,56.52889,134.81778,0
P012,2013-05-07 00:00:00-04:00,19536.777,317.56686,4519.8755,11601.5625,3097.7727,5.0,1.0,3.0,4.0,1.3333334,44186.332,960.3333,17256.334,13419.0,12550.667,2094.0,0.0,493.66666,1414.6666,185.66667,557.3333,0.0,105.666664,451.66666,0.0,81128.336,21574.0,20605.666,17941.666,21007.0,2651.3333,0.0,599.3333,1866.3334,185.66667,2509.6667,0.0,350.0,1773.3334,386.33334,12557.0,0.0,2192.6667,6780.6665,3583.6667,21.333334,0.0,4.3333335,9.666667,7.3333335,5.271806,25.94,75.59778,0
P012,2013-05-08 00:00:00-04:00,30060.78,369.10394,6486.414,14144.831,9060.431,7.6666665,1.0,4.6666665,5.3333335,2.0,36241.0,1365.6666,13125.0,13048.333,8702.0,3319.0,0.0,742.0,2058.3333,518.6667,950.0,0.0,327.66666,620.6667,1.6666666,78962.0,21574.334,19924.666,16990.334,20472.666,4269.0,0.0,1069.6666,2679.0,520.3333,3028.3333,1.0,564.3333,1902.3334,560.6667,21321.666,0.0,4966.3335,10420.667,5934.6665,31.0,0.0,7.6666665,12.0,11.333333,5.271806,25.94,75.59778,0
P012,2013-05-10 00:00:00-04:00,34041.766,437.1762,8282.306,16411.26,8911.024,8.333333,1.0,4.6666665,5.6666665,2.3333333,36920.332,430.0,10732.667,15253.0,10504.667,3166.3333,0.6666667,821.6667,1779.3334,564.6667,654.6667,0.0,274.66666,305.0,75.0,79093.336,21499.666,19768.334,18055.666,19769.666,3821.0,0.6666667,1096.3334,2084.3333,639.6667,2863.3333,1.0,619.0,1305.3334,938.0,21926.334,0.0,6754.3335,10904.667,4267.3335,25.0,0.0,8.0,8.666667,8.333333,5.64375,30.064444,82.69778,0
P012,2013-05-12 00:00:00-04:00,85521.78,461.17313,33554.684,42449.074,9056.847,6.0,1.3333334,3.3333333,4.6666665,2.0,42701.0,7224.6665,11930.0,11063.0,12483.333,3038.6667,0.6666667,1172.0,1262.0,604.0,491.0,0.0,118.333336,205.66667,167.0,77297.0,21134.334,18943.334,17770.334,19449.0,3529.6667,0.6666667,1290.3334,1467.6666,771.0,3514.6667,0.0,885.6667,1850.6666,778.3333,19969.0,0.0,6334.6665,7716.6665,5917.6665,31.333334,0.0,9.333333,11.0,11.0,0.0,0.0,0.0,0
P012,2013-05-14 00:00:00-04:00,97151.15,155.63683,11364.725,47483.7,38147.09,7.0,1.3333334,3.0,5.6666665,2.0,41632.332,7298.0,11871.667,12745.333,9717.333,4483.0,0.0,1197.6666,1656.0,1629.3334,1230.3334,0.0,597.3333,471.33334,161.66667,74184.336,20852.334,18370.0,16971.666,17990.334,5713.3335,0.0,1795.0,2127.3333,1791.0,4067.6667,0.0,750.6667,2011.6666,1305.3334,24921.666,0.0,6547.0,10278.333,8096.3335,38.333332,0.0,7.3333335,13.666667,17.333334,5.8795834,29.48,84.0,0
P012,2013-05-15 00:00:00-04:00,89891.66,324.37027,14179.282,43454.074,31933.932,7.0,1.3333334,3.6666667,5.3333335,1.6666666,35322.668,832.6667,12708.333,13679.0,8102.6665,4127.0,0.0,1285.3334,1674.0,1167.6666,1007.0,0.0,606.0,337.33334,63.666668,76321.336,21063.666,18253.666,17772.0,19232.0,5134.0,0.0,1891.3334,2011.3334,1231.3334,3388.0,0.0,983.6667,1549.0,855.3333,25604.334,0.0,9062.333,10006.667,6535.3335,36.666668,0.0,8.333333,11.0,17.333334,5.8795834,29.48,84.0,0
P012,2013-05-16 00:00:00-04:00,160726.58,312.3005,9217.166,70345.79,80851.31,7.0,1.3333334,3.3333333,5.3333335,2.0,39303.332,745.0,14799.0,15256.667,8502.667,4286.3335,0.0,1034.6666,1504.0,1747.6666,2829.0,0.0,514.0,373.33334,1941.6666,74526.336,21303.0,19314.334,17550.0,16359.0,7115.3335,0.0,1548.6666,1877.3334,3689.3333,4063.0,0.0,510.66666,2145.3333,1407.0,23029.334,60.333332,6107.0,10475.0,6387.0,39.0,0.33333334,10.666667,11.333333,16.666666,5.360139,33.636665,84.001114,0
P012,2013-05-17 00:00:00-04:00,105765.484,307.99548,8788.033,41973.75,54695.707,6.0,1.3333334,3.3333333,4.6666665,2.0,32302.334,1252.0,11848.333,9721.333,9480.667,3218.6667,0.0,732.3333,1255.3334,1231.0,2934.0,0.0,164.66667,373.66666,2395.6667,76223.336,21439.0,19816.666,18452.334,16515.334,6152.6665,0.0,897.0,1629.0,3626.6667,3125.0,0.0,710.6667,1302.0,1112.3334,21780.334,94.0,6823.6665,7878.6665,6984.0,42.0,0.6666667,9.333333,11.666667,20.333334,4.8406944,37.793335,84.00222,0
P012,2013-05-20 00:00:00-04:00,33183.01,1174.4962,10078.067,13143.291,8787.155,5.3333335,1.3333334,3.0,4.6666665,2.6666667,32152.0,1124.3334,9339.333,12285.333,9403.0,3156.6667,65.333336,572.6667,1599.3334,919.3333,468.66666,0.0,239.66667,217.33333,11.666667,77641.336,20743.666,19528.666,18376.666,18992.334,3625.3333,65.333336,812.3333,1816.6666,931.0,1962.6666,71.666664,516.6667,624.6667,749.6667,21055.666,442.33334,4049.3333,7176.6665,9387.333,30.0,1.0,4.0,11.666667,13.333333,5.5401387,36.195557,88.0,0
P012,2013-05-21 00:00:00-04:00,38485.24,1181.2556,16921.465,12665.734,7716.784,6.3333335,1.3333334,4.0,5.3333335,2.3333333,36957.668,495.0,12022.333,14923.0,9517.333,3916.0,65.333336,1019.0,2131.6667,700.0,692.0,0.0,324.0,363.33334,4.6666665,76238.0,20687.666,18390.666,17935.0,19224.666,4608.0,65.333336,1343.0,2495.0,704.6667,2223.0,71.666664,1082.3334,349.66666,719.3333,21052.0,442.33334,5000.0,8260.667,7349.0,31.333334,1.0,5.6666665,11.333333,13.333333,0.0,0.0,0.0,0
P012,2013-05-22 00:00:00-04:00,39949.652,112.754616,13399.486,18656.412,7780.9995,7.0,1.0,4.6666665,6.3333335,2.3333333,47760.668,0.0,17029.666,19872.666,10858.333,3556.0,0.0,1015.0,1885.6666,655.3333,1083.3334,0.0,404.66666,509.0,169.66667,76563.336,20806.666,18629.0,17737.334,19390.334,4639.3335,0.0,1419.6666,2394.6667,825.0,1896.0,0.0,751.3333,631.0,513.6667,19809.666,0.0,4898.6665,8798.333,6112.6665,28.666666,0.0,7.0,10.0,11.666667,0.0,0.0,0.0,0
P012,2013-05-23 00:00:00-04:00,35396.37,124.13709,10003.876,21083.754,4184.6035,6.0,1.0,3.3333333,5.6666665,2.3333333,35730.332,50.666668,11970.667,15170.667,8538.333,2866.3333,0.0,698.0,1595.6666,572.6667,1054.3334,0.0,166.66667,719.3333,168.33333,76927.336,20707.334,19220.334,17541.666,19458.0,3920.6667,0.0,864.6667,2315.0,741.0,2098.6667,0.0,618.0,808.0,672.6667,18139.334,20.0,3072.3333,9057.333,5989.6665,26.666666,0.33333334,6.6666665,10.333333,9.333333,6.859861,33.63778,96.0,0
P012,2013-05-25 00:00:00-04:00,24100.352,121.46227,6868.8633,14014.217,3095.809,6.3333335,1.0,3.3333333,5.3333335,2.6666667,24077.334,51.666668,7554.3335,10955.667,5515.6665,3011.0,8.333333,605.0,1336.6666,1061.0,1405.0,0.0,235.0,776.3333,393.66666,78120.0,21222.666,19603.334,17909.666,19384.334,4416.0,8.333333,840.0,2113.0,1454.6666,2430.6667,6.0,771.3333,1135.3334,518.0,26436.334,93.666664,4295.0,9905.667,12142.0,30.333334,1.0,5.3333335,13.666667,10.333333,6.859861,33.63778,96.0,0
P012,2013-05-31 00:00:00-04:00,53326.457,3115.2566,9765.796,36706.242,3739.1606,5.6666665,1.6666666,3.6666667,4.0,1.6666666,62989.0,17352.666,17163.666,11489.667,16983.0,4311.0,155.33333,1140.3334,2621.3333,394.0,1638.0,158.33333,809.3333,510.66666,159.66667,71561.664,21042.666,18687.0,15648.333,16183.667,5949.0,313.66666,1949.6666,3132.0,553.6667,2358.0,153.0,601.3333,1453.3334,150.33333,20606.334,238.66667,4792.3335,10744.333,4831.0,33.666668,0.6666667,10.0,14.666667,8.333333,1.19625,75.64889,92.702225,0
P013,2013-04-09 00:00:00-04:00,12042.087,2471.928,2245.4197,2725.1113,4599.628,2.6666667,1.6666666,1.3333334,2.0,1.6666666,39546.0,7863.6665,10574.333,11833.333,9274.667,1142.3334,29.666666,192.0,513.0,407.66666,20.0,20.0,0.0,0.0,0.0,83060.664,21036.334,21046.334,20526.0,20452.0,1162.3334,49.666668,192.0,513.0,407.66666,1019.0,226.0,107.0,279.66666,406.33334,11786.0,1225.5,217.5,4188.0,6155.0,39.0,2.5,2.0,15.0,19.5,7.105139,43.427776,102.753334,0
P013,2013-04-10 00:00:00-04:00,10187.158,93.99502,4638.4336,770.6996,4684.0303,2.3333333,1.0,2.0,1.6666666,2.3333333,35819.0,2891.0,5243.6665,15125.0,12559.333,1956.0,4.3333335,422.33334,1138.6666,390.66666,177.33333,0.0,0.0,94.0,83.333336,80699.664,21062.666,20342.666,19389.334,19905.0,2133.3333,4.3333335,422.33334,1232.6666,474.0,1264.0,70.333336,270.0,370.0,553.6667,15280.0,45.5,369.0,8064.0,6801.5,43.0,0.5,3.5,20.0,19.0,7.308241,42.219257,103.16963,0
P014,2013-03-28 00:00:00-04:00,4204.594,130.3796,1397.7448,1658.3981,1018.0719,6.5,1.5,3.5,4.5,3.5,16668.0,520.0,5560.5,3035.5,7552.0,13199.0,1098.5,2321.5,3356.0,6423.0,526.0,0.0,235.0,126.5,164.5,68800.0,19545.0,18307.5,16997.0,13950.5,13725.0,1098.5,2556.5,3482.5,6587.5,1384.0,111.5,141.5,596.5,534.5,32585.5,1453.0,3374.0,11961.5,15797.0,35.0,2.5,6.5,14.0,12.0,6.4466667,37.36222,105.59778,1
P014,2013-03-29 00:00:00-04:00,4821.4346,395.79517,1292.7595,1768.5376,1364.3423,7.0,2.0,3.0,4.3333335,4.0,17992.666,439.66666,5191.0,4666.3335,7695.6665,13773.667,1051.0,1950.6666,3412.6667,7359.3335,584.0,3.6666667,161.0,233.0,186.33333,68828.336,19893.0,18930.0,17113.666,12891.667,14357.667,1054.6666,2111.6667,3645.6667,7545.6665,1543.6666,88.333336,159.66667,487.66666,808.0,34866.332,1614.0,4931.6665,12091.333,16229.333,35.666668,3.0,5.6666665,15.0,12.0,6.4470835,39.054443,107.293335,0
P014,2013-03-30 00:00:00-04:00,4851.371,654.9178,1103.206,1582.4918,1510.7551,6.6666665,2.3333333,2.6666667,4.0,4.0,16725.334,2252.0,4908.3335,3848.3333,5716.6665,15869.0,1874.0,1678.3334,3743.3333,8573.333,350.33334,4.3333335,8.0,229.33333,108.666664,68075.336,19233.0,19663.0,17288.334,11891.0,16219.333,1878.3334,1686.3334,3972.6667,8682.0,1623.3334,232.66667,156.33333,276.33334,958.0,34002.0,3480.3333,3818.3333,9839.0,16864.334,32.666668,4.3333335,4.6666665,10.666667,13.0,6.4475,40.746666,108.98889,0
P014,2013-03-31 00:00:00-04:00,3730.2798,787.23395,645.02985,1036.4028,1261.6133,6.3333335,2.6666667,2.0,3.3333333,4.0,20200.334,2535.3333,3252.3333,8898.0,5514.6665,12471.333,3174.0,1270.6666,2261.0,5765.6665,259.0,22.0,4.3333335,148.66667,84.0,71406.336,17848.0,19982.666,18855.0,14720.667,12730.333,3196.0,1275.0,2409.6667,5849.6665,1726.0,463.66666,225.0,177.66667,859.6667,30100.666,5967.3335,4275.3335,6194.6665,13663.333,31.0,5.3333335,3.0,10.333333,12.333333,6.4475,40.746666,108.98889,0
P014,2013-04-01 00:00:00-04:00,3114.3586,615.3604,724.70245,871.2362,903.0596,6.3333335,2.3333333,2.6666667,3.6666667,3.3333333,21324.0,2488.6667,2722.3333,7315.6665,8797.333,9388.333,2864.0,1358.3334,1955.0,3211.0,299.66666,96.333336,0.0,85.666664,117.666664,74316.336,17964.334,19840.334,19024.334,17487.334,9688.0,2960.3333,1358.3334,2040.6666,3328.6667,1361.3334,470.66666,169.0,245.66667,476.0,25550.334,5940.0,3180.0,6387.6665,10042.667,32.333332,8.333333,3.6666667,7.6666665,12.666667,5.179167,51.11111,109.206665,0
P014,2013-04-02 00:00:00-04:00,2796.2734,395.7301,623.6061,922.4393,854.4979,7.3333335,2.3333333,2.3333333,4.0,3.0,25772.666,2053.0,2657.0,10132.0,10930.667,8605.667,2141.0,1317.6666,1462.0,3685.0,540.6667,172.33333,0.0,100.0,268.33334,74376.664,18552.0,19670.334,19217.334,16937.0,9146.333,2313.3333,1317.6666,1562.0,3953.3333,1268.3334,391.66666,238.0,383.0,255.66667,27793.334,3939.3333,2833.6667,10172.0,10848.333,31.333334,7.0,4.0,9.0,11.333333,6.174722,46.144444,112.204445,0
P014,2013-04-03 00:00:00-04:00,3785.466,521.55133,1153.967,1021.0761,1088.8717,7.6666665,2.6666667,3.0,4.3333335,2.6666667,31418.666,1855.3334,5433.6665,9868.667,14261.0,8769.333,587.6667,1438.6666,1863.6666,4879.3335,836.6667,316.0,6.0,100.0,414.66666,73456.0,20124.666,19564.666,18531.0,15235.667,9606.0,903.6667,1444.6666,1963.6666,5294.0,1185.3334,94.0,82.333336,533.0,476.0,34895.668,1812.6666,5920.6665,13178.667,13983.667,31.0,6.6666665,4.0,9.333333,11.0,6.174722,46.144444,112.204445,0
P014,2013-04-04 00:00:00-04:00,3961.6775,407.4345,970.9141,1518.39,1064.939,7.3333335,2.3333333,2.3333333,4.0,2.6666667,36664.332,2487.0,7480.3335,13200.0,13497.0,10871.333,904.6667,1347.6666,2035.6666,6583.3335,690.6667,238.0,15.666667,109.666664,327.33334,70967.336,19706.0,19511.666,18272.334,13477.333,11562.0,1142.6666,1363.3334,2145.3333,6910.6665,1197.3334,140.0,86.333336,483.0,488.0,38362.0,1467.0,6667.0,14793.333,15434.667,24.0,2.6666667,3.3333333,9.666667,8.333333,6.799028,40.544445,111.59889,0
P014,2013-04-05 00:00:00-04:00,3820.298,393.3602,1307.0432,1323.8276,796.06714,6.3333335,2.0,3.3333333,4.0,2.0,40618.668,1986.0,11875.0,16502.0,10255.667,12398.0,1047.0,1706.6666,1665.0,7979.3335,607.3333,161.33333,24.0,102.0,320.0,68851.336,19569.666,19079.334,18680.334,11522.0,13005.333,1208.3334,1730.6666,1767.0,8299.333,1341.3334,74.666664,20.0,329.33334,917.3333,38193.332,1514.0,10012.667,10474.0,16192.667,22.0,2.3333333,3.6666667,7.3333335,8.666667,6.427778,39.91111,107.99555,0
P014,2013-04-06 00:00:00-04:00,3355.9304,338.57364,780.6123,1547.7749,688.96954,6.0,2.0,2.6666667,4.0,2.3333333,30735.334,1905.6666,7977.3335,13039.0,7813.3335,12186.0,2012.0,969.0,1694.3334,7510.6665,602.6667,153.66667,23.0,190.33333,235.66667,69312.664,18367.666,19681.334,18679.0,12584.667,12788.667,2165.6667,992.0,1884.6666,7746.3335,1166.0,177.66667,16.0,322.33334,650.0,32332.334,2279.3333,6055.3335,9373.0,14624.667,26.666666,3.3333333,2.6666667,11.0,9.666667,7.194722,46.907776,121.12778,0
P014,2013-04-07 00:00:00-04:00,2824.0027,373.9514,608.5401,1036.4617,805.0495,5.3333335,2.3333333,2.6666667,4.0,3.0,28227.334,3258.3333,6435.3335,13386.0,5147.6665,10562.333,2795.3333,708.3333,1228.6666,5830.0,643.6667,156.33333,13.333333,98.333336,375.66666,71927.0,17865.0,20208.666,19525.334,14328.0,11206.0,2951.6667,721.6667,1327.0,6205.6665,1156.6666,140.0,5.3333335,295.0,716.3333,30199.0,4028.0,6176.0,5361.6665,14633.333,32.333332,3.6666667,2.6666667,11.0,15.0,5.958611,57.863335,122.19444,0
P014,2013-04-08 00:00:00-04:00,3082.6099,367.57187,565.0953,1185.0812,964.86163,5.6666665,2.3333333,2.6666667,4.0,3.6666667,30919.334,9582.667,6295.0,8509.333,6532.3335,7725.0,2553.0,982.3333,2167.0,2022.6666,672.3333,156.33333,84.333336,189.66667,242.0,75761.664,18392.666,20065.334,18520.334,18783.334,8397.333,2709.3333,1066.6666,2356.6667,2264.6667,874.3333,140.0,8.0,392.66666,333.66666,25219.334,3964.3333,4023.6667,7473.6665,9757.667,36.333332,4.0,2.0,14.0,16.333334,5.958611,57.863335,122.19444,0
P014,2013-04-09 00:00:00-04:00,3264.8088,273.7922,707.2559,1190.8661,1092.8947,6.3333335,1.6666666,3.3333333,4.3333335,3.6666667,33815.668,10616.333,9660.333,9237.333,4301.6665,8989.333,1196.3334,1723.0,2271.6667,3798.3333,598.6667,3.6666667,84.666664,180.33333,330.0,74530.664,20148.0,19444.666,18289.0,16649.0,9588.0,1200.0,1807.6666,2452.0,4128.3335,796.3333,29.333334,15.0,404.66666,347.33334,28874.334,2320.6667,4320.0,10020.333,12213.333,34.0,1.6666666,4.0,13.0,15.333333,3.9555554,61.822224,110.12889,0
P014,2013-04-10 00:00:00-04:00,3502.2803,417.9073,1287.807,873.5821,922.98395,6.6666665,2.0,4.6666665,3.6666667,3.0,33698.332,9431.333,12044.0,8216.333,4006.6667,8866.667,335.33334,2206.3333,2013.0,4312.0,887.0,80.666664,306.33334,185.0,315.0,73094.336,20631.334,18391.334,18241.0,15830.667,9753.667,416.0,2512.6667,2198.0,4627.0,898.6667,67.333336,81.666664,405.66666,344.0,33657.332,911.6667,6337.3335,14084.333,12324.0,34.333332,3.0,5.3333335,13.333333,12.666667,4.2469444,43.064445,93.702225,0
P014,2013-04-11 00:00:00-04:00,3565.805,514.1694,1207.0198,1044.5637,800.05206,6.6666665,2.0,4.3333335,3.6666667,2.6666667,33603.332,2833.0,9540.0,11418.667,9811.667,7782.0,338.66666,1794.6666,1533.0,4115.6665,768.6667,80.666664,230.33333,159.66667,298.0,73914.0,20304.334,18637.0,18697.0,16275.667,8550.667,419.33334,2025.0,1692.6666,4413.6665,673.3333,71.666664,87.0,310.33334,204.33333,38096.668,840.6667,7470.0,16458.334,13327.667,35.666668,2.6666667,6.6666665,12.0,14.333333,5.8605556,39.537777,103.08444,0
P014,2013-04-12 00:00:00-04:00,2940.3452,388.35022,1382.3726,720.5139,449.1086,5.6666665,2.0,4.0,2.6666667,2.0,45420.668,3438.6667,10920.333,14442.667,16619.0,7655.6665,260.66666,1536.6666,1207.3334,4651.0,610.3333,79.666664,295.33334,87.333336,148.0,72519.336,20397.666,19057.0,19498.334,13566.333,8266.0,340.33334,1832.0,1294.6666,4799.0,841.6667,214.66667,89.333336,151.33333,386.33334,29626.0,830.3333,10512.667,11519.0,6764.0,29.333334,3.0,6.6666665,8.666667,11.0,5.8605556,39.537777,103.08444,0
P014,2013-04-14 00:00:00-04:00,2388.6484,552.0414,749.49854,297.76785,789.3405,5.5,2.5,3.0,2.0,3.0,45785.0,3035.5,11056.5,19588.0,12105.0,8644.5,789.0,1062.5,808.0,5985.0,247.5,2.5,105.5,17.0,122.5,72028.0,20161.0,20209.0,20374.0,11284.0,8892.0,791.5,1168.0,825.0,6107.5,964.0,358.5,18.0,195.5,392.0,15052.0,2218.0,8623.5,1639.0,2571.5,24.5,4.0,6.0,10.0,4.5,5.553056,49.426666,110.513336,0
P014,2013-04-15 00:00:00-04:00,3860.1904,588.1221,686.6964,684.5664,1900.8055,6.5,2.5,3.5,2.5,4.5,26691.5,48.5,8327.0,15555.5,2760.5,4961.0,775.0,642.0,914.5,2629.5,474.5,2.5,117.5,123.0,231.5,78210.0,20262.5,20213.5,19933.5,17800.5,5435.5,777.5,759.5,1037.5,2861.0,1019.5,144.0,202.0,200.5,473.0,23808.5,1915.5,5727.0,7840.0,8326.0,33.0,3.0,4.5,17.0,8.5,6.3020835,38.785557,105.86444,0
P014,2013-04-16 00:00:00-04:00,4194.6436,800.45636,559.6655,1145.8008,1688.721,6.6666665,2.6666667,2.6666667,3.3333333,4.3333335,29924.666,42.666668,6417.6665,17570.334,5894.0,6697.3335,1763.0,558.0,2039.3334,2337.0,534.0,184.66667,78.333336,88.0,183.0,75998.336,18662.666,20349.0,18822.334,18164.334,7231.3335,1947.6666,636.3333,2127.3333,2520.0,1196.3334,526.3333,138.0,158.33333,373.66666,24127.334,2800.3333,3841.3333,9246.333,8239.333,31.0,3.0,3.3333333,15.0,9.666667,6.3020835,38.785557,105.86444,0
P014,2013-04-17 00:00:00-04:00,4038.6284,609.9222,922.39954,1277.7466,1228.5602,6.6666665,2.0,3.3333333,4.0,3.0,30678.666,10.333333,9244.0,14961.0,6463.3335,7219.6665,1246.3334,1080.6666,2275.6667,2617.0,519.6667,183.0,80.666664,83.333336,172.66667,75120.0,19160.334,19688.334,18579.666,17691.666,7739.3335,1429.3334,1161.3334,2359.0,2789.6667,1054.0,430.33334,147.0,33.666668,443.0,24639.334,1523.3334,5219.3335,11371.667,6525.0,23.0,1.0,4.0,11.333333,6.6666665,6.314722,28.51111,95.69111,0
P014,2013-04-18 00:00:00-04:00,4520.574,1049.3093,829.25415,1590.2031,1051.8077,7.0,2.6666667,3.0,4.6666665,2.3333333,34848.332,34.0,9475.333,14066.667,11272.333,7991.0,1746.3334,1017.3333,2646.6667,2580.6667,989.0,342.66666,5.0,104.0,537.3333,73477.664,18342.334,19729.0,17941.666,17464.666,8980.0,2089.0,1022.3333,2750.6667,3118.0,814.6667,447.33334,92.0,109.666664,165.66667,24461.666,1523.3334,3824.6667,12804.0,6309.6665,21.666666,1.0,3.0,7.6666665,10.0,5.5783334,28.877777,90.166664,0
P014,2013-04-19 00:00:00-04:00,5122.725,920.8207,1201.4105,1327.0074,1673.4865,8.0,2.3333333,4.6666665,4.6666665,2.3333333,32486.666,931.6667,13425.0,10911.333,7218.6665,8847.0,816.6667,1311.3334,1526.0,5193.0,1921.6666,239.0,69.0,225.33333,1388.3334,72181.336,19959.334,19531.334,19060.334,13630.333,10768.667,1055.6666,1380.3334,1751.3334,6581.3335,976.0,18.666666,89.333336,153.66667,714.3333,27332.666,198.33333,7405.3335,10176.0,9553.0,21.0,0.6666667,4.0,6.6666665,9.666667,5.5783334,28.877777,90.166664,0
P014,2013-04-20 00:00:00-04:00,4917.983,1230.4263,784.2181,1208.2223,1695.1162,8.0,3.3333333,3.3333333,4.6666665,2.6666667,31636.334,938.0,7977.0,9742.0,12979.333,8414.333,1807.3334,655.3333,1401.3334,4550.3335,2311.0,622.0,66.666664,233.0,1389.3334,72621.0,18314.0,20390.666,19375.0,14541.333,10725.333,2429.3333,722.0,1634.3334,5939.6665,1336.6666,468.0,77.666664,155.33333,635.6667,29666.666,2043.6666,3815.6667,9352.0,14455.333,30.0,3.6666667,1.6666666,7.6666665,17.0,10.921945,49.162224,153.2,0
P014,2013-04-21 00:00:00-04:00,3153.031,771.342,628.5707,604.66705,1148.4513,7.0,2.6666667,3.3333333,3.6666667,2.6666667,35237.332,4120.3335,7538.0,9656.333,13922.667,6258.3335,1390.6666,723.3333,669.6667,3474.6667,1694.6666,462.33334,64.0,203.66667,964.6667,76325.336,19092.666,20585.0,20398.334,16249.333,7953.0,1853.0,787.3333,873.3333,4439.3335,1177.3334,454.33334,4.6666665,84.666664,633.6667,30194.334,3905.6667,6065.6665,3738.3333,16484.666,31.333334,7.0,2.0,6.3333335,16.0,10.921945,49.162224,153.2,0
P014,2013-04-22 00:00:00-04:00,2539.8892,678.1452,854.2285,284.8998,722.6156,6.0,3.0,3.0,2.6666667,2.6666667,39425.332,6037.0,5198.0,12811.667,15378.667,4235.0,1218.3334,876.0,635.3333,1505.3334,901.3333,383.0,91.666664,80.0,346.66666,78692.0,19221.666,20265.666,20392.666,18812.0,5136.3335,1601.3334,967.6667,715.3333,1852.0,1084.6666,454.66666,11.333333,105.0,513.6667,31988.334,3815.0,4216.6665,8394.667,15562.0,34.333332,7.0,3.0,8.333333,16.0,8.210972,49.996666,132.34666,0
P014,2013-04-23 00:00:00-04:00,2767.7026,409.8328,954.388,427.61197,975.8698,6.0,2.6666667,3.3333333,3.0,3.3333333,35771.668,6073.0,6817.0,10554.0,12327.667,5450.3335,1593.6666,958.6667,759.3333,2138.6667,584.3333,15.333333,91.666664,72.333336,405.0,77391.336,19444.666,20013.666,20049.0,17884.0,6034.6665,1609.0,1050.3334,831.6667,2543.6667,833.0,74.333336,20.0,159.66667,579.0,32141.0,3698.6667,5430.0,9313.333,13699.0,34.333332,5.3333335,5.6666665,11.0,12.333333,5.8216667,47.885555,111.12111,0
P014,2013-04-24 00:00:00-04:00,3031.902,398.55356,918.45026,429.84238,1285.0558,6.0,2.3333333,3.0,3.0,3.6666667,33032.668,3584.0,9223.667,13638.0,6587.0,7681.3335,1572.6666,762.6667,1017.0,4329.0,740.6667,15.333333,113.333336,3.6666667,608.3333,74128.664,19299.334,19948.666,19697.666,15183.0,8422.0,1588.0,876.0,1020.6667,4937.3335,1038.0,71.0,90.0,158.33333,718.6667,33250.668,1991.3334,5298.6665,11676.333,14284.333,29.333334,2.3333333,6.3333335,9.666667,11.0,5.563426,44.183704,105.35333,0
P014,2013-04-25 00:00:00-04:00,2697.7212,281.6118,466.1967,767.34595,1182.5668,6.0,2.0,2.0,4.0,4.0,39175.332,5803.0,13947.667,9764.333,9660.333,6882.6665,1552.3334,405.66666,1072.6666,3852.0,770.0,15.333333,84.333336,85.666664,584.6667,74903.336,19079.666,20170.334,19416.0,16237.333,7652.6665,1567.6666,490.0,1158.3334,4436.6665,605.3333,141.33333,85.333336,136.0,242.66667,25301.666,3523.6667,5903.6665,6599.3335,9275.0,21.0,3.3333333,4.3333335,6.0,7.3333335,5.595139,40.86,102.28333,0
P014,2013-04-26 00:00:00-04:00,63381.43,166.23643,59950.684,527.31964,2737.1917,5.6666665,1.6666666,2.6666667,2.3333333,3.0,43988.332,12338.333,14562.667,8604.333,8483.0,7556.3335,190.0,1228.3334,1463.0,4675.0,849.0,0.0,297.0,98.0,454.0,73037.664,20741.334,19296.334,17283.666,15716.333,8405.333,190.0,1525.3334,1561.0,5129.0,2663.6667,75.0,154.33333,2107.3333,327.0,29501.666,1794.6666,8237.333,8037.3335,11432.333,24.333334,2.0,3.0,9.0,10.333333,5.0469446,36.78,93.81778,0
P014,2013-04-28 00:00:00-04:00,181732.3,104.93009,89489.86,89321.914,2815.587,5.0,1.5,3.0,2.0,1.0,24842.0,9876.0,3932.0,2330.0,8704.0,7574.0,987.5,1725.5,2376.5,2484.5,348.0,0.0,329.5,18.5,0.0,68936.0,20067.0,18912.5,11645.0,18311.5,7922.0,987.5,2055.0,2395.0,2484.5,7473.5,44.5,125.5,7040.0,263.5,37624.5,1739.0,6066.0,11404.0,18415.5,46.0,4.0,3.5,21.0,17.5,7.083611,50.013332,123.344444,0
P014,2013-04-29 00:00:00-04:00,90387.96,56.43074,335.3345,89377.81,618.3824,5.5,1.0,3.0,2.5,2.5,35831.5,10809.5,4097.5,9031.0,11893.5,5029.5,1423.0,781.5,1836.5,988.5,232.5,0.0,107.0,0.0,125.5,74628.5,19478.0,20193.0,15252.0,19705.5,5262.0,1423.0,888.5,1836.5,1114.0,4442.5,197.5,11.5,3993.0,240.5,37301.0,8223.5,1164.0,12311.0,15602.5,52.0,13.5,3.5,19.0,16.0,7.083611,50.013332,123.344444,1
P014,2013-04-30 00:00:00-04:00,60994.7,81.26405,365.79675,59813.637,734.00195,6.0,1.0,2.6666667,3.3333333,2.6666667,51231.0,14406.333,9931.667,11764.0,15129.0,4482.3335,948.6667,615.3333,1937.3334,981.0,155.0,0.0,71.333336,0.0,83.666664,77089.0,20183.666,20563.334,16483.666,19858.334,4637.3335,948.6667,686.6667,1937.3334,1064.6666,3288.0,131.66667,10.333333,2830.3333,315.66666,35454.332,5482.3335,2346.0,12036.333,15589.667,47.333332,9.0,5.3333335,17.0,16.0,7.083611,50.013332,123.344444,0
P014,2013-05-01 00:00:00-04:00,2723.0105,320.87885,821.02423,460.57025,1120.5371,7.0,1.6666666,3.6666667,3.3333333,3.6666667,64404.0,21600.0,15671.0,12401.333,14731.667,6028.6665,615.0,932.0,1615.6666,2866.0,312.0,0.0,154.33333,1.0,156.66667,78772.0,20401.334,20501.334,19773.0,18096.334,6340.6665,615.0,1086.3334,1616.6666,3022.6667,1214.3334,578.0,4.3333335,187.0,445.0,35471.332,5012.6665,5715.6665,12677.0,12066.0,41.666668,7.3333335,6.0,14.333333,14.0,0.0,0.0,0.0,0
P014,2013-05-02 00:00:00-04:00,3075.7554,336.71884,883.70264,719.06903,1136.2648,7.6666665,1.6666666,3.0,4.3333335,4.0,50691.668,14400.0,15885.667,10108.0,10298.0,6459.0,321.0,809.0,1685.3334,3643.6667,401.0,0.0,149.33333,81.666664,170.0,78184.0,20762.0,20585.666,19572.666,17263.666,6860.0,321.0,958.3333,1767.0,3813.6667,1079.0,473.33334,7.0,185.0,413.66666,34653.0,689.6667,7776.0,12798.0,13389.333,31.666666,1.0,6.0,12.0,12.666667,0.0,0.0,0.0,0
P014,2013-05-03 00:00:00-04:00,3290.8296,318.02615,1419.7375,573.7625,979.3034,7.6666665,1.6666666,4.3333335,3.0,4.0,48376.0,13407.667,14049.667,10620.667,10298.0,9740.333,321.0,1346.3334,1218.3334,6854.6665,812.6667,0.0,229.0,141.66667,442.0,73797.0,20677.666,19805.0,20031.666,13282.667,10553.0,321.0,1575.3334,1360.0,7296.6665,1334.0,473.33334,71.0,16.666666,773.0,38476.0,689.6667,9804.0,13571.333,14411.0,36.0,1.0,7.0,16.0,12.0,0.0,0.0,0.0,0
P014,2013-05-04 00:00:00-04:00,2844.0503,352.29645,1008.98364,568.99396,913.77625,6.6666665,1.6666666,3.3333333,2.3333333,4.0,49062.668,13407.667,13734.667,9076.333,12844.0,9112.333,1977.6666,795.3333,735.0,5604.3335,1110.6666,367.0,139.0,140.66667,464.0,73826.664,18849.334,20271.666,20375.0,14330.667,10223.0,2344.6667,934.3333,875.6667,6068.3335,996.0,126.0,80.333336,0.0,789.6667,35072.668,2980.6667,6071.3335,10115.0,15905.667,36.0,3.6666667,7.0,13.0,12.333333,0.0,0.0,0.0,0
P014,2013-05-05 00:00:00-04:00,2468.797,347.23282,836.61926,697.3083,587.6367,5.3333335,1.6666666,3.3333333,2.0,2.6666667,58942.332,20607.666,17171.666,8044.3335,13118.667,7777.6665,1977.6666,797.3333,670.6667,4332.0,1060.0,367.0,79.666664,243.0,370.33334,74612.664,18671.666,20153.666,20155.666,15631.667,8837.667,2344.6667,877.0,913.6667,4702.3335,881.0,126.0,76.0,0.0,679.0,27490.0,2980.6667,6260.0,5388.3335,12861.0,32.666668,3.6666667,6.3333335,10.666667,12.0,0.0,0.0,0.0,0
P014,2013-05-06 00:00:00-04:00,2732.2896,351.33325,695.57587,845.61,839.77045,5.0,1.6666666,2.6666667,3.0,3.0,45542.668,19992.334,17814.334,1788.3334,5947.6665,6275.0,1977.6666,1153.0,979.6667,2164.6667,1328.6666,367.0,312.66666,185.33333,463.66666,75293.0,18435.0,19322.0,19753.0,17783.0,7603.6665,2344.6667,1465.6666,1165.0,2628.3333,819.6667,193.66667,164.33333,3.6666667,458.0,23708.334,3021.3333,3735.0,4260.6665,12691.333,28.0,4.0,6.3333335,7.0,10.666667,0.7430556,48.851112,59.56889,0
P014,2013-05-07 00:00:00-04:00,2984.1636,200.52498,752.87866,1152.5522,878.2076,5.6666665,1.3333334,2.6666667,3.6666667,3.0,53695.668,19574.334,19204.0,8345.667,6571.6665,5683.6665,162.33333,1283.3334,1215.3334,3022.6667,1209.0,143.33333,312.66666,248.0,505.0,73946.336,20454.334,19051.0,17385.0,17056.0,6892.6665,305.66666,1596.0,1463.3334,3527.6667,607.0,68.666664,158.33333,9.0,371.0,23799.0,780.0,5941.6665,6420.3335,10657.0,32.666668,2.3333333,8.333333,10.0,12.0,0.7430556,48.851112,59.56889,0
P014,2013-05-08 00:00:00-04:00,2948.523,200.90527,1098.2318,820.9134,828.4726,6.3333335,1.3333334,3.3333333,3.6666667,3.0,46029.668,12374.333,16859.0,10126.333,6670.0,6022.3335,162.33333,1441.6666,1554.0,2864.3333,1115.0,143.33333,390.33334,79.666664,501.66666,73963.0,20546.334,18892.334,17219.666,17304.666,7137.3335,305.66666,1832.0,1633.6666,3366.0,682.6667,68.666664,162.66667,83.0,368.33334,26801.666,1032.0,6567.3335,9382.0,9820.333,37.333332,2.6666667,10.0,13.0,11.666667,2.560139,39.98,77.12334,1
P014,2013-05-09 00:00:00-04:00,2619.1177,260.51755,633.02954,1004.0703,721.50024,6.6666665,1.6666666,2.6666667,3.6666667,2.3333333,40431.0,7090.6665,11346.0,11143.667,10850.667,4610.0,321.33334,543.0,1660.6666,2085.0,581.6667,144.66667,77.666664,163.66667,195.66667,73117.336,20533.666,20323.0,17075.666,15185.0,5191.6665,466.0,620.6667,1824.3334,2280.6667,250.33333,1.0,8.666667,93.666664,147.0,25038.0,1958.6666,8211.0,8979.667,5888.6665,39.0,6.0,6.3333335,16.333334,10.333333,5.863333,31.108889,94.67778,1
P014,2013-05-12 00:00:00-04:00,1025.4836,136.46779,80.14584,481.71176,327.15826,5.0,1.0,1.0,3.0,3.0,15835.0,2378.0,2429.0,2015.0,9013.0,7510.0,3041.0,1773.0,1157.0,1539.0,216.0,0.0,208.0,0.0,8.0,76435.0,17712.0,19463.0,19761.0,19499.0,7726.0,3041.0,1981.0,1157.0,1547.0,1504.0,732.0,0.0,471.0,301.0,35114.0,7717.0,9551.0,13518.0,4328.0,42.0,6.0,7.0,13.0,16.0,5.6727777,50.784443,112.82889,0
P014,2013-05-13 00:00:00-04:00,2245.4648,198.19044,177.5201,788.6842,1081.07,5.5,2.0,1.5,4.0,3.5,21187.5,11329.0,1230.0,2653.0,5975.5,7885.5,1760.0,1126.0,1174.0,3825.5,822.0,0.0,104.0,434.5,283.5,75599.0,19232.0,20076.5,19399.0,16891.5,8707.5,1760.0,1230.0,1608.5,4109.0,815.5,366.0,0.0,243.5,206.0,39393.5,6546.0,5618.0,13705.0,13524.5,40.0,6.5,6.0,14.5,13.0,5.6727777,50.784443,112.82889,0
P014,2013-05-20 00:00:00-04:00,1918.0063,368.65552,677.6921,786.6327,85.02607,3.0,2.0,1.0,3.0,1.0,47839.0,7336.0,0.0,18903.0,21600.0,2761.0,484.0,638.0,1639.0,0.0,0.0,0.0,0.0,0.0,0.0,83322.0,21094.0,20899.0,19856.0,21473.0,2761.0,484.0,638.0,1639.0,0.0,18.0,0.0,0.0,18.0,0.0,18097.0,2391.0,172.0,11054.0,4480.0,28.0,5.0,2.0,13.0,8.0,5.606389,72.48,133.99333,1
P014,2013-05-28 00:00:00-04:00,749.7321,283.5223,327.12115,70.9295,68.15917,3.0,2.0,3.0,1.0,1.0,79661.0,21600.0,21600.0,21600.0,14861.0,556.0,245.0,275.0,0.0,36.0,0.0,0.0,0.0,0.0,0.0,85376.0,21347.0,21303.0,21594.0,21132.0,556.0,245.0,275.0,0.0,36.0,437.0,0.0,16.0,0.0,421.0,26723.0,11506.0,0.0,2055.0,13162.0,53.0,22.0,0.0,9.0,22.0,0.0,0.0,0.0,0
P014,2013-05-29 00:00:00-04:00,1122.4661,175.45876,727.0317,159.71648,60.2591,4.5,1.5,3.5,2.0,1.0,50255.0,19397.0,12627.5,10800.0,7430.5,1378.0,128.0,891.5,340.5,18.0,201.0,0.0,196.0,5.0,0.0,83592.0,21206.5,20260.5,21015.5,21109.5,1579.0,128.0,1087.5,345.5,18.0,388.5,147.0,31.0,0.0,210.5,31556.5,9049.0,8895.5,6401.5,7210.5,55.5,17.5,7.5,15.5,15.0,0.7675,28.38,38.90222,0
P015,2013-03-29 00:00:00-04:00,2748.1423,417.81525,967.83636,1094.9382,267.5526,5.0,1.5,3.5,3.5,2.5,24667.5,193.0,7216.0,3004.0,14254.5,4935.5,365.0,795.5,2208.0,1567.0,102.0,0.0,0.0,4.0,98.0,78718.5,20460.5,19931.5,19040.5,19286.0,5037.5,365.0,795.5,2212.0,1665.0,755.0,100.5,285.0,29.5,340.0,31485.5,368.0,9005.5,7968.0,14144.0,36.5,1.5,7.5,12.0,15.5,0.0,0.0,0.0,0
P015,2013-03-30 00:00:00-04:00,108112.8,98.47668,677.6243,107104.2,232.49493,4.5,1.0,3.0,2.5,2.0,40146.5,10993.0,13062.5,919.5,15171.5,3635.0,121.5,1259.5,1848.0,406.0,14.5,0.0,5.5,9.0,0.0,77226.0,21081.0,20010.5,15384.5,20750.0,3649.5,121.5,1265.0,1857.0,406.0,4313.5,93.0,0.0,3990.5,230.0,32833.5,0.0,7175.5,9199.0,16459.0,39.5,0.0,7.0,17.5,15.0,0.0,0.0,0.0,1
P015,2013-03-31 00:00:00-04:00,138899.89,95.648605,476.4121,71417.47,66910.36,4.0,1.0,2.3333333,2.0,2.3333333,51037.0,14528.667,15908.333,3701.3333,16898.666,2803.3333,81.0,839.6667,1296.0,586.6667,16.666666,0.0,3.6666667,6.0,7.0,76871.0,21204.666,20476.334,17210.0,17980.0,2820.0,81.0,843.3333,1302.0,593.6667,5607.0,62.0,0.0,2759.0,2786.0,34468.668,1674.0,6438.6665,12155.667,14200.333,43.0,3.0,5.6666665,19.333334,15.0,0.0,0.0,0.0,0
P015,2013-04-03 00:00:00-04:00,3709.4001,86.85807,1037.2644,1483.4835,1101.7943,6.5,1.0,4.5,4.5,2.5,52283.5,11921.0,13016.0,10818.0,16528.5,4424.5,121.0,1445.5,2236.0,622.0,6.5,0.0,6.5,0.0,0.0,77841.0,20989.0,19513.0,18702.5,18636.5,4431.0,121.0,1452.0,2236.0,622.0,270.5,8.0,131.5,115.5,15.5,29464.0,468.0,13205.0,7188.5,8602.5,30.5,1.5,8.5,11.5,9.0,0.0,0.0,0.0,1
P015,2013-04-05 00:00:00-04:00,130858.484,92.98648,128647.52,1105.447,1012.5284,6.0,1.0,4.5,3.5,2.5,13801.0,1131.0,3848.0,18.0,8804.0,3335.5,121.0,1090.5,1502.0,622.0,137.0,0.0,24.5,112.5,0.0,74860.0,21127.5,18573.5,16409.0,18750.0,3472.5,121.0,1115.0,1614.5,622.0,4890.0,8.0,1559.0,3211.0,112.0,25664.5,1607.5,11124.0,8082.0,4851.0,32.0,3.5,5.5,17.0,6.0,5.5,37.962223,112.026665,0
P015,2013-04-08 00:00:00-04:00,116027.125,138.19145,114178.11,1167.4288,543.3898,5.5,1.0,3.0,4.0,2.0,46540.0,10800.0,10815.0,10908.5,14016.5,1902.5,0.0,436.5,1119.5,346.5,270.0,0.0,16.5,253.5,0.0,76700.0,21415.0,18155.0,16299.0,20831.0,2172.5,0.0,453.0,1373.0,346.5,6776.5,19.0,2818.0,3722.5,217.0,20680.5,534.0,8144.0,6485.5,5517.0,29.5,1.0,9.0,10.5,9.0,0.0,0.0,0.0,0
P015,2013-04-09 00:00:00-04:00,3814.5784,126.73659,1458.8098,1568.0844,660.94763,7.5,1.0,4.0,4.5,2.0,50347.5,10800.0,12810.5,10800.0,15937.0,3302.0,252.5,936.5,1636.5,476.5,104.5,0.0,102.0,2.5,0.0,81597.5,21062.5,20289.0,19487.0,20759.0,3406.5,252.5,1038.5,1639.0,476.5,716.0,119.5,97.0,282.5,217.0,23685.5,851.5,6796.5,7717.0,8320.5,35.0,2.5,7.5,9.5,15.5,0.0,0.0,0.0,0
P015,2013-04-10 00:00:00-04:00,3455.518,127.327415,1357.4358,1500.1238,470.63113,7.6666665,1.0,4.6666665,4.6666665,1.6666666,61152.668,14400.0,14528.0,14400.0,17824.666,3218.0,249.0,961.0,1690.3334,317.66666,70.666664,0.0,69.0,1.6666666,0.0,82022.0,21158.0,20376.666,19474.0,21013.334,3288.6667,249.0,1030.0,1692.0,317.66666,592.3333,79.666664,73.666664,294.33334,144.66667,22709.0,765.6667,7516.6665,7697.0,6729.6665,29.666666,2.3333333,6.0,8.333333,13.0,0.0,0.0,0.0,0
P015,2013-04-14 00:00:00-04:00,1560.2925,56.181488,155.43486,834.91833,513.75775,3.0,0.5,1.0,2.5,2.5,70958.5,10800.0,19973.0,18585.5,21600.0,1321.0,0.0,269.0,783.5,268.5,3.0,0.0,0.0,3.0,0.0,77866.0,21003.5,20138.5,16367.0,20357.0,1324.0,0.0,269.0,786.5,268.5,5026.0,0.0,669.5,3919.0,437.5,15608.5,71.0,1255.0,9043.5,5239.0,27.5,0.5,5.0,11.5,10.5,0.0,0.0,0.0,0
P015,2013-04-15 00:00:00-04:00,2861.7244,249.96347,627.729,1279.5674,704.46454,5.0,0.6666667,2.0,3.3333333,3.3333333,68367.0,14400.0,20515.334,13143.333,20308.334,2407.3333,0.0,741.0,986.0,680.3333,67.333336,0.0,0.0,2.0,65.333336,78781.664,21197.334,20042.666,17532.334,20009.334,2474.6667,0.0,741.0,988.0,745.6667,3593.0,0.0,446.33334,2697.3333,449.33334,19369.334,47.333332,4827.6665,8010.0,6484.3335,29.0,0.33333334,6.0,10.666667,12.0,0.0,0.0,0.0,0
P015,2013-04-16 00:00:00-04:00,4243.8564,277.35202,901.8673,1767.547,1297.09,7.3333335,1.0,2.6666667,4.6666665,5.0,73732.0,21600.0,21600.0,13143.333,17388.666,3656.0,0.0,1018.0,1376.3334,1261.6666,65.333336,0.0,0.0,0.0,65.333336,81618.336,21481.334,20497.334,20041.666,19598.0,3721.3333,0.0,1018.0,1376.3334,1327.0,674.3333,0.0,7.0,95.666664,571.6667,16615.0,47.333332,4256.6665,5032.6665,7278.3335,28.333334,0.33333334,3.6666667,10.666667,13.666667,0.0,0.0,0.0,0
P015,2013-04-21 00:00:00-04:00,510.03668,0.0,0.0,0.0,510.03668,3.0,0.0,0.0,0.0,3.0,86400.0,21600.0,21600.0,21600.0,21600.0,737.0,0.0,240.0,10.0,487.0,41.0,0.0,17.0,24.0,0.0,61029.0,21593.0,18939.0,5986.0,14511.0,778.0,0.0,257.0,34.0,487.0,6031.0,0.0,915.0,4728.0,388.0,9478.0,0.0,999.0,101.0,8378.0,22.0,0.0,3.0,1.0,18.0,0.0,0.0,0.0,0
P015,2013-04-22 00:00:00-04:00,2022.2822,37.782288,538.6172,709.5224,736.3603,4.5,0.5,2.0,2.0,2.5,76746.5,21600.0,19946.5,13600.0,21600.0,1879.0,0.0,359.5,843.5,676.0,235.5,0.0,215.5,12.0,8.0,70969.5,21451.5,19651.0,12649.0,17218.0,2114.5,0.0,575.0,855.5,684.0,3322.5,0.0,457.5,2475.0,390.0,19061.0,0.0,4574.0,2002.0,12485.0,27.0,0.0,4.5,3.0,19.5,0.0,0.0,0.0,0
P016,2013-03-28 00:00:00-04:00,3944.6028,270.62018,1394.7744,1109.0533,1170.1548,7.0,1.5,3.5,4.0,3.5,26777.0,1831.5,7623.5,8400.5,8921.5,4510.0,403.5,1344.0,1237.0,1525.5,452.5,0.0,207.5,26.0,219.0,77366.0,20712.0,18832.0,19182.5,18639.5,4962.5,0.0,1551.5,1263.0,1744.5,2412.5,106.0,811.5,719.0,776.0,30562.5,857.0,4649.0,14153.0,10903.5,31.5,5.5,6.0,10.5,9.5,6.847778,40.14,112.751114,0
P016,2013-03-29 00:00:00-04:00,3387.575,210.29466,1392.5055,934.338,850.4369,7.3333335,1.3333334,4.3333335,3.6666667,3.3333333,30968.334,1292.3334,9661.333,11514.667,8500.0,4132.3335,269.0,1411.0,1029.6666,1422.6666,386.66666,0.0,223.33333,17.333334,146.0,77828.664,20844.666,18908.0,19233.666,18842.334,4519.0,0.0,1634.3334,1047.0,1568.6666,2232.6667,70.666664,614.3333,840.3333,707.3333,30362.666,591.3333,5137.0,12347.333,12287.0,33.666668,4.0,6.3333335,11.0,12.333333,6.3719444,36.307777,105.11222,0
P016,2013-03-30 00:00:00-04:00,2421.3052,218.18593,804.5386,746.88245,651.69824,6.3333335,1.3333334,3.0,3.0,3.0,39034.668,7269.6665,12996.333,9130.667,9638.0,4183.3335,417.0,683.3333,1197.0,1886.0,431.66666,0.0,208.66667,149.33333,73.666664,77435.336,20453.334,19887.666,18890.334,18204.0,4615.0,0.0,892.0,1346.3334,1959.6666,2166.6667,223.33333,288.0,792.0,863.3333,29148.334,1579.3334,2855.0,11810.0,12904.0,39.0,6.3333335,5.3333335,13.666667,13.666667,6.3719444,36.307777,105.11222,0
P016,2013-03-31 00:00:00-04:00,1799.4932,86.30845,688.61676,680.8078,343.76013,5.0,1.0,3.0,2.6666667,2.3333333,49789.332,11951.333,18047.334,11249.667,8541.0,3632.3333,148.0,918.3333,1111.0,1455.0,221.0,0.0,89.0,132.0,0.0,77952.0,20702.334,19812.666,18772.334,18664.666,3853.3333,0.0,1007.3333,1243.0,1455.0,2057.6667,152.66667,159.33333,922.0,823.6667,21246.334,2074.0,2330.0,6490.0,10352.333,39.0,5.0,4.6666665,15.333333,14.0,5.896111,32.475555,97.473335,1
P016,2013-04-01 00:00:00-04:00,2430.661,74.9421,1090.5327,935.08984,330.09634,4.6666665,1.0,2.3333333,2.6666667,2.3333333,44915.668,11880.0,15065.667,9017.333,8952.667,3627.0,148.0,1020.6667,1385.0,1073.3334,495.0,0.0,325.66666,169.33333,0.0,77534.664,20621.666,19329.0,18515.0,19069.0,4122.0,0.0,1346.3334,1554.3334,1073.3334,1894.3334,152.66667,231.0,789.6667,721.0,22809.666,2054.0,3778.6667,8055.3335,8921.667,38.0,4.6666665,6.3333335,14.0,13.0,5.8505554,29.78,94.41333,0
P016,2013-04-02 00:00:00-04:00,2435.0686,74.99778,1073.1229,882.94305,404.00488,4.6666665,1.0,2.3333333,2.6666667,2.3333333,48989.332,13102.667,15065.667,11272.333,9548.667,2936.0,0.0,1184.6666,1157.3334,594.0,367.33334,0.0,325.66666,40.666668,1.0,78443.0,20839.666,19005.0,18762.666,19835.666,3303.3333,0.0,1510.3334,1198.0,595.0,1510.3334,0.0,313.66666,830.0,366.66666,21951.0,1173.6666,3970.6667,8213.667,8593.0,36.333332,2.6666667,6.0,14.333333,13.333333,5.8505554,29.78,94.41333,0
P016,2013-04-03 00:00:00-04:00,3372.322,54.83254,1841.598,926.00006,549.8915,5.6666665,1.0,3.0,3.0,2.6666667,56696.668,14400.0,14631.333,16125.333,11540.0,3482.3333,0.0,1522.6666,1131.3334,828.3333,739.6667,0.0,698.0,40.666668,1.0,77629.664,20766.666,18222.0,18861.0,19780.0,4222.0,0.0,2220.6667,1172.0,829.3333,1050.3334,0.0,295.0,665.6667,89.666664,25464.666,107.666664,6762.3335,9330.667,9264.0,32.666668,0.33333334,6.3333335,12.0,14.0,5.8505554,29.78,94.41333,0
P016,2013-04-04 00:00:00-04:00,3173.6821,61.392303,1264.6595,1291.0902,556.54004,5.3333335,1.0,2.3333333,3.6666667,2.3333333,72336.0,21600.0,18719.666,16240.333,15776.0,3639.3333,0.0,1302.3334,1287.3334,1049.6666,483.66666,0.0,447.33334,35.333332,1.0,77642.664,20667.334,18729.666,18778.666,19467.0,4123.0,0.0,1749.6666,1322.6666,1050.6666,765.6667,0.0,159.33333,509.0,97.333336,21617.0,403.33334,3659.3333,8318.667,9235.667,32.333332,1.3333334,4.3333335,12.666667,14.0,0.0,0.0,0.0,1
P016,2013-04-06 00:00:00-04:00,2720.2095,88.356094,471.61264,1986.2515,173.98929,5.5,1.0,1.5,4.5,2.0,72636.0,21600.0,19328.5,10107.5,21600.0,3218.0,0.0,595.5,1613.0,1009.5,372.0,0.0,106.5,265.5,0.0,80177.5,21073.5,20359.0,19068.0,19677.0,3590.0,0.0,702.0,1878.5,1009.5,488.5,0.0,14.0,116.0,358.5,22125.5,1084.0,852.5,9813.0,10376.0,40.0,3.5,4.0,15.0,17.5,0.0,0.0,0.0,0
P016,2013-04-07 00:00:00-04:00,2093.918,105.4939,113.70399,1299.9907,574.72943,5.0,1.0,1.5,3.5,3.0,66271.5,21600.0,21600.0,12036.5,11035.0,2381.0,0.0,119.5,1377.5,884.0,338.0,0.0,0.0,217.5,120.5,82838.0,21540.0,21406.0,19675.5,20216.5,2719.0,0.0,119.5,1595.0,1004.5,478.0,0.0,0.0,236.5,241.5,19474.5,2531.5,1483.0,9027.5,6432.5,40.5,5.5,2.0,15.0,18.0,0.0,0.0,0.0,0
P016,2013-04-08 00:00:00-04:00,3067.898,122.08865,985.21606,1391.4689,569.12445,6.0,1.0,3.0,4.0,3.0,60919.668,15139.333,17537.666,13686.0,14556.667,3037.3333,67.0,693.6667,1302.6666,974.0,419.66666,0.0,174.66667,149.33333,95.666664,80010.336,21403.0,20457.0,19766.0,18384.334,3457.0,0.0,868.3333,1452.0,1069.6666,982.6667,0.0,87.0,172.33333,723.3333,20920.666,1687.6666,3766.3333,9111.333,6355.3335,38.0,3.6666667,3.0,12.666667,18.666666,0.0,0.0,0.0,1
P016,2013-04-10 00:00:00-04:00,4622.8228,124.45989,1997.6104,1455.1149,1045.6373,6.0,1.0,5.0,3.5,2.5,37702.0,1109.0,8797.5,10391.0,17404.5,4085.5,100.5,1607.5,1343.0,1034.5,728.0,0.0,390.0,113.5,224.5,76364.5,20897.5,18739.5,19321.5,17406.0,4813.5,0.0,1997.5,1456.5,1259.0,1142.5,0.0,229.5,65.5,847.5,23782.5,353.0,7694.5,8205.5,7529.5,32.5,2.0,4.5,12.0,14.0,6.3480554,29.462223,98.075554,1
P016,2013-04-12 00:00:00-04:00,2968.459,93.08465,1182.9929,817.19354,875.18774,4.0,1.0,3.0,2.0,2.0,19027.5,160.5,5481.5,4947.0,8438.5,4120.0,0.0,712.0,1506.5,1901.5,935.0,0.0,604.0,123.5,207.5,77955.5,20914.5,19489.5,18997.0,18554.5,5055.0,0.0,1316.0,1630.0,2109.0,811.5,0.0,99.0,159.0,553.5,20997.5,353.0,5464.5,6420.5,8759.5,33.5,2.0,3.0,14.0,14.5,5.5470834,34.97778,97.183334,1
P016,2013-04-13 00:00:00-04:00,1183.806,104.31324,599.97034,264.31778,215.20473,3.5,1.0,1.5,2.0,2.0,46048.0,10511.0,9339.5,13563.5,12634.0,2750.0,0.0,25.5,978.0,1746.5,596.5,0.0,476.0,16.5,104.0,79610.0,21070.0,20513.0,19676.0,18351.0,3346.5,0.0,501.5,994.5,1850.5,1152.0,0.0,0.0,356.0,796.0,12505.0,701.5,1936.5,3908.5,5958.5,33.0,2.0,1.0,9.5,20.5,4.746111,40.493332,96.291115,0
P016,2013-04-14 00:00:00-04:00,927.6579,106.28171,434.55075,203.04955,183.7759,2.6666667,1.0,1.3333334,1.6666666,1.6666666,41179.668,8677.333,8028.3335,12192.0,12282.0,2244.6667,0.0,257.33334,811.6667,1175.6666,404.66666,0.0,317.33334,18.0,69.333336,80525.336,21024.0,20405.334,19913.0,19183.0,2649.3333,0.0,574.6667,829.6667,1245.0,814.6667,7.6666665,7.6666665,258.0,541.3333,14716.667,1687.0,1321.3334,5531.3335,6177.0,37.666668,5.3333335,1.0,12.333333,19.0,5.0469446,47.934444,106.138885,0
P016,2013-04-15 00:00:00-04:00,1025.7296,112.048706,464.6602,290.85904,158.16167,3.0,1.0,2.0,1.6666666,1.6666666,49313.668,12437.333,9209.333,10159.667,17507.334,1449.0,4.6666665,737.6667,479.0,227.66667,159.0,0.0,86.666664,7.0,65.333336,81284.336,20757.666,20001.334,20255.334,20270.0,1608.0,0.0,824.3333,486.0,293.0,753.6667,170.66667,80.333336,181.0,321.66666,16772.334,2121.0,1893.0,9119.667,3638.6667,42.0,8.0,2.0,18.0,14.0,5.347778,55.375557,115.986664,0
P016,2013-04-16 00:00:00-04:00,1631.9767,95.69649,459.78787,956.3491,120.14323,2.6666667,1.0,2.0,1.6666666,1.3333334,38536.332,12737.0,9065.333,3168.3333,13565.667,2750.3333,4.6666665,765.3333,1877.0,103.333336,529.3333,0.0,86.666664,442.66666,0.0,79085.664,20673.0,19850.334,18097.666,20464.666,3279.6667,0.0,852.0,2319.6667,103.333336,794.0,170.66667,89.0,360.0,174.33333,18803.666,1653.3334,2719.6667,10428.333,4002.3333,41.0,6.6666665,4.0,20.0,10.333333,5.347778,55.375557,115.986664,0
P016,2013-04-17 00:00:00-04:00,3051.8699,93.893135,1438.6968,1118.0189,401.26093,4.0,1.0,3.0,2.0,1.6666666,37275.332,11067.0,8487.667,4687.3335,13033.333,3684.6667,4.6666665,1540.0,1879.0,261.0,999.3333,0.0,262.66666,506.0,230.66667,78058.0,20536.334,19113.0,18194.0,20214.666,4684.0,0.0,1802.6666,2385.0,491.66666,935.3333,163.0,95.333336,413.0,264.0,20277.334,454.0,5212.0,10541.667,4069.6667,36.666668,3.0,6.0,19.0,8.666667,0.0,0.0,0.0,0
P016,2013-04-18 00:00:00-04:00,4752.678,74.86395,1319.5232,1577.2228,1781.0681,4.6666665,1.0,2.3333333,3.0,2.3333333,31542.334,7770.6665,6383.6665,7943.0,9445.0,7059.0,0.0,1293.0,2433.0,3333.0,1186.0,0.0,178.66667,585.3333,422.0,75667.0,20946.666,19760.666,17745.0,17214.666,8245.0,0.0,1471.6666,3018.3333,3755.0,805.3333,0.0,38.0,490.33334,277.0,24108.0,211.33333,5713.6665,8958.0,9225.0,33.666668,1.0,12.0,12.333333,8.333333,8.365833,43.286667,128.04222,0
P016,2013-04-19 00:00:00-04:00,5145.173,71.635056,2132.3506,988.5735,1952.6136,5.3333335,1.0,3.3333333,3.0,2.6666667,26244.334,1585.6666,2248.0,14035.0,8375.667,6599.0,0.0,1919.6666,893.3333,3786.0,1074.0,0.0,420.0,220.0,434.0,77392.0,21170.0,19156.666,19965.334,17100.0,7673.0,0.0,2339.6667,1113.3334,4220.0,953.6667,67.333336,98.0,513.6667,274.66666,28269.334,772.6667,7452.0,9402.667,10642.0,43.666668,2.0,12.0,15.0,14.666667,6.6920834,41.02667,112.39222,1
P016,2013-04-20 00:00:00-04:00,3807.4001,60.997654,1274.7097,817.3556,1654.3373,4.3333335,1.0,2.6666667,2.6666667,2.3333333,25913.666,1874.0,2158.0,15304.667,6577.0,5351.3335,0.0,1002.6667,731.6667,3617.0,597.0,0.0,244.0,149.66667,203.33333,79479.0,21528.666,20228.334,20133.666,17588.334,5948.3335,0.0,1246.6666,881.3333,3820.3333,948.6667,67.333336,120.0,576.6667,184.66667,24481.334,1425.0,4969.6665,9054.667,9032.0,44.666668,2.3333333,10.0,17.666666,14.666667,6.548611,38.65852,108.8763,0
P016,2013-04-21 00:00:00-04:00,2103.1128,62.162254,1170.9646,336.22794,533.7581,2.6666667,1.0,2.6666667,1.6666666,1.6666666,28867.0,2943.3333,2429.3333,14414.667,9079.667,1955.6666,0.0,845.3333,97.333336,1013.0,617.6667,0.0,309.0,217.66667,91.0,82689.0,21517.334,20291.666,20573.334,20306.666,2573.3333,0.0,1154.3334,315.0,1104.0,917.0,67.333336,104.666664,636.3333,108.666664,15105.667,1321.3334,2732.6667,5370.0,5681.6665,40.333332,2.0,3.3333333,16.333334,18.666666,5.64,36.344444,99.293335,1
P016,2013-04-22 00:00:00-04:00,2112.6802,69.22728,881.9228,429.18875,732.34143,2.6666667,1.0,2.3333333,1.6666666,2.0,42734.332,9128.333,8609.667,12139.667,12856.667,2034.0,0.0,791.3333,220.0,1022.6667,390.33334,0.0,70.0,149.66667,170.66667,82666.0,21498.666,20547.334,20588.666,20031.334,2424.3333,0.0,861.3333,369.66666,1193.3334,680.3333,0.0,41.666668,460.0,178.66667,15314.333,797.0,1539.0,6360.3335,6618.0,29.666666,1.3333334,2.3333333,11.666667,14.333333,6.261667,33.922222,101.844444,0
P016,2013-04-23 00:00:00-04:00,7483.3477,79.941414,799.471,5823.03,780.9053,3.0,1.0,2.3333333,2.0,2.3333333,37799.668,8840.0,9288.667,6385.0,13286.0,3279.0,0.0,788.0,1141.0,1350.0,528.6667,0.0,70.0,288.0,170.66667,80152.664,21366.666,20436.334,18852.334,19497.334,3807.6667,0.0,858.0,1429.0,1520.6666,1241.3334,0.0,11.0,993.3333,237.0,19614.0,636.0,1945.3334,6463.3335,10569.333,27.0,1.6666666,2.6666667,9.0,13.666667,0.0,0.0,0.0,0
P016,2013-04-26 00:00:00-04:00,2858.6238,55.900215,1780.9476,512.6873,509.08875,5.0,1.0,4.0,1.0,2.0,36308.0,0.0,8778.0,10329.0,17201.0,2569.0,0.0,1572.0,11.0,986.0,245.0,0.0,0.0,8.0,237.0,80497.0,20931.0,19313.0,20837.0,19416.0,2814.0,0.0,1572.0,19.0,1223.0,283.0,0.0,10.0,21.0,252.0,19658.0,5017.0,9507.0,988.0,4146.0,85.0,45.0,24.0,4.0,12.0,6.0008335,31.46,97.295555,1
P016,2013-04-27 00:00:00-04:00,1650.5337,55.392216,913.6432,352.49997,328.99832,4.0,1.0,2.5,2.0,2.0,50054.5,10800.0,14202.5,11010.5,14041.5,1514.5,0.0,786.0,118.5,610.0,122.5,0.0,0.0,4.0,118.5,81111.5,20907.0,19985.5,20221.0,19998.0,1637.0,0.0,786.0,122.5,728.5,789.5,0.0,113.0,530.0,146.5,16303.0,2604.0,4849.5,4889.5,3960.0,57.5,23.5,13.0,7.5,13.5,6.0008335,31.46,97.295555,0
P016,2013-04-28 00:00:00-04:00,1561.8829,53.646965,666.6877,307.14267,534.40564,3.6666667,1.0,2.3333333,2.0,2.0,59438.668,14400.0,16668.334,13258.333,15112.0,1647.3334,0.0,599.0,327.33334,721.0,185.66667,0.0,6.6666665,11.666667,167.33333,80885.0,20884.0,20184.666,19957.0,19859.334,1833.0,0.0,605.6667,339.0,888.3333,756.0,3.3333333,79.333336,560.6667,112.666664,15803.0,3537.3333,3767.3333,4130.0,4368.3335,47.666668,18.0,10.0,6.6666665,13.0,6.0008335,31.46,97.295555,1
P016,2013-04-29 00:00:00-04:00,1574.5087,59.24618,620.1073,312.6769,582.47833,3.3333333,1.0,2.0,2.6666667,2.3333333,68284.0,17033.0,17746.666,17015.334,16489.0,2580.0,0.0,782.0,627.0,1171.0,345.66666,0.0,6.6666665,171.0,168.0,79354.0,20848.666,19915.0,19297.334,19293.0,2925.6667,0.0,788.6667,798.0,1339.0,1101.3334,6.6666665,144.0,740.0,210.66667,10904.0,1888.6666,2228.3333,3800.6667,2986.3333,21.333334,3.3333333,3.6666667,5.3333335,9.0,0.0,0.0,0.0,1
P016,2013-04-30 00:00:00-04:00,2865.2139,60.09758,635.5181,1316.7032,852.8949,3.3333333,1.0,2.0,2.3333333,2.3333333,54807.668,9833.0,13069.333,15827.667,16077.667,5581.3335,0.0,930.3333,2373.0,2278.0,443.66666,0.0,6.6666665,197.33333,239.66667,76451.0,20838.666,19745.334,17674.666,18192.334,6025.0,0.0,937.0,2570.3333,2517.6667,999.3333,6.6666665,150.66667,561.0,281.0,9882.0,2737.5,3246.5,1305.5,2592.5,17.0,4.0,4.5,2.5,6.0,7.0225,31.404444,105.41333,1
P016,2013-05-01 00:00:00-04:00,4125.3926,60.495846,1127.4553,1408.8273,1528.614,4.0,1.0,2.0,2.3333333,3.0,36830.0,2633.0,6501.0,13894.333,13801.667,7695.0,0.0,1457.6666,3050.0,3187.3333,460.0,0.0,118.0,190.66667,151.33333,74953.664,20972.666,19175.0,17336.334,17469.666,8155.0,0.0,1575.6666,3240.6667,3338.6667,1014.0,3.3333333,149.0,439.0,422.66666,5202.5,35.5,2445.0,59.0,2663.0,6.5,0.5,2.5,0.5,3.0,7.3809724,30.354445,107.23111,0
P016,2013-05-02 00:00:00-04:00,3945.4958,59.29724,991.8994,1484.7375,1409.5616,4.3333335,1.0,2.0,2.0,3.0,35806.668,7200.0,8258.333,11638.0,8710.333,7019.6665,0.0,1237.0,3126.6667,2656.0,384.0,0.0,271.66666,40.666668,71.666664,73335.664,21210.0,16517.666,17475.666,18132.334,7403.6665,0.0,1508.6666,3167.3333,2727.6667,793.0,0.0,109.666664,355.66666,327.66666,14174.5,0.0,343.5,5446.5,8384.5,23.0,0.0,2.5,8.5,12.0,7.3809724,30.354445,107.23111,0
P016,2013-05-03 00:00:00-04:00,4005.4375,58.466198,1938.4294,796.81757,1211.7242,5.6666665,1.0,3.3333333,2.3333333,3.3333333,32096.334,7200.0,8655.0,9827.0,6414.3335,5197.3335,0.0,1952.0,1579.0,1666.3334,369.33334,0.0,277.66666,91.666664,0.0,74762.0,21146.0,15803.667,18941.666,18870.666,5566.6665,0.0,2229.6667,1670.6666,1666.3334,751.0,0.0,31.0,323.66666,396.33334,16891.666,0.0,951.6667,7106.6665,8833.333,24.0,0.0,2.6666667,7.0,14.333333,7.3697224,26.914444,103.70111,1
P016,2013-05-04 00:00:00-04:00,2471.8142,73.89362,1439.4984,699.9487,258.47333,4.6666665,1.0,3.3333333,2.3333333,2.3333333,42036.332,14400.0,13670.333,9280.0,4686.0,2594.0,0.0,1423.0,728.3333,442.66666,249.0,0.0,159.66667,89.333336,0.0,77657.336,21144.666,16558.334,19844.0,20110.334,2843.0,0.0,1582.6666,817.6667,442.66666,620.3333,0.0,107.666664,273.0,239.66667,24631.0,830.0,2215.6667,9827.0,11758.333,35.333332,3.3333333,3.0,10.666667,18.333334,7.0,24.524445,98.35333,0
P016,2013-05-05 00:00:00-04:00,1968.2616,82.37279,1089.7804,552.46643,243.64203,4.0,1.0,3.0,2.3333333,2.0,41830.332,14400.0,12222.0,9239.667,5968.6665,1744.3334,0.0,1022.6667,440.66666,281.0,147.0,0.0,69.666664,77.333336,0.0,81417.336,20991.666,19906.334,20059.666,20459.666,1891.3334,0.0,1092.3334,518.0,281.0,693.0,0.0,85.0,452.66666,155.33333,23165.0,1031.6666,2595.3333,8958.667,10579.333,33.0,4.0,2.6666667,9.666667,16.666666,7.0,24.524445,98.35333,0
P016,2013-05-06 00:00:00-04:00,1615.4169,102.25054,591.30347,324.73865,597.1242,3.6666667,1.0,3.0,2.0,2.3333333,44513.0,14797.333,12043.0,9381.333,8291.333,1714.6666,0.0,548.6667,171.33333,994.6667,293.33334,0.0,227.66667,0.0,65.666664,81587.336,21095.666,20290.334,20495.0,19706.334,2008.0,0.0,776.3333,171.33333,1060.3334,724.6667,1.0,94.666664,433.66666,195.33333,20856.334,1031.6666,2554.6667,8623.0,8647.0,30.666666,4.0,3.3333333,10.666667,12.666667,0.0,0.0,0.0,1
P016,2013-05-07 00:00:00-04:00,3363.88,107.74031,693.04846,1437.5541,1125.537,4.3333335,1.0,3.0,2.3333333,3.0,40156.668,7597.3335,10956.0,9159.333,12444.0,4303.3335,0.0,982.0,1867.6666,1453.6666,608.6667,0.0,227.66667,90.0,291.0,77321.336,20927.666,19546.0,18192.666,18655.0,4912.0,0.0,1209.6666,1957.6666,1744.6666,1244.3334,1.0,116.333336,709.6667,417.33334,16406.0,201.66667,1442.3334,7927.6665,6834.3335,27.333334,0.6666667,4.0,11.333333,11.333333,0.0,0.0,0.0,1
P016,2013-05-08 00:00:00-04:00,4584.696,112.24845,1634.0608,1546.6686,1291.7178,5.6666665,1.0,4.0,2.3333333,3.3333333,40623.0,7597.3335,12556.667,7200.0,13269.0,5318.0,0.0,1628.3334,2024.0,1665.6666,643.6667,0.0,209.0,104.666664,330.0,75824.664,20789.666,18672.666,18129.334,18233.0,5961.6665,0.0,1837.3334,2128.6667,1995.6666,1063.6666,1.0,200.66667,437.66666,424.33334,17904.0,726.0,3266.6667,6677.0,7234.3335,28.333334,1.6666666,6.0,9.333333,11.333333,0.0,0.0,0.0,0
P016,2013-05-09 00:00:00-04:00,4311.972,133.93802,1373.9574,1624.501,1179.5757,4.6666665,1.0,3.3333333,2.3333333,2.6666667,51957.668,14400.0,15183.333,8968.667,13405.667,5799.0,0.0,1408.0,2760.0,1631.0,710.6667,0.0,129.33333,178.0,403.33334,75873.0,20936.666,19231.334,17258.0,18447.0,6509.6665,0.0,1537.3334,2938.0,2034.3334,994.3333,0.0,191.0,405.0,398.33334,17286.334,1240.3334,2584.6667,3708.0,9753.333,33.0,3.3333333,4.3333335,8.666667,16.666666,0.0,0.0,0.0,0
P016,2013-05-10 00:00:00-04:00,4896.0503,159.7038,2198.3372,1217.195,1320.8142,5.6666665,1.0,4.3333335,2.6666667,2.6666667,56997.332,21600.0,17559.666,9479.0,8358.667,6049.6665,0.0,1653.3334,2136.3333,2260.0,717.3333,0.0,290.0,160.0,267.33334,76931.0,21224.334,19202.0,18282.0,18222.666,6767.0,0.0,1943.3334,2296.3333,2527.3333,810.3333,0.0,104.0,303.66666,402.66666,23891.0,1553.0,3850.0,5368.0,13120.0,31.0,5.0,5.0,6.0,15.0,0.0,0.0,0.0,1
P016,2013-05-11 00:00:00-04:00,5073.176,159.94627,1415.8029,2196.0046,1301.4218,5.0,1.0,3.3333333,3.0,3.0,41947.668,14488.0,13099.333,7606.3335,6754.0,7408.3335,0.0,1429.0,3493.3333,2486.0,618.6667,0.0,245.0,145.33333,228.33333,76358.0,21494.334,19719.334,16847.334,18297.0,8027.0,0.0,1674.0,3638.6667,2714.3333,1315.0,0.0,151.66667,702.0,461.33334,16452.666,1055.6666,1417.0,3895.3333,10084.667,20.0,4.0,1.6666666,3.6666667,10.666667,3.3372223,33.462223,77.98889,0
P016,2013-05-12 00:00:00-04:00,4738.862,265.1042,1205.7151,2295.3708,972.67163,5.3333335,1.3333334,2.6666667,3.3333333,2.6666667,38701.0,11665.333,14730.667,5784.6665,6520.3335,6125.6665,159.66667,1262.3334,3079.0,1624.6666,393.33334,0.0,160.66667,143.33333,89.333336,72391.336,21348.334,13891.667,17699.334,19452.0,6519.0,0.0,1423.0,3222.3333,1714.0,1151.0,9.333333,151.66667,624.3333,365.66666,12222.333,780.0,1463.6666,3724.3333,6254.3335,9.666667,2.6666667,2.0,2.0,3.0,3.3372223,33.462223,77.98889,0
P016,2013-05-13 00:00:00-04:00,2852.045,231.04471,417.63876,1885.0022,318.35925,4.3333335,1.3333334,1.6666666,3.3333333,2.3333333,35577.0,11665.333,11798.333,2094.6667,10018.667,4142.3335,159.66667,1069.6666,2233.0,680.0,155.66667,0.0,0.0,155.66667,0.0,74513.664,21337.666,14060.0,18699.666,20416.334,4298.0,0.0,1069.6666,2388.6667,680.0,1097.3334,9.333333,311.0,415.0,362.0,3341.0,467.33334,46.666668,0.0,2827.0,9.666667,1.0,0.33333334,0.0,8.333333,3.3372223,33.462223,77.98889,0
P016,2013-05-14 00:00:00-04:00,1752.5858,228.67052,313.492,737.40106,473.02225,4.3333335,1.3333334,1.6666666,2.6666667,2.3333333,53554.668,18777.334,14765.667,6514.0,13497.667,1839.6666,159.66667,622.6667,680.6667,376.66666,230.66667,0.0,0.0,155.66667,75.0,76764.664,21268.334,14582.333,20534.334,20379.666,2070.3333,0.0,622.6667,836.3333,451.66666,808.3333,9.333333,173.0,73.333336,552.6667,5391.3335,356.0,433.66666,27.0,4574.6665,14.0,1.0,1.3333334,0.33333334,11.333333,0.0,0.0,0.0,0
P016,2013-05-15 00:00:00-04:00,2601.729,96.9698,862.413,609.69946,1032.6467,4.6666665,1.0,2.6666667,2.6666667,3.3333333,43895.332,14400.0,9047.667,8205.667,12242.0,2978.3333,0.0,1105.3334,899.6667,973.3333,241.0,0.0,2.6666667,84.333336,154.0,80635.336,21352.666,20031.334,20161.666,19089.666,3219.3333,0.0,1108.0,984.0,1127.3334,1364.3334,0.0,179.33333,161.33333,1023.6667,11103.333,309.0,1593.6666,1324.6666,7876.0,25.666666,2.0,1.6666666,5.0,17.0,8.868889,24.008888,112.78889,1
P016,2013-05-16 00:00:00-04:00,2393.7642,114.83489,833.2102,288.19586,1157.5232,4.3333335,1.0,2.6666667,1.6666666,3.6666667,43886.668,14334.333,9995.667,8188.6665,11368.0,2443.0,80.666664,786.6667,598.3333,977.3333,175.33333,0.0,6.0,0.0,169.33333,76642.664,21127.666,15601.0,20597.334,19316.666,2618.3333,0.0,792.6667,598.3333,1146.6666,1044.6666,0.0,6.3333335,161.33333,877.0,12965.667,1012.0,1633.6666,3862.6667,6457.3335,27.0,2.6666667,2.0,11.0,11.333333,8.868889,24.008888,112.78889,0
P016,2013-05-17 00:00:00-04:00,2317.772,96.28391,943.23694,328.73392,949.51715,4.0,1.0,3.3333333,2.0,3.0,39390.0,14334.333,12426.333,4169.3335,8460.0,2673.3333,80.666664,964.0,711.0,917.6667,102.666664,0.0,8.333333,0.0,94.333336,69882.664,18838.666,10663.333,20559.334,19821.334,2776.0,0.0,972.3333,711.0,1012.0,886.3333,0.0,82.666664,185.66667,618.0,16158.667,894.6667,2113.3333,6153.6665,6997.0,33.0,2.0,2.0,15.333333,13.666667,8.868889,24.008888,112.78889,1
P016,2013-05-19 00:00:00-04:00,1402.8059,74.816315,411.33386,382.63467,534.0211,3.5,1.0,2.5,2.5,2.5,68929.0,21600.0,21077.5,13007.0,13244.5,1905.0,0.0,357.5,596.5,951.0,98.5,0.0,3.5,0.0,95.0,62803.0,17540.5,13755.0,13653.5,17854.0,2003.5,0.0,361.0,596.5,1046.0,375.0,0.0,114.5,145.0,115.5,8325.0,0.0,1300.0,3477.0,3548.0,17.0,0.0,1.5,7.0,8.5,0.0,0.0,0.0,1
P016,2013-05-20 00:00:00-04:00,1856.5284,101.953514,367.7327,1019.72205,367.12024,3.5,1.0,2.0,3.5,2.5,55851.5,10800.0,15812.0,14487.5,14752.0,2803.0,0.0,691.0,1270.5,841.5,317.5,0.0,101.5,121.0,95.0,70522.5,20758.5,20027.0,12365.0,17372.0,3120.5,0.0,792.5,1391.5,936.5,745.5,0.0,203.0,230.5,312.0,234.0,0.0,0.0,0.0,234.0,1.0,0.0,0.0,0.0,1.0,0.0,0.0,0.0,0
P016,2013-05-21 00:00:00-04:00,2217.911,120.78749,561.6017,712.5134,823.0082,3.3333333,1.0,2.3333333,2.6666667,2.6666667,53158.332,8608.667,15171.667,16858.334,12519.667,2976.3333,1.0,782.0,847.0,1346.3334,569.6667,0.0,139.0,80.666664,350.0,72893.664,20775.0,19752.334,15172.333,17194.0,3546.0,0.0,921.0,927.6667,1696.3334,896.6667,0.0,277.33334,159.66667,459.66666,8019.0,0.0,1200.0,0.0,6819.0,6.5,0.0,1.0,0.0,5.5,0.0,0.0,0.0,1
P016,2013-05-22 00:00:00-04:00,2920.1428,129.49855,904.4792,807.8397,1078.3254,3.6666667,1.0,3.0,2.6666667,2.6666667,38039.668,1799.0,10542.0,12546.0,13152.667,3797.3333,1.0,1038.0,1262.6666,1495.6666,538.0,0.0,161.33333,88.333336,288.33334,77783.336,20811.334,19251.334,19269.334,18451.334,4335.3335,0.0,1199.3334,1351.0,1784.0,1056.6666,0.0,344.0,160.66667,552.0,19346.0,1210.5,2862.5,3184.0,12089.0,22.5,1.0,4.5,6.5,10.5,6.0775,34.602222,101.05111,0
P016,2013-05-23 00:00:00-04:00,2966.5815,131.54916,929.5878,474.18994,1431.2546,4.0,1.0,3.0,1.6666666,3.3333333,33509.332,2644.3333,7211.0,11333.667,12320.333,3492.6667,1.0,892.0,663.6667,1936.0,468.0,0.0,93.666664,7.6666665,366.66666,78270.0,20778.0,19547.0,20002.334,17942.666,3960.6667,0.0,985.6667,671.3333,2302.6667,861.6667,0.0,211.0,22.333334,628.3333,19819.0,1089.3334,1908.3334,5165.3335,11656.0,23.333334,1.3333334,3.0,9.0,10.0,6.0775,34.602222,101.05111,1
P016,2013-05-24 00:00:00-04:00,2418.7383,117.191,652.65796,621.6583,1027.2311,3.6666667,1.0,2.3333333,2.0,3.0,38372.332,8435.667,8135.0,10314.0,11487.667,2827.6667,0.0,636.0,898.6667,1293.0,125.0,0.0,22.333334,7.6666665,95.0,80112.336,20680.0,20211.0,19865.334,19356.0,2952.6667,0.0,658.3333,906.3333,1388.0,714.6667,0.0,136.33333,187.33333,391.0,14944.0,1482.3334,1108.3334,5165.3335,7188.0,21.0,3.0,2.3333333,9.0,6.6666665,6.0775,34.602222,101.05111,0
P016,2013-05-25 00:00:00-04:00,1844.766,118.26882,323.9577,467.87836,934.6611,4.3333335,1.0,2.3333333,1.6666666,3.3333333,41555.668,8057.3335,6553.6665,14626.333,12318.333,2225.6667,0.0,504.66666,693.6667,1027.3334,103.333336,0.0,0.0,2.3333333,101.0,79364.0,20946.0,20494.334,19749.334,18174.334,2329.0,0.0,504.66666,696.0,1128.3334,2841.0,0.0,225.66667,673.0,1942.3334,10972.0,1013.0,0.0,4564.0,5395.0,15.0,3.5,0.0,7.0,4.5,4.8575,55.68889,112.37778,0
P016,2013-05-26 00:00:00-04:00,1420.1992,118.33987,139.00047,612.3911,550.46783,3.6666667,1.0,1.6666666,2.3333333,2.3333333,56074.668,14412.0,13097.0,18178.334,10387.333,1685.3334,0.0,201.66667,984.3333,499.33334,179.0,0.0,0.0,156.33333,22.666666,80372.664,21006.666,20766.666,19439.334,19160.0,1864.3334,0.0,201.66667,1140.6666,522.0,2694.6667,0.0,286.66666,668.6667,1739.3334,1179.0,1179.0,0.0,0.0,0.0,5.0,5.0,0.0,0.0,0.0,4.8575,55.68889,112.37778,0
P016,2013-05-27 00:00:00-04:00,2012.558,123.33953,292.13004,1180.9335,416.1549,4.3333335,1.0,2.3333333,3.0,2.0,42132.668,7700.0,9124.333,13999.0,11309.333,1983.0,0.0,293.66666,1332.3334,357.0,608.0,0.0,84.333336,516.0,7.6666665,79643.0,21365.0,20518.666,18669.0,19090.334,2591.0,0.0,378.0,1848.3334,364.66666,2721.6667,0.0,309.33334,618.3333,1794.0,0.0,0.0,0.0,0.0,0.0,0.0,0.0,0.0,0.0,0.0,5.80625,47.871113,112.15,0
P016,2013-05-28 00:00:00-04:00,2313.9146,116.44203,471.03122,1309.8743,416.56714,3.6666667,1.0,2.3333333,3.6666667,1.6666666,35199.0,8073.3335,11343.0,10490.0,5292.6665,1853.3334,0.0,259.0,1182.3334,412.0,833.6667,0.0,241.66667,592.0,0.0,81486.336,21138.666,20304.0,19113.666,20930.0,2687.0,0.0,500.66666,1774.3334,412.0,378.66666,0.0,162.33333,136.33333,80.0,7194.0,0.0,0.0,0.0,7194.0,11.0,0.0,0.0,0.0,11.0,6.766111,37.31111,109.26889,1
P017,2013-03-28 00:00:00-04:00,3152.085,74.36787,1280.7294,1586.501,210.48685,5.5,1.0,3.0,4.0,2.0,34543.0,10838.0,9510.5,5911.5,8283.0,4386.0,0.0,888.0,3243.0,255.0,257.0,0.0,79.0,81.5,96.5,77129.0,20807.5,19647.0,16509.0,20165.5,4643.0,0.0,967.0,3324.5,351.5,1080.5,0.0,107.0,823.5,150.0,16514.0,0.0,4795.0,8725.0,2994.0,23.5,0.0,5.0,10.5,8.0,6.415972,36.384445,109.60445,0
P017,2013-03-29 00:00:00-04:00,3119.425,76.04609,1244.7365,1458.7822,339.8603,5.6666665,1.0,3.6666667,3.6666667,2.0,37137.668,14425.333,12508.0,4549.6665,5654.6665,4349.3335,0.0,1032.0,2885.3333,432.0,176.33333,0.0,56.0,56.0,64.333336,77977.336,20712.666,19782.666,17235.334,20246.666,4525.6665,0.0,1088.0,2941.3333,496.33334,1106.3334,0.0,80.666664,792.3333,233.33333,18608.0,0.0,6235.3335,7466.3335,4906.3335,22.666666,0.0,4.3333335,9.666667,8.666667,6.415972,36.384445,109.60445,0
P017,2013-03-30 00:00:00-04:00,2371.247,76.26946,877.4391,1140.5018,277.0366,4.0,1.0,2.6666667,2.6666667,1.3333334,38480.668,14402.333,10851.667,6525.0,6701.6665,3004.3333,0.0,659.6667,2071.0,273.66666,60.333332,0.0,39.0,21.333334,0.0,81004.336,20957.0,20499.334,18713.334,20834.666,3064.6667,0.0,698.6667,2092.3333,273.66666,578.6667,0.0,9.333333,433.66666,135.66667,14338.667,0.0,3455.6667,6843.6665,4039.3333,23.333334,0.0,2.6666667,13.333333,7.3333335,0.0,0.0,0.0,0
P017,2013-03-31 00:00:00-04:00,1248.5779,70.18618,445.52032,464.8319,268.03946,2.6666667,1.0,2.3333333,1.6666666,1.3333334,23653.0,7576.3335,6176.6665,5334.6665,4565.3335,1513.3334,0.0,440.0,799.6667,273.66666,5.0,0.0,3.3333333,1.6666666,0.0,83831.664,21238.0,21065.334,20408.666,21119.666,1518.3334,0.0,443.33334,801.3333,273.66666,461.33334,0.0,9.333333,316.33334,135.66667,10011.667,0.0,3038.6667,3908.0,3065.0,15.333333,0.0,1.0,10.0,4.3333335,6.650417,42.59111,117.68667,0
P017,2013-04-01 00:00:00-04:00,1146.6005,76.60759,453.8253,411.0522,205.11543,2.3333333,1.0,2.3333333,1.6666666,1.3333334,14789.333,549.0,1769.0,6278.6665,6192.6665,1450.3334,0.0,319.66666,630.0,500.66666,171.33333,0.0,7.6666665,82.666664,81.0,84100.336,21523.666,21098.666,20644.334,20833.666,1621.6666,0.0,327.33334,712.6667,581.6667,146.66667,0.0,70.333336,74.0,2.3333333,9733.333,0.0,2877.3333,5082.6665,1773.3334,15.0,0.0,0.6666667,11.0,3.3333333,6.184861,41.873333,113.244446,0
P017,2013-04-03 00:00:00-04:00,2591.0728,99.85994,1104.541,1065.831,320.84073,4.6666665,1.0,4.0,2.6666667,1.6666666,9588.333,462.0,5126.3335,1562.3334,2437.6667,4057.0,0.0,804.0,2333.6667,919.3333,336.33334,0.0,13.666667,162.66667,160.0,79951.664,21268.0,20314.666,18312.334,20056.666,4393.3335,0.0,817.6667,2496.3333,1079.3334,634.6667,0.0,121.0,436.66666,77.0,17728.666,0.0,7714.3335,7592.3335,2422.0,18.666666,0.0,5.3333335,8.333333,5.0,6.0179167,36.877777,106.91333,0
P017,2013-04-09 00:00:00-04:00,1005.0983,75.56742,469.81348,250.63086,209.0866,2.3333333,1.0,2.0,1.3333334,1.3333334,44774.668,20875.0,16102.333,1376.3334,6421.0,1763.0,21.0,687.6667,390.0,664.3333,10.666667,0.0,6.6666665,4.0,0.0,82377.336,20946.666,20347.334,20800.666,20282.666,1773.6666,21.0,694.3333,394.0,664.3333,592.0,67.0,2.6666667,140.66667,381.66666,7682.3335,111.0,2844.3333,1374.6666,3352.3333,10.0,0.33333334,2.0,3.3333333,4.3333335,0.0,0.0,0.0,0
P017,2013-04-10 00:00:00-04:00,1761.6313,73.41643,805.84155,796.9199,85.45342,3.0,1.0,3.0,2.0,1.0,48098.668,14006.667,13339.667,7710.0,13042.333,2158.3333,21.0,789.6667,1285.6666,62.0,9.333333,0.0,5.3333335,4.0,0.0,82858.336,21197.0,20357.666,20019.334,21284.334,2167.6667,21.0,795.0,1289.6666,62.0,731.3333,67.0,144.33333,281.33334,238.66667,12129.0,111.0,5628.6665,3470.3333,2919.0,15.333333,0.33333334,1.6666666,7.0,6.3333335,0.0,0.0,0.0,0
P017,2013-04-11 00:00:00-04:00,2175.3547,71.32647,869.7846,1147.4393,86.80444,3.3333333,1.0,2.3333333,2.6666667,1.0,32964.668,8976.333,8240.0,8538.333,7210.0,2710.3333,0.0,788.6667,1921.6666,0.0,12.666667,0.0,7.0,5.6666665,0.0,83043.664,21590.0,20652.334,19243.666,21557.666,2723.0,0.0,795.6667,1927.3334,0.0,543.3333,0.0,141.66667,401.66666,0.0,12821.667,111.0,4377.6665,5760.0,2573.0,20.333334,0.33333334,3.6666667,10.0,6.3333335,5.825972,41.63111,110.13111,0
P017,2013-04-12 00:00:00-04:00,2717.6062,81.27099,1244.3263,1294.8733,97.13556,4.3333335,1.0,3.3333333,3.3333333,1.0,37876.668,1807.0,5977.0,15692.667,14400.0,3293.6667,0.0,1031.0,2262.6667,0.0,163.33333,0.0,157.66667,5.6666665,0.0,82024.0,21564.334,20225.334,18726.334,21508.0,3457.0,0.0,1188.6666,2268.3333,0.0,680.3333,0.0,143.33333,537.0,0.0,13700.667,141.0,7242.0,5174.6665,1143.0,19.0,0.6666667,5.3333335,8.333333,4.6666665,5.109028,41.315556,104.08,0
P017,2013-04-13 00:00:00-04:00,1835.7551,90.50748,890.8162,752.3664,102.06498,3.3333333,1.0,2.3333333,2.6666667,1.0,34475.332,8675.333,10077.333,8503.0,7219.6665,1991.6666,0.0,628.0,1363.6666,0.0,163.33333,0.0,157.66667,5.6666665,0.0,83520.664,21525.0,20729.0,19799.0,21467.666,2155.0,0.0,785.6667,1369.3334,0.0,325.66666,0.0,1.6666666,324.0,0.0,9812.0,141.0,4353.6665,4399.6665,917.6667,17.333334,0.6666667,4.6666665,7.6666665,4.3333335,5.109028,41.315556,104.08,0
P017,2013-04-14 00:00:00-04:00,1518.8375,97.53971,458.39746,442.35605,520.5444,3.0,1.0,2.0,2.0,2.0,39787.668,7279.0,9358.667,13290.333,9859.667,1843.3334,4.0,242.33333,749.0,848.0,217.33333,0.0,150.66667,0.0,66.666664,83346.664,21478.334,21086.334,20384.334,20397.666,2060.6667,4.0,393.0,749.0,914.6667,362.66666,7.0,1.6666666,329.0,25.0,9813.333,275.33334,2864.3333,3378.3333,3295.3333,16.0,1.3333334,1.6666666,6.3333335,6.6666665,4.392083,41.0,98.02889,0
P017,2013-04-15 00:00:00-04:00,1745.3192,87.01963,437.13715,707.0129,514.1496,3.3333333,1.0,2.3333333,2.0,2.0,38597.668,11654.667,9685.667,7397.6665,9859.667,2253.3333,4.0,96.666664,1217.3334,935.3333,312.0,0.0,223.0,22.333334,66.666664,82481.0,21504.666,21193.0,19534.666,20248.666,2565.3333,4.0,319.66666,1239.6666,1002.0,868.0,7.0,0.0,727.0,134.0,12230.667,544.6667,3164.3333,5219.6665,3302.0,19.666666,1.3333334,1.6666666,9.666667,7.0,1.9540278,64.886665,102.41111,0
P017,2013-04-16 00:00:00-04:00,2589.6174,74.94016,571.5276,960.3123,982.8373,4.3333335,1.0,2.6666667,2.3333333,2.6666667,31098.334,7448.3335,3838.6667,8883.333,10928.0,3723.0,25.333334,184.0,1477.3334,2036.3334,382.33334,0.0,293.33334,22.333334,66.666664,80950.664,21444.334,21073.666,19247.0,19185.666,4105.3335,25.333334,477.33334,1499.6666,2103.0,1033.3334,85.333336,2.0,798.0,148.0,15220.0,676.3333,4316.6665,5139.6665,5087.3335,26.666666,1.6666666,5.6666665,11.0,8.333333,2.937361,58.422222,103.81333,0
P017,2013-04-17 00:00:00-04:00,2704.86,66.34609,921.97314,1152.2805,564.26044,4.6666665,1.0,3.6666667,2.6666667,1.6666666,37523.0,8557.667,6099.6665,10003.333,12862.333,3189.0,21.333334,360.0,1556.0,1251.6666,535.6667,0.0,447.0,88.666664,0.0,81741.664,21495.0,20785.0,19242.666,20219.0,3724.6667,21.333334,807.0,1644.6666,1251.6666,909.3333,78.333336,2.0,706.0,123.0,16637.0,575.3333,7279.0,4829.0,3953.6667,27.666666,1.3333334,7.0,12.0,7.3333335,3.596435,55.510372,106.17407,0
P017,2013-04-18 00:00:00-04:00,3160.828,87.472946,830.065,1472.4542,770.8358,5.0,1.0,3.0,3.0,2.3333333,34729.0,6506.3335,4535.3335,11467.333,12220.0,3799.3333,21.333334,664.6667,1533.3334,1580.0,367.33334,0.0,224.0,66.333336,77.0,80867.0,21493.666,20276.0,19566.0,19531.334,4166.6665,21.333334,888.6667,1599.6666,1657.0,1311.0,78.333336,429.0,418.33334,385.33334,16917.0,165.0,5933.3335,4629.3335,6189.3335,28.0,0.6666667,7.6666665,11.0,8.666667,4.6402316,49.781483,108.795555,0
P017,2013-04-19 00:00:00-04:00,3410.8474,92.23175,1072.001,1826.6841,419.93054,5.3333335,1.0,3.6666667,3.3333333,2.0,42918.0,10712.667,8612.333,9993.0,13600.0,3566.0,0.0,945.3333,1994.0,626.6667,461.66666,0.0,161.33333,223.33333,77.0,80497.336,21558.334,20007.334,18581.334,20350.334,4027.6667,0.0,1106.6666,2217.3333,703.6667,1606.6666,0.0,433.0,725.3333,448.33334,18169.0,90.666664,7756.6665,5789.6665,4532.0,21.333334,0.6666667,4.6666665,9.333333,6.6666665,5.0,48.693333,110.585556,0
P017,2013-04-21 00:00:00-04:00,2579.4038,70.48169,646.59436,1077.5092,784.8186,5.5,1.0,2.5,2.5,4.0,48258.0,19625.5,18152.5,6207.5,4272.5,3504.5,95.0,552.0,1309.0,1548.5,247.0,0.0,11.5,235.5,0.0,79532.0,20942.0,20541.0,18957.5,19091.5,3751.5,95.0,563.5,1544.5,1548.5,1089.5,111.5,9.0,572.0,397.0,18024.5,217.0,4549.0,9497.0,3761.5,27.5,1.5,2.0,13.5,10.5,0.0,0.0,0.0,0
P017,2013-04-22 00:00:00-04:00,1694.1985,72.145485,302.43994,541.629,777.984,4.0,1.0,1.5,2.0,4.0,42187.0,8841.0,11992.0,11677.5,9676.5,3021.5,95.0,242.5,1160.5,1523.5,0.0,0.0,0.0,0.0,0.0,79120.5,20524.0,20440.5,19144.0,19012.0,3021.5,95.0,242.5,1160.5,1523.5,979.5,111.5,0.0,468.5,399.5,15358.0,131.0,2324.0,10337.0,2566.0,28.0,1.0,2.5,16.0,8.5,5.0206943,53.371113,115.42889,0
P017,2013-04-23 00:00:00-04:00,1994.5411,73.82466,568.79877,670.51624,681.40155,4.0,1.0,1.6666666,2.3333333,3.3333333,44482.332,9078.667,10459.667,12728.333,12215.667,3466.0,63.333332,524.0,1546.0,1332.6666,1.0,0.0,0.0,1.0,0.0,78982.664,20655.334,20310.666,19000.0,19016.666,3467.0,63.333332,524.0,1547.0,1332.6666,1164.0,158.66667,9.0,349.66666,646.6667,15098.0,87.333336,3436.3333,8021.3335,3553.0,31.333334,0.6666667,5.3333335,14.333333,11.0,1.8104167,42.646667,79.022224,0
P017,2013-04-24 00:00:00-04:00,2105.0286,83.78488,778.7617,895.46436,347.01767,3.0,1.0,2.0,2.6666667,1.6666666,41843.332,10395.0,8286.333,10038.667,13123.333,3059.6667,0.0,843.6667,1768.0,448.0,8.0,0.0,1.0,7.0,0.0,79467.0,20879.666,20069.334,18348.334,20169.666,3067.6667,0.0,844.6667,1775.0,448.0,1402.3334,84.333336,10.666667,848.3333,459.0,16687.666,564.6667,5712.6665,7199.6665,3210.6667,26.333334,0.6666667,6.0,11.0,8.666667,1.8104167,42.646667,79.022224,0
P017,2013-04-25 00:00:00-04:00,2817.8677,85.19372,1064.2924,1170.7115,497.66992,4.0,1.0,2.0,3.3333333,2.0,36222.668,10587.667,7502.3335,8171.0,9961.667,3694.0,0.0,1147.0,1813.3334,733.6667,130.66667,0.0,119.333336,11.333333,0.0,78672.336,20964.334,19551.334,18526.666,19630.0,3824.6667,0.0,1266.3334,1824.6666,733.6667,1495.0,84.333336,197.66667,626.3333,586.6667,16009.333,739.6667,4321.0,6524.6665,4424.0,27.333334,1.3333334,6.0,10.0,10.0,2.4201388,35.233334,76.486664,0
P017,2013-04-26 00:00:00-04:00,2876.391,77.101,1082.4558,1214.7983,502.036,4.3333335,1.0,2.6666667,3.3333333,2.0,27354.0,8881.667,7496.6665,5279.3335,5696.3335,3235.6667,0.0,946.6667,1473.6666,815.3333,782.0,0.0,359.0,380.33334,42.666668,76789.336,20921.666,19310.0,17317.666,19240.0,4017.6667,0.0,1305.6666,1854.0,858.0,2664.3333,0.0,273.33334,1675.3334,715.6667,21079.0,1230.3334,5490.3335,9309.667,5048.6665,25.0,2.0,3.6666667,12.333333,7.0,6.240139,38.544445,110.35778,0
P017,2013-04-27 00:00:00-04:00,2973.2356,66.88196,1042.023,1361.7185,502.61206,4.3333335,1.0,2.6666667,3.3333333,2.0,30953.0,8881.667,9670.0,5520.6665,6880.6665,3784.0,0.0,896.0,2007.3334,880.6667,922.0,0.0,359.66666,519.6667,42.666668,75996.664,20787.334,19217.334,16936.334,19055.666,4706.0,0.0,1255.6666,2527.0,923.3333,2255.6667,0.0,283.33334,1256.6666,715.6667,17088.0,665.6667,3560.3333,8180.3335,4681.6665,24.666666,1.3333334,3.3333333,13.0,7.0,6.240139,38.544445,110.35778,0
P017,2013-04-28 00:00:00-04:00,1733.0736,66.709595,609.23883,825.2267,231.89842,3.0,1.0,2.3333333,2.3333333,1.3333334,40581.0,11157.667,11469.0,10920.0,7034.3335,2235.3333,0.0,431.0,1340.3334,464.0,799.3333,0.0,241.33333,515.3333,42.666668,78391.664,20668.666,19932.334,17949.666,19841.0,3034.6667,0.0,672.3333,1855.6666,506.66666,1777.0,1.6666666,96.333336,1169.6666,509.33334,15652.0,611.6667,3459.6667,6496.0,5084.6665,24.333334,1.3333334,2.0,13.0,8.0,0.0,0.0,0.0,0
P017,2013-04-29 00:00:00-04:00,1228.5679,75.054016,394.1522,658.9677,100.39388,2.3333333,1.0,2.0,2.0,1.0,35823.332,9693.333,9255.333,9993.333,6881.3335,1884.3334,0.0,354.0,1465.0,65.333336,235.33333,0.0,77.0,158.33333,0.0,80515.336,20725.666,20301.0,18715.666,20773.0,2119.6667,0.0,431.0,1623.3334,65.333336,757.6667,1.6666666,11.666667,678.0,66.333336,9989.667,121.0,3214.3333,3862.0,2792.3333,20.666666,0.6666667,4.3333335,8.666667,7.0,5.198472,83.386665,146.86667,0
P017,2013-04-30 00:00:00-04:00,923.6041,73.71235,219.63316,272.69336,357.56528,2.3333333,1.0,1.6666666,1.6666666,1.6666666,32272.334,5744.0,2055.3333,14014.333,10458.667,1297.3334,3.3333333,85.0,637.0,572.0,172.66667,0.0,75.333336,13.0,84.333336,81310.664,20771.0,20634.334,19759.0,20146.334,1470.0,3.3333333,160.33333,650.0,656.3333,815.6667,6.0,0.0,664.0,145.66667,9775.667,302.66666,2885.0,3224.0,3364.0,25.0,2.3333333,4.3333335,9.333333,9.0,5.198472,83.386665,146.86667,0
P017,2013-05-01 00:00:00-04:00,1858.9648,136.39754,563.4109,794.688,364.4684,3.6666667,1.3333334,2.6666667,2.6666667,1.6666666,25553.334,9389.0,1904.3334,6856.6665,7403.3335,3067.6667,512.0,541.0,1442.6666,572.0,331.0,2.3333333,82.333336,162.0,84.333336,78567.336,20220.334,20004.666,18419.334,19923.0,3398.6667,514.3333,623.3333,1604.6666,656.3333,1126.0,90.333336,158.0,732.0,145.66667,11569.0,419.66666,5569.0,3472.6667,2107.6667,25.0,3.3333333,5.6666665,8.333333,7.6666665,3.3531945,79.42667,128.14444,0
P017,2013-05-02 00:00:00-04:00,2064.7798,134.88524,663.31415,918.0567,348.52377,3.6666667,1.3333334,2.3333333,3.0,1.6666666,43341.332,15996.667,8858.667,8920.333,9565.667,3255.3333,512.0,535.6667,1635.6666,572.0,498.33334,2.3333333,163.66667,248.0,84.333336,78294.0,20096.666,19807.334,18212.666,20177.334,3753.6667,514.3333,699.3333,1883.6666,656.3333,870.6667,90.333336,158.0,543.0,79.333336,9893.333,419.66666,3947.3333,3126.3333,2400.0,26.666666,3.3333333,4.6666665,10.0,8.666667,1.5079167,75.46667,109.422226,0
P017,2013-05-03 00:00:00-04:00,2582.9312,141.05052,1118.8499,1237.567,85.46374,4.3333335,1.3333334,3.6666667,3.3333333,1.0,55171.0,19946.0,14078.0,10431.0,10716.0,3563.6667,508.66666,1016.0,2038.0,1.0,491.0,2.3333333,240.66667,248.0,0.0,78946.664,20360.666,19289.0,18089.334,21207.666,4054.6667,511.0,1256.6666,2286.0,1.0,1027.0,86.0,394.0,547.0,0.0,13782.667,238.0,8239.667,3671.0,1634.0,22.333334,1.6666666,6.3333335,9.333333,5.0,1.5079167,75.46667,109.422226,0
P017,2013-05-04 00:00:00-04:00,1719.5645,94.0308,786.147,744.80566,94.580956,3.0,1.0,2.6666667,2.3333333,1.0,50484.0,14057.0,12627.0,11032.0,12768.0,1857.3334,1.0,560.0,1234.0,62.333332,332.66666,0.0,233.66667,99.0,0.0,82067.336,21258.334,20218.666,19119.0,21471.334,2190.0,1.0,793.6667,1333.0,62.333332,1024.3334,0.0,236.0,788.3333,0.0,12859.667,242.0,6964.3335,3502.0,2151.3333,23.666666,0.33333334,7.3333335,9.666667,6.3333335,6.3490276,33.566666,106.251114,0
P017,2013-05-05 00:00:00-04:00,1601.1337,116.50889,554.7429,805.634,124.24783,3.0,1.0,2.3333333,2.3333333,1.0,31871.0,7668.0,5494.0,9449.667,9259.333,1389.6666,1.0,480.33334,846.0,62.333332,80.666664,0.0,77.0,3.6666667,0.0,83844.336,21593.666,20803.334,19922.334,21525.0,1470.3334,1.0,557.3333,849.6667,62.333332,1059.3334,0.0,236.0,823.3333,0.0,12981.333,242.0,5775.0,4860.0,2104.3333,19.0,0.33333334,4.6666665,8.333333,5.6666665,6.3490276,33.566666,106.251114,0
P017,2013-05-06 00:00:00-04:00,2020.4117,155.48154,500.11304,1170.1539,194.66322,3.0,1.0,1.6666666,2.6666667,1.3333334,8924.667,1794.0,935.3333,2256.3333,3939.0,1579.6666,2.0,325.0,1101.3334,151.33333,527.0,0.0,83.333336,443.66666,0.0,82825.336,21515.666,21154.334,18902.334,21253.0,2106.6667,2.0,408.33334,1545.0,151.33333,1349.0,67.0,19.0,1121.3334,141.66667,11190.333,296.0,3150.3333,5509.0,2235.0,18.0,0.6666667,3.6666667,8.0,5.6666665,6.3490276,33.566666,106.251114,0
P017,2013-05-07 00:00:00-04:00,2852.0886,181.19077,748.7935,1277.5192,644.58514,4.0,1.0,2.3333333,3.0,2.0,17540.334,3719.6667,872.0,5073.0,7875.6665,3543.3333,134.33333,542.3333,1623.6666,1243.0,529.3333,0.0,85.666664,443.66666,0.0,80048.0,21251.666,20776.0,18394.0,19626.334,4072.6667,134.33333,628.0,2067.3333,1243.0,1899.3334,142.0,117.333336,1039.3334,600.6667,13125.0,324.0,3032.3333,5389.0,4379.6665,21.333334,1.3333334,4.3333335,8.0,7.6666665,0.0,0.0,0.0,0
P017,2013-05-08 00:00:00-04:00,3601.3694,188.39137,1116.4286,1484.7632,811.78625,5.0,1.0,3.6666667,3.0,2.6666667,36854.0,6302.6665,4809.0,10666.667,15075.667,4141.3335,138.0,832.6667,1772.0,1398.6666,846.0,0.0,173.66667,664.6667,7.6666665,78669.336,21160.334,19906.0,18335.334,19267.666,4987.3335,138.0,1006.3333,2436.6667,1406.3334,1942.6666,142.0,509.0,611.3333,680.3333,16931.334,441.33334,6135.3335,4979.6665,5375.0,26.333334,2.0,7.3333335,10.333333,6.6666665,0.35958335,44.684444,69.45333,0
P017,2013-05-11 00:00:00-04:00,2143.4243,190.12787,839.33234,523.47003,590.4941,4.0,1.0,2.0,2.0,4.0,12003.0,702.0,747.0,16.0,10538.0,2158.0,0.0,912.0,250.0,996.0,937.0,0.0,509.0,0.0,428.0,81586.0,20097.0,19990.0,21337.0,20162.0,3095.0,0.0,1421.0,250.0,1424.0,67.0,47.0,0.0,10.0,10.0,13959.0,0.0,827.0,3853.0,9279.0,15.0,0.0,4.0,5.0,6.0,5.95875,33.56,103.12222,0
P017,2013-05-12 00:00:00-04:00,2246.158,159.53693,864.50824,316.53223,905.5806,3.5,1.0,2.0,1.5,3.5,27138.5,11151.0,9305.5,8.0,6674.0,2037.5,0.0,1018.5,125.0,894.0,828.0,0.0,380.0,0.0,448.0,82513.5,20844.0,19963.0,21464.5,20242.0,2865.5,0.0,1398.5,125.0,1342.0,182.0,23.5,142.0,5.0,11.5,10086.5,464.5,1301.0,2173.5,6147.5,15.5,1.0,3.0,4.0,7.5,5.95875,33.56,103.12222,0
P017,2013-05-13 00:00:00-04:00,2328.9087,142.93527,901.5989,652.9542,631.4202,3.3333333,1.0,2.3333333,2.0,2.6666667,23418.334,10129.333,7207.3335,161.0,5920.6665,2642.0,0.0,1023.6667,1022.3333,596.0,1016.3333,0.0,412.66666,305.0,298.66666,81152.664,21091.0,19496.334,19887.666,20677.666,3658.3333,0.0,1436.3334,1327.3334,894.6667,1000.6667,19.333334,599.6667,374.0,7.6666665,10335.333,309.66666,2572.3333,2904.3333,4549.0,16.666666,0.6666667,3.6666667,6.0,6.3333335,5.95875,33.56,103.12222,0
P017,2013-05-14 00:00:00-04:00,2451.7634,125.929924,810.94775,1038.3972,476.4886,3.3333333,1.0,2.3333333,2.3333333,1.6666666,39652.332,17095.334,14158.333,4767.6665,3631.0,2444.0,0.0,825.6667,1350.0,268.33334,999.6667,0.0,313.66666,530.0,156.0,80763.664,21567.334,19287.334,18817.666,21091.334,3443.6667,0.0,1139.3334,1880.0,424.33334,1999.0,3.6666667,1137.3334,846.6667,11.333333,9699.0,336.66666,3892.6667,3953.3333,1516.3334,21.0,1.0,5.0,10.0,5.0,0.0,0.0,0.0,0
P017,2013-05-15 00:00:00-04:00,2329.6045,122.784,696.50323,1382.5408,127.77653,3.6666667,1.0,2.3333333,3.3333333,1.0,26994.666,9905.667,8211.667,5420.3335,3457.0,2515.3333,0.0,523.0,1983.6666,8.666667,773.0,0.0,236.0,537.0,0.0,80361.336,21511.666,19702.666,17710.666,21436.334,3288.3333,0.0,759.0,2520.6667,8.666667,2299.0,3.6666667,1042.6666,1245.6666,7.0,11688.667,302.66666,4441.3335,5909.3335,1035.3334,24.333334,0.6666667,5.3333335,15.0,3.3333333,6.0368056,49.09778,119.28445,0
P017,2013-05-16 00:00:00-04:00,1689.0452,128.87381,419.35208,995.5989,145.22038,3.0,1.0,1.6666666,2.6666667,1.0,37467.332,8372.667,7444.3335,12464.667,9185.667,1231.6666,0.0,178.33333,1044.6666,8.666667,308.66666,0.0,76.666664,232.0,0.0,82600.664,21429.666,20612.334,19221.666,21337.0,1540.3334,0.0,255.0,1276.6666,8.666667,1419.6666,0.0,537.6667,875.0,7.0,10162.0,302.66666,2921.0,5738.6665,1199.6666,22.666666,0.6666667,5.3333335,12.666667,4.0,6.3166666,50.42889,122.85445,0
P017,2013-05-17 00:00:00-04:00,1718.8341,129.7068,569.65533,732.6185,286.85345,3.0,1.0,2.0,2.6666667,1.6666666,20815.334,3418.0,255.33333,7852.6665,9289.333,1941.6666,0.0,489.0,1049.3334,403.33334,13.0,0.0,6.0,7.0,0.0,82466.0,21323.334,20729.0,19744.0,20669.666,1954.6666,0.0,495.0,1056.3334,403.33334,718.6667,0.0,78.333336,470.66666,169.66667,13007.0,275.66666,3407.0,5052.6665,4271.6665,24.0,0.33333334,4.3333335,9.666667,9.666667,6.4568057,49.275555,122.82222,0
P017,2013-05-18 00:00:00-04:00,1242.5964,137.30283,434.37952,395.42398,275.49008,2.0,1.0,1.6666666,1.6666666,1.6666666,48181.668,10607.667,7447.3335,14400.0,15726.667,1231.3334,0.0,416.66666,415.66666,399.0,0.0,0.0,0.0,0.0,0.0,83107.336,21206.334,20684.334,20663.666,20553.0,1231.3334,0.0,416.66666,415.66666,399.0,319.66666,0.0,78.333336,71.666664,169.66667,10495.0,393.33334,2535.0,3523.6667,4043.0,24.333334,3.0,5.3333335,5.6666665,10.333333,6.6668057,49.364445,124.59111,0
P017,2013-05-19 00:00:00-04:00,1288.511,149.75427,444.53342,407.73907,286.4842,2.0,1.0,1.6666666,1.6666666,1.6666666,61183.0,16645.334,14411.0,14400.0,15726.667,1231.3334,0.0,416.66666,415.66666,399.0,0.0,0.0,0.0,0.0,0.0,82551.336,21081.0,20558.334,20514.0,20398.0,1231.3334,0.0,416.66666,415.66666,399.0,319.66666,0.0,78.333336,71.666664,169.66667,8605.667,393.33334,2350.3333,2269.3333,3592.6667,21.333334,3.0,3.6666667,5.0,9.666667,6.7370834,46.968887,122.757774,0
P017,2013-05-20 00:00:00-04:00,1278.195,150.46455,285.6815,443.6422,398.40677,2.0,1.0,1.6666666,1.6666666,1.6666666,62271.332,16638.666,14604.333,16628.334,14400.0,1354.3334,0.0,113.666664,791.6667,449.0,10.333333,0.0,10.333333,0.0,0.0,81635.336,20914.0,20719.0,19641.666,20360.666,1364.6666,0.0,124.0,791.6667,449.0,548.3333,24.333334,69.333336,430.33334,24.333334,7816.3335,393.33334,2000.0,3405.6667,2017.3334,16.0,3.0,3.6666667,4.3333335,5.0,2.3354166,77.4,117.975555,0
P017,2013-05-21 00:00:00-04:00,1708.4878,145.11171,596.177,572.36084,394.83823,2.6666667,1.0,2.0,2.0,1.6666666,50785.332,9497.333,10259.667,16628.334,14400.0,1801.0,0.0,380.66666,971.3333,449.0,10.333333,0.0,10.333333,0.0,0.0,80910.664,20774.0,20079.0,19579.0,20478.666,1811.3334,0.0,391.0,971.3333,449.0,782.3333,24.333334,291.33334,442.33334,24.333334,8957.333,864.0,2595.3333,3541.0,1957.0,13.666667,1.6666666,5.0,3.0,4.0,2.9141667,63.142223,108.34778,0
P017,2013-05-22 00:00:00-04:00,1990.6489,120.06327,730.94525,757.9555,381.68484,3.6666667,1.0,2.6666667,3.0,1.6666666,36445.0,5534.3335,3077.6667,13433.0,14400.0,2654.3333,0.0,713.3333,1492.0,449.0,104.666664,0.0,10.333333,94.333336,0.0,78906.0,20891.334,19547.0,17859.0,20608.666,2759.0,0.0,723.6667,1586.3334,449.0,2349.3333,24.333334,613.3333,1687.3334,24.333334,14865.333,1042.0,5885.3335,6102.0,1836.0,18.333334,2.0,7.6666665,5.6666665,3.0,2.9141667,63.142223,108.34778,0
P017,2013-05-23 00:00:00-04:00,2829.669,107.34344,1160.5563,1203.0612,358.708,4.0,1.0,3.0,3.0,1.6666666,48447.332,10495.667,7427.3335,11208.0,19316.334,2785.3333,0.0,963.0,1463.3334,359.0,160.66667,0.0,0.0,160.66667,0.0,75531.664,21025.0,19412.0,17924.666,17170.0,2946.0,0.0,963.0,1624.0,359.0,2456.0,0.0,618.6667,1683.3334,154.0,15943.667,1042.0,6258.3335,8260.0,383.33334,24.666666,2.0,11.666667,9.0,2.0,3.4929166,48.884445,98.72,0
P017,2013-05-24 00:00:00-04:00,2953.6948,76.895515,995.3929,1522.946,358.4604,4.0,1.0,3.3333333,3.0,1.6666666,51598.332,15340.667,6072.3335,10869.0,19316.334,3293.3333,0.0,925.0,2009.3334,359.0,433.33334,0.0,40.0,393.33334,0.0,69307.664,16519.0,18600.334,17057.334,17131.0,3726.6667,0.0,965.0,2402.6667,359.0,3550.0,0.0,1670.6666,1725.3334,154.0,18649.0,178.0,9579.667,8592.333,299.0,22.333334,0.33333334,10.333333,9.666667,2.0,2.1715279,64.69111,103.95556,0
P017,2013-05-25 00:00:00-04:00,3119.321,104.722115,961.95056,1549.5979,503.05048,4.3333335,1.0,3.0,3.0,2.3333333,60603.668,19303.666,13254.333,11044.0,17001.666,2980.0,0.0,668.0,1713.6666,598.3333,354.66666,0.0,42.666668,312.0,0.0,70574.664,16484.0,18916.334,18229.666,16944.666,3334.6667,0.0,710.6667,2025.6666,598.3333,2300.0,0.0,1579.0,481.33334,239.66667,15480.0,124.333336,7782.0,7029.3335,544.3333,21.0,0.33333334,8.666667,9.666667,2.3333333,2.1715279,64.69111,103.95556,0
P017,2013-05-26 00:00:00-04:00,1540.6118,105.98141,387.0085,792.61194,255.00993,3.0,1.0,2.0,2.3333333,1.6666666,63368.0,19303.666,15900.333,13723.667,14440.333,1494.6666,0.0,304.66666,950.6667,239.33333,288.33334,0.0,42.666668,245.66667,0.0,76987.336,16646.334,19518.334,19670.666,21152.0,1783.0,0.0,347.33334,1196.3334,239.33333,1645.0,0.0,1504.3334,55.0,85.666664,10672.667,403.66666,6732.6665,2603.0,933.3333,18.333334,2.0,6.6666665,5.6666665,4.0,2.1715279,64.69111,103.95556,0
P017,2013-05-27 00:00:00-04:00,915.5226,120.358795,222.20569,332.0932,240.86491,2.3333333,1.0,1.3333334,2.0,1.6666666,70381.0,20278.0,21600.0,14062.667,14440.333,540.0,0.0,75.666664,225.0,239.33333,15.666667,0.0,2.6666667,13.0,0.0,84499.664,21464.666,21124.0,20720.334,21190.666,555.6667,0.0,78.333336,238.0,239.33333,317.0,0.0,230.33333,1.0,85.666664,9150.333,1547.3334,2675.0,2693.0,2235.0,23.666666,4.6666665,5.3333335,7.6666665,6.0,0.0,0.0,0.0,0
P017,2013-05-28 00:00:00-04:00,1061.117,97.47547,557.3338,323.91373,82.39387,2.0,1.0,2.0,1.6666666,1.0,62150.0,20278.0,17644.666,9893.333,14334.0,1066.3334,0.0,661.3333,405.0,0.0,0.0,0.0,0.0,0.0,0.0,84592.336,21512.0,20739.666,20940.666,21400.0,1066.3334,0.0,661.3333,405.0,0.0,159.33333,0.0,77.0,78.0,4.3333335,13506.333,2098.6667,5221.0,3968.0,2218.6667,29.333334,4.6666665,8.666667,8.666667,7.3333335,0.0,0.0,0.0,0
P017,2013-05-29 00:00:00-04:00,2091.037,88.95862,915.78345,991.2147,95.08043,3.0,1.0,3.0,2.3333333,1.0,53638.0,20278.0,13589.0,7758.6665,12012.333,2488.3333,0.0,1013.0,1475.3334,0.0,71.333336,0.0,0.0,71.333336,0.0,81455.336,21386.334,20011.0,18894.0,21164.0,2559.6667,0.0,1013.0,1546.6666,0.0,1209.6666,0.0,312.66666,827.6667,69.333336,17834.666,1879.6666,6403.0,7278.6665,2273.3333,33.333332,3.6666667,9.0,13.333333,7.3333335,0.0,0.0,0.0,0
P017,2013-05-31 00:00:00-04:00,1436.3604,97.53859,464.12665,767.55743,107.1377,2.0,1.0,2.0,1.6666666,1.0,42662.5,10800.0,13587.0,11622.5,6653.0,1424.3334,0.0,351.66666,1070.3334,2.3333333,71.333336,0.0,0.0,71.333336,0.0,72833.336,21005.666,20355.666,12425.0,19047.0,1495.6666,0.0,351.66666,1141.6666,2.3333333,9428.0,0.0,235.66667,7335.3335,1857.0,11658.333,537.0,4489.6665,4212.0,2419.6667,20.666666,2.0,6.6666665,8.0,4.0,0.0,0.0,0.0,0
P018,2013-03-28 00:00:00-04:00,2659.3242,240.67409,1416.4652,629.50476,372.68024,6.5,1.5,5.5,2.5,2.5,6155.0,0.0,2292.0,2510.5,1352.5,2340.0,0.0,990.5,826.0,523.5,387.5,0.0,370.5,17.0,0.0,80365.0,20947.0,19199.5,20009.5,20209.0,2727.5,0.0,1361.0,843.0,523.5,456.5,0.0,352.5,13.0,91.0,22367.0,0.0,9933.5,5745.5,6688.0,36.0,0.0,6.0,14.5,15.5,0.0,0.0,0.0,0
P018,2013-03-29 00:00:00-04:00,2870.4636,202.26573,1546.1769,816.9404,305.08057,6.6666665,1.3333334,5.6666665,3.0,2.0,8986.667,0.0,5379.6665,2703.3333,903.6667,2314.0,0.0,994.3333,970.6667,349.0,528.0,0.0,516.6667,11.333333,0.0,79805.336,20884.334,18935.334,19727.0,20258.666,2842.0,0.0,1511.0,982.0,349.0,612.6667,0.0,399.0,77.666664,136.0,20919.0,218.66667,11207.333,3907.6667,5585.3335,32.0,0.6666667,6.3333335,10.333333,14.666667,6.185278,25.057777,92.90889,0
P018,2013-03-30 00:00:00-04:00,2755.8066,189.17888,1347.1836,494.1836,725.2606,5.3333335,1.3333334,4.6666665,2.3333333,2.0,19977.666,108.333336,8234.0,5552.6665,6082.6665,3121.3333,66.0,1051.0,632.0,1372.3334,480.66666,0.0,385.66666,0.0,95.0,79409.664,20614.0,19330.0,20200.666,19265.0,3602.0,66.0,1436.6666,632.0,1467.3334,720.6667,66.333336,230.0,181.0,243.33333,17062.334,860.6667,7419.3335,2986.3333,5796.0,29.0,1.6666666,5.3333335,6.3333335,15.666667,6.185278,25.057777,92.90889,1
P018,2013-03-31 00:00:00-04:00,2736.753,119.36691,1318.8286,577.11176,721.44556,4.3333335,1.3333334,4.0,2.6666667,1.6666666,27120.0,141.33333,9002.667,5567.6665,12408.333,3718.3333,66.0,1576.3334,725.3333,1350.6666,518.3333,0.0,423.33334,0.0,95.0,79888.664,20843.0,19057.0,20360.666,19628.0,4236.6665,66.0,1999.6666,725.3333,1445.6666,621.0,66.333336,185.0,187.0,182.66667,15227.0,860.6667,8056.3335,2481.0,3829.0,21.666666,1.6666666,6.0,5.0,9.0,6.185278,25.057777,92.90889,0
P018,2013-04-01 00:00:00-04:00,2424.642,139.27153,1257.8372,306.9895,720.54376,3.6666667,1.6666666,3.6666667,2.3333333,2.0,47399.668,7341.3335,11539.0,8913.0,19606.334,3761.3333,66.0,1643.3334,619.6667,1432.3334,327.66666,0.0,231.66667,1.0,95.0,81567.0,21123.334,19640.666,20851.666,19951.334,4089.0,66.0,1875.0,620.6667,1527.3334,318.33334,66.333336,21.0,121.666664,109.333336,16808.666,642.0,7132.0,4786.0,4248.6665,20.0,1.0,5.0,8.0,6.0,0.0,0.0,0.0,0
P018,2013-04-02 00:00:00-04:00,2503.161,132.18857,1167.9724,594.9875,608.01245,5.0,1.6666666,3.6666667,3.3333333,2.6666667,49318.332,14433.0,13033.667,6646.6665,15205.0,3640.6667,0.0,1478.3334,1212.3334,950.0,367.0,0.0,281.0,86.0,0.0,81922.0,21589.0,19754.334,20178.666,20400.0,4007.6667,0.0,1759.3334,1298.3334,950.0,201.0,0.0,22.666666,33.333332,145.0,22964.334,0.0,8836.0,8991.667,5136.6665,19.666666,0.0,6.6666665,7.3333335,5.6666665,0.0,0.0,0.0,0
P018,2013-04-03 00:00:00-04:00,3395.152,125.09749,1347.6737,1073.7904,848.59045,6.0,1.3333334,4.3333335,4.0,3.0,44097.332,15875.333,12232.333,7970.6665,8019.0,3811.0,4.3333335,881.3333,1600.6666,1324.6666,680.0,0.0,449.66666,230.33333,0.0,80412.0,21418.0,20027.666,19354.666,19611.666,4491.0,4.3333335,1331.0,1831.0,1324.6666,696.0,63.0,49.666668,179.33333,404.0,27233.666,0.0,10880.333,10588.333,5765.0,22.333334,0.0,5.3333335,8.333333,8.666667,5.0,43.82,102.18889,0
P018,2013-04-05 00:00:00-04:00,2584.2654,134.01773,1125.7114,785.5453,538.99097,5.0,1.0,4.0,2.6666667,2.3333333,44114.0,2547.0,10818.0,16335.0,14414.0,2142.0,4.3333335,697.3333,762.6667,677.6667,466.66666,0.0,322.33334,144.33333,0.0,80601.664,21099.334,19952.666,19421.334,20128.334,2608.6667,4.3333335,1019.6667,907.0,677.6667,770.3333,63.0,167.0,281.33334,259.0,17377.0,770.0,7934.6665,4730.0,3942.3333,20.333334,1.6666666,4.3333335,5.0,9.333333,5.268611,41.482224,102.0,0
P018,2013-04-06 00:00:00-04:00,1246.7657,125.99239,803.3019,184.39958,133.07195,4.0,1.0,3.3333333,1.6666666,1.6666666,61936.668,8271.667,13682.0,18383.0,21600.0,2100.6667,0.0,921.0,1176.3334,3.3333333,71.666664,0.0,0.0,71.666664,0.0,73503.0,21051.334,19969.666,16142.333,16339.667,2172.3333,0.0,921.0,1248.0,3.3333333,3302.0,0.0,162.66667,3139.3333,0.0,17334.666,1513.0,5976.3335,7984.0,1861.3334,20.333334,2.6666667,5.0,7.6666665,5.0,5.5372224,39.144444,101.81111,0
P018,2013-04-08 00:00:00-04:00,2428.509,125.581985,1146.4199,600.6753,555.832,4.5,1.0,4.5,2.0,1.5,50517.0,10800.0,11720.0,13705.5,14291.5,4349.5,0.0,1435.5,2213.5,700.5,261.5,0.0,19.0,115.5,127.0,65985.0,20881.5,18330.0,13781.0,12992.5,4611.0,0.0,1454.5,2329.0,827.5,5864.5,0.0,1098.5,4734.5,31.5,25675.5,1114.5,9587.0,10326.5,4647.5,22.5,1.5,7.0,8.0,6.0,6.485833,27.497778,97.753334,0
P018,2013-04-09 00:00:00-04:00,3220.1414,117.56069,906.8964,1003.369,1192.3153,4.5,1.0,3.5,2.5,2.5,47651.0,10800.0,15981.0,17274.0,3596.0,3425.0,0.0,836.5,929.0,1659.5,482.5,0.0,19.0,213.0,250.5,77622.5,20764.0,18808.5,19292.5,18757.5,3907.5,0.0,855.5,1142.0,1910.0,1398.5,0.0,1033.0,220.5,145.0,21994.5,1426.5,6546.0,4104.5,9917.5,21.5,0.5,5.5,2.5,13.0,6.485833,27.497778,97.753334,0
P018,2013-04-10 00:00:00-04:00,3520.3972,117.75078,1166.0704,1117.2767,1119.2992,5.3333335,1.0,4.3333335,2.6666667,2.6666667,35321.0,7200.0,13095.333,12296.333,2729.3333,3746.6667,0.0,1109.6666,1082.6666,1554.3334,654.0,0.0,101.333336,237.0,315.66666,77965.664,20741.334,18916.334,19425.666,18882.334,4400.6665,0.0,1211.0,1319.6666,1870.0,1230.0,0.0,688.6667,222.33333,319.0,19597.666,2174.3333,8075.3335,2736.3333,6611.6665,21.333334,5.6666665,5.3333335,1.6666666,8.666667,6.485833,27.497778,97.753334,0
P018,2013-04-11 00:00:00-04:00,3855.6533,282.7222,1196.5723,1279.5784,1096.7803,6.3333335,1.6666666,3.6666667,3.3333333,3.0,31600.334,7216.0,10519.333,11904.333,1960.6666,4704.6665,253.0,1119.0,1376.0,1956.6666,917.0,80.333336,156.0,386.33334,294.33334,77887.664,20528.334,19801.0,19352.0,18206.334,5621.6665,333.33334,1275.0,1762.3334,2251.0,1032.0,135.0,0.0,91.666664,805.3333,16524.0,3261.5,5925.0,1926.5,5411.0,21.0,8.5,4.0,1.0,7.5,0.0,0.0,0.0,0
P018,2013-04-12 00:00:00-04:00,3664.5452,279.88135,1551.4379,1142.7971,690.4287,6.6666665,1.6666666,4.3333335,3.6666667,2.3333333,16243.0,16.0,4297.6665,7426.6665,4502.6665,4470.3335,253.0,1447.3334,1452.6666,1317.3334,824.0,80.333336,282.0,249.66667,212.0,77135.336,20674.334,18181.666,19385.0,18894.334,5294.3335,333.33334,1729.3334,1702.3334,1529.3334,2336.0,135.0,1284.3334,187.0,729.6667,14804.0,3670.0,11134.0,0.0,0.0,21.0,16.0,5.0,0.0,0.0,4.0758333,29.422222,80.39778,0
P018,2013-04-13 00:00:00-04:00,2721.9229,255.70898,1011.596,1066.7185,387.89944,5.0,1.6666666,2.6666667,3.3333333,1.6666666,28511.334,7216.0,9056.333,8026.0,4213.0,3419.0,253.0,895.3333,1401.3334,869.3333,491.66666,80.333336,193.33333,154.66667,63.333332,79060.336,20974.334,18928.334,19556.334,19601.334,3910.6667,333.33334,1088.6666,1556.0,932.6667,2109.6667,135.0,1355.6666,111.666664,507.33334,0.0,0.0,0.0,0.0,0.0,0.0,0.0,0.0,0.0,0.0,4.0758333,29.422222,80.39778,0
P018,2013-04-14 00:00:00-04:00,1906.5043,59.052006,784.9562,520.54706,541.949,3.0,1.0,2.0,2.0,1.3333334,27608.666,8694.333,9912.0,3609.3333,5393.0,1997.6666,0.0,715.3333,614.3333,668.0,138.33333,0.0,138.33333,0.0,0.0,80372.336,21211.334,18919.334,20164.0,20077.666,2136.0,0.0,853.6667,614.3333,668.0,1834.6666,68.0,1367.6666,182.0,217.0,0.0,0.0,0.0,0.0,0.0,0.0,0.0,0.0,0.0,0.0,4.449028,35.82,89.78111,0
P018,2013-04-15 00:00:00-04:00,2132.2693,57.686348,927.37616,464.94724,682.2595,3.3333333,1.0,2.6666667,1.6666666,2.0,33615.332,9094.667,10382.0,5193.6665,8945.0,1999.0,0.0,490.0,655.0,854.0,395.0,0.0,395.0,0.0,0.0,82138.664,21364.0,20375.334,20361.334,20038.0,2394.0,0.0,885.0,655.0,854.0,632.0,68.0,92.666664,167.0,304.33334,4528.0,0.0,0.0,0.0,4528.0,10.0,0.0,0.0,0.0,10.0,4.897639,38.443333,95.99333,1
P018,2013-04-16 00:00:00-04:00,2831.6084,76.35449,1318.6716,461.03305,975.5493,4.3333335,1.0,3.3333333,2.0,2.6666667,18884.666,1894.6666,3493.0,4283.6665,9213.333,3249.0,0.0,989.3333,933.3333,1326.3334,648.6667,0.0,477.33334,0.0,171.33333,80057.664,21248.666,19734.0,19788.666,19286.334,3897.6667,0.0,1466.6666,933.3333,1497.6666,862.3333,68.0,32.333332,377.33334,384.66666,18916.5,0.0,6342.0,5652.0,6922.5,22.0,0.0,5.0,3.0,14.0,5.6671295,33.99259,97.69852,0
P018,2013-04-17 00:00:00-04:00,3285.56,81.09107,1491.6342,1090.129,622.70575,5.3333335,1.0,4.3333335,2.6666667,2.6666667,17439.334,400.33334,2449.3333,3938.3333,10651.333,4190.3335,0.0,1030.6666,1774.6666,1385.0,775.6667,0.0,466.66666,137.66667,171.33333,79062.336,21342.334,19771.334,18683.0,19265.666,4966.0,0.0,1497.3334,1912.3334,1556.3334,962.3333,0.0,24.333334,616.6667,321.33334,21744.334,23.333334,7912.3335,7170.3335,6638.3335,26.0,0.33333334,5.3333335,8.333333,12.0,6.0895834,29.88,96.96555,0
P018,2013-04-18 00:00:00-04:00,3700.4402,73.81337,1422.2319,1517.6256,686.7692,6.0,1.0,3.3333333,3.6666667,2.6666667,26595.334,7200.0,5881.0,2787.6667,10726.667,5142.0,0.0,1235.0,2245.6667,1661.3334,877.6667,0.0,288.33334,416.33334,173.0,77258.336,21143.666,19555.0,17642.334,18917.334,6019.6665,0.0,1523.3334,2662.0,1834.3334,1083.3334,0.0,19.333334,764.3333,299.66666,30352.5,35.0,11868.5,10755.5,7693.5,34.0,0.5,8.0,12.5,13.0,7.206111,25.09111,101.10889,0
P018,2013-04-19 00:00:00-04:00,2967.6826,59.967003,1027.2665,1163.6354,716.81366,5.0,1.0,2.6666667,3.0,2.3333333,42648.332,14400.0,12770.0,4024.3333,11454.0,3891.0,0.0,735.6667,1555.3334,1600.0,624.0,0.0,206.0,416.33334,1.6666666,78599.0,21067.0,20061.334,18389.334,19081.334,4515.0,0.0,941.6667,1971.6666,1601.6666,859.3333,0.0,8.333333,616.3333,234.66667,27400.0,70.0,11053.0,10207.0,6070.0,34.0,1.0,6.0,19.0,8.0,0.0,0.0,0.0,0
P018,2013-04-20 00:00:00-04:00,2194.3784,63.721085,891.06555,586.71564,652.8762,4.3333335,1.0,2.3333333,2.3333333,2.3333333,48582.0,14400.0,14469.667,7557.6665,12154.667,2655.0,0.0,854.3333,765.6667,1035.0,491.33334,0.0,211.0,278.66666,1.6666666,80161.0,20880.666,19876.666,19644.334,19759.334,3146.3333,0.0,1065.3334,1044.3334,1036.6666,853.0,0.0,181.0,436.33334,235.66667,13331.0,0.0,0.0,3338.0,9993.0,21.0,0.0,0.0,9.0,12.0,0.0,0.0,0.0,0
P018,2013-04-21 00:00:00-04:00,1538.1549,62.290066,435.00528,337.43652,703.4231,3.0,1.0,2.0,1.6666666,2.3333333,42779.0,7200.0,11692.0,10771.333,13115.667,2426.0,0.0,1062.0,387.0,977.0,6.6666665,0.0,6.6666665,0.0,0.0,81342.336,20994.666,19879.334,20566.0,19902.334,2432.6667,0.0,1068.6666,387.0,977.0,793.3333,1.0,279.0,273.0,240.33333,14631.0,0.0,357.5,4634.0,9639.5,25.5,0.0,1.5,11.5,12.5,0.0,0.0,0.0,0
P018,2013-04-22 00:00:00-04:00,1335.2878,82.5048,463.34787,340.44925,448.986,3.3333333,1.0,2.0,1.6666666,2.6666667,47412.332,7200.0,11692.0,11372.0,17148.334,2169.0,0.0,1062.0,387.0,720.0,83.333336,0.0,6.6666665,0.0,76.666664,81859.664,21052.0,19938.0,20684.666,20185.0,2252.3333,0.0,1068.6666,387.0,796.6667,725.3333,1.0,279.0,215.0,230.33333,16200.0,178.0,238.33333,3539.6667,12244.0,25.0,0.33333334,1.0,9.0,14.666667,0.0,0.0,0.0,0
P018,2013-04-23 00:00:00-04:00,1544.7484,90.41371,389.7883,565.46924,499.07718,4.3333335,1.0,1.6666666,3.3333333,3.0,59839.0,14400.0,16502.334,10692.667,18244.0,2959.3333,112.666664,764.0,975.6667,1107.0,224.66667,1.6666666,78.666664,67.666664,76.666664,79568.336,20768.334,19907.0,19290.334,19602.666,3184.0,114.333336,842.6667,1043.3334,1183.6666,1776.6666,314.33334,397.33334,779.3333,285.66666,27857.666,5745.3335,2834.3333,5984.3335,13293.667,35.666668,6.0,4.0,11.0,14.666667,0.0,0.0,0.0,0
P018,2013-04-24 00:00:00-04:00,2088.686,83.88204,389.1237,917.5048,698.1755,4.6666665,1.0,1.6666666,3.6666667,3.0,66059.0,21600.0,21600.0,5486.3335,17372.666,3135.6667,112.666664,257.66666,1579.0,1186.3334,228.66667,1.6666666,78.666664,67.666664,80.666664,75507.336,20632.666,20318.0,18586.666,15970.0,3364.3333,114.333336,336.33334,1646.6666,1267.0,1612.3334,313.33334,362.66666,721.0,215.33333,26662.334,5745.3335,2942.0,6408.3335,11566.667,36.333332,6.0,4.0,12.333333,14.0,0.0,0.0,0.0,0
P018,2013-04-26 00:00:00-04:00,99304.42,109.5573,786.14996,26372.234,72036.484,5.5,1.5,2.0,4.0,2.5,44690.5,17433.5,15149.5,734.5,11373.0,4239.0,199.0,573.5,2178.5,1288.0,464.5,0.0,228.0,219.0,17.5,69056.5,20929.5,19595.0,17026.5,11505.5,4703.5,199.0,801.5,2397.5,1305.5,5462.5,31.0,738.0,1656.0,3037.5,22749.0,5979.0,7102.0,6363.5,3304.5,45.5,12.0,8.5,15.0,10.0,0.0,0.0,0.0,1
P018,2013-04-27 00:00:00-04:00,97664.75,90.43319,752.72076,25476.389,71345.21,4.0,1.0,1.5,2.5,1.5,13242.0,6633.5,4385.5,327.5,1895.5,2119.0,199.0,560.5,797.0,562.5,458.5,0.0,228.0,219.0,11.5,76812.5,21038.0,19694.5,18328.5,17751.5,2577.5,199.0,788.5,1016.0,574.0,5350.5,31.0,636.5,1645.5,3037.5,33153.0,11958.0,13166.0,5525.0,2504.0,59.0,24.0,14.0,12.0,9.0,3.8727777,80.16,129.51111,0
P018,2013-04-28 00:00:00-04:00,126509.36,83.07675,514.38135,77989.09,47922.805,4.0,1.0,1.3333334,2.3333333,2.0,23677.666,4428.6665,3367.0,7418.3335,8463.667,2464.0,132.66667,373.66666,1171.0,786.6667,586.3333,0.0,152.0,363.0,71.333336,75028.0,21224.334,20133.666,15346.333,18323.666,3050.3333,132.66667,525.6667,1534.0,858.0,6942.6665,20.666666,593.3333,4214.0,2114.6667,33153.0,11958.0,13166.0,5525.0,2504.0,59.0,24.0,14.0,12.0,9.0,3.7818055,56.13222,104.755554,0
P018,2013-04-29 00:00:00-04:00,62114.18,88.40315,90.24722,61534.387,401.14072,3.3333333,1.3333334,1.0,2.3333333,1.6666666,28523.0,3575.0,531.0,10006.667,14410.333,2160.0,21.333334,80.333336,1550.3334,508.0,284.33334,0.0,0.0,220.66667,63.666668,77871.0,21082.0,20723.666,15775.333,20290.0,2444.3333,21.333334,80.333336,1771.0,571.6667,4265.0,135.0,254.0,3348.3333,527.6667,0.0,0.0,0.0,0.0,0.0,0.0,0.0,0.0,0.0,0.0,4.4787035,56.01852,110.21703,1
P018,2013-04-30 00:00:00-04:00,62526.605,118.91077,455.09525,61546.836,405.764,4.6666665,1.6666666,2.6666667,2.3333333,1.6666666,55699.332,10775.0,6171.6665,17152.666,21600.0,3163.3333,258.66666,846.3333,1550.3334,508.0,284.33334,0.0,0.0,220.66667,63.666668,77235.336,20889.0,20146.666,15999.667,20200.0,3447.6667,258.66666,846.3333,1771.0,571.6667,4381.3335,238.66667,266.66666,3348.3333,527.6667,0.0,0.0,0.0,0.0,0.0,0.0,0.0,0.0,0.0,0.0,4.7816668,43.947777,100.57,1
P018,2013-05-02 00:00:00-04:00,1485.3088,61.164967,896.3805,329.0006,198.76273,4.3333335,1.0,3.0,2.3333333,1.3333334,76479.336,18017.334,15262.0,21600.0,21600.0,2118.0,237.33333,1275.6666,264.66666,340.33334,9.666667,0.0,9.666667,0.0,0.0,82534.0,21042.334,19707.334,20841.0,20943.334,2127.6667,237.33333,1285.3334,264.66666,340.33334,363.0,103.666664,248.0,7.0,4.3333335,0.0,0.0,0.0,0.0,0.0,0.0,0.0,0.0,0.0,0.0,0.0,0.0,0.0,0
P018,2013-05-03 00:00:00-04:00,1949.4537,49.171253,1052.6027,651.76544,195.9145,4.3333335,1.0,3.0,3.0,1.3333334,73965.664,18017.334,14419.0,19929.334,21600.0,2041.0,0.0,955.0,745.6667,340.33334,9.666667,0.0,9.666667,0.0,0.0,81482.0,21166.666,19790.666,19759.0,20765.666,2050.6667,0.0,964.6667,745.6667,340.33334,626.3333,0.0,238.66667,383.33334,4.3333335,7114.0,0.0,2634.0,2098.0,2382.0,11.0,0.0,1.0,5.0,5.0,0.0,0.0,0.0,0
P018,2013-05-04 00:00:00-04:00,2059.3564,57.523613,1058.3706,767.4997,175.96263,4.6666665,1.0,3.0,3.3333333,1.3333334,60762.0,18017.334,9430.667,16055.333,17258.666,2431.0,0.0,955.0,1069.3334,406.66666,16.333334,0.0,9.666667,6.6666665,0.0,81491.0,21039.334,20172.666,19580.666,20698.334,2447.3333,0.0,964.6667,1076.0,406.66666,583.0,0.0,70.0,508.66666,4.3333335,7176.0,136.0,1554.5,3830.5,1655.0,13.5,0.5,2.0,8.0,3.0,0.0,0.0,0.0,0
P018,2013-05-05 00:00:00-04:00,1195.9214,59.11815,580.1348,504.7591,51.909336,2.6666667,1.0,2.3333333,2.0,1.0,66509.664,21600.0,11595.667,16055.333,17258.666,1316.3334,0.0,445.33334,804.6667,66.333336,6.6666665,0.0,0.0,6.6666665,0.0,82897.336,21039.666,20723.0,19946.666,21188.0,1323.0,0.0,445.33334,811.3333,66.333336,576.3333,1.6666666,73.0,501.66666,0.0,6536.6665,400.0,1759.0,3119.6667,1258.0,12.666667,0.6666667,2.3333333,7.0,2.6666667,0.0,0.0,0.0,0
P018,2013-05-07 00:00:00-04:00,1160.6033,49.930386,400.45554,193.54706,516.6702,3.0,1.0,1.6666666,1.6666666,1.6666666,72071.664,21600.0,16032.0,15360.0,19079.666,1689.3334,0.0,407.66666,296.66666,985.0,71.333336,0.0,0.0,0.0,71.333336,83385.0,21487.334,20626.0,21103.0,20168.666,1760.6666,0.0,407.66666,296.66666,1056.3334,560.0,1.6666666,392.0,1.6666666,164.66667,14753.667,309.33334,2585.0,6210.6665,5648.6665,17.333334,0.33333334,4.3333335,5.3333335,7.3333335,0.0,0.0,0.0,0
P018,2013-05-15 00:00:00-04:00,1758.3245,45.74949,1033.7852,428.02765,250.76218,5.0,1.0,5.0,3.0,2.0,44767.0,31.0,4069.0,21600.0,19067.0,2171.0,0.0,862.0,941.0,368.0,15.0,0.0,15.0,0.0,0.0,81048.0,20867.0,19938.0,19803.0,20440.0,2186.0,0.0,877.0,941.0,368.0,41.0,0.0,0.0,41.0,0.0,16323.0,222.0,8018.0,2609.0,5474.0,34.0,2.0,3.0,13.0,16.0,6.0980554,34.986668,102.14,0
P018,2013-05-16 00:00:00-04:00,2563.8408,53.150154,927.399,833.3021,749.9895,5.5,1.0,4.0,4.0,2.0,33784.5,2685.5,4592.0,11413.5,15093.5,2745.5,0.0,745.0,1149.5,851.0,7.5,0.0,7.5,0.0,0.0,79637.0,20730.0,20040.5,19281.5,19585.0,2753.0,0.0,752.5,1149.5,851.0,763.5,98.0,0.0,328.5,337.0,19865.0,817.0,6132.5,6927.0,5988.5,34.0,3.5,5.0,15.0,10.5,4.987361,42.52,100.78778,0
P018,2013-05-23 00:00:00-04:00,767.3537,64.73941,334.72412,225.55464,142.33556,3.0,1.0,1.6666666,2.6666667,1.3333334,76618.336,21600.0,19541.666,15363.667,20113.0,838.6667,0.0,394.66666,212.33333,231.66667,4.3333335,0.0,0.0,4.3333335,0.0,83090.0,21062.0,20535.334,20769.0,20723.666,843.0,0.0,394.66666,216.66667,231.66667,119.0,0.0,91.666664,19.666666,7.6666665,14413.333,27.0,1324.6666,4571.6665,8490.0,21.0,0.33333334,2.0,9.666667,9.0,0.0,0.0,0.0,0
P018,2013-05-25 00:00:00-04:00,879.09265,64.87168,343.18112,310.94382,160.09605,3.3333333,1.0,1.6666666,3.0,1.3333334,53358.668,15048.333,12351.667,9067.667,16891.0,1006.6667,0.0,395.33334,362.0,249.33333,6.6666665,0.0,0.0,4.3333335,2.3333333,81679.664,20822.0,20292.0,20171.666,20394.0,1013.3333,0.0,395.33334,366.33334,251.66667,432.0,0.0,91.666664,237.33333,103.0,18321.666,16.666666,2142.0,5274.6665,10888.333,23.666666,0.33333334,3.3333333,8.333333,11.666667,7.0852776,38.75778,113.80889,0
P018,2013-05-26 00:00:00-04:00,464.02075,156.90149,112.37587,114.99718,79.7462,2.0,1.6666666,1.3333334,1.0,0.6666667,52141.0,10820.0,7639.0,15304.0,18378.0,755.0,308.66666,83.0,161.33333,202.0,2.3333333,0.0,0.0,0.0,2.3333333,81384.664,20341.666,20628.0,20190.666,20224.334,757.3333,308.66666,83.0,161.33333,204.33333,695.3333,71.0,0.0,360.0,264.33334,13583.667,3450.0,1184.6666,2057.3333,6891.6665,20.666666,5.3333335,3.6666667,4.0,7.6666665,6.389167,49.99222,119.47444,0
P018,2013-05-27 00:00:00-04:00,554.9237,208.89345,143.91776,143.05118,59.061317,2.5,2.0,1.5,1.0,0.5,34454.332,4905.0,2127.3333,12119.333,15302.667,1153.0,310.33334,305.0,187.33333,350.33334,2.3333333,0.0,0.0,0.0,2.3333333,81379.664,20277.334,20417.666,20266.334,20418.334,1155.3334,310.33334,305.0,187.33333,352.66666,883.3333,71.0,88.0,528.3333,196.0,15544.5,5175.0,1746.5,1729.5,6893.5,24.5,8.0,5.0,3.0,8.5,6.668148,46.85037,118.564445,0
P019,2013-03-28 00:00:00-04:00,3869.2898,62.436657,828.31177,1568.9407,1409.6007,7.0,1.0,3.5,5.0,3.0,48289.5,671.0,9352.0,21157.0,17109.5,4269.5,95.0,1181.5,2033.0,960.0,0.0,0.0,0.0,0.0,0.0,79171.0,20858.0,19772.0,18776.0,19765.0,4269.5,95.0,1181.5,2033.0,960.0,1102.0,125.0,131.0,253.5,592.5,25720.5,247.0,6568.0,6152.5,12753.0,32.0,0.5,7.0,11.0,13.5,7.7791667,27.817778,99.3,0
P019,2013-03-29 00:00:00-04:00,4039.7483,377.50854,953.8837,1602.1564,1106.1996,6.6666665,1.6666666,3.6666667,4.6666665,2.3333333,45849.332,1732.0,10418.333,20066.334,13632.667,4613.6665,601.3333,1190.6666,2178.3333,643.3333,0.0,0.0,0.0,0.0,0.0,79048.664,20481.666,19846.666,18510.334,20210.0,4613.6665,601.3333,1190.6666,2178.3333,643.3333,984.6667,90.333336,93.333336,406.0,395.0,23443.0,258.66666,6349.0,7492.0,9343.333,31.0,1.0,5.6666665,13.0,11.333333,7.7791667,27.817778,99.3,0
P019,2013-04-01 00:00:00-04:00,3243.4946,73.53809,607.96484,1209.8087,1352.183,6.0,1.0,3.0,3.0,4.0,33381.0,2041.0,10050.0,12297.0,8993.0,3523.0,0.0,704.0,1082.0,1737.0,0.0,0.0,0.0,0.0,0.0,78650.0,21159.0,20404.0,17888.0,19199.0,3523.0,0.0,704.0,1082.0,1737.0,2290.0,10.0,0.0,2081.0,199.0,16912.0,50.0,4256.0,6241.0,6365.0,31.0,1.0,1.0,12.0,17.0,7.4852777,36.535557,105.666664,0
P019,2013-04-02 00:00:00-04:00,3853.8127,76.27119,831.36316,1584.3392,1361.8391,5.5,1.0,3.0,3.0,4.0,41152.0,1035.5,8368.5,16948.5,14799.5,4498.5,0.0,838.0,1837.5,1823.0,2.5,0.0,2.5,0.0,0.0,77747.5,21287.5,20503.5,17897.0,18059.5,4501.0,0.0,840.5,1837.5,1823.0,2785.0,5.0,9.0,1495.5,1275.5,20692.5,25.0,5822.5,6322.0,8523.0,39.0,0.5,2.5,20.0,16.0,5.752639,48.961113,104.23111,0
P019,2013-04-03 00:00:00-04:00,5190.99,90.256584,1146.4797,2156.227,1798.027,6.0,1.0,3.3333333,3.6666667,3.6666667,42268.0,690.3333,10458.0,16617.0,14502.667,4620.0,0.0,1251.3334,1844.3334,1524.3334,5.0,0.0,1.6666666,3.3333333,0.0,77622.336,21249.334,19800.334,18027.666,18545.0,4625.0,0.0,1253.0,1847.6666,1524.3334,2624.6667,3.3333333,231.66667,1319.3334,1070.3334,22771.0,16.666666,5979.6665,8411.0,8363.667,38.666668,0.33333334,3.3333333,20.0,15.0,6.1864815,42.57111,101.31185,0
P019,2013-04-04 00:00:00-04:00,5511.289,88.22125,1535.8337,2512.934,1374.2997,5.3333335,1.0,3.3333333,3.6666667,2.6666667,45113.668,385.33334,9428.333,19718.0,15582.0,4668.6665,0.0,1303.6666,2418.6667,946.3333,6.6666665,0.0,3.3333333,3.3333333,0.0,77880.336,21151.0,19541.666,18051.334,19136.334,4675.3335,0.0,1307.0,2422.0,946.3333,2195.6667,68.666664,411.33334,704.6667,1011.0,26958.334,0.0,6988.0,10515.0,9455.333,38.0,0.0,3.6666667,20.333334,14.0,5.537083,45.58889,99.134445,0
P019,2013-04-05 00:00:00-04:00,4963.7827,79.70462,1550.2642,2073.6738,1260.1399,5.6666665,1.0,3.6666667,3.6666667,2.3333333,41330.668,1438.3334,11171.667,15749.0,12971.667,4003.0,0.0,1404.6666,1941.0,657.3333,80.0,0.0,1.6666666,78.333336,0.0,78430.664,20992.334,18960.0,18432.334,20046.0,4083.0,0.0,1406.3334,2019.3334,657.3333,1575.0,72.0,662.0,549.0,292.0,25410.666,64.0,6125.3335,9897.0,9324.333,28.666666,0.33333334,3.6666667,13.0,11.666667,7.054167,29.791111,95.473335,0
P019,2013-04-06 00:00:00-04:00,2833.0168,77.17612,1149.3613,1217.7566,388.72275,5.0,1.0,3.3333333,3.3333333,1.6666666,48983.332,3364.3333,12452.667,17631.0,15535.333,2925.0,0.0,913.0,1653.6666,358.33334,76.666664,0.0,1.6666666,75.0,0.0,79753.664,20887.0,19483.666,18924.666,20458.334,3001.6667,0.0,914.6667,1728.6666,358.33334,914.0,72.0,521.6667,237.66667,82.666664,22940.0,64.0,6887.6665,8659.333,7329.0,27.666666,0.33333334,6.0,10.666667,10.666667,0.0,0.0,0.0,0
P019,2013-04-07 00:00:00-04:00,2314.2734,260.83594,881.6928,570.1507,601.59406,5.6666665,1.3333334,3.3333333,3.0,2.6666667,50072.332,4925.6665,14079.0,15327.333,15740.333,2759.3333,237.0,928.6667,911.0,682.6667,75.0,0.0,0.0,75.0,0.0,79682.336,20595.666,19471.0,19644.0,19971.666,2834.3333,237.0,928.6667,986.0,682.6667,751.0,28.333334,418.66666,158.66667,145.33333,20111.666,1122.6666,4695.6665,6893.0,7400.3335,31.0,2.3333333,7.0,13.0,8.666667,0.0,0.0,0.0,1
P019,2013-04-08 00:00:00-04:00,3843.3406,264.05197,697.0544,1463.9229,1418.3113,6.3333335,1.3333334,3.0,3.3333333,3.6666667,49604.668,4537.0,13697.333,15294.0,16076.333,2728.0,238.0,664.0,849.0,977.0,0.0,0.0,0.0,0.0,0.0,79579.0,20496.0,19854.0,19753.0,19476.0,2728.0,238.0,664.0,849.0,977.0,613.6667,37.666668,223.33333,99.666664,253.0,21344.666,1105.6666,4541.3335,9125.0,6572.6665,35.333332,2.6666667,6.3333335,16.333334,10.0,7.2897224,36.495556,104.062225,0
P019,2013-04-09 00:00:00-04:00,5139.3154,244.55014,767.46173,2228.849,1898.4542,6.3333335,1.3333334,2.6666667,3.3333333,4.3333335,44877.0,3074.0,10432.667,15294.0,16076.333,4352.3335,238.0,701.3333,1661.0,1752.0,6.0,0.0,0.0,6.0,0.0,78035.0,20405.666,19799.334,19045.334,18784.666,4358.3335,238.0,701.3333,1667.0,1752.0,801.3333,37.666668,142.33333,192.33333,429.0,22107.666,1250.3334,4141.3335,8306.333,8409.667,38.666668,3.3333333,2.6666667,16.333334,16.333334,7.1568055,35.79111,102.29444,0
P019,2013-04-10 00:00:00-04:00,6996.505,61.017067,891.1004,3413.3882,2630.999,6.6666665,1.0,3.0,4.0,4.0,42397.668,1824.0,10866.667,14978.667,14728.333,4804.0,1.0,970.3333,2026.3334,1806.3334,84.666664,0.0,0.0,83.0,1.6666666,78267.0,20939.666,19826.666,18420.0,19080.666,4888.6665,1.0,970.3333,2109.3333,1808.0,1202.0,14.333333,136.0,677.0,374.66666,23548.334,191.66667,5694.3335,10368.333,7294.0,36.666668,1.3333334,2.6666667,14.333333,18.333334,7.1568055,35.79111,102.29444,0
P019,2013-04-11 00:00:00-04:00,5706.5386,64.07583,1212.3604,2756.11,1673.9922,5.6666665,1.0,3.0,4.3333335,2.3333333,44552.0,2490.0,7379.6665,17348.334,17334.0,4890.0,68.666664,1293.0,2182.6667,1345.6666,84.666664,0.0,0.0,83.0,1.6666666,79170.336,21189.334,19711.666,18609.666,19659.666,4974.6665,68.666664,1293.0,2265.6667,1347.3334,1242.3334,1.6666666,235.0,657.0,348.66666,23851.666,444.0,5933.0,10258.667,7216.0,43.666668,2.0,4.3333335,13.666667,23.666666,7.023889,35.086666,100.526665,0
P019,2013-04-12 00:00:00-04:00,4717.648,69.09908,1135.2484,1942.1714,1571.1289,5.6666665,1.0,3.0,4.0,2.3333333,38569.332,2630.6667,9025.667,13562.0,13351.0,3543.0,70.333336,1297.0,1226.6666,949.0,78.666664,0.0,0.0,77.0,1.6666666,80297.336,21230.666,19759.0,19370.0,19937.666,3621.6667,70.333336,1297.0,1303.6666,950.6667,1029.6666,1.6666666,244.66667,618.6667,164.66667,26761.666,504.0,5113.6665,9588.0,11556.0,36.333332,2.0,5.6666665,12.333333,16.333334,6.556389,36.024445,97.72444,0
P019,2013-04-13 00:00:00-04:00,2652.519,187.626,698.56494,914.22284,852.1053,4.6666665,1.0,2.0,3.6666667,2.0,48412.0,5440.0,11845.0,13510.0,17617.0,2748.0,70.333336,725.3333,1090.6666,861.6667,0.0,0.0,0.0,0.0,0.0,78003.0,20911.334,17515.334,19914.666,19661.666,2748.0,70.333336,725.3333,1090.6666,861.6667,806.0,5.3333335,179.33333,196.66667,424.66666,29532.334,780.0,3860.3333,10424.333,14467.667,38.0,2.6666667,5.6666665,13.333333,16.333334,3.931111,30.63,71.327774,0
P019,2013-04-14 00:00:00-04:00,2466.8315,185.77827,307.50998,855.00323,1118.54,5.0,1.0,1.6666666,3.3333333,3.0,46878.668,4741.6665,16435.666,12229.0,13472.333,2936.3333,4.0,302.33334,1138.0,1492.0,0.0,0.0,0.0,0.0,0.0,77463.336,20792.666,17945.0,19710.334,19015.334,2936.3333,4.0,302.33334,1138.0,1492.0,803.0,66.0,29.333334,199.0,508.66666,30129.666,480.66666,3257.6667,11935.667,14455.667,31.0,1.3333334,4.6666665,13.666667,11.333333,4.7530556,32.513332,79.78667,0
P019,2013-04-15 00:00:00-04:00,2097.088,188.93248,299.4581,864.0386,744.6588,4.3333335,1.0,1.6666666,3.0,2.3333333,45196.332,4664.0,16232.667,11770.333,12529.333,2447.6667,2.3333333,230.0,1110.0,1105.3334,0.0,0.0,0.0,0.0,0.0,77772.0,20909.666,17464.666,19936.666,19461.0,2447.6667,2.3333333,230.0,1110.0,1105.3334,1473.0,70.333336,696.3333,133.66667,572.6667,23337.334,276.0,3043.0,12100.0,7918.3335,28.666666,0.6666667,4.0,13.333333,10.666667,4.8310184,32.34074,80.23778,0
P019,2013-04-16 00:00:00-04:00,2555.0774,63.917564,677.28937,1015.0203,798.85004,5.0,1.0,2.3333333,3.3333333,3.0,35287.668,1823.6666,9601.333,13252.0,10610.667,3263.3333,2.3333333,513.3333,1563.0,1184.6666,1.0,0.0,1.0,0.0,0.0,79460.0,21030.666,19772.666,19146.666,19510.0,3264.3333,2.3333333,514.3333,1563.0,1184.6666,1455.0,72.333336,761.0,322.66666,299.0,18658.0,0.0,5087.0,9193.333,4377.6665,26.0,0.0,3.0,14.0,9.0,6.591574,38.476295,100.45778,0
P019,2013-04-17 00:00:00-04:00,4615.2256,95.991646,774.9337,1843.8589,1900.4415,6.3333335,1.3333334,2.3333333,3.6666667,4.0,36635.0,2277.0,9082.0,12669.0,12607.0,3867.3333,13.0,738.3333,1609.0,1507.0,87.666664,0.0,1.0,80.0,6.6666665,77678.336,20945.334,19139.334,18741.666,18852.0,3955.0,13.0,739.3333,1689.0,1513.6666,2089.3333,15.0,1056.0,494.33334,524.0,20178.334,161.33333,5410.0,9678.0,4929.0,24.333334,0.33333334,2.6666667,12.0,9.333333,6.6099076,39.483704,101.611855,0
P019,2013-04-18 00:00:00-04:00,5863.112,116.369995,1016.3041,2394.4014,2336.0364,8.0,1.6666666,2.6666667,4.6666665,5.0,43855.668,3873.0,7051.6665,15398.0,17533.0,5465.6665,93.0,1075.6666,2272.3333,2024.6666,87.666664,0.0,1.0,80.0,6.6666665,74342.0,19785.666,18743.334,17780.334,18032.666,5553.3335,93.0,1076.6666,2352.3333,2031.3334,3328.6667,984.0,995.6667,660.6667,688.3333,25370.0,907.3333,6574.0,11456.667,6432.0,32.0,2.6666667,3.3333333,14.0,12.0,5.9508333,43.896297,100.751854,0
P019,2013-04-19 00:00:00-04:00,5396.3677,124.23506,824.6901,2181.131,2266.3113,8.0,1.6666666,2.3333333,4.3333335,4.6666665,44204.332,4208.3335,9286.0,12515.0,18195.0,4797.3335,97.333336,1018.3333,1788.0,1893.6666,86.666664,0.0,0.0,80.0,6.6666665,74812.664,19643.666,18760.0,18422.334,17986.666,4884.0,97.333336,1018.3333,1868.0,1900.3334,3105.6667,989.0,929.6667,410.0,777.0,23964.334,1206.3334,5525.6665,10797.667,6434.6665,33.666668,3.3333333,4.3333335,14.666667,11.333333,5.9807405,42.217777,99.31259,0
P019,2013-04-20 00:00:00-04:00,2461.0503,88.7885,637.61536,991.05005,743.59644,5.0,1.3333334,2.0,3.0,2.6666667,51396.0,3113.0,11928.0,16011.667,20343.334,2796.3333,84.333336,733.3333,1213.6666,765.0,0.0,0.0,0.0,0.0,0.0,78704.664,19799.0,19608.0,19563.666,19734.0,2796.3333,84.333336,733.3333,1213.6666,765.0,2156.6667,985.6667,624.3333,167.33333,379.33334,13794.333,1045.0,4120.6665,5163.0,3465.6667,25.333334,3.0,3.3333333,11.666667,7.3333335,5.735,38.31259,93.44148,0
P019,2013-04-21 00:00:00-04:00,1043.1144,65.288284,235.95552,347.99075,393.87985,3.0,1.0,1.3333334,1.6666666,2.0,41003.332,1374.3334,9698.0,11614.333,18316.666,1109.6666,80.666664,226.0,390.33334,412.66666,0.0,0.0,0.0,0.0,0.0,83167.336,20983.666,20943.334,20773.0,20467.334,1109.6666,80.666664,226.0,390.33334,412.66666,250.0,15.0,3.6666667,1.0,230.33333,5560.0,299.0,1530.3334,1750.6666,1980.0,13.333333,0.6666667,1.6666666,7.0,4.0,6.1959724,33.09667,91.91333,0
P019,2013-04-22 00:00:00-04:00,934.59845,68.41674,304.98846,306.02014,255.17314,2.6666667,1.0,1.6666666,2.0,1.6666666,47829.668,1688.6666,13102.667,13465.0,19573.334,948.6667,76.333336,447.33334,169.66667,255.33333,0.0,0.0,0.0,0.0,0.0,84092.0,21230.0,20871.666,21147.334,20843.0,948.6667,76.333336,447.33334,169.66667,255.33333,393.0,9.0,81.333336,70.0,232.66667,2096.3333,0.0,0.0,756.6667,1339.6666,9.0,0.0,0.0,2.0,7.0,4.005833,43.288887,84.58444,0
P019,2013-04-23 00:00:00-04:00,2114.3723,67.43262,602.25305,895.6534,549.03326,5.0,1.0,2.3333333,2.6666667,2.6666667,41072.332,1948.3334,7584.6665,12092.0,19447.334,2171.0,76.333336,617.6667,730.6667,746.3333,78.333336,0.0,78.333336,0.0,0.0,82286.664,21211.666,20468.666,20362.334,20244.0,2249.3333,76.333336,696.0,730.6667,746.3333,479.0,9.0,84.0,151.0,235.0,10789.333,0.0,2447.3333,3379.0,4963.0,17.666666,0.0,1.3333334,7.3333335,9.0,4.863333,46.36111,94.51667,0
P019,2013-04-24 00:00:00-04:00,2095.887,59.77828,600.1893,796.0403,639.879,5.3333335,1.0,2.3333333,2.6666667,3.0,40341.332,1565.0,7539.6665,12116.0,19120.666,2195.3333,0.0,617.6667,730.6667,847.0,78.333336,0.0,78.333336,0.0,0.0,81568.664,21189.0,20381.334,20070.0,19928.334,2273.6667,0.0,696.0,730.6667,847.0,776.0,6.3333335,84.0,339.66666,346.0,12806.667,117.666664,2646.0,3947.6667,6095.3335,24.666666,0.33333334,2.6666667,10.333333,11.333333,6.167778,41.294075,99.885185,0
P019,2013-04-25 00:00:00-04:00,3500.8652,51.677372,842.10095,1534.1831,1072.9039,6.0,1.0,2.3333333,3.0,3.6666667,38631.668,1851.3334,5883.3335,11776.333,19120.666,3589.3333,0.0,716.0,1365.3334,1508.0,149.33333,0.0,78.333336,71.0,0.0,79599.336,21083.334,20237.0,19232.666,19046.334,3738.6667,0.0,794.3333,1436.3334,1508.0,817.0,1.3333334,16.333334,350.0,449.33334,19584.0,248.66667,5890.6665,6089.6665,7355.0,31.666666,1.3333334,3.6666667,14.666667,12.0,8.103194,32.445557,106.52,0
P019,2013-04-26 00:00:00-04:00,2630.3103,54.3478,741.8913,1075.5269,758.54425,4.6666665,1.0,2.0,3.0,2.6666667,41025.332,8791.667,10797.0,6187.3335,15249.333,2738.3333,0.0,682.6667,1043.6666,1012.0,147.33333,0.0,76.333336,71.0,0.0,78824.0,20997.0,20106.666,18443.0,19277.334,2885.6667,0.0,759.0,1114.6666,1012.0,2049.3333,1.3333334,86.0,1353.6666,608.3333,15223.333,248.66667,4862.6665,5582.6665,4529.3335,34.0,1.3333334,3.0,16.0,13.666667,8.776667,31.16,110.62222,0
P019,2013-04-27 00:00:00-04:00,2925.201,63.607307,774.8613,1279.7258,807.00653,5.0,1.0,2.3333333,3.3333333,2.6666667,44355.332,9453.333,10963.333,6756.6665,17182.0,3023.0,0.0,752.3333,1315.0,955.6667,227.0,0.0,76.333336,74.0,76.666664,78382.664,20889.666,19920.0,18240.666,19332.334,3250.0,0.0,828.6667,1389.0,1032.3334,1667.6666,1.3333334,86.0,1165.0,415.33334,16499.334,678.0,4734.6665,6294.3335,4792.3335,38.0,1.3333334,2.3333333,16.333334,18.0,0.0,0.0,0.0,0
P019,2013-04-28 00:00:00-04:00,1382.6736,96.42076,298.03995,413.9091,574.3038,4.0,1.3333334,1.6666666,2.0,2.3333333,41278.332,8969.333,8861.333,6265.6665,17182.0,1411.0,0.0,283.0,510.66666,617.3333,156.0,0.0,76.333336,3.0,76.666664,79829.336,20757.334,20304.666,19113.666,19653.666,1567.0,0.0,359.33334,513.6667,694.0,1531.6666,18.333334,72.333336,1084.6666,356.33334,8178.0,662.0,1490.0,3395.6667,2630.3333,24.333334,1.0,1.3333334,10.0,12.0,7.609722,39.384445,109.51111,0
P019,2013-04-29 00:00:00-04:00,3328.8833,95.72222,267.72534,1393.1877,1572.2478,5.0,1.3333334,1.6666666,2.3333333,3.6666667,39074.668,4188.0,6121.6665,9800.333,18964.666,3193.3333,1.6666666,553.3333,917.0,1721.3334,150.33333,0.0,0.0,3.0,147.33333,79738.0,20646.666,20305.0,19898.666,18887.666,3343.6667,1.6666666,553.3333,920.0,1868.6666,394.66666,21.0,9.333333,161.33333,203.0,5627.5,993.0,106.0,1920.5,2608.0,19.0,1.5,1.0,5.0,11.5,7.609722,39.384445,109.51111,1
P019,2013-04-30 00:00:00-04:00,3416.1494,131.69806,500.74796,1405.2072,1378.4961,4.6666665,1.6666666,2.0,2.3333333,3.0,36761.332,5697.0,6191.6665,8255.0,16617.666,3420.3333,71.333336,885.3333,872.6667,1591.0,76.0,0.0,0.0,5.3333335,70.666664,79977.0,20776.666,20116.0,20022.0,19062.334,3496.3333,71.333336,885.3333,878.0,1661.6666,463.0,24.333334,9.333333,161.33333,268.0,345.0,345.0,0.0,0.0,0.0,2.0,2.0,0.0,0.0,0.0,6.677639,47.077778,109.74778,0
P019,2013-05-01 00:00:00-04:00,3646.9775,100.86978,708.5085,1555.7856,1281.8137,5.3333335,1.3333334,2.6666667,2.6666667,3.0,28214.0,6395.3335,6653.3335,4484.6665,10680.667,3604.6667,71.333336,1076.0,1032.6666,1424.6666,141.0,0.0,65.0,5.3333335,70.666664,79944.0,20775.666,20049.334,20110.666,19008.334,3745.6667,71.333336,1141.0,1038.0,1495.3334,1167.0,6.0,135.66667,224.0,801.3333,15608.0,0.0,4473.0,3813.0,7322.0,18.0,0.0,4.0,2.0,12.0,5.62125,49.405556,103.62444,0
P019,2013-05-02 00:00:00-04:00,2760.803,105.355545,1122.9694,1053.0626,479.41534,5.6666665,1.3333334,3.0,3.0,2.3333333,27214.0,4025.0,5401.0,7912.0,9876.0,3312.3333,69.666664,1496.0,1181.3334,565.3333,70.333336,0.0,65.0,5.3333335,0.0,80299.664,20638.334,19610.334,20030.666,20020.334,3382.6667,69.666664,1561.0,1186.6666,565.3333,1635.6666,473.0,270.66666,156.66667,735.3333,8122.0,318.0,2236.5,1906.5,3661.0,10.5,1.5,2.0,1.0,6.0,6.205,45.010372,103.89926,0
P019,2013-05-03 00:00:00-04:00,2764.6997,88.01622,1216.456,1007.3057,452.9217,6.3333335,1.0,3.0,3.6666667,2.3333333,34588.0,2327.3333,9562.0,10844.667,11854.0,3212.6667,0.0,1439.0,1106.6666,667.0,66.0,0.0,66.0,0.0,0.0,80317.0,20768.0,19602.0,20151.0,19796.0,3278.6667,0.0,1505.0,1106.6666,667.0,1916.6666,471.33334,385.0,162.0,898.3333,8122.0,318.0,2236.5,1906.5,3661.0,10.5,1.5,2.0,1.0,6.0,6.5424075,38.47111,100.05926,0
P019,2013-05-04 00:00:00-04:00,2235.5027,99.85933,1004.3457,845.1497,286.14795,4.6666665,1.0,2.3333333,3.3333333,1.6666666,28890.666,521.3333,6678.0,10477.667,11213.667,2551.0,0.0,1172.0,946.6667,432.33334,1.0,0.0,1.0,0.0,0.0,80350.664,20805.334,19885.666,20374.0,19285.666,2552.0,0.0,1173.0,946.6667,432.33334,2472.6667,471.33334,258.66666,99.333336,1643.3334,1347.5,318.0,30.5,0.0,999.0,6.5,1.5,0.5,0.0,4.5,7.065139,35.68667,101.456665,0
P019,2013-05-05 00:00:00-04:00,827.6838,95.47013,422.52765,223.42911,86.25689,2.3333333,1.0,1.6666666,2.0,1.0,30222.666,583.3333,8264.0,10477.667,10897.667,763.3333,0.6666667,344.66666,152.33333,265.66666,1.0,0.0,1.0,0.0,0.0,81769.664,21274.666,20856.666,21260.666,18377.666,764.3333,0.6666667,345.66666,152.33333,265.66666,2837.6667,1.6666666,114.333336,5.3333335,2716.3333,1534.5,0.0,61.0,30.0,1443.5,7.5,0.0,1.0,0.5,6.0,7.16875,33.944443,100.543335,0
P019,2013-05-06 00:00:00-04:00,1010.58923,78.1842,603.0481,201.6916,127.665306,2.3333333,1.0,1.6666666,1.6666666,1.3333334,29796.0,110.333336,8527.667,11184.0,9974.0,1098.0,0.6666667,697.3333,301.66666,98.333336,78.333336,0.0,78.333336,0.0,0.0,82146.336,21296.666,20573.334,21280.666,18995.666,1176.3334,0.6666667,775.6667,301.66666,98.333336,2564.0,0.0,70.666664,3.3333333,2490.0,3998.6667,0.0,1100.6666,1297.0,1601.0,12.0,0.0,3.3333333,2.6666667,6.0,7.4819446,30.56,99.664444,0
P019,2013-05-07 00:00:00-04:00,1583.3625,100.27264,1001.2365,328.36395,153.4894,3.6666667,1.0,2.3333333,2.3333333,1.6666666,43199.0,1883.6666,10441.0,18373.666,12500.667,1958.6666,0.6666667,1019.0,546.0,393.0,78.333336,0.0,78.333336,0.0,0.0,82817.336,21592.666,20259.666,20918.0,20047.0,2037.0,0.6666667,1097.3334,546.0,393.0,1357.3334,0.0,203.66667,72.0,1081.6666,9664.667,0.0,4103.3335,1851.6666,3709.6667,23.666666,0.0,6.3333335,5.6666665,11.666667,7.4819446,30.56,99.664444,1
P019,2013-05-08 00:00:00-04:00,2772.7266,101.41945,1441.3481,1025.0692,204.88979,6.0,1.0,3.6666667,4.0,2.0,36837.332,3046.6667,8804.0,12506.333,12480.333,3460.0,0.0,1635.3334,1361.3334,463.33334,81.0,0.0,78.333336,0.0,2.6666667,81251.0,21529.334,19441.0,19905.0,20375.666,3541.0,0.0,1713.6666,1361.3334,466.0,1179.0,0.0,345.33334,212.66667,621.0,9375.667,47.666668,4083.0,1831.6666,3413.3333,22.333334,0.33333334,6.0,5.3333335,10.666667,6.3438888,34.43667,94.43667,0
P019,2013-05-09 00:00:00-04:00,3041.438,94.5358,1201.8573,1153.8291,591.21594,6.3333335,1.0,4.3333335,4.3333335,2.6666667,32066.0,3057.0,7798.3335,10855.0,10355.667,3779.6667,0.0,1248.0,1663.0,868.6667,2.6666667,0.0,0.0,0.0,2.6666667,80042.664,21470.334,19906.334,19293.334,19372.666,3782.3333,0.0,1248.0,1663.0,871.3333,1803.0,0.0,278.0,442.0,1083.0,6517.6665,47.666668,3023.0,554.6667,2892.3333,15.666667,0.33333334,3.3333333,3.0,9.0,4.8433332,41.50111,89.496666,0
P019,2013-05-10 00:00:00-04:00,3034.5256,56.632305,973.3129,1202.3712,802.2092,6.0,1.0,4.3333335,4.0,2.6666667,27229.334,1283.6666,6908.6665,6429.6665,12607.333,3820.3333,0.0,1227.0,1714.0,879.3333,6.3333335,0.0,3.6666667,0.0,2.6666667,78891.664,21301.0,19320.0,19184.666,19086.0,3826.6667,0.0,1230.6666,1714.0,882.0,2354.6667,0.0,747.0,373.33334,1234.3334,5245.0,47.666668,1503.0,1218.0,2476.3333,9.666667,0.33333334,2.0,4.0,3.3333333,4.8433332,41.50111,89.496666,0
P019,2013-05-11 00:00:00-04:00,2530.325,54.264736,613.1315,826.9921,1035.9366,5.0,1.0,3.0,3.0,3.3333333,33178.668,10.333333,7738.6665,12297.0,13132.667,3069.6667,0.0,677.6667,1296.3334,1095.6666,5.3333335,0.0,3.6666667,1.6666666,0.0,79917.0,21171.334,19885.666,19516.334,19343.666,3075.0,0.0,681.3333,1298.0,1095.6666,1552.0,0.0,605.3333,324.66666,622.0,9929.0,0.0,1503.0,4339.6665,4086.3333,16.0,0.0,2.0,8.666667,5.3333335,5.691528,36.35889,91.14,0
P019,2013-05-12 00:00:00-04:00,1813.7537,55.470158,359.42935,742.4199,656.43427,4.0,1.0,2.0,2.6666667,2.6666667,38359.332,175.0,6176.0,16014.667,15993.667,2373.3333,0.0,431.33334,1189.0,753.0,5.3333335,0.0,3.6666667,1.6666666,0.0,80640.664,20968.666,20004.0,19590.334,20077.666,2378.6667,0.0,435.0,1190.6666,753.0,1062.3334,63.0,602.0,239.0,158.33333,11964.0,0.0,1523.3334,5540.3335,4900.3335,25.666666,0.0,2.3333333,14.0,9.333333,7.0,30.204445,95.45333,1
P019,2013-05-13 00:00:00-04:00,1634.825,58.74807,241.86313,702.1715,632.04224,4.3333335,1.0,1.6666666,3.3333333,3.3333333,41741.668,185.0,8593.0,17874.0,15089.667,2047.6666,0.0,130.66667,1151.6666,765.3333,1.6666666,0.0,0.0,1.6666666,0.0,81398.336,20910.0,20847.334,19500.334,20140.666,2049.3333,0.0,130.66667,1153.3334,765.3333,385.33334,63.0,0.0,300.0,22.333334,11170.667,0.0,121.0,6009.6665,5040.0,25.333334,0.0,1.6666666,14.333333,9.333333,6.0502777,34.156666,91.80778,0
P019,2013-05-14 00:00:00-04:00,1595.6353,51.727013,645.463,499.08954,399.35565,4.3333335,1.0,2.6666667,3.0,2.6666667,37041.332,507.66666,7622.0,13633.667,15278.0,2106.6667,0.0,538.6667,1007.3333,560.6667,0.0,0.0,0.0,0.0,0.0,81026.336,20848.0,20368.666,19532.334,20277.334,2106.6667,0.0,538.6667,1007.3333,560.6667,441.33334,63.0,11.0,342.33334,25.0,12113.333,74.0,2934.3333,4616.3335,4488.6665,32.333332,0.33333334,4.3333335,15.0,12.666667,5.1005554,38.10889,88.162224,0
P019,2013-05-15 00:00:00-04:00,2639.6294,48.467785,1033.1309,850.2364,707.7944,6.3333335,1.0,3.3333333,3.6666667,3.0,37004.668,922.0,9693.667,11813.0,14576.0,3184.0,0.0,1354.3334,1126.3334,703.3333,1.0,0.0,1.0,0.0,0.0,79245.664,20833.334,19100.334,19472.334,19839.666,3185.0,0.0,1355.3334,1126.3334,703.3333,809.0,0.0,383.0,197.66667,228.33333,20150.334,390.0,4894.3335,8017.6665,6848.3335,33.666668,0.6666667,5.3333335,14.666667,13.0,5.9791665,37.01889,94.10111,1
P019,2013-05-16 00:00:00-04:00,3330.6912,71.829605,1432.9415,1096.268,729.65204,6.3333335,1.3333334,4.0,3.6666667,3.0,42430.668,1816.6666,10865.667,12469.333,17279.0,4171.3335,0.0,1972.6666,1569.3334,629.3333,1.0,0.0,1.0,0.0,0.0,78382.336,20676.666,18423.334,19247.666,20034.666,4172.3335,0.0,1973.6666,1569.3334,629.3333,1025.0,64.333336,390.0,221.33333,349.33334,15936.0,462.0,4793.6665,6330.3335,4350.0,25.333334,1.0,4.0,10.333333,10.0,6.8577776,35.92889,100.04,1
P019,2013-05-17 00:00:00-04:00,3811.4067,75.9886,1431.3363,1390.8906,913.1912,6.3333335,1.3333334,4.0,4.3333335,3.3333333,49513.668,3205.6667,15012.667,13283.667,18011.666,4441.3335,0.0,2078.6667,1650.0,712.6667,1.0,0.0,1.0,0.0,0.0,78347.336,20873.334,18446.0,19284.666,19743.334,4442.3335,0.0,2079.6667,1650.0,712.6667,1245.3334,66.0,398.66666,193.0,587.6667,15392.5,582.0,2970.5,6903.0,4937.0,17.5,1.0,2.0,7.5,7.0,6.8577776,35.92889,100.04,1
P019,2013-05-18 00:00:00-04:00,8320.837,78.839066,1029.8588,1068.6962,6143.4424,5.3333335,1.3333334,3.0,3.6666667,4.0,41161.332,2952.0,13152.0,9332.333,15725.0,3754.3333,3.3333333,1200.0,1571.6666,979.3333,13.333333,0.0,0.0,0.0,13.333333,79835.336,20847.666,19750.666,19655.666,19581.334,3767.6667,3.3333333,1200.0,1571.6666,992.6667,1056.0,67.0,26.666666,193.33333,769.0,216.0,216.0,0.0,0.0,0.0,1.0,1.0,0.0,0.0,0.0,8.091389,38.355556,112.335556,0
P019,2013-05-19 00:00:00-04:00,7887.578,259.43835,580.3594,816.455,6231.325,5.6666665,1.3333334,2.0,3.6666667,4.0,38561.668,4724.6665,11098.667,7013.3335,15725.0,3372.3333,289.66666,581.6667,1209.6666,1291.3334,13.333333,0.0,0.0,0.0,13.333333,79685.0,20717.0,19966.0,19912.334,19089.666,3385.6667,289.66666,581.6667,1209.6666,1304.6666,1622.3334,161.0,588.6667,109.666664,763.0,2400.0,0.0,0.0,0.0,2400.0,10.0,0.0,0.0,0.0,10.0,8.091389,38.355556,112.335556,1
P019,2013-05-20 00:00:00-04:00,7141.45,258.39117,241.99692,465.0999,6175.9624,5.3333335,1.3333334,1.6666666,3.0,4.0,33990.332,3941.0,7182.6665,6271.6665,16595.0,3029.6667,289.66666,247.0,1046.3334,1446.6666,13.333333,0.0,0.0,0.0,13.333333,79631.0,20598.666,19719.0,20183.666,19129.666,3043.0,289.66666,247.0,1046.3334,1460.0,1892.0,159.33333,1112.3334,3.6666667,616.6667,7726.5,388.0,837.0,2425.0,4076.5,15.5,0.5,2.0,4.0,9.0,7.550833,38.27111,107.92667,1
P019,2013-05-21 00:00:00-04:00,2283.1758,300.57986,469.18518,516.4947,996.9161,5.0,1.6666666,2.3333333,3.0,3.3333333,43400.0,3745.6667,5890.0,13203.667,20560.666,3588.6667,449.66666,694.6667,898.0,1546.3334,69.0,0.0,69.0,0.0,0.0,78664.336,20529.0,19129.666,19963.666,19042.0,3657.6667,449.66666,763.6667,898.0,1546.3334,1921.6666,167.66667,1203.3334,155.33333,395.33334,13214.0,561.0,3650.6667,4470.0,4532.3335,23.666666,1.3333334,2.6666667,9.333333,10.333333,6.724861,39.953335,103.001114,0
P019,2013-05-22 00:00:00-04:00,1771.3887,93.47969,499.75125,456.6679,721.4898,3.6666667,1.3333334,2.6666667,2.3333333,2.6666667,43148.0,1364.0,5712.3335,15511.0,20560.666,2734.6667,163.33333,865.3333,643.3333,1062.6666,69.0,0.0,69.0,0.0,0.0,79933.336,20799.666,19420.666,20173.666,19539.334,2803.6667,163.33333,934.3333,643.3333,1062.6666,1134.0,16.0,634.3333,155.0,328.66666,18559.334,561.0,5120.3335,6157.3335,6720.6665,31.0,1.3333334,6.0,13.666667,10.0,6.975278,37.95926,103.01037,1
P019,2013-05-23 00:00:00-04:00,2219.125,95.86151,636.8297,767.8062,718.6277,4.6666665,1.3333334,2.6666667,3.3333333,3.0,42428.332,634.3333,6219.3335,16742.666,18832.0,3254.3333,163.33333,918.6667,1228.6666,943.6667,281.33334,0.0,69.0,68.0,144.33333,79199.336,20723.666,19818.666,19340.0,19317.0,3535.6667,163.33333,987.6667,1296.6666,1088.0,681.3333,16.0,107.333336,242.33333,315.66666,23447.334,386.33334,7164.3335,10456.0,5440.6665,34.333332,1.3333334,7.0,15.666667,10.333333,7.0660186,36.337776,102.114815,1
P019,2013-05-24 00:00:00-04:00,1570.95,60.082138,437.4506,622.9207,450.49658,4.0,1.0,2.3333333,3.0,3.0,37126.668,1138.3334,6496.3335,14587.667,14904.333,2373.3333,0.0,560.6667,1146.3334,666.3333,212.33333,0.0,0.0,68.0,144.33333,81198.0,21062.334,20493.334,19725.0,19917.334,2585.6667,0.0,560.6667,1214.3334,810.6667,274.66666,6.6666665,16.333334,95.0,156.66667,22211.0,84.0,4938.6665,11821.333,5367.0,26.666666,0.33333334,8.0,12.0,6.3333335,7.3793054,33.646667,101.93,1
P019,2013-05-25 00:00:00-04:00,1750.7085,96.32998,552.8087,652.9057,448.66403,4.3333335,1.3333334,2.6666667,3.0,3.0,35783.332,1318.3334,6286.6665,13274.0,14904.333,2662.0,0.0,766.6667,1204.3334,691.0,212.33333,0.0,0.0,68.0,144.33333,81618.336,21244.334,20451.334,19816.666,20106.0,2874.3333,0.0,766.6667,1272.3334,835.3333,214.0,0.0,17.333334,98.666664,98.0,21952.334,84.0,3512.6667,13715.0,4640.6665,30.0,0.33333334,5.0,15.333333,9.333333,7.1590276,34.246666,100.76778,0
P019,2013-05-26 00:00:00-04:00,1037.0095,100.08286,301.23346,328.1612,307.532,3.0,1.3333334,2.6666667,1.6666666,2.3333333,40820.332,3386.0,5099.3335,14662.667,17672.334,1573.3334,0.0,481.66666,448.33334,643.3333,0.0,0.0,0.0,0.0,0.0,83646.0,21410.334,20902.666,20884.334,20448.666,1573.3334,0.0,481.66666,448.33334,643.3333,227.33333,0.0,1.0,11.333333,215.0,22896.0,231.66667,974.6667,12640.333,9049.333,32.0,1.6666666,3.0,18.0,9.333333,7.0355554,35.171112,100.704445,0
P019,2013-05-27 00:00:00-04:00,945.3386,106.38646,282.55026,378.32867,178.07324,3.0,1.3333334,2.6666667,1.6666666,1.6666666,45568.668,4122.3335,6310.0,16817.666,18318.666,939.0,0.0,419.0,144.0,376.0,0.0,0.0,0.0,0.0,0.0,81947.664,21311.0,20873.334,19352.666,20410.666,939.0,0.0,419.0,144.0,376.0,283.0,2.0,1.0,5.3333335,274.66666,27265.666,433.33334,2289.6667,12276.0,12266.667,41.0,3.3333333,4.6666665,18.0,15.0,6.0816665,43.233334,101.13556,0
P019,2013-05-28 00:00:00-04:00,1205.68,97.14504,496.8314,487.6296,124.074,4.0,1.3333334,3.0,2.0,1.3333334,40276.668,4425.6665,4389.3335,15128.667,16333.0,1203.0,156.0,368.33334,401.66666,277.0,2.6666667,0.0,0.0,2.6666667,0.0,80855.336,20897.334,20646.334,18826.334,20485.334,1205.6666,156.0,368.33334,404.33334,277.0,287.66666,6.3333335,12.333333,1.0,268.0,31126.334,866.6667,5162.6665,12166.0,12931.0,49.333332,6.6666665,4.6666665,19.666666,18.333334,4.4218054,55.043335,99.666664,0
P019,2013-05-29 00:00:00-04:00,1792.9001,168.78572,682.09937,868.9526,73.06245,5.0,1.6666666,3.0,3.0,1.0,49592.0,8391.0,8622.0,16246.0,16333.0,2268.0,480.66666,693.0,1049.3334,45.0,156.33333,89.333336,64.333336,2.6666667,0.0,76286.336,20433.334,20205.0,18201.334,17446.666,2424.3333,570.0,757.3333,1052.0,45.0,396.0,83.333336,157.33333,86.0,69.333336,32450.334,5838.0,9580.0,9147.667,7884.6665,49.666668,9.666667,9.0,15.666667,15.333333,4.4218054,55.043335,99.666664,1
P019,2013-05-31 00:00:00-04:00,1950.9125,129.56912,729.53986,723.64935,368.15408,4.3333335,1.3333334,2.3333333,2.6666667,2.3333333,57071.332,13431.333,15160.667,15702.0,12777.333,2435.0,389.0,697.3333,829.0,519.6667,386.33334,89.333336,64.333336,0.0,232.66667,71165.336,17150.666,17964.666,19418.666,16631.334,2821.3333,478.33334,761.6667,829.0,752.3333,5900.0,1729.6666,2674.6667,1132.6666,363.0,20089.666,5590.3335,6406.3335,4162.3335,3930.6667,32.666668,7.3333335,8.666667,9.0,7.6666665,6.591111,31.755556,93.73333,1
P020,2013-03-29 00:00:00-04:00,0.0,0.0,0.0,0.0,0.0,0.0,0.0,0.0,0.0,0.0,48924.5,9625.0,14174.0,10800.0,14325.5,4511.0,576.0,262.0,2993.5,679.5,100.5,0.0,0.0,100.5,0.0,78994.5,20607.5,20898.0,17422.5,20066.5,4611.5,576.0,262.0,3094.0,679.5,1102.0,10.0,21.5,661.5,409.0,15028.5,590.0,1634.5,9955.0,2849.0,30.5,2.0,5.5,14.5,8.5,6.675833,37.88222,112.82222,0
P020,2013-04-01 00:00:00-04:00,2862.581,91.89729,780.14056,1220.3784,770.16473,6.0,1.0,3.0,4.0,3.0,63108.5,13082.5,14592.5,18314.5,17119.0,4177.5,3.5,1318.5,2173.5,682.0,122.0,0.0,30.5,91.5,0.0,70844.5,21317.5,19828.5,17917.5,11781.0,4299.5,3.5,1349.0,2265.0,682.0,1178.0,0.0,98.0,1072.5,7.5,12197.5,1033.5,5284.5,4482.5,1397.0,29.5,2.5,7.5,13.0,6.5,5.0494447,49.215557,111.14445,0
P020,2013-04-02 00:00:00-04:00,2842.335,112.3092,449.17416,1582.1946,698.657,4.5,1.0,2.0,3.0,3.0,25767.5,2623.0,3828.0,8334.0,10982.5,5613.5,3.5,735.0,3457.5,1417.5,37.5,0.0,20.5,17.0,0.0,78369.0,21360.5,20618.0,16525.0,19865.5,5651.0,3.5,755.5,3474.5,1417.5,1796.5,132.5,98.0,1440.0,126.0,17158.0,2067.0,3413.5,8159.5,3518.0,34.0,5.5,6.0,10.5,12.0,5.527222,47.5,113.251114,0
P020,2013-04-03 00:00:00-04:00,3081.6265,270.82428,571.4905,1108.2197,1131.092,4.3333335,1.3333334,2.0,2.3333333,3.0,37214.668,4760.3335,5176.6665,12756.0,14521.667,5206.0,248.66667,846.6667,2305.0,1805.6666,98.0,0.0,13.666667,11.333333,73.0,79078.664,21132.334,20428.666,18121.666,19396.0,5304.0,248.66667,860.3333,2316.3333,1878.6666,1283.6666,88.333336,146.0,960.0,89.333336,15950.667,1657.0,3966.6667,5789.0,4538.0,32.0,4.3333335,5.0,9.0,13.666667,5.527222,47.5,113.251114,0
P020,2013-04-04 00:00:00-04:00,3084.2192,405.19644,448.89548,1323.5459,906.5813,3.6666667,1.6666666,1.6666666,2.0,2.3333333,29087.334,6260.3335,3788.0,8709.333,10329.667,4121.3335,488.33334,569.6667,1712.3334,1351.0,84.333336,0.0,0.0,11.333333,73.0,80525.0,20804.334,20694.666,19263.666,19762.334,4205.6665,488.33334,569.6667,1723.6666,1424.0,580.0,88.333336,84.333336,323.0,84.333336,15203.333,1206.3334,2571.6667,6645.6665,4779.6665,28.0,4.3333335,3.6666667,6.0,14.0,6.005,45.784443,115.35778,0
P020,2013-04-05 00:00:00-04:00,2336.8809,401.53024,454.60464,716.17596,764.5701,3.0,1.6666666,1.6666666,1.6666666,1.6666666,53926.668,13178.667,10964.333,15363.0,14420.667,2599.0,488.33334,569.6667,680.3333,860.6667,73.0,0.0,0.0,0.0,73.0,82067.336,20799.666,20592.0,20447.0,20228.666,2672.0,488.33334,569.6667,680.3333,933.6667,167.66667,0.0,84.333336,78.0,5.3333335,13912.333,540.6667,2315.6667,4621.3335,6434.6665,31.666666,2.6666667,3.3333333,7.3333335,18.333334,0.0,0.0,0.0,0
P020,2013-04-06 00:00:00-04:00,1306.1296,240.17326,208.55075,709.684,147.72154,2.0,1.3333334,1.3333334,1.6666666,1.0,61136.0,17367.0,15539.667,15363.0,12866.333,1137.0,242.0,213.0,680.3333,1.6666666,0.0,0.0,0.0,0.0,0.0,83333.336,20938.0,20939.0,20367.334,21089.0,1137.0,242.0,213.0,680.3333,1.6666666,83.333336,0.0,3.6666667,78.0,1.6666666,13723.667,584.6667,1291.0,5018.0,6830.0,33.0,3.3333333,4.0,8.333333,17.333334,0.0,0.0,0.0,0
P020,2013-04-07 00:00:00-04:00,492.71512,111.49408,123.07914,110.271645,147.87025,1.0,1.0,1.0,1.0,1.0,78060.664,21445.334,21600.0,16560.666,18454.666,210.66667,61.333332,0.0,0.6666667,148.66667,0.0,0.0,0.0,0.0,0.0,84028.664,21039.334,21099.0,21076.0,20814.334,210.66667,61.333332,0.0,0.6666667,148.66667,98.0,8.666667,0.0,1.0,88.333336,10893.0,629.0,985.3333,2556.6667,6722.0,32.333332,3.6666667,3.3333333,9.666667,15.666667,0.0,0.0,0.0,0
P020,2013-04-08 00:00:00-04:00,665.70245,111.23431,351.92633,89.23863,113.30321,1.6666666,1.0,1.6666666,1.0,1.0,52026.0,15843.667,14590.667,10337.0,11254.667,541.0,61.333332,328.33334,2.6666667,148.66667,0.0,0.0,0.0,0.0,0.0,83423.664,20990.334,20667.334,20982.666,20783.334,541.0,61.333332,328.33334,2.6666667,148.66667,232.66667,12.0,69.333336,63.0,88.333336,14587.333,1358.6666,2176.0,1921.3334,9131.333,29.666666,7.3333335,2.3333333,9.333333,10.666667,6.0,42.29111,111.82445,0
P020,2013-04-09 00:00:00-04:00,1348.2814,99.51975,341.83746,659.04944,247.87476,2.3333333,1.0,1.6666666,1.3333334,1.3333334,46139.668,14315.667,14590.667,5724.3335,11509.0,1729.0,61.333332,328.33334,951.0,388.33334,4.0,0.0,0.0,4.0,0.0,81912.336,20954.0,20631.666,19838.334,20488.334,1733.0,61.333332,328.33334,955.0,388.33334,380.0,12.0,69.333336,212.0,86.666664,14023.333,1446.6666,1654.3334,4077.0,6845.3335,27.333334,8.0,1.6666666,9.333333,8.333333,6.0,42.29111,111.82445,0
P020,2013-04-10 00:00:00-04:00,1565.0342,118.45683,546.8872,663.6415,236.04869,2.6666667,1.0,2.0,1.3333334,1.3333334,44366.668,14415.667,13544.333,7818.0,8588.667,1697.6666,0.0,506.0,950.3333,241.33333,68.666664,0.0,64.666664,4.0,0.0,81481.664,20965.0,20298.0,19593.666,20625.0,1766.3334,0.0,570.6667,954.3333,241.33333,437.66666,3.3333333,75.333336,359.0,0.0,16212.667,1164.0,3133.3333,4928.3335,6987.0,30.333334,6.0,2.3333333,13.0,9.0,6.0,42.29111,111.82445,0
P020,2013-04-11 00:00:00-04:00,1797.1556,90.535934,419.15253,932.41644,355.05075,2.6666667,1.0,1.6666666,1.6666666,1.6666666,60530.332,20072.0,20469.666,10267.667,9721.0,1851.0,0.0,263.66666,1088.6666,498.66666,137.0,0.0,64.666664,4.6666665,67.666664,80905.664,20868.334,20513.0,19339.666,20184.666,1988.0,0.0,328.33334,1093.3334,566.3333,396.33334,0.0,6.6666665,376.33334,13.333333,14799.667,757.0,2874.3333,4831.3335,6337.0,29.0,3.3333333,2.3333333,11.0,12.333333,0.0,0.0,0.0,1
P020,2013-04-12 00:00:00-04:00,1400.7994,96.33265,699.7196,408.38486,196.36235,2.6666667,1.0,2.3333333,1.6666666,1.3333334,49664.0,16932.666,13541.333,9907.0,9283.0,1478.3334,0.0,454.33334,704.0,320.0,214.33333,0.0,146.0,0.6666667,67.666664,80930.0,20768.0,20139.0,19773.0,20250.0,1692.6666,0.0,600.3333,704.6667,387.66666,267.0,0.6666667,6.6666665,227.33333,32.333332,17499.0,1740.6666,4619.0,3744.6667,7394.6665,34.666668,4.3333335,3.3333333,12.666667,14.333333,4.6702776,51.446667,110.342224,0
P020,2013-04-14 00:00:00-04:00,1695.7386,121.13973,799.5468,643.32886,131.72318,3.0,1.6666666,3.0,2.3333333,1.0,46027.668,5048.6665,9209.667,16626.666,15142.667,1683.6666,0.0,657.3333,955.6667,70.666664,152.66667,0.0,81.333336,71.333336,0.0,82043.664,20950.334,20057.0,19876.0,21160.334,1836.3334,0.0,738.6667,1027.0,70.666664,313.0,0.6666667,147.66667,134.66667,30.0,17796.0,3917.6667,7338.0,2518.0,4022.3333,38.333332,6.6666665,11.0,8.333333,12.333333,4.085139,50.11,104.32445,0
P022,2013-03-28 00:00:00-04:00,3308.5645,79.2276,1137.7845,1012.03705,1079.5151,5.0,1.0,2.0,4.0,3.0,13983.0,143.0,3376.5,4769.0,5694.5,3600.0,0.0,497.0,1697.0,1406.0,1871.5,0.0,380.5,1094.0,397.0,77990.5,21036.0,20032.5,18108.0,18814.0,5471.5,0.0,877.5,2791.0,1803.0,528.5,0.0,109.5,81.5,337.5,24916.0,1048.5,4774.5,7910.0,11183.0,29.5,3.0,3.0,8.5,15.0,8.290556,30.004444,109.59556,1
P022,2013-03-29 00:00:00-04:00,3174.8372,86.547714,1220.0347,890.691,977.5639,5.0,1.0,2.3333333,4.0,2.6666667,16142.333,112.0,3181.3333,4912.6665,7936.3335,3377.3333,0.0,353.0,1537.3334,1487.0,1821.6666,0.0,575.6667,960.3333,285.66666,78098.336,20996.666,19891.334,18369.666,18840.666,5199.0,0.0,928.6667,2497.6667,1772.6666,508.66666,0.0,153.33333,62.0,293.33334,24847.0,739.3333,5742.3335,8251.0,10114.333,30.666666,2.6666667,4.6666665,9.666667,13.666667,8.290556,30.004444,109.59556,0
P022,2013-03-30 00:00:00-04:00,2612.4033,82.45279,772.5604,865.23224,892.158,4.3333335,1.0,1.6666666,3.6666667,3.0,27312.666,7310.3335,8203.333,4631.3335,7167.6665,3698.0,0.0,138.33333,2109.0,1450.6666,1508.3334,0.0,392.0,639.6667,476.66666,77720.336,20900.0,20178.334,17948.0,18694.0,5206.3335,0.0,530.3333,2748.6667,1927.3334,543.6667,0.0,174.0,149.33333,220.33333,21421.666,1183.0,3084.0,8785.0,8369.667,29.666666,5.0,3.3333333,9.333333,12.0,0.0,0.0,0.0,0
P022,2013-03-31 00:00:00-04:00,1927.1244,80.58429,516.9635,867.6073,461.9693,3.6666667,1.0,1.6666666,3.3333333,2.0,27820.0,7245.0,7883.3335,7216.6665,5475.0,3066.0,62.666668,21.666666,2237.6667,744.0,1134.3334,0.0,322.0,570.6667,241.66667,78623.664,20762.0,20365.666,17748.334,19747.666,4200.3335,62.666668,343.66666,2808.3333,985.6667,493.33334,0.0,101.0,246.66667,145.66667,14667.333,665.3333,2630.0,7001.0,4371.0,22.333334,4.6666665,3.0,9.666667,5.0,7.8694444,50.184444,126.40667,0
P022,2013-04-01 00:00:00-04:00,1373.5471,156.26535,105.52205,812.4538,299.30597,3.0,1.3333334,1.0,2.6666667,2.0,24526.666,7715.6665,7389.3335,6522.6665,2899.0,2413.0,129.33333,0.0,1940.0,343.66666,800.6667,90.333336,0.0,473.33334,237.0,79580.664,20598.666,20772.0,18073.0,20137.0,3213.6667,219.66667,0.0,2413.3333,580.6667,507.66666,0.0,28.333334,313.0,166.33333,7800.6665,867.0,70.666664,4372.6665,2490.3333,16.333334,5.0,0.33333334,7.0,4.0,7.0223613,45.75778,115.20333,0
P022,2013-04-02 00:00:00-04:00,2290.8604,156.60466,127.48227,1478.742,528.0315,4.3333335,1.3333334,1.0,3.3333333,2.0,30541.0,7715.6665,7875.3335,10179.333,4770.6665,2998.6667,129.33333,90.0,2151.0,628.3333,1006.3333,90.333336,2.6666667,741.3333,172.0,78487.0,20599.0,20632.0,17366.334,19889.666,4005.0,219.66667,92.666664,2892.3333,800.3333,589.3333,0.0,18.333334,462.66666,108.333336,7420.6665,423.33334,23.666666,4218.3335,2755.3333,17.0,2.6666667,0.33333334,8.333333,5.6666665,7.0223613,45.75778,115.20333,1
P022,2013-04-03 00:00:00-04:00,2740.5947,151.83237,618.87115,1462.019,507.87222,5.3333335,1.3333334,2.0,4.0,2.0,36023.332,8004.0,9452.333,8857.333,9709.667,2921.6667,66.666664,391.33334,1765.6666,698.0,1209.6666,90.333336,253.33333,694.0,172.0,79047.0,20636.0,20351.666,18056.0,20003.334,4131.3335,157.0,644.6667,2459.6667,870.0,597.3333,0.0,20.0,463.66666,113.666664,14762.333,749.3333,2632.3333,6193.3335,5187.3335,24.333334,2.6666667,2.3333333,9.333333,10.0,6.626528,37.72111,104.0,1
P022,2013-04-04 00:00:00-04:00,2857.104,62.381203,583.0558,1763.293,448.37405,5.6666665,1.0,2.0,4.6666665,1.6666666,58723.668,14716.667,16216.0,15018.0,12773.0,4167.0,1.0,391.33334,2712.3333,1062.3334,1842.6666,0.0,253.33333,1419.6666,169.66667,78211.0,21023.666,20608.0,16609.0,19970.334,6009.6665,1.0,644.6667,4132.0,1232.0,549.6667,0.0,12.333333,498.33334,39.0,20070.0,507.33334,2901.3333,7968.3335,8693.0,30.333334,1.6666666,3.3333333,13.0,12.333333,7.077778,34.11111,104.0,0
P022,2013-04-05 00:00:00-04:00,2334.982,64.116974,605.7335,1346.06,319.07126,5.0,1.0,2.3333333,4.3333335,1.6666666,45609.0,8173.6665,10706.667,14514.667,12214.0,3772.0,1.0,301.33334,2404.0,1065.6666,2152.6667,0.0,332.33334,1633.3334,187.0,79233.336,21297.0,20896.334,17030.0,20010.0,5924.6665,1.0,633.6667,4037.3333,1252.6666,922.0,0.0,65.666664,526.3333,330.0,28032.666,558.0,4116.3335,10407.667,12950.667,34.0,2.0,4.3333335,15.0,12.666667,7.077778,34.11111,104.0,0
P022,2013-04-06 00:00:00-04:00,1945.5114,102.75915,139.90825,1298.3728,404.4712,4.6666665,1.3333334,1.3333334,3.6666667,2.0,44116.332,7863.0,10278.0,15970.667,10004.667,3798.0,1.0,5.3333335,2156.3333,1635.3334,2311.0,76.666664,81.666664,1817.0,335.66666,79325.664,21505.666,21418.334,17180.334,19221.334,6109.0,77.666664,87.0,3973.3333,1971.0,819.3333,0.0,64.0,397.66666,357.66666,26957.334,1025.0,1507.6666,9819.333,14605.333,31.666666,2.0,2.3333333,16.0,11.333333,7.815,42.964443,118.751114,0
P022,2013-04-07 00:00:00-04:00,2379.9724,153.21674,178.60963,943.6977,1104.4484,5.3333335,1.6666666,1.6666666,2.6666667,3.0,41620.332,7863.0,10278.0,13564.667,9914.667,3881.6667,246.66667,64.666664,1174.0,2396.3333,2024.3334,353.66666,81.666664,1011.3333,577.6667,72658.664,20917.666,18907.0,14952.667,17881.334,5906.0,600.3333,146.33333,2185.3333,2974.0,1020.0,8.0,64.0,361.33334,586.6667,20999.334,1455.6666,1238.6666,7983.6665,10321.333,23.333334,3.0,1.3333334,12.666667,6.3333335,7.815,42.964443,118.751114,1
P022,2013-04-08 00:00:00-04:00,2441.4329,150.51854,648.237,712.81354,929.8638,5.3333335,1.6666666,2.0,3.0,2.6666667,40951.668,7362.0,11114.333,14178.333,8297.0,3296.0,246.66667,211.0,801.6667,2036.6666,1767.6666,353.66666,321.66666,602.0,490.33334,73594.664,20734.0,18472.334,15862.0,18526.334,5063.6665,600.3333,532.6667,1403.6666,2527.0,481.0,78.666664,1.6666666,121.666664,279.0,13013.5,2107.5,0.0,4776.0,6130.0,19.0,4.0,0.0,10.5,4.5,6.9144444,42.793335,111.37556,1
P022,2013-04-09 00:00:00-04:00,3062.057,152.4428,698.7457,903.3509,1307.5175,5.3333335,1.6666666,2.3333333,3.3333333,3.3333333,54396.332,14556.0,16927.0,15053.333,7860.0,3721.3333,313.66666,259.66666,1437.6666,1710.3334,1988.3334,277.0,321.66666,673.0,716.6667,72159.664,20561.666,18292.334,14877.0,18428.666,5709.6665,590.6667,581.3333,2110.6667,2427.0,621.3333,149.0,5.0,218.66667,248.66667,2158.0,1292.0,0.0,866.0,0.0,8.0,3.0,0.0,5.0,0.0,6.013889,42.622223,104.0,1
P022,2013-04-10 00:00:00-04:00,3309.905,136.26663,1126.8787,1089.9722,956.78754,5.3333335,1.6666666,2.6666667,4.3333335,3.3333333,42896.0,8745.333,11627.667,15313.333,7209.6665,2581.6667,67.0,431.0,1461.3334,622.3333,2007.6666,1.6666666,555.3333,872.6667,578.0,79581.0,20822.334,20273.334,18582.666,19902.666,4589.3335,68.666664,986.3333,2334.0,1200.3334,638.0,141.0,70.333336,342.33334,84.333336,0.0,0.0,0.0,0.0,0.0,0.0,0.0,0.0,0.0,0.0,6.0873613,42.035557,104.001114,1
P022,2013-04-11 00:00:00-04:00,3228.1238,191.26294,630.7687,1367.7407,1038.3516,6.0,2.0,2.3333333,4.3333335,4.0,44269.0,9492.0,9979.333,14262.667,10535.0,3727.3333,144.0,362.33334,2450.6667,770.3333,1961.0,11.333333,233.66667,978.6667,737.3333,77771.336,20752.666,20624.0,17270.334,19124.334,5688.3335,155.33333,596.0,3429.3333,1507.6666,1077.6666,149.66667,69.333336,457.0,401.66666,0.0,0.0,0.0,0.0,0.0,0.0,0.0,0.0,0.0,0.0,6.6655555,46.48111,113.07222,1
P022,2013-04-12 00:00:00-04:00,2655.48,169.98453,611.52997,991.3489,882.61664,6.0,1.6666666,2.3333333,4.6666665,3.6666667,30934.0,2766.3333,4117.3335,13399.667,10650.667,2996.0,78.0,385.0,1691.6666,841.3333,1549.0,13.0,248.66667,683.3333,604.0,79195.336,20687.334,20685.666,18542.0,19280.334,4545.0,91.0,633.6667,2375.0,1445.3334,1171.3334,79.333336,66.0,462.0,564.0,0.0,0.0,0.0,0.0,0.0,0.0,0.0,0.0,0.0,0.0,6.6655555,46.48111,113.07222,0
P022,2013-04-13 00:00:00-04:00,2593.3306,513.3855,151.8425,1083.9443,844.1581,6.0,2.3333333,1.6666666,4.6666665,3.6666667,30778.334,1993.0,2216.6667,14200.0,12368.667,5165.6665,489.66666,154.33333,2436.3333,2085.3333,1630.3334,16.333334,15.0,869.0,730.0,76300.664,20141.666,21078.334,17524.666,17556.0,6796.0,506.0,169.33333,3305.3333,2815.3333,1497.6666,463.0,0.6666667,345.66666,688.3333,0.0,0.0,0.0,0.0,0.0,0.0,0.0,0.0,0.0,0.0,7.5655556,51.68667,125.477776,0
P022,2013-04-14 00:00:00-04:00,2673.9656,643.86554,131.56828,1101.7787,796.7531,6.0,2.6666667,1.3333334,4.3333335,3.0,39202.332,6356.6665,8538.0,14185.667,10122.0,4978.6665,564.6667,76.666664,2200.6667,2136.6667,1604.6666,164.66667,15.0,877.3333,547.6667,76716.664,19611.334,21247.0,17772.0,18086.334,6583.3335,729.3333,91.666664,3078.0,2684.3333,1601.0,530.6667,0.0,542.3333,528.0,0.0,0.0,0.0,0.0,0.0,0.0,0.0,0.0,0.0,0.0,3.9569445,42.716667,87.638885,0
P022,2013-04-15 00:00:00-04:00,2588.606,623.07404,72.56733,1268.4075,624.55725,5.6666665,2.6666667,1.0,3.6666667,2.6666667,53169.668,13082.333,13014.0,15033.667,12039.667,5088.0,563.6667,0.0,2510.0,2014.3334,1602.6666,163.0,0.0,982.6667,457.0,76164.0,19844.666,21171.334,17094.0,18054.0,6690.6665,726.6667,0.0,3492.6667,2471.3333,1700.6666,530.6667,68.0,587.3333,514.6667,0.0,0.0,0.0,0.0,0.0,0.0,0.0,0.0,0.0,0.0,3.9569445,42.716667,87.638885,0
P022,2013-04-16 00:00:00-04:00,2462.3171,281.62488,82.8144,1483.6989,614.17896,5.0,2.0,1.0,3.3333333,2.3333333,60175.668,19666.334,19658.666,12706.667,8144.0,3834.0,152.0,0.0,2608.0,1074.0,1471.0,158.0,0.0,936.6667,376.33334,77912.664,19908.334,21308.0,17245.334,19451.0,5305.0,310.0,0.0,3544.6667,1450.3334,1674.6666,628.0,68.0,586.6667,392.0,7134.0,0.0,0.0,5023.0,2111.0,7.0,0.0,0.0,3.0,4.0,0.046944443,33.573334,46.464443,0
P022,2013-04-17 00:00:00-04:00,1982.665,106.134865,126.57403,1199.284,550.6721,3.6666667,1.3333334,1.3333334,3.0,2.3333333,44598.668,14401.333,12981.0,10442.333,6774.0,3045.0,0.0,71.666664,2017.0,956.3333,1229.0,0.0,68.0,686.3333,474.66666,79760.0,20678.666,21203.666,18264.0,19613.666,4274.0,0.0,139.66667,2703.3333,1431.0,1167.6666,482.0,68.0,376.66666,241.0,13782.0,50.0,2093.5,6660.5,4978.0,12.5,0.5,0.5,6.0,5.5,0.0,0.0,0.0,0
P022,2013-04-18 00:00:00-04:00,3083.508,105.80292,366.4426,1376.2388,1235.0239,4.0,1.3333334,1.3333334,3.3333333,2.6666667,26523.0,7379.3335,7250.6665,6191.6665,5701.3335,3780.6667,0.0,140.33333,2061.6667,1578.6666,1779.3334,0.0,117.666664,917.3333,744.3333,78871.0,20717.0,21097.0,18122.334,18934.666,5560.0,0.0,258.0,2979.0,2323.0,959.0,482.0,79.0,281.66666,116.333336,16218.667,33.333332,1395.6666,9066.667,5723.0,16.0,0.33333334,0.33333334,7.6666665,7.6666665,7.5052776,50.691113,124.0,0
P022,2013-04-19 00:00:00-04:00,2701.863,187.73036,348.82718,1139.8065,1025.4988,4.3333335,1.3333334,1.3333334,3.3333333,2.3333333,21218.334,2606.3333,2406.0,6041.3335,10164.667,3226.0,175.66667,140.33333,1656.3334,1253.6666,1533.3334,12.0,117.666664,817.6667,586.0,77981.664,21144.334,19734.666,17840.334,19262.334,4759.3335,187.66667,258.0,2474.0,1839.6666,411.33334,8.0,84.0,279.66666,39.666668,16811.666,894.0,1395.6666,9254.0,5268.0,24.666666,2.0,0.33333334,14.666667,7.6666665,7.1305556,49.68889,120.0,0
P022,2013-04-20 00:00:00-04:00,3141.5933,444.20844,351.059,1145.2162,1201.1095,5.0,1.6666666,1.0,3.3333333,3.0,37133.668,7065.0,2597.0,11417.0,16054.667,3080.0,599.0,87.333336,1304.6666,1089.0,1607.0,190.0,49.666668,835.0,532.3333,77062.0,20292.334,19496.334,18069.666,19203.666,4687.0,789.0,137.0,2139.6667,1621.3334,456.0,24.666666,210.66667,153.0,67.666664,18163.666,3560.3333,239.33333,8129.3335,6234.6665,28.333334,4.6666665,1.3333334,14.0,8.333333,7.1305556,49.68889,120.0,0
P022,2013-04-21 00:00:00-04:00,2363.6628,444.2672,110.14095,1200.7108,608.5439,4.6666665,1.6666666,1.0,3.3333333,3.0,48430.0,8244.333,3868.3333,17777.0,18540.334,2936.3333,599.0,19.333334,1764.3334,553.6667,959.6667,190.0,0.0,586.6667,183.0,77123.664,20047.334,19505.334,17661.666,19909.334,3896.0,789.0,19.333334,2351.0,736.6667,497.0,28.333334,142.33333,217.0,109.333336,13967.667,5362.3335,290.0,4485.0,3830.3333,23.0,5.6666665,2.0,11.0,4.3333335,6.877917,49.193333,117.48333,0
P022,2013-04-22 00:00:00-04:00,2065.1562,320.97183,174.30199,1059.9366,509.94577,4.6666665,1.3333334,1.3333334,4.0,2.6666667,49176.668,6705.0,2792.0,20112.0,19567.666,2630.6667,423.33334,21.0,1794.3334,392.0,826.0,178.0,81.666664,387.66666,178.66667,79695.664,20090.0,20783.334,18683.666,20138.666,3456.6667,601.3333,102.666664,2182.0,570.6667,563.3333,21.333334,138.0,153.33333,250.66667,16495.0,6752.5,435.0,3935.0,5372.5,18.0,6.0,3.0,4.5,4.5,6.801111,43.808887,111.48444,0
P022,2013-04-23 00:00:00-04:00,1940.3169,110.669235,129.69547,1406.8434,293.10876,4.3333335,1.3333334,1.3333334,4.3333335,1.6666666,51237.0,9445.0,9278.667,19531.334,12982.0,3039.6667,0.0,2.3333333,2685.0,352.33334,767.3333,0.0,81.666664,614.3333,71.333336,79712.664,20863.666,20974.334,17546.334,20328.334,3807.0,0.0,84.0,3299.3333,423.66666,526.0,3.6666667,72.0,236.33333,214.0,8504.0,5406.0,152.0,2946.0,0.0,7.0,3.0,2.0,2.0,0.0,6.801111,43.808887,111.48444,1
P022,2013-04-24 00:00:00-04:00,1794.7585,151.74364,223.5225,980.7289,438.76352,4.3333335,1.6666666,1.6666666,3.6666667,1.3333334,43130.332,8805.667,8469.667,14369.333,11485.667,2680.3333,5.0,157.33333,2077.0,441.0,659.0,0.0,147.0,366.66666,145.33333,81225.664,20935.0,21071.334,18784.666,20434.666,3339.3333,5.0,304.33334,2443.6667,586.3333,453.66666,0.0,66.333336,164.66667,222.66667,0.0,0.0,0.0,0.0,0.0,0.0,0.0,0.0,0.0,0.0,6.6022224,37.917778,104.00222,0
P022,2013-04-28 00:00:00-04:00,25730.951,21.803518,5.1335354,13620.408,12083.605,2.0,1.0,1.0,2.0,1.0,43471.0,4949.0,0.0,20255.0,18267.0,6102.0,0.0,0.0,1814.0,4288.0,325.0,0.0,0.0,62.0,263.0,64433.0,20545.0,20532.0,17930.0,5426.0,6427.0,0.0,0.0,1876.0,4551.0,1707.0,0.0,0.0,887.0,820.0,20000.0,131.0,0.0,13294.0,6575.0,16.0,1.0,0.0,8.0,7.0,8.994166,42.984444,128.20444,0
P022,2013-05-06 00:00:00-04:00,520.7221,302.5772,84.814,34.802734,98.528145,3.0,3.0,1.0,1.0,1.0,29583.0,6371.0,7200.0,15852.0,160.0,316.0,287.0,0.0,29.0,0.0,442.0,442.0,0.0,0.0,0.0,67851.0,20026.0,20924.0,5984.0,20917.0,758.0,729.0,0.0,29.0,0.0,217.0,194.0,0.0,8.0,15.0,2873.0,1875.0,182.0,0.0,816.0,8.0,4.0,2.0,0.0,2.0,0.0,0.0,0.0,1
P022,2013-05-07 00:00:00-04:00,1070.6064,190.10442,74.36829,608.3058,197.8279,3.5,2.0,1.0,1.5,2.0,42000.5,11142.5,14400.0,12400.0,4058.0,1786.5,143.5,0.0,1182.0,461.0,752.5,221.0,0.0,331.5,200.0,73351.0,20471.5,20910.0,11925.0,20044.5,2539.0,364.5,0.0,1513.5,661.0,317.5,98.0,0.0,10.0,209.5,2257.5,1063.5,156.5,629.5,408.0,9.0,2.5,1.5,4.0,1.0,0.078888886,35.295555,47.93111,1
P022,2013-05-08 00:00:00-04:00,1022.3673,191.01004,71.207245,433.78888,326.3611,3.3333333,2.0,1.0,1.3333334,2.3333333,32205.0,7613.6665,11470.0,9229.0,3892.3333,1337.0,174.66667,1.6666666,788.0,372.66666,598.6667,147.33333,0.0,221.0,230.33333,76496.664,20521.334,20869.666,14825.0,20280.666,1935.6666,322.0,1.6666666,1009.0,603.0,212.33333,65.333336,0.6666667,6.6666665,139.66667,2257.5,1063.5,156.5,629.5,408.0,9.0,2.5,1.5,4.0,1.0,2.8108332,40.212223,75.96555,0
P022,2013-05-09 00:00:00-04:00,1362.7275,150.05927,64.008675,829.65137,319.00818,3.6666667,1.6666666,1.0,2.0,2.3333333,26611.666,5617.6665,9280.333,7325.3335,4388.3335,2292.3333,160.66667,1.6666666,1157.3334,972.6667,1010.0,16.333334,0.0,680.0,313.66666,80426.664,20873.334,20835.334,19024.334,19693.666,3302.3333,177.0,1.6666666,1837.3334,1286.3334,537.6667,72.333336,238.66667,92.0,134.66667,1642.0,252.0,131.0,1259.0,0.0,10.0,1.0,1.0,8.0,0.0,4.5342593,39.325184,88.86593,0
P022,2013-05-10 00:00:00-04:00,1729.2825,149.35106,83.84697,935.07764,561.0068,3.3333333,1.6666666,1.0,2.3333333,2.0,17509.0,2239.0,3934.3333,6501.6665,4834.0,2139.0,161.66667,5.6666665,503.66666,1468.0,1422.0,16.333334,0.0,835.3333,570.3333,78190.336,19548.0,20722.334,19338.666,18581.334,3561.0,178.0,5.6666665,1339.0,2038.3334,978.6667,148.0,243.0,163.66667,424.0,35505.0,6712.0,7516.0,10341.0,10936.0,106.0,34.0,38.0,25.0,9.0,6.840833,41.34,109.333336,0
P022,2013-05-11 00:00:00-04:00,1629.333,206.71585,85.250175,923.6593,413.70764,3.6666667,2.3333333,1.0,2.3333333,1.3333334,18492.0,5482.0,2079.6667,6779.3335,4151.0,2647.6667,646.6667,5.0,529.6667,1466.3334,1401.3334,92.666664,0.0,835.3333,473.33334,77841.0,18938.334,20652.666,19558.0,18692.0,4049.0,739.3333,5.0,1365.0,1939.6666,1366.0,287.33334,306.66666,241.66667,530.3333,22136.5,6737.0,3758.0,5216.0,6425.5,57.5,18.5,19.0,13.0,7.0,7.981111,37.55111,114.666664,0
P022,2013-05-13 00:00:00-04:00,632.29645,230.9514,73.50994,72.68237,255.15273,3.0,2.5,1.0,1.0,1.5,12175.0,5156.0,703.0,4715.0,1601.0,1323.0,846.0,1.5,159.0,316.5,222.5,114.5,0.0,0.0,108.0,81911.5,19978.5,20793.5,20586.0,20553.5,1545.5,960.5,1.5,159.0,424.5,954.0,209.0,104.0,481.5,159.5,8768.0,6762.0,0.0,91.0,1915.0,9.0,3.0,0.0,1.0,5.0,7.630833,41.68889,116.00222,0
P022,2013-05-14 00:00:00-04:00,1414.0328,216.60794,74.37534,920.3395,202.7101,3.5,1.5,1.0,2.5,1.5,29841.0,3646.0,895.0,13655.0,11645.0,1819.5,125.5,0.0,1473.0,221.0,900.5,102.0,0.0,690.5,108.0,77901.0,20867.5,21302.0,18570.0,17161.5,2720.0,227.5,0.0,2163.5,329.0,516.5,24.5,7.5,484.5,0.0,0.0,0.0,0.0,0.0,0.0,0.0,0.0,0.0,0.0,0.0,7.630833,41.68889,116.00222,0
P022,2013-05-15 00:00:00-04:00,1526.806,251.12236,245.0785,796.89087,233.71428,4.0,1.6666666,1.6666666,3.0,2.0,38544.0,4628.6665,3896.3333,16303.333,13715.667,2872.6667,307.33334,704.6667,1624.0,236.66667,827.0,68.0,72.333336,614.6667,72.0,77990.336,20651.334,20382.0,18697.666,18259.334,3699.6667,375.33334,777.0,2238.6667,308.66666,966.0,20.666666,246.66667,408.33334,290.33334,18799.0,3228.0,4096.0,4548.0,6927.0,44.0,4.0,8.0,11.0,21.0,7.630833,41.68889,116.00222,0
P022,2013-05-16 00:00:00-04:00,2162.1848,245.55296,250.85413,1393.3788,272.39905,5.3333335,1.6666666,1.6666666,4.0,2.3333333,48878.668,7944.0,4536.6665,19818.0,16580.0,5488.0,308.66666,704.6667,2388.3333,2086.3333,1476.0,68.0,72.333336,1097.6666,238.0,73205.664,19905.666,20092.666,17052.334,16155.0,6964.0,376.66666,777.0,3486.0,2324.3333,3374.0,909.3333,728.0,1053.0,683.6667,22529.0,3152.0,4167.0,6756.5,8453.5,56.0,9.5,15.5,13.5,17.5,6.66,54.162224,120.708885,0
P022,2013-05-17 00:00:00-04:00,2137.333,198.07063,240.04716,856.9707,842.2445,5.0,1.6666666,1.6666666,3.0,3.3333333,50487.668,6374.6665,7715.0,19818.0,16580.0,5069.6665,250.0,704.6667,1620.0,2495.0,1463.6666,0.0,72.333336,924.3333,467.0,68233.664,20219.0,17693.666,15885.667,14435.333,6533.3335,250.0,777.0,2544.3333,2962.0,3657.0,897.6667,728.0,1117.6666,913.6667,20012.666,2424.3333,2778.0,7184.3335,7626.0,43.0,8.0,10.333333,12.333333,12.333333,6.761667,45.922222,113.28222,0
P022,2013-05-18 00:00:00-04:00,2167.576,346.85532,65.66235,748.8579,1006.2004,4.6666665,2.0,1.0,2.3333333,3.3333333,55465.668,11376.667,11615.333,16071.667,16402.0,4482.6665,501.33334,0.0,1064.3334,2917.0,1328.0,4.3333335,0.0,832.3333,491.33334,69630.336,20062.666,18711.0,16599.0,14257.667,5810.6665,505.66666,0.0,1896.6666,3408.3333,3145.6667,963.3333,486.33334,1051.0,645.0,20090.0,2564.3333,1429.6666,7404.6665,8691.333,45.0,11.0,8.0,13.666667,12.333333,6.761667,45.922222,113.28222,0
P022,2013-05-20 00:00:00-04:00,1465.5154,449.0459,176.79005,383.73233,455.94714,4.0,2.0,1.5,3.0,2.0,66766.5,21600.0,21600.0,12957.5,10609.0,2544.5,712.5,120.0,832.5,879.5,144.5,6.5,3.0,98.5,36.5,77635.5,20357.5,21150.5,15959.0,20168.5,2689.0,719.0,123.0,931.0,916.0,296.0,105.0,0.0,41.0,150.0,14504.5,3018.5,1349.0,5000.0,5137.0,33.5,9.0,1.5,11.5,11.5,0.0,0.0,0.0,0
P022,2013-05-23 00:00:00-04:00,9255.459,146.3402,168.3544,7750.5264,1190.2383,5.0,1.5,1.5,2.5,4.0,42816.0,12121.0,14400.0,7179.0,9116.0,2771.5,210.5,30.5,1458.5,1072.0,2230.5,0.0,0.0,811.0,1419.5,69417.0,20187.5,15431.5,16764.5,17033.5,5002.0,210.5,30.5,2269.5,2491.5,1502.0,278.5,1.0,212.5,1010.0,9925.5,892.5,206.5,5086.5,3740.0,24.0,2.0,1.0,10.0,11.0,0.0,0.0,0.0,1
P022,2013-05-27 00:00:00-04:00,2390.2117,282.9043,87.25695,957.08575,1062.9646,5.0,2.0,1.0,5.0,4.0,16758.0,4940.0,1983.0,5739.0,4096.0,2274.0,190.0,27.0,1224.0,833.0,1922.0,235.0,0.0,746.0,941.0,70543.0,20289.0,20623.0,11303.0,18328.0,4196.0,425.0,27.0,1970.0,1774.0,7884.0,18.0,33.0,7347.0,486.0,43184.0,5986.0,91.0,17916.0,19191.0,33.0,9.0,1.0,12.0,11.0,0.0,0.0,0.0,0
P023,2013-03-29 00:00:00-04:00,1735.1981,112.62868,658.43854,870.43567,93.69525,4.0,1.0,2.0,3.0,1.0,45551.5,1197.5,11794.0,16380.0,16180.0,3519.5,5.5,1345.5,2152.5,16.0,256.5,0.0,6.5,250.0,0.0,77588.5,20573.5,18775.0,18108.5,20131.5,3776.0,5.5,1352.0,2402.5,16.0,1726.5,228.0,640.0,254.0,604.5,15774.5,35.5,4562.5,7612.0,3564.5,26.0,0.5,6.5,13.0,6.0,6.886389,43.88111,89.15444,1
P023,2013-03-30 00:00:00-04:00,1258.48,102.28461,463.24353,605.5953,87.356514,3.0,1.0,1.6666666,2.3333333,1.0,40115.0,1501.0,12400.0,12713.0,13501.0,2360.6667,3.6666667,897.0,1438.3334,21.666666,171.0,0.0,4.3333335,166.66667,0.0,79102.0,20498.0,19344.666,18952.0,20307.334,2531.6667,3.6666667,901.3333,1605.0,21.666666,1341.6666,265.0,490.33334,183.33333,403.0,11632.667,104.333336,3078.6667,5744.0,2705.6667,22.666666,1.0,4.6666665,11.333333,5.6666665,7.205463,41.482224,89.30815,1
P023,2013-03-31 00:00:00-04:00,929.2554,95.09586,343.10413,404.60922,86.4462,2.3333333,1.0,1.6666666,1.6666666,1.0,43386.332,1376.3334,12537.667,15139.333,14333.0,1309.3334,0.0,648.6667,572.3333,88.333336,171.0,0.0,4.3333335,166.66667,0.0,80284.664,20600.0,19621.0,19737.0,20326.666,1480.3334,0.0,653.0,739.0,88.333336,1004.3333,113.0,415.33334,204.66667,271.33334,5471.0,80.666664,2413.0,1276.6666,1700.6666,16.0,0.6666667,3.6666667,7.0,4.6666665,8.12676,38.81259,94.00889,1
P023,2013-04-01 00:00:00-04:00,933.6474,99.45747,682.83704,79.63305,71.71985,1.6666666,1.0,1.6666666,1.0,1.0,42012.0,1788.6666,14514.0,11619.333,14090.0,528.0,0.0,362.33334,77.333336,88.333336,306.33334,0.0,306.33334,0.0,0.0,81290.0,20560.666,19774.334,20449.334,20505.666,834.3333,0.0,668.6667,77.333336,88.333336,496.66666,113.0,209.33333,117.0,57.333332,5489.0,369.66666,2454.0,1519.6666,1145.6666,18.666666,1.6666666,4.0,7.3333335,5.6666665,8.29676,36.47852,93.03481,0
P023,2013-04-02 00:00:00-04:00,1597.5756,99.72099,695.1588,744.4728,58.22304,2.0,1.0,1.6666666,1.3333334,1.0,51277.0,2201.0,13474.0,17026.334,18575.666,2091.0,3.3333333,362.33334,1500.3334,225.0,306.33334,0.0,306.33334,0.0,0.0,74977.0,20616.666,19793.334,18818.666,15748.333,2397.3333,3.3333333,668.6667,1500.3334,225.0,514.3333,20.0,149.0,278.66666,66.666664,9721.0,413.33334,2820.6667,4773.3335,1713.6666,20.666666,2.0,4.3333335,7.6666665,6.6666665,8.106389,39.85037,94.883705,0
P023,2013-04-04 00:00:00-04:00,2175.6536,284.80185,464.42508,1319.3832,107.043495,3.0,1.5,2.0,2.0,1.0,55130.5,6172.0,16046.0,19183.0,13729.5,3699.5,143.5,1195.0,2139.5,221.5,443.5,0.0,443.5,0.0,0.0,70787.5,20306.0,18839.0,18157.5,13485.0,4143.0,143.5,1638.5,2139.5,221.5,679.0,242.0,134.0,287.5,15.5,17503.0,2728.0,6743.0,6686.0,1346.0,25.5,5.0,9.0,7.5,4.0,7.2725,46.8,95.162224,0
P023,2013-04-05 00:00:00-04:00,1601.5033,486.17746,603.3615,368.06,143.90437,3.5,2.0,2.5,1.5,1.0,41247.0,9899.0,15152.5,10347.0,5848.5,1645.0,181.0,1455.5,0.0,8.5,650.0,206.5,443.5,0.0,0.0,80839.0,20146.5,18989.0,21082.0,20621.5,2295.0,387.5,1899.0,0.0,8.5,1033.5,304.5,245.0,24.0,460.0,18803.0,5315.0,6389.0,6772.0,327.0,28.5,6.0,10.5,10.5,1.5,0.0,0.0,0.0,0
P023,2013-04-06 00:00:00-04:00,1281.8823,367.9705,459.7891,351.37393,102.74886,3.0,1.6666666,2.3333333,1.6666666,1.0,47202.668,9599.333,15867.667,14098.0,7637.6665,1599.3334,120.666664,1211.6666,119.666664,147.33333,447.0,137.66667,295.66666,13.666667,0.0,80889.664,20628.334,19466.666,20444.0,20350.666,2046.3334,258.33334,1507.3334,133.33333,147.33333,1969.0,203.66667,313.0,691.3333,761.0,16684.0,3593.6667,5963.3335,6007.0,1120.0,27.333334,4.6666665,9.666667,10.333333,2.6666667,0.0,0.0,0.0,1
P023,2013-04-07 00:00:00-04:00,1653.262,927.17975,460.6585,212.00137,53.422337,2.3333333,1.6666666,2.0,1.3333334,1.0,44500.668,9599.667,12718.333,14279.0,7903.6665,1513.3334,359.33334,797.0,200.0,157.0,239.33333,137.66667,88.0,13.666667,0.0,81650.0,20728.334,20253.666,20490.666,20177.334,1752.6666,497.0,885.0,213.66667,157.0,2332.3333,131.0,455.0,832.0,914.3333,14288.333,2501.3333,2544.6667,7130.6665,2111.6667,29.0,3.0,7.6666665,13.0,5.3333335,0.0,0.0,0.0,1
P023,2013-04-08 00:00:00-04:00,1801.6387,1109.6888,420.77835,170.44936,100.72211,2.3333333,2.0,2.0,1.3333334,1.3333334,45255.668,8418.333,16431.0,13579.667,6826.6665,1707.6666,424.66666,928.3333,200.0,154.66667,106.666664,0.0,93.0,13.666667,0.0,81783.664,20740.0,20163.0,20491.334,20389.334,1814.3334,424.66666,1021.3333,213.66667,154.66667,2016.0,70.333336,408.33334,832.0,705.3333,12275.333,2105.3333,3687.6667,3947.3333,2535.0,28.333334,2.6666667,8.333333,10.666667,6.6666665,0.0,0.0,0.0,0
P023,2013-04-09 00:00:00-04:00,2050.29,1131.2944,464.07886,336.6353,118.28136,2.3333333,2.0,1.6666666,1.3333334,1.3333334,39503.0,8529.333,13535.333,11682.667,5755.6665,1637.0,427.0,1053.3334,80.333336,76.333336,232.33333,0.0,232.33333,0.0,0.0,82690.336,20735.0,20046.334,21223.666,20685.334,1869.3334,427.0,1285.6666,80.333336,76.333336,1052.6666,73.0,260.33334,232.33333,487.0,12332.667,2078.3333,4975.6665,2898.3333,2380.3333,26.666666,2.3333333,8.666667,10.0,5.6666665,2.718889,81.86889,93.80222,0
P023,2013-04-10 00:00:00-04:00,1366.1217,687.13684,218.89925,324.7047,135.38092,3.0,2.6666667,1.3333334,1.3333334,1.3333334,41395.668,9580.0,16684.666,8152.0,6979.0,1279.3334,242.66667,970.0,0.0,66.666664,158.66667,14.333333,144.33333,0.0,0.0,84029.336,20909.0,20439.666,21517.334,21163.334,1438.0,257.0,1114.3334,0.0,66.666664,526.6667,68.666664,39.333332,78.333336,340.33334,11215.333,3349.0,4669.0,1674.0,1523.3334,20.666666,3.0,8.0,6.3333335,3.3333333,2.718889,81.86889,93.80222,0
P023,2013-04-11 00:00:00-04:00,1356.9434,370.8861,221.90196,559.4259,204.72937,2.6666667,2.0,1.0,1.6666666,1.3333334,49568.668,10248.0,15853.667,14742.0,8725.0,2202.3333,149.0,1277.0,635.6667,140.66667,255.66667,14.333333,236.0,5.3333335,0.0,83302.0,21314.666,20018.334,20800.0,21169.0,2458.0,163.33333,1513.0,641.0,140.66667,507.66666,69.333336,22.666666,154.33333,261.33334,11428.0,1990.0,5811.6665,2250.3333,1376.0,18.0,2.3333333,8.0,6.0,1.6666666,2.718889,81.86889,93.80222,0
P023,2013-04-12 00:00:00-04:00,1640.5747,569.5799,453.05612,331.80927,286.1294,3.6666667,2.6666667,1.3333334,1.3333334,1.6666666,57056.668,10371.333,20183.334,16639.0,9863.0,3243.6667,301.0,1849.0,1009.0,84.666664,127.333336,14.333333,96.666664,16.333334,0.0,82244.664,21160.334,19516.0,20322.0,21246.334,3371.0,315.33334,1945.6666,1025.3334,84.666664,650.0,68.666664,93.0,248.33333,240.0,13705.667,3805.0,4890.3335,3676.0,1334.3334,23.666666,3.6666667,9.0,8.0,3.0,0.0,0.0,0.0,0
P023,2013-04-13 00:00:00-04:00,1668.7382,314.5776,753.36316,328.11383,272.6836,3.0,1.6666666,1.6666666,1.3333334,1.6666666,56810.332,7914.3335,17982.0,21600.0,9314.0,3406.3333,154.33333,1982.6666,1152.3334,117.0,192.0,0.0,175.66667,16.333334,0.0,80747.336,21348.334,19206.666,19273.0,20919.334,3598.3333,154.33333,2158.3333,1168.6666,117.0,1634.0,6.3333335,107.0,1062.3334,458.33334,14441.0,1932.3334,5533.3335,4945.3335,2030.0,26.666666,2.3333333,9.0,11.0,4.3333335,3.1875,64.04222,79.72444,0
P023,2013-04-14 00:00:00-04:00,1361.7491,360.82617,701.13336,118.1975,181.59212,2.6666667,1.6666666,1.6666666,1.0,1.3333334,50961.332,6535.3335,18081.666,19338.0,7006.3335,2156.3333,154.33333,1375.3334,516.6667,110.0,90.0,0.0,79.0,11.0,0.0,81619.0,21280.334,19719.334,19872.334,20747.0,2246.3333,154.33333,1454.3334,527.6667,110.0,1753.6666,19.0,234.33333,986.3333,514.0,12301.667,1838.3334,4155.6665,4322.0,1985.6666,26.666666,1.6666666,8.666667,11.0,5.3333335,2.811389,62.875557,75.54889,0
P023,2013-04-15 00:00:00-04:00,990.3324,133.30492,602.3162,117.852356,136.85892,1.6666666,1.0,1.6666666,1.0,1.3333334,55274.332,7454.0,18081.666,19338.0,10400.667,1135.6666,297.0,592.6667,143.33333,102.666664,95.0,10.0,85.0,0.0,0.0,82789.0,20849.666,20546.334,20427.334,20965.666,1230.6666,307.0,677.6667,143.33333,102.666664,1450.3334,172.0,162.33333,816.6667,299.33334,10221.667,1038.3334,3238.3333,2950.6667,2994.3333,24.0,1.0,8.0,9.333333,5.6666665,3.0912037,58.781483,73.69334,0
P023,2013-04-16 00:00:00-04:00,777.77527,138.14665,300.6772,185.86142,153.09001,1.3333334,1.0,1.3333334,1.0,1.3333334,51520.668,13060.333,14811.667,14947.333,8701.333,602.6667,297.0,160.33333,0.0,145.33333,16.0,10.0,6.0,0.0,0.0,84609.336,20870.0,21130.0,21424.334,21185.0,618.6667,307.0,166.33333,0.0,145.33333,389.0,170.0,141.33333,0.0,77.666664,9605.667,1226.6666,2575.0,2481.0,3323.0,23.0,2.0,6.6666665,9.0,5.3333335,3.0430555,56.15111,70.67778,0
P023,2013-04-17 00:00:00-04:00,774.4508,156.38754,320.56467,172.9296,124.56903,1.6666666,1.3333334,1.3333334,1.0,1.3333334,46470.332,12951.0,10973.333,11821.0,10725.0,975.3333,438.33334,453.66666,0.0,83.333336,19.333334,13.333333,6.0,0.0,0.0,84192.0,20664.334,20913.334,21410.334,21204.0,994.6667,451.66666,459.66666,0.0,83.333336,440.0,256.33334,76.666664,0.6666667,106.333336,9855.333,2651.6667,1593.3334,2491.6667,3118.6667,22.0,4.0,5.3333335,8.0,4.6666665,3.6508334,50.593334,69.98222,0
P023,2013-04-18 00:00:00-04:00,660.9018,203.39485,128.62193,181.28453,147.6005,1.3333334,1.3333334,1.0,1.0,1.0,37750.0,12341.333,7084.3335,8556.333,9768.0,535.3333,141.33333,298.0,4.3333335,91.666664,3.3333333,3.3333333,0.0,0.0,0.0,84235.664,21110.666,20939.0,21166.334,21019.666,538.6667,144.66667,298.0,4.3333335,91.666664,354.66666,100.666664,76.666664,71.0,106.333336,9017.667,1613.3334,1344.0,3669.3333,2391.0,22.0,3.0,4.3333335,8.666667,6.0,0.0,0.0,0.0,0
P023,2013-04-19 00:00:00-04:00,645.2729,235.6507,130.79382,91.91841,186.90993,1.6666666,1.6666666,1.0,1.0,1.3333334,39776.332,5745.3335,10675.667,12947.0,10408.333,930.0,141.33333,530.6667,232.66667,25.333334,10.333333,3.3333333,0.0,7.0,0.0,83032.336,20932.0,20457.666,20712.666,20930.0,940.3333,144.66667,530.6667,239.66667,25.333334,516.3333,102.666664,159.66667,141.66667,112.333336,7580.3335,1445.0,1263.6666,3485.3333,1386.3334,19.666666,2.3333333,3.6666667,8.0,5.6666665,0.0,0.0,0.0,0
P023,2013-04-20 00:00:00-04:00,907.4319,202.32922,385.9757,118.17714,200.94981,2.0,1.3333334,1.6666666,1.3333334,1.3333334,42743.332,5202.0,11843.667,14836.667,10861.0,1057.0,0.0,552.0,488.0,17.0,26.0,0.0,5.0,21.0,0.0,82579.664,21023.0,20372.334,20334.0,20850.334,1083.0,0.0,557.0,509.0,17.0,328.0,10.0,83.0,141.66667,93.333336,8238.0,20.0,2030.3334,5029.6665,1158.0,21.666666,0.33333334,5.0,11.333333,5.0,0.0,0.0,0.0,0
P023,2013-04-21 00:00:00-04:00,1131.018,170.33961,739.1281,76.12648,145.42378,2.3333333,1.6666666,2.0,1.3333334,1.3333334,44619.668,5258.6665,15732.667,16819.666,6808.6665,2128.3333,1.0,1076.0,1042.6666,8.666667,96.666664,2.3333333,73.333336,21.0,0.0,80542.664,20906.666,19373.334,19515.0,20747.666,2225.0,3.3333333,1149.3334,1063.6666,8.666667,787.0,11.666667,379.66666,300.33334,95.333336,11547.333,463.33334,3072.3333,7585.3335,426.33334,25.0,2.3333333,7.0,12.333333,3.3333333,0.0,0.0,0.0,0
P023,2013-04-22 00:00:00-04:00,2892.9985,979.70654,1738.0436,74.18698,101.061485,3.3333333,2.0,3.0,1.3333334,1.0,47557.332,8254.333,17078.0,14625.333,7599.6665,2754.0,168.33333,1745.0,832.3333,8.333333,90.666664,2.3333333,74.333336,14.0,0.0,79273.336,20635.666,18544.0,19472.666,20621.0,2844.6667,170.66667,1819.3334,846.3333,8.333333,1018.6667,16.666666,437.0,451.33334,113.666664,14452.667,1731.6666,3858.6667,8005.3335,857.0,29.666666,3.0,9.0,12.333333,5.3333335,0.0,0.0,0.0,0
P023,2013-04-23 00:00:00-04:00,3702.2947,977.5353,2372.8723,252.94164,98.945564,3.6666667,2.0,3.0,1.3333334,1.0,48570.0,10811.333,13866.333,16582.666,7309.6665,3257.6667,168.33333,1953.0,1127.3334,9.0,148.66667,2.3333333,146.33333,0.0,0.0,78378.336,20529.334,18052.666,18918.0,20878.334,3406.3333,170.66667,2099.3333,1127.3334,9.0,1178.3334,10.333333,525.6667,603.3333,39.0,17037.666,1771.6666,6553.6665,7038.6665,1673.6666,29.333334,3.6666667,10.333333,9.0,6.3333335,8.885555,77.00889,138.27556,0
P023,2013-04-24 00:00:00-04:00,3468.5454,1013.4083,2038.5392,313.63776,102.96012,3.6666667,1.6666666,2.6666667,1.6666666,1.0,48980.0,11440.0,11742.333,17590.666,8207.0,2193.6667,169.0,1429.0,576.0,19.666666,78.0,0.0,78.0,0.0,0.0,80714.664,20789.334,19186.334,19732.0,21007.0,2271.6667,169.0,1507.0,576.0,19.666666,1065.0,8.666667,252.0,615.6667,188.66667,11960.333,1338.3334,5004.3335,3987.3333,1630.3334,21.0,2.0,6.6666665,7.3333335,5.0,8.885555,77.00889,138.27556,0
P023,2013-04-25 00:00:00-04:00,2399.8804,185.79489,1214.6884,866.073,133.32411,3.0,1.0,2.0,2.3333333,1.0,48445.332,11439.667,10475.667,16938.334,9591.667,2429.3333,64.666664,1330.0,962.0,72.666664,140.33333,0.0,140.33333,0.0,0.0,81878.336,21128.334,19651.0,19802.334,21296.666,2569.6667,64.666664,1470.3334,962.0,72.666664,818.3333,66.0,123.666664,465.33334,163.33333,14199.333,141.0,7889.3335,5123.6665,1045.3334,20.666666,2.0,9.666667,7.0,2.0,8.885555,77.00889,138.27556,0
P023,2013-04-26 00:00:00-04:00,1747.2206,193.15672,547.09064,761.2673,245.7059,2.3333333,1.0,1.6666666,2.0,1.3333334,55178.668,11427.667,17674.666,16301.333,9775.0,2289.6667,367.66666,1196.0,651.0,75.0,63.333332,0.0,63.333332,0.0,0.0,83271.664,21120.334,20249.0,20578.0,21324.334,2353.0,367.66666,1259.3334,651.0,75.0,591.3333,73.333336,45.666668,314.0,158.33333,13160.0,2418.6667,4596.3335,5119.6665,1025.3334,21.333334,3.0,7.6666665,8.0,2.6666667,0.0,0.0,0.0,0
P023,2013-04-27 00:00:00-04:00,2491.161,132.49796,832.14136,1272.0701,254.45149,2.6666667,1.0,2.0,2.3333333,1.3333334,51844.0,10882.0,18353.666,13678.0,8930.333,2899.6667,366.0,1660.6666,804.6667,68.333336,78.0,0.0,78.0,0.0,0.0,82746.336,21103.0,19688.0,20548.334,21407.0,2977.6667,366.0,1738.6666,804.6667,68.333336,369.33334,81.333336,102.666664,152.33333,33.0,15662.0,2408.6667,6660.6665,5191.0,1401.6666,27.333334,2.6666667,13.333333,8.666667,2.6666667,0.0,0.0,0.0,0
P023,2013-04-28 00:00:00-04:00,2717.7322,149.00494,689.56323,1326.3904,552.7735,3.0,1.0,2.0,2.3333333,2.0,54896.332,11119.0,18126.334,16524.666,9126.333,2296.6667,450.33334,870.6667,647.6667,328.0,20.333334,0.0,15.333333,5.0,0.0,82813.336,20927.666,20335.0,20494.0,21056.666,2317.0,450.33334,886.0,652.6667,328.0,708.6667,122.666664,249.33333,294.0,42.666668,17786.334,3037.3333,3379.0,8149.6665,3220.3333,29.666666,3.0,9.666667,11.333333,5.6666665,2.9177778,83.71778,97.242226,0
P023,2013-04-30 00:00:00-04:00,2763.9575,1088.3855,454.57635,765.6951,455.30045,3.3333333,2.3333333,1.6666666,2.0,1.6666666,48948.332,11050.0,15185.333,15916.0,6797.0,2365.0,308.33334,1448.3334,279.66666,328.66666,166.0,1.6666666,159.33333,5.0,0.0,81834.0,20981.334,19363.666,20504.666,20984.334,2531.0,310.0,1607.6666,284.66666,328.66666,1222.3334,118.0,457.66666,599.6667,47.0,13631.0,2199.0,2050.3333,7260.6665,2121.0,24.333334,3.3333333,7.6666665,10.0,3.3333333,2.9177778,83.71778,97.242226,0
P023,2013-05-01 00:00:00-04:00,2094.044,1359.0063,400.9088,167.25749,166.87117,3.0,3.0,1.3333334,1.3333334,1.0,47948.332,10987.333,17214.0,14397.667,5349.3335,2513.0,298.0,1989.0,125.0,101.0,331.0,8.333333,322.66666,0.0,0.0,81026.664,20971.334,18748.0,20426.334,20881.0,2844.0,306.33334,2311.6667,125.0,101.0,1198.6666,77.0,308.66666,632.0,181.0,10714.333,3177.3333,2047.3334,3579.6667,1910.0,23.0,3.3333333,7.3333335,7.6666665,4.6666665,0.0,0.0,0.0,0
P024,2013-03-29 00:00:00-04:00,7681.2617,74.8021,705.16144,3838.9731,3062.325,3.5,1.0,2.5,2.5,1.5,43776.5,14096.5,16025.5,7872.5,5782.0,2754.0,1.0,42.0,1888.0,823.0,1598.5,0.0,486.5,1107.0,5.0,78118.5,21124.0,20802.0,17275.0,18917.5,4352.5,1.0,528.5,2995.0,828.0,2580.0,215.0,1.5,1043.5,1320.0,31057.5,1285.0,4694.5,12187.5,12890.5,40.0,4.5,3.5,12.0,20.0,0.0,0.0,0.0,1
P024,2013-03-30 00:00:00-04:00,5582.1562,61.800686,486.08188,2965.2236,2069.05,3.6666667,1.0,2.0,3.0,1.3333334,33601.668,11069.333,10752.0,7895.3335,3885.0,5113.0,0.6666667,28.0,1865.0,3219.3333,1371.6666,0.0,324.33334,969.6667,77.666664,76189.664,21076.0,20852.334,17427.666,16833.666,6484.6665,0.6666667,352.33334,2834.6667,3297.0,1958.6666,143.33333,1.0,924.6667,889.6667,29225.0,2436.3333,3129.6667,11469.333,12189.667,41.666668,6.0,2.3333333,15.666667,17.666666,6.011389,56.342224,124.162224,0
P024,2013-03-31 00:00:00-04:00,1684.3407,185.5551,472.89874,942.9647,82.92221,3.6666667,1.3333334,2.0,3.0,1.3333334,20914.666,8377.333,4321.0,5982.6665,2233.6667,7057.6665,2203.0,116.333336,1734.6666,3003.6667,983.3333,6.6666665,324.33334,578.0,74.333336,74353.0,18209.666,20619.0,17985.0,17539.334,8041.0,2209.6667,440.66666,2312.6667,3078.0,1951.3334,616.6667,69.0,791.6667,474.0,28586.334,5042.6665,3435.3333,10449.0,9659.333,41.666668,7.0,2.3333333,17.666666,14.666667,5.1029167,70.46,131.01222,1
P024,2013-04-01 00:00:00-04:00,2015.9656,182.53319,440.41364,1171.7769,221.24184,3.6666667,1.3333334,2.0,3.0,1.6666666,15350.333,6748.3335,2346.6667,5531.6665,723.6667,7001.6665,2202.3333,232.33333,1748.6666,2818.3333,775.0,6.6666665,238.66667,376.33334,153.33333,75800.0,18411.334,20636.0,18609.334,18143.334,7776.6665,2209.0,471.0,2125.0,2971.6667,954.6667,473.33334,68.0,396.33334,17.0,23994.334,4528.6665,3453.0,11128.667,4884.0,38.0,6.0,2.6666667,20.333334,9.0,5.421759,60.994816,124.09778,1
P024,2013-04-02 00:00:00-04:00,1658.3011,191.45023,473.08923,783.98157,209.78008,3.0,1.3333334,2.3333333,2.0,1.6666666,16455.334,5077.3335,2278.3333,5562.3335,3537.3333,3725.6667,2202.3333,232.33333,1143.3334,147.66667,469.0,6.6666665,238.66667,144.66667,79.0,79819.664,18464.0,20685.334,19717.334,20953.0,4194.6665,2209.0,471.0,1288.0,226.66667,722.6667,473.33334,69.666664,172.33333,7.3333335,19615.666,3150.3333,3554.0,8627.667,4283.6665,31.666666,4.6666665,3.3333333,15.666667,8.0,7.327315,50.225925,128.57333,0
P024,2013-04-03 00:00:00-04:00,2299.6218,59.167072,521.6379,1407.7704,311.04648,4.3333335,1.0,2.6666667,3.6666667,2.0,12473.0,614.3333,2762.6667,5137.3335,3958.6667,4392.0,0.0,208.0,1458.0,2726.0,842.6667,0.0,251.66667,499.66666,91.333336,78797.0,21146.666,20644.666,18917.0,18088.666,5234.6665,0.0,459.66666,1957.6666,2817.3333,350.33334,0.0,1.6666666,189.66667,159.0,26093.0,470.66666,4623.3335,11363.333,9635.667,29.666666,2.6666667,3.6666667,14.0,9.333333,8.89375,33.05,123.92889,0
P024,2013-04-04 00:00:00-04:00,1727.7073,316.05566,343.57858,892.31415,175.7588,3.6666667,1.3333334,2.0,3.3333333,1.6666666,30264.334,6919.3335,8371.0,10209.333,4764.6665,4553.6665,1147.0,71.666664,756.6667,2578.3333,785.0,159.66667,168.33333,444.66666,12.333333,75465.336,19645.334,20740.666,16723.666,18355.666,5338.6665,1306.6666,240.0,1201.3334,2590.6667,322.0,73.333336,3.3333333,93.666664,151.66667,27009.666,5006.0,1739.6666,7352.3335,12911.667,31.333334,6.3333335,2.3333333,10.0,12.666667,11.728056,24.035555,137.58888,0
P024,2013-04-05 00:00:00-04:00,2836.8887,311.7073,359.17102,1555.7765,610.2339,5.0,1.3333334,2.0,4.6666665,2.3333333,25963.334,6929.0,8377.0,7798.0,2859.3333,6541.3335,1147.0,149.0,1519.3334,3726.0,894.3333,159.66667,177.66667,539.3333,17.666666,73015.664,19668.0,20673.0,15721.333,16953.334,7435.6665,1306.6666,326.66666,2058.6667,3743.6667,719.6667,73.333336,1.6666666,245.66667,399.0,36062.668,5203.6665,3020.3333,11192.333,16646.334,35.0,6.3333335,2.0,13.666667,13.0,7.0,44.857777,120.58667,1
P024,2013-04-06 00:00:00-04:00,2387.3748,331.26358,315.51672,1045.0264,695.56805,4.3333335,1.6666666,1.6666666,3.3333333,2.3333333,51213.668,13174.0,14406.0,14666.333,8967.333,4272.6665,1513.3334,85.0,1338.0,1336.3334,934.6667,159.66667,164.66667,480.0,130.33333,75123.0,19148.666,20762.666,15852.0,19359.666,5207.3335,1673.0,249.66667,1818.0,1466.6666,883.3333,227.66667,1.6666666,370.0,284.0,32575.0,6154.6665,2482.3333,11482.667,12455.333,37.333332,7.3333335,2.0,11.333333,16.666666,7.0,44.857777,120.58667,0
P024,2013-04-07 00:00:00-04:00,2033.1545,175.98813,101.47907,949.595,806.0924,4.3333335,1.6666666,1.3333334,3.3333333,2.3333333,57911.332,13500.333,14406.0,14666.333,15338.667,3685.3333,759.6667,77.333336,1354.0,1494.3334,531.6667,0.0,9.333333,392.0,130.33333,78849.664,20154.666,20912.0,18805.334,18977.666,4217.0,759.6667,86.666664,1746.0,1624.6666,830.3333,157.66667,0.0,368.66666,304.0,27807.0,2738.0,2272.6667,10642.667,12153.667,41.666668,8.333333,1.3333334,12.333333,19.666666,7.0,44.857777,120.58667,0
P024,2013-04-08 00:00:00-04:00,1829.5751,172.31668,444.71356,838.44855,374.0963,4.3333335,1.6666666,2.3333333,3.3333333,1.6666666,64498.668,14236.333,14684.333,14590.0,20988.0,3105.6667,941.6667,262.33334,1403.3334,498.33334,901.3333,74.666664,0.0,701.6667,125.0,78515.0,19696.334,20533.666,18269.334,20015.666,4007.0,1016.3333,262.33334,2105.0,623.3333,714.0,159.66667,6.6666665,414.33334,133.33333,25047.0,2634.6667,3816.0,10224.333,8372.0,40.666668,7.6666665,2.6666667,9.666667,20.666666,6.7225,36.975555,110.48444,0
P024,2013-04-09 00:00:00-04:00,1823.1313,155.1174,492.01114,1013.9199,162.08292,4.0,1.3333334,2.3333333,3.6666667,1.0,51594.332,15146.333,14438.667,8073.3335,13936.0,2576.0,575.3333,331.0,1360.0,309.66666,778.3333,74.666664,147.0,556.6667,0.0,80191.0,20398.0,20494.334,18730.666,20568.0,3354.3333,650.0,478.0,1916.6666,309.66666,455.0,5.3333335,15.333333,337.66666,96.666664,25584.0,2598.3333,4366.3335,7959.0,10660.333,40.333332,7.3333335,3.3333333,11.666667,18.0,6.7225,36.975555,110.48444,0
P024,2013-04-10 00:00:00-04:00,1495.6632,46.36576,493.41702,898.6597,57.220665,3.3333333,1.0,2.3333333,3.0,1.0,46705.332,13379.333,14438.667,8073.3335,10814.0,1857.3334,182.0,331.0,1192.6666,151.66667,778.3333,74.666664,147.0,556.6667,0.0,82105.336,21006.0,20760.666,19274.0,21064.666,2635.6667,256.66666,478.0,1749.3334,151.66667,367.66666,2.0,15.333333,273.66666,76.666664,20713.666,1378.6666,4396.6665,7498.0,7440.3335,29.0,3.0,3.6666667,11.666667,10.666667,2.8644445,36.038887,78.683334,0
P024,2013-04-11 00:00:00-04:00,1297.2384,49.468143,365.554,712.76746,169.4488,2.6666667,1.0,1.3333334,2.6666667,1.6666666,54697.0,18214.334,21354.334,7966.6665,7161.6665,1345.3334,0.0,74.0,961.6667,309.66666,742.3333,0.0,308.0,418.0,16.333334,83884.0,21594.0,21205.0,20074.0,21011.0,2087.6667,0.0,382.0,1379.6666,326.0,331.33334,0.0,8.666667,140.0,182.66667,19864.334,1126.6666,1572.6666,9691.333,7473.6665,30.0,2.3333333,2.6666667,12.666667,12.333333,0.9936111,35.102222,46.88222,0
P024,2013-04-12 00:00:00-04:00,8677.159,60.611996,1240.1453,955.0141,6421.3877,3.3333333,1.0,2.0,3.3333333,2.3333333,54271.668,11628.0,19901.0,11836.0,10906.667,4473.6665,7.0,1089.3334,2009.6666,1367.6666,662.0,0.0,249.0,377.0,36.0,79298.664,21373.0,19873.0,18779.666,19273.0,5135.6665,7.0,1338.3334,2386.6667,1403.6666,924.3333,0.0,152.0,186.33333,586.0,24731.666,148.0,4085.0,12544.0,7954.6665,28.333334,1.3333334,5.3333335,11.333333,10.333333,0.9936111,35.102222,46.88222,0
P024,2013-04-13 00:00:00-04:00,9088.0625,66.17346,1237.3312,1246.2365,6538.322,4.0,1.0,2.0,3.6666667,2.6666667,41974.668,7621.0,13931.333,10074.667,10347.667,6384.3335,559.6667,1089.3334,2729.0,2006.3334,1111.3334,62.666668,249.0,671.6667,128.0,75286.0,20404.334,19595.0,17275.334,18011.334,7495.6665,622.3333,1338.3334,3400.6667,2134.3333,1481.3334,83.0,159.0,405.0,834.3333,33089.332,1200.0,4054.6667,16266.333,11568.333,35.666668,2.3333333,5.0,14.0,14.333333,5.845556,41.506668,108.0,0
P024,2013-04-14 00:00:00-04:00,8916.005,74.02327,972.6445,1230.0977,6639.2397,4.0,1.0,1.6666666,3.3333333,2.6666667,41057.332,3483.0,8531.0,17191.334,11852.0,6022.6665,576.0,1084.0,2405.6667,1957.0,987.3333,62.666668,88.0,711.0,125.666664,74605.0,20030.334,19456.334,17212.334,17906.0,7010.0,638.6667,1172.0,3116.6667,2082.6667,1492.0,149.66667,159.0,441.33334,742.0,32159.334,2840.3333,3967.0,13666.667,11685.333,36.666668,3.0,4.6666665,14.0,15.0,5.701667,46.65889,112.001114,0
P024,2013-04-15 00:00:00-04:00,2006.1902,167.16808,49.97094,1161.1924,627.85876,4.3333335,1.3333334,1.0,3.0,2.3333333,35821.0,4465.0,3715.0,16150.333,11490.667,3759.6667,710.0,0.0,1388.0,1661.6666,1312.3334,132.66667,0.0,993.6667,186.0,76877.0,19698.334,20893.0,17578.334,18707.334,5072.0,842.6667,0.0,2381.6667,1847.6666,1646.0,154.66667,7.0,1051.6666,432.66666,28152.666,3977.0,60.0,12584.333,11531.333,34.666668,4.6666665,1.0,14.0,15.0,5.701667,46.65889,112.001114,0
P024,2013-04-16 00:00:00-04:00,1955.7668,165.0826,152.2253,1015.0647,623.3942,4.6666665,1.3333334,1.3333334,3.3333333,2.3333333,39737.332,6433.0,3696.3333,14436.333,15171.667,2453.6667,441.0,0.0,963.0,1049.6666,1241.0,70.0,0.0,917.0,254.0,79545.664,20369.0,21160.0,18346.666,19670.0,3694.6667,511.0,0.0,1880.0,1303.6666,1419.6666,85.0,9.666667,1047.0,278.0,25695.334,3637.6667,80.0,11710.0,10267.667,35.333332,5.0,1.3333334,15.333333,13.666667,5.0070834,53.218887,113.00445,0
P024,2013-04-17 00:00:00-04:00,2208.9172,271.19043,161.85631,1224.2997,551.57074,5.0,1.6666666,1.3333334,4.0,1.6666666,39422.0,12007.667,1913.3334,11265.333,14235.667,2649.3333,436.66666,0.0,1221.3334,991.3333,1479.3334,153.33333,0.0,866.3333,459.66666,79786.664,20464.0,21433.0,18164.334,19725.334,4128.6665,590.0,0.0,2087.6667,1451.0,1668.6666,173.33333,9.666667,1230.0,255.66667,24910.334,4411.6665,96.666664,10448.0,9954.0,30.0,5.3333335,1.3333334,12.333333,11.0,4.456389,54.626667,110.00667,0
P024,2013-04-18 00:00:00-04:00,1958.1864,202.3486,160.61087,1154.6705,440.55634,4.0,1.6666666,1.3333334,3.6666667,2.0,38769.332,11037.0,2998.6667,10329.0,14404.667,3339.3333,1121.3334,0.0,1781.0,437.0,1202.0,161.33333,0.0,548.3333,492.33334,79286.664,19952.0,21384.334,18299.666,19650.666,4541.3335,1282.6666,0.0,2329.3333,929.3333,1460.0,175.33333,9.666667,649.3333,625.6667,28772.334,7631.3335,50.0,9001.333,12089.667,29.0,6.3333335,0.6666667,11.0,11.0,3.798889,62.52889,112.64889,0
P024,2013-04-19 00:00:00-04:00,2810.5564,201.03958,58.84973,1717.0878,833.57947,4.6666665,1.6666666,1.0,4.3333335,2.6666667,39389.668,10427.667,3587.0,10970.333,14404.667,3881.0,837.6667,4.3333335,1984.6666,1054.3334,1811.3334,161.33333,0.0,772.0,878.0,77066.336,20004.334,21130.0,17660.666,18271.334,5692.3335,999.0,4.3333335,2756.6667,1932.3334,1554.3334,162.0,14.0,620.0,758.3333,25843.334,7055.6665,30.0,9253.333,9504.333,21.666666,4.6666665,0.33333334,9.333333,7.3333335,4.2040277,62.284443,115.64555,0
P024,2013-04-21 00:00:00-04:00,2459.3787,27.422428,25.696455,1496.6156,909.6441,4.5,0.5,0.5,4.0,2.5,43512.0,7779.0,3681.5,13641.5,18410.0,3008.5,362.5,6.5,1306.5,1333.0,1757.5,0.0,0.0,915.0,842.5,77178.5,20126.5,20684.5,18169.5,18198.0,4766.0,362.5,6.5,2221.5,2175.5,913.5,119.0,22.0,303.5,469.0,12611.0,2530.5,0.0,7675.5,2405.0,23.0,1.0,0.0,14.0,8.0,5.0069447,58.215557,118.0,0
P024,2013-04-22 00:00:00-04:00,1657.3925,196.99184,25.50933,1253.7065,181.18472,4.0,1.0,0.5,4.0,1.0,47685.0,7346.0,6409.5,15519.5,18410.0,2446.5,468.0,0.0,1143.0,835.5,883.0,130.0,0.0,705.5,47.5,79972.0,19898.0,20987.0,19073.0,20014.0,3329.5,598.0,0.0,1848.5,883.0,606.0,119.0,1.0,147.5,338.5,16112.5,2606.5,0.0,7550.5,5955.5,45.5,1.5,0.0,18.0,26.0,4.5927777,55.466667,111.937775,0
P024,2013-04-23 00:00:00-04:00,1783.9309,158.9107,142.90173,967.0585,515.06,4.0,1.0,1.0,3.0,1.6666666,46245.0,10570.667,7207.6665,13824.667,14642.0,2383.3333,413.66666,160.0,933.3333,876.3333,805.0,152.66667,0.0,615.3333,37.0,80737.664,20150.666,20938.0,19576.334,20072.666,3188.3333,566.3333,160.0,1548.6666,913.3333,806.0,224.66667,92.666664,119.333336,369.33334,15537.333,4319.6665,583.6667,5057.0,5577.0,48.0,10.666667,1.0,12.333333,24.0,2.663889,52.834076,93.87408,0
P024,2013-04-25 00:00:00-04:00,9034.088,6698.896,156.13289,1417.3785,761.6806,4.0,1.6666666,1.3333334,2.6666667,2.3333333,40513.332,11329.667,4346.6665,14835.333,10001.667,7173.3335,3744.3333,160.0,1560.0,1709.0,1684.0,546.6667,0.0,836.3333,301.0,75849.664,16671.666,21304.0,18720.666,19153.334,8857.333,4291.0,160.0,2396.3333,2010.0,1496.3334,604.0,92.0,424.33334,376.0,31136.0,12558.0,694.6667,7372.3335,10511.0,46.333332,17.0,1.3333334,11.666667,16.333334,1.8177778,64.978516,99.249626,0
P024,2013-04-26 00:00:00-04:00,8406.584,6681.4146,47.766464,1297.7341,379.66946,3.0,1.6666666,1.0,2.6666667,1.6666666,38938.0,5674.6665,5192.6665,18557.0,9513.667,6422.6665,3644.3333,0.0,1388.6666,1389.6666,1467.6666,480.66666,0.0,691.3333,295.66666,76988.0,16978.666,21556.334,18980.0,19473.0,7890.3335,4125.0,0.0,2080.0,1685.3334,1323.6666,463.0,0.0,480.66666,380.0,27148.0,10325.667,111.0,7776.3335,8935.0,32.0,8.0,0.33333334,13.666667,10.0,3.6068518,65.68222,114.26592,0
P025,2013-04-01 00:00:00-04:00,143243.8,53.858593,45507.344,68388.63,29293.953,4.0,0.6666667,3.0,1.0,2.6666667,19848.334,29.666666,5365.3335,4257.6665,10195.667,3195.0,0.0,1032.0,589.3333,1573.6666,931.3333,0.0,381.0,84.333336,466.0,72632.664,21021.334,18057.666,18687.666,14866.0,4126.3335,0.0,1413.0,673.6667,2039.6666,7029.3335,0.0,1477.6666,1554.0,3997.6667,25539.666,0.0,8277.0,8287.0,8975.667,29.0,0.0,7.3333335,7.3333335,14.333333,7.852361,25.793333,103.62666,0
P025,2013-04-02 00:00:00-04:00,74909.016,33.522774,45642.61,532.861,28700.023,5.3333335,0.6666667,3.3333333,1.3333334,4.0,16551.334,195.66667,5095.6665,4215.3335,7044.6665,4537.6665,0.6666667,1014.6667,1302.6666,2219.6667,918.0,0.0,513.6667,74.666664,329.66666,72832.664,20891.334,17778.666,18330.666,15832.0,5455.6665,0.6666667,1528.3334,1377.3334,2549.3333,5097.3335,0.0,1552.6666,1113.3334,2431.3333,27628.334,1260.3334,7472.6665,9659.333,9236.0,33.333332,5.0,8.0,7.0,13.333333,0.0,0.0,0.0,0
P025,2013-04-06 00:00:00-04:00,983.96326,382.41516,49.824333,551.72375,0.0,3.0,2.0,1.0,3.0,0.0,86400.0,21600.0,21600.0,21600.0,21600.0,3277.0,1970.0,0.0,1307.0,0.0,109.0,5.0,0.0,104.0,0.0,60676.0,18419.0,20636.0,12188.0,9433.0,3386.0,1975.0,0.0,1411.0,0.0,750.0,306.0,0.0,441.0,3.0,8462.0,5053.0,0.0,2058.0,1351.0,17.0,2.0,0.0,8.0,7.0,0.0,0.0,0.0,1
P025,2013-04-07 00:00:00-04:00,867.69635,191.20758,24.912167,275.86188,375.71472,3.0,1.0,0.5,1.5,1.5,77791.0,21600.0,21600.0,16758.5,17832.5,4907.0,985.0,322.0,2738.0,862.0,1144.0,2.5,100.5,818.0,223.0,58757.5,19602.5,18462.0,10589.5,10103.5,6051.0,987.5,422.5,3556.0,1085.0,7454.5,153.0,1824.5,3242.5,2234.5,17771.5,2572.0,3006.0,9304.0,2889.5,25.5,1.5,2.5,10.0,11.5,0.0,0.0,0.0,0
P025,2013-04-09 00:00:00-04:00,1227.8195,28.899569,403.81277,131.05588,664.0513,5.0,0.5,1.0,1.5,3.5,48245.5,10800.0,12476.5,14729.0,10240.0,5964.0,0.0,2047.5,2661.5,1255.0,1456.0,0.0,224.0,994.0,238.0,59502.0,20797.5,16689.0,8166.5,13849.0,7420.0,0.0,2271.5,3655.5,1493.0,7104.5,5.0,1825.5,3036.0,2238.0,16021.0,595.0,4095.5,8814.0,2516.5,23.0,2.0,5.0,7.5,8.5,5.647639,28.262222,88.45778,1
P025,2013-04-15 00:00:00-04:00,222477.3,92.184456,110668.17,1188.0355,110528.9,5.5,1.0,3.0,3.0,2.5,61205.5,21600.0,20634.0,3330.5,15641.0,3652.5,0.0,1026.0,1381.0,1245.5,1060.5,0.0,345.0,356.5,359.0,67627.0,21182.5,14882.5,18980.5,12581.5,4713.0,0.0,1371.0,1737.5,1604.5,8737.5,0.0,4920.0,449.5,3368.0,39323.5,1004.0,8621.5,21771.0,7927.0,30.5,3.0,8.5,10.5,8.5,0.0,0.0,0.0,1
P025,2013-04-18 00:00:00-04:00,4836.511,243.96051,1181.0785,1779.2473,1632.2251,6.0,1.0,1.0,5.0,4.0,23539.0,1979.0,2903.0,3083.0,15574.0,4550.0,584.0,935.0,1133.0,1898.0,1052.0,0.0,64.0,504.0,484.0,74850.0,19403.0,19460.0,18582.0,17405.0,5602.0,584.0,999.0,1637.0,2382.0,2196.0,700.0,222.0,430.0,844.0,28398.0,363.0,0.0,16529.0,11506.0,36.0,3.0,0.0,18.0,15.0,7.3915277,47.42889,121.575554,0
P025,2013-04-19 00:00:00-04:00,4049.9724,174.86546,627.8217,1908.9072,1338.3779,6.5,1.5,1.0,5.5,4.0,29793.0,11789.5,5365.0,3499.5,9139.0,5063.5,320.5,467.5,1369.0,2906.5,1421.0,9.0,32.0,779.0,601.0,73537.5,19976.5,20030.5,17430.0,16100.5,6484.5,329.5,499.5,2148.0,3507.5,2522.5,350.0,123.0,1046.0,1003.5,27246.5,604.5,35.5,11406.5,15200.0,33.5,4.0,0.5,15.5,13.5,7.3915277,47.42889,121.575554,0
P025,2013-04-21 00:00:00-04:00,2907.5347,72.71119,403.48343,1449.9784,981.3615,6.5,1.5,2.0,4.5,3.5,24007.5,10800.0,3925.0,3004.0,6278.5,3931.5,143.5,13.5,1275.5,2499.0,998.0,9.0,5.5,529.5,454.0,76818.5,20676.0,20824.0,18148.0,17170.5,4929.5,152.5,19.0,1805.0,2953.0,2051.0,151.5,118.5,976.5,804.5,24024.5,554.0,232.0,6444.0,16794.5,31.0,3.5,2.0,11.5,14.0,6.572639,29.74,97.335556,0
P025,2013-04-22 00:00:00-04:00,3381.5625,45.8573,1209.1785,1249.4376,877.08923,6.0,1.0,3.0,3.0,2.5,17137.0,5.5,1654.0,1163.5,14314.0,2246.5,214.5,369.5,1072.0,590.5,744.5,0.0,380.5,265.5,98.5,80747.0,20787.5,20386.0,19396.0,20177.5,2991.0,214.5,750.0,1337.5,689.0,1217.0,282.5,114.0,474.0,346.5,29768.0,1430.5,4363.0,8207.0,15767.5,41.5,7.0,5.0,10.5,19.0,6.572639,29.74,97.335556,0
P027,2013-03-30 00:00:00-04:00,2395.9277,131.46616,1005.52234,933.32526,325.61404,5.0,1.0,3.5,3.0,1.5,52347.5,10999.0,13377.0,15031.5,12940.0,2310.0,9.0,784.0,1159.5,357.5,35.5,0.0,0.0,28.5,7.0,80796.5,20801.5,19948.5,19500.5,20546.0,2345.5,9.0,784.0,1188.0,364.5,246.5,18.0,95.0,120.5,13.0,20979.0,4655.5,5643.5,4128.5,6551.5,36.5,7.0,2.0,15.0,12.5,4.8644443,47.52889,98.51111,0
P027,2013-03-31 00:00:00-04:00,1940.3029,113.48313,691.01843,658.4553,477.34595,4.0,1.0,2.6666667,2.3333333,1.6666666,59651.0,14532.667,16118.0,13173.667,15826.667,2288.0,6.0,522.6667,773.0,986.3333,23.666666,0.0,0.0,19.0,4.6666665,79849.0,19969.666,20258.0,19954.666,19666.666,2311.6667,6.0,522.6667,792.0,991.0,1244.6666,864.3333,63.333332,80.333336,236.66667,20738.334,3798.6667,3762.3333,5285.3335,7892.0,41.666668,6.0,1.3333334,16.333334,18.0,4.8644443,47.52889,98.51111,0
P027,2013-04-01 00:00:00-04:00,1747.6652,149.055,512.88104,620.4307,465.29843,3.3333333,1.0,1.3333334,2.3333333,1.6666666,69207.0,17054.0,16898.666,16173.667,19080.666,2634.6667,2.6666667,196.33333,1128.3334,1307.3334,173.66667,0.0,149.0,7.6666665,17.0,79065.336,20006.334,20531.334,19277.334,19250.334,2808.3333,2.6666667,345.33334,1136.0,1324.3334,1536.6666,866.3333,0.0,433.66666,236.66667,15494.667,2416.3333,2857.3333,3548.6667,6672.3335,34.333332,5.0,1.0,10.0,18.333334,0.0,0.0,0.0,0
P027,2013-04-02 00:00:00-04:00,1542.6366,130.25624,498.40982,493.45993,420.51062,4.0,1.0,1.3333334,3.0,2.0,53998.668,11621.333,11596.667,11700.0,19080.666,2573.0,3.3333333,196.33333,982.6667,1390.6666,366.66666,0.0,149.0,32.333332,185.33333,78580.0,19933.0,20437.666,19373.666,18835.666,2939.6667,3.3333333,345.33334,1015.0,1576.0,1546.3334,860.3333,4.3333335,372.0,309.66666,16946.666,728.6667,2874.0,6837.6665,6506.3335,35.666668,1.6666666,1.3333334,13.0,19.666666,8.239166,36.38,114.36,0
P027,2013-04-03 00:00:00-04:00,2436.59,143.35732,1083.7208,835.7401,373.7719,6.0,1.0,2.6666667,4.0,2.6666667,45278.332,7227.0,7921.0,13835.0,16295.333,3564.3333,229.66667,760.6667,1676.6666,897.3333,578.3333,75.0,149.0,97.666664,256.66666,76624.0,19668.0,19377.334,18347.334,19231.334,4142.6665,304.66666,909.6667,1774.3334,1154.0,1925.6666,739.6667,409.0,539.3333,237.66667,19640.334,262.0,6787.0,7082.0,5509.3335,35.666668,1.6666666,2.3333333,14.0,17.666666,8.239166,36.38,114.36,0
P027,2013-04-04 00:00:00-04:00,2383.0784,101.280106,852.3467,1074.778,354.67377,6.3333335,1.0,2.3333333,4.6666665,2.6666667,52975.332,10662.667,12622.333,12591.333,17099.0,3211.3333,229.66667,713.6667,1694.3334,573.6667,553.0,75.0,8.333333,225.33333,244.33333,77904.664,19746.334,19531.666,18771.334,19855.334,3764.3333,304.66666,722.0,1919.6666,818.0,1634.0,739.3333,409.0,246.33333,239.33333,23893.0,449.66666,3929.6667,10907.333,8606.333,41.0,3.0,1.3333334,15.333333,21.333334,8.239166,36.38,114.36,0
P027,2013-04-05 00:00:00-04:00,2891.7327,103.13099,1417.2277,1081.137,290.23688,7.3333335,1.0,4.0,5.0,2.0,59159.332,12172.0,13371.333,16517.0,17099.0,3417.3333,226.33333,1100.3334,1769.3334,321.33334,595.6667,75.0,250.33333,199.0,71.333336,77915.0,19510.0,18805.666,18912.666,20686.666,4013.0,301.33334,1350.6666,1968.3334,392.66666,2627.0,1278.3334,811.3333,372.66666,164.66667,26147.0,2129.6667,7826.3335,8704.333,7486.6665,38.666668,4.0,2.6666667,15.0,17.0,2.6488888,59.56222,92.82,0
P027,2013-04-06 00:00:00-04:00,1831.3973,110.87261,860.3956,740.20123,119.92784,5.0,1.0,2.6666667,4.0,1.0,54931.668,12708.667,9847.667,12499.0,19876.334,1680.6666,0.0,536.0,1075.3334,69.333336,384.0,0.0,250.33333,133.66667,0.0,82675.336,20871.0,20105.334,20181.0,21518.0,2064.6667,0.0,786.3333,1209.0,69.333336,1169.3334,546.6667,406.66666,207.33333,8.666667,19863.334,4829.0,3913.3333,6088.0,5033.0,31.0,10.666667,1.6666666,8.666667,10.0,6.3413887,56.922222,119.72,0
P027,2013-04-07 00:00:00-04:00,1308.9995,144.61963,700.5909,317.54623,146.2427,3.3333333,1.0,2.6666667,2.3333333,1.0,49288.0,12708.667,4319.0,10668.333,21592.0,1000.0,0.0,388.66666,542.0,69.333336,245.33333,0.0,242.0,3.3333333,0.0,84030.664,21049.0,20558.0,20903.0,21520.666,1245.3334,0.0,630.6667,545.3333,69.333336,1107.6666,545.0,407.33334,148.33333,7.0,15026.667,4651.3335,3994.0,1929.0,4452.3335,29.666666,9.333333,2.0,6.0,12.333333,6.3413887,56.922222,119.72,0
P027,2013-04-08 00:00:00-04:00,1137.1377,168.59549,703.3586,162.17715,103.00655,2.6666667,1.0,2.6666667,1.6666666,1.0,53241.332,16329.0,4104.0,11216.333,21592.0,715.6667,0.0,488.66666,224.33333,2.6666667,155.33333,0.0,79.666664,75.666664,0.0,84240.0,21592.666,21025.0,21262.666,20359.666,871.0,0.0,568.3333,300.0,2.6666667,17.333334,0.0,0.6666667,16.666666,0.0,13328.667,4557.6665,3856.0,1307.3334,3607.6667,32.0,14.0,2.3333333,5.3333335,10.333333,10.033889,54.282223,146.62,1
P027,2013-04-10 00:00:00-04:00,3035.693,161.97366,1829.9146,693.43207,350.37274,7.0,1.0,5.5,3.5,2.0,58858.0,8773.5,8027.5,20457.0,21600.0,2707.5,0.0,1266.5,891.5,549.5,622.5,0.0,477.5,137.0,8.0,80255.5,21388.0,19636.0,20286.5,18945.0,3330.0,0.0,1744.0,1028.5,557.5,35.5,0.0,0.0,25.5,10.0,19076.5,2611.5,11346.0,2747.5,2371.5,31.0,11.0,4.5,12.0,3.5,5.003889,32.415554,84.513336,1
P027,2013-04-11 00:00:00-04:00,3473.2134,145.6872,1502.8868,1084.7289,739.91046,8.0,1.0,4.0,5.0,3.5,56918.0,10893.5,15179.5,18137.0,12708.0,3733.5,0.0,819.5,1357.5,1556.5,967.5,0.0,654.5,278.0,35.0,78380.5,21113.5,19494.5,18540.5,19232.0,4701.0,0.0,1474.0,1635.5,1591.5,962.0,0.0,43.0,782.0,137.0,22416.0,232.0,7230.5,6454.5,8499.0,31.5,2.5,2.5,18.0,8.5,5.003889,32.415554,84.513336,0
P027,2013-04-12 00:00:00-04:00,3363.0918,173.38158,1308.5481,949.1013,932.06085,7.6666665,1.0,4.3333335,4.6666665,3.3333333,49996.668,8612.667,13401.0,13974.0,14009.0,3129.6667,0.0,546.3333,1341.6666,1241.6666,898.0,0.0,597.0,191.33333,109.666664,76551.0,20999.666,19693.666,18797.334,17060.334,4027.6667,0.0,1143.3334,1533.0,1351.3334,809.6667,0.0,91.333336,552.3333,166.0,19851.666,524.0,6296.3335,5146.3335,7885.0,29.0,3.6666667,2.3333333,14.666667,8.333333,5.03,39.97333,92.28,0
P027,2013-04-14 00:00:00-04:00,2352.6204,180.7531,569.8428,620.4074,981.61707,5.0,1.0,3.0,3.0,3.0,59105.0,12467.0,15722.0,13624.0,17292.0,2601.5,265.0,0.0,1001.5,1335.0,398.5,0.0,241.0,20.5,137.0,76571.0,20322.5,20820.5,20083.5,15344.5,3000.0,265.0,241.0,1022.0,1472.0,1590.0,575.0,94.0,50.0,871.0,13443.5,1103.5,2214.0,3580.5,6545.5,27.0,6.5,1.0,5.0,14.5,5.0561113,47.531113,100.04667,1
P027,2013-04-15 00:00:00-04:00,1262.3701,139.74443,273.03513,436.09232,413.49826,2.5,1.0,1.5,2.0,2.0,72439.0,21241.5,12151.5,19259.5,19786.5,2861.0,271.5,131.5,1223.0,1235.0,20.5,0.0,0.0,13.0,7.5,80576.5,20596.0,21366.5,19267.5,19346.5,2881.5,271.5,131.5,1236.0,1242.5,2508.5,675.5,0.0,961.5,871.5,12523.0,777.0,2092.5,5796.0,3857.5,33.5,6.0,0.5,12.5,14.5,0.0,0.0,0.0,0
P027,2013-04-16 00:00:00-04:00,1257.2378,162.48042,248.60756,384.44998,461.69986,2.3333333,1.0,1.3333334,1.6666666,2.0,62595.668,18456.334,8101.0,16600.0,19438.334,2383.3333,254.33333,87.666664,826.6667,1214.6666,17.0,0.0,0.0,8.666667,8.333333,80748.0,20571.0,21358.666,19604.666,19213.666,2400.3333,254.33333,87.666664,835.3333,1223.0,2631.3333,653.0,0.0,989.3333,989.0,10372.667,598.6667,1395.0,3988.6667,4390.3335,27.0,4.6666665,0.33333334,8.666667,13.333333,7.596667,60.635555,133.47556,0
P027,2013-04-17 00:00:00-04:00,1863.9723,298.81937,770.6446,490.11093,304.39743,3.6666667,1.3333334,2.3333333,2.3333333,1.3333334,49863.668,15002.0,3829.0,15707.667,15325.0,2628.6667,252.33333,613.6667,1225.6666,537.0,186.33333,0.0,102.0,81.0,3.3333333,80445.664,20728.334,20504.334,18949.0,20264.0,2815.0,252.33333,715.6667,1306.6666,540.3333,2145.0,422.0,137.66667,1068.0,517.3333,11051.0,601.6667,5577.3335,2626.3333,2245.6667,23.666666,4.6666665,3.6666667,9.0,6.3333335,5.8661113,58.006668,117.00222,1
P027,2013-04-18 00:00:00-04:00,2358.929,295.2675,1028.5455,734.1843,300.9317,5.3333335,1.3333334,2.6666667,3.6666667,1.3333334,42252.332,7970.0,6967.6665,13702.0,13612.667,2958.3333,314.33334,788.0,1386.3334,469.66666,283.0,0.0,124.0,155.66667,3.3333333,76054.664,18028.334,18812.334,18911.666,20302.334,3241.3333,314.33334,912.0,1542.0,473.0,5840.3335,2953.0,1552.3334,825.6667,509.33334,10135.5,675.0,6273.5,459.0,2728.0,17.0,4.5,5.0,2.0,5.5,6.2391667,49.711113,111.69111,1
P027,2013-04-19 00:00:00-04:00,3150.1448,276.35907,1557.8508,1033.8882,282.04694,6.6666665,1.3333334,3.6666667,4.6666665,1.3333334,45111.668,4825.3335,10850.333,16487.334,12948.667,4399.6665,306.33334,1258.6666,2520.0,314.66666,390.0,0.0,124.0,247.33333,18.666666,73609.0,17511.0,17892.334,17639.334,20566.334,4789.6665,306.33334,1382.6666,2767.3333,333.33334,6483.0,3439.6667,1951.0,806.6667,285.66666,14199.0,1108.0,12547.0,544.0,0.0,20.0,7.0,10.0,3.0,0.0,5.5604167,44.24889,100.79889,0
P027,2013-04-20 00:00:00-04:00,2506.735,153.64406,1016.6931,799.2014,537.1965,5.0,1.0,2.6666667,3.6666667,1.6666666,53571.668,7324.6665,15122.333,17379.666,13745.0,3971.6667,131.66667,732.6667,1893.3334,1214.0,220.66667,0.0,22.0,167.33333,31.333334,73805.336,17563.666,18467.666,18230.666,19543.334,4192.3335,131.66667,754.6667,2060.6667,1245.3334,6544.0,3415.0,1813.3334,803.6667,512.0,0.0,0.0,0.0,0.0,0.0,0.0,0.0,0.0,0.0,0.0,3.3808334,31.401112,70.51444,0
P027,2013-04-21 00:00:00-04:00,2030.7753,133.68947,681.077,569.40063,646.6082,3.6666667,1.0,2.0,2.0,2.3333333,66821.0,13625.333,18282.666,20905.334,14007.667,3411.6667,229.33333,470.66666,1193.0,1518.6666,123.0,0.0,0.0,91.666664,31.333334,78125.0,19571.0,20122.334,19313.334,19118.334,3534.6667,229.33333,470.66666,1284.6666,1550.0,2703.6667,1329.6666,398.66666,429.66666,545.6667,16153.0,171.0,0.0,4063.0,11919.0,35.0,2.0,0.0,11.0,22.0,0.22361112,29.682222,39.96,0
P027,2013-04-22 00:00:00-04:00,1720.8356,125.847435,694.8442,381.32715,518.81683,3.6666667,1.0,2.3333333,1.6666666,2.0,70956.0,19674.666,19626.666,16030.333,15624.333,2726.6667,439.66666,499.0,298.0,1490.0,158.0,66.0,79.333336,0.0,12.666667,79556.0,19774.0,20275.666,20353.334,19153.0,2884.6667,505.66666,578.3333,298.0,1502.6666,1663.3334,766.6667,72.666664,311.33334,512.6667,20341.5,1876.5,4236.5,2263.5,11965.0,40.5,6.5,3.0,6.5,24.5,0.22361112,29.682222,39.96,0
P027,2013-04-23 00:00:00-04:00,2160.6536,141.8523,698.3543,566.4411,754.00586,4.3333335,1.0,2.3333333,1.6666666,2.6666667,76676.0,20868.666,19626.666,16030.333,20150.334,2724.0,443.0,499.0,496.66666,1285.3334,155.33333,66.0,79.333336,1.6666666,8.333333,79121.0,19798.0,20335.334,19791.666,19196.0,2879.3333,509.0,578.3333,498.33334,1293.6666,1912.3334,738.0,72.666664,666.6667,435.0,19317.0,2078.0,2824.3333,1673.6666,12741.0,36.666668,7.0,2.0,5.3333335,22.333334,0.0,0.0,0.0,0
P027,2013-04-24 00:00:00-04:00,1998.056,167.3648,694.1602,501.85315,634.67786,3.6666667,1.0,2.3333333,1.6666666,2.0,76212.336,21600.0,19626.666,16070.667,18915.0,2727.3333,567.0,571.6667,529.0,1059.6666,155.33333,66.0,79.333336,1.6666666,8.333333,77166.0,19200.666,20124.666,18292.334,19548.334,2882.6667,633.0,651.0,530.6667,1068.0,2536.3333,1074.0,139.66667,812.0,510.66666,15528.0,2884.3333,2824.3333,595.0,9224.333,33.666668,9.333333,2.0,3.3333333,19.0,0.0,0.0,0.0,0
P027,2013-04-26 00:00:00-04:00,1131.8672,176.79352,454.59064,378.1596,122.32337,3.0,1.0,2.5,2.0,1.0,62137.5,18632.5,19966.5,12430.0,11108.5,2049.0,651.5,346.5,672.5,378.5,189.5,0.0,171.5,18.0,0.0,71212.0,19016.0,14141.5,18073.5,19981.0,2238.5,651.5,518.0,690.5,378.5,2855.5,1440.0,195.0,279.0,941.5,10693.0,2131.5,4091.5,721.0,3749.0,30.5,8.5,1.5,4.0,16.5,0.14027777,35.70889,48.897778,0
P027,2013-04-27 00:00:00-04:00,1223.1442,220.62886,496.3506,372.0729,134.09183,3.5,1.5,2.5,2.0,1.0,61419.0,16853.5,19966.5,12430.0,12169.0,1590.0,230.0,237.5,658.0,464.5,305.5,116.0,171.5,18.0,0.0,74694.0,20610.5,14420.0,20329.5,19334.0,1895.5,346.0,409.0,676.0,464.5,1542.5,212.0,94.5,27.5,1208.5,11747.5,2016.0,4091.5,1397.0,4243.0,32.5,8.0,1.5,4.0,19.0,0.14027777,35.70889,48.897778,0
P027,2013-04-28 00:00:00-04:00,1203.5836,184.7666,356.18005,500.79736,161.8396,3.3333333,1.3333334,2.0,2.0,1.3333334,69746.0,18435.666,20511.0,15486.667,15312.667,1501.6666,317.33334,158.33333,485.33334,540.6667,278.0,77.333336,114.333336,82.666664,3.6666667,76376.336,20485.0,16609.666,19997.334,19284.334,1779.6666,394.66666,272.66666,568.0,544.3333,1927.3334,228.66667,63.0,461.0,1174.6666,10613.333,1841.0,2727.6667,1552.6666,4492.0,34.333332,9.0,1.0,5.0,19.333334,0.14027777,35.70889,48.897778,1
P027,2013-04-29 00:00:00-04:00,1569.6775,167.14207,674.991,545.0708,182.47362,3.3333333,1.3333334,2.3333333,2.0,1.3333334,79668.336,20414.0,20468.666,19163.666,19622.0,2031.3334,320.66666,649.3333,413.0,648.3333,186.66667,77.333336,35.0,70.666664,3.6666667,79958.0,20456.666,20293.334,19808.666,19399.334,2218.0,398.0,684.3333,483.66666,652.0,1765.3334,125.0,7.6666665,711.6667,921.0,12467.0,2187.6667,3184.0,4589.3335,2506.0,36.333332,11.0,1.6666666,11.0,12.666667,0.0,0.0,0.0,0
P027,2013-05-01 00:00:00-04:00,2440.9692,148.9529,1275.4694,462.4183,554.12866,4.0,1.0,3.6666667,2.3333333,1.6666666,62135.332,14689.0,15167.667,14548.0,17730.666,3805.3333,152.33333,1104.3334,1378.6666,1170.0,262.66666,0.0,121.0,75.333336,66.333336,78242.664,20723.666,19534.0,19060.0,18925.0,4068.0,152.33333,1225.3334,1454.0,1236.3334,1124.6666,8.666667,100.666664,349.33334,666.0,16353.667,1331.0,5914.6665,6788.3335,2319.6667,32.333332,6.0,4.0,16.333334,6.0,6.3755555,49.306667,112.37778,0
P027,2013-05-02 00:00:00-04:00,2720.2952,146.06213,1250.0621,572.8876,751.2834,4.3333335,1.0,3.0,2.0,2.3333333,51046.0,9863.667,13053.667,15480.667,12648.0,3873.6667,10.333333,741.6667,1632.6666,1489.0,260.0,1.0,117.333336,75.333336,66.333336,77402.664,20552.334,19798.334,18706.334,18345.666,4133.6665,11.333333,859.0,1708.0,1555.3334,1563.3334,236.33333,113.666664,362.66666,850.6667,15604.667,668.3333,4453.0,5138.3335,5345.0,32.666668,3.0,4.3333335,15.333333,10.0,5.796389,48.56889,107.00667,0
P027,2013-05-03 00:00:00-04:00,3263.309,161.8988,1462.9167,864.3983,774.0953,6.3333335,1.0,3.6666667,2.6666667,3.0,47743.0,9863.667,12104.0,14764.0,11011.333,4145.3335,16.333334,1059.0,1294.3334,1775.6666,317.66666,1.0,117.333336,107.666664,91.666664,76254.0,20382.666,19020.334,18987.666,17863.334,4463.0,17.333334,1176.3334,1402.0,1867.3334,2005.3334,328.0,188.0,429.33334,1060.0,19485.334,668.3333,5737.6665,5632.6665,7446.6665,35.666668,3.0,5.6666665,17.0,10.0,5.796389,48.56889,107.00667,0
P027,2013-05-05 00:00:00-04:00,1653.5641,150.09895,509.17352,660.8687,333.42285,4.5,1.0,2.5,2.5,2.5,71272.0,16657.0,20064.5,17505.0,17045.5,2595.0,10.0,485.0,552.5,1547.5,186.0,0.0,0.0,48.5,137.5,78332.0,20396.5,19463.0,19793.5,18679.0,2781.0,10.0,485.0,601.0,1685.0,1370.5,266.0,234.0,429.5,441.0,16604.0,1805.5,2007.5,1911.5,10879.5,26.0,3.5,3.0,6.5,13.0,0.0,0.0,0.0,0
P027,2013-05-06 00:00:00-04:00,1168.4774,106.131226,528.4945,384.3674,149.48424,3.0,1.0,2.5,2.0,1.0,72564.5,16657.0,14997.5,19310.0,21600.0,880.0,112.0,388.5,273.0,106.5,16.5,0.0,1.5,15.0,0.0,80583.0,20075.5,20212.0,19907.5,20388.0,896.5,112.0,390.0,288.0,106.5,1024.5,458.0,32.0,420.0,114.5,23516.0,2639.5,3928.0,5470.5,11478.0,46.0,8.5,1.0,15.5,21.0,0.0,0.0,0.0,0
P027,2013-05-07 00:00:00-04:00,1316.6262,112.81574,389.50385,415.65012,398.65646,3.6666667,1.0,2.0,2.0,2.0,63056.668,13777.333,11311.667,19167.334,18800.334,1888.3334,74.666664,259.0,938.0,616.6667,168.0,0.0,1.0,158.33333,8.666667,80181.0,20153.334,20598.0,19285.666,20144.0,2056.3333,74.666664,260.0,1096.3334,625.3333,1204.3334,379.0,96.333336,559.6667,169.33333,22217.0,2533.3333,2891.0,5486.6665,11306.0,45.666668,8.333333,2.0,18.0,17.333334,7.17,49.81778,119.244446,0
P027,2013-05-08 00:00:00-04:00,2043.224,103.384415,937.4537,619.2008,383.18506,5.6666665,1.0,3.3333333,3.0,2.0,57235.332,13642.333,6180.3335,18612.334,18800.334,2632.0,74.0,672.0,1203.3334,682.6667,252.0,0.0,85.0,158.33333,8.666667,80682.0,20544.334,20410.666,19334.0,20393.0,2884.0,74.0,757.0,1361.6666,691.3333,1120.0,293.33334,96.333336,561.0,169.33333,21375.666,1806.6666,5704.3335,5584.3335,8280.333,42.0,8.0,3.3333333,17.0,13.666667,7.17,49.81778,119.244446,1
P027,2013-05-09 00:00:00-04:00,1620.7761,99.4,678.3507,453.63025,389.3951,4.3333335,1.0,2.3333333,2.3333333,2.0,45610.668,10116.333,3382.0,17036.334,15076.0,2235.6667,78.666664,413.0,1107.0,637.0,241.0,0.0,84.0,148.33333,8.666667,82640.0,21076.334,21021.334,19830.666,20711.666,2476.6667,78.666664,497.0,1255.3334,645.6667,906.6667,83.666664,75.0,508.66666,239.33333,15431.0,1724.6666,3085.6667,4767.3335,5853.3335,36.333332,7.0,2.6666667,15.333333,11.333333,7.7793055,53.155556,127.456665,0
P027,2013-05-10 00:00:00-04:00,1760.8235,91.47596,670.68396,415.51868,583.14484,4.3333335,1.0,2.3333333,2.3333333,2.3333333,51215.332,14643.667,9268.667,16096.0,11207.0,1586.3334,148.33333,413.0,586.6667,438.33334,227.0,0.0,84.0,0.0,143.0,83908.0,21428.334,21089.0,20590.0,20800.666,1813.3334,148.33333,497.0,586.6667,581.3333,554.0,16.666666,0.0,372.33334,165.0,13204.667,1226.3334,2813.3333,5020.0,4145.0,33.666668,6.0,1.3333334,14.333333,12.0,8.388611,56.493332,135.66888,0
P027,2013-05-11 00:00:00-04:00,1582.008,137.22934,142.4089,478.4062,823.96356,3.3333333,1.0,1.0,2.0,3.3333333,50010.668,17052.666,14400.0,14551.0,4007.0,1695.6666,151.66667,0.0,708.3333,835.6667,146.66667,0.0,0.0,3.6666667,143.0,83795.336,21360.666,21519.666,20591.334,20323.666,1842.3334,151.66667,0.0,712.0,978.6667,355.66666,21.333334,0.0,169.33333,165.0,13514.0,2181.3333,0.0,5006.0,6326.6665,39.333332,9.333333,0.0,15.0,15.0,8.388611,56.493332,135.66888,0
P027,2013-05-12 00:00:00-04:00,1567.9706,128.10944,161.99681,463.13464,814.7297,3.3333333,1.0,1.0,2.0,3.3333333,52051.0,15543.333,14400.0,14965.333,7142.3335,1518.0,77.333336,0.0,629.3333,811.3333,146.66667,0.0,0.0,3.6666667,143.0,83716.664,21357.334,21418.0,20563.0,20378.334,1664.6666,77.333336,0.0,633.0,954.3333,189.0,11.333333,0.0,159.0,18.666666,13015.333,2931.3333,0.0,3951.0,6133.0,36.333332,9.666667,0.0,12.666667,14.0,9.433333,58.38889,145.92223,0
P027,2013-05-13 00:00:00-04:00,1320.9283,119.522675,469.96426,369.66428,361.7771,2.6666667,1.0,1.6666666,1.6666666,2.0,52324.0,11966.333,9735.0,16811.666,13811.0,1145.3334,18.0,205.66667,393.66666,528.0,9.666667,0.0,6.0,3.6666667,0.0,80180.0,21227.666,21078.0,17311.666,20562.666,1155.0,18.0,211.66667,397.33334,528.0,158.33333,75.0,0.0,15.666667,67.666664,13647.333,2760.0,1244.0,2534.3333,7109.0,36.666668,8.666667,0.6666667,8.666667,18.666666,6.6720834,63.06778,128.51111,0
P027,2013-05-14 00:00:00-04:00,1199.0106,95.21148,458.99393,114.03411,530.77106,2.6666667,1.0,1.6666666,1.0,2.0,59355.332,12987.667,9735.0,18911.666,17721.0,1576.0,14.666667,205.66667,1.0,1354.6666,91.333336,0.0,6.0,0.0,85.333336,78693.336,21047.0,20890.334,17524.0,19232.0,1667.3334,14.666667,211.66667,1.0,1440.0,401.66666,70.333336,0.0,20.0,311.33334,12134.0,1328.0,1419.0,2584.3333,6802.6665,34.333332,3.3333333,1.3333334,9.0,20.666666,6.6720834,63.06778,128.51111,0
P027,2013-05-15 00:00:00-04:00,1758.633,97.92229,751.33325,374.5065,534.8711,4.3333335,1.0,2.6666667,2.0,2.0,60242.668,11577.333,12640.333,17715.0,18310.0,2940.3333,10.333333,975.3333,593.3333,1361.3334,239.0,0.0,153.66667,0.0,85.333336,75994.0,20868.0,19632.666,16451.334,19042.0,3179.3333,10.333333,1129.0,593.3333,1446.6666,864.0,71.333336,155.33333,322.66666,314.66666,16770.334,762.0,5195.3335,3895.6667,6917.3335,35.666668,3.3333333,3.3333333,9.0,20.0,3.9108334,67.746666,111.1,0
P027,2013-05-16 00:00:00-04:00,1736.2303,117.86908,583.11304,505.94608,529.3022,4.3333335,1.0,2.0,2.6666667,2.0,65289.332,15154.333,17305.334,14519.667,18310.0,2983.0,0.0,769.6667,773.0,1440.3334,314.0,0.0,147.66667,81.0,85.333336,78895.0,20767.666,19653.0,19504.0,18970.334,3297.0,0.0,917.3333,854.0,1525.6666,740.6667,1.0,155.33333,330.66666,253.66667,16089.333,990.6667,3951.3333,5710.3335,5437.0,33.333332,4.3333335,2.6666667,11.666667,14.666667,0.0,0.0,0.0,0
P027,2013-05-17 00:00:00-04:00,1258.4014,98.56899,553.9939,495.5947,110.24383,3.3333333,1.0,2.0,2.6666667,1.0,68579.336,15154.333,17305.334,14519.667,21600.0,1864.3334,84.333336,769.6667,773.0,237.33333,228.66667,0.0,147.66667,81.0,0.0,80947.0,20850.0,19907.666,19771.666,20417.666,2093.0,84.333336,917.3333,854.0,237.33333,908.0,84.0,155.33333,319.33334,349.33334,15759.667,1854.6666,3776.3333,5764.0,4364.6665,35.333332,7.3333335,2.0,12.333333,13.666667,0.0,0.0,0.0,0
P027,2013-05-18 00:00:00-04:00,1006.161,88.26579,312.87985,521.3988,83.616554,2.6666667,1.0,1.0,2.6666667,1.0,80576.336,21600.0,21600.0,18404.666,18971.666,1112.0,85.0,0.0,777.3333,249.66667,263.66666,0.0,0.0,263.66666,0.0,82919.336,21118.0,21268.666,19833.666,20699.0,1375.6666,85.0,0.0,1041.0,249.66667,802.6667,86.666664,0.0,364.66666,351.33334,13326.667,1902.3334,0.0,5044.6665,6379.6665,34.666668,6.6666665,0.0,13.0,15.0,0.0,0.0,0.0,0
P027,2013-05-20 00:00:00-04:00,1211.5914,91.942635,441.5787,596.30927,81.76085,3.6666667,1.0,1.6666666,3.3333333,1.0,63525.668,15811.333,9446.0,19296.666,18971.666,2218.0,91.333336,445.66666,1168.0,513.0,188.66667,0.0,6.0,182.66667,0.0,80997.0,20846.0,20969.0,18589.0,20593.0,2406.6667,91.333336,451.66666,1350.6666,513.0,1168.0,334.0,0.0,820.0,14.0,15558.333,1487.0,2639.3333,3644.0,7788.0,37.333332,5.0,1.0,12.666667,18.666666,5.810972,60.704445,119.25889,0
P027,2013-05-21 00:00:00-04:00,1109.8212,102.0219,624.08215,300.7749,82.9423,3.6666667,1.0,2.6666667,2.3333333,1.0,56335.332,9930.667,5508.0,19296.666,21600.0,2366.3333,91.333336,1134.0,576.6667,564.3333,37.333332,0.0,37.333332,0.0,0.0,80393.336,20599.334,19931.666,19517.666,20344.666,2403.6667,91.333336,1171.3334,576.6667,564.3333,1046.0,411.66666,136.33333,484.0,14.0,14844.333,781.3333,3540.6667,3339.3333,7183.0,39.666668,3.0,3.6666667,14.666667,18.333334,6.098611,54.06815,114.923706,0
P027,2013-05-22 00:00:00-04:00,1676.259,77.25394,997.8563,486.23898,114.90979,5.6666665,1.0,3.6666667,3.6666667,1.0,55775.668,9961.0,7724.0,16490.666,21600.0,3272.6667,85.0,1595.0,1020.6667,572.0,135.33333,0.0,125.333336,10.0,0.0,79915.336,20576.334,19105.0,19808.334,20425.666,3408.0,85.0,1720.3334,1030.6666,572.0,743.3333,237.33333,210.66667,268.33334,27.0,20388.334,903.0,7066.0,3582.3333,8837.0,39.666668,3.0,5.6666665,12.333333,18.666666,5.9075,46.57111,105.89778,0
P027,2013-05-26 00:00:00-04:00,778.48425,105.67139,76.36407,96.690674,499.75815,1.6666666,1.0,1.0,1.0,1.6666666,64476.0,19917.666,11131.0,16993.666,16433.666,1103.0,193.33333,1.0,148.33333,760.3333,86.333336,0.0,0.0,0.0,86.333336,79786.336,20559.334,21022.666,18452.0,19752.334,1189.3334,193.33333,1.0,148.33333,846.6667,1230.0,226.33333,65.333336,614.6667,323.66666,11486.667,3136.0,0.0,1246.3334,7104.3335,33.333332,12.0,0.0,6.6666665,14.666667,6.265,87.81333,150.0,0
P027,2013-05-27 00:00:00-04:00,1192.884,104.53744,189.76631,389.9589,508.62137,3.0,1.0,1.3333334,2.0,1.6666666,74158.336,21600.0,15572.0,16758.334,20228.0,2446.6667,370.33334,0.0,981.3333,1095.0,90.666664,0.0,0.0,0.0,90.666664,77022.664,20413.666,19697.0,17524.0,19388.0,2537.3333,370.33334,0.0,981.3333,1185.6666,1523.6666,427.0,0.0,732.3333,364.33334,17679.0,3437.0,686.6667,5507.0,8048.3335,38.0,11.666667,0.6666667,11.0,14.666667,6.265,87.81333,150.0,0
P027,2013-05-31 00:00:00-04:00,1217.1581,107.48874,591.7425,415.17624,102.750626,3.6666667,1.0,2.6666667,2.0,1.0,54270.332,21600.0,13628.0,7631.3335,11411.0,1815.0,274.66666,333.33334,933.3333,273.66666,366.33334,0.0,108.0,258.33334,0.0,78868.664,20285.334,20462.0,17538.0,20583.334,2181.3333,274.66666,441.33334,1191.6666,273.66666,1131.0,443.0,82.333336,226.66667,379.0,17927.0,4455.6665,4530.6665,1448.6666,7492.0,43.0,10.333333,5.3333335,5.3333335,22.0,0.0,0.0,0.0,0
P030,2013-03-29 00:00:00-04:00,3012.0408,60.786816,863.8261,1160.6556,926.7722,6.0,0.5,2.5,3.0,3.5,42685.0,1444.5,9208.0,14966.5,17066.0,8455.5,355.0,1398.0,4357.5,2345.0,2220.0,0.0,237.0,1428.5,554.5,72443.0,20609.0,19779.5,15229.0,16825.5,10675.5,355.0,1635.0,5786.0,2899.5,2934.0,589.5,129.0,469.0,1746.5,33171.0,882.5,4317.0,12146.0,15825.5,31.0,2.0,6.0,13.0,10.0,5.9209723,34.834446,100.69556,0
P030,2013-03-31 00:00:00-04:00,238186.56,192.31274,119052.15,118539.11,402.98898,4.6666665,1.6666666,2.6666667,2.3333333,1.3333334,31518.334,2663.0,10090.333,10726.667,8038.3335,8342.333,1414.6666,1112.0,3265.6667,2550.0,850.6667,0.0,154.33333,175.33333,521.0,64468.0,19685.0,15058.0,16076.667,13648.333,9193.0,1414.6666,1266.3334,3441.0,3071.0,11816.333,309.33334,5071.6665,1835.6666,4599.6665,33019.668,2304.0,8757.0,11055.667,10903.0,41.666668,1.6666666,12.666667,14.0,13.333333,5.5316668,35.113335,97.86,0
P030,2013-04-01 00:00:00-04:00,237684.78,182.99274,119064.4,118361.47,75.92309,4.6666665,1.6666666,2.6666667,2.3333333,0.6666667,26428.666,2694.3333,10187.667,8447.0,5099.6665,6533.0,1414.6666,721.3333,2146.3333,2250.6667,995.6667,0.0,366.66666,466.66666,162.33333,66205.0,19590.334,15075.667,16949.0,14590.0,7528.6665,1414.6666,1088.0,2613.0,2413.0,11314.667,309.33334,5126.0,1680.0,4199.3335,30581.334,2438.6667,8242.333,8741.0,11159.333,41.0,2.3333333,12.0,12.0,14.666667,5.2980556,36.657776,97.53555,0
P030,2013-04-03 00:00:00-04:00,4261.705,141.93643,1560.9954,1137.478,1421.295,8.0,1.0,3.6666667,4.3333335,4.0,22748.334,1343.6666,10091.0,5326.3335,5987.3335,7243.3335,1411.6666,1388.3334,1914.3334,2529.0,955.3333,85.0,230.33333,556.0,84.0,73798.664,19411.0,19094.666,18287.0,17006.0,8198.667,1496.6666,1618.6666,2470.3333,2613.0,1953.6666,129.33333,282.0,227.33333,1315.0,32070.334,1941.0,3783.0,10051.333,16295.0,35.666668,2.3333333,3.0,14.666667,15.666667,5.6314816,38.634075,102.17926,0
P030,2013-04-06 00:00:00-04:00,120359.35,131.88605,984.4436,842.8452,118400.17,6.0,1.0,3.0,3.3333333,2.3333333,14196.333,631.6667,273.0,5814.0,7477.6665,6704.6665,2052.3333,1589.0,1465.3334,1598.0,948.6667,2.0,827.3333,110.333336,9.0,62251.332,18007.334,13765.667,16477.0,14001.333,7653.3335,2054.3333,2416.3333,1575.6666,1607.0,6493.0,584.3333,4690.3335,457.33334,761.0,34463.0,3597.3333,7820.6665,13568.667,9476.333,30.666666,4.3333335,8.0,8.333333,10.0,5.1952777,57.03,117.085556,0
P030,2013-04-07 00:00:00-04:00,237133.42,106.988045,650.0611,118234.89,118141.48,4.3333335,0.6666667,2.3333333,2.3333333,1.6666666,11004.333,578.3333,209.0,5680.0,4537.0,5458.0,1421.0,1073.3334,1579.0,1384.6666,988.3333,2.0,818.6667,145.66667,22.0,59581.332,18955.334,14392.333,15344.333,10889.333,6446.3335,1423.0,1892.0,1724.6666,1406.6666,10781.333,363.33334,4691.3335,1545.6666,4181.0,27040.0,198.33333,6914.6665,9878.0,10049.0,24.333334,0.6666667,7.3333335,8.0,8.333333,7.5931945,41.16,120.39889,0
P030,2013-04-08 00:00:00-04:00,119629.33,171.39642,651.88336,118566.43,239.61937,3.6666667,0.6666667,2.3333333,2.6666667,1.3333334,19723.0,612.3333,1217.6666,8691.667,9201.333,5320.0,1421.0,1014.0,1848.6666,1036.3334,1343.0,2.0,924.0,162.33333,254.66667,60402.668,19059.666,14506.0,15146.0,11691.0,6663.0,1423.0,1938.0,2011.0,1291.0,10061.0,363.33334,4627.0,1559.0,3511.6667,23697.666,521.6667,7128.6665,7220.3335,8827.0,28.666666,1.6666666,8.0,7.6666665,11.333333,7.222593,38.851852,115.12592,0
P030,2013-04-09 00:00:00-04:00,120277.555,218.7948,706.88556,118931.15,420.72702,4.3333335,1.0,2.6666667,3.3333333,1.6666666,14750.333,81.333336,1482.3334,5427.3335,7759.3335,4669.6665,0.0,473.66666,2518.6667,1677.3334,1509.3334,0.0,105.333336,430.33334,973.6667,73020.664,20860.666,20371.0,16897.666,14891.333,6179.0,0.0,579.0,2949.0,2651.0,4843.3335,0.0,2.6666667,1321.3334,3519.3333,25905.334,323.33334,3619.3333,10843.333,11119.333,34.0,1.0,4.3333335,14.0,14.666667,7.1300926,33.90296,109.437035,0
P030,2013-04-10 00:00:00-04:00,3910.5354,235.72397,1243.686,1428.683,1002.4424,6.6666665,1.0,4.0,4.3333335,2.6666667,17694.334,51.666668,3125.0,6446.6665,8071.0,5514.6665,0.0,826.3333,2595.6667,2092.6667,1659.6666,0.0,342.66666,356.33334,960.6667,76653.664,21036.0,19860.334,18021.666,17735.666,7174.3335,0.0,1169.0,2952.0,3053.3333,676.0,0.0,100.333336,246.0,329.66666,27518.666,323.33334,4929.0,11544.0,10722.333,38.333332,1.0,5.6666665,17.0,14.666667,6.933889,33.174446,107.138885,1
P030,2013-04-11 00:00:00-04:00,3706.9653,428.6185,1059.9222,1300.599,917.8255,7.0,2.0,2.6666667,4.0,2.6666667,19615.334,61.666668,2633.3333,9723.333,7197.0,5125.0,625.3333,481.0,2212.3333,1806.3334,1308.3334,13.0,237.33333,338.0,720.0,76321.0,19378.0,20243.0,18356.334,18343.666,6433.3335,638.3333,718.3333,2550.3333,2526.3333,2078.0,1074.0,227.33333,377.33334,399.33334,32259.334,3468.0,3505.0,14028.333,11258.0,39.0,1.3333334,5.3333335,18.0,14.333333,7.386389,32.113335,109.69778,0
P030,2013-04-12 00:00:00-04:00,4424.885,449.3716,1631.1797,1186.6411,1157.6924,8.333333,2.0,4.0,4.0,3.0,23542.0,284.0,4491.3335,11731.667,7035.0,5060.6665,625.3333,1069.3334,1540.3334,1825.6666,484.66666,13.0,254.66667,70.0,147.0,74053.336,18143.666,18858.334,19231.666,17819.666,5545.3335,638.3333,1324.0,1610.3334,1972.6666,4993.3335,2458.0,1039.6666,239.66667,1256.0,36436.668,3498.3333,4661.6665,13749.0,14527.667,38.333332,1.6666666,5.0,16.666666,15.0,5.8394446,35.497776,100.706665,0
P030,2013-04-13 00:00:00-04:00,120989.26,597.69415,118897.484,877.74176,616.34,6.6666665,2.6666667,2.6666667,3.3333333,2.0,23707.666,385.0,2950.3333,13077.333,7295.0,7518.3335,2494.0,844.3333,2878.3333,1301.6666,188.33333,24.0,17.333334,0.0,147.0,66153.664,14853.667,16005.0,16873.666,18421.334,7706.6665,2518.0,861.6667,2878.3333,1448.6666,9989.0,3630.3333,4102.0,1205.6666,1051.0,42512.668,7092.3335,8370.667,14243.0,12806.667,31.333334,3.6666667,3.0,13.333333,11.333333,5.8394446,35.497776,100.706665,0
P030,2013-04-14 00:00:00-04:00,237900.22,315.84717,118535.63,118325.99,722.75366,5.3333335,1.6666666,2.3333333,2.6666667,2.3333333,14329.0,366.66666,2263.3333,6965.0,4734.0,7906.6665,1868.6666,721.0,3840.0,1477.0,335.0,11.0,17.333334,141.66667,165.0,62532.668,16448.0,16133.667,13733.333,16217.667,8241.667,1879.6666,738.3333,3981.6667,1642.0,12573.0,2556.3333,3973.3333,3114.3333,2929.0,37580.332,3624.3333,7653.3335,16549.0,9753.667,25.333334,2.3333333,2.0,10.666667,10.333333,6.011528,36.05111,102.636665,0
P030,2013-04-15 00:00:00-04:00,238424.31,342.72015,118722.1,118531.37,828.1319,5.6666665,1.6666666,2.0,3.0,2.6666667,17429.666,128.0,2858.0,6771.0,7672.6665,8047.6665,1868.6666,994.0,3880.0,1305.0,175.0,11.0,0.0,145.0,19.0,65251.0,17699.334,16553.0,13626.667,17372.0,8222.667,1879.6666,994.0,4025.0,1324.0,9441.667,1172.3334,3161.0,3033.0,2075.3333,34466.0,3594.0,8126.3335,16083.667,6662.0,26.0,2.0,3.0,9.666667,11.333333,6.183611,36.604443,104.566666,0
P030,2013-04-16 00:00:00-04:00,121486.99,217.37389,1190.9542,118870.56,1208.101,6.6666665,1.0,3.0,3.6666667,4.0,19694.666,533.0,5040.6665,4897.0,9224.0,4934.3335,64.333336,1159.6666,2169.3333,1541.0,473.0,0.0,80.333336,289.0,103.666664,74287.664,20923.334,19720.666,16225.333,17418.334,5407.3335,64.333336,1240.0,2458.3333,1644.6666,4251.3335,1.6666666,1.6666666,2265.0,1983.0,29895.666,23.333334,4897.6665,16786.666,8188.0,31.333334,0.33333334,4.0,12.333333,14.666667,6.11,35.99111,103.36444,0
P030,2013-04-17 00:00:00-04:00,5281.972,314.00372,1730.2598,1622.3362,1615.3723,8.666667,1.0,4.3333335,5.0,4.3333335,19583.334,791.0,5460.0,5276.3335,8056.0,4641.6665,64.333336,1782.0,1299.0,1496.3334,392.0,0.0,86.333336,221.0,84.666664,79522.664,21200.0,19378.666,19290.666,19653.334,5033.6665,64.333336,1868.3334,1520.0,1581.0,565.3333,1.6666666,5.6666665,434.0,124.0,29305.666,67.0,7166.6665,12610.0,9462.0,35.666668,0.6666667,5.3333335,14.666667,15.0,6.036389,35.377777,102.162224,0
P030,2013-04-18 00:00:00-04:00,4709.3325,303.32004,1331.3523,1705.5254,1369.1346,7.6666665,1.0,4.0,5.0,4.0,8627.667,870.6667,3144.3333,2132.6667,2480.0,3863.0,64.333336,1092.0,1366.6666,1340.0,718.6667,0.0,179.33333,454.66666,84.666664,81074.0,21528.0,20318.334,19247.666,19980.0,4581.6665,64.333336,1271.3334,1821.3334,1424.6666,707.0,1.6666666,5.6666665,519.3333,180.33333,29778.666,309.0,6710.3335,13596.0,9163.333,35.0,1.6666666,4.3333335,13.0,16.0,6.036389,35.377777,102.162224,0
P030,2013-04-19 00:00:00-04:00,4647.443,311.75757,1562.051,1503.8169,1269.8174,7.3333335,1.0,4.0,4.6666665,3.3333333,5963.3335,364.0,2262.6667,2095.3333,1241.3334,4710.6665,0.0,1281.0,1831.3334,1598.3334,493.66666,0.0,99.0,389.66666,5.0,79874.336,21577.334,20185.0,18680.0,19432.0,5204.3335,0.0,1380.0,2221.0,1603.3334,1194.3334,0.0,11.0,663.6667,519.6667,31070.666,285.66666,5920.6665,13706.333,11158.0,32.0,1.3333334,4.0,13.0,13.666667,0.0,0.0,0.0,0
P030,2013-04-20 00:00:00-04:00,127225.01,456.287,125182.32,854.9953,731.4108,5.3333335,1.6666666,3.3333333,3.0,2.3333333,9045.333,81.333336,1827.0,5143.3335,1993.6666,5470.3335,1045.3334,849.0,2385.0,1191.0,426.33334,11.333333,94.0,316.0,5.0,74329.664,20114.334,16256.333,18097.0,19862.0,5896.6665,1056.6666,943.0,2701.0,1196.0,5814.3335,362.0,4321.6665,703.3333,427.33334,35946.0,2870.6667,4700.0,16337.0,12038.333,35.0,3.3333333,5.6666665,11.333333,14.666667,10.663611,31.757778,135.56,0
P030,2013-04-21 00:00:00-04:00,243949.48,435.85837,124822.25,118154.695,536.68976,4.3333335,1.6666666,2.6666667,1.6666666,2.0,10198.0,1.6666666,1426.6666,7007.0,1762.6666,8317.0,1045.3334,677.6667,3186.0,3408.0,770.6667,11.333333,1.0,323.66666,434.66666,68722.336,20035.666,16435.0,16418.666,15833.0,9087.667,1056.6666,678.6667,3509.6667,3842.6667,7876.6665,362.0,4321.6665,1479.6666,1713.3334,33739.668,2628.6667,2881.0,15125.667,13104.333,31.666666,2.3333333,4.3333335,11.333333,13.666667,10.663611,31.757778,135.56,0
P030,2013-04-22 00:00:00-04:00,244005.44,404.9939,124824.97,118276.65,498.8234,4.6666665,1.6666666,2.6666667,2.0,1.6666666,21965.666,1.6666666,2103.3333,12005.667,7855.0,7564.0,1045.3334,510.33334,3092.6667,2915.6667,913.3333,11.333333,225.0,247.33333,429.66666,69375.336,19932.666,16203.333,16751.0,16488.334,8477.333,1056.6666,735.3333,3340.0,3345.3333,7379.3335,362.0,4383.3335,1197.3334,1436.6666,31715.0,2628.6667,2551.3333,12845.333,13689.667,31.0,2.3333333,3.6666667,10.0,15.0,8.819861,31.23,120.28222,0
P030,2013-04-23 00:00:00-04:00,120671.26,246.1012,759.9658,118672.375,992.81836,6.3333335,1.3333334,2.3333333,3.0,3.0,38812.668,5062.6665,5997.6665,13519.0,14233.333,6987.3335,162.33333,460.33334,2605.0,3759.6667,911.3333,0.0,224.0,251.66667,435.66666,74822.664,21069.666,20493.666,17557.0,15702.333,7898.6665,162.33333,684.3333,2856.6667,4195.3335,2526.6667,2.6666667,141.66667,938.6667,1443.6666,33701.332,477.66666,3748.3333,10145.333,19330.0,28.666666,2.3333333,2.0,11.666667,12.666667,6.976111,30.702223,105.00445,0
P030,2013-04-24 00:00:00-04:00,3959.7373,418.74506,879.2339,1048.5658,1613.1926,7.3333335,1.6666666,3.0,4.0,3.6666667,45194.668,8405.333,5997.3335,11491.667,19300.334,4344.6665,391.66666,469.66666,1351.0,2132.3333,318.0,0.0,224.0,78.666664,15.333333,80378.336,20914.666,20559.334,19879.0,19025.334,4662.6665,391.66666,693.6667,1429.6666,2147.6667,574.6667,6.3333335,149.66667,143.0,275.66666,39308.668,477.66666,7722.0,9223.333,21885.666,28.666666,2.3333333,3.6666667,12.333333,10.333333,6.352361,42.495556,111.80778,0
P030,2013-04-25 00:00:00-04:00,4531.691,486.3641,726.21234,1342.8342,1976.2803,8.0,2.3333333,2.6666667,4.6666665,5.0,54418.332,15605.333,11104.333,11553.333,16155.333,5302.6665,832.0,403.66666,1593.6666,2473.3333,461.33334,0.0,242.66667,138.33333,80.333336,79307.0,20392.666,20798.666,19535.0,18580.666,5764.0,832.0,646.3333,1732.0,2553.6667,776.0,206.66667,89.666664,202.66667,277.0,37620.0,2353.0,7120.0,10841.667,17305.334,30.0,3.6666667,4.6666665,12.333333,9.333333,5.728611,54.288887,118.611115,0
P030,2013-04-28 00:00:00-04:00,356134.9,497.67267,177755.31,176881.77,1000.12964,5.0,2.0,2.0,2.0,2.5,12153.0,969.0,83.5,5260.0,5840.5,4252.0,596.5,601.0,1218.0,1836.5,45.0,2.5,3.5,12.0,27.0,67236.0,20628.5,13524.0,14124.0,18959.5,4297.0,599.0,604.5,1230.0,1863.5,14842.5,365.0,7467.0,6240.0,770.5,32973.5,3313.0,6565.5,8770.5,14324.5,49.5,1.0,11.0,17.0,20.5,5.3359723,58.087776,119.26889,0
P030,2013-04-29 00:00:00-04:00,239319.97,595.3223,119088.87,118452.68,1183.1049,6.3333335,2.3333333,3.0,2.6666667,3.0,22226.334,3422.0,2774.6667,6565.0,9464.667,5078.6665,700.3333,951.0,1780.3334,1647.0,41.333332,1.6666666,4.0,8.0,27.666666,70919.336,20645.0,15574.333,15443.667,19256.334,5120.0,702.0,955.0,1788.3334,1674.6666,10279.667,243.33333,5047.3335,4341.3335,647.6667,33177.668,4625.6665,6253.3335,8624.333,13674.333,49.0,5.3333335,9.0,15.333333,19.333334,5.3359723,58.087776,119.26889,0
P030,2013-05-01 00:00:00-04:00,4186.1465,651.0349,1318.4833,1248.093,968.5354,7.3333335,2.3333333,3.6666667,3.6666667,3.3333333,39434.668,5825.6665,8036.0,10258.333,15314.667,4376.0,548.3333,1106.0,1677.3334,1044.3334,266.33334,0.0,15.333333,10.0,241.0,81217.0,21043.0,20319.334,19701.334,20153.334,4642.3335,548.3333,1121.3334,1687.3334,1285.3334,460.33334,0.0,134.66667,186.33333,139.33333,28338.666,3398.6667,6538.6665,7645.3335,10756.0,37.333332,9.0,5.3333335,9.0,14.0,5.1138887,45.613335,105.01778,0
P030,2013-05-02 00:00:00-04:00,3470.766,433.5985,1087.8495,1062.2318,887.08624,6.6666665,1.6666666,2.3333333,3.6666667,3.3333333,52464.0,10249.667,12517.0,14400.0,15297.333,3566.0,245.66667,791.3333,1186.0,1343.0,255.0,0.0,13.666667,10.0,231.33333,82127.336,21347.0,20720.666,20374.0,19685.666,3821.0,245.66667,805.0,1196.0,1574.3334,384.66666,0.0,65.333336,6.0,313.33334,24791.666,981.6667,4776.6665,9030.0,10003.333,27.0,4.3333335,4.3333335,7.3333335,11.0,5.1138887,45.613335,105.01778,0
P030,2013-05-03 00:00:00-04:00,6016.8916,535.9658,1568.294,2584.388,1328.2439,8.0,2.0,3.3333333,4.3333335,4.0,39533.332,10093.333,9086.333,7200.0,13153.667,5429.3335,178.0,1295.0,1978.0,1978.3334,332.0,83.333336,13.666667,0.0,235.0,78876.0,21300.666,20011.666,19299.0,18264.666,5761.3335,261.33334,1308.6666,1978.0,2213.3333,1420.3334,8.666667,206.0,209.0,996.6667,28436.0,2219.0,2893.6667,11800.667,11522.667,21.0,1.3333334,2.6666667,7.6666665,9.333333,5.518611,49.197777,111.84,0
P030,2013-05-06 00:00:00-04:00,4088.8467,241.78825,1339.7682,1238.978,1268.3124,7.5,1.0,3.5,5.0,5.0,64434.0,21600.0,18052.5,11508.5,13273.0,4916.5,0.0,1047.5,2025.5,1843.5,460.5,0.0,0.0,15.5,445.0,76721.0,20803.5,19570.0,18118.5,18229.0,5377.0,0.0,1047.5,2041.0,2288.5,953.0,0.0,146.0,596.5,210.5,25004.0,292.0,2712.5,10781.0,11218.5,38.5,0.5,5.0,18.0,15.0,0.0,0.0,0.0,0
P031,2013-03-29 00:00:00-04:00,15902.216,499.04752,3786.6836,3222.3555,8394.129,3.5,2.0,2.0,3.0,2.0,60101.5,14868.5,19584.5,17429.5,8219.0,4286.0,212.5,811.0,2412.0,850.5,592.0,0.0,9.0,431.5,151.5,77187.5,20881.0,19549.0,17436.0,19321.5,4878.0,212.5,820.0,2843.5,1002.0,2240.5,151.0,602.5,651.0,836.0,32618.0,4839.5,10573.5,10573.0,6632.0,72.5,21.5,21.5,16.5,13.0,4.54875,57.45778,69.29,1
P031,2013-03-30 00:00:00-04:00,12747.627,462.7803,2695.6602,3916.1833,5673.0034,3.3333333,1.6666666,1.6666666,3.0,1.6666666,60946.0,14818.667,18762.334,17552.334,9812.667,3375.3333,165.66667,540.6667,1969.3334,699.6667,394.66666,0.0,6.0,287.66666,101.0,78363.336,20848.334,19859.334,18077.334,19578.334,3770.0,165.66667,546.6667,2257.0,800.6667,2132.3333,174.66667,597.6667,632.3333,727.6667,26859.0,4635.6665,9240.667,8046.6665,4936.0,70.333336,20.666666,24.0,16.0,9.666667,4.54875,57.45778,69.29,1
P031,2013-03-31 00:00:00-04:00,130982.914,1885.2499,1606.0011,70323.78,57167.887,2.6666667,1.6666666,2.0,2.6666667,1.3333334,58763.0,12626.0,18795.334,18307.334,9034.333,3608.6667,345.66666,290.66666,2264.0,708.3333,283.33334,6.0,0.0,203.66667,73.666664,73933.664,20307.334,20261.334,15575.333,17789.666,3892.0,351.66666,290.66666,2467.6667,782.0,6379.6665,429.33334,523.0,2992.3333,2435.0,25088.0,3516.6667,8363.0,8133.6665,5074.6665,63.666668,17.0,20.333334,17.0,9.333333,5.209028,53.59778,70.71222,0
P031,2013-04-01 00:00:00-04:00,131594.64,1938.1615,1586.1152,69210.92,58859.438,2.6666667,1.6666666,2.0,2.0,2.0,59438.332,7737.0,18136.334,20332.666,13232.333,3350.6667,345.66666,371.0,1231.3334,1402.6666,242.33333,6.0,78.0,69.666664,88.666664,73604.336,20213.666,19866.666,16769.0,16755.0,3593.0,351.66666,449.0,1301.0,1491.3334,6856.6665,419.66666,650.6667,2950.6667,2835.6667,20219.0,1705.6666,6801.3335,6542.0,5170.0,48.333332,8.666667,17.0,13.666667,9.0,6.3119445,55.70222,81.64,0
P031,2013-04-02 00:00:00-04:00,133596.02,2873.543,1610.2333,70100.3,59011.938,3.3333333,2.0,2.3333333,2.6666667,2.3333333,66305.336,8976.0,19630.334,21600.0,16099.0,3993.6667,480.33334,510.66666,1556.6666,1446.0,536.6667,6.0,78.0,302.33334,150.33333,72734.0,19906.0,19924.0,16219.0,16685.0,4530.3335,486.33334,588.6667,1859.0,1596.3334,7078.0,666.3333,522.6667,3011.0,2878.0,22123.0,877.0,6323.6665,10068.667,4853.6665,38.0,5.3333335,10.0,13.666667,9.0,6.3119445,55.70222,81.64,1
P031,2013-04-03 00:00:00-04:00,11150.275,1446.9169,1624.9417,4252.721,3825.6958,3.6666667,2.0,2.0,3.0,2.6666667,60691.668,8095.3335,15486.333,18512.0,18598.0,3216.0,158.66667,595.6667,1063.0,1398.6666,614.6667,0.0,78.0,308.33334,228.33333,78537.0,20659.0,19851.334,19312.666,18714.0,3830.6667,158.66667,673.6667,1371.3334,1627.0,2404.6667,320.66666,585.0,530.6667,968.3333,21426.334,1955.3334,6654.0,6519.0,6298.0,37.333332,8.333333,9.333333,9.333333,10.333333,7.3230557,44.074444,78.10111,0
P031,2013-04-04 00:00:00-04:00,12886.32,1470.0251,1534.0825,6726.8354,3155.3772,4.0,1.6666666,1.6666666,4.0,2.6666667,68569.664,13821.0,14636.667,18512.0,21600.0,3307.6667,162.0,415.0,1747.6666,983.0,721.3333,0.0,78.0,430.0,213.33333,78768.336,20791.334,20108.334,18603.0,19265.666,4029.0,162.0,493.0,2177.6667,1196.3334,2302.6667,331.66666,660.3333,496.0,814.6667,23617.334,3852.0,4299.3335,9422.333,6043.6665,47.0,14.333333,8.666667,12.0,12.0,7.4619446,36.671112,71.80889,1
P031,2013-04-05 00:00:00-04:00,21459.402,509.99127,2694.6892,7153.0083,11101.713,3.6666667,1.3333334,2.0,3.6666667,3.0,61464.332,8336.333,13016.0,18512.0,21600.0,4596.0,3.3333333,453.0,2455.0,1684.6666,580.6667,0.0,82.666664,334.66666,163.33333,77157.0,21250.666,19772.0,17926.0,18208.334,5176.6665,3.3333333,535.6667,2789.6667,1848.0,2701.3333,12.666667,934.0,538.0,1216.6666,23287.0,4123.3335,4217.3335,6438.3335,8508.0,51.0,14.666667,8.333333,10.666667,17.333334,6.657361,45.871113,74.57222,0
P031,2013-04-06 00:00:00-04:00,20997.875,493.3868,2698.554,7324.049,10481.885,4.0,1.0,2.0,3.6666667,3.0,63255.332,6609.3335,13446.0,21600.0,21600.0,5041.0,3.3333333,303.66666,2926.3333,1807.6666,543.6667,0.0,82.666664,445.33334,15.666667,76891.336,21269.666,19906.334,17394.0,18321.334,5584.6665,3.3333333,386.33334,3371.6667,1823.3334,2534.6667,12.666667,974.0,467.0,1081.0,23438.0,3283.0,3836.3333,9720.333,6598.3335,52.333332,11.333333,8.666667,16.0,16.333334,6.7397223,44.175556,73.53555,0
P031,2013-04-07 00:00:00-04:00,17505.889,434.79935,1612.4354,5661.6987,9796.956,4.3333335,1.0,1.6666666,3.3333333,3.0,63283.332,8063.0,14954.667,18665.666,21600.0,4456.0,0.0,178.66667,2444.0,1833.3334,512.3333,0.0,4.6666665,326.33334,181.33333,77478.664,21083.334,20396.0,17694.0,18305.334,4968.3335,0.0,183.33333,2770.3333,2014.6666,2279.0,149.33333,608.0,689.0,832.6667,19558.0,1618.6666,4855.0,6492.6665,6591.6665,46.0,5.3333335,10.666667,14.333333,15.666667,6.7397223,44.175556,73.53555,0
P031,2013-04-08 00:00:00-04:00,10679.411,1416.9517,1555.1593,5014.153,2693.1472,4.6666665,1.3333334,1.6666666,3.6666667,2.6666667,64625.668,10621.667,15184.0,17220.0,21600.0,3163.0,107.666664,276.33334,1806.3334,972.6667,1105.3334,213.66667,0.0,717.6667,174.0,78257.0,20661.334,20423.334,17848.0,19324.334,4268.3335,321.33334,276.33334,2524.0,1146.6666,1730.3334,164.66667,406.33334,698.6667,460.66666,23643.666,3254.6667,6443.0,7967.3335,5978.6665,45.0,5.3333335,11.0,14.666667,14.0,7.6266665,33.28,69.73556,0
P031,2013-04-09 00:00:00-04:00,12640.668,1375.782,1500.1593,7215.1113,2549.6152,4.6666665,1.3333334,1.6666666,4.0,2.3333333,73527.336,15299.0,19408.334,17220.0,21600.0,3626.6667,119.0,582.0,1983.3334,942.3333,925.3333,213.66667,0.0,531.3333,180.33333,77838.664,20328.334,20230.0,17751.0,19529.334,4552.0,332.66666,582.0,2514.6667,1122.6666,1721.3334,236.0,161.66667,920.0,403.66666,24479.666,4713.3335,6746.0,6911.6665,6108.6665,46.333332,9.0,10.666667,9.666667,17.0,5.6702776,64.53111,85.335556,0
P031,2013-04-10 00:00:00-04:00,17783.527,1347.4778,2627.8157,6178.1997,7630.0347,4.3333335,1.3333334,2.6666667,3.3333333,2.3333333,71014.664,11110.0,19408.334,18896.334,21600.0,4510.6665,254.33333,852.6667,1813.0,1590.6666,767.3333,213.66667,5.3333335,528.6667,19.666666,76380.336,20411.334,19738.0,17842.666,18388.334,5278.0,468.0,858.0,2341.6667,1610.3334,2276.6667,158.33333,384.66666,840.6667,893.0,28352.0,5814.0,7996.6665,8021.0,6520.3335,48.333332,13.0,9.333333,10.333333,15.666667,5.595972,57.32,77.53,0
P031,2013-04-11 00:00:00-04:00,15229.647,1274.8613,2445.0376,4490.382,7019.366,4.3333335,1.3333334,2.0,3.0,2.3333333,72146.336,12306.333,17898.0,20342.0,21600.0,5162.6665,157.66667,579.0,2106.6667,2319.3333,99.666664,0.0,5.3333335,74.666664,19.666666,77238.336,20598.0,20276.0,18321.334,18043.0,5262.3335,157.66667,584.3333,2181.3333,2339.0,2225.0,365.33334,328.33334,676.0,855.3333,27506.334,5518.3335,6047.0,9265.333,6675.6665,56.0,16.333334,10.666667,11.333333,17.666666,6.3333335,58.692593,84.80148,0
P031,2013-04-12 00:00:00-04:00,15492.336,2185.233,3424.5466,3845.4998,6037.056,4.0,1.6666666,2.6666667,2.6666667,2.0,67455.0,12562.667,15698.0,20342.0,18852.334,3794.3333,232.33333,355.0,1499.3334,1707.6666,91.0,0.0,5.3333335,76.333336,9.333333,76247.336,20416.334,18454.334,18566.0,18810.666,3885.3333,232.33333,360.33334,1575.6666,1717.0,4643.3335,828.3333,2170.3333,944.3333,700.3333,23589.334,5492.0,6778.6665,7213.3335,4105.3335,51.333332,19.333334,10.0,11.333333,10.666667,6.664861,55.773335,84.53445,1
P031,2013-04-13 00:00:00-04:00,140995.33,2059.478,63921.066,4995.3115,70019.48,3.6666667,1.6666666,2.0,2.6666667,2.0,60782.668,12505.0,12693.667,16731.666,18852.334,5091.3335,97.666664,771.3333,2129.0,2093.3333,306.0,0.0,71.0,92.0,143.0,71259.336,20215.666,17198.666,17518.666,16326.333,5397.3335,97.666664,842.3333,2221.0,2236.3333,8342.0,1151.3334,3057.3333,1408.6666,2724.6667,23007.334,4001.0,4177.6665,8968.333,5860.3335,51.333332,14.333333,8.0,16.333334,12.666667,6.5943055,64.543335,92.74,0
P031,2013-04-14 00:00:00-04:00,139837.6,2056.676,62831.555,5281.3545,69668.0,3.0,1.6666666,2.0,2.0,2.0,58213.332,12927.0,9743.0,16691.0,18852.334,5208.6665,646.0,835.3333,1374.0,2353.3333,296.66666,1.6666666,71.0,17.333334,206.66667,70470.336,19597.334,16904.0,18209.666,15759.333,5505.3335,647.6667,906.3333,1391.3334,2560.0,7941.3335,1034.6666,2975.3333,1290.6666,2640.6667,21357.0,4407.0,5637.3335,5642.3335,5670.3335,55.0,15.0,10.333333,16.666666,13.0,6.376111,65.95,92.40111,0
P031,2013-04-15 00:00:00-04:00,138876.3,2073.0264,62797.844,4275.633,69729.8,3.0,1.6666666,1.6666666,1.6666666,2.3333333,61316.332,14991.0,8221.333,16691.0,21413.0,5550.0,804.3333,756.3333,1298.0,2691.3333,597.6667,3.3333333,145.33333,232.33333,216.66667,71633.0,19350.334,18791.0,18158.334,15333.333,6147.6665,807.6667,901.6667,1530.3334,2908.0,5632.3335,775.3333,1188.3334,939.6667,2729.0,29752.0,5089.6665,6687.0,8650.667,9324.667,70.666664,15.0,11.666667,22.0,22.0,6.376111,65.95,92.40111,0
P031,2013-04-16 00:00:00-04:00,8916.542,3044.1096,1122.9075,4327.5225,422.0028,3.6666667,2.3333333,1.3333334,2.6666667,1.6666666,65100.668,15612.0,6926.3335,21149.334,21413.0,4274.6665,959.6667,70.333336,1226.6666,2018.0,685.3333,3.3333333,74.333336,308.0,299.66666,77562.0,19300.0,20705.334,19032.334,18524.334,4960.0,963.0,144.66667,1534.6666,2317.6667,1541.3334,683.3333,85.333336,346.33334,426.33334,35173.668,7575.6665,8212.667,9390.667,9994.667,73.666664,20.333334,14.666667,16.0,22.666666,6.685278,71.64778,100.57222,0
P031,2013-04-17 00:00:00-04:00,11049.333,3198.6292,2134.6868,5366.2744,349.74207,3.6666667,2.3333333,1.6666666,3.0,1.3333334,69926.336,16100.0,12778.667,19634.666,21413.0,3316.0,509.66666,14.666667,1353.6666,1438.0,822.3333,1.6666666,139.66667,309.66666,371.33334,79035.664,19932.0,20873.0,19028.334,19202.334,4138.3335,511.33334,154.33333,1663.3334,1809.3334,2156.6667,808.0,220.33333,547.0,581.3333,35663.668,5340.3335,7510.3335,11371.333,11441.667,62.333332,14.666667,12.0,16.0,19.666666,5.998889,79.04444,102.477776,0
P031,2013-04-18 00:00:00-04:00,9638.293,3182.5056,2331.2483,3633.597,490.94202,5.0,2.6666667,1.6666666,3.6666667,1.3333334,68434.664,15582.333,12923.667,18328.666,21600.0,3924.6667,538.6667,25.666666,1724.3334,1636.0,676.0,144.33333,65.333336,105.0,361.33334,79150.0,20277.666,21286.0,18639.666,18946.666,4600.6665,683.0,91.0,1829.3334,1997.3334,2569.3333,635.3333,217.33333,1100.0,616.6667,31891.334,4496.0,5164.3335,12578.667,9652.333,53.333332,10.0,12.0,14.666667,16.666666,5.5769444,77.79667,97.85445,0
P031,2013-04-19 00:00:00-04:00,13180.297,3600.0605,3350.0703,3884.3357,2345.83,4.6666665,3.0,2.3333333,3.3333333,2.0,72289.664,17077.334,14873.667,18738.666,21600.0,3922.0,955.0,179.33333,1475.3334,1312.3334,452.0,144.33333,67.0,98.666664,142.0,78910.664,19915.0,20891.334,18623.334,19481.0,4374.0,1099.3334,246.33333,1574.0,1454.3334,2827.6667,541.6667,408.66666,1313.3334,564.0,25185.0,3569.6667,6589.0,9028.0,5998.3335,47.0,8.666667,11.666667,15.0,11.666667,5.2793055,71.172226,88.84889,0
P031,2013-04-20 00:00:00-04:00,10054.996,2482.1443,2338.8652,2860.8406,2373.1458,4.3333335,2.6666667,2.0,3.0,2.0,73379.336,18951.666,12533.667,20294.0,21600.0,3456.0,909.0,242.33333,1065.6666,1239.0,245.33333,144.33333,1.6666666,97.0,2.3333333,78893.664,20109.666,20778.334,18815.0,19190.666,3701.3333,1053.3334,244.0,1162.6666,1241.3334,3158.0,318.33334,442.0,1437.6666,960.0,23578.666,3227.0,6538.6665,9181.667,4631.3335,45.0,7.3333335,12.0,16.0,9.666667,5.2793055,71.172226,88.84889,0
P032,2013-03-30 00:00:00-04:00,90547.875,209.4146,89813.23,1.2254499,524.00726,3.5,1.0,1.0,0.5,2.5,13783.0,1410.0,960.3333,8068.6665,3344.0,5143.6665,2363.6667,653.6667,1282.3334,844.0,410.0,92.0,140.66667,98.0,79.333336,74099.664,17874.0,18816.334,17982.0,19427.334,5553.6665,2455.6667,794.3333,1380.3334,923.3333,5236.6665,904.3333,1608.6666,1822.3334,901.3333,36068.332,4211.6665,3352.3333,11730.667,16773.666,44.666668,3.3333333,8.333333,20.333334,12.666667,6.307083,49.282223,116.314445,1
P032,2013-03-31 00:00:00-04:00,127221.49,227.93936,60263.176,66209.02,521.3546,3.3333333,1.0,1.3333334,0.6666667,2.3333333,24840.666,8565.0,4640.6665,3054.0,8581.0,3370.6667,607.0,979.3333,1028.3334,756.0,460.33334,0.0,142.33333,163.33333,154.66667,73737.336,20393.0,18183.0,15110.333,20051.0,3831.0,607.0,1121.6666,1191.6666,910.6667,7275.0,225.0,1893.0,4852.0,305.0,36093.0,1341.6666,6451.3335,12793.333,15506.667,44.0,0.6666667,13.666667,18.0,11.666667,6.403333,40.31111,108.113335,1
P032,2013-04-01 00:00:00-04:00,128087.164,335.97684,60893.945,66477.22,380.02667,4.3333335,1.3333334,3.0,1.3333334,1.6666666,30112.666,7794.6665,6620.3335,2443.3333,13254.333,3304.3333,438.0,1203.0,1146.6666,516.6667,372.0,0.0,144.0,76.0,152.0,73793.0,20631.0,17613.666,15190.333,20358.0,3676.3333,438.0,1347.0,1222.6666,668.6667,7620.0,215.33333,2301.3333,4811.0,292.33334,32504.334,1341.6666,6787.0,11150.333,13225.333,43.0,0.6666667,12.0,16.333334,14.0,7.790278,27.915556,106.81333,0
P032,2013-04-02 00:00:00-04:00,68712.58,319.79752,1126.8557,66980.125,285.79935,5.0,1.0,3.0,2.6666667,1.3333334,46660.668,14400.0,12298.667,6763.0,13199.0,3235.3333,0.0,1220.0,1402.3334,613.0,222.33333,0.0,5.0,65.333336,152.0,76753.0,21347.334,19287.666,15895.0,20223.0,3457.6667,0.0,1225.0,1467.6666,765.0,4993.6665,0.0,802.6667,3900.6667,290.33334,29151.666,0.0,6848.0,12877.667,9426.0,35.666668,0.0,8.333333,13.333333,14.0,7.790278,27.915556,106.81333,0
P032,2013-04-03 00:00:00-04:00,3604.9434,300.6859,1367.5106,1427.3031,509.44376,6.6666665,1.0,3.6666667,4.0,1.6666666,36543.332,8364.333,10936.667,9278.0,7964.3335,3816.6667,0.0,1312.6666,1482.3334,1021.6667,3.3333333,0.0,3.3333333,0.0,0.0,78637.664,21294.0,19176.334,18787.0,19380.334,3820.0,0.0,1316.0,1482.3334,1021.6667,2450.3333,1.6666666,753.0,923.3333,772.3333,27616.334,0.0,6202.6665,10296.0,11117.667,32.0,0.0,4.6666665,14.333333,13.0,7.790278,27.915556,106.81333,0
P032,2013-04-04 00:00:00-04:00,3839.8696,270.76974,1094.1829,1703.2941,771.62286,7.0,1.3333334,2.3333333,5.0,2.3333333,37882.0,9417.333,10927.333,10297.333,7240.0,3708.3333,2.6666667,934.3333,1436.0,1335.3334,1.6666666,0.0,1.6666666,0.0,0.0,77620.336,21085.334,19754.0,18100.334,18680.666,3710.0,2.6666667,936.0,1436.0,1335.3334,2969.0,64.666664,404.66666,1499.3334,1000.3333,30124.0,184.66667,6058.6665,13587.0,10293.667,30.666666,0.33333334,4.3333335,13.666667,12.333333,0.0,0.0,0.0,1
P032,2013-04-05 00:00:00-04:00,5733.8955,197.45642,2761.423,1871.2185,903.7978,7.3333335,1.3333334,3.3333333,5.3333335,3.0,28808.666,4014.0,6725.6665,8435.333,9633.667,3695.6667,2.6666667,920.3333,1256.6666,1516.0,148.66667,0.0,148.66667,0.0,0.0,76639.0,20904.666,19170.0,18208.0,18356.334,3844.3333,2.6666667,1069.0,1256.6666,1516.0,2995.3333,68.0,634.3333,1353.6666,939.3333,30167.666,265.33334,7071.3335,12073.333,10757.667,34.0,0.6666667,7.3333335,12.666667,13.333333,0.0,0.0,0.0,0
P032,2013-04-06 00:00:00-04:00,4938.5967,168.32397,2305.186,1826.2716,638.81506,5.6666665,1.3333334,2.6666667,4.3333335,2.6666667,36695.332,10049.667,8301.0,8698.667,9646.0,3060.0,2.6666667,745.3333,1259.3334,1052.6666,159.33333,0.0,148.66667,2.0,8.666667,77231.0,20818.334,19614.666,18391.0,18407.0,3219.3333,2.6666667,894.0,1261.3334,1061.3334,3523.0,66.333336,543.3333,1368.0,1545.3334,31917.334,359.33334,6255.3335,13759.0,11543.667,34.666668,1.0,8.666667,11.333333,13.666667,0.0,0.0,0.0,1
P032,2013-04-07 00:00:00-04:00,3966.49,230.17839,2019.8933,1338.8325,377.5857,4.3333335,1.3333334,2.6666667,2.6666667,2.3333333,51699.332,14930.0,13266.333,12792.0,10711.0,2807.6667,303.33334,591.6667,974.3333,938.3333,159.33333,0.0,148.66667,2.0,8.666667,79197.0,20755.0,20062.666,19626.334,18753.0,2967.0,303.33334,740.3333,976.3333,947.0,2675.6667,41.0,466.0,640.3333,1528.3334,29801.0,198.0,3992.0,14024.333,11586.667,35.333332,1.0,6.6666665,11.333333,16.333334,0.0,0.0,0.0,1
P032,2013-04-08 00:00:00-04:00,2680.9324,246.89984,853.2348,1333.0013,247.79646,4.0,1.3333334,2.3333333,2.6666667,1.6666666,47605.668,13602.667,13607.667,14339.667,6055.6665,2551.6667,303.33334,450.66666,1136.3334,661.3333,10.666667,0.0,0.0,2.0,8.666667,80611.664,20978.666,20671.334,19735.334,19226.334,2562.3333,303.33334,450.66666,1138.3334,670.0,2496.3333,37.666668,361.0,571.6667,1526.0,29354.334,265.33334,4222.6665,14086.333,10780.0,34.0,1.3333334,5.6666665,13.333333,13.666667,7.108889,35.128887,108.575554,1
P032,2013-04-09 00:00:00-04:00,2416.7634,296.52234,899.80054,876.9018,343.5388,4.6666665,1.3333334,2.0,3.0,2.0,43371.332,6439.6665,11355.667,18714.334,6861.6665,2143.0,303.33334,241.0,955.3333,643.3333,0.0,0.0,0.0,0.0,0.0,81788.0,21054.334,20561.0,20044.666,20128.0,2143.0,303.33334,241.0,955.3333,643.3333,1287.0,40.0,517.0,266.0,464.0,28171.666,877.3333,4285.3335,14008.333,9000.667,41.666668,2.6666667,7.0,17.666666,14.333333,7.108889,35.128887,108.575554,1
P032,2013-04-10 00:00:00-04:00,3508.8916,197.26755,1428.7025,1402.5294,480.3922,6.3333335,1.0,3.0,4.3333335,2.3333333,25167.334,2386.3333,6054.0,14408.0,2319.0,3460.3333,61.0,552.0,1640.6666,1206.6666,75.333336,0.0,0.0,0.0,75.333336,79044.664,21138.0,19830.0,18980.0,19096.666,3535.6667,61.0,552.0,1640.6666,1282.0,1865.0,8.333333,748.6667,446.33334,661.6667,33173.332,954.6667,7209.0,12079.333,12930.333,39.666668,3.0,9.0,18.0,9.666667,6.5544443,39.831112,108.842224,1
P032,2013-04-11 00:00:00-04:00,3296.3027,263.6954,1231.7788,966.8094,834.01917,7.0,1.3333334,2.6666667,3.6666667,3.6666667,23726.666,3974.6667,4073.6667,13330.667,2347.6667,4893.0,1040.6666,797.3333,1447.0,1608.0,83.333336,3.3333333,0.0,0.0,80.0,75951.336,19510.666,19301.0,18793.666,18346.0,4976.3335,1044.0,797.3333,1447.0,1688.0,2946.3333,468.0,895.3333,702.0,881.0,40047.668,1519.3334,6454.0,14873.333,17201.0,41.0,2.6666667,9.666667,15.333333,13.333333,6.0,44.533333,109.10889,0
P032,2013-04-12 00:00:00-04:00,5319.877,267.8286,2646.9114,1371.9252,1033.212,7.6666665,1.6666666,3.6666667,4.0,4.0,21465.0,4772.6665,4279.6665,9609.333,2803.3333,6516.3335,1116.6666,1387.0,1538.3334,2474.3333,98.0,3.3333333,5.3333335,0.0,89.333336,73109.336,19287.0,18652.334,18431.334,16738.666,6614.3335,1120.0,1392.3334,1538.3334,2563.6667,3685.3333,494.66666,836.6667,861.3333,1492.6666,40846.668,1243.3334,7181.3335,14712.333,17709.666,34.333332,1.3333334,7.3333335,15.0,10.666667,5.154028,44.11111,101.91889,1
P032,2013-04-18 00:00:00-04:00,5027.035,393.57852,887.4637,2230.2053,1515.7876,7.0,2.0,1.0,5.0,5.0,7080.0,401.0,2310.0,3588.0,781.0,6785.0,1387.0,195.0,2751.0,2452.0,240.0,0.0,0.0,233.0,7.0,74865.0,19620.0,21167.0,15474.0,18604.0,7025.0,1387.0,195.0,2984.0,2459.0,4399.0,582.0,193.0,3108.0,516.0,0.0,0.0,0.0,0.0,0.0,0.0,0.0,0.0,0.0,0.0,6.583889,53.62,122.86667,1
P032,2013-04-19 00:00:00-04:00,6770.053,309.20767,1352.0126,4163.337,945.49615,6.0,1.5,2.0,5.0,3.5,11306.0,1803.5,1286.0,7127.5,1089.0,8370.5,700.0,669.0,2347.0,4654.5,258.0,0.0,0.0,236.0,22.0,72985.5,20174.5,20764.5,17173.0,14873.5,8628.5,700.0,669.0,2583.0,4676.5,4625.0,712.0,122.5,1793.0,1997.5,30535.0,0.0,0.0,17482.0,13053.0,20.0,0.0,0.0,15.0,5.0,6.0930557,48.01889,113.33889,0
P032,2013-04-20 00:00:00-04:00,5607.9497,371.43628,1411.9502,2853.2869,971.2764,5.3333335,1.3333334,2.3333333,4.0,3.3333333,14859.333,1872.3334,1643.3334,9636.667,1707.0,7411.0,466.66666,1002.6667,2129.6667,3812.0,243.0,0.0,5.6666665,157.33333,80.0,74485.336,20610.666,20281.666,17829.666,15763.333,7654.0,466.66666,1008.3333,2287.0,3892.0,3960.6667,474.66666,238.0,1396.3334,1851.6666,33567.0,670.0,1360.5,15369.5,16167.0,31.0,1.5,6.0,16.0,7.5,6.0930557,48.01889,113.33889,1
P032,2013-04-21 00:00:00-04:00,4418.951,315.8635,1222.3134,2201.251,679.52344,4.3333335,1.0,2.6666667,3.0,3.0,26774.334,1749.0,2136.3333,15640.667,7248.3335,5955.3335,78.666664,1223.0,1382.3334,3271.3333,215.66667,0.0,10.0,82.0,123.666664,76826.664,21117.666,20040.334,19463.0,16205.667,6171.0,78.666664,1233.0,1464.3334,3395.0,2757.6667,284.66666,175.66667,493.33334,1804.0,31120.0,870.0,1898.6666,13438.0,14913.333,35.0,2.6666667,4.6666665,17.666666,10.0,6.699028,41.52778,111.69556,0
P032,2013-04-22 00:00:00-04:00,3205.7854,453.13727,1235.4204,752.9475,764.2801,5.3333335,1.3333334,2.6666667,2.6666667,3.6666667,31577.666,2241.0,3642.0,16901.0,8793.667,4661.6665,216.66667,1152.0,1116.6666,2176.3333,123.666664,0.0,10.0,2.3333333,111.333336,78479.664,21080.0,19868.666,19731.666,17799.334,4785.3335,216.66667,1162.0,1119.0,2287.6667,1991.3334,66.666664,295.33334,439.33334,1190.0,35000.0,870.0,3844.0,12246.0,18040.0,38.0,2.6666667,7.0,16.666666,11.666667,7.795833,40.63778,119.58,1
P032,2013-04-23 00:00:00-04:00,3138.1855,446.40906,1022.8351,999.30963,669.6317,6.3333335,2.0,2.3333333,2.6666667,3.6666667,31001.666,1580.3334,4565.6665,14419.667,10436.0,6311.0,838.3333,1000.3333,926.3333,3546.0,198.0,64.333336,9.666667,2.3333333,121.666664,76504.0,19954.0,19961.334,20043.0,16545.666,6509.0,902.6667,1010.0,928.6667,3667.6667,1984.0,370.66666,209.33333,335.66666,1068.3334,26137.666,988.0,4159.3335,9377.333,11613.0,30.333334,3.0,5.3333335,13.666667,8.333333,7.795833,40.63778,119.58,1
P032,2013-04-25 00:00:00-04:00,4318.8335,458.7865,981.1792,980.68854,1898.1791,6.5,2.5,2.0,2.0,4.0,18912.5,1792.0,3474.0,5976.5,7670.0,10517.5,3690.0,1085.5,984.0,4758.0,666.5,114.5,18.5,198.5,335.0,72145.0,16579.0,20101.5,19886.0,15578.5,11184.0,3804.5,1104.0,1182.5,5093.0,2380.5,950.5,110.5,475.5,844.0,18271.5,847.0,1833.5,9369.0,6222.0,27.0,2.0,3.5,14.5,7.0,0.0,0.0,0.0,0
P032,2013-04-26 00:00:00-04:00,6563.7593,393.3527,1446.7072,2967.8015,1755.8978,6.0,1.5,2.5,3.0,3.5,34556.5,12578.0,10178.0,6657.0,5143.5,10479.5,2757.5,917.5,1733.5,5071.0,676.5,18.0,10.5,421.5,226.5,73109.0,18324.0,20436.5,18933.5,15415.0,11156.0,2775.5,928.0,2155.0,5297.5,2104.0,494.5,231.5,508.0,870.0,33216.5,0.0,3849.0,14547.0,14820.5,31.5,0.0,2.0,17.0,12.5,0.0,0.0,0.0,0
P032,2013-04-27 00:00:00-04:00,6188.2847,309.62772,1375.1945,2751.0989,1752.3634,5.6666665,1.3333334,2.6666667,3.0,3.6666667,31655.666,8399.333,7310.0,7103.0,8843.333,10391.667,1838.3334,968.0,2034.0,5551.3335,847.6667,12.0,78.333336,313.0,444.33334,72436.664,19396.0,20269.334,18688.0,14083.333,11239.333,1850.3334,1046.3334,2347.0,5995.6665,2546.3333,329.66666,245.0,521.0,1450.6666,35810.668,1307.6666,3733.0,14638.333,16131.667,31.333334,2.0,4.0,14.0,11.333333,6.351389,49.213333,116.6,0
P032,2013-04-28 00:00:00-04:00,5029.033,404.21893,1072.8029,2487.6375,1064.374,5.6666665,1.6666666,2.6666667,3.0,3.3333333,50123.668,14414.0,13252.0,11818.0,10639.667,8007.3335,379.33334,806.0,1908.0,4914.0,559.6667,3.3333333,71.333336,185.0,300.0,75226.336,21107.666,20348.334,18855.666,14914.667,8567.0,382.66666,877.3333,2093.0,5214.0,2072.3333,15.333333,247.0,514.6667,1295.3334,37776.668,1882.3334,5247.0,14031.333,16616.0,39.333332,2.6666667,7.0,15.333333,14.333333,6.351389,49.213333,116.6,0
P032,2013-04-29 00:00:00-04:00,12636.004,569.8326,1180.7701,1344.3196,9541.081,6.3333335,2.3333333,2.6666667,3.0,3.6666667,49936.668,11289.0,9756.667,13458.0,15433.0,6236.3335,551.6667,660.0,1703.0,3321.6667,614.6667,67.666664,139.0,47.666668,360.33334,75213.336,20745.334,20299.0,18732.666,15436.333,6851.0,619.3333,799.0,1750.6666,3682.0,3288.0,18.666666,248.66667,851.6667,2169.0,28662.334,4784.6665,3965.0,9029.0,10883.667,36.0,7.0,7.3333335,11.0,10.666667,6.351389,49.213333,116.6,0
P032,2013-04-30 00:00:00-04:00,11611.749,555.91364,968.4512,843.24677,9244.138,6.3333335,2.3333333,2.6666667,3.3333333,3.3333333,49552.0,11466.667,11329.333,15571.333,11184.667,3947.6667,551.6667,524.6667,1231.0,1640.3334,406.66666,67.666664,179.66667,86.333336,73.0,77663.0,20563.0,20232.666,18829.0,18038.334,4354.3335,619.3333,704.3333,1317.3334,1713.3334,2665.3333,18.666666,165.66667,888.6667,1592.3334,22494.0,5215.5,4197.0,6133.0,6948.5,38.5,7.5,7.0,12.5,11.5,7.665,33.27778,111.17333,1
P032,2013-05-01 00:00:00-04:00,12608.134,350.7557,1538.8295,1338.2522,9380.296,6.6666665,1.6666666,3.3333333,4.0,3.0,38703.668,11466.667,9727.667,9294.667,8214.667,6365.3335,172.33333,684.3333,2181.3333,3327.3333,695.6667,64.333336,261.66666,97.666664,272.0,74342.664,21030.0,19834.0,17814.334,15664.333,7061.0,236.66667,946.0,2279.0,3599.3333,3320.0,3.3333333,364.33334,935.3333,2017.0,12559.0,8707.0,3852.0,0.0,0.0,18.0,13.0,5.0,0.0,0.0,7.665,33.27778,111.17333,0
P032,2013-05-02 00:00:00-04:00,3886.6882,258.13095,1238.7925,1378.1427,1011.6221,6.3333335,1.6666666,3.3333333,4.3333335,3.0,39663.668,14591.667,14244.0,8123.6665,2704.3333,6951.3335,952.0,708.6667,1918.0,3372.6667,701.3333,67.666664,262.33334,92.0,279.33334,74491.664,19880.0,19720.0,18150.334,16741.334,7652.6665,1019.6667,971.0,2010.0,3652.0,2226.6667,260.66666,285.33334,650.0,1030.6666,0.0,0.0,0.0,0.0,0.0,0.0,0.0,0.0,0.0,0.0,7.665,33.27778,111.17333,0
P032,2013-05-03 00:00:00-04:00,7160.3105,296.742,1624.559,4195.628,1043.3818,7.0,1.6666666,3.3333333,4.6666665,2.6666667,38469.668,14400.0,12905.667,3355.6667,7808.3335,7640.0,952.0,859.6667,2397.0,3431.3333,658.0,67.666664,154.0,91.0,345.33334,73660.0,20070.334,19736.666,17425.0,16428.0,8298.0,1019.6667,1013.6667,2488.0,3776.6667,2818.6667,260.66666,428.0,1104.3334,1025.6666,0.0,0.0,0.0,0.0,0.0,0.0,0.0,0.0,0.0,0.0,7.4497223,30.513334,106.68667,0
P032,2013-05-06 00:00:00-04:00,6990.854,285.308,2215.4697,3390.9382,1099.1378,8.0,1.0,4.0,4.0,4.0,28311.0,3808.0,5123.0,5175.0,14205.0,3419.0,2.0,1130.0,1568.0,719.0,2093.0,0.0,0.0,1848.0,245.0,70856.0,20370.0,19494.0,17775.0,13217.0,5512.0,2.0,1130.0,3416.0,964.0,739.0,187.0,244.0,272.0,36.0,19963.0,1433.0,4729.0,7231.0,6570.0,34.0,3.0,4.0,13.0,14.0,0.0,0.0,0.0,0
P032,2013-05-07 00:00:00-04:00,5620.3916,394.76355,1580.6063,2050.6003,1594.4214,7.5,1.5,3.5,3.5,4.0,23664.5,4354.5,4371.5,3373.5,11565.0,5081.5,1323.5,924.0,1145.0,1689.0,1207.0,13.0,119.0,932.0,143.0,72628.0,18832.5,19629.0,18646.5,15520.0,6288.5,1336.5,1043.0,2077.0,1832.0,1452.0,595.5,226.5,450.5,179.5,24300.5,2460.0,3751.5,8264.0,9825.0,36.0,2.5,4.0,13.5,16.0,6.383611,51.75778,119.40222,0
P032,2013-05-08 00:00:00-04:00,5142.217,432.04175,1686.7579,1778.0166,1245.4005,7.3333335,2.0,3.6666667,3.3333333,3.3333333,18023.0,2917.6667,4632.6665,2273.3333,8199.333,5199.6665,987.0,964.0,995.3333,2253.3333,1095.3334,9.666667,124.666664,796.3333,164.66667,73917.336,19401.666,19629.666,18891.666,15994.333,6295.0,996.6667,1088.6666,1791.6666,2418.0,1154.3334,397.66666,167.0,378.33334,211.33333,24101.0,2204.3333,3754.3333,7282.3335,10860.0,34.0,2.3333333,4.6666665,12.666667,14.333333,6.488611,46.557777,115.04222,0
P032,2013-05-09 00:00:00-04:00,3783.9592,604.94006,1231.4174,861.947,1085.6548,6.0,2.3333333,3.0,3.0,2.6666667,9394.333,1878.0,3238.6667,743.3333,3534.3333,4793.0,986.3333,664.6667,803.0,2339.0,627.6667,9.666667,124.666664,261.0,232.33333,76334.0,19544.0,19906.666,19116.334,17767.0,5420.6665,996.0,789.3333,1064.0,2571.3333,1567.0,335.33334,157.0,634.0,440.66666,23826.666,1726.6666,3230.3333,9385.667,9484.0,33.666668,1.3333334,6.3333335,13.0,13.0,6.488611,46.557777,115.04222,0
P032,2013-05-10 00:00:00-04:00,6994.6665,490.36362,3171.1824,2045.0908,1288.03,6.3333335,2.0,3.3333333,4.0,2.6666667,5822.0,257.33334,4104.0,901.3333,559.3333,5005.6665,122.0,949.3333,1291.3334,2643.0,856.3333,1.0,196.0,362.0,297.33334,75987.0,20582.0,19276.334,18396.0,17732.666,5862.0,123.0,1145.3334,1653.3334,2940.3333,1500.3334,72.333336,311.66666,761.0,355.33334,24207.0,1011.3333,4689.3335,10925.333,7581.0,33.666668,1.3333334,9.333333,14.666667,8.333333,6.5936112,41.357777,110.68222,0
P032,2013-05-12 00:00:00-04:00,5391.208,129.68765,2397.0015,1631.0328,1233.486,4.6666665,0.6666667,2.0,2.6666667,2.6666667,39366.668,7279.6665,9282.0,11857.333,10947.667,4950.0,19.333334,1049.3334,1832.6666,2048.6667,899.6667,0.0,402.66666,329.0,168.0,69954.664,21189.0,17343.0,12276.0,19146.666,5849.6665,19.333334,1452.0,2161.6667,2216.6667,9571.0,71.666664,2425.6667,6886.6665,187.0,26594.666,470.66666,5547.0,14366.0,6211.0,31.333334,1.0,9.666667,17.0,3.6666667,0.0,0.0,0.0,0
P032,2013-05-13 00:00:00-04:00,1586.7056,174.54735,446.63205,522.2067,443.31943,3.3333333,0.6666667,1.6666666,2.0,2.0,57997.0,14466.667,14410.0,14513.667,14606.667,3487.0,2.0,1084.3334,1422.6666,978.0,661.0,0.0,325.0,228.66667,107.333336,72458.664,21516.334,17726.334,13136.333,20079.666,4148.0,2.0,1409.3334,1651.3334,1085.3334,9156.0,0.0,2296.3333,6629.0,230.66667,23227.666,23.666666,4981.6665,12367.0,5855.3335,29.333334,0.33333334,7.6666665,15.666667,5.6666665,0.0,0.0,0.0,0
P032,2013-05-14 00:00:00-04:00,2567.2856,155.47159,601.0431,1151.281,659.4898,4.6666665,0.6666667,2.0,3.3333333,3.0,64014.0,21600.0,21600.0,11959.333,8854.667,3538.0,2.0,1249.6666,1094.3334,1192.0,630.3333,0.0,175.66667,317.66666,137.0,75812.336,21343.334,17593.334,17275.0,19600.666,4168.3335,2.0,1425.3334,1412.0,1329.0,4905.6665,0.0,2186.0,2487.3333,232.33333,19733.0,23.666666,4780.0,9074.0,5855.3335,26.0,0.33333334,8.333333,11.666667,5.6666665,0.0,0.0,0.0,0
P032,2013-05-16 00:00:00-04:00,3469.8315,271.29324,736.52966,1732.3413,729.66724,5.0,1.0,2.0,3.6666667,2.6666667,45447.668,21597.334,18113.334,1421.0,4316.0,6228.6665,0.0,923.3333,2660.6667,2644.6667,1968.6666,0.0,96.0,998.0,874.6667,74181.0,20901.0,19416.666,16808.0,17055.334,8197.333,0.0,1019.3333,3658.6667,3519.3333,1691.3334,0.0,524.6667,643.0,523.6667,3712.0,0.0,2319.0,1393.0,0.0,9.0,0.0,5.0,4.0,0.0,0.0,0.0,0.0,0
P032,2013-05-19 00:00:00-04:00,0.0,0.0,0.0,0.0,0.0,0.0,0.0,0.0,0.0,0.0,23497.0,8366.5,477.5,228.0,14425.0,8209.5,0.0,912.5,5872.0,1425.0,1302.0,0.0,393.0,543.0,366.0,60644.0,13239.5,19699.0,14013.0,13692.5,9511.5,0.0,1305.5,6415.0,1791.0,1799.5,0.0,410.5,893.0,496.0,29111.0,181.0,6435.0,13350.0,9145.0,27.0,2.0,1.0,15.0,9.0,7.7019444,44.6,122.791115,0
P032,2013-05-20 00:00:00-04:00,0.0,0.0,0.0,0.0,0.0,0.0,0.0,0.0,0.0,0.0,35275.0,19080.5,6962.0,275.0,8957.5,1815.0,0.0,419.0,707.5,688.5,498.5,0.0,125.5,359.0,14.0,72117.5,13034.5,20440.0,19955.0,18688.0,2313.5,0.0,544.5,1066.5,702.5,2397.0,0.0,315.0,259.0,1823.0,26475.0,90.5,4473.0,10500.0,11411.5,38.5,1.0,3.0,18.0,16.5,0.0,0.0,0.0,0
P032,2013-05-21 00:00:00-04:00,0.0,0.0,0.0,0.0,0.0,0.0,0.0,0.0,0.0,0.0,34120.668,12952.0,7815.3335,3347.3333,10006.0,2210.3333,72.0,748.3333,694.6667,695.3333,578.0,0.0,83.666664,251.33333,243.0,74364.336,15410.333,19999.0,20022.666,18932.334,2788.3333,72.0,832.0,946.0,938.3333,1911.0,170.66667,343.33334,177.33333,1219.6666,25779.0,1704.3334,5114.0,8976.667,9984.0,40.0,2.3333333,4.0,16.333334,17.333334,5.6630554,44.96,106.84,0
P032,2013-05-22 00:00:00-04:00,0.0,0.0,0.0,0.0,0.0,0.0,0.0,0.0,0.0,0.0,33900.668,7997.3335,9927.333,6024.3335,9951.667,2761.0,152.66667,898.3333,820.6667,889.3333,1159.3334,2.6666667,424.33334,330.33334,402.0,77517.0,20577.0,19184.666,19552.334,18203.0,3920.3333,155.33333,1322.6666,1151.0,1291.3334,2134.0,176.0,420.0,186.66667,1351.3334,28935.666,1751.6666,5309.0,8881.0,12994.0,47.333332,2.0,7.0,19.0,19.333334,5.6630554,44.96,106.84,0
P032,2013-05-23 00:00:00-04:00,0.0,0.0,0.0,0.0,0.0,0.0,0.0,0.0,0.0,0.0,27242.334,843.3333,5460.6665,7795.0,13143.333,5663.0,156.0,1380.3334,1264.0,2862.6667,2210.0,2.6666667,1099.3334,550.3333,557.6667,72790.336,20474.334,17865.0,18547.666,15903.333,7873.0,158.66667,2479.6667,1814.3334,3420.3333,2479.6667,176.0,480.0,419.66666,1404.0,33715.668,1987.3334,5682.3335,12125.667,13920.333,46.0,2.3333333,8.666667,19.0,16.0,7.488472,40.421112,116.90444,0
P032,2013-05-24 00:00:00-04:00,0.0,0.0,0.0,0.0,0.0,0.0,0.0,0.0,0.0,0.0,43463.0,7811.6665,9486.667,11831.0,14333.667,8221.0,84.0,930.6667,1716.6666,5489.6665,2657.3333,2.6666667,1171.0,813.3333,670.3333,63296.0,20598.334,12554.333,17739.0,12404.333,10878.333,86.666664,2101.6667,2530.0,6160.0,3012.0,5.3333335,350.0,504.66666,2152.0,39005.668,625.6667,4858.3335,15380.0,18141.666,43.0,1.3333334,8.0,19.666666,14.0,9.313889,35.88222,126.96889,0
P032,2013-05-25 00:00:00-04:00,0.0,0.0,0.0,0.0,0.0,0.0,0.0,0.0,0.0,0.0,62388.332,14446.0,14558.333,15331.0,18053.0,9773.0,416.66666,832.6667,2435.3333,6088.3335,2288.6667,150.33333,751.0,736.0,651.3333,62323.668,20090.666,13313.0,16998.666,11921.333,12061.667,567.0,1583.6666,3171.3333,6739.6665,2670.3333,11.333333,72.0,564.3333,2022.6666,39851.668,3155.0,3809.3333,16368.333,16519.0,44.333332,4.0,6.0,18.666666,15.666667,9.313889,35.88222,126.96889,0
P032,2013-05-27 00:00:00-04:00,0.0,0.0,0.0,0.0,0.0,0.0,0.0,0.0,0.0,0.0,73472.0,21600.0,21600.0,16864.334,13407.667,9261.667,429.66666,465.33334,4390.6665,3976.0,1925.0,215.0,381.33334,761.0,567.6667,68958.664,20341.666,20065.666,14149.0,14402.333,11186.667,644.6667,846.6667,5151.6665,4543.6665,3835.3333,11.333333,73.0,1650.0,2101.0,33294.0,2734.3333,4723.6665,14070.333,11765.667,30.333334,3.6666667,4.6666665,8.666667,13.333333,0.0,0.0,0.0,1
P032,2013-05-28 00:00:00-04:00,0.0,0.0,0.0,0.0,0.0,0.0,0.0,0.0,0.0,0.0,70983.0,21600.0,19168.334,17735.334,12479.333,8573.333,162.66667,910.0,4084.6667,3416.0,2429.3333,73.333336,690.0,860.3333,805.6667,69749.664,20897.666,19307.334,14583.333,14961.333,11002.667,236.0,1600.0,4945.0,4221.6665,4353.3335,143.0,359.33334,1703.0,2148.0,34931.332,2387.0,5281.3335,14241.0,13022.0,28.333334,2.3333333,7.3333335,6.0,12.666667,0.0,0.0,0.0,0
P032,2013-05-29 00:00:00-04:00,0.0,0.0,0.0,0.0,0.0,0.0,0.0,0.0,0.0,0.0,68108.336,21600.0,17323.0,14464.0,14721.333,7588.0,579.0,1692.6666,2075.3333,3241.0,2195.6667,156.66667,972.0,428.0,639.0,74927.0,20570.334,18492.666,18566.666,17297.334,9783.667,735.6667,2664.6667,2503.3333,3880.0,1396.3334,248.33333,380.0,445.33334,322.66666,37293.668,7706.6665,6668.6665,6854.0,16064.333,33.333332,6.0,10.0,6.6666665,10.666667,0.0,0.0,0.0,0
P032,2013-05-30 00:00:00-04:00,0.0,0.0,0.0,0.0,0.0,0.0,0.0,0.0,0.0,0.0,66460.664,21600.0,17323.0,16226.667,11311.0,6397.0,676.0,1573.0,1152.3334,2995.6667,2062.3333,239.33333,676.6667,284.33334,862.0,75808.0,20206.0,18834.334,19633.0,17134.666,8459.333,915.3333,2249.6667,1436.6666,3857.6667,1261.6666,343.33334,315.66666,274.33334,328.33334,33899.332,8197.333,5684.3335,8670.667,11347.0,30.0,6.0,8.666667,8.0,7.3333335,0.0,0.0,0.0,0
P032,2013-05-31 00:00:00-04:00,0.0,0.0,0.0,0.0,0.0,0.0,0.0,0.0,0.0,0.0,41796.0,14414.333,12578.667,9187.0,5616.0,5206.3335,529.6667,879.3333,810.3333,2987.0,1869.6666,230.66667,676.6667,257.66666,704.6667,76084.664,20319.666,19477.666,19642.334,16645.0,7076.0,760.3333,1556.0,1068.0,3691.6667,1097.3334,200.33333,170.66667,434.33334,292.0,27833.5,8861.5,5753.5,4736.0,8482.5,21.5,6.5,7.0,6.0,2.0,7.461389,33.76889,110.03555,0
P033,2013-03-29 00:00:00-04:00,4458.753,160.8262,1839.4728,1437.1798,1021.27386,6.0,1.0,2.0,4.5,3.0,45190.5,1405.0,7200.5,21600.0,14985.0,5487.0,240.5,997.0,2428.0,1821.5,657.5,0.0,446.5,100.0,111.0,75645.0,20534.0,19105.0,17731.5,18274.5,6144.5,240.5,1443.5,2528.0,1932.5,2122.0,209.5,437.0,709.0,766.5,5829.0,90.5,35.0,1354.0,4349.5,3.0,0.5,0.5,1.0,1.0,6.44625,51.77111,112.001114,0
P033,2013-03-30 00:00:00-04:00,3634.6992,136.07153,1490.0974,1280.7555,727.7747,5.0,1.0,1.6666666,4.0,2.3333333,38210.0,1916.0,6000.0,17158.0,13136.0,4752.0,164.66667,781.3333,2590.6667,1215.3334,445.33334,0.0,300.33334,71.0,74.0,76819.0,20581.334,19583.334,17658.334,18996.0,5197.3335,164.66667,1081.6666,2661.6667,1289.3334,1777.3334,223.33333,291.33334,615.6667,647.0,7289.0,60.333332,23.333334,4238.3335,2967.0,4.6666665,0.33333334,0.33333334,2.6666667,1.3333334,6.2975,55.628147,114.66815,0
P033,2013-03-31 00:00:00-04:00,3544.4807,145.81064,1314.1998,1290.0057,794.46466,5.0,1.0,2.3333333,3.6666667,2.3333333,37100.668,4048.0,7265.6665,14681.0,11106.0,4674.6665,111.333336,1007.0,2466.0,1090.3334,502.33334,0.0,270.66666,83.333336,148.33333,76116.336,20419.666,19214.334,17460.666,19021.666,5177.0,111.333336,1277.6666,2549.3333,1238.6666,2218.6667,368.66666,395.0,855.3333,599.6667,14560.333,131.0,2128.0,6128.3335,6173.0,10.0,0.6666667,1.6666666,4.6666665,3.0,5.9682407,52.92889,109.334816,1
P033,2013-04-01 00:00:00-04:00,3540.3418,279.1373,1369.8673,975.3655,915.9716,5.0,1.3333334,2.3333333,3.3333333,2.3333333,36530.0,4645.6665,7265.6665,12059.667,12559.0,5356.6665,275.0,1339.3334,2138.0,1604.3334,337.0,0.0,88.666664,163.33333,85.0,74649.336,20090.334,18622.0,17589.0,18348.0,5693.6665,275.0,1428.0,2301.3333,1689.3334,2908.3333,452.0,740.0,866.0,850.3333,17996.334,302.66666,3576.6667,8812.333,5304.6665,16.333334,1.6666666,4.0,6.6666665,4.0,5.5046296,56.63778,109.334816,0
P033,2013-04-02 00:00:00-04:00,3488.4072,283.95493,1123.7356,679.9152,1400.8014,5.0,1.3333334,2.3333333,2.6666667,3.0,38818.0,5129.3335,6624.6665,10451.0,16613.0,5236.6665,270.66666,1222.6666,1166.0,2577.3333,340.33334,0.0,86.0,159.0,95.333336,75541.336,20348.666,18920.666,18865.334,17406.666,5577.0,270.66666,1308.6666,1325.0,2672.6667,2772.3333,380.0,740.0,723.0,929.3333,20826.334,806.6667,3603.3333,5476.6665,10939.667,16.666666,2.3333333,4.3333335,4.6666665,5.3333335,4.988611,62.808887,111.37778,0
P033,2013-04-03 00:00:00-04:00,3386.912,280.0289,1718.3204,336.5858,1051.9768,4.3333335,1.3333334,2.3333333,2.3333333,2.3333333,38263.668,5755.6665,8378.333,11257.333,12872.333,4511.3335,249.0,1461.0,705.6667,2095.6667,232.0,63.666668,67.333336,80.0,21.0,78001.664,20677.666,19009.666,19877.666,18436.666,4743.3335,312.66666,1528.3334,785.6667,2116.6667,1670.0,148.33333,568.3333,387.66666,565.6667,16212.667,675.6667,2679.6667,5123.6665,7733.6665,13.666667,1.6666666,4.0,4.3333335,3.6666667,3.4524074,64.17778,100.45704,0
P033,2013-04-04 00:00:00-04:00,3210.0686,104.60725,1265.7886,747.7999,1091.8729,4.0,1.0,2.0,2.6666667,2.3333333,37923.0,6028.6665,5978.6665,13878.667,12037.0,3224.0,156.33333,580.0,775.3333,1712.3334,385.33334,63.666668,224.66667,86.666664,10.333333,80050.336,20813.334,20295.666,19968.666,18972.666,3609.3333,220.0,804.6667,862.0,1722.6666,801.3333,207.33333,59.666668,231.66667,302.66666,12036.333,564.6667,1231.0,3956.3333,6284.3335,10.666667,1.0,1.6666666,4.6666665,3.3333333,4.595741,60.363705,105.78963,0
P033,2013-04-05 00:00:00-04:00,4491.3413,97.95548,1980.8542,1592.1018,820.42993,5.0,1.0,3.3333333,3.6666667,2.0,42555.668,4734.3335,9411.0,17983.0,10427.333,4224.6665,159.0,1315.6666,1681.6666,1068.3334,398.0,63.666668,236.33333,89.333336,8.666667,77746.0,20556.666,19270.334,18443.334,19475.666,4622.6665,222.66667,1552.0,1771.0,1077.0,1129.0,195.66667,84.0,609.6667,239.66667,16493.666,60.666668,4856.0,10792.333,784.6667,16.0,0.33333334,6.3333335,7.0,2.3333333,5.0374074,44.12,93.07926,0
P033,2013-04-06 00:00:00-04:00,4051.3545,81.94825,1185.1364,1693.5585,1090.7113,4.6666665,1.0,2.6666667,3.3333333,2.6666667,57240.332,7931.6665,12391.0,19653.666,17264.0,4332.0,159.0,765.6667,1672.3334,1735.0,267.0,0.0,169.0,89.333336,8.666667,77333.664,20395.666,19724.334,18397.666,18816.0,4599.0,159.0,934.6667,1761.6666,1743.6666,1210.3334,214.0,26.333334,629.6667,340.33334,18248.0,117.666664,3964.3333,9458.333,4707.6665,17.0,0.6666667,5.3333335,6.0,5.0,6.79,41.02,104.0,0
P033,2013-04-07 00:00:00-04:00,3239.9468,72.956215,782.528,1159.5029,1224.9598,4.3333335,1.0,2.3333333,2.3333333,3.0,59922.332,9240.667,12757.667,19653.666,18270.334,4016.0,67.0,805.3333,1193.0,1950.6666,23.0,0.0,11.666667,2.6666667,8.666667,78962.664,20752.666,19886.0,19415.334,18908.666,4039.0,67.0,817.0,1195.6666,1959.3334,1177.6666,135.33333,230.33333,481.0,331.0,19100.0,107.333336,4007.6667,8468.667,6516.3335,19.666666,0.6666667,5.6666665,6.3333335,7.0,6.3959723,42.95,102.77778,1
P033,2013-04-08 00:00:00-04:00,2824.8381,76.28212,842.2647,918.5214,987.76996,4.0,1.0,1.6666666,2.6666667,2.6666667,60081.332,9744.333,12482.0,20782.334,17072.666,3676.0,71.0,862.0,1111.3334,1631.6666,236.66667,0.0,161.66667,75.0,0.0,80799.664,20989.666,19986.334,20104.666,19719.0,3912.6667,71.0,1023.6667,1186.3334,1631.6666,729.6667,197.0,228.66667,122.333336,181.66667,16895.666,194.66667,3922.3333,6357.6665,6421.0,19.333334,1.0,5.3333335,6.3333335,6.6666665,7.015,52.775555,117.55556,1
P033,2013-04-09 00:00:00-04:00,2841.0388,84.107285,862.8698,681.9909,1212.0709,4.0,1.0,1.6666666,2.3333333,2.6666667,48296.332,5744.0,6100.3335,20027.0,16425.0,3632.6667,72.0,873.0,907.6667,1780.0,241.66667,0.6666667,161.66667,79.333336,0.0,81572.0,21387.666,20183.334,20422.334,19578.666,3874.3333,72.666664,1034.6666,987.0,1780.0,929.0,134.66667,376.33334,184.0,234.0,18289.334,299.33334,3609.6667,7723.3335,6657.0,22.666666,1.6666666,5.0,9.666667,6.3333335,7.8105555,48.905556,120.05,1
P033,2013-04-10 00:00:00-04:00,3244.4058,89.19464,863.4246,1273.1714,1018.61505,4.3333335,1.0,1.6666666,3.6666667,2.3333333,53291.0,7338.0,11733.667,18337.0,15882.333,4070.3333,20.0,807.0,1792.6666,1450.6666,327.33334,0.6666667,161.66667,161.66667,3.3333333,80539.0,21441.334,20217.666,19285.0,19595.0,4397.6665,20.666666,968.6667,1954.3334,1454.0,1400.3334,133.0,406.66666,345.66666,515.0,23484.0,450.0,3566.3333,12474.667,6993.0,23.666666,2.6666667,4.6666665,11.333333,5.0,4.2868056,41.253334,84.20778,0
P033,2013-04-11 00:00:00-04:00,2829.7312,86.29309,489.0271,975.877,1278.534,4.0,1.0,1.3333334,2.6666667,3.0,53041.0,7388.0,10678.333,17227.666,17747.0,3867.3333,13.333333,401.0,1472.0,1981.0,101.666664,0.6666667,0.0,86.666664,14.333333,80303.664,21449.0,20662.0,19399.666,18793.0,3969.0,14.0,401.0,1558.6666,1995.3334,1777.0,72.333336,471.0,554.3333,679.3333,26400.666,386.0,884.3333,13488.667,11641.667,22.666666,2.6666667,2.0,12.333333,5.6666665,5.211759,42.54,92.89407,1
P033,2013-04-12 00:00:00-04:00,2884.2327,79.38123,483.2107,1306.419,1015.22174,4.6666665,1.0,1.3333334,4.0,2.6666667,53885.0,6618.3335,13895.333,15073.333,18298.0,4190.0,76.666664,398.66666,2151.0,1563.6666,99.666664,0.0,0.0,85.333336,14.333333,79948.0,21294.334,20720.0,18754.334,19179.334,4289.6665,76.666664,398.66666,2236.3333,1578.0,1421.6666,74.666664,325.66666,421.0,600.3333,23822.334,224.33333,938.0,14989.0,7671.0,21.333334,1.6666666,2.6666667,13.0,4.0,3.8578703,41.857037,81.38,0
P033,2013-04-13 00:00:00-04:00,1840.5859,84.41348,478.80286,716.9593,560.41034,3.3333333,1.0,1.3333334,2.6666667,2.0,44635.0,2909.3333,6698.6665,14466.333,20560.666,2740.6667,128.0,395.0,1278.6666,939.0,14.0,0.0,0.0,3.0,11.0,81760.0,21202.334,20861.666,19704.0,19992.0,2754.6667,128.0,395.0,1281.6666,950.0,771.6667,14.333333,93.0,335.66666,328.66666,15848.333,97.333336,938.0,9741.0,5072.0,15.333333,0.6666667,2.6666667,9.0,3.0,7.0300927,48.96,113.86074,1
P033,2013-04-14 00:00:00-04:00,912.77576,76.106026,91.63041,405.63736,339.40195,2.6666667,1.0,1.0,2.3333333,1.6666666,45661.332,4016.0,4038.6667,16103.333,21503.334,1537.3334,140.33333,8.666667,925.3333,463.0,6.3333335,0.0,0.0,3.0,3.3333333,81718.0,21123.0,21267.666,18649.0,20678.334,1543.6666,140.33333,8.666667,928.3333,466.33334,395.0,13.333333,6.0,200.0,175.66667,4778.0,144.66667,53.666668,4162.6665,417.0,10.333333,0.6666667,0.6666667,6.6666665,2.3333333,7.0221295,55.579258,120.4163,0
P033,2013-04-15 00:00:00-04:00,1833.1432,86.28947,796.64343,615.58624,334.6241,3.0,1.0,1.6666666,2.0,1.6666666,52644.332,9216.0,4446.3335,18365.0,20617.0,2373.3333,141.33333,553.0,777.0,902.0,368.66666,0.0,142.33333,223.0,3.3333333,80133.336,21099.0,20394.0,18469.334,20171.0,2742.0,141.33333,695.3333,1000.0,905.3333,886.6667,70.0,215.33333,326.33334,275.0,11136.333,238.66667,2432.3333,3745.0,4720.3335,12.333333,1.3333334,2.0,3.0,6.0,8.260972,61.875557,136.62334,1
P033,2013-04-16 00:00:00-04:00,2547.2478,334.60373,798.5853,612.7511,801.30756,3.6666667,1.6666666,1.6666666,2.0,2.0,64776.332,12977.0,11643.0,20662.0,19494.334,3451.3333,685.3333,553.0,700.0,1513.0,384.66666,3.3333333,142.33333,223.0,16.0,78500.0,20171.0,20367.666,18519.0,19442.334,3836.0,688.6667,695.3333,923.0,1529.0,1334.3334,455.33334,213.66667,311.66666,353.66666,16892.666,1657.3334,2432.3333,3738.3333,9064.667,16.666666,3.3333333,2.0,3.0,8.333333,3.6991668,45.20889,83.46222,1
P033,2013-04-17 00:00:00-04:00,3864.4426,385.13632,1507.1448,957.4638,1014.69775,5.3333335,2.0,2.3333333,3.0,2.3333333,67818.0,12481.0,15447.667,20395.0,19494.334,4904.3335,673.0,1388.3334,948.3333,1894.6666,462.0,3.3333333,198.33333,228.33333,32.0,77321.664,20155.334,19211.0,19614.334,18341.0,5366.3335,676.3333,1586.6666,1176.6666,1926.6666,2221.0,455.33334,441.66666,400.66666,923.3333,27299.0,1690.6666,3558.6667,6350.3335,15699.333,22.333334,3.6666667,3.6666667,4.0,11.0,0.8952778,35.985554,51.807777,0
P033,2013-04-18 00:00:00-04:00,3850.436,593.20056,1161.3555,1034.951,1060.9288,5.0,2.3333333,1.6666666,3.0,2.6666667,55875.332,8598.0,12204.333,16511.334,18561.666,4392.0,928.6667,849.6667,992.6667,1621.0,356.33334,6.0,254.0,63.666668,32.666668,77518.0,19750.0,19775.0,19626.0,18367.0,4748.3335,934.6667,1103.6666,1056.3334,1653.6666,2123.6667,464.66666,230.66667,388.66666,1039.6666,24409.334,1596.6666,1163.3334,6271.0,15378.333,18.333334,3.0,2.0,4.6666665,8.666667,2.8483334,43.092594,74.53926,1
P033,2013-04-19 00:00:00-04:00,3711.1106,341.16287,1152.3065,1361.7947,855.84644,6.0,1.6666666,1.6666666,4.3333335,3.0,51639.668,8098.0,8793.333,16511.334,18237.0,4307.6665,351.33334,849.6667,1750.0,1356.6666,663.0,2.6666667,257.33334,224.66667,178.33333,76984.0,20583.0,19650.666,18313.666,18436.666,4970.6665,354.0,1107.0,1974.6666,1535.0,1935.6666,84.0,236.0,655.3333,960.3333,24691.0,177.66667,1163.3334,11915.667,11434.333,17.0,1.0,2.0,7.6666665,6.3333335,3.3148148,61.697037,96.87556,0
P033,2013-04-20 00:00:00-04:00,2396.651,304.11102,443.27203,1046.5847,602.6831,4.0,1.3333334,1.0,3.3333333,2.3333333,56000.332,13965.0,12188.667,14543.333,15303.333,2795.6667,430.33334,14.333333,1424.0,927.0,582.3333,2.6666667,201.33333,219.33333,159.0,78526.0,20192.0,20636.334,18498.666,19199.0,3378.0,433.0,215.66667,1643.3334,1086.0,1473.3334,262.33334,8.0,681.3333,521.6667,14164.0,161.33333,37.0,9190.0,4775.6665,10.333333,0.6666667,0.33333334,6.0,3.3333333,4.257222,69.28333,112.001114,1
P033,2013-04-21 00:00:00-04:00,1861.3217,99.38138,73.963684,681.5729,1006.4036,3.6666667,1.0,1.0,2.6666667,2.3333333,57972.0,14294.333,10989.0,16632.334,16056.333,2319.0,246.66667,0.0,1102.3334,970.0,468.33334,0.0,3.3333333,239.33333,225.66667,78550.664,20203.0,20726.0,18582.666,19039.0,2787.3333,246.66667,3.3333333,1341.6666,1195.6666,1549.6666,316.0,5.3333335,776.6667,451.66666,9383.0,191.66667,0.0,6380.6665,2810.6667,9.0,1.0,0.0,5.0,3.0,4.3268056,80.431114,123.70556,0
P033,2013-04-22 00:00:00-04:00,1876.4456,97.75022,98.88986,466.01736,1213.7882,3.3333333,1.3333334,1.3333334,2.0,2.0,56511.332,14354.667,9316.667,16632.334,16207.667,2795.0,458.66666,0.0,517.0,1819.3334,376.33334,76.666664,0.0,146.33333,153.33333,77633.336,19796.666,20620.334,19107.666,18108.666,3171.3333,535.3333,0.0,663.3333,1972.6666,1711.3334,325.66666,15.0,844.6667,526.0,14624.667,3360.0,282.0,3965.0,7017.6665,12.666667,2.0,0.6666667,6.3333335,3.6666667,6.893611,79.60222,143.41112,0
P033,2013-04-24 00:00:00-04:00,2336.6638,356.00403,87.78621,776.7285,1116.145,3.6666667,2.0,1.3333334,2.6666667,2.0,61961.0,16698.666,7091.6665,19099.334,19071.334,4559.6665,1183.3334,77.333336,953.3333,2345.6667,240.0,81.666664,0.0,68.0,90.333336,78042.0,19475.666,21161.334,18997.0,18408.0,4799.6665,1265.0,77.333336,1021.3333,2436.0,1860.3334,222.66667,18.333334,1223.0,396.33334,19903.0,3692.3333,282.0,5845.0,10083.667,19.0,2.6666667,0.6666667,9.666667,6.0,7.6041665,66.50667,136.0,0
P033,2013-04-25 00:00:00-04:00,2070.062,346.947,64.5214,715.6812,942.9125,3.3333333,1.6666666,1.0,2.3333333,2.6666667,57219.0,18050.334,6175.0,16644.666,16349.0,3520.6667,1038.6666,77.333336,861.0,1543.6666,147.0,5.0,0.0,67.333336,74.666664,80845.336,19979.0,21516.0,19836.666,19513.666,3667.6667,1043.6666,77.333336,928.3333,1618.3334,1564.6666,271.0,3.3333333,830.0,460.33334,12495.667,534.3333,0.0,3096.0,8865.333,17.666666,1.6666666,0.0,8.0,8.0,7.6041665,66.50667,136.0,0
P033,2013-04-26 00:00:00-04:00,3063.0962,570.65424,764.20544,1014.5009,713.7355,4.6666665,2.3333333,1.6666666,3.3333333,2.3333333,54191.0,16848.0,6000.0,16645.0,14698.0,5631.6665,1252.0,723.0,1714.6666,1942.0,208.0,0.0,0.0,69.666664,138.33333,78514.0,20152.0,20867.0,18935.334,18559.666,5839.6665,1252.0,723.0,1784.3334,2080.3333,1975.6666,188.0,0.0,861.0,926.6667,21846.666,527.3333,1473.6666,8051.0,11794.667,24.666666,1.6666666,2.0,12.666667,8.333333,7.6041665,66.50667,136.0,0
P033,2013-04-27 00:00:00-04:00,3065.898,515.7697,1011.0245,661.95966,877.14417,4.3333335,2.0,2.3333333,2.6666667,2.3333333,59585.0,16109.0,8400.0,19145.334,15930.667,5881.6665,866.3333,1206.3334,1806.3334,2002.6666,480.0,0.0,0.0,281.66666,198.33333,77440.0,20557.334,20062.666,18618.666,18201.334,6361.6665,866.3333,1206.3334,2088.0,2201.0,2427.3333,132.0,282.0,849.6667,1163.6666,29601.334,114.0,3125.0,10085.0,16277.333,28.0,0.6666667,3.6666667,11.0,12.666667,5.22,61.58,112.0,0
P033,2013-04-28 00:00:00-04:00,3258.2808,509.65573,1018.4499,1154.1964,575.9789,4.0,2.0,2.3333333,3.0,1.3333334,61953.0,15549.0,9279.0,20314.666,16810.334,6512.3335,774.6667,1206.3334,2830.0,1701.3334,453.66666,0.0,0.0,325.66666,128.0,76589.336,20633.666,19979.334,17180.666,18795.666,6966.0,774.6667,1206.3334,3155.6667,1829.3334,2676.0,149.66667,365.33334,1220.3334,940.6667,33358.668,2461.0,3192.3333,12705.333,15000.0,29.666666,1.0,4.0,11.0,13.666667,4.2025,73.72,116.0,0
P033,2013-04-29 00:00:00-04:00,2873.5374,278.0016,308.05756,1215.1929,1072.2854,3.6666667,1.3333334,1.6666666,3.0,2.0,53671.0,12005.667,5679.0,20314.666,15671.667,4696.0,323.66666,488.0,2497.3333,1387.0,394.33334,0.0,0.0,330.0,64.333336,78966.336,20868.666,20702.666,17783.666,19611.334,5090.3335,323.66666,488.0,2827.3333,1451.3334,2216.0,366.66666,366.33334,960.3333,522.6667,24329.334,2538.6667,1718.6666,10520.333,9551.667,24.0,1.0,2.0,8.666667,12.333333,5.4257407,65.26741,117.333336,0
P033,2013-04-30 00:00:00-04:00,2185.2915,61.418022,59.91857,1000.02875,1063.9263,3.3333333,1.0,1.0,2.6666667,2.0,54988.0,14768.667,4233.0,20314.666,15671.667,4325.6665,19.666666,6.3333335,2281.0,2018.6666,514.0,0.0,0.0,119.0,395.0,79605.0,21176.334,21406.666,18504.0,18518.0,4839.6665,19.666666,6.3333335,2400.0,2413.6667,1849.6666,387.66666,168.66667,671.6667,621.6667,17906.0,2538.6667,185.0,6102.6665,9079.667,18.0,1.0,1.0,6.6666665,9.333333,5.528611,67.111115,120.0,0
P033,2013-05-01 00:00:00-04:00,2337.9902,75.297,56.394707,593.98785,1612.3105,4.3333335,1.0,1.0,3.0,3.0,56762.332,13952.333,6954.0,20242.666,15613.333,4388.0,489.33334,6.3333335,1401.6666,2490.6667,570.3333,79.0,0.0,7.6666665,483.66666,79146.664,20600.334,21445.334,19663.666,17437.334,4958.3335,568.3333,6.3333335,1409.3334,2974.3333,1560.3334,378.0,89.666664,304.33334,788.3333,15323.333,595.6667,165.0,5933.3335,8629.333,14.666667,2.0,1.3333334,5.6666665,5.6666665,5.6040277,54.50778,108.0,0
P033,2013-05-02 00:00:00-04:00,2086.38,97.740814,55.339867,347.3861,1585.9131,4.3333335,1.0,1.0,2.6666667,3.0,55003.332,15302.667,6353.6665,20045.0,13302.0,4498.0,549.3333,1.6666666,1131.6666,2815.3333,568.6667,79.0,0.0,1.0,488.66666,77735.0,20234.334,21089.666,19443.334,16967.666,5066.6665,628.3333,1.6666666,1132.6666,3304.0,1674.6666,323.66666,88.666664,503.33334,759.0,14969.667,535.0,165.0,3721.6667,10548.0,14.333333,2.0,1.3333334,4.0,7.0,4.063889,68.83,110.001114,0
P033,2013-05-03 00:00:00-04:00,2580.978,99.05544,101.109604,796.72363,1584.0894,5.3333335,1.0,1.0,3.6666667,3.0,50987.332,9496.667,12119.667,20045.0,9326.0,3931.6667,609.3333,83.333336,1132.3334,2106.6667,318.0,79.0,0.0,1.0,238.0,79175.336,20272.334,21105.0,19596.334,18201.666,4249.6665,688.3333,83.333336,1133.3334,2344.6667,1129.3334,237.33333,4.3333335,371.0,516.6667,17602.0,535.0,47.333332,6540.3335,10479.333,14.0,2.0,0.6666667,5.3333335,6.0,3.1033332,67.58074,101.067406,0
P033,2013-05-04 00:00:00-04:00,2522.4214,104.138016,439.89603,915.1555,1063.2319,4.3333335,1.0,1.6666666,3.0,2.3333333,49113.332,7971.3335,10919.667,20374.0,9848.333,3790.3333,199.0,502.33334,1463.3334,1625.6666,389.66666,0.0,78.0,95.333336,216.33333,79724.664,20864.0,20428.666,19219.334,19212.666,4180.0,199.0,580.3333,1558.6666,1842.0,1279.6666,172.66667,224.33333,521.6667,361.0,22071.0,84.0,2241.0,9777.667,9968.333,18.666666,0.6666667,2.6666667,7.6666665,7.6666665,2.9870834,71.04444,103.60111,0
P033,2013-05-05 00:00:00-04:00,2282.9531,84.554924,458.55316,1177.3411,562.50397,3.3333333,1.0,1.6666666,2.6666667,1.3333334,50464.332,9145.0,11519.667,18688.666,11111.0,3913.3333,128.0,502.33334,2063.0,1220.0,676.3333,0.0,78.0,243.66667,354.66666,80258.0,21456.334,20565.334,18609.334,19627.0,4589.6665,128.0,580.3333,2306.6667,1574.6666,1532.3334,10.0,448.33334,682.6667,391.33334,22074.0,37.0,2426.0,11150.333,8460.667,19.0,0.33333334,3.0,7.6666665,8.0,3.4756944,65.13556,101.60111,0
P033,2013-05-06 00:00:00-04:00,1231.1174,90.051575,395.47272,697.84576,47.747345,2.3333333,1.3333334,1.3333334,1.3333334,0.6666667,45506.668,10523.667,5940.0,16895.666,12147.333,4480.0,277.66666,726.0,2120.3333,1356.0,606.6667,0.0,78.0,316.66666,212.0,79209.664,21026.0,20017.334,18565.334,19601.0,5086.6665,277.66666,804.0,2437.0,1568.0,2002.3334,290.33334,756.3333,562.3333,393.33334,22592.0,134.66667,4655.0,11283.333,6519.0,26.666666,0.6666667,10.333333,8.0,7.6666665,5.7691665,65.18889,120.00222,0
P033,2013-05-07 00:00:00-04:00,873.09186,53.189793,34.646065,553.95557,231.30045,2.3333333,1.0,0.33333334,1.0,0.6666667,45306.332,13140.333,2340.0,15635.0,14191.0,4163.0,212.33333,307.0,1595.0,2048.6667,521.3333,0.0,0.0,373.0,148.33333,79444.0,21060.666,20687.0,19053.666,18642.666,4684.3335,212.33333,307.0,1968.0,2197.0,1932.3334,284.33334,532.0,473.66666,642.3333,19736.334,205.33333,2414.0,5333.6665,11783.333,21.0,1.0,7.6666665,4.0,8.333333,6.301528,66.55889,125.63111,0
P033,2013-05-08 00:00:00-04:00,596.9383,46.33781,0.0,203.64983,346.95068,2.5,1.0,0.0,0.5,1.0,44662.668,12652.0,1140.3334,14230.0,16640.334,4180.6665,661.0,307.0,982.0,2230.6667,377.66666,72.333336,0.0,300.33334,5.0,79824.664,20476.666,20892.0,20014.0,18442.0,4558.3335,733.3333,307.0,1282.3334,2235.6667,1539.0,294.66666,308.66666,169.66667,766.0,24557.334,798.0,2229.0,8583.333,12947.0,26.333334,3.0,7.3333335,6.3333335,9.666667,6.311111,71.21778,130.36667,0
P033,2013-05-09 00:00:00-04:00,1101.201,0.0,0.0,407.29965,693.90137,3.0,0.0,0.0,1.0,2.0,53262.0,17079.334,7200.0,11799.333,17183.334,3014.3333,524.6667,0.0,619.6667,1870.0,314.0,72.333336,0.0,233.33333,8.333333,81422.664,20765.334,21469.666,20305.0,18882.666,3328.3333,597.0,0.0,853.0,1878.3334,1016.6667,95.666664,0.6666667,283.0,637.3333,21292.0,751.0,71.0,5524.0,14946.0,19.333334,3.3333333,1.0,4.0,11.0,6.311111,71.21778,130.36667,0
P033,2013-05-10 00:00:00-04:00,661.1246,0.0,0.0,661.1246,0.0,1.0,0.0,0.0,1.0,0.0,49131.332,17209.334,7423.0,8949.0,15550.0,4053.6667,526.3333,3.3333333,2249.6667,1274.3334,366.66666,72.333336,0.0,225.66667,68.666664,79733.0,20700.0,21387.666,18460.0,19185.334,4420.3335,598.6667,3.3333333,2475.3333,1343.0,1383.6666,95.333336,17.333334,453.66666,817.3333,24778.666,751.0,464.33334,9059.667,14503.667,25.0,3.3333333,2.6666667,7.6666665,11.333333,5.642361,77.996666,131.79556,0
P033,2013-05-11 00:00:00-04:00,654.37445,0.0,174.89072,479.4837,0.0,1.5,0.0,0.5,1.0,0.0,41792.0,13207.333,11095.333,7194.6665,10294.667,4576.0,144.66667,271.0,3198.0,962.3333,312.66666,0.0,15.666667,228.33333,68.666664,78091.664,21002.334,20786.666,17105.666,19197.0,4888.6665,144.66667,286.66666,3426.3333,1031.0,2000.6666,150.0,187.0,705.6667,958.0,27867.666,226.0,1708.3334,8254.667,17678.666,25.333334,1.6666666,4.6666665,9.0,10.0,6.00375,58.37,115.06,0
P033,2013-05-12 00:00:00-04:00,654.37445,0.0,174.89072,479.4837,0.0,1.5,0.0,0.5,1.0,0.0,23620.666,6668.6665,5253.6665,5696.6665,6001.6665,6713.0,311.33334,970.3333,4227.3335,1204.0,1512.0,0.0,337.66666,842.3333,332.0,73199.664,20749.0,19397.0,14654.0,18399.666,8225.0,311.33334,1308.0,5069.6665,1536.0,2893.3333,74.0,394.33334,1342.3334,1082.6666,30070.334,743.3333,3577.3333,11142.667,14607.0,29.0,3.3333333,6.3333335,11.666667,7.6666665,5.601852,58.622223,112.09704,0
P033,2013-05-13 00:00:00-04:00,724.0132,0.0,547.2857,176.72745,0.0,1.5,0.0,1.0,1.0,0.0,22020.666,1851.0,6226.6665,9185.333,4757.6665,6158.3335,315.66666,1384.0,3171.6667,1287.0,1492.3334,0.0,524.6667,699.3333,268.33334,73292.664,20578.666,18503.666,15759.0,18451.334,7650.6665,315.66666,1908.6666,3871.0,1555.3334,2736.0,80.666664,527.0,1273.3334,855.0,28487.0,1025.6666,4498.0,10538.333,12425.0,26.333334,3.3333333,8.333333,9.333333,5.3333335,5.6545835,47.19,101.08667,0
P033,2013-05-14 00:00:00-04:00,418.32123,18.120207,372.39502,27.806015,0.0,1.0,0.5,0.5,0.5,0.0,22726.334,4019.0,2669.6667,8279.333,7758.3335,4611.0,543.6667,1116.3334,1983.6666,967.3333,1401.6666,0.0,509.0,624.3333,268.33334,74949.0,20235.666,18821.0,16981.334,18911.0,6012.6665,543.6667,1625.3334,2608.0,1235.6666,2152.0,41.333332,356.66666,1175.0,579.0,16600.666,1105.6666,3274.0,6504.0,5717.0,18.0,3.6666667,6.6666665,5.0,2.6666667,4.87625,58.12,105.79,0
P033,2013-05-15 00:00:00-04:00,418.32123,18.120207,372.39502,27.806015,0.0,1.0,0.5,0.5,0.5,0.0,27591.666,6787.0,2400.6667,9596.333,8807.667,1620.3334,301.0,426.0,628.0,265.33334,190.33333,0.0,187.0,3.3333333,0.0,80879.336,20391.0,20252.0,19880.666,20355.666,1810.6666,301.0,613.0,631.3333,265.33334,1024.6666,39.666668,154.33333,482.33334,348.33334,9415.667,537.6667,1334.0,3582.3333,3961.6667,9.666667,1.3333334,4.0,2.6666667,1.6666666,5.739861,55.987778,110.566666,0
P033,2013-05-16 00:00:00-04:00,36.240414,36.240414,0.0,0.0,0.0,1.0,1.0,0.0,0.0,0.0,33530.0,10635.0,1730.6666,11247.0,9917.333,1490.0,375.0,9.0,405.66666,700.3333,156.33333,0.0,0.0,89.333336,67.0,81967.664,20421.0,21180.666,20318.334,20047.666,1646.3334,375.0,9.0,495.0,767.3333,1076.0,194.33333,96.666664,413.33334,371.66666,6888.6665,359.33334,20.0,2156.6667,4352.6665,6.3333335,1.6666666,0.33333334,3.0,1.3333334,5.739861,55.987778,110.566666,0
P033,2013-05-17 00:00:00-04:00,15.800365,0.0,15.800365,0.0,0.0,1.0,0.0,1.0,0.0,0.0,43264.332,9962.667,7615.3335,17195.334,8491.0,1393.6666,81.666664,12.666667,392.0,907.3333,393.66666,0.0,0.0,86.0,307.66666,82874.0,20957.334,21386.0,20792.334,19738.334,1787.3334,81.666664,12.666667,478.0,1215.0,927.6667,176.0,105.0,185.33333,461.33334,7015.0,685.6667,161.33333,1791.6666,4376.3335,7.0,2.6666667,0.33333334,2.6666667,1.3333334,4.327639,47.72778,91.00889,0
P034,2013-03-28 00:00:00-04:00,9705.758,46.378216,1235.388,970.0796,7453.9116,3.5,1.0,1.5,2.5,2.5,27053.0,10800.0,10800.0,4717.5,735.5,3765.0,94.5,652.0,1506.5,1512.0,637.5,0.0,257.0,259.5,121.0,70089.0,20982.5,20118.5,13313.5,15674.5,4402.5,94.5,909.0,1766.0,1633.0,5030.0,7.5,119.5,2666.5,2236.5,20411.5,0.0,1295.5,8379.0,10737.0,25.5,0.0,3.0,10.0,12.5,0.0,0.0,0.0,0
P034,2013-04-01 00:00:00-04:00,4793.9663,30.075356,2397.0703,139.72713,2227.0935,5.0,1.0,5.0,1.0,1.0,20656.0,31.0,8015.0,7761.0,4849.0,2608.0,74.0,302.0,0.0,2232.0,79.0,0.0,76.0,0.0,3.0,76932.0,20478.0,19671.0,20695.0,16088.0,2687.0,74.0,378.0,0.0,2235.0,4635.0,263.0,703.0,672.0,2997.0,36245.0,0.0,7850.0,8730.0,19665.0,48.0,0.0,6.0,26.0,16.0,5.7127776,35.20222,110.18889,0
P034,2013-04-02 00:00:00-04:00,18932.857,165.39001,5148.6167,11147.86,2470.9897,5.0,2.0,3.5,2.0,1.5,42172.5,10815.5,14807.5,8711.0,7838.5,2635.0,161.0,157.5,812.0,1504.5,623.5,0.0,38.0,501.0,84.5,76602.0,20520.5,20282.0,18129.5,17670.0,3258.5,161.0,195.5,1313.0,1589.0,4681.5,354.0,508.0,1843.0,1976.5,36493.0,0.0,4706.5,14442.0,17344.5,43.0,0.0,3.5,20.5,19.0,5.7127776,35.20222,110.18889,0
P034,2013-04-03 00:00:00-04:00,24877.037,1470.7859,8012.56,12616.693,2776.9976,5.3333335,2.3333333,3.6666667,2.3333333,2.0,36066.668,7210.3335,10847.333,7278.6665,10730.333,2579.6667,109.666664,460.33334,844.0,1165.6666,649.6667,0.0,179.66667,404.33334,65.666664,75754.336,20528.666,19510.666,17742.0,17973.0,3229.3333,109.666664,640.0,1248.3334,1231.3334,5060.0,419.0,860.3333,2221.6667,1559.0,31018.666,450.33334,5202.6665,12488.333,12877.333,40.666668,0.33333334,3.3333333,19.333334,17.666666,6.0,33.116665,110.40111,1
P034,2013-04-05 00:00:00-04:00,38069.81,9001.845,8146.146,8745.879,12175.941,5.0,2.5,4.0,2.5,2.5,44303.0,10800.0,10602.0,8001.5,14899.5,3133.0,7.5,747.5,1487.0,891.0,673.0,2.5,231.5,311.5,127.5,70019.0,20212.0,18709.0,17470.5,13627.5,3806.0,10.0,979.0,1798.5,1018.5,9849.0,883.5,1386.0,1797.0,5782.5,25165.5,1154.5,6208.5,8695.0,9107.5,38.5,1.5,6.0,16.0,15.0,6.2872224,31.03111,110.613335,0
P034,2013-04-06 00:00:00-04:00,45511.34,7060.545,9381.985,11163.278,17905.531,3.5,1.5,3.0,2.0,2.0,58183.5,21600.0,19938.5,9628.0,7017.0,5886.5,121.5,604.0,2998.0,2163.0,2216.5,3.5,0.0,1837.5,375.5,64344.0,19838.5,19181.5,13971.0,11353.0,8103.0,125.0,604.0,4835.5,2538.5,11512.0,1071.5,1210.5,2169.5,7060.5,33769.0,539.5,4200.0,12656.5,16373.0,34.5,1.5,6.0,14.0,13.0,0.0,0.0,0.0,0
P034,2013-04-09 00:00:00-04:00,24129.908,68.93948,2231.843,1751.2565,20077.87,6.0,1.0,2.0,4.0,5.0,48978.0,21600.0,20522.0,142.0,6714.0,5982.0,464.0,13.0,2941.0,2564.0,502.0,21.0,0.0,470.0,11.0,71103.0,20129.0,20895.0,15407.0,14672.0,6484.0,485.0,13.0,3411.0,2575.0,7376.0,740.0,374.0,2367.0,3895.0,31964.0,1230.0,676.0,14230.0,15828.0,34.0,1.0,1.0,17.0,15.0,0.0,0.0,0.0,0
P034,2013-04-12 00:00:00-04:00,7820.821,73.5761,1192.9469,2374.2046,4180.0933,5.0,1.5,1.5,3.0,3.0,86400.0,21600.0,21600.0,21600.0,21600.0,3204.5,0.0,104.5,1419.0,1681.0,599.5,0.0,102.0,233.0,264.5,77209.5,20520.5,20871.5,18457.0,17360.5,3804.0,0.0,206.5,1652.0,1945.5,3118.0,19.0,197.0,1068.0,1834.0,23119.0,101.0,0.0,13089.5,9928.5,37.5,0.5,0.0,19.5,17.5,0.0,0.0,0.0,0
P034,2013-04-15 00:00:00-04:00,23682.777,185.00937,2657.4446,3093.3555,17746.967,4.0,1.0,2.0,3.0,2.5,75740.5,21600.0,21600.0,21600.0,10940.5,2969.5,4.0,225.5,1794.0,946.0,6.5,0.0,0.0,2.0,4.5,70522.0,19459.0,20099.5,16149.0,14814.5,2976.0,4.0,225.5,1796.0,950.5,8017.0,582.5,767.5,3134.0,3533.0,12137.5,0.0,681.0,3478.5,7978.0,26.0,0.0,1.5,9.5,15.0,0.0,0.0,0.0,0
P034,2013-04-22 00:00:00-04:00,23074.564,72.827385,31.681795,2373.3801,20596.676,3.0,1.0,1.0,2.0,3.0,86400.0,21600.0,21600.0,21600.0,21600.0,969.5,17.5,0.0,463.5,488.5,46.0,0.0,0.0,19.0,27.0,80402.0,20832.0,21071.0,19974.0,18525.0,1015.5,17.5,0.0,482.5,515.5,2870.5,377.0,0.0,559.5,1934.0,16844.5,1065.0,0.0,8092.0,7687.5,41.5,3.0,0.0,22.5,16.0,0.0,0.0,0.0,0
P034,2013-04-23 00:00:00-04:00,20506.395,79.75215,117.9037,2937.5767,17371.162,4.0,1.0,1.0,3.0,3.5,86400.0,21600.0,21600.0,21600.0,21600.0,898.0,17.5,0.0,253.5,627.0,277.0,0.0,0.0,246.0,31.0,79248.5,20483.0,20732.0,19651.0,18382.5,1175.0,17.5,0.0,499.5,658.0,2467.0,377.0,0.0,513.0,1577.0,14685.5,0.0,0.0,5934.0,8751.5,39.5,0.0,0.0,19.0,20.5,0.0,0.0,0.0,0
P034,2013-04-28 00:00:00-04:00,30241.73,109.684715,3257.036,5055.457,21819.553,4.0,3.0,2.0,1.0,2.0,86400.0,21600.0,21600.0,21600.0,21600.0,1215.0,21.0,226.0,432.0,536.0,405.0,0.0,0.0,23.0,382.0,81327.0,21062.0,21111.0,20169.0,18985.0,1620.0,21.0,226.0,455.0,918.0,3224.0,475.0,218.0,911.0,1620.0,29568.0,2885.0,747.0,11199.0,14737.0,62.0,7.0,2.0,30.0,23.0,0.0,0.0,0.0,0
P034,2013-04-29 00:00:00-04:00,26086.346,93.58426,8293.918,2923.2932,14775.552,5.5,2.0,2.0,2.5,3.0,84189.5,21600.0,20132.0,20857.5,21600.0,3429.5,27.0,857.0,1202.0,1343.5,314.5,5.0,95.5,11.5,202.5,79330.0,21021.0,19710.5,19692.0,18906.5,3744.0,32.0,952.5,1213.5,1546.0,2972.5,483.0,867.0,589.0,1033.5,28090.5,1442.5,4685.0,10177.5,11785.5,55.5,3.5,4.0,28.5,19.5,0.0,0.0,0.0,0
P034,2013-05-13 00:00:00-04:00,25721.693,7543.048,5444.1875,10353.745,2380.7134,3.6666667,2.0,1.0,2.3333333,2.0,67193.336,18232.334,15336.333,17374.0,16250.667,1469.6666,334.0,80.666664,761.0,294.0,221.0,4.3333335,0.0,149.33333,67.333336,74379.336,18540.666,19679.0,15805.667,20354.0,1690.6666,338.33334,80.666664,910.3333,361.33334,2860.0,545.6667,26.0,2016.6666,271.66666,15155.0,1799.3334,134.0,5203.3335,8018.3335,38.333332,4.0,1.0,15.0,18.333334,0.0,0.0,0.0,0
P034,2013-05-14 00:00:00-04:00,25810.328,5483.492,2739.343,12033.412,5554.0806,3.6666667,2.0,1.0,2.6666667,2.3333333,62395.0,18232.334,15336.333,13689.0,15137.333,1932.3334,98.333336,0.0,1257.6666,576.3333,363.33334,0.0,0.0,78.666664,284.66666,74788.664,19228.334,20049.666,15742.333,19768.334,2295.6667,98.333336,0.0,1336.3334,861.0,2819.0,397.0,3.3333333,1861.6666,557.0,16838.666,1099.0,80.333336,6720.0,8939.333,37.333332,3.6666667,0.6666667,12.333333,20.666666,0.0,0.0,0.0,0
P035,2013-03-30 00:00:00-04:00,7921.8926,79.012764,726.8081,6682.872,433.1997,3.0,1.0,1.5,2.5,1.5,31215.5,12017.5,11638.0,5580.5,1979.5,2261.5,0.0,496.0,1284.5,481.0,1685.0,0.0,586.5,735.5,363.0,81594.0,21573.5,20480.5,18938.5,20601.5,3946.5,0.0,1082.5,2020.0,844.0,717.0,0.0,3.0,606.5,107.5,18758.5,0.0,3625.0,8418.0,6715.5,30.5,0.0,2.0,16.5,12.0,3.995278,44.96,108.51778,1
P035,2013-03-31 00:00:00-04:00,5377.7803,74.96704,507.67245,4485.45,309.6908,2.3333333,1.0,1.3333334,2.0,1.3333334,38432.0,15211.667,14958.667,6608.6665,1653.0,1507.6666,0.0,330.66666,856.3333,320.66666,1123.3334,0.0,391.0,490.33334,242.0,82901.664,21535.0,20793.334,19768.0,20805.334,2631.0,0.0,721.6667,1346.6666,562.6667,554.6667,0.0,2.0,404.33334,148.33333,12572.667,0.0,2416.6667,5612.0,4544.0,20.666666,0.0,1.3333334,11.0,8.333333,3.995278,44.96,108.51778,1
P035,2013-04-01 00:00:00-04:00,4895.6113,78.75096,257.60382,4145.786,413.47046,2.3333333,1.0,1.6666666,1.3333334,1.3333334,45080.332,14416.667,17444.0,11086.333,2133.3333,1257.0,0.0,294.66666,555.0,407.33334,483.66666,0.0,84.0,80.666664,319.0,83683.336,21483.0,21079.334,20479.0,20642.0,1740.6666,0.0,378.66666,635.6667,726.3333,555.0,0.0,1.6666666,403.33334,150.0,13922.667,0.0,1561.3334,3818.6667,8542.667,23.666666,0.0,1.6666666,9.0,13.0,5.5,32.11111,107.706665,0
P035,2013-04-02 00:00:00-04:00,1718.2347,72.292145,369.93848,954.80426,321.19986,2.6666667,1.0,1.6666666,1.6666666,1.0,27569.334,7811.0,10292.0,7567.6665,1898.6666,1480.0,304.33334,380.33334,454.66666,340.66666,776.3333,10.333333,156.33333,312.0,297.66666,82732.336,20949.334,20834.666,20213.666,20734.666,2256.3333,314.66666,536.6667,766.6667,638.3333,1031.0,228.66667,102.666664,544.6667,155.0,19088.0,23.666666,2129.3333,8066.0,8869.0,27.666666,0.33333334,2.0,12.666667,12.666667,5.5,32.11111,107.706665,0
P035,2013-04-03 00:00:00-04:00,7136.043,73.84114,2969.0986,3630.471,462.6324,3.3333333,1.0,2.0,2.0,1.3333334,17343.0,1937.3334,3143.6667,6210.0,6052.0,1999.6666,324.0,588.3333,715.6667,371.66666,996.3333,15.666667,156.33333,394.66666,429.66666,81049.336,20917.666,20443.666,19140.666,20547.334,2996.0,339.66666,744.6667,1110.3334,801.3333,1717.0,232.0,230.66667,1175.0,79.333336,23395.334,23.666666,2747.6667,10834.333,9789.667,38.666668,0.33333334,2.6666667,18.333334,17.333334,5.3933334,36.66111,111.403336,1
P035,2013-04-04 00:00:00-04:00,7526.643,64.1552,2912.6301,4188.9824,360.87527,3.3333333,1.0,1.3333334,2.6666667,1.3333334,14676.333,3624.6667,1472.6666,4980.6665,4598.3335,2035.6666,324.0,458.33334,968.3333,285.0,1542.6666,15.666667,156.66667,1017.6667,352.66666,79871.336,20813.334,20461.666,18075.0,20521.334,3578.3333,339.66666,615.0,1986.0,637.6667,1714.6666,232.0,229.0,1176.0,77.666664,20245.334,23.666666,1472.3334,12971.667,5777.6665,28.333334,0.33333334,1.6666666,14.0,12.333333,5.286667,41.211113,115.1,1
P035,2013-04-05 00:00:00-04:00,7536.4404,91.66642,2984.356,3961.9258,498.49197,3.0,1.0,2.0,2.3333333,1.6666666,20642.666,3075.3333,2036.3334,5717.6665,9813.333,1778.6666,19.666666,554.0,913.0,292.0,1759.0,5.3333335,95.333336,1263.6666,394.66666,79396.664,21152.666,20244.666,18201.334,19798.0,3537.6667,25.0,649.3333,2176.6667,686.6667,1367.0,3.3333333,195.33333,637.3333,531.0,17816.334,0.0,3211.0,9406.333,5199.0,27.333334,0.0,3.3333333,14.333333,9.666667,5.377639,36.88111,111.49778,1
P035,2013-04-06 00:00:00-04:00,15633.027,96.20848,398.50043,14802.149,336.16846,2.6666667,1.0,1.6666666,2.3333333,1.0,34218.332,8949.0,9184.667,9791.667,6293.0,3651.3333,0.0,346.0,2288.3333,1017.0,2053.6667,0.0,95.333336,1480.3334,478.0,76147.336,20986.0,20448.666,16429.334,18283.334,5705.0,0.0,441.33334,3768.6667,1495.0,1925.3334,0.0,67.333336,722.3333,1135.6666,20404.334,0.0,2592.6667,10554.333,7257.3335,21.666666,0.0,2.6666667,12.0,7.0,5.4686112,32.55111,107.89555,1
P035,2013-04-08 00:00:00-04:00,14461.586,46.864582,247.02725,13586.847,580.8474,2.3333333,0.6666667,1.3333334,1.0,1.3333334,66508.664,21600.0,20071.666,16509.334,8327.667,3563.6667,0.0,98.0,1636.3334,1829.3334,1424.6666,0.0,179.0,299.33334,946.3333,76326.0,20795.334,20294.334,18105.334,17131.0,4988.3335,0.0,277.0,1935.6666,2775.6667,1743.6666,0.0,208.66667,715.3333,819.6667,14234.0,0.0,1526.3334,6719.6665,5988.0,23.333334,0.0,2.3333333,11.666667,9.333333,0.0,0.0,0.0,0
P035,2013-04-09 00:00:00-04:00,1734.9446,146.51157,447.25226,341.98218,799.19855,3.0,1.0,1.6666666,1.0,2.3333333,63368.668,21417.666,18970.334,10904.667,12076.0,3109.6667,75.333336,548.0,1025.0,1461.3334,1808.3334,85.0,485.33334,322.0,916.0,76569.336,20564.0,19448.0,18931.666,17625.666,4918.0,160.33333,1033.3334,1347.0,2377.3333,1230.3334,0.0,216.33333,389.33334,624.6667,13474.667,0.0,1579.6666,4087.3333,7807.6665,28.333334,0.0,3.0,12.333333,13.0,0.0,0.0,0.0,1
P035,2013-04-10 00:00:00-04:00,2549.5327,166.95477,482.73584,721.2086,1178.6335,4.0,1.3333334,2.0,1.6666666,3.0,56552.668,21417.666,18970.334,10904.667,5260.0,4009.3333,75.333336,548.0,1175.0,2211.0,2616.6667,85.0,485.33334,644.3333,1402.0,74106.664,20465.0,19713.0,18740.0,15188.667,6626.0,160.33333,1033.3334,1819.3334,3613.0,2731.0,0.0,216.33333,390.0,2124.6667,19042.334,0.0,1559.6666,6054.3335,11428.333,35.666668,0.0,2.6666667,16.0,17.0,0.0,0.0,0.0,0
P035,2013-04-11 00:00:00-04:00,3036.058,164.53084,786.7108,1325.2343,759.5823,4.0,1.3333334,2.0,2.3333333,2.3333333,43873.0,14872.0,13341.333,9121.333,6538.3335,4383.6665,86.0,1358.0,1575.3334,1364.3334,2862.0,88.333336,785.3333,1059.6666,928.6667,74262.0,20533.0,19033.0,17873.0,16823.0,7245.6665,174.33333,2143.3333,2635.0,2293.0,3186.0,219.0,90.666664,750.0,2126.3333,19484.666,225.33333,487.0,6892.6665,11879.667,30.0,0.6666667,1.6666666,11.666667,16.0,0.0,0.0,0.0,1
P035,2013-04-12 00:00:00-04:00,2474.17,52.296944,667.89087,1060.5073,693.4748,3.3333333,1.0,1.6666666,2.0,2.0,49926.668,15054.333,14058.0,13821.0,6993.3335,2627.3333,10.666667,1054.6666,561.3333,1000.6667,2202.0,3.3333333,564.6667,739.3333,894.6667,78810.336,21009.0,19892.0,19935.0,17974.334,4829.3335,14.0,1619.3334,1300.6666,1895.3334,2386.6667,219.0,83.0,360.66666,1724.0,17638.0,225.33333,433.66666,7952.0,9027.0,30.0,0.6666667,1.0,13.666667,14.666667,0.0,0.0,0.0,0
P035,2013-04-13 00:00:00-04:00,2356.7444,43.329155,643.79315,859.93445,809.6876,3.0,1.0,1.6666666,2.3333333,2.0,56742.668,15054.333,14058.0,13821.0,13809.333,2204.6667,10.666667,1054.6666,808.0,331.33334,1393.6666,3.3333333,564.6667,417.0,408.66666,81068.336,21362.334,19891.334,19428.666,20386.0,3598.3333,14.0,1619.3334,1225.0,740.0,1713.3334,219.0,83.0,942.6667,468.66666,16841.666,225.33333,433.66666,9253.0,6929.6665,26.333334,0.6666667,1.0,12.333333,12.333333,0.0,0.0,0.0,0
P035,2013-04-14 00:00:00-04:00,1305.102,40.366722,164.15527,315.02893,785.55115,2.6666667,1.0,1.0,2.0,2.0,81484.664,21600.0,21215.334,19099.666,19569.666,1034.0,0.0,146.66667,701.0,186.33333,320.0,0.0,85.666664,1.6666666,232.66667,83261.336,21595.334,21213.334,19572.666,20880.0,1354.0,0.0,232.33333,702.6667,419.0,1547.3334,0.0,0.0,1288.3334,259.0,10715.0,0.0,107.333336,6913.3335,3694.3333,19.666666,0.0,1.0,11.333333,7.3333335,0.0,0.0,0.0,1
P035,2013-04-15 00:00:00-04:00,1345.086,35.216274,62.754696,601.6667,645.4484,3.0,1.0,1.0,2.6666667,1.6666666,81236.664,21600.0,21600.0,16541.666,21495.0,917.6667,0.0,0.0,755.6667,162.0,746.6667,0.0,0.0,665.0,81.666664,82675.336,21551.666,21387.334,18770.666,20965.666,1664.3334,0.0,0.0,1420.6666,243.66667,1539.6666,0.0,0.0,1289.0,250.66667,6506.6665,0.0,107.333336,4718.0,1681.3334,10.0,0.0,1.0,6.3333335,2.6666667,0.0,0.0,0.0,0
P035,2013-04-16 00:00:00-04:00,1303.1411,34.550682,296.96927,723.53015,248.09102,3.6666667,1.0,1.3333334,3.0,1.3333334,79448.336,21600.0,19811.666,16541.666,21495.0,2947.0,0.0,521.6667,1935.3334,490.0,1610.0,0.0,247.33333,1041.3334,321.33334,79137.336,21448.334,20430.0,17342.666,19916.334,4557.0,0.0,769.0,2976.6667,811.3333,1731.3334,0.0,76.0,1044.0,611.3333,5152.6665,0.0,124.0,1931.6666,3097.0,11.333333,0.0,1.3333334,5.3333335,4.6666665,0.0,0.0,0.0,0
P035,2013-04-17 00:00:00-04:00,2589.9385,250.08298,429.42862,1289.4904,620.93665,4.3333335,1.6666666,2.0,3.0,2.0,69243.664,21600.0,18945.334,11669.0,17029.334,4022.3333,77.333336,527.6667,1883.3334,1534.0,3026.0,171.66667,408.0,1735.6666,710.6667,76419.336,21082.334,20293.334,17234.334,17809.334,7048.3335,249.0,935.6667,3619.0,2244.6667,1672.0,0.0,76.0,413.0,1183.0,6579.0,333.0,50.0,2332.6667,3863.3333,16.666666,0.33333334,1.0,9.333333,6.0,0.0,0.0,0.0,0
P035,2013-04-18 00:00:00-04:00,3421.9773,250.78496,866.1614,1155.1808,1149.85,4.6666665,1.6666666,2.3333333,2.6666667,3.0,57181.332,21600.0,15785.333,9724.667,10071.333,5352.0,77.333336,1372.3334,1907.6666,1994.6666,3699.6667,171.66667,919.3333,1217.6666,1391.0,73763.664,20995.666,18824.0,17668.666,16275.333,9051.667,249.0,2291.6667,3125.3333,3385.6667,2045.6666,0.0,112.666664,412.33334,1520.6666,11107.667,333.0,638.0,2211.3333,7925.3335,22.333334,0.33333334,2.6666667,8.666667,10.666667,0.0,0.0,0.0,0
P035,2013-04-19 00:00:00-04:00,4238.249,252.02986,966.249,1628.3501,1391.6201,4.3333335,1.6666666,2.3333333,2.3333333,3.0,47398.668,19126.666,17573.666,3168.3333,7530.0,3793.0,77.333336,914.3333,911.6667,1889.6666,3529.6667,171.66667,687.3333,1455.3334,1215.3334,75788.664,20944.334,19471.0,18528.334,16845.0,7322.6665,249.0,1601.6666,2367.0,3105.0,1564.3334,0.0,111.666664,271.0,1181.6666,11648.333,333.0,1119.0,5146.0,5050.3335,20.333334,0.33333334,3.3333333,9.0,7.6666665,0.0,0.0,0.0,1
P035,2013-04-21 00:00:00-04:00,2692.8489,140.64992,639.25836,1211.6726,701.2681,3.3333333,1.3333334,2.0,2.3333333,2.0,59984.0,19126.666,19408.666,12197.333,9251.333,4638.3335,0.0,225.66667,1200.0,3212.6667,1265.0,0.0,186.0,779.0,300.0,77294.664,21046.666,20387.666,18813.334,17047.0,5903.3335,0.0,411.66666,1979.0,3512.6667,954.0,0.0,238.33333,255.0,460.66666,7543.0,40.333332,1028.3334,5701.3335,773.0,15.666667,0.33333334,3.3333333,9.333333,2.6666667,0.0,0.0,0.0,0
P035,2013-04-22 00:00:00-04:00,1586.5956,144.35411,308.55298,599.3715,534.3169,3.0,1.3333334,1.6666666,2.0,2.3333333,69051.664,21265.666,19408.666,18753.666,9623.667,4231.0,0.0,162.0,846.0,3223.0,803.0,0.0,170.66667,310.66666,321.66666,77830.664,20976.0,20461.334,19743.0,16650.334,5034.0,0.0,332.66666,1156.6666,3544.6667,988.0,0.0,163.33333,71.333336,753.3333,9268.667,40.333332,530.6667,3888.6667,4809.0,28.0,0.33333334,2.3333333,17.0,8.333333,0.0,0.0,0.0,1
P035,2013-04-23 00:00:00-04:00,1947.9814,39.667934,435.4382,1036.9662,435.90906,3.3333333,1.0,2.0,2.3333333,2.0,60141.0,21265.666,18453.334,11553.667,8868.333,6677.0,0.0,498.66666,2057.6667,4120.6665,1635.3334,0.0,340.0,734.0,561.3333,73583.0,20913.0,19883.666,17781.334,15005.0,8312.333,0.0,838.6667,2791.6667,4682.0,1702.3334,0.0,174.0,330.33334,1198.0,14258.0,40.333332,759.3333,5051.6665,8406.667,37.333332,0.33333334,2.6666667,21.666666,12.666667,0.0,0.0,0.0,0
P035,2013-04-24 00:00:00-04:00,2078.803,116.87918,285.23,1236.0349,440.65894,3.3333333,1.3333334,1.3333334,2.6666667,2.3333333,62641.332,21265.666,20644.666,9178.0,11553.0,4467.3335,0.0,336.66666,1588.6666,2542.0,1649.3334,0.0,169.33333,833.3333,646.6667,75538.336,20848.666,20263.334,17942.666,16483.666,6116.6665,0.0,506.0,2422.0,3188.6667,2182.0,0.0,10.666667,747.6667,1423.6666,15231.0,0.0,248.66667,5691.6665,9290.667,37.333332,0.0,0.6666667,22.666666,14.0,0.0,0.0,0.0,0
P035,2013-04-25 00:00:00-04:00,1841.2402,118.666695,285.10062,1094.5984,342.87457,3.0,1.3333334,1.3333334,2.3333333,2.0,65144.668,21600.0,20644.666,9178.0,13722.0,3926.3333,0.0,336.66666,1362.3334,2227.3333,1418.0,0.0,169.33333,687.6667,561.0,77810.336,21073.0,20500.0,18559.666,17677.666,5344.3335,0.0,506.0,2050.0,2788.3333,1610.3334,0.0,10.666667,735.0,864.6667,9302.0,0.0,248.66667,3886.3333,5167.0,21.0,0.0,0.6666667,13.0,7.3333335,0.0,0.0,0.0,0
P035,2013-04-26 00:00:00-04:00,1055.8462,121.218666,65.26883,524.2576,345.10104,2.3333333,1.3333334,1.0,1.6666666,2.0,76662.664,21600.0,21600.0,16378.0,17084.666,1480.3334,0.0,0.0,150.66667,1329.6666,585.6667,0.0,0.0,264.33334,321.33334,82341.664,21296.666,21180.334,20556.334,19308.334,2066.0,0.0,0.0,415.0,1651.0,896.0,0.0,0.0,476.0,420.0,6232.5,0.0,0.0,4085.0,2147.5,15.5,0.0,0.0,12.5,3.0,0.0,0.0,0.0,0
P035,2013-04-27 00:00:00-04:00,946.4671,49.338394,42.232376,201.0115,653.8848,2.0,1.0,1.0,1.3333334,2.0,85121.336,21600.0,21465.0,20456.334,21600.0,226.66667,0.0,0.0,1.0,225.66667,193.0,0.0,0.0,10.666667,182.33333,82970.336,21318.666,21257.334,20456.334,19938.0,419.66666,0.0,0.0,11.666667,408.0,1309.0,0.0,0.0,376.66666,932.3333,8037.5,75.5,0.0,888.0,7074.0,13.0,0.5,0.0,3.0,9.5,0.0,0.0,0.0,0
P035,2013-04-28 00:00:00-04:00,4794.8096,55.61723,40.999588,2141.7615,2556.431,2.0,1.0,1.0,1.6666666,1.6666666,85121.336,21600.0,21465.0,20456.334,21600.0,561.6667,90.333336,0.0,81.666664,389.66666,257.66666,0.0,0.0,10.666667,247.0,80439.336,20898.666,21132.666,19279.0,19129.0,819.3333,90.333336,0.0,92.333336,636.6667,2930.6667,218.33333,0.0,1335.3334,1377.0,20852.5,1361.0,0.0,5849.5,13642.0,40.0,3.0,0.0,16.5,20.5,0.0,0.0,0.0,0
P035,2013-04-29 00:00:00-04:00,6689.085,52.086716,1695.6882,2387.333,2553.977,3.3333333,1.0,1.6666666,2.6666667,1.6666666,76563.0,21600.0,21465.0,19053.666,14444.333,1963.0,178.0,507.33334,658.6667,619.0,815.6667,1.0,173.66667,394.0,247.0,77379.336,20528.0,19776.334,18178.0,18897.0,2778.6667,179.0,681.0,1052.6666,866.0,3745.0,373.66666,581.0,1413.3334,1377.0,19916.0,907.3333,2901.0,6603.0,9504.667,37.666668,2.0,1.6666666,19.0,15.0,0.0,0.0,0.0,0
P035,2013-04-30 00:00:00-04:00,5993.7583,50.477802,1702.4307,2227.683,2013.1669,2.6666667,1.0,1.6666666,2.3333333,1.0,72127.664,19701.0,21600.0,17088.334,13738.333,1736.3334,178.0,507.33334,657.6667,393.33334,622.6667,1.0,173.66667,383.33334,64.666664,79401.336,20555.334,19799.0,18940.666,20106.334,2359.0,179.0,681.0,1041.0,458.0,2436.0,373.66666,581.0,1036.6666,444.66666,14953.667,857.0,2901.0,6347.0,4848.6665,31.0,1.6666666,1.6666666,18.333334,9.333333,0.0,0.0,0.0,0
P035,2013-05-02 00:00:00-04:00,8205.0,2004.3298,247.06688,1920.5979,4033.0054,2.3333333,1.3333334,1.0,1.3333334,1.6666666,75055.664,16818.334,21600.0,18491.0,18146.334,2742.6667,224.33333,100.0,416.0,2002.3334,333.66666,74.0,87.666664,3.6666667,168.33333,79674.336,20495.0,20655.334,20041.334,18482.666,3076.3333,298.33334,187.66667,419.66666,2170.6667,643.3333,82.666664,14.666667,371.0,175.0,7989.3335,436.66666,595.3333,4752.0,2205.3333,16.0,1.3333334,2.3333333,6.0,6.3333335,0.0,0.0,0.0,0
P035,2013-05-03 00:00:00-04:00,8209.629,2007.4733,243.93102,1925.2023,4033.0222,2.3333333,1.3333334,1.0,1.3333334,1.6666666,80769.664,18717.334,21600.0,21600.0,18852.334,2743.3333,224.33333,100.666664,416.0,2002.3334,333.66666,74.0,87.666664,3.6666667,168.33333,79683.0,20438.334,20588.334,19942.0,18714.334,3077.0,298.33334,188.33333,419.66666,2170.6667,643.3333,82.666664,14.666667,371.0,175.0,8181.3335,436.66666,595.3333,4721.6665,2427.6667,17.333334,1.3333334,2.3333333,5.6666665,8.0,0.0,0.0,0.0,0
P035,2013-05-04 00:00:00-04:00,6149.9385,2003.1632,40.944653,2013.789,2092.0415,2.0,1.3333334,1.0,1.3333334,1.6666666,80476.0,18717.334,21600.0,20140.0,20018.666,1071.6666,224.33333,0.6666667,215.33333,631.3333,223.33333,74.0,0.0,8.666667,140.66667,82239.0,20669.334,21031.334,20521.334,20017.0,1295.0,298.33334,0.6666667,224.0,772.0,867.3333,82.666664,0.0,249.66667,535.0,7011.3335,436.66666,188.33333,2505.6667,3880.6667,20.333334,1.3333334,1.6666666,6.3333335,11.0,0.0,0.0,0.0,0
P035,2013-05-05 00:00:00-04:00,4191.241,50.385166,41.910465,2006.5872,2092.3584,1.6666666,1.0,1.0,1.3333334,1.6666666,81088.664,19330.0,21600.0,20140.0,20018.666,919.3333,72.0,0.6666667,215.33333,631.3333,214.0,64.666664,0.0,8.666667,140.66667,83412.664,21027.334,21300.334,20796.0,20289.0,1133.3334,136.66667,0.6666667,224.0,772.0,936.3333,151.66667,0.0,249.66667,535.0,6470.0,164.33333,0.0,2425.0,3880.6667,17.0,0.33333334,0.0,5.6666665,11.0,0.0,0.0,0.0,0
P035,2013-05-06 00:00:00-04:00,4871.409,48.58555,262.37256,2342.7046,2217.7463,3.0,1.0,1.3333334,2.0,2.3333333,71145.0,19330.0,20552.334,17866.334,13396.333,1725.3334,72.0,169.0,690.0,794.3333,713.6667,64.666664,69.666664,215.0,364.33334,82467.336,21306.666,21249.334,20269.0,19642.334,2439.0,136.66667,238.66667,905.0,1158.6666,1305.0,151.66667,76.666664,359.33334,717.3333,12717.333,164.33333,921.0,4665.3335,6966.6665,27.333334,0.33333334,0.6666667,11.333333,15.0,0.0,0.0,0.0,0
P035,2013-05-07 00:00:00-04:00,9263.051,51.591145,265.2688,6809.5586,2136.6323,3.6666667,1.0,1.3333334,2.6666667,2.0,68672.664,15842.0,20552.334,17300.666,14977.667,2015.0,72.0,169.0,1227.3334,546.6667,651.0,64.666664,69.666664,286.0,230.66667,81847.0,21227.0,21133.666,19436.666,20049.666,2666.0,136.66667,238.66667,1513.3334,777.3333,1377.6666,151.66667,76.666664,456.66666,692.6667,13459.0,164.33333,954.6667,6494.0,5846.0,23.333334,0.33333334,1.3333334,9.666667,12.0,0.0,0.0,0.0,1
P035,2013-05-08 00:00:00-04:00,9261.781,44.496235,265.3576,6814.3755,2137.5525,3.6666667,1.0,1.3333334,2.6666667,2.0,70942.664,18112.0,20552.334,17300.666,14977.667,1943.0,0.0,169.0,1227.3334,546.6667,586.3333,0.0,69.666664,286.0,230.66667,82123.664,21513.0,21131.666,19431.666,20047.334,2529.3333,0.0,238.66667,1513.3334,777.3333,1226.0,0.0,76.666664,456.66666,692.6667,13768.333,0.0,954.6667,6608.0,6205.6665,25.0,0.0,1.3333334,10.666667,13.0,0.0,0.0,0.0,0
P035,2013-05-09 00:00:00-04:00,8576.48,44.14989,39.838264,6478.2812,2014.2106,2.3333333,1.0,1.0,2.0,1.3333334,80886.336,18112.0,21600.0,19574.334,21600.0,1136.3334,0.0,0.0,752.6667,383.66666,86.666664,0.0,0.0,79.666664,7.0,83944.664,21507.334,21467.666,20275.666,20694.0,1223.0,0.0,0.0,832.3333,390.66666,857.3333,0.0,0.0,347.0,510.33334,10858.0,0.0,50.5,6551.5,4256.0,18.5,0.0,1.0,7.5,10.0,0.0,0.0,0.0,0
P035,2013-05-10 00:00:00-04:00,1468.2856,45.943314,324.9097,956.9099,140.52277,2.3333333,1.0,1.6666666,2.0,1.0,74469.664,21600.0,20423.666,16014.667,16431.334,916.0,0.0,84.0,832.0,0.0,459.33334,0.0,160.0,299.33334,0.0,84507.336,21586.666,21323.666,20031.666,21565.334,1375.3334,0.0,244.0,1131.3334,0.0,394.33334,0.0,2.0,387.0,5.3333335,6811.5,0.0,1694.0,2758.5,2359.0,14.5,0.0,0.5,5.5,8.5,0.0,0.0,0.0,0
P035,2013-05-11 00:00:00-04:00,10601.164,4126.3604,327.62756,1135.376,5011.8003,3.3333333,1.6666666,1.6666666,2.6666667,1.6666666,73192.0,21600.0,20423.666,14737.0,16431.334,1499.6666,171.0,84.0,1154.0,90.666664,468.66666,0.0,160.0,308.66666,0.0,81960.0,21265.334,21271.0,19060.0,20363.666,1968.3334,171.0,244.0,1462.6666,90.666664,1964.6666,115.666664,2.0,906.3333,940.6667,17408.5,1473.0,1694.0,4521.0,9720.5,28.5,2.0,0.5,10.5,15.5,0.0,0.0,0.0,0
P035,2013-05-12 00:00:00-04:00,16801.35,6089.157,330.74237,5154.1714,5227.279,4.3333335,2.0,1.6666666,3.6666667,2.0,67056.0,21600.0,20423.666,12968.333,12064.0,2245.3333,244.0,84.0,1619.0,298.33334,480.0,0.0,160.0,316.33334,3.6666667,79769.336,20841.334,21072.334,18038.666,19817.0,2725.3333,244.0,244.0,1935.3334,302.0,2544.6667,280.66666,2.0,1227.6666,1034.3334,15543.0,1294.6666,1129.3334,4928.3335,8190.6665,32.0,2.3333333,0.33333334,12.666667,16.666666,0.0,0.0,0.0,1
P035,2013-05-13 00:00:00-04:00,17475.47,6088.6533,43.37328,6203.927,5139.517,3.3333333,2.0,1.0,3.0,2.0,70167.0,21600.0,21600.0,16934.334,10032.667,1398.0,244.0,0.0,855.6667,298.33334,23.333334,0.0,0.0,19.666666,3.6666667,80391.336,20596.0,21075.0,19153.334,19567.0,1421.3334,244.0,0.0,875.3333,302.0,2242.3333,280.66666,0.0,932.6667,1029.0,16141.667,1294.6666,423.66666,4349.3335,10074.0,34.0,2.3333333,2.0,12.0,17.666666,0.0,0.0,0.0,0
P035,2013-05-14 00:00:00-04:00,10301.102,3966.8413,41.176823,6025.153,267.93088,2.6666667,1.6666666,1.0,2.3333333,1.3333334,64238.668,20384.0,21600.0,18212.0,4042.6667,958.6667,217.33333,0.0,533.6667,207.66667,14.0,0.0,0.0,10.333333,3.6666667,81391.336,20371.666,20819.334,19781.666,20418.666,972.6667,217.33333,0.0,544.0,211.33333,784.0,275.33334,0.0,415.0,93.666664,9118.0,756.6667,423.66666,3131.0,4806.6665,24.0,2.0,2.0,8.0,12.0,0.0,0.0,0.0,0
P035,2013-05-15 00:00:00-04:00,8568.275,2002.6085,2184.5554,3954.742,426.3696,2.6666667,1.3333334,1.3333334,1.3333334,1.3333334,69369.0,19378.334,21600.0,19980.666,8410.0,1054.0,148.33333,307.66666,286.0,312.0,158.0,65.666664,83.666664,8.666667,0.0,78693.664,20550.0,19983.334,19914.666,18245.666,1212.0,214.0,391.33334,294.66666,312.0,1539.3334,110.333336,653.0,769.3333,6.6666665,13716.667,444.0,2014.3334,5116.3335,6142.0,20.333334,1.0,2.6666667,9.0,7.6666665,0.0,0.0,0.0,0
P035,2013-05-16 00:00:00-04:00,6605.0356,1999.1329,2185.6091,1999.9015,420.3922,2.3333333,1.3333334,1.3333334,1.0,1.3333334,78188.336,19378.334,21600.0,21600.0,15610.0,985.3333,148.33333,307.66666,217.33333,312.0,155.33333,65.666664,83.666664,6.0,0.0,78025.664,19293.334,19918.334,20290.0,18524.0,1140.6666,214.0,391.33334,223.33333,312.0,1447.3334,110.333336,653.0,677.3333,6.6666665,9931.333,444.0,1590.6666,4000.6667,3896.0,13.666667,1.0,0.6666667,7.3333335,4.6666665,0.0,0.0,0.0,0
P035,2013-05-17 00:00:00-04:00,4659.4526,40.284832,2193.3506,2010.2782,415.539,2.0,1.0,1.3333334,1.0,1.3333334,85394.336,20594.334,21600.0,21600.0,21600.0,841.0,4.0,307.66666,217.33333,312.0,155.33333,65.666664,83.666664,6.0,0.0,79579.664,19840.334,20227.0,20636.666,18875.666,996.3333,69.666664,391.33334,223.33333,312.0,1335.3334,0.0,653.0,675.6667,6.6666665,9514.0,16.666666,1590.6666,3946.6667,3960.0,14.0,0.33333334,0.6666667,7.3333335,5.6666665,0.0,0.0,0.0,0
P035,2013-05-18 00:00:00-04:00,195.37616,42.775524,50.371235,66.22803,36.00137,1.0,1.0,1.0,1.0,1.0,86400.0,21600.0,21600.0,21600.0,21600.0,0.0,0.0,0.0,0.0,0.0,0.0,0.0,0.0,0.0,0.0,84486.0,20091.334,21270.334,21531.0,21593.334,0.0,0.0,0.0,0.0,0.0,4.3333335,0.0,0.0,4.3333335,0.0,1008.3333,16.666666,0.0,77.333336,914.3333,5.0,0.33333334,0.0,1.0,3.6666667,0.0,0.0,0.0,0
P035,2013-05-19 00:00:00-04:00,4486.671,48.548508,2026.9955,2141.4832,269.64374,2.0,1.0,1.6666666,1.6666666,1.3333334,82078.336,21600.0,20102.666,18775.666,21600.0,535.6667,0.0,298.66666,95.333336,141.66667,11.0,0.0,7.6666665,3.3333333,0.0,84975.0,21595.0,20899.666,21099.0,21381.334,546.6667,0.0,306.33334,98.666664,141.66667,854.6667,0.0,388.33334,395.66666,70.666664,4571.6665,16.666666,531.3333,2629.0,1394.6666,17.333334,0.33333334,2.3333333,9.333333,5.3333335,0.0,0.0,0.0,0
P035,2013-05-21 00:00:00-04:00,4888.9414,52.67821,2019.6694,2130.9465,685.64734,2.3333333,1.0,1.6666666,1.6666666,1.6666666,82078.336,21600.0,20102.666,18775.666,21600.0,1180.3334,0.0,298.66666,106.666664,775.0,12.666667,0.0,7.6666665,3.3333333,1.6666666,84016.664,21560.666,20858.0,20956.0,20642.0,1193.0,0.0,306.33334,110.0,776.6667,921.6667,0.0,388.33334,456.66666,76.666664,11073.0,0.0,689.0,3936.6667,6447.3335,25.666666,0.0,3.3333333,12.0,10.333333,0.0,0.0,0.0,0
P035,2013-05-22 00:00:00-04:00,595.3861,48.440483,43.192844,54.37137,449.38144,1.3333334,1.0,1.0,1.0,1.3333334,86400.0,21600.0,21600.0,21600.0,21600.0,644.6667,0.0,0.0,11.333333,633.3333,1.6666666,0.0,0.0,0.0,1.6666666,85160.664,21496.666,21494.666,21385.666,20783.666,646.3333,0.0,0.0,11.333333,635.0,71.333336,0.0,0.0,65.333336,6.0,6743.0,0.0,157.66667,1468.6666,5116.6665,11.666667,0.0,1.0,4.6666665,6.0,0.0,0.0,0.0,0
P035,2013-05-24 00:00:00-04:00,8563.453,42.457626,275.11014,6240.567,2005.3185,2.3333333,1.0,1.3333334,2.0,1.3333334,82364.336,21600.0,20987.334,18177.0,21600.0,694.3333,0.0,146.33333,483.66666,64.333336,235.66667,0.0,160.33333,75.333336,0.0,82746.336,21285.666,20932.334,19815.0,20713.334,930.0,0.0,306.66666,559.0,64.333336,1146.3334,0.0,0.0,811.3333,335.0,8201.667,0.0,786.3333,5120.0,2295.3333,15.666667,0.0,1.0,6.0,8.666667,0.0,0.0,0.0,0
P035,2013-05-25 00:00:00-04:00,9212.227,47.511223,394.88138,6231.8145,2538.0193,3.0,1.0,1.3333334,2.0,2.0,82364.336,21600.0,20987.334,18177.0,21600.0,845.0,0.0,146.33333,487.33334,211.33333,235.66667,0.0,160.33333,75.333336,0.0,77475.0,21054.334,20702.666,15768.333,19949.666,1080.6666,0.0,306.66666,562.6667,211.33333,1648.6666,0.0,0.0,874.0,774.6667,9710.667,0.0,786.3333,5435.3335,3489.0,19.666666,0.0,1.0,7.0,11.666667,0.0,0.0,0.0,0
P035,2013-05-26 00:00:00-04:00,9201.188,46.622543,391.92426,6230.9814,2531.66,3.0,1.0,1.3333334,2.0,2.0,75973.0,21600.0,20987.334,16615.0,16770.666,845.0,0.0,146.33333,487.33334,211.33333,235.66667,0.0,160.33333,75.333336,0.0,77029.664,20861.334,20457.334,15646.333,20064.666,1080.6666,0.0,306.66666,562.6667,211.33333,1724.6666,0.0,0.0,950.0,774.6667,14536.0,0.0,1149.5,8153.0,5233.5,29.0,0.0,1.0,10.5,17.5,0.0,0.0,0.0,0
P035,2013-05-27 00:00:00-04:00,5894.4663,48.340454,371.0028,60.10401,5415.019,2.3333333,1.0,1.6666666,1.0,2.3333333,65093.0,18493.666,17394.666,17999.334,11205.333,697.0,0.0,154.66667,90.333336,452.0,162.0,0.0,153.0,0.33333334,8.666667,77898.336,21025.0,20315.666,16809.666,19748.0,859.0,0.0,307.66666,90.666664,460.66666,1792.3334,2.6666667,308.0,439.66666,1042.0,13311.0,0.0,2295.0,5924.0,5092.0,29.0,0.0,5.0,14.5,9.5,0.0,0.0,0.0,0
P035,2013-05-28 00:00:00-04:00,6556.7554,42.985287,247.93202,1159.6349,5106.203,2.6666667,1.0,1.6666666,2.0,2.0,63635.332,18493.666,17394.666,17999.334,9747.667,1613.6666,0.0,154.66667,861.6667,597.3333,605.0,0.0,153.0,365.33334,86.666664,80836.664,21213.666,20485.666,19228.0,19909.334,2218.6667,0.0,307.66666,1227.0,684.0,1880.3334,2.6666667,308.0,797.3333,772.3333,20777.0,0.0,2295.0,11993.5,6488.5,31.5,0.0,5.0,19.0,7.5,0.0,0.0,0.0,0
P035,2013-05-29 00:00:00-04:00,10897.945,47.726936,2605.9043,3127.2104,5117.1035,3.6666667,1.0,2.3333333,2.3333333,2.0,70026.664,18493.666,17394.666,19561.334,14577.0,2337.6667,65.666664,665.0,1009.6667,597.3333,710.6667,0.0,178.0,446.0,86.666664,79651.336,21197.666,19992.666,18717.666,19743.334,3048.3333,65.666664,843.0,1455.6666,684.0,2278.3333,69.333336,411.33334,1025.3334,772.3333,18063.0,0.0,3573.3333,10097.0,4392.6665,29.333334,0.0,6.6666665,17.0,5.6666665,0.0,0.0,0.0,0
P036,2013-03-30 00:00:00-04:00,13177.1455,2097.4045,6452.8057,3233.126,1393.8096,3.0,1.5,2.5,1.0,1.5,31765.0,7709.0,3870.0,9892.5,10293.5,5097.0,464.0,583.5,1017.5,3032.0,1007.0,14.5,332.5,401.0,259.0,74341.0,20274.5,19646.5,17958.5,16461.5,6104.0,478.5,916.0,1418.5,3291.0,2677.0,247.0,516.5,588.0,1325.5,22264.5,1442.5,307.5,5867.0,14647.5,30.5,3.0,1.0,13.5,13.0,6.56125,49.704445,113.62222,0
P036,2013-03-31 00:00:00-04:00,15233.8125,1420.4814,6450.99,4296.8965,3065.4443,2.6666667,1.3333334,2.3333333,1.3333334,1.6666666,38635.668,6813.6665,3964.6667,13795.0,14062.333,3979.3333,393.0,539.6667,935.3333,2111.3333,841.3333,9.666667,311.0,348.0,172.66667,73662.336,20027.0,19613.666,18243.666,15778.0,4820.6665,402.66666,850.6667,1283.3334,2284.0,2571.6667,421.33334,440.0,627.0,1083.3334,20238.334,1244.3334,1435.0,6290.0,11269.0,33.666668,3.3333333,2.0,15.333333,13.0,6.9281945,49.342224,116.19556,0
P036,2013-04-01 00:00:00-04:00,24513.104,3579.9783,6475.49,7262.622,7195.012,2.6666667,2.0,2.0,2.0,2.0,43091.0,8141.0,4337.0,16418.666,14194.333,3838.3333,453.0,940.0,797.0,1648.3334,905.6667,87.333336,385.66666,256.33334,176.33333,73609.664,19844.666,19321.0,18319.666,16124.333,4744.0,540.3333,1325.6666,1053.3334,1824.6666,3131.0,663.6667,453.0,983.3333,1031.0,17809.334,3472.0,1758.3334,5615.3335,6963.6665,40.0,8.333333,3.3333333,15.666667,12.666667,5.993935,54.768147,114.14741,0
P036,2013-04-02 00:00:00-04:00,25722.338,2257.929,6665.5913,5159.6934,11639.125,3.0,1.6666666,2.3333333,2.0,3.0,46117.668,6669.0,5571.6665,15538.0,18339.0,2856.6667,234.0,1118.0,662.6667,842.0,954.0,77.666664,264.33334,217.0,395.0,74928.336,20111.0,18859.666,19239.0,16718.666,3810.6667,311.66666,1382.3334,879.6667,1237.0,3021.0,511.0,648.6667,733.6667,1127.6666,16549.0,2537.3333,3157.0,5647.3335,5207.3335,44.333332,6.6666665,6.3333335,16.333334,15.0,6.152824,51.497036,112.14741,0
P036,2013-04-03 00:00:00-04:00,26177.111,4503.004,6707.658,3038.5815,11927.868,3.6666667,2.3333333,2.6666667,1.6666666,3.3333333,42004.668,6714.3335,7260.0,12761.333,15269.0,3075.6667,238.66667,1206.0,703.6667,927.3333,1435.0,239.0,335.66666,221.66667,638.6667,76356.336,19858.0,18728.334,19499.334,18270.666,4510.6665,477.66666,1541.6666,925.3333,1566.0,2998.6667,697.6667,709.0,514.6667,1077.3334,14734.333,3061.3333,2202.0,5021.0,4450.0,41.0,7.3333335,7.0,13.0,13.666667,5.5816665,52.755554,108.83667,0
P036,2013-04-04 00:00:00-04:00,18306.322,2403.7817,6784.167,75.48285,9042.892,3.6666667,1.6666666,3.0,1.0,3.0,38683.0,3724.0,9524.0,11496.0,13939.0,2302.0,91.0,840.6667,613.3333,757.0,1193.0,161.33333,326.66666,158.33333,546.6667,77940.664,20204.334,19001.334,20039.334,18695.666,3495.0,252.33333,1167.3334,771.6667,1303.6666,2220.3333,443.33334,677.3333,159.0,940.6667,12008.667,806.6667,2345.6667,3976.6667,4879.6665,34.333332,2.0,7.0,11.333333,14.0,7.0484724,38.68111,106.496666,0
P036,2013-04-05 00:00:00-04:00,17755.076,2375.9905,6586.9663,53.334255,8738.786,3.6666667,1.6666666,2.6666667,1.0,3.0,40038.332,4030.3333,8702.0,11768.333,15537.667,2340.3333,91.0,646.3333,330.66666,1272.3334,1625.0,161.33333,399.66666,320.66666,743.3333,77993.0,20229.0,19411.0,20320.666,18032.334,3965.3333,252.33333,1046.0,651.3333,2015.6666,1975.0,455.66666,457.66666,84.0,977.6667,12132.0,837.0,1928.3334,4152.0,5214.6665,36.333332,2.3333333,7.0,13.0,14.0,7.0590277,37.47111,105.37111,1
P036,2013-04-06 00:00:00-04:00,13501.244,160.06488,4453.5864,2381.1667,6506.426,3.3333333,1.0,2.0,1.6666666,2.6666667,35770.332,3352.6667,6896.6665,9256.667,16264.333,1797.6666,4.6666665,407.66666,190.33333,1195.0,1220.0,0.0,239.0,405.66666,575.3333,79511.0,20943.666,20062.334,20276.0,18229.0,3017.6667,4.6666665,646.6667,596.0,1770.3334,1765.3334,81.666664,303.33334,276.66666,1103.6666,12827.0,45.5,2480.0,3599.5,6702.0,39.5,0.5,7.5,15.0,16.5,7.0590277,37.47111,105.37111,1
P036,2013-04-07 00:00:00-04:00,15917.101,2246.6265,2268.6184,4716.683,6685.173,3.6666667,1.3333334,1.3333334,2.6666667,3.0,33067.668,4959.3335,5113.0,8358.333,14637.0,2027.0,80.333336,236.0,803.3333,907.3333,1825.6666,113.333336,173.33333,891.3333,647.6667,78634.0,20560.0,20418.666,18965.0,18690.334,3852.6667,193.66667,409.33334,1694.6666,1555.0,1937.0,294.33334,151.0,495.33334,996.3333,15005.0,91.0,2944.0,4165.0,7805.0,47.0,1.0,9.0,19.0,18.0,6.82625,48.18222,114.22,1
P036,2013-04-08 00:00:00-04:00,16470.986,2297.8464,1105.9617,8223.059,4844.1196,4.0,1.3333334,1.3333334,4.0,2.6666667,27935.0,4034.3333,4663.3335,6272.3335,12965.0,2465.3333,80.333336,469.0,1518.6666,397.33334,1228.0,113.333336,82.333336,742.0,290.33334,79016.336,20689.666,20306.0,18048.0,19972.666,3693.3333,193.66667,551.3333,2260.6667,687.6667,1812.3334,287.33334,166.66667,839.0,519.3333,0.0,0.0,0.0,0.0,0.0,0.0,0.0,0.0,0.0,0.0,6.711111,46.673332,111.79,0
P036,2013-04-09 00:00:00-04:00,18562.604,2283.5635,3401.9558,5898.8945,6978.189,4.0,1.3333334,2.0,3.3333333,3.0,30036.0,4527.6665,6694.0,6360.6665,12453.667,2637.0,171.0,649.0,1432.6666,384.33334,1311.0,266.0,107.333336,571.6667,366.0,78620.0,20234.334,19777.334,18545.0,20063.334,3948.0,437.0,756.3333,2004.3334,750.3333,2032.0,377.66666,318.33334,773.0,563.0,9565.0,0.0,0.0,4839.0,4726.0,38.0,0.0,0.0,18.0,20.0,6.642546,45.194073,109.76222,0
P036,2013-04-10 00:00:00-04:00,17018.97,187.4213,5691.488,4003.9329,7136.129,4.3333335,1.0,2.6666667,2.6666667,3.0,34176.332,3502.0,8097.0,7065.6665,15511.667,2720.6667,92.666664,803.3333,1187.3334,637.3333,1119.0,152.66667,276.66666,393.0,296.66666,79444.664,20754.666,19661.334,19290.666,19738.0,3839.6667,245.33333,1080.0,1580.3334,934.0,2003.6666,302.66666,425.0,570.6667,705.3333,11826.0,409.0,294.5,5243.0,5879.5,43.0,1.5,2.0,19.0,20.5,6.6644907,42.914814,107.658516,0
P036,2013-04-11 00:00:00-04:00,12671.026,217.44598,7070.682,518.72455,4864.1733,4.0,1.0,3.0,1.3333334,2.6666667,33621.0,4347.0,9406.667,6759.3335,13108.0,2039.6666,92.666664,650.0,448.33334,848.6667,1121.0,152.66667,363.33334,307.0,298.0,80579.0,20774.334,19617.666,20677.0,19510.0,3160.6667,245.33333,1013.3333,755.3333,1146.6666,2029.0,297.33334,630.6667,163.33333,937.6667,15017.333,272.66666,447.66666,5492.6665,8804.333,38.666668,1.0,3.0,16.0,18.666666,6.69875,41.79,106.80778,1
P036,2013-04-12 00:00:00-04:00,12723.745,2446.587,6949.9307,512.1723,2815.0552,4.3333335,1.6666666,3.0,1.3333334,2.3333333,34168.668,5229.0,8592.333,6565.6665,13781.667,2541.6667,159.33333,771.6667,522.6667,1088.0,1003.6667,148.0,346.33334,307.0,202.33333,80782.336,20915.0,19682.0,20695.0,19490.334,3545.3333,307.33334,1118.0,829.6667,1290.3334,1956.6666,371.33334,779.6667,37.0,768.6667,17068.666,928.0,1255.0,6381.3335,8504.333,40.0,3.0,6.6666665,14.0,16.333334,6.892083,41.344444,107.90889,1
P036,2013-04-13 00:00:00-04:00,16485.027,4699.645,7940.4185,72.97598,3771.9873,4.0,2.3333333,2.6666667,1.0,2.3333333,29797.0,5225.6665,6623.0,5212.3335,12736.0,3828.3333,381.66666,947.3333,222.33333,2277.0,600.3333,155.66667,242.0,0.0,202.66667,79064.664,20678.0,19213.0,21168.0,18005.666,4428.6665,537.3333,1189.3334,222.33333,2479.6667,2302.0,316.33334,1051.0,28.0,906.6667,15686.0,782.6667,1669.3334,5188.3335,8045.6665,33.333332,2.6666667,8.0,8.0,14.666667,7.4479165,41.322224,112.333336,1
P036,2013-04-14 00:00:00-04:00,17749.52,4748.875,7889.997,1385.5787,3725.0686,4.3333335,2.3333333,2.6666667,2.0,2.0,34197.0,5228.0,5369.0,9309.333,14290.667,3423.3333,382.33334,736.3333,523.0,1781.6666,2199.0,155.66667,231.66667,1673.3334,138.33333,77331.336,20508.0,19225.666,18915.666,18682.0,5622.3335,538.0,968.0,2196.3333,1920.0,2092.0,320.66666,1076.6666,110.0,584.6667,12397.667,880.0,1656.3334,5023.3335,4838.0,36.333332,3.0,7.3333335,10.0,16.0,7.4479165,41.322224,112.333336,0
P036,2013-04-15 00:00:00-04:00,17720.36,4806.207,5791.4604,3662.157,3460.5352,4.0,2.3333333,2.3333333,2.6666667,1.6666666,28484.0,4328.3335,4876.0,8825.333,10454.333,2930.0,373.66666,530.0,569.0,1457.3334,2069.6667,86.666664,223.66667,1676.6666,82.666664,77411.0,20491.0,19464.666,18367.0,19088.334,4999.6665,460.33334,753.6667,2245.6667,1540.0,1791.6666,189.0,783.0,385.0,434.66666,10617.0,534.0,1535.0,4205.3335,4342.6665,33.666668,2.0,5.6666665,10.0,16.0,6.772639,44.51,110.11889,1
P036,2013-04-16 00:00:00-04:00,14789.546,2499.4583,4910.591,6617.252,762.24493,4.0,1.6666666,2.3333333,3.3333333,1.6666666,31179.0,5072.0,4764.6665,11652.667,9689.667,1872.3334,151.33333,352.66666,775.0,593.3333,2306.3333,79.0,162.33333,1758.0,307.0,78372.0,20618.0,19907.334,17796.334,20050.334,4178.6665,230.33333,515.0,2533.0,900.3333,1247.0,175.0,496.0,566.3333,9.666667,8856.667,608.3333,1085.6666,4705.6665,2457.0,31.333334,3.0,3.3333333,14.333333,10.666667,6.097361,47.697777,107.90444,1
P036,2013-04-17 00:00:00-04:00,19995.662,4617.267,5004.4136,9591.436,782.54553,3.6666667,2.0,2.6666667,2.6666667,1.6666666,27701.334,4919.6665,3905.3333,11052.667,7823.6665,2635.6667,316.0,637.0,717.0,965.6667,748.3333,93.333336,252.0,96.0,307.0,78642.664,20089.0,19542.666,19271.334,19739.666,3384.0,409.33334,889.0,813.0,1272.6666,1950.0,406.66666,387.33334,1007.6667,148.33333,7517.5,766.5,1271.0,4310.0,1170.0,27.5,4.0,3.5,13.5,6.5,6.2959723,44.177776,105.973335,1
P036,2013-04-18 00:00:00-04:00,82284.24,4466.069,7082.6343,66559.445,4176.096,3.6666667,1.6666666,3.0,2.0,1.6666666,33332.332,5500.3335,4708.6665,11162.0,11961.333,4354.3335,482.33334,806.0,1034.6666,2031.3334,1231.3334,24.666666,290.0,309.0,607.6667,74192.664,20173.0,19338.334,16876.0,17805.334,5585.6665,507.0,1096.0,1343.6666,2639.0,4509.3335,393.66666,544.0,2940.6667,631.0,4658.0,605.0,484.0,3569.0,0.0,21.0,5.0,1.0,15.0,0.0,5.7006946,49.673332,106.706665,0
P036,2013-04-19 00:00:00-04:00,1708216.2,511302.88,4628.7026,1188731.2,3553.4492,3.0,1.6666666,2.6666667,1.3333334,1.3333334,42005.332,6729.3335,10465.333,10848.333,13962.333,5226.6665,1033.0,688.6667,1258.6666,2246.3333,1432.0,228.66667,336.0,372.0,495.33334,64189.332,19160.666,14767.667,13479.333,16781.666,6658.6665,1261.6666,1024.6666,1630.6666,2741.6667,5332.0,524.6667,478.33334,3706.0,623.0,28515.0,4760.0,1725.0,5703.0,16327.0,45.0,12.0,5.0,12.0,16.0,5.7006946,49.673332,106.706665,0
P036,2013-04-20 00:00:00-04:00,1733964.1,509075.34,4465.734,1216902.9,3520.1365,2.3333333,1.6666666,2.0,1.3333334,1.0,38446.0,8018.0,10945.333,7285.6665,12197.0,7369.3335,930.3333,712.3333,2419.6667,3307.0,1747.3334,214.33333,325.33334,512.0,695.6667,58683.0,19563.0,15000.333,10946.0,13173.667,9116.667,1144.6666,1037.6666,2931.6667,4002.6667,8185.0,356.0,330.66666,4739.6665,2758.6667,34375.5,4729.0,2295.0,12509.0,14842.5,41.5,9.0,5.5,15.5,11.5,5.7472224,53.84,111.24555,0
P036,2013-04-21 00:00:00-04:00,1675110.9,506903.0,2252.9998,1165818.2,136.5446,2.0,1.0,1.0,1.3333334,1.0,41449.0,6879.6665,9443.667,12836.0,12289.667,7301.3335,613.3333,592.6667,3639.0,2456.3333,1696.6666,204.0,287.33334,810.3333,395.0,60106.332,19809.0,15119.667,10192.0,14985.667,8998.0,817.3333,880.0,4449.3335,2851.3333,6948.3335,267.0,248.0,4081.3333,2352.0,29813.0,3414.6667,1661.0,13387.0,11350.333,38.333332,6.6666665,4.0,17.333334,10.333333,6.0681944,48.834446,108.80778,0
P036,2013-04-22 00:00:00-04:00,109951.57,69.6004,58743.69,51115.28,22.998192,2.3333333,1.0,1.3333334,1.6666666,0.33333334,38296.668,7147.0,4863.0,14944.0,11342.667,8158.0,62.666668,735.6667,4128.0,3231.6667,2819.6667,0.0,241.0,1304.6666,1274.0,63727.0,21066.334,18509.334,10496.0,13655.333,10977.667,62.666668,976.6667,5432.6665,4505.6665,10345.0,69.666664,1677.6666,5382.3335,3215.3333,27492.0,2597.6667,1230.3334,14750.667,8913.333,40.0,4.0,3.3333333,19.666666,13.0,6.0681944,48.834446,108.80778,0
P036,2013-04-23 00:00:00-04:00,79452.37,42.89685,56727.426,18615.99,4066.0518,2.3333333,0.6666667,1.0,1.0,1.0,49236.668,6966.0,4887.0,19888.666,17495.0,7233.6665,138.33333,566.0,4010.0,2519.3333,3614.6667,0.0,100.0,2095.3333,1419.3334,66399.0,21150.666,19012.0,10752.0,15484.333,10848.333,138.33333,666.0,6105.3335,3938.6667,8390.333,77.0,1670.0,4576.3335,2067.0,22468.334,1220.0,786.6667,11842.0,8619.667,42.333332,4.0,2.6666667,19.0,16.666666,6.4547224,48.23111,111.29667,0
P036,2013-04-24 00:00:00-04:00,2424545.8,1782661.5,563814.56,11524.879,66544.734,2.6666667,1.0,1.3333334,1.0,1.6666666,48915.332,6417.3335,6474.6665,19669.666,16353.667,6585.0,352.66666,607.6667,2949.3333,2675.3333,4154.0,137.33333,391.0,1964.6666,1661.0,63991.0,20690.666,18119.666,12696.667,12484.0,10739.0,490.0,998.6667,4914.0,4336.3335,10537.333,295.0,2271.3333,3610.3333,4360.6665,26841.0,4158.0,3959.6667,10171.0,8552.333,54.333332,9.666667,9.333333,16.0,19.333334,4.9090276,55.824444,106.524445,0
P036,2013-04-25 00:00:00-04:00,2363921.2,1782740.2,509676.0,2298.3086,69206.68,3.3333333,1.0,1.6666666,1.3333334,3.3333333,45103.668,4403.3335,6679.0,17773.334,16248.0,4578.0,352.66666,514.0,2289.6667,1421.6666,2854.6667,137.33333,462.66666,1577.3334,677.3333,70053.0,20303.0,19098.334,15653.333,14998.333,7432.6665,490.0,976.6667,3867.0,2099.0,6428.3335,363.66666,982.0,1353.6666,3729.0,23454.666,3812.0,3980.0,8284.0,7378.6665,48.333332,8.666667,9.0,15.0,15.666667,5.580509,51.49259,107.564445,0
P036,2013-04-26 00:00:00-04:00,2363212.5,1782822.1,511787.22,2652.9482,65950.305,3.6666667,1.0,2.3333333,2.0,3.3333333,50254.332,9235.667,10643.0,17561.666,12814.0,2553.6667,214.33333,637.3333,1001.0,701.0,1582.3334,137.33333,478.0,635.3333,331.66666,75333.336,20456.666,18903.334,18698.666,17274.666,4136.0,351.66666,1115.3334,1636.3334,1032.6666,4510.6665,289.0,999.3333,612.6667,2609.6667,18240.0,3640.3333,3660.6667,6546.0,4393.0,45.666668,7.0,9.0,15.0,14.666667,4.690417,53.34667,102.297775,0
P036,2013-04-27 00:00:00-04:00,15463.311,2477.3098,7136.6772,1834.6632,4014.6602,4.0,1.3333334,3.0,2.3333333,3.0,46564.0,10164.333,9667.0,16444.334,10288.333,2548.3333,85.0,669.3333,566.6667,1227.3334,1562.0,93.666664,274.0,266.0,928.3333,79711.0,20858.0,19754.334,20333.0,18765.666,4110.3335,178.66667,943.3333,832.6667,2155.6667,905.0,157.0,475.33334,32.666668,240.0,9372.333,671.6667,380.0,3940.0,4380.6665,33.333332,2.0,2.3333333,14.666667,14.333333,6.8693056,41.88111,108.263336,0
P036,2013-04-28 00:00:00-04:00,20382.566,4541.0376,7129.624,6832.724,1879.1814,3.6666667,1.6666666,3.0,2.3333333,2.0,41819.668,9034.333,8115.3335,14227.667,10442.333,2868.0,156.66667,919.6667,751.6667,1040.0,2647.6667,234.33333,279.0,1294.3334,840.0,79174.336,20804.334,19812.666,19097.334,19460.0,5515.6665,391.0,1198.6666,2046.0,1880.0,1051.6666,248.0,417.33334,310.33334,76.0,7858.6665,846.6667,900.6667,3528.6667,2582.6667,32.666668,3.6666667,5.0,13.666667,10.333333,6.3101387,45.78,107.68889,0
P036,2013-04-29 00:00:00-04:00,22494.945,6750.7964,6936.773,7013.4595,1793.9174,3.6666667,2.3333333,2.6666667,2.3333333,2.0,24233.666,2858.6667,3656.0,9465.333,8253.667,2901.6667,382.66666,725.6667,753.3333,1040.0,2775.6667,315.0,326.33334,1294.3334,840.0,78899.664,20377.334,19937.0,19106.666,19478.666,5677.3335,697.6667,1052.0,2047.6666,1880.0,1110.0,327.0,411.66666,301.0,70.333336,8996.333,915.0,708.6667,3676.6667,3696.0,33.666668,4.0,3.6666667,12.0,14.0,6.074861,47.168888,107.19556,0
P036,2013-04-30 00:00:00-04:00,23347.15,5088.0913,6152.1567,7668.882,4438.0205,3.6666667,2.3333333,2.6666667,2.3333333,2.6666667,26643.0,1830.3334,3106.3333,9354.333,12352.0,2193.3333,312.33334,513.6667,521.3333,846.0,2832.0,289.66666,250.33333,2159.3333,132.66667,79819.664,20578.334,20345.666,18539.334,20356.334,5025.3335,602.0,764.0,2680.6667,978.6667,1021.3333,242.66667,338.33334,282.33334,158.0,9608.0,1484.3334,1314.3334,4317.6665,2491.6667,30.333334,4.6666665,4.6666665,11.0,10.0,5.6168056,51.128147,107.49037,0
P036,2013-05-01 00:00:00-04:00,19482.652,2991.7634,6337.887,2691.1218,7461.879,4.0,2.0,3.0,2.0,3.0,33591.668,1618.6666,5281.0,13467.333,13224.667,2349.6667,476.33334,338.0,187.66667,1347.6666,2781.6667,149.0,236.0,1517.0,879.6667,80286.664,20618.666,20687.0,19881.0,19100.0,5131.3335,625.3333,574.0,1704.6666,2227.3333,773.6667,248.0,265.66666,6.3333335,253.66667,10986.0,1328.5,943.5,5027.0,3687.0,30.5,4.0,2.0,10.0,14.5,5.101898,55.223705,107.46667,0
P036,2013-05-02 00:00:00-04:00,24379.562,1022.28534,6892.328,7548.872,8916.077,5.6666665,1.6666666,3.6666667,3.3333333,3.3333333,43186.332,3712.6667,5865.6665,17808.666,15799.333,3234.6667,394.66666,382.0,945.3333,1512.6666,3219.6667,68.333336,326.0,1865.0,960.3333,77903.336,20929.334,20571.666,17880.334,18522.0,6454.3335,463.0,708.0,2810.3333,2473.0,1821.3334,172.33333,270.66666,849.3333,529.0,13090.0,2577.5,3127.0,6016.5,1369.0,32.5,6.5,8.0,10.0,8.0,4.929213,56.171112,107.03259,0
P036,2013-05-03 00:00:00-04:00,25690.328,479.81647,10230.768,9243.624,5736.12,6.3333335,1.3333334,4.3333335,3.3333333,2.3333333,46205.668,4232.6665,8296.333,17229.666,16447.0,3227.0,380.0,763.3333,1274.3334,809.3333,2366.6667,0.0,415.33334,1122.0,829.3333,75703.0,20950.666,19780.334,17986.334,16985.666,5593.6665,380.0,1178.6666,2396.3333,1638.6666,2203.0,170.66667,518.3333,1072.6666,441.33334,14194.5,1376.5,4442.5,6487.5,1888.0,32.0,3.5,10.5,9.5,8.5,5.3568983,51.082222,105.36519,0
P036,2013-05-05 00:00:00-04:00,18618.62,139.92744,10724.901,4366.4316,3387.3586,5.5,1.0,4.0,2.0,1.5,45023.5,5731.5,9005.0,14291.0,15996.0,2415.5,0.0,1347.0,720.0,348.5,568.0,0.0,157.0,287.5,123.5,74677.5,19289.0,18956.5,19833.5,16598.5,2983.5,0.0,1504.0,1007.5,472.0,1939.5,0.0,876.5,431.0,632.0,9953.0,0.0,2535.5,3303.5,4114.0,16.0,0.0,6.0,6.0,4.0,6.7240276,37.544445,102.76444,0
P036,2013-05-06 00:00:00-04:00,20320.672,63.882343,11608.401,4491.5034,4156.8853,6.0,1.0,4.5,2.5,2.5,37036.5,6366.0,7143.0,12121.0,11406.5,2747.0,0.0,1348.5,612.5,786.0,2114.0,0.0,592.0,434.0,1088.0,75619.0,19174.5,18207.0,19640.5,18597.0,4861.0,0.0,1940.5,1046.5,1874.0,2185.0,0.0,1076.0,465.5,643.5,8245.0,0.0,2172.0,1939.0,4134.0,22.0,0.0,7.5,8.0,6.5,6.56625,40.364445,104.32222,0
P036,2013-05-07 00:00:00-04:00,20890.611,2202.0786,9913.069,3700.8174,5074.6465,5.3333335,1.6666666,3.6666667,2.6666667,2.6666667,38167.332,5948.3335,9184.667,11489.0,11545.333,3017.0,77.666664,1195.0,979.6667,764.6667,2267.6667,84.0,567.3333,721.3333,895.0,75649.336,19396.666,18426.666,19070.334,18755.666,5284.6665,161.66667,1762.3334,1701.0,1659.6666,2165.0,228.66667,961.0,325.33334,650.0,9070.0,107.333336,1820.6666,2601.3333,4540.6665,28.333334,0.6666667,7.0,10.0,10.666667,6.56625,40.364445,104.32222,0
P036,2013-05-08 00:00:00-04:00,27133.285,2267.134,10012.931,8753.417,6099.804,5.3333335,1.6666666,3.6666667,3.3333333,3.3333333,33627.332,3767.0,10195.0,10417.333,9248.0,2860.0,86.333336,716.6667,1457.3334,599.6667,2649.0,84.666664,755.3333,898.6667,910.3333,76269.336,20563.666,18635.666,18181.666,18888.334,5509.0,171.0,1472.0,2356.0,1510.0,2207.6667,310.33334,917.3333,448.33334,531.6667,9580.0,158.0,2065.6667,4294.6665,3061.6667,35.333332,1.3333334,8.666667,14.666667,10.666667,6.578889,38.875557,102.93445,0
P036,2013-05-09 00:00:00-04:00,24500.111,2285.8518,6930.872,6659.8604,8623.527,5.3333335,1.6666666,3.0,3.3333333,3.6666667,33939.668,4479.6665,9458.667,10024.333,9977.0,3003.6667,86.333336,508.33334,1430.6666,978.3333,1969.6666,84.666664,676.6667,678.0,530.3333,76619.0,20433.334,19158.666,18491.334,18535.666,4973.3335,171.0,1185.0,2108.6667,1508.6666,1936.6666,310.33334,564.0,277.66666,784.6667,12011.333,158.0,1521.6666,5458.0,4873.6665,35.333332,1.3333334,6.3333335,13.0,14.666667,6.591528,37.386665,101.54667,0
P036,2013-05-10 00:00:00-04:00,33698.914,163.04108,8390.348,9266.151,15879.373,6.0,1.0,3.3333333,3.3333333,4.3333335,26622.666,3501.0,7764.0,6772.3335,8585.333,2247.3333,8.666667,404.66666,881.0,953.0,1598.6666,0.6666667,677.6667,403.0,517.3333,76573.0,20724.666,19047.334,18759.0,18042.0,3846.0,9.333333,1082.3334,1284.0,1470.3334,2684.6667,81.666664,670.3333,725.0,1207.6666,12300.0,50.666668,2533.3333,5609.0,4107.0,29.0,0.6666667,6.0,11.333333,11.0,5.5256944,49.58889,105.22222,0
P036,2013-05-11 00:00:00-04:00,25887.78,146.52808,8370.952,4515.2983,12855.0,5.6666665,1.0,3.0,2.6666667,3.6666667,27492.0,4200.0,9128.667,5006.6665,9156.667,2472.3333,0.0,518.3333,751.0,1203.0,1547.3334,0.0,490.66666,469.66666,587.0,76563.664,20700.334,19114.0,18808.334,17941.0,4019.6667,0.0,1009.0,1220.6666,1790.0,2104.3333,2.6666667,560.3333,633.0,908.3333,13768.667,0.0,2319.3333,5207.6665,6241.6665,28.666666,0.0,4.3333335,8.666667,15.666667,4.9740276,51.918888,103.138885,0
P036,2013-05-12 00:00:00-04:00,30993.686,2303.263,12369.353,4388.316,11932.754,4.6666665,1.6666666,2.3333333,2.3333333,2.6666667,26622.334,3321.3333,12018.667,4990.6665,6291.6665,4701.6665,84.666664,3314.3333,760.0,542.6667,1461.0,165.66667,359.33334,456.0,480.0,72731.336,20192.666,16682.666,16930.334,18925.666,6162.6665,250.33333,3673.6667,1216.0,1022.6667,2196.3333,229.66667,593.6667,636.6667,736.3333,10522.0,760.0,2207.6667,3598.3333,3956.0,26.666666,3.3333333,5.0,9.0,9.333333,4.6041203,52.725925,100.986664,0
P036,2013-05-13 00:00:00-04:00,24699.082,2316.1567,11430.465,6410.664,4541.7964,4.0,1.6666666,2.3333333,2.3333333,1.6666666,31711.0,3141.0,10487.667,10730.667,7351.6665,4516.0,90.0,3268.6667,826.6667,330.66666,1665.0,228.33333,280.0,677.6667,479.0,74259.664,20109.666,17298.334,16997.0,19854.666,6181.0,318.33334,3548.6667,1504.3334,809.6667,1579.6666,238.0,407.66666,595.0,339.0,7983.6665,760.0,823.3333,3183.6667,3216.6667,24.333334,3.3333333,3.3333333,8.666667,9.0,4.67625,48.193333,97.03111,0
P036,2013-05-14 00:00:00-04:00,30646.666,2287.272,11548.893,12469.4,4341.1025,4.6666665,1.6666666,3.0,3.3333333,1.3333334,34458.0,1639.3334,7969.6665,16196.333,8652.667,3825.6667,90.0,3265.3333,365.33334,105.0,1613.6666,228.33333,370.0,703.6667,311.66666,75702.0,20441.334,17561.666,17306.334,20392.666,5439.3335,318.33334,3635.3333,1069.0,416.66666,2200.3333,235.33333,396.0,1022.3333,546.6667,7751.3335,931.3333,879.6667,3812.6667,2127.6667,29.0,4.0,3.6666667,13.0,8.333333,5.8330555,47.332222,105.424446,0
P036,2013-05-15 00:00:00-04:00,30765.084,2512.954,7589.586,18437.842,2224.7031,5.6666665,1.6666666,3.3333333,4.6666665,1.3333334,36963.332,2979.3333,5798.6665,16194.333,11991.0,1054.0,22.333334,383.0,479.33334,169.33333,1460.3334,221.33333,335.0,748.3333,155.66667,80858.664,20741.0,20405.0,18917.0,20795.666,2514.3333,243.66667,718.0,1227.6666,325.0,2662.3333,311.66666,471.0,1404.0,475.66666,11488.333,813.0,1112.0,7086.6665,2476.6667,32.333332,3.0,2.6666667,16.666666,10.0,7.8018055,40.324444,114.166664,0
P036,2013-05-16 00:00:00-04:00,32033.588,4931.3774,7269.021,18702.504,1130.6859,7.0,2.3333333,3.6666667,5.3333335,2.0,38045.332,4994.0,6288.6665,14604.333,12158.333,2330.6667,91.666664,322.66666,1477.0,439.33334,2135.0,248.66667,320.66666,693.0,872.6667,79066.336,20801.0,20398.334,17827.666,20039.334,4465.6665,340.33334,643.3333,2170.0,1312.0,2793.0,454.0,553.3333,1550.0,235.66667,12116.667,1421.0,2032.0,6465.6665,2198.0,35.333332,5.3333335,6.3333335,16.0,7.6666665,7.8018055,40.324444,114.166664,0
P036,2013-05-17 00:00:00-04:00,35227.41,7528.258,7514.168,12536.42,7648.5635,7.3333335,3.3333333,4.0,5.0,3.3333333,35377.668,6057.3335,7001.6665,11281.667,11037.0,2952.6667,164.0,579.0,1608.0,601.6667,2673.3333,410.0,564.3333,670.0,1029.0,77799.664,20387.334,19764.0,18203.666,19444.666,5626.0,574.0,1143.3334,2278.0,1630.6666,2894.6667,619.6667,674.0,1098.6666,502.33334,11226.0,1874.5,2640.5,6102.0,609.0,30.0,7.0,7.5,12.0,3.5,5.025139,49.44,101.068886,0
P036,2013-05-18 00:00:00-04:00,29203.578,5145.559,4999.712,6137.452,12920.855,6.3333335,2.6666667,3.3333333,3.3333333,4.3333335,37155.668,10716.333,9558.0,8278.0,8603.333,2968.3333,147.0,485.0,1252.3334,1084.0,2352.0,251.33333,419.0,625.3333,1056.3334,74530.664,20856.334,15923.333,19067.0,18684.0,5320.3335,398.33334,904.0,1877.6666,2140.3333,2157.6667,316.33334,451.66666,636.3333,753.3333,7364.5,912.0,1789.0,2511.5,2152.0,26.0,3.5,8.0,10.0,4.5,5.025139,49.44,101.068886,0
P036,2013-05-19 00:00:00-04:00,20236.887,2796.3125,5003.575,564.56824,11872.431,4.6666665,2.0,3.0,2.0,3.3333333,33502.332,8156.3335,10013.0,10361.0,4972.0,1536.6666,72.333336,487.33334,166.33333,810.6667,1133.3334,161.33333,486.33334,302.0,183.66667,77932.664,21172.0,15870.333,21043.666,19846.666,2670.0,233.66667,973.6667,468.33334,994.3333,1416.6666,165.66667,434.66666,69.666664,746.6667,7161.0,0.0,795.5,2274.0,4091.5,26.0,0.0,4.5,9.5,12.0,5.025139,49.44,101.068886,0
P036,2013-05-20 00:00:00-04:00,16185.51,2547.3296,5304.7334,278.9236,8054.523,4.3333335,1.6666666,3.0,1.3333334,3.3333333,31062.666,7678.3335,9374.667,8650.0,5359.6665,1869.3334,76.666664,339.33334,171.0,1282.3334,770.6667,162.33333,220.66667,67.0,320.66666,77859.664,21134.0,16433.0,21280.666,19012.0,2640.0,239.0,560.0,238.0,1603.0,1508.0,211.33333,300.66666,77.0,919.0,9092.667,201.66667,859.6667,3240.3333,4791.0,29.666666,0.33333334,5.3333335,11.666667,12.333333,6.8870835,35.906666,102.431114,0
P036,2013-05-21 00:00:00-04:00,13249.592,2551.7483,7660.5586,257.43417,2779.8513,4.3333335,1.6666666,4.0,1.3333334,2.3333333,24480.334,1033.6666,7353.0,11308.333,4785.3335,1477.6666,76.666664,502.0,173.33333,725.6667,883.6667,162.33333,293.0,135.0,293.33334,81828.0,20957.334,20199.666,21013.666,19657.334,2361.3333,239.0,795.0,308.33334,1019.0,1357.0,211.33333,416.66666,78.666664,650.3333,11708.333,201.66667,1141.6666,3973.6667,6391.3335,32.666668,0.33333334,5.3333335,12.0,15.0,6.240972,35.43,96.78555,1
P036,2013-05-22 00:00:00-04:00,21829.807,4660.3657,7478.228,1209.9546,8481.259,5.3333335,2.6666667,4.0,2.3333333,3.3333333,34876.0,8233.667,9407.0,8395.333,8840.0,2249.0,314.66666,650.3333,321.33334,962.6667,743.0,162.33333,145.66667,138.33333,296.66666,80699.664,20440.0,20235.666,20794.334,19229.666,2992.0,477.0,796.0,459.66666,1259.3334,1526.6666,283.0,272.33334,145.66667,825.6667,12983.333,964.3333,1954.3334,4966.3335,5098.3335,36.0,1.6666666,9.333333,15.0,10.0,6.240972,35.43,96.78555,1
P036,2013-05-23 00:00:00-04:00,18749.084,4445.877,6799.838,1635.2759,5868.0923,5.0,2.3333333,3.0,3.0,2.0,29537.666,7949.0,7723.6665,7996.0,5869.0,1216.0,245.66667,482.0,185.66667,302.66666,514.3333,0.0,72.333336,438.66666,3.3333333,82489.664,20712.0,20310.334,20594.334,20873.0,1730.3334,245.66667,554.3333,624.3333,306.0,867.3333,210.33333,352.0,129.66667,175.33333,11002.333,762.6667,1625.0,4128.3335,4486.3335,33.0,1.3333334,7.0,12.666667,12.0,4.972361,50.74111,101.94778,0
P036,2013-05-24 00:00:00-04:00,33554.37,6711.588,9143.302,8119.5366,9579.943,6.0,2.6666667,3.0,4.0,2.3333333,29764.334,8551.333,7914.3335,7115.6665,6183.0,2732.0,313.33334,690.6667,1273.3334,454.66666,1149.6666,167.0,153.66667,822.0,7.0,79263.336,20451.334,19950.666,18281.334,20580.0,3881.6667,480.33334,844.3333,2095.3333,461.66666,2327.6667,394.0,543.3333,1050.3334,340.0,5794.0,1127.6666,1070.3334,2144.6667,1451.3334,21.333334,2.0,5.3333335,7.6666665,6.3333335,5.447222,54.532223,109.53778,0
P036,2013-05-25 00:00:00-04:00,27211.361,4597.3696,7666.2017,10977.657,3970.1316,4.6666665,1.6666666,2.6666667,3.3333333,1.3333334,22650.334,3978.3333,5899.0,6340.0,6433.0,2305.0,231.33333,564.3333,1291.6666,217.66667,1411.0,234.0,221.33333,952.0,3.6666667,78748.0,20367.0,19741.666,17642.334,20997.0,3716.0,465.33334,785.6667,2243.6667,221.33333,2627.6667,462.66666,621.6667,1370.0,173.33333,4054.0,547.5,0.0,1329.5,2177.0,15.0,1.0,0.0,4.5,9.5,5.447222,54.532223,109.53778,0
P036,2013-05-26 00:00:00-04:00,32377.645,2477.5984,8209.126,15643.21,6047.7104,5.0,1.3333334,3.0,3.3333333,2.3333333,30497.666,4070.3333,7764.6665,8419.667,10243.0,4379.3335,223.66667,1559.0,1897.3334,699.3333,2050.3333,234.0,884.6667,910.0,21.666666,74652.336,20541.666,18097.334,16598.0,19415.334,6429.6665,457.66666,2443.6667,2807.3333,721.0,3571.6667,324.0,641.3333,1788.6666,817.6667,765.0,547.5,0.0,0.0,217.5,2.5,1.0,0.0,0.0,1.5,6.3394446,47.243332,109.386665,0
P036,2013-05-27 00:00:00-04:00,23770.805,295.0629,5679.176,15295.2,2501.3655,4.6666665,1.0,2.6666667,4.0,2.3333333,31873.666,3037.6667,7747.3335,11179.667,9909.0,3311.0,156.0,1252.6666,1274.6666,627.6667,1709.3334,67.0,806.3333,818.0,18.0,76764.336,20701.666,18393.334,17836.0,19833.334,5020.3335,223.0,2059.0,2092.6667,645.6667,2486.3333,140.33333,505.66666,1186.3334,654.0,6593.0,897.0,967.0,3719.5,1009.5,20.5,4.0,4.0,5.5,7.0,5.165,50.9,103.64778,0
P036,2013-05-28 00:00:00-04:00,21668.44,196.4931,4979.256,11485.605,5007.086,5.3333335,1.0,2.3333333,3.6666667,3.3333333,35497.0,7610.6665,8979.0,11300.0,7607.3335,3053.3333,0.0,1143.0,1108.3334,802.0,1599.3334,0.0,738.6667,684.6667,176.0,74103.0,18904.0,17338.334,18646.0,19214.666,4652.6665,0.0,1881.6666,1793.0,978.0,2031.0,0.0,342.33334,801.3333,887.3333,7333.0,648.0,664.6667,3962.6667,2057.6667,26.0,3.3333333,3.0,8.333333,11.333333,5.165,50.9,103.64778,0
P036,2013-05-29 00:00:00-04:00,18393.055,187.52193,4630.8496,6255.345,7319.338,6.0,1.0,3.0,2.6666667,3.6666667,40832.0,8743.333,11787.0,13441.0,6860.6665,1555.6666,0.0,663.6667,475.66666,416.33334,844.3333,0.0,242.66667,363.66666,238.0,77429.664,18848.0,18229.666,20116.334,20235.666,2400.0,0.0,906.3333,839.3333,654.3333,1297.6666,0.0,414.0,321.66666,562.0,14782.0,648.0,4531.0,5488.0,4115.0,40.666668,3.3333333,8.666667,13.0,15.666667,4.381528,47.807777,94.28778,0
P039,2013-04-13 00:00:00-04:00,80773.58,217.5482,361.22128,218.48532,79976.32,2.0,1.0,2.0,1.0,2.0,86400.0,21600.0,21600.0,21600.0,21600.0,0.0,0.0,0.0,0.0,0.0,0.0,0.0,0.0,0.0,0.0,82488.0,20675.0,20627.0,20603.0,20583.0,0.0,0.0,0.0,0.0,0.0,13.0,0.0,0.0,0.0,13.0,6312.0,404.0,2280.0,493.0,3135.0,24.0,2.0,10.0,4.0,8.0,0.0,0.0,0.0,0
P039,2013-04-16 00:00:00-04:00,10808.359,232.12173,4459.758,2392.6406,3723.839,2.3333333,1.0,2.0,1.3333334,2.0,73238.0,21600.0,18641.666,14400.0,18596.334,501.33334,0.0,162.0,236.33333,103.0,138.66667,0.0,0.0,71.666664,67.0,83815.336,21259.666,20689.666,21012.0,20854.0,640.0,0.0,0.0,308.0,170.0,1058.6666,0.0,393.33334,154.0,511.33334,8016.3335,809.6667,811.0,2331.3333,4064.3333,37.666668,4.3333335,4.6666665,11.666667,17.0,0.0,0.0,0.0,0
P039,2013-04-17 00:00:00-04:00,11094.045,276.42996,4547.724,2474.6199,3795.2715,2.6666667,1.0,2.3333333,1.6666666,2.0,73152.0,21514.0,18641.666,14400.0,18596.334,501.33334,0.0,162.0,236.33333,103.0,138.66667,0.0,0.0,71.666664,67.0,84681.0,21595.334,21040.0,21131.666,20914.0,640.0,0.0,0.0,308.0,170.0,1058.6666,0.0,393.33334,154.0,511.33334,6278.0,762.0,707.0,1716.0,3093.0,30.333334,5.0,4.3333335,8.0,13.0,0.0,0.0,0.0,0
P039,2013-04-24 00:00:00-04:00,5257.3486,256.86908,272.78177,4504.2793,223.41882,2.0,1.0,1.3333334,1.6666666,1.3333334,72698.664,21600.0,20537.666,15420.667,15140.333,481.66666,0.0,0.0,340.33334,141.33333,2.3333333,0.0,0.0,2.3333333,0.0,82770.664,20985.334,20958.666,20067.0,20759.666,484.0,0.0,0.0,342.66666,141.33333,541.0,0.0,0.0,523.6667,17.333334,9155.667,476.66666,1015.3333,3553.3333,4110.3335,30.333334,2.6666667,5.3333335,10.0,12.333333,0.0,0.0,0.0,0
P041,2013-03-30 00:00:00-04:00,2519.9194,80.45071,829.5454,1501.0934,108.82986,5.0,1.0,2.5,4.0,1.0,56264.0,12459.5,13481.0,13177.5,17146.0,3336.5,0.0,595.0,2402.0,339.5,894.0,0.0,0.0,868.0,26.0,80981.5,21538.5,20824.5,17739.5,20879.0,4230.5,0.0,595.0,3270.0,365.5,829.0,5.0,104.0,470.5,249.5,21883.0,3649.0,3449.0,6975.0,7810.0,32.5,5.5,1.5,13.5,12.0,4.9565277,48.675556,106.58222,0
P041,2013-03-31 00:00:00-04:00,2399.3655,106.06811,608.5653,1312.8604,371.87164,4.6666665,1.0,2.0,4.0,1.6666666,58119.0,15506.333,16187.333,13090.667,13334.667,2924.3333,0.0,396.66666,2148.3333,379.33334,835.3333,0.0,0.0,578.6667,256.66666,81047.664,21501.666,21004.334,18053.334,20488.334,3759.6667,0.0,396.66666,2727.0,636.0,1010.0,3.3333333,69.333336,637.0,300.33334,20565.334,4043.0,2316.0,5900.0,8306.333,33.0,8.0,1.3333334,12.333333,11.333333,4.9565277,48.675556,106.58222,0
P041,2013-04-01 00:00:00-04:00,2260.519,97.57626,667.75867,988.6535,506.53067,4.6666665,1.0,2.3333333,4.0,2.3333333,53529.332,14409.0,16256.667,13555.667,9308.0,2040.3334,70.0,183.0,1284.3334,503.0,740.0,0.0,227.0,242.66667,270.33334,81850.336,21323.0,20869.666,19339.666,20318.0,2780.3333,70.0,410.0,1527.0,773.3333,716.0,0.0,72.666664,432.33334,211.0,15529.0,3854.6667,2074.6667,4475.6665,5124.0,28.0,7.0,2.0,10.333333,8.666667,6.387361,38.795555,108.14889,0
P041,2013-04-04 00:00:00-04:00,3239.7034,185.04085,649.8121,1227.6187,1177.2319,5.0,1.0,1.0,3.0,4.0,23074.0,6457.0,238.0,3082.0,13297.0,2582.0,0.0,9.0,962.0,1611.0,67.0,0.0,0.0,2.0,65.0,83209.0,21587.0,21591.0,20399.0,19632.0,2649.0,0.0,9.0,964.0,1676.0,529.0,8.0,0.0,234.0,287.0,12506.0,5366.0,0.0,2823.0,4317.0,18.0,8.0,0.0,4.0,6.0,6.112639,60.315556,127.47111,0
P041,2013-04-05 00:00:00-04:00,2891.9744,141.18684,976.406,1146.6818,627.6997,5.5,1.0,2.5,4.0,2.5,36666.5,3275.5,3601.5,12341.0,17448.5,2823.0,1.0,596.5,1420.0,805.5,37.0,0.0,0.0,4.5,32.5,82922.5,21582.5,20895.5,19839.5,20605.0,2860.0,1.0,596.5,1424.5,838.0,590.0,10.5,104.0,332.0,143.5,15707.5,3676.0,3732.5,6105.0,2194.0,20.0,6.5,4.0,6.0,3.5,6.6030555,48.917778,119.996666,0
P041,2013-04-06 00:00:00-04:00,2167.0757,125.333275,685.0259,922.66614,434.05048,4.6666665,1.0,2.0,3.6666667,2.0,53244.332,9383.667,9601.0,15427.333,18832.334,2258.0,0.6666667,397.66666,1322.6666,537.0,24.666666,0.0,0.0,3.0,21.666666,83454.664,21560.0,21082.334,19964.0,20848.334,2282.6667,0.6666667,397.66666,1325.6666,558.6667,399.33334,7.0,69.333336,227.33333,95.666664,11470.0,3335.0,2488.3333,4160.6665,1486.0,15.333333,5.3333335,2.6666667,4.6666665,2.6666667,6.6030555,48.917778,119.996666,0
P041,2013-04-09 00:00:00-04:00,1968.5447,130.97191,177.73088,1302.742,357.09985,5.0,1.0,1.0,4.0,2.0,46121.0,21600.0,20387.0,64.0,4070.0,3317.0,0.0,0.0,2365.0,952.0,209.0,0.0,10.0,199.0,0.0,82574.0,21596.0,21587.0,18992.0,20399.0,3526.0,0.0,10.0,2564.0,952.0,281.0,0.0,0.0,38.0,243.0,9401.0,1352.0,272.0,4618.0,3159.0,17.0,1.0,1.0,6.0,9.0,0.0,0.0,0.0,0
P041,2013-04-10 00:00:00-04:00,3192.3826,108.460304,745.7534,1236.2655,1101.9033,7.5,1.0,2.5,4.0,3.5,48576.5,21600.0,17277.0,5291.0,4408.5,4350.0,0.0,685.0,1670.0,1995.0,634.5,0.0,8.0,103.5,523.0,80665.0,21597.0,20891.5,19460.5,18716.0,4984.5,0.0,693.0,1773.5,2518.0,728.0,0.0,10.5,358.5,359.0,17280.0,1039.0,3663.0,6424.0,6154.0,18.0,2.5,1.5,4.5,9.5,0.0,0.0,0.0,0
P041,2013-04-11 00:00:00-04:00,2922.6025,138.1444,734.27985,1299.3403,750.8379,6.6666665,1.0,2.0,4.0,2.6666667,40419.0,17888.0,12365.0,6395.3335,3770.6667,3747.6667,0.0,456.66666,1961.0,1330.0,431.33334,0.0,5.3333335,77.333336,348.66666,81441.336,21585.0,21125.666,19128.334,19602.334,4179.0,0.0,462.0,2038.3334,1678.6666,749.6667,11.333333,7.0,425.66666,305.66666,14519.0,2154.3333,2442.0,5608.3335,4314.3335,19.666666,5.6666665,1.0,5.0,8.0,0.0,0.0,0.0,0
P041,2013-04-12 00:00:00-04:00,3153.176,226.24506,1097.6632,1154.8416,674.4262,7.3333335,1.6666666,3.0,3.6666667,2.3333333,31767.0,11698.0,6471.3335,6374.0,7223.6665,3376.0,81.666664,692.6667,1589.0,1012.6667,587.6667,0.0,162.0,77.0,348.66666,81407.0,21421.0,20722.666,19295.334,19968.0,3963.6667,81.666664,854.6667,1666.0,1361.3334,949.3333,90.666664,11.333333,616.0,231.33333,18190.334,2537.0,3588.0,8491.667,3573.6667,21.333334,6.3333335,2.3333333,6.6666665,6.0,0.0,0.0,0.0,0
P041,2013-04-13 00:00:00-04:00,2215.8772,250.77577,716.4813,811.1908,437.42926,5.0,1.6666666,2.0,2.6666667,1.6666666,43556.332,11698.0,8949.0,10068.0,12841.333,1902.3334,81.666664,236.0,1267.6666,317.0,548.6667,0.0,160.0,74.333336,314.33334,83155.0,21399.666,21148.334,19801.334,20805.666,2451.0,81.666664,396.0,1342.0,631.3333,561.3333,90.666664,4.3333335,391.0,75.333336,15197.333,4678.6665,1236.6666,6242.6665,3039.3333,22.0,6.6666665,1.6666666,8.0,5.6666665,0.0,0.0,0.0,0
P041,2013-04-14 00:00:00-04:00,1625.4147,220.75327,516.61127,450.4465,437.6036,4.0,1.6666666,2.0,2.0,1.6666666,60693.332,15410.0,15302.0,14400.0,15581.333,1131.3334,81.666664,236.0,496.66666,317.0,545.3333,0.0,160.0,71.0,314.33334,83851.336,21340.666,21071.334,20673.334,20766.0,1676.6666,81.666664,396.0,567.6667,631.3333,307.33334,79.333336,4.3333335,204.33333,19.333334,13952.667,4608.6665,1270.3334,5101.6665,2972.0,19.0,4.0,2.0,7.3333335,5.6666665,0.0,0.0,0.0,1
P041,2013-04-15 00:00:00-04:00,1377.3531,205.21771,277.73965,346.952,547.44385,3.3333333,1.3333334,1.3333334,2.0,2.3333333,73571.664,21600.0,21600.0,14943.333,15428.333,980.3333,90.666664,119.666664,312.0,458.0,473.66666,0.0,89.0,5.0,379.66666,83873.336,21243.666,21164.666,21023.666,20441.334,1454.0,90.666664,208.66667,317.0,837.6667,110.333336,68.666664,0.0,5.6666665,36.0,15257.0,4858.0,1133.0,4797.6665,4468.3335,21.333334,5.0,0.6666667,8.333333,7.3333335,0.0,0.0,0.0,0
P041,2013-04-16 00:00:00-04:00,1813.8849,293.7743,443.72256,586.0245,490.3636,5.0,1.6666666,2.0,3.0,2.0,73571.664,21600.0,21600.0,14943.333,15428.333,1385.0,174.0,343.0,619.0,249.0,329.33334,0.0,98.333336,83.0,148.0,79510.336,21063.334,20851.666,20401.666,17193.666,1714.3334,174.0,441.33334,702.0,397.0,326.0,68.666664,1.6666666,152.66667,103.0,13847.667,2474.3333,1983.0,6583.6665,2806.6667,20.0,3.3333333,1.0,10.666667,5.0,0.0,0.0,0.0,0
P041,2013-04-20 00:00:00-04:00,3639.7256,122.80085,146.86325,2072.529,1297.5323,3.0,1.0,1.0,3.0,2.0,68175.0,21600.0,21600.0,8462.0,16513.0,5347.0,0.0,0.0,3796.0,1551.0,159.0,0.0,0.0,156.0,3.0,79901.0,21491.0,21438.0,17295.0,19677.0,5506.0,0.0,0.0,3952.0,1554.0,90.0,0.0,0.0,72.0,18.0,42438.0,11659.0,0.0,9572.0,21207.0,30.0,6.0,0.0,10.0,14.0,0.0,0.0,0.0,0
P041,2013-04-21 00:00:00-04:00,2668.3542,117.63094,125.223434,1350.6108,1074.8889,5.0,1.0,1.0,3.5,4.0,71389.0,21600.0,21600.0,12015.0,16174.0,3855.0,0.0,0.0,2261.5,1593.5,98.5,0.0,0.0,78.0,20.5,80463.5,21348.0,21305.0,18504.5,19306.0,3953.5,0.0,0.0,2339.5,1614.0,623.0,0.0,0.0,376.5,246.5,28194.5,6430.0,0.0,7207.5,14557.0,30.5,3.5,0.0,11.5,15.5,0.0,0.0,0.0,0
P041,2013-04-22 00:00:00-04:00,3336.3867,101.65387,578.71356,1384.9258,1271.0936,6.6666665,1.0,2.3333333,4.3333335,4.3333335,72654.336,21600.0,20499.334,12572.333,17982.666,3769.3333,0.0,528.0,1777.0,1464.3334,161.33333,0.0,2.6666667,54.666668,104.0,80120.336,21245.666,20680.334,18984.666,19209.666,3930.6667,0.0,530.6667,1831.6666,1568.3334,648.0,0.0,0.0,330.33334,317.66666,31194.334,6458.6665,2487.3333,8250.0,13998.333,36.333332,5.6666665,2.0,13.0,15.666667,0.0,0.0,0.0,0
P041,2013-04-23 00:00:00-04:00,2983.1506,203.45883,591.34625,1240.1012,948.2444,8.0,1.3333334,2.3333333,5.6666665,4.3333335,78729.336,21600.0,20499.334,16951.666,19678.334,2814.0,158.0,528.0,1026.6666,1101.3334,176.33333,2.6666667,2.6666667,68.0,103.0,80149.664,20729.666,20502.0,19464.0,19454.0,2990.3333,160.66667,530.6667,1094.6666,1204.3334,931.3333,161.66667,0.0,454.66666,315.0,21731.0,3072.6667,2487.3333,8237.0,7934.0,36.666668,5.6666665,2.0,15.0,14.0,0.0,0.0,0.0,0
P041,2013-04-24 00:00:00-04:00,3324.2283,203.52583,701.48975,1376.6439,1042.5688,7.6666665,1.3333334,2.3333333,5.6666665,3.6666667,82661.664,21600.0,20499.334,18962.334,21600.0,2730.3333,158.0,554.6667,1186.3334,831.3333,298.66666,2.6666667,2.6666667,68.0,225.33333,77371.664,20611.666,20252.666,19192.334,17315.0,3029.0,160.66667,557.3333,1254.3334,1056.6666,804.0,161.66667,73.0,410.0,159.33333,21528.0,4078.0,2581.0,8098.6665,6770.3335,35.0,8.0,2.6666667,12.333333,12.0,0.0,0.0,0.0,0
P041,2013-04-25 00:00:00-04:00,2966.7659,288.4818,419.21756,1363.4241,895.6424,6.3333335,1.6666666,1.0,4.6666665,3.3333333,86400.0,21600.0,21600.0,21600.0,21600.0,2815.0,380.66666,137.33333,1236.6666,1060.3334,203.0,2.6666667,0.0,65.333336,135.0,76677.664,20094.666,20398.666,19003.666,17180.666,3018.0,383.33334,137.33333,1302.0,1195.3334,901.3333,241.66667,216.33333,420.0,23.333334,17253.0,3623.0,255.0,9774.333,3600.6667,32.333332,7.6666665,1.0,13.333333,10.333333,0.0,0.0,0.0,0
P041,2013-04-26 00:00:00-04:00,2621.818,244.78899,426.32742,1130.6263,820.0754,5.6666665,1.6666666,1.3333334,3.6666667,3.0,73074.664,16335.667,14431.0,20708.0,21600.0,2913.0,381.66666,284.66666,1340.3334,906.3333,135.0,0.0,0.0,0.0,135.0,76482.336,20148.0,20141.334,18976.0,17217.0,3048.0,381.66666,284.66666,1340.3334,1041.3334,608.3333,85.0,220.0,283.33334,20.0,17128.666,3156.3333,1358.0,9487.333,3127.0,27.666666,6.0,2.0,11.0,8.666667,7.390139,44.904446,122.28,0
P041,2013-04-27 00:00:00-04:00,2275.0403,249.30583,299.16644,922.04675,804.52124,5.3333335,1.6666666,1.3333334,3.0,3.0,73074.664,16335.667,14431.0,20708.0,21600.0,2983.0,381.66666,258.0,1251.0,1092.3334,88.333336,0.0,0.0,0.0,88.333336,79774.336,20217.334,20533.0,19344.666,19679.334,3071.3333,381.66666,258.0,1251.0,1180.6666,583.0,85.0,147.0,319.33334,31.666666,13619.0,1828.0,1264.3334,8525.333,2001.3334,22.333334,3.6666667,1.3333334,11.333333,6.0,7.390139,44.904446,122.28,0
P041,2013-04-28 00:00:00-04:00,1892.4276,267.5714,109.16118,664.6967,850.99835,5.0,1.6666666,1.3333334,2.6666667,3.0,73074.664,16335.667,14431.0,20708.0,21600.0,3211.0,305.33334,147.33333,1479.3334,1279.0,171.66667,0.0,0.0,9.333333,162.33333,81079.336,20763.334,21109.0,19506.334,19700.666,3382.6667,305.33334,147.33333,1488.6666,1441.3334,362.0,14.0,3.6666667,249.33333,95.0,9533.0,2968.6667,1103.0,3579.6667,1881.6666,15.0,2.6666667,1.0,6.0,5.3333335,7.390139,44.904446,122.28,0
P041,2013-04-29 00:00:00-04:00,2384.1284,235.67116,244.823,1045.0948,858.5394,5.3333335,1.6666666,1.6666666,3.0,3.0,73707.336,14691.667,15815.667,21600.0,21600.0,3274.3333,308.0,91.0,1596.3334,1279.0,463.0,0.0,76.666664,224.0,162.33333,81836.664,21061.0,21382.666,19463.666,19929.334,3737.3333,308.0,167.66667,1820.3334,1441.3334,419.33334,9.0,0.0,253.66667,156.66667,11257.667,4922.0,1082.0,3732.0,1521.6666,19.0,4.3333335,1.0,8.666667,5.0,6.261528,50.215557,118.562225,0
P041,2013-04-30 00:00:00-04:00,2651.9426,308.53827,431.5347,1296.7292,615.14044,5.6666665,2.0,2.0,4.3333335,2.0,64289.0,9892.0,11197.0,21600.0,21600.0,3620.3333,384.66666,450.0,1908.6666,877.0,392.0,0.0,81.0,237.0,74.0,81217.336,21098.666,20948.0,18835.334,20335.334,4012.3333,384.66666,531.0,2145.6667,951.0,626.0,11.666667,3.3333333,468.66666,142.33333,14488.667,6356.0,1182.6666,5774.6665,1175.3334,24.333334,6.0,1.6666666,12.666667,4.0,6.261528,50.215557,118.562225,1
P041,2013-05-08 00:00:00-04:00,1404.325,823.196,190.29709,235.56064,155.27132,2.0,2.0,1.0,2.0,1.0,86400.0,21600.0,21600.0,21600.0,21600.0,2679.0,1129.0,1550.0,0.0,0.0,820.0,326.0,494.0,0.0,0.0,80722.0,19329.0,19133.0,21143.0,21117.0,3499.0,1455.0,2044.0,0.0,0.0,437.0,437.0,0.0,0.0,0.0,7043.0,3941.0,1007.0,203.0,1892.0,29.0,16.0,7.0,3.0,3.0,0.0,0.0,0.0,1
P041,2013-05-12 00:00:00-04:00,1561.5409,100.70511,68.85046,367.58096,1024.4044,4.0,1.0,1.0,3.0,2.0,31565.0,8200.0,42.0,17864.0,5459.0,1910.0,0.0,0.0,293.0,1617.0,236.0,0.0,0.0,193.0,43.0,82712.0,21246.0,21240.0,20726.0,19500.0,2146.0,0.0,0.0,486.0,1660.0,89.0,0.0,0.0,8.0,81.0,4045.0,566.0,151.0,1028.0,2300.0,16.0,6.0,2.0,5.0,3.0,5.969861,50.22222,116.23556,0
P041,2013-05-13 00:00:00-04:00,1909.915,240.39906,305.51257,807.7788,556.22455,5.0,1.5,2.0,4.0,1.5,33533.0,4540.5,1160.0,14303.0,13529.5,2801.0,240.5,744.5,1007.5,808.5,552.5,117.0,214.5,199.5,21.5,81192.5,20863.0,20135.5,19821.0,20373.0,3353.5,357.5,959.0,1207.0,830.0,363.0,0.0,110.5,212.0,40.5,15767.5,3767.0,2682.0,6484.0,2834.5,29.5,6.5,3.5,6.5,13.0,6.578472,42.732224,113.61444,0
P042,2013-04-03 00:00:00-04:00,18972.367,623.8607,2231.0054,9817.157,6300.343,3.3333333,1.3333334,1.3333334,1.3333334,2.0,11442.0,1007.6667,1007.6667,4700.6665,4726.0,1738.3334,17.333334,93.666664,1092.3334,535.0,409.0,1.6666666,65.333336,71.666664,270.33334,76143.0,21191.334,20489.0,18640.334,15822.333,2147.3333,19.0,159.0,1164.0,805.3333,7198.0,317.0,848.0,1675.0,4358.0,26390.334,1347.0,2575.0,9762.333,12706.0,36.666668,4.0,3.3333333,16.333334,13.0,5.921111,61.63778,117.44444,1
P042,2013-04-04 00:00:00-04:00,26539.193,621.68866,4296.6772,14705.409,6915.4175,4.3333335,1.3333334,1.3333334,2.6666667,2.0,30154.666,3346.3333,8207.667,10028.667,8572.0,2302.6667,17.333334,93.666664,1619.0,572.6667,429.0,1.6666666,65.333336,154.66667,207.33333,71866.336,21191.0,15691.333,16839.666,18144.334,2731.6667,19.0,159.0,1773.6666,780.0,4309.0,317.0,848.0,2606.0,538.0,25936.334,104.333336,2205.3333,12804.0,10822.667,36.0,1.3333334,2.0,15.333333,17.333334,5.921111,61.63778,117.44444,0
P042,2013-04-05 00:00:00-04:00,22824.559,60.050636,8743.972,7464.9155,6555.621,4.6666665,1.0,2.3333333,3.0,1.6666666,31137.334,3035.0,7704.6665,10859.667,9538.0,3187.3333,94.666664,187.0,1775.3334,1130.3334,374.33334,1.6666666,65.333336,229.33333,78.0,66174.336,20931.666,15337.667,16083.0,13822.0,3561.6667,96.333336,252.33333,2004.6666,1208.3334,8741.0,393.0,1012.6667,3024.6667,4310.6665,26119.0,57.333332,6195.6665,10945.667,8920.333,33.333332,0.6666667,4.0,13.0,15.666667,5.7054167,58.038887,112.12,1
P042,2013-04-06 00:00:00-04:00,25909.854,56.348804,8994.622,10642.859,6216.023,4.3333335,1.0,2.3333333,3.3333333,1.3333334,36004.668,2345.3333,7222.3335,13322.333,13114.667,5043.0,83.333336,109.666664,3581.3333,1268.6666,377.33334,0.0,0.0,229.33333,148.0,62010.332,20981.0,15959.0,13239.0,11831.333,5420.3335,83.333336,109.666664,3810.6667,1416.6666,7604.3335,231.66667,399.66666,2791.3333,4181.6665,26658.0,57.333332,4118.0,13392.333,9090.333,30.0,0.6666667,2.6666667,11.0,15.666667,6.1233335,43.73111,101.155556,0
P042,2013-04-07 00:00:00-04:00,16813.473,56.739407,6924.426,5716.71,4115.5977,3.0,1.0,2.3333333,2.0,1.3333334,41758.0,7206.6665,7222.3335,11333.0,15996.0,4313.3335,83.333336,109.666664,2919.6667,1200.6666,294.33334,0.0,0.0,146.33333,148.0,66441.336,17955.334,20487.666,14916.0,13082.333,4607.6665,83.333336,109.666664,3066.0,1348.6666,6604.0,231.66667,399.66666,1790.3334,4182.3335,19941.666,0.0,4118.0,8659.667,7164.0,22.0,0.0,2.6666667,8.666667,10.666667,6.1233335,43.73111,101.155556,0
P042,2013-04-08 00:00:00-04:00,10539.725,81.90957,4803.431,3518.56,2135.8242,3.0,1.0,2.3333333,1.6666666,1.3333334,40290.0,7210.3335,8432.333,9933.667,14713.667,2962.0,0.0,350.66666,2058.0,553.3333,299.33334,0.0,70.666664,158.66667,70.0,72859.664,18038.0,20268.0,16658.0,17895.666,3261.3333,0.0,421.33334,2216.6667,623.3333,1747.0,1.0,439.66666,1047.0,259.33334,14199.667,252.0,1832.6666,6673.3335,5441.6665,26.666666,1.3333334,2.6666667,10.0,12.666667,6.7466664,28.444445,90.85555,0
P042,2013-04-09 00:00:00-04:00,12790.576,2146.2532,4440.446,612.31775,5591.559,3.6666667,1.3333334,2.6666667,2.3333333,2.0,58503.668,14410.333,15622.333,13757.333,14713.667,1355.0,71.333336,416.0,479.33334,388.33334,318.66666,77.333336,70.666664,170.66667,0.0,78852.664,17900.666,20467.334,20105.0,20379.666,1673.6666,148.66667,486.66666,650.0,388.33334,1549.0,172.66667,373.66666,512.6667,490.0,15849.333,416.66666,2081.3333,6571.6665,6779.6665,28.0,1.6666666,2.6666667,8.666667,15.0,0.0,0.0,0.0,1
P042,2013-04-10 00:00:00-04:00,22650.768,2159.7444,9304.994,3349.252,7836.778,4.6666665,1.3333334,3.3333333,2.6666667,2.3333333,45905.668,14410.333,13303.333,10418.667,7773.3335,1991.6666,71.333336,802.6667,710.6667,407.0,340.66666,77.333336,86.666664,170.66667,6.0,81574.0,20927.334,20042.666,20004.334,20599.666,2332.3333,148.66667,889.3333,881.3333,413.0,2093.6667,172.66667,664.0,697.6667,559.3333,23706.0,416.66666,4766.3335,8965.667,9557.333,39.333332,1.6666666,4.6666665,15.0,18.0,0.0,0.0,0.0,0
P042,2013-04-11 00:00:00-04:00,24620.06,2129.8596,9137.279,3425.9226,9927.0,4.6666665,1.3333334,2.6666667,3.0,2.6666667,64830.0,16702.666,19281.0,14400.0,14446.333,2816.0,83.333336,1252.6666,710.0,770.0,130.66667,77.333336,25.0,12.0,16.333334,79636.336,21025.666,19607.666,19268.0,19735.0,2946.6667,160.66667,1277.6666,722.0,786.3333,3426.3333,375.33334,636.6667,1486.6666,927.6667,27887.666,164.66667,4661.6665,12159.0,10902.333,34.666668,0.33333334,4.0,13.666667,16.666666,0.0,0.0,0.0,0
P042,2013-04-12 00:00:00-04:00,19662.807,67.81716,9492.239,3518.5935,6584.1577,4.6666665,1.0,2.6666667,2.6666667,2.0,56799.668,16702.666,19281.0,12373.333,8442.667,2826.0,12.0,1460.3334,690.0,663.6667,73.666664,0.0,42.666668,11.333333,19.666666,79653.0,21218.666,19269.0,19168.334,19997.0,2899.6667,12.0,1503.0,701.3333,683.3333,2934.3333,202.66667,628.6667,1476.3334,626.6667,25574.666,0.0,6138.3335,10261.0,9175.333,34.666668,0.0,4.6666665,14.0,16.0,0.0,0.0,0.0,0
P042,2013-04-13 00:00:00-04:00,15650.323,54.00858,6650.339,2345.1362,6600.8403,4.3333335,1.0,2.0,2.6666667,2.3333333,69455.0,16702.666,21600.0,16255.333,14897.0,2859.3333,12.0,1155.0,947.0,745.3333,54.0,0.0,29.0,11.333333,13.666667,77888.336,21061.0,19559.666,18338.666,18929.0,2913.3333,12.0,1184.0,958.3333,759.0,4041.3333,202.66667,498.33334,1886.3334,1454.0,22688.334,0.0,3695.0,11292.0,7701.3335,27.0,0.0,3.3333333,10.666667,13.0,0.0,0.0,0.0,1
P042,2013-04-14 00:00:00-04:00,15112.517,76.82628,4445.454,4106.9453,6483.2915,3.6666667,1.0,1.6666666,2.6666667,2.0,70589.0,21600.0,21600.0,14138.0,13251.0,1932.3334,0.0,370.66666,1096.0,465.66666,34.666668,0.0,20.0,11.333333,3.3333333,80295.664,21114.334,20426.334,19239.334,19515.666,1967.0,0.0,390.66666,1107.3334,469.0,2137.0,0.0,307.33334,748.3333,1081.3334,13333.667,0.0,2195.3333,6592.6665,4545.6665,21.333334,0.0,2.6666667,9.0,9.666667,0.0,0.0,0.0,0
P042,2013-04-15 00:00:00-04:00,10304.022,75.30486,2093.0642,3744.6492,4391.004,2.3333333,1.0,1.0,2.0,1.6666666,73205.0,20090.0,21600.0,15233.333,16281.667,1148.6666,91.0,81.333336,728.0,248.33333,2.3333333,0.0,2.3333333,0.0,0.0,80774.336,20862.666,20753.0,19515.334,19643.334,1151.0,91.0,83.666664,728.0,248.33333,1893.0,80.666664,160.0,671.6667,980.6667,8045.6665,201.33333,342.33334,5092.6665,2409.3333,15.0,1.0,1.3333334,7.3333335,5.3333335,0.0,0.0,0.0,0
P042,2013-04-18 00:00:00-04:00,18598.66,33.647217,3150.62,5011.9536,10402.439,5.0,1.0,2.5,4.5,2.5,71165.0,16056.5,11908.5,21600.0,21600.0,2661.0,0.0,150.5,2037.0,473.5,457.5,0.0,222.0,130.0,105.5,73781.5,16068.0,20198.5,17987.0,19528.0,3118.5,0.0,372.5,2167.0,579.0,2783.5,0.0,536.5,947.0,1300.0,12473.5,0.0,503.5,9151.0,2819.0,16.5,0.0,3.0,8.0,5.5,4.5183334,55.36222,99.94666,0
P042,2013-04-19 00:00:00-04:00,19448.275,90.835236,3704.1626,5356.141,10297.137,5.0,1.5,3.0,4.0,2.0,58170.0,10455.0,4515.0,21600.0,21600.0,3376.5,0.0,559.0,2007.0,810.5,427.5,0.0,0.0,322.0,105.5,69530.5,16558.0,20790.5,17907.5,14274.5,3804.0,0.0,559.0,2329.0,916.0,2106.0,0.0,244.0,1041.0,821.0,15070.0,126.0,2268.5,9901.5,2774.0,16.5,0.5,2.5,10.5,3.0,5.341528,55.233334,106.403336,0
P042,2013-04-21 00:00:00-04:00,18721.006,121.496475,6830.9907,8591.735,3176.7832,4.0,1.5,3.0,3.0,2.0,38030.0,9388.0,3653.0,11455.5,13533.5,2058.0,0.0,668.5,694.5,695.0,421.5,0.0,102.0,319.5,0.0,73794.0,18950.0,20277.0,19648.5,14918.5,2479.5,0.0,770.5,1014.0,695.0,1269.5,0.0,487.0,496.5,286.0,12816.0,126.0,2833.0,7844.5,2012.5,18.5,0.5,3.0,14.0,1.0,6.1230555,62.46,119.882225,0
P042,2013-04-22 00:00:00-04:00,23433.893,94.397446,7031.6567,8129.8247,8178.0137,4.0,1.0,3.0,2.5,2.5,44497.5,12806.5,11046.5,11455.5,9189.0,1213.5,0.0,580.0,375.5,258.0,472.5,0.0,353.0,109.5,10.0,79394.5,18848.0,19750.5,20501.0,20295.0,1686.0,0.0,933.0,485.0,268.0,1874.0,3.0,747.5,364.0,759.5,11515.5,0.0,3086.0,4299.5,4130.0,29.0,0.0,3.0,17.5,8.5,3.1197221,66.25,99.64555,0
P042,2013-04-23 00:00:00-04:00,20245.084,90.99356,6882.7915,7789.1133,5482.1865,4.0,1.0,3.0,3.0,2.0,54299.668,13563.333,14564.333,12846.0,13326.0,1723.3334,0.0,556.6667,994.6667,172.0,343.66666,0.0,246.66667,90.333336,6.6666665,79493.336,19649.334,19743.666,19638.666,20461.666,2067.0,0.0,803.3333,1085.0,178.66667,1819.3334,2.0,803.3333,507.66666,506.33334,11515.5,0.0,3086.0,4299.5,4130.0,29.0,0.0,3.0,17.5,8.5,3.1197221,66.25,99.64555,0
P042,2013-04-24 00:00:00-04:00,17255.594,94.70051,4772.8105,4815.1396,7572.943,4.3333335,1.0,2.6666667,3.0,2.0,77883.0,17970.334,21600.0,19609.0,18703.666,1960.6666,0.6666667,474.33334,1069.3334,416.33334,205.0,0.0,178.66667,17.333334,9.0,80950.664,21077.666,20039.334,19873.0,19960.666,2165.6667,0.6666667,653.0,1086.6666,425.33334,1800.0,2.0,638.3333,350.66666,809.0,16360.0,0.0,4973.0,3127.0,8260.0,38.0,0.0,4.0,17.0,17.0,0.15805556,62.684444,72.386665,0
P042,2013-04-26 00:00:00-04:00,17627.867,58.513493,3926.3018,6389.962,7253.0913,4.5,1.0,2.5,3.0,2.0,73537.0,17848.0,12489.0,21600.0,21600.0,1648.0,94.0,497.0,460.5,596.5,110.5,0.0,107.0,0.0,3.5,74896.0,13933.5,20304.5,20484.0,20174.0,1758.5,94.0,604.0,460.5,600.0,1755.5,0.0,339.0,650.5,766.0,23907.0,0.0,4922.0,6457.0,12528.0,31.0,0.0,3.0,13.0,15.0,4.8225,63.324444,110.342224,1
P042,2013-04-27 00:00:00-04:00,19404.828,66.960434,4852.367,3088.9639,11396.537,5.0,1.0,2.5,2.0,3.0,68496.5,17848.0,12489.0,19250.5,18909.0,1204.0,93.0,497.0,220.5,393.5,203.5,0.0,107.0,0.0,96.5,65771.5,14424.0,14994.5,16167.5,20185.5,1407.5,93.0,604.0,220.5,490.0,1727.0,0.0,339.0,523.0,865.0,17698.0,0.0,2461.0,3228.5,12008.5,24.0,0.0,1.5,6.5,16.0,4.8225,63.324444,110.342224,0
P042,2013-04-28 00:00:00-04:00,13044.268,68.41692,3260.2231,2089.2627,7626.3643,3.6666667,1.0,2.0,1.6666666,2.3333333,70430.336,19098.666,15526.0,17866.666,17939.0,964.0,62.0,331.33334,154.0,416.66666,137.66667,0.0,71.333336,0.0,66.333336,72107.664,16764.0,17141.666,17908.666,20293.334,1101.6666,62.0,402.66666,154.0,483.0,1293.0,0.0,226.0,351.33334,715.6667,19681.0,591.0,1640.6666,5436.0,12013.333,36.666668,2.6666667,1.0,13.666667,19.333334,4.8225,63.324444,110.342224,0
P042,2013-04-29 00:00:00-04:00,11167.325,81.631096,3236.8972,830.855,7017.942,3.6666667,1.0,2.0,1.6666666,2.3333333,70480.336,18380.334,21600.0,15798.333,14701.667,1692.3334,0.0,605.0,404.66666,682.6667,302.66666,0.0,63.333332,133.0,106.333336,75927.0,21463.334,17117.0,17395.666,19951.0,1995.0,0.0,668.3333,537.6667,789.0,950.6667,2.0,25.0,327.0,596.6667,21765.666,1276.3334,2527.6667,4975.0,12986.667,39.333332,4.0,1.6666666,12.333333,21.333334,0.0,0.0,0.0,0
P042,2013-04-30 00:00:00-04:00,10177.626,65.1449,4621.6113,1081.0748,4409.7954,3.6666667,1.0,2.6666667,2.3333333,2.0,73840.664,18380.334,21600.0,17364.666,16495.666,2032.3334,0.0,765.0,645.0,622.3333,331.33334,0.0,149.33333,140.0,42.0,81253.0,21294.0,20008.334,19971.666,19979.0,2363.6667,0.0,914.3333,785.0,664.3333,1331.3334,2.0,317.0,455.66666,556.6667,25759.0,2359.0,3243.6667,8310.667,11845.667,47.0,5.6666665,2.6666667,17.666666,21.0,0.0,0.0,0.0,0
P042,2013-05-01 00:00:00-04:00,18248.148,57.083855,10856.454,2934.4683,4400.1436,4.3333335,1.0,3.3333333,2.6666667,2.0,73015.336,18380.334,21600.0,15711.0,17324.0,2204.6667,0.0,1093.6666,643.0,468.0,329.33334,0.0,149.33333,140.0,40.0,79729.664,21163.334,19007.0,19421.334,20138.0,2534.0,0.0,1243.0,783.0,508.0,2159.3333,2.0,861.3333,871.6667,424.33334,21763.334,1768.0,5570.3335,6587.0,7838.0,30.666666,3.0,4.6666665,10.666667,12.333333,0.0,0.0,0.0,0
P042,2013-05-02 00:00:00-04:00,17972.95,108.217896,10445.3125,2870.0789,4549.34,4.3333335,1.3333334,2.6666667,2.6666667,3.0,75393.664,21600.0,21600.0,14880.333,17313.334,2103.6667,0.0,498.33334,1400.6666,204.66667,341.66666,0.0,178.0,7.0,156.66667,79614.0,20992.666,19274.0,18985.334,20362.0,2445.3333,0.0,676.3333,1407.6666,361.33334,2253.6667,1.6666666,974.3333,776.3333,501.33334,17564.5,1624.0,4564.0,7343.5,4033.0,26.5,2.5,4.5,11.5,8.0,0.0,0.0,0.0,0
P042,2013-05-05 00:00:00-04:00,12771.983,41.9809,52.36168,12577.52,100.12168,3.0,1.0,1.0,3.0,1.0,57880.0,21600.0,21600.0,14680.0,0.0,1130.0,0.0,0.0,1130.0,0.0,23.0,0.0,0.0,23.0,0.0,79924.0,20735.0,20700.0,17924.0,20565.0,1153.0,0.0,0.0,1153.0,0.0,1576.0,0.0,0.0,1576.0,0.0,15262.0,5493.0,1915.0,7360.0,494.0,56.0,30.0,7.0,15.0,4.0,0.0,0.0,0.0,0
P042,2013-05-06 00:00:00-04:00,26838.463,88.67498,3910.7595,9738.255,13100.772,4.5,1.0,2.5,3.0,1.5,68697.0,19973.0,21600.0,16324.0,10800.0,1850.5,0.0,700.5,1026.5,123.5,273.0,0.0,125.5,147.5,0.0,79428.0,20811.0,20081.0,18906.0,19630.0,2123.5,0.0,826.0,1174.0,123.5,2611.5,0.0,239.5,1044.0,1328.0,12939.5,3179.5,2929.0,4592.5,2238.5,36.5,16.5,6.0,10.0,4.0,0.0,0.0,0.0,0
P042,2013-05-07 00:00:00-04:00,30232.662,2198.1924,4648.931,9697.248,13688.292,5.0,1.6666666,2.6666667,3.0,2.0,70504.664,20515.334,21600.0,16987.0,11402.333,1907.0,71.0,814.0,855.0,167.0,369.0,0.0,176.33333,114.666664,78.0,78563.0,20756.334,19950.666,18051.666,19804.334,2276.0,71.0,990.3333,969.6667,245.0,2679.6667,245.0,353.66666,938.3333,1142.6666,14713.333,2352.0,2561.0,5757.0,4043.3333,31.333334,11.333333,5.0,8.333333,6.6666665,0.0,0.0,0.0,0
P042,2013-05-08 00:00:00-04:00,30463.79,2215.468,6898.127,7674.2764,13675.917,5.3333335,1.6666666,3.6666667,3.0,2.0,68439.664,16029.667,14514.0,19293.666,18602.334,1945.3334,71.0,1134.6666,572.6667,167.0,504.33334,0.0,319.33334,107.0,78.0,79228.664,20788.0,19350.666,18942.0,20148.0,2449.6667,71.0,1454.0,679.6667,245.0,2661.3333,251.66667,615.0,652.0,1142.6666,11803.667,521.0,2847.3333,4513.0,3922.3333,17.0,1.3333334,4.3333335,5.6666665,5.6666665,8.588333,50.095554,127.24,0
P042,2013-05-09 00:00:00-04:00,16946.338,2198.238,4346.2593,5399.9043,5001.9355,3.6666667,1.6666666,2.6666667,2.3333333,1.6666666,67661.336,14040.667,14514.0,20504.334,18602.334,1088.3334,71.0,667.6667,265.0,84.666664,330.0,0.0,235.66667,16.333334,78.0,81708.0,21023.666,20061.334,19507.666,21115.334,1418.3334,71.0,903.3333,281.33334,162.66667,1449.0,251.66667,455.33334,484.66666,257.33334,12397.0,348.5,2299.5,5857.0,3892.0,17.0,0.5,4.0,6.0,6.5,5.0475,46.703335,95.52111,0
P042,2013-05-12 00:00:00-04:00,240.27078,36.86235,70.78262,68.9741,63.651703,1.0,1.0,1.0,1.0,1.0,81019.0,21600.0,21600.0,16219.0,21600.0,0.0,0.0,0.0,0.0,0.0,0.0,0.0,0.0,0.0,0.0,85370.0,21347.0,21345.0,21329.0,21349.0,0.0,0.0,0.0,0.0,0.0,13.0,0.0,0.0,13.0,0.0,4618.0,1381.0,0.0,3237.0,0.0,17.0,6.0,0.0,11.0,0.0,0.0,0.0,0.0,0
P042,2013-05-13 00:00:00-04:00,6650.7417,57.112095,3148.6646,3381.9531,63.0123,2.5,1.0,1.5,2.5,1.0,64693.5,21600.0,20544.5,8348.0,14201.0,763.5,0.0,138.0,625.5,0.0,240.5,0.0,0.0,240.5,0.0,83392.5,21346.5,20492.0,20221.0,21333.0,1004.0,0.0,138.0,866.0,0.0,979.0,0.0,715.0,252.0,12.0,11527.0,690.5,988.0,4397.0,5451.5,25.5,3.0,1.5,12.0,9.0,0.0,0.0,0.0,0
P042,2013-05-14 00:00:00-04:00,13899.277,55.762825,4395.3486,7078.1562,2370.0093,3.3333333,1.0,2.3333333,3.0,1.6666666,43195.668,14403.0,13716.0,5609.3335,9467.333,1571.0,0.0,270.66666,1011.0,289.33334,402.33334,0.0,149.66667,165.66667,87.0,80856.0,21327.334,19920.666,19036.334,20571.666,1973.3334,0.0,420.33334,1176.6666,376.33334,2362.0,0.0,961.3333,1070.6666,330.0,17134.0,711.6667,1636.6666,6903.0,7882.6665,30.0,3.0,2.3333333,11.0,13.666667,8.905556,27.437778,107.12,1
P042,2013-05-18 00:00:00-04:00,217.69601,43.745033,46.739746,56.719307,70.49193,1.0,1.0,1.0,1.0,1.0,86400.0,21600.0,21600.0,21600.0,21600.0,0.0,0.0,0.0,0.0,0.0,0.0,0.0,0.0,0.0,0.0,76765.0,13541.0,21230.0,21031.0,20963.0,0.0,0.0,0.0,0.0,0.0,13.0,0.0,0.0,13.0,0.0,4576.0,0.0,0.0,2179.0,2397.0,11.0,0.0,0.0,2.0,9.0,0.0,0.0,0.0,0
P042,2013-05-19 00:00:00-04:00,224.14868,43.779907,45.109344,58.077362,77.182076,1.0,1.0,1.0,1.0,1.0,67626.0,21600.0,21600.0,13616.0,10810.0,2.5,0.0,0.0,2.5,0.0,0.0,0.0,0.0,0.0,0.0,80208.5,17241.5,21078.5,20963.5,20925.0,2.5,0.0,0.0,2.5,0.0,10.5,0.0,0.0,10.5,0.0,8826.0,618.5,589.5,5481.0,2137.0,27.5,4.5,2.0,14.5,6.5,0.0,0.0,0.0,1
P042,2013-05-20 00:00:00-04:00,220.99146,41.89363,49.523415,58.725174,70.849236,1.0,1.0,1.0,1.0,1.0,63409.332,16308.667,21600.0,16277.333,9223.333,1.6666666,0.0,0.0,1.6666666,0.0,0.0,0.0,0.0,0.0,0.0,81258.0,18449.334,21002.334,20885.0,20921.334,1.6666666,0.0,0.0,1.6666666,0.0,9.666667,0.0,0.0,9.666667,0.0,5964.6665,412.33334,473.66666,3654.0,1424.6666,18.666666,3.0,1.6666666,9.666667,4.3333335,0.0,0.0,0.0,0
P042,2013-05-21 00:00:00-04:00,5943.8696,45.569637,2043.2468,3802.34,52.712975,2.0,1.0,1.3333334,1.6666666,1.0,51914.0,13663.0,21600.0,13616.0,3035.0,550.3333,0.0,159.0,391.33334,0.0,98.666664,0.0,82.666664,16.0,0.0,80620.664,21133.666,20561.666,20115.334,18810.0,649.0,0.0,241.66667,407.33334,0.0,876.3333,0.0,318.66666,557.6667,0.0,7025.3335,429.33334,954.3333,3949.3333,1692.3334,19.666666,3.3333333,2.0,10.666667,3.6666667,0.0,0.0,0.0,1
P043,2013-04-03 00:00:00-04:00,3516.5999,149.77596,1479.7528,1291.2566,595.81433,5.0,1.0,3.0,3.0,2.0,49251.0,1233.0,14371.0,14210.5,19436.5,4980.0,0.0,2485.0,1808.5,686.5,223.5,0.0,1.0,123.5,99.0,79746.0,21504.5,18422.0,19260.0,20559.5,5203.5,0.0,2486.0,1932.0,785.5,1341.5,5.0,683.5,403.5,249.5,23200.5,0.0,2636.5,11975.5,8588.5,28.5,0.0,5.0,12.5,11.0,6.448472,29.311111,99.23333,0
P043,2013-04-04 00:00:00-04:00,3652.834,178.28462,1449.9851,1349.0281,675.5363,4.6666665,1.0,2.6666667,3.0,2.0,49802.332,822.0,12149.0,16673.666,20157.666,5561.3335,0.0,2856.0,1912.6666,792.6667,150.66667,0.0,0.6666667,82.333336,67.666664,78611.336,21534.666,17648.334,19027.0,20401.334,5712.0,0.0,2856.6667,1995.0,860.3333,1874.3334,3.3333333,1081.6666,535.3333,254.0,22560.666,0.0,4245.6665,9997.667,8317.333,28.333334,0.0,5.6666665,12.333333,10.333333,6.448472,29.311111,99.23333,0
P043,2013-04-05 00:00:00-04:00,62511.613,173.49452,1944.0485,59773.42,620.6473,5.0,1.0,2.3333333,3.3333333,2.0,46611.332,1240.0,11204.0,19673.0,14494.333,6570.0,0.0,2981.0,2586.3333,1002.6667,441.33334,0.0,4.6666665,261.66666,175.0,74980.664,21440.334,17556.666,15986.333,19997.334,7011.3335,0.0,2985.6667,2848.0,1177.6666,3678.0,5.0,914.6667,2575.6667,182.66667,20672.666,225.33333,5056.0,7032.0,8359.333,30.333334,0.33333334,5.3333335,13.0,11.666667,6.551528,34.786667,105.53333,0
P043,2013-04-06 00:00:00-04:00,63781.945,129.65642,1164.1626,62185.99,302.14145,3.6666667,1.0,1.6666666,3.0,1.3333334,32905.332,418.0,7251.3335,15833.0,9403.0,6749.3335,0.0,2492.0,2697.0,1560.3334,448.66666,0.0,4.6666665,192.0,252.0,73714.664,21335.0,18079.334,15263.667,19036.666,7198.0,0.0,2496.6667,2889.0,1812.3334,4138.6665,1.6666666,713.0,3094.3333,329.66666,22800.334,225.33333,6072.0,6778.3335,9724.667,40.0,0.33333334,9.0,15.666667,15.0,6.473472,33.38111,103.503334,1
P043,2013-04-07 00:00:00-04:00,121337.414,80.87908,821.7329,120357.18,77.62931,3.3333333,1.0,1.6666666,2.6666667,1.0,23996.666,1894.3334,6357.0,8805.333,6940.0,6128.3335,0.0,1951.0,2751.0,1426.3334,666.6667,0.0,10.666667,402.0,254.0,71900.0,21144.334,18811.666,14472.0,17472.0,6795.0,0.0,1961.6666,3153.0,1680.3334,5691.3335,2.3333333,327.0,3462.6667,1899.3334,23184.666,635.6667,4546.3335,8563.667,9439.0,45.666668,2.0,10.333333,17.0,16.333334,6.473472,33.38111,103.503334,1
P043,2013-04-08 00:00:00-04:00,63049.66,143.95921,772.45667,61903.188,230.05553,3.0,1.0,1.6666666,2.3333333,1.3333334,23537.334,1486.3334,5397.0,5638.0,11016.0,4740.0,0.0,1514.3334,1724.0,1501.6666,746.6667,0.0,95.333336,503.66666,147.66667,75105.664,21023.666,19134.666,17450.666,17496.666,5486.6665,0.0,1609.6666,2227.6667,1649.3334,3415.0,0.6666667,256.33334,1330.3334,1827.6666,21302.666,410.33334,5026.6665,8272.333,7593.3335,38.0,1.6666666,9.666667,14.333333,12.333333,6.3954167,31.975555,101.473335,0
P043,2013-04-09 00:00:00-04:00,60988.28,182.04524,930.44244,59390.97,484.8264,3.6666667,1.0,2.0,2.6666667,2.3333333,23387.666,1486.3334,7510.0,2584.6667,11806.667,4186.0,0.0,1870.0,1410.6666,905.3333,1117.6666,0.0,237.33333,707.0,173.33333,75269.664,20943.0,18243.666,18029.666,18053.334,5303.6665,0.0,2107.3333,2117.6667,1078.6666,3049.6667,0.6666667,555.3333,755.0,1738.6666,22277.0,410.33334,4916.0,12254.667,4696.0,29.333334,1.6666666,8.0,10.333333,9.333333,5.35375,31.262222,92.42667,0
P043,2013-04-10 00:00:00-04:00,3310.6611,192.4775,1398.9722,1186.0604,533.151,4.0,1.0,2.0,3.3333333,2.3333333,28598.0,10.0,9119.0,5199.3335,14269.667,3879.6667,0.0,1780.0,1111.0,988.6667,1366.3334,0.0,471.33334,725.3333,169.66667,76823.336,20843.666,18028.334,18800.666,19150.666,5246.0,0.0,2251.3333,1836.3334,1158.3334,1131.3334,0.0,518.3333,156.0,457.0,20915.666,0.0,5403.3335,11280.0,4232.3335,22.666666,0.0,6.0,8.666667,8.0,5.35375,31.262222,92.42667,0
P043,2013-04-11 00:00:00-04:00,6058.3823,149.73064,3867.6748,1589.2977,451.67926,4.0,1.0,2.3333333,3.6666667,2.3333333,30528.0,113.333336,8556.667,5421.0,16437.0,4889.6665,0.0,2126.0,1775.6666,988.0,1507.3334,0.0,799.3333,460.66666,247.33333,74820.336,20741.334,16785.334,18405.334,18888.334,6397.0,0.0,2925.3333,2236.3333,1235.3334,1604.3334,0.0,997.6667,60.0,546.6667,22204.666,0.0,5228.0,12188.333,4788.3335,31.0,0.0,8.666667,9.0,13.333333,5.35375,31.262222,92.42667,0
P043,2013-04-12 00:00:00-04:00,6398.2827,158.19766,4317.0137,1625.2854,297.78607,4.3333335,1.0,2.3333333,3.6666667,1.6666666,50685.332,7313.3335,11312.333,10459.667,21600.0,5298.3335,0.0,2084.3333,1768.6666,1445.3334,1071.0,0.0,660.6667,331.66666,78.666664,69199.336,20648.0,17175.0,18481.666,12894.667,6369.3335,0.0,2745.0,2100.3333,1524.0,1439.6666,0.0,755.6667,148.66667,535.3333,16525.666,0.0,5322.6665,7362.3335,3840.6667,31.666666,0.0,7.6666665,13.333333,10.666667,0.0,0.0,0.0,1
P043,2013-04-14 00:00:00-04:00,2770.7993,145.01212,1192.5222,822.35846,610.9065,4.5,1.0,2.0,3.0,2.0,62115.0,11610.5,10086.5,18818.0,21600.0,4149.5,0.0,1288.0,1082.5,1779.0,529.0,0.0,11.5,397.0,120.5,70490.0,21084.0,19630.5,19399.0,10376.5,4678.5,0.0,1299.5,1479.5,1899.5,898.5,0.0,219.0,355.5,324.0,17951.5,0.0,4222.5,8337.0,5392.0,36.5,0.0,7.0,18.0,11.5,8.806528,35.602222,124.388885,0
P043,2013-04-15 00:00:00-04:00,3477.756,131.0828,1332.8248,645.00854,1368.8398,5.0,1.0,2.5,2.5,2.5,59752.5,11610.5,11614.0,17435.0,19093.0,4654.5,10.5,1159.0,1404.5,2080.5,1056.0,0.0,291.0,638.0,127.0,79682.0,21583.0,19888.0,19179.5,19031.5,5710.5,10.5,1450.0,2042.5,2207.5,987.5,0.0,257.5,372.5,357.5,27337.0,0.0,2896.0,11368.0,13073.0,44.0,0.0,5.0,21.0,18.0,8.806528,35.602222,124.388885,1
P043,2013-04-16 00:00:00-04:00,3292.3892,245.6006,1131.121,699.55206,1216.1155,4.6666665,1.3333334,2.3333333,2.6666667,3.0,47643.668,10988.667,9890.667,12660.333,14104.0,4742.6665,98.0,1448.0,1307.0,1889.6666,998.3333,0.0,215.66667,601.3333,181.33333,79749.0,21433.666,19594.666,19438.334,19282.334,5741.0,98.0,1663.6666,1908.3334,2071.0,888.0,62.666668,337.0,248.33333,240.0,31054.666,2705.3333,2932.0,14004.0,11413.333,39.333332,2.6666667,5.3333335,17.0,14.333333,8.806528,35.602222,124.388885,1
P043,2013-04-17 00:00:00-04:00,4066.5676,282.6913,1669.4744,1006.7355,1107.6665,5.3333335,1.3333334,3.0,3.0,3.0,44813.0,10463.333,11521.667,8724.0,14104.0,4923.0,98.0,1843.0,1270.0,1712.0,1295.6666,0.0,383.0,714.3333,198.33333,79069.0,21425.666,19023.0,19386.666,19233.666,6218.6665,98.0,2226.0,1984.3334,1910.3334,958.6667,62.666668,335.66666,204.0,356.33334,31562.334,2705.3333,4080.6667,13073.667,11702.667,36.666668,2.6666667,4.0,19.0,11.0,6.397639,39.42,108.935555,1
P043,2013-04-18 00:00:00-04:00,3782.326,291.7465,1412.4772,1202.2931,875.80927,5.3333335,1.3333334,2.6666667,3.6666667,3.3333333,40060.332,3895.3333,8889.0,11500.667,15775.333,4503.6665,91.0,1990.6666,1134.0,1288.0,1468.6666,0.0,275.0,701.6667,492.0,78194.336,21301.666,18325.334,19326.0,19241.334,5972.3335,91.0,2265.6667,1835.6666,1780.0,1469.3334,65.0,847.3333,248.66667,308.33334,28200.0,2705.3333,5159.0,10550.667,9785.0,34.333332,2.6666667,6.6666665,14.0,11.0,6.397639,39.42,108.935555,1
P043,2013-04-19 00:00:00-04:00,172645.1,187.70578,1776.7036,67800.36,102880.32,5.6666665,1.0,3.0,4.0,2.3333333,54752.332,7847.0,13941.0,13268.667,19695.666,5276.6665,0.0,1842.0,1883.3334,1551.3334,2755.3333,0.0,657.0,790.6667,1307.6666,71264.664,21267.666,17924.334,16443.0,15629.667,8032.0,0.0,2499.0,2674.0,2859.0,4791.3335,5.0,904.3333,2269.3333,1612.6666,25802.666,0.0,5616.3335,9130.0,11056.333,37.333332,0.0,6.6666665,17.666666,13.0,6.397639,39.42,108.935555,0
P043,2013-04-21 00:00:00-04:00,255078.55,81.25703,910.1963,100301.42,153785.67,4.0,0.5,1.5,2.0,2.0,46532.0,13058.0,13234.0,4230.0,16010.0,5423.0,18.5,1165.0,2811.5,1428.0,2919.0,104.5,605.5,511.0,1698.0,63202.5,20666.5,17957.5,10933.0,13645.5,8342.0,123.0,1770.5,3322.5,3126.0,11370.0,269.5,1430.5,7009.0,2661.0,30219.5,1013.0,5936.0,13951.0,9319.5,44.0,1.5,9.5,16.5,16.5,5.924028,49.024445,114.751114,1
P043,2013-04-23 00:00:00-04:00,1685.1305,224.82791,396.8778,57.13084,1006.29395,3.0,1.0,1.5,0.5,3.0,24737.5,6379.5,2667.5,1801.5,13889.0,4116.5,546.0,734.0,1388.0,1448.5,621.5,118.5,15.5,116.0,371.5,73352.5,20106.5,19373.5,15594.0,18278.5,4738.0,664.5,749.5,1504.0,1820.0,7144.0,564.5,1198.5,4201.0,1180.0,32825.5,4451.0,4071.0,14853.0,9450.5,56.0,11.0,8.0,12.5,24.5,5.458611,54.995556,116.998886,1
P043,2013-04-24 00:00:00-04:00,2218.3586,290.86127,441.8147,379.66397,1106.0187,3.0,1.5,2.0,1.5,3.0,47656.0,14921.5,11033.5,10995.5,10705.5,3394.5,527.5,359.0,819.0,1689.0,874.0,14.0,15.5,347.5,497.0,73492.0,20752.5,15712.5,18410.5,18616.5,4268.5,541.5,374.5,1166.5,2186.0,1920.5,300.5,101.5,906.0,612.5,26809.5,3438.0,323.0,11511.0,11537.5,42.5,9.5,1.5,11.0,20.5,4.9931946,60.966667,119.246666,0
P043,2013-04-25 00:00:00-04:00,3333.1428,247.83244,876.45996,1300.1686,908.6819,3.6666667,1.3333334,2.6666667,2.3333333,2.6666667,38321.332,10254.0,8393.667,8431.667,11242.0,4701.6665,368.33334,1221.3334,1748.3334,1363.6666,1303.0,9.333333,190.0,567.6667,536.0,72536.336,20827.334,15405.0,17157.666,19146.334,6004.6665,377.66666,1411.3334,2316.0,1899.6666,2588.3333,202.0,921.0,1037.0,428.33334,26308.666,2292.0,2110.6667,11140.333,10765.667,41.666668,6.3333335,3.6666667,14.0,17.666666,5.128889,47.504444,106.87,1
P043,2013-04-26 00:00:00-04:00,3841.1665,139.60452,1340.9753,1729.978,630.6087,4.6666665,1.0,3.0,3.0,2.3333333,40655.332,7506.6665,10770.333,7951.3335,14427.0,4928.3335,16.666666,1691.0,2304.3333,916.3333,1859.0,0.0,328.33334,862.6667,668.0,71760.336,21388.666,14834.0,16081.333,19456.334,6787.3335,16.666666,2019.3334,3167.0,1584.3334,2159.3333,2.6666667,864.0,1090.6666,202.0,14606.0,0.0,2362.6667,5534.3335,6709.0,21.0,0.0,3.0,10.0,8.0,5.264583,34.04222,94.49333,1
P043,2013-04-27 00:00:00-04:00,61981.484,186.202,59897.44,1534.4191,363.41916,4.6666665,1.0,3.6666667,2.6666667,1.6666666,21474.666,379.0,4551.6665,4127.6665,12416.333,5338.0,23.666666,2240.0,2431.0,643.3333,1884.3334,0.0,817.3333,702.3333,364.66666,73202.664,21083.0,14693.0,17205.666,20221.0,7222.3335,23.666666,3057.3333,3133.3333,1008.0,4260.0,5.0,3396.3333,740.3333,118.333336,13354.5,0.0,3544.0,5199.5,4611.0,20.5,0.0,4.5,10.0,6.0,5.264583,34.04222,94.49333,0
P043,2013-04-28 00:00:00-04:00,120247.16,150.5501,59316.195,60455.617,324.7966,4.3333335,1.0,2.6666667,2.0,2.0,39696.332,7272.6665,10713.667,6198.6665,15511.333,4656.6665,7.0,1258.0,2670.0,721.6667,1794.3334,0.0,637.6667,845.3333,311.33334,67199.664,21215.0,10088.667,15762.667,20133.334,6451.0,7.0,1895.6666,3515.3333,1033.0,4872.0,3.3333333,2543.0,2144.6667,181.0,9103.5,0.0,839.0,2439.0,5825.5,23.0,0.0,1.5,11.5,10.0,0.0,0.0,0.0,1
P043,2013-04-29 00:00:00-04:00,120532.63,152.62845,59328.324,60578.273,473.40216,4.3333335,1.0,2.6666667,2.6666667,2.3333333,46093.668,8525.667,11304.0,11288.333,14975.667,5020.3335,7.0,1399.0,2854.6667,759.6667,1200.6666,0.0,494.0,548.6667,158.0,67896.0,21215.334,10104.667,16085.667,20490.334,6221.0,7.0,1893.0,3403.3333,917.6667,4825.0,3.3333333,2553.0,2105.6667,163.0,10751.5,333.5,673.5,2439.0,7305.5,26.0,1.5,2.0,11.5,11.0,5.754028,40.355556,104.72222,0
P043,2013-04-30 00:00:00-04:00,63085.26,98.43326,924.29626,61242.363,820.16693,5.0,1.0,2.3333333,4.0,3.3333333,55518.668,8674.333,14283.0,12536.0,20025.334,6971.3335,0.0,1466.6666,3334.3333,2170.3333,850.3333,0.0,72.666664,619.6667,158.0,68623.0,21511.666,12904.0,15427.333,18780.0,7821.6665,0.0,1539.3334,3954.0,2328.3333,2786.6667,0.0,269.33334,2200.6667,316.66666,9583.333,222.33333,449.0,1626.0,7286.0,21.0,1.0,1.3333334,7.6666665,11.0,5.3733335,41.83889,103.16,1
P043,2013-05-01 00:00:00-04:00,4019.2192,123.32922,1506.9232,1524.3774,864.58923,4.6666665,1.0,2.6666667,4.0,3.0,42165.668,1474.3334,10562.333,12684.333,17444.666,6059.6665,0.0,2033.6666,2130.3333,1895.6666,619.6667,0.0,159.33333,239.33333,221.0,77173.0,21353.0,18817.334,18581.666,18421.0,6679.3335,0.0,2193.0,2369.6667,2116.6667,1368.0,0.0,332.0,370.0,666.0,8664.0,457.66666,2121.6667,1311.0,4773.6665,13.0,1.3333334,2.3333333,2.6666667,6.6666665,5.876528,38.36148,103.708145,1
P043,2013-05-02 00:00:00-04:00,3512.0203,141.16165,1250.3345,1414.4042,706.12,4.3333335,1.0,2.3333333,3.6666667,2.6666667,29263.334,221.0,8234.0,6892.6665,13915.667,5351.0,0.0,1736.3334,2003.3334,1611.3334,608.0,0.0,154.33333,239.33333,214.33333,76779.664,21352.666,19125.666,18857.334,17444.0,5959.0,0.0,1890.6666,2242.6667,1825.6666,2489.3333,0.0,325.33334,221.33333,1942.6666,15737.0,309.33334,2279.0,5736.0,7412.6665,22.333334,0.6666667,3.3333333,8.0,10.333333,6.091435,34.086666,101.152596,0
P043,2013-05-03 00:00:00-04:00,3715.2568,180.95532,1669.8243,1246.2367,618.24036,4.3333335,1.0,2.6666667,3.3333333,2.3333333,31468.0,7200.0,10007.0,3406.6667,10854.333,3826.0,0.0,1539.3334,1589.0,697.6667,547.3333,0.0,228.33333,98.666664,220.33333,78874.0,21364.0,19497.334,19480.0,18532.666,4373.3335,0.0,1767.6666,1687.6666,918.0,2177.3333,0.0,87.666664,166.0,1923.6666,20579.0,309.33334,3163.0,7561.3335,9545.333,35.333332,0.6666667,5.0,14.333333,15.333333,6.6408334,29.46889,100.93,0
P043,2013-05-04 00:00:00-04:00,3224.2612,185.47894,1200.8196,1321.5778,516.3849,4.6666665,1.0,2.3333333,4.0,2.0,47429.668,14400.0,13727.667,5867.0,13435.0,3459.6667,0.0,972.3333,1831.0,656.3333,150.33333,0.0,141.66667,2.6666667,6.0,76211.664,21590.334,18043.334,17180.334,19397.666,3610.0,0.0,1114.0,1833.6666,662.3333,1748.3334,0.0,25.0,231.66667,1491.6666,16952.666,595.3333,1398.3334,6734.6665,8224.333,33.333332,1.6666666,3.3333333,14.666667,13.666667,6.39875,27.53111,97.05556,0
P043,2013-05-07 00:00:00-04:00,2778.0867,295.48734,377.04187,1026.5587,1078.9988,4.5,1.0,1.0,3.0,3.0,49632.5,10805.5,10806.0,14363.0,13658.0,2629.0,0.0,0.0,1421.5,1207.5,23.5,0.0,0.0,0.0,23.5,72960.5,21275.5,21097.5,11867.0,18720.5,2652.5,0.0,0.0,1421.5,1231.0,981.0,0.0,0.0,630.0,351.0,12708.0,176.0,91.5,2849.0,9591.5,26.0,0.5,1.0,10.5,14.0,0.0,0.0,0.0,0
P043,2013-05-08 00:00:00-04:00,3439.79,289.64255,1135.8539,1155.0073,859.2863,5.5,1.0,3.0,3.5,3.0,32969.0,1037.0,6043.5,14363.0,11525.5,3222.0,3.5,999.0,1296.0,923.5,59.0,0.0,59.0,0.0,0.0,79494.0,20992.5,19743.0,19017.0,19741.5,3281.0,3.5,1058.0,1296.0,923.5,759.5,0.0,120.5,514.0,125.0,22523.5,0.0,1136.0,8335.5,13052.0,31.0,0.0,3.5,14.0,13.5,0.0,0.0,0.0,0
P043,2013-05-10 00:00:00-04:00,68383.93,199.14276,2091.1655,65818.27,275.34467,5.5,1.0,4.5,3.0,1.5,46926.5,3428.0,6168.0,17863.0,19467.5,3409.0,17.5,1619.0,1591.5,181.0,1086.0,0.0,358.0,728.0,0.0,75315.5,18998.0,18680.0,17040.0,20597.5,4495.0,17.5,1977.0,2319.5,181.0,1820.5,108.5,244.5,1464.5,3.0,25092.0,0.0,3035.5,10918.0,11138.5,30.5,0.0,6.0,11.5,13.0,0.0,0.0,0.0,0
P043,2013-05-13 00:00:00-04:00,4406.39,276.96875,1395.3098,533.1279,2200.9836,5.0,1.0,3.0,2.0,5.0,55170.0,11291.0,15348.5,10800.0,17730.5,3154.0,0.0,1058.0,874.5,1221.5,513.5,0.0,372.0,141.5,0.0,77770.5,21162.5,19603.0,17730.5,19274.5,3667.5,0.0,1430.0,1016.0,1221.5,3031.5,0.0,114.5,2360.0,557.0,25450.0,0.0,5072.0,15406.0,4972.0,32.5,0.0,8.0,10.0,14.5,6.537361,34.18222,104.81555,0
P043,2013-05-14 00:00:00-04:00,3648.478,194.14627,931.3682,938.3645,1584.599,4.5,1.0,3.0,2.5,3.5,55170.0,11291.0,15348.5,10800.0,17730.5,3923.0,0.0,1211.0,1146.0,1566.0,384.0,0.0,384.0,0.0,0.0,80668.5,21444.5,19635.5,20222.0,19366.5,4307.0,0.0,1595.0,1146.0,1566.0,655.0,0.0,207.5,31.0,416.5,24643.5,0.0,1739.0,16661.0,6243.5,32.5,0.0,5.0,9.0,18.5,6.537361,34.18222,104.81555,0
P043,2013-05-20 00:00:00-04:00,10150.257,205.3138,831.12286,8199.097,914.7233,5.0,1.0,4.0,3.0,3.0,45049.0,21600.0,15890.0,79.0,7480.0,3923.0,0.0,986.0,2430.0,507.0,404.0,0.0,0.0,193.0,211.0,77426.0,21235.0,19971.0,16225.0,19995.0,4327.0,0.0,986.0,2623.0,718.0,3058.0,0.0,269.0,2346.0,443.0,21598.0,50.0,1946.0,13107.0,6495.0,35.0,1.0,3.0,19.0,12.0,0.0,0.0,0.0,0
P043,2013-05-24 00:00:00-04:00,3441.4663,227.94066,441.3486,1477.8405,1294.3365,4.0,1.0,2.0,4.0,2.0,37645.0,0.0,31.0,16014.0,21600.0,3004.0,0.0,247.0,1487.0,1270.0,0.0,0.0,0.0,0.0,0.0,81483.0,20706.0,21349.0,19887.0,19541.0,3004.0,0.0,247.0,1487.0,1270.0,445.0,0.0,0.0,219.0,226.0,8888.0,0.0,595.0,1694.0,6599.0,17.0,0.0,6.0,5.0,6.0,0.0,0.0,0.0,0
P043,2013-05-25 00:00:00-04:00,50215.945,268.74802,488.44064,32987.09,16471.668,4.0,1.0,2.0,3.5,2.0,45573.0,1749.5,3416.5,18807.0,21600.0,3268.0,1.0,582.0,1456.0,1229.0,125.0,0.0,0.0,9.0,116.0,78438.5,21012.0,20728.5,17858.5,18839.5,3393.0,1.0,582.0,1465.0,1345.0,3157.5,4.0,130.5,2089.5,933.5,19277.5,0.0,3230.0,4623.5,11424.0,25.5,0.0,5.0,9.5,11.0,6.8468056,39.775555,112.884445,0
P043,2013-05-28 00:00:00-04:00,27958.262,243.43103,25981.834,781.4083,951.5876,5.3333335,1.6666666,3.3333333,3.6666667,3.0,51236.0,14486.333,16224.333,4065.3333,16460.0,3682.3333,0.0,1669.0,763.6667,1249.6666,528.6667,0.0,292.33334,87.333336,149.0,76808.336,20882.666,17389.0,19510.0,19026.666,4211.0,0.0,1961.3334,851.0,1398.6666,2400.3333,0.0,1446.0,377.0,577.3333,14134.0,53.666668,3947.3333,3821.6667,6311.3335,40.333332,0.33333334,10.666667,11.666667,17.666666,5.85875,39.59111,104.795555,0
P044,2013-04-03 00:00:00-04:00,7498.359,141.31407,2754.0715,3071.039,1531.9342,3.5,1.0,2.0,2.5,2.0,55798.5,11994.0,15845.5,13168.5,14790.5,2804.0,0.0,1323.5,1136.5,344.0,104.5,0.0,95.0,9.5,0.0,80308.0,21017.5,19282.5,19442.5,20565.5,2908.5,0.0,1418.5,1146.0,344.0,659.5,0.0,266.5,363.5,29.5,9001.5,65.5,2994.0,4879.0,1063.0,19.0,0.5,5.0,10.5,3.0,5.772222,39.18,98.96,1
P044,2013-04-04 00:00:00-04:00,7150.277,206.14642,1896.073,3054.6265,1993.4307,3.6666667,1.0,1.6666666,3.0,2.3333333,51810.668,8846.333,12944.333,13676.333,16343.667,2184.0,0.0,882.3333,987.3333,314.33334,69.666664,0.0,63.333332,6.3333335,0.0,80687.336,20962.334,19728.0,19535.0,20462.0,2253.6667,0.0,945.6667,993.6667,314.33334,777.0,0.0,254.0,391.66666,131.33333,9325.667,43.666668,1996.0,5273.6665,2012.3334,23.666666,0.33333334,3.3333333,13.0,7.0,5.7247224,38.84111,98.24111,1
P044,2013-04-05 00:00:00-04:00,8817.226,275.3267,3447.1526,4046.8704,1047.8756,4.0,1.0,2.0,3.6666667,1.6666666,38700.0,1657.3334,8621.0,10923.333,17498.334,2675.0,0.0,1182.0,1408.0,85.0,69.666664,0.0,63.333332,6.3333335,0.0,79759.336,20883.0,19199.0,19042.334,20635.0,2744.6667,0.0,1245.3334,1414.3334,85.0,921.0,0.0,419.33334,390.0,111.666664,13100.667,0.0,2799.3333,7132.3335,3169.0,28.0,0.0,3.6666667,13.666667,10.666667,5.4275,42.34963,99.37185,1
P044,2013-04-06 00:00:00-04:00,7366.8735,1021.5817,2412.3413,2059.3242,1873.6262,3.6666667,1.3333334,1.6666666,2.6666667,2.3333333,44042.668,2579.0,7129.6665,13450.667,20883.334,1681.0,93.666664,531.6667,733.6667,322.0,69.333336,69.333336,0.0,0.0,0.0,80493.336,20573.334,19851.334,19893.334,20175.334,1750.3334,163.0,531.6667,733.6667,322.0,918.3333,72.0,412.0,157.33333,277.0,13818.0,57.0,1965.6666,8414.667,3380.6667,35.0,0.33333334,3.0,20.0,11.666667,5.255139,43.934444,99.577774,1
P044,2013-04-07 00:00:00-04:00,7043.9854,1007.9619,2453.4119,1833.8607,1748.751,3.3333333,1.3333334,1.6666666,2.0,2.3333333,36254.332,4463.3335,5240.3335,9719.667,16831.0,1765.0,93.666664,531.6667,584.0,555.6667,72.666664,69.333336,0.0,3.3333333,0.0,80352.336,20522.666,19872.0,20042.0,19915.666,1837.6666,163.0,531.6667,587.3333,555.6667,750.3333,72.0,341.0,95.0,242.33333,12234.667,57.0,2090.0,7317.6665,2770.0,31.333334,0.33333334,3.3333333,16.666666,11.0,5.4775,49.79889,107.22111,0
P044,2013-04-08 00:00:00-04:00,8447.255,1056.4352,2818.465,1940.387,2631.968,3.3333333,1.6666666,2.3333333,2.0,2.6666667,31418.0,5552.0,5774.3335,8756.667,11335.0,1604.0,93.666664,575.6667,354.33334,580.3333,216.0,69.333336,67.0,10.666667,69.0,79849.664,20460.0,19576.334,20179.0,19634.334,1820.0,163.0,642.6667,365.0,649.3333,1032.6666,72.0,463.0,121.666664,376.0,11666.667,57.0,2491.3333,7686.0,1432.3334,26.0,0.33333334,2.6666667,14.666667,8.333333,5.9915276,45.35889,106.89333,1
P044,2013-04-09 00:00:00-04:00,7753.267,298.87378,2970.354,1931.2667,2552.7722,3.3333333,1.3333334,2.6666667,2.0,2.3333333,29671.0,3900.0,6077.0,10795.333,8898.667,1309.3334,0.0,517.3333,354.33334,437.66666,215.33333,0.0,67.0,10.666667,137.66667,80149.0,20645.666,19676.666,20110.334,19716.334,1524.6666,0.0,584.3333,365.0,575.3333,864.0,0.0,368.0,129.33333,366.66666,12450.667,0.0,2189.0,5931.3335,4330.3335,28.0,0.0,2.6666667,11.0,14.333333,5.9915276,45.35889,106.89333,1
P044,2013-04-10 00:00:00-04:00,9488.938,229.30011,4493.437,3027.699,1738.5027,3.6666667,1.3333334,3.3333333,2.6666667,1.6666666,31590.0,1364.3334,7955.0,13355.667,8915.0,1504.0,0.0,845.0,540.0,119.0,284.66666,0.0,67.0,80.0,137.66667,80813.0,20945.666,19487.334,19957.666,20422.334,1788.6666,0.0,912.0,620.0,256.66666,1152.6666,0.0,529.6667,333.33334,289.66666,15956.667,443.66666,3809.6667,8042.6665,3660.6667,26.666666,0.6666667,3.3333333,12.333333,10.333333,6.624722,36.906666,103.50667,1
P044,2013-04-11 00:00:00-04:00,7292.136,168.4379,3371.6375,1934.6212,1817.44,3.3333333,1.0,2.6666667,2.0,2.0,26466.666,264.66666,6798.0,9902.333,9501.667,1104.0,0.0,661.3333,265.66666,177.0,211.66667,0.0,0.0,72.666664,139.0,82811.664,21263.666,20192.334,20600.334,20755.334,1315.6666,0.0,661.3333,338.33334,316.0,919.0,0.0,393.66666,299.66666,225.66667,12727.667,443.66666,2346.6667,6531.6665,3405.6667,26.333334,0.6666667,3.0,14.0,8.666667,7.7968054,29.078888,105.05556,0
P044,2013-04-12 00:00:00-04:00,8516.374,197.41951,3393.4893,2291.2598,2634.206,3.6666667,1.0,2.6666667,2.3333333,2.0,17462.666,212.33333,7975.3335,4205.6665,5069.3335,1939.0,0.0,802.6667,666.6667,469.66666,145.33333,0.0,0.0,75.0,70.333336,83138.336,21597.0,20390.666,20563.666,20587.0,2084.3333,0.0,802.6667,741.6667,540.0,1159.6666,0.0,401.33334,291.0,467.33334,16276.667,443.66666,3638.0,7555.6665,4639.3335,26.333334,0.6666667,4.3333335,14.333333,7.0,7.463333,30.617777,103.92667,0
P044,2013-04-13 00:00:00-04:00,6759.6704,239.97331,2686.9678,441.03113,3391.698,3.3333333,1.0,2.3333333,1.3333334,2.3333333,12632.0,23.333334,6211.0,1107.6666,5290.0,1801.0,0.0,694.3333,401.0,705.6667,75.333336,0.0,2.6666667,2.3333333,70.333336,83527.664,21582.0,20561.334,21147.334,20237.0,1876.3334,0.0,697.0,403.33334,776.0,845.3333,0.0,304.0,0.0,541.3333,14038.0,0.0,2176.0,5316.6665,6545.3335,30.333334,0.0,5.0,15.0,10.333333,7.336111,30.455555,102.746666,1
P044,2013-04-16 00:00:00-04:00,9866.476,54.218597,4855.2954,2425.1824,2531.7798,3.0,1.0,3.0,2.0,3.0,25616.0,0.0,1676.0,15618.0,8322.0,2419.0,0.0,1919.0,252.0,248.0,29.0,0.0,10.0,3.0,16.0,80036.0,20557.0,18340.0,20224.0,20915.0,2448.0,0.0,1929.0,255.0,264.0,563.0,0.0,280.0,47.0,236.0,8744.0,91.0,1720.0,4609.0,2324.0,26.0,1.0,3.0,15.0,7.0,7.3433332,27.40889,99.757774,1
P044,2013-04-17 00:00:00-04:00,10457.083,93.57901,4827.8164,4139.52,1396.1677,3.5,1.0,3.0,3.0,2.0,28678.5,577.5,5001.0,11321.5,11778.5,2278.5,0.0,1304.0,850.5,124.0,14.5,0.0,5.0,1.5,8.0,81602.5,21075.5,19351.5,19922.0,21253.5,2293.0,0.0,1309.0,852.0,132.0,817.0,0.0,411.5,285.0,120.5,12314.5,45.5,3320.0,6787.5,2161.5,28.5,0.5,4.5,14.5,9.0,7.3433332,27.40889,99.757774,0
P044,2013-04-18 00:00:00-04:00,10505.676,196.29019,4898.512,4395.84,1015.03357,3.3333333,1.0,3.0,3.0,1.6666666,37195.332,7585.0,8930.667,8922.667,11757.0,2463.0,0.0,1566.0,814.3333,82.666664,32.666668,0.0,26.333334,1.0,5.3333335,81956.336,21246.666,19207.334,20134.334,21368.0,2495.6667,0.0,1592.3334,815.3333,88.0,815.3333,1.6666666,445.66666,287.66666,80.333336,9628.0,30.333334,2449.0,5576.3335,1572.3334,24.333334,0.33333334,5.0,12.333333,6.6666665,7.3433332,27.40889,99.757774,0
P044,2013-04-19 00:00:00-04:00,10810.904,276.44592,4995.5557,4547.8633,991.03937,3.6666667,1.0,3.0,3.6666667,1.3333334,45487.668,14785.0,14464.333,5712.6665,10525.667,2523.6667,0.0,1238.6666,1120.3334,164.66667,99.666664,0.0,23.0,76.666664,0.0,82541.0,21593.0,19750.0,19985.334,21212.666,2623.3333,0.0,1261.6666,1197.0,164.66667,1214.0,1.6666666,582.3333,410.66666,219.33333,11736.0,0.0,4156.6665,6549.3335,1030.0,24.333334,0.0,6.0,13.333333,5.0,0.0,0.0,0.0,0
P044,2013-04-20 00:00:00-04:00,8896.093,291.4363,4213.837,2651.7588,1739.0613,3.0,1.0,2.6666667,2.6666667,1.6666666,38604.668,14400.0,13379.333,3371.0,7454.3335,2208.0,0.0,1178.0,637.3333,392.66666,99.666664,0.0,23.0,76.666664,0.0,82971.664,21593.0,19826.334,20643.666,20908.666,2307.6667,0.0,1201.0,714.0,392.66666,1099.6666,1.6666666,567.0,236.33333,294.66666,10156.667,0.0,2900.3333,6299.6665,956.6667,22.0,0.0,4.6666665,15.333333,2.0,0.0,0.0,0.0,0
P044,2013-04-21 00:00:00-04:00,8894.75,225.3043,4179.6245,2750.5806,1739.2406,3.0,1.0,2.6666667,2.6666667,2.0,28900.334,8141.0,8288.333,5422.6665,7048.3335,1700.0,0.0,655.0,649.6667,395.33334,143.33333,0.0,0.0,143.33333,0.0,83282.336,21595.0,20255.334,20526.666,20905.334,1843.3334,0.0,655.0,793.0,395.33334,1255.6666,0.0,684.6667,275.66666,295.33334,12479.333,0.0,3709.0,7945.0,825.3333,22.666666,0.0,4.6666665,16.666666,1.3333334,0.0,0.0,0.0,0
P044,2013-04-22 00:00:00-04:00,7524.897,261.60352,3497.2917,2070.9668,1695.0348,3.0,1.0,2.6666667,2.3333333,2.0,28855.666,941.0,5585.6665,10626.667,11702.333,1695.6666,0.0,816.0,483.0,396.66666,68.333336,0.0,1.6666666,66.666664,0.0,83192.664,21594.666,20179.334,20782.666,20636.0,1764.0,0.0,817.6667,549.6667,396.66666,1423.0,0.0,597.0,263.0,563.0,16663.666,0.0,3032.0,9539.667,4092.0,33.333332,0.0,4.3333335,18.666666,10.333333,6.611111,30.751112,97.242226,1
P044,2013-04-23 00:00:00-04:00,8091.1675,256.98526,3511.4797,3385.7412,936.96106,3.3333333,1.0,2.3333333,3.0,2.0,29292.334,941.0,4698.0,13396.0,10257.333,2472.6667,0.0,877.0,1427.0,168.66667,165.66667,0.0,4.6666665,161.0,0.0,81109.0,21595.0,20268.666,18304.666,20940.666,2638.3333,0.0,881.6667,1588.0,168.66667,2631.3333,0.0,443.33334,1702.0,486.0,13692.333,0.0,2648.3333,7420.3335,3623.6667,30.0,0.0,3.6666667,15.333333,11.0,6.611111,30.751112,97.242226,1
P044,2013-04-24 00:00:00-04:00,6833.1255,308.6278,2835.5977,1984.2394,1704.6608,3.3333333,1.3333334,2.3333333,2.6666667,2.3333333,22434.0,0.0,4754.0,10024.667,7655.3335,2949.0,0.0,888.6667,1726.3334,334.0,190.33333,0.0,15.666667,174.66667,0.0,80846.0,21594.0,20375.0,18119.666,20757.334,3139.3333,0.0,904.3333,1901.0,334.0,2366.0,0.0,314.0,1566.6666,485.33334,12430.0,0.0,2160.3333,6592.0,3677.6667,31.0,0.0,5.3333335,13.666667,12.0,7.266667,29.615555,101.35111,0
P044,2013-04-25 00:00:00-04:00,8163.0083,216.95877,3554.9834,2622.47,1768.5964,3.3333333,1.3333334,2.3333333,2.3333333,2.3333333,8797.0,0.0,1437.3334,2952.3333,4407.3335,3146.0,0.0,732.3333,2096.0,317.66666,471.66666,0.0,19.0,452.66666,0.0,80654.664,21571.666,20434.334,17435.0,21213.666,3617.6667,0.0,751.3333,2548.6667,317.66666,1988.3334,0.0,395.66666,1584.3334,8.333333,6371.3335,0.0,744.6667,4259.6665,1367.0,21.0,0.0,4.6666665,10.666667,5.6666665,7.922222,28.48,105.46,0
P044,2013-04-26 00:00:00-04:00,9542.5625,224.43416,5159.552,1672.8368,2485.7397,3.6666667,1.3333334,3.0,2.3333333,2.6666667,10377.333,10.0,3890.0,250.0,6227.3335,2753.6667,0.0,671.3333,1600.6666,481.66666,393.66666,0.0,30.0,363.66666,0.0,81515.336,21508.666,20067.334,19211.666,20727.666,3147.3333,0.0,701.3333,1964.3334,481.66666,1026.6666,0.0,673.0,214.0,139.66667,11557.0,0.0,2416.3333,7518.0,1622.6666,25.0,0.0,6.3333335,12.666667,6.0,7.2440276,30.907778,102.46222,0
P044,2013-04-27 00:00:00-04:00,9098.562,117.723495,4977.096,1400.7429,2602.9988,3.6666667,1.0,2.6666667,2.0,2.6666667,23794.334,7210.0,9063.0,1456.6666,6064.6665,1913.6666,0.0,486.0,1041.6666,386.0,390.0,0.0,19.0,283.33334,87.666664,81500.0,21301.666,20067.334,19697.334,20433.666,2303.6667,0.0,505.0,1325.0,473.66666,1013.3333,0.0,513.3333,212.33333,287.66666,12557.667,0.0,1930.6666,8870.0,1757.0,26.0,0.0,3.0,16.666666,6.3333335,6.5658336,33.335556,99.46445,0
P044,2013-04-28 00:00:00-04:00,7307.467,99.15538,3287.7222,1279.3914,2641.198,3.0,1.0,2.0,2.0,2.6666667,41983.668,14410.0,16190.0,3978.3333,7405.3335,1019.6667,0.0,169.0,457.33334,393.33334,179.33333,0.0,14.0,77.666664,87.666664,81752.0,21123.0,20368.334,20202.0,20058.666,1199.0,0.0,183.0,535.0,481.0,859.3333,0.0,289.33334,207.66667,362.33334,10475.0,0.0,1742.3334,7804.3335,928.3333,21.0,0.0,2.0,14.0,5.0,6.5658336,33.335556,99.46445,0
P044,2013-04-29 00:00:00-04:00,4776.5405,74.87498,1661.7666,1115.4918,1924.4073,3.0,1.0,1.6666666,1.6666666,2.3333333,48138.332,14400.0,16872.0,6939.3335,9927.0,1229.0,0.0,245.0,263.33334,720.6667,294.0,0.0,0.0,72.333336,221.66667,80968.336,20851.666,20232.666,20290.0,19594.0,1523.0,0.0,245.0,335.66666,942.3333,628.3333,0.0,163.0,151.66667,313.66666,15478.333,0.0,2071.0,8556.667,4850.6665,32.0,0.0,5.3333335,13.666667,13.0,0.0,0.0,0.0,1
P044,2013-04-30 00:00:00-04:00,10138.836,924.1971,935.6895,7217.0293,1061.9197,3.0,1.3333334,1.3333334,2.3333333,1.6666666,42978.332,7885.3335,11237.667,8138.6665,15716.667,1652.0,171.0,245.0,585.3333,650.6667,306.66666,0.0,0.0,172.66667,134.0,80858.664,20814.334,20467.0,19570.334,20007.0,1958.6666,171.0,245.0,758.0,784.6667,1079.0,73.0,166.33333,610.3333,229.33333,16276.667,255.66667,3755.3333,6725.6665,5540.0,29.333334,0.33333334,6.0,9.666667,13.333333,0.0,0.0,0.0,1
P044,2013-05-01 00:00:00-04:00,10565.754,984.31976,1853.5704,7499.889,227.97406,3.6666667,1.3333334,2.0,3.0,1.3333334,34433.332,7885.3335,6903.3335,5690.6665,13954.0,2111.6667,171.0,469.33334,977.6667,493.66666,407.33334,0.0,0.0,273.33334,134.0,81253.0,21015.0,20350.0,19310.334,20577.666,2519.0,171.0,469.33334,1251.0,627.6667,1224.6666,73.0,317.66666,687.6667,146.33333,20232.666,255.66667,5487.0,9101.333,5388.6665,35.333332,0.33333334,8.0,14.666667,12.333333,0.0,0.0,0.0,0
P044,2013-05-02 00:00:00-04:00,11282.653,1005.2258,1945.9702,8079.5474,251.90945,3.3333333,1.3333334,2.3333333,3.0,1.3333334,34993.668,7885.3335,2990.6667,8639.333,15478.333,1368.0,171.0,378.0,816.6667,2.3333333,275.0,0.0,1.6666666,273.33334,0.0,83341.0,21349.666,20775.666,19686.334,21529.334,1643.0,171.0,379.66666,1090.0,2.3333333,1278.0,73.0,322.33334,819.0,63.666668,12570.0,255.66667,3758.6667,6784.0,1771.6666,25.666666,0.33333334,5.0,15.0,5.3333335,6.8097224,31.448889,99.52889,0
P044,2013-05-03 00:00:00-04:00,6191.663,182.97424,2804.4927,2242.8684,961.3279,3.6666667,1.0,3.0,2.6666667,1.6666666,32153.666,7200.0,6994.6665,6423.0,11536.0,1522.3334,0.0,622.3333,803.6667,96.333336,176.33333,0.0,1.6666666,174.66667,0.0,83697.336,21595.334,20497.334,20258.0,21346.666,1698.6666,0.0,624.0,978.3333,96.333336,983.0,0.0,475.66666,360.33334,147.0,13496.667,0.0,2904.6667,8783.667,1808.3334,27.333334,0.0,5.6666665,16.333334,5.3333335,6.654861,29.151112,95.992226,0
P044,2013-05-04 00:00:00-04:00,4407.0093,248.45383,1965.367,1208.8684,984.3201,3.0,1.3333334,2.3333333,1.6666666,1.6666666,44287.0,7200.0,8938.333,11939.333,16209.333,897.0,0.0,398.0,402.66666,96.333336,3.3333333,0.0,1.6666666,1.6666666,0.0,84790.0,21580.666,20858.666,21035.0,21315.666,900.3333,0.0,399.66666,404.33334,96.333336,615.3333,0.0,324.33334,144.0,147.0,12712.5,0.0,1759.5,8553.0,2400.0,25.5,0.0,5.5,13.5,6.5,6.654861,29.151112,95.992226,0
P044,2013-05-05 00:00:00-04:00,4276.1377,305.91617,1118.2301,1916.0281,935.96356,2.6666667,1.3333334,1.6666666,1.6666666,1.3333334,45975.0,14400.0,13566.333,7638.0,10370.667,883.3333,0.0,244.33333,542.6667,96.333336,7.6666665,0.0,0.0,7.6666665,0.0,84455.0,21521.666,20998.666,20766.334,21168.334,891.0,0.0,244.33333,550.3333,96.333336,491.33334,0.0,219.0,125.333336,147.0,10919.5,0.0,2446.0,7102.0,1371.5,22.5,0.0,5.0,15.0,2.5,6.5,26.853333,92.45556,0
P044,2013-05-06 00:00:00-04:00,3100.1687,311.07242,999.7505,1631.7716,157.57437,2.3333333,1.3333334,1.6666666,1.6666666,1.0,65877.336,21600.0,16662.0,12626.0,14989.333,868.0,0.0,470.66666,397.33334,0.0,6.0,0.0,0.0,6.0,0.0,82271.336,21374.0,19078.334,20661.666,21157.334,874.0,0.0,470.66666,403.33334,0.0,187.66667,0.0,62.333332,125.333336,0.0,5586.5,0.0,1356.5,4214.5,15.5,20.0,0.0,4.5,15.0,0.5,0.0,0.0,0.0,1
P044,2013-05-07 00:00:00-04:00,5426.384,1031.2975,1046.609,2405.158,943.3195,2.6666667,1.3333334,2.0,2.0,1.3333334,62262.332,21600.0,19052.666,9515.333,12094.333,1114.0,78.0,470.66666,416.0,149.33333,69.666664,0.0,0.0,69.666664,0.0,80776.0,20967.0,18819.666,20249.666,20739.666,1183.6666,78.0,470.66666,485.66666,149.33333,391.0,79.0,73.333336,209.33333,29.333334,4913.3335,0.0,904.3333,3623.0,386.0,17.0,0.0,3.0,11.333333,2.6666667,0.0,0.0,0.0,0
P044,2013-05-08 00:00:00-04:00,5579.2656,999.7897,1938.3152,950.1754,1690.9854,3.0,1.3333334,2.6666667,1.6666666,1.6666666,66303.336,21600.0,21541.666,9090.0,14071.667,1435.0,78.0,656.3333,245.33333,455.33334,73.666664,0.0,10.0,63.666668,0.0,79749.664,20745.666,18381.0,20411.666,20211.334,1508.6666,78.0,666.3333,309.0,455.33334,423.0,79.0,157.66667,84.0,102.333336,8440.667,0.0,924.0,6052.0,1464.6666,18.0,0.0,3.6666667,10.0,4.3333335,0.0,0.0,0.0,1
P044,2013-05-09 00:00:00-04:00,6400.0513,980.609,1199.3091,2505.8376,1714.2954,3.0,1.3333334,2.0,2.0,1.6666666,53298.0,21600.0,18741.0,4482.6665,8474.333,1036.6666,78.0,186.66667,316.66666,455.33334,150.33333,0.0,10.0,140.33333,0.0,81278.0,20591.666,20404.334,20037.666,20244.334,1187.0,78.0,196.66667,457.0,455.33334,608.0,79.0,157.66667,266.33334,105.0,8103.0,0.0,749.3333,5899.3335,1454.3334,13.666667,0.0,2.3333333,7.3333335,4.0,0.0,0.0,0.0,0
P044,2013-05-10 00:00:00-04:00,5824.116,154.24486,1906.889,1718.5978,2044.3845,3.0,1.0,2.3333333,1.6666666,2.0,60786.0,21600.0,18741.0,9075.667,11369.333,1102.0,0.0,288.0,298.0,516.0,331.0,0.0,154.0,76.666664,100.333336,81844.336,21014.334,20354.334,20438.334,20037.334,1433.0,0.0,442.0,374.66666,616.3333,780.3333,0.0,217.0,182.33333,381.0,11177.0,0.0,850.0,8905.667,1421.3334,16.666666,0.0,2.6666667,11.333333,2.6666667,0.0,0.0,0.0,0
P044,2013-05-12 00:00:00-04:00,3536.2822,119.70325,1397.906,143.65295,1875.02,2.0,1.0,2.0,1.0,2.0,68512.5,11187.0,14125.5,21600.0,21600.0,467.0,0.0,152.0,0.0,315.0,366.5,0.0,216.0,0.0,150.5,84349.0,21066.0,21112.0,21558.5,20612.5,833.5,0.0,368.0,0.0,465.5,563.5,0.0,105.5,0.0,458.0,12789.0,0.0,302.0,11459.0,1028.0,20.0,0.0,1.0,16.0,3.0,0.0,0.0,0.0,1
P044,2013-05-13 00:00:00-04:00,2917.8608,141.08577,126.95413,1334.5808,1315.24,2.0,1.0,1.0,2.0,2.0,49764.0,11187.0,10572.0,10932.0,17073.0,235.0,0.0,0.0,120.0,115.0,9.0,0.0,0.0,0.0,9.0,85266.5,21065.0,21592.0,21341.5,21268.0,244.0,0.0,0.0,120.0,124.0,337.0,0.0,2.5,133.0,201.5,2289.0,0.0,0.0,2289.0,0.0,7.0,0.0,0.0,7.0,0.0,0.0,0.0,0.0,0
P044,2013-05-14 00:00:00-04:00,3681.9578,141.21431,878.6468,929.6147,1732.482,2.3333333,1.0,1.3333334,1.6666666,2.3333333,52161.0,14658.0,11795.0,8791.333,16916.666,488.66666,0.0,84.333336,80.0,324.33334,146.66667,0.0,0.0,0.0,146.66667,84826.0,21242.334,21417.334,21426.334,20740.0,635.3333,0.0,84.333336,80.0,471.0,564.3333,0.0,93.666664,88.666664,382.0,9317.5,0.0,302.5,5329.0,3686.0,24.0,0.0,1.0,13.0,10.0,0.0,0.0,0.0,1
P044,2013-05-15 00:00:00-04:00,6937.6475,135.67955,2383.5867,2687.7485,1730.6328,3.0,1.0,1.6666666,2.3333333,2.3333333,47026.332,15921.0,13756.667,2633.3333,14715.333,1468.6666,0.0,590.0,554.3333,324.33334,366.0,0.0,218.33333,1.0,146.66667,83637.664,21595.666,20459.0,20848.0,20735.0,1834.6666,0.0,808.3333,555.3333,471.0,906.0,0.0,327.33334,192.33333,386.33334,8938.0,0.0,1075.6666,5395.0,2467.3333,21.0,0.0,2.0,12.0,7.0,5.55,42.14,100.14222,1
P044,2013-05-16 00:00:00-04:00,6958.9478,125.69835,2400.617,2699.0042,1733.6283,3.0,1.0,2.0,2.0,2.0,47317.332,15921.0,14897.667,3483.3333,13015.333,1483.3334,0.0,592.0,558.6667,332.66666,440.33334,0.0,218.33333,2.6666667,219.33333,83545.664,21595.334,20453.666,20847.334,20649.334,1923.6666,0.0,810.3333,561.3333,552.0,910.0,0.0,331.66666,188.0,390.33334,11082.0,0.0,1166.3334,6739.0,3176.6667,29.666666,0.0,2.6666667,16.333334,10.666667,5.55,42.14,100.14222,1
P044,2013-05-17 00:00:00-04:00,6908.347,119.58943,2411.1284,2696.5479,1681.0814,2.6666667,1.0,2.0,2.0,1.6666666,44026.668,15921.0,16183.667,2177.0,9745.0,1516.0,0.0,660.6667,558.6667,296.66666,299.66666,0.0,218.33333,2.6666667,78.666664,83676.336,21591.666,20339.666,20764.334,20980.666,1815.6666,0.0,879.0,561.3333,375.33334,662.6667,0.0,325.33334,188.0,149.33333,10621.667,0.0,1872.0,7038.3335,1711.3334,26.666666,0.0,4.3333335,15.333333,7.0,5.55,42.14,100.14222,1
P044,2013-05-18 00:00:00-04:00,8148.045,125.8631,915.5911,5420.239,1686.3519,2.6666667,1.0,1.6666666,1.6666666,1.6666666,51381.0,21600.0,16427.0,1407.6666,11946.333,924.6667,0.0,155.0,359.66666,410.0,431.66666,0.0,0.0,77.333336,354.33334,84016.336,21509.666,21215.334,20899.666,20391.666,1356.3334,0.0,155.0,437.0,764.3333,429.33334,0.0,91.666664,85.0,252.66667,9759.0,54.0,1162.6666,6693.0,1849.3334,29.666666,0.33333334,4.0,17.666666,7.6666665,0.0,0.0,0.0,0
P044,2013-05-19 00:00:00-04:00,11200.544,3173.4597,2459.2312,4632.2417,935.61066,2.6666667,1.3333334,1.6666666,1.3333334,1.3333334,56885.332,21600.0,15708.667,2912.3333,16664.334,1154.3334,83.333336,470.66666,275.33334,325.0,514.6667,161.66667,1.6666666,75.666664,275.66666,82889.664,21033.334,20459.0,20887.0,20510.334,1669.0,245.0,472.33334,351.0,600.6667,609.3333,125.0,369.33334,0.6666667,114.333336,8932.333,54.0,2578.0,5096.3335,1204.0,22.0,0.33333334,4.6666665,12.333333,4.6666665,0.0,0.0,0.0,0
P044,2013-05-20 00:00:00-04:00,11282.16,3190.3572,1702.3782,5439.6646,949.75995,2.6666667,1.3333334,1.3333334,1.6666666,1.3333334,53989.0,21600.0,12979.333,2770.0,16639.666,1275.0,83.333336,317.66666,568.6667,305.33334,516.6667,161.66667,1.6666666,77.666664,275.66666,82273.664,20852.0,20573.334,20488.666,20359.666,1791.6666,245.0,319.33334,646.3333,581.0,595.0,125.0,283.66666,4.0,182.33333,6810.6665,54.0,1670.6666,4874.0,212.0,16.666666,0.33333334,2.3333333,12.333333,1.6666666,0.0,0.0,0.0,0
P044,2013-05-21 00:00:00-04:00,8307.59,3189.346,2459.3726,960.79486,1698.0768,2.3333333,1.3333334,1.6666666,1.3333334,1.6666666,49881.668,14579.0,12461.333,9697.333,13144.0,1057.0,83.333336,403.66666,293.33334,276.66666,167.0,161.66667,1.6666666,2.0,1.6666666,82199.664,20734.666,20217.666,20716.0,20531.334,1224.0,245.0,405.33334,295.33334,278.33334,746.6667,128.33333,432.66666,3.3333333,182.33333,10691.0,0.0,2662.3333,6852.0,1176.6666,17.333334,0.0,2.0,11.666667,3.6666667,0.0,0.0,0.0,0
P044,2013-05-22 00:00:00-04:00,5188.3535,124.08768,1639.0334,1724.3452,1700.8875,2.3333333,1.0,1.6666666,1.3333334,2.0,33578.332,7967.3335,7420.6665,7268.3335,10922.0,995.6667,0.0,262.66666,456.33334,276.66666,70.666664,0.0,0.0,69.0,1.6666666,82294.336,20984.334,20511.334,20332.666,20466.0,1066.3334,0.0,262.66666,525.3333,278.33334,501.0,3.3333333,216.0,99.333336,182.33333,11518.667,0.0,1320.6666,9085.333,1112.6666,21.666666,0.0,2.0,16.666666,3.0,7.2327776,36.664444,108.12889,0
P044,2013-05-23 00:00:00-04:00,6817.347,102.96775,2549.326,3209.7595,955.294,2.6666667,1.0,2.3333333,1.6666666,1.6666666,32643.666,7967.3335,7996.3335,7972.0,8708.0,1286.3334,0.0,498.33334,633.6667,154.33333,72.666664,0.0,0.0,71.0,1.6666666,81385.664,20909.334,20111.666,19819.334,20545.334,1359.0,0.0,498.33334,704.6667,156.0,714.3333,3.3333333,284.33334,317.33334,109.333336,10697.333,0.0,1478.3334,8086.3335,1132.6666,23.666666,0.0,3.0,17.333334,3.3333333,7.2327776,36.664444,108.12889,0
P044,2013-05-24 00:00:00-04:00,6828.7646,97.15083,1804.5891,4762.7637,164.26146,3.0,1.0,2.0,2.3333333,1.3333334,39226.668,14774.0,8530.333,3718.6667,12203.667,1275.6666,0.0,412.33334,793.6667,69.666664,141.33333,0.0,0.0,141.33333,0.0,80970.664,20810.0,20263.334,19279.0,20618.334,1417.0,0.0,412.33334,935.0,69.666664,645.6667,0.0,135.33333,508.66666,1.6666666,10336.667,0.0,322.0,9198.333,816.3333,20.666666,0.0,2.3333333,17.0,1.3333334,7.2327776,36.664444,108.12889,0
P044,2013-05-25 00:00:00-04:00,8342.064,76.59159,1043.7837,4783.489,2438.2004,3.0,1.0,1.6666666,3.0,1.6666666,52352.0,21385.666,12811.333,10643.667,7511.3335,1204.0,0.0,237.66667,858.6667,107.666664,143.0,0.0,0.0,74.333336,68.666664,80775.0,20740.666,20315.0,19114.0,20605.334,1347.0,0.0,237.66667,933.0,176.33333,848.0,0.0,130.66667,558.6667,158.66667,9864.333,0.0,157.66667,8083.3335,1623.3334,21.0,0.0,1.0,16.0,4.0,0.0,0.0,0.0,0
P044,2013-05-27 00:00:00-04:00,6046.5747,828.3961,97.7602,2462.669,2657.7498,3.0,1.3333334,1.0,2.6666667,2.3333333,41009.668,13518.333,10491.333,9739.0,7261.0,740.0,71.333336,2.0,400.33334,266.33334,289.33334,0.0,0.0,64.333336,225.0,83742.664,21151.334,21177.334,20468.334,20945.666,1029.3334,71.333336,2.0,464.66666,491.33334,603.6667,76.333336,62.333332,306.33334,158.66667,15015.0,430.0,147.66667,5584.6665,8852.667,34.0,1.6666666,1.0,17.333334,14.0,6.9922223,38.22889,107.76889,1
P045,2013-04-03 00:00:00-04:00,38937.453,1743.1798,13716.233,16338.977,7139.064,5.5,3.0,2.5,2.0,3.0,29227.5,5032.5,1931.5,9218.5,13045.0,4077.0,550.5,573.0,1947.5,1006.0,25.0,0.0,12.0,2.5,10.5,72678.5,19404.0,18917.5,16302.0,18055.0,4102.0,550.5,585.0,1950.0,1016.5,6640.0,893.0,1260.0,2531.0,1956.0,34038.5,2471.0,5080.0,14086.5,12401.0,31.0,3.5,4.5,14.5,8.5,6.63625,48.52,98.03,1
P045,2013-04-04 00:00:00-04:00,34187.3,1323.9828,10590.62,14634.746,7637.951,6.0,3.6666667,3.0,2.3333333,2.6666667,33658.332,6477.6665,3051.6667,10710.667,13418.333,3718.6667,431.33334,914.3333,1405.6666,967.3333,18.0,0.0,8.0,3.0,7.0,71260.336,19837.0,18596.334,14394.333,18432.666,3736.6667,431.33334,922.3333,1408.6666,974.3333,6315.3335,756.0,1451.0,2446.3333,1662.0,32370.334,1944.0,6146.0,12252.333,12028.0,37.0,3.3333333,4.3333335,12.333333,17.0,5.5028706,60.05037,100.49333,0
P045,2013-04-05 00:00:00-04:00,32304.693,374.11334,11041.701,10020.851,10868.028,5.0,2.6666667,2.6666667,2.3333333,2.6666667,38410.0,7923.6665,2780.3333,13916.667,13789.333,3616.0,187.33333,1329.0,732.6667,1367.0,89.0,0.0,2.6666667,4.3333335,82.0,69471.664,19853.0,18129.666,13862.0,17627.0,3705.0,187.33333,1331.6666,737.0,1449.0,6366.0,1046.6666,1571.6666,1635.3334,2112.3333,24605.334,1950.3334,8087.3335,5718.6665,8849.0,29.666666,3.0,4.3333335,8.0,14.333333,4.5677776,61.07,94.03222,1
P045,2013-04-08 00:00:00-04:00,8037.6743,0.0,1234.1897,2505.7615,4297.723,3.0,0.0,1.0,2.0,3.0,37532.0,31.0,7437.0,15188.0,14876.0,7690.0,0.0,1582.0,2521.0,3587.0,559.0,0.0,11.0,70.0,478.0,73953.0,21595.0,19086.0,17035.0,16237.0,8249.0,0.0,1593.0,2591.0,4065.0,4125.0,0.0,915.0,1964.0,1246.0,26614.0,484.0,7994.0,8690.0,9446.0,36.0,4.0,6.0,9.0,17.0,9.530556,38.808887,111.473335,1
P045,2013-04-11 00:00:00-04:00,25869.49,83.94544,4194.331,10480.404,11110.809,4.0,1.0,2.0,2.0,2.0,13271.0,31.0,2818.0,152.0,10270.0,3636.0,7.0,1646.0,1045.0,938.0,728.0,0.0,720.0,8.0,0.0,70616.0,19176.0,17504.0,15576.0,18360.0,4364.0,7.0,2366.0,1053.0,938.0,8564.0,1719.0,1025.0,4252.0,1568.0,33471.0,242.0,3146.0,16619.0,13464.0,40.0,1.0,5.0,18.0,16.0,6.215,87.92889,134.0689,0
P045,2013-04-12 00:00:00-04:00,16218.53,99.43304,3627.0908,5675.3486,6816.6577,4.0,1.5,2.5,2.0,2.5,22468.5,2547.0,5169.5,4579.5,10172.5,3479.0,130.0,1343.0,1147.5,858.5,372.0,0.0,360.0,12.0,0.0,73462.0,19760.5,18192.5,17164.0,18345.0,3851.0,130.0,1703.0,1159.5,858.5,6026.0,975.5,950.5,2500.0,1600.0,31438.5,1305.0,5068.0,14976.5,10089.0,41.5,3.5,4.0,17.5,16.5,5.6280556,63.421112,104.865555,1
P045,2013-04-13 00:00:00-04:00,14486.614,112.95957,3410.8416,5211.9565,5750.857,4.6666665,1.3333334,2.6666667,2.6666667,2.6666667,26037.334,2258.6667,4400.6665,5396.3335,13981.667,3890.0,96.666664,1055.6666,1430.6666,1307.0,258.33334,0.0,240.0,8.0,10.333333,70561.0,19992.0,18598.666,16831.334,15139.0,4148.3335,96.666664,1295.6666,1438.6666,1317.3334,6232.3335,730.3333,911.3333,2515.3333,2075.3333,29582.334,870.0,4603.3335,14679.333,9429.667,35.333332,2.3333333,4.0,15.666667,13.333333,5.7855554,67.39407,110.09852,1
P045,2013-04-14 00:00:00-04:00,119283.16,221.59398,4934.15,38755.773,75371.64,4.3333335,1.6666666,2.6666667,2.6666667,2.6666667,33510.0,7101.6665,3483.3333,9743.0,13182.0,3190.6667,160.0,512.0,1256.0,1262.6666,19.333334,1.0,0.0,5.3333335,13.0,69568.0,20552.334,19875.334,16265.0,12875.333,3210.0,161.0,512.0,1261.3334,1275.6666,9115.667,338.33334,653.3333,3498.6667,4625.3335,25530.334,1011.0,3591.6667,12145.667,8782.0,26.666666,2.6666667,2.6666667,12.0,9.333333,5.620278,65.99555,107.37778,1
P045,2013-04-15 00:00:00-04:00,125592.805,263.5778,4674.6626,38485.152,82169.414,4.3333335,1.3333334,2.3333333,2.3333333,2.3333333,37637.0,8433.667,4098.3335,13940.667,11164.333,2452.3333,145.0,165.33333,840.0,1302.0,17.666666,1.0,0.0,0.0,16.666666,65951.0,19693.334,20777.334,13020.333,12460.0,2470.0,146.0,165.33333,840.0,1318.6666,9771.667,1469.0,364.0,3288.0,4650.6665,19382.334,1072.3334,1261.6666,7731.3335,9317.0,21.666666,2.0,1.6666666,6.6666665,11.333333,5.250278,69.431854,107.85407,0
P045,2013-04-18 00:00:00-04:00,18285.709,149.10571,8795.263,9019.469,321.87173,8.0,1.0,4.0,4.0,2.0,51850.0,8053.0,2847.0,19350.0,21600.0,2152.0,31.0,0.0,2116.0,5.0,483.0,0.0,0.0,467.0,16.0,62926.0,20561.0,21240.0,17560.0,3565.0,2635.0,31.0,0.0,2583.0,21.0,5293.0,668.0,23.0,1105.0,3497.0,13627.0,0.0,797.0,12729.0,101.0,18.0,0.0,1.0,16.0,1.0,0.0,0.0,0.0,1
P045,2013-04-21 00:00:00-04:00,22509.559,264.3554,4714.0483,14578.232,2952.9236,4.0,2.0,3.0,3.0,3.0,23979.0,5211.0,322.0,3834.0,14612.0,848.0,0.0,507.0,88.0,253.0,247.0,0.0,0.0,247.0,0.0,78598.0,20417.0,19073.0,18970.0,20138.0,1095.0,0.0,507.0,335.0,253.0,3271.0,471.0,1065.0,1246.0,489.0,16720.0,0.0,3259.0,8583.0,4878.0,44.0,0.0,5.0,20.0,19.0,6.5869446,43.58,92.69556,0
P045,2013-04-22 00:00:00-04:00,15490.069,1268.2009,2611.194,8777.948,2832.7256,4.5,2.5,3.0,3.5,3.0,37586.0,11233.0,3044.0,5203.0,18106.0,921.5,137.5,253.5,291.0,239.5,126.5,0.0,0.0,125.0,1.5,80433.0,20299.5,20063.0,19684.5,20386.0,1048.0,137.5,253.5,416.0,241.0,2294.0,267.0,534.0,883.0,610.0,20791.5,3030.0,1629.5,8890.0,7242.0,52.5,7.5,2.5,16.5,26.0,5.7163887,64.69778,106.84889,0
P045,2013-04-23 00:00:00-04:00,13502.406,1169.6934,1881.9224,7753.126,2697.6646,4.6666665,3.0,2.6666667,3.3333333,2.6666667,53857.332,14688.667,9229.333,10668.667,19270.666,1043.3334,91.666664,169.0,545.3333,237.33333,466.0,0.0,0.0,387.66666,78.333336,77535.664,20731.334,20573.666,19276.0,16954.666,1509.3334,91.666664,169.0,933.0,315.66666,1998.3334,178.0,356.0,978.6667,485.66666,20971.334,2168.0,2589.0,11093.667,5120.6665,43.666668,6.0,3.6666667,15.0,19.0,5.7163887,64.69778,106.84889,0
P045,2013-04-28 00:00:00-04:00,21586.27,3965.611,177.52704,75.71066,17367.42,4.0,4.0,1.0,1.0,3.0,18775.0,3464.0,0.0,4658.0,10653.0,347.0,45.0,0.0,21.0,281.0,200.0,2.0,0.0,0.0,198.0,82816.0,20034.0,21595.0,21310.0,19877.0,547.0,47.0,0.0,21.0,479.0,2468.0,967.0,0.0,265.0,1236.0,18094.0,4939.0,0.0,4585.0,8570.0,46.0,8.0,0.0,20.0,18.0,6.908889,78.82889,130.52,0
P045,2013-04-29 00:00:00-04:00,20375.379,3060.6567,233.04169,7362.2026,9719.479,3.5,3.0,1.0,2.0,2.5,32853.5,8960.0,2576.5,9184.0,12133.0,1203.5,158.5,0.0,392.5,652.5,212.0,1.0,0.0,109.5,101.5,80476.0,19942.5,21315.0,19777.5,19441.0,1415.5,159.5,0.0,502.0,754.0,3521.0,1202.5,120.0,1068.0,1130.5,20664.0,5347.5,0.0,4318.5,10998.0,41.5,11.0,0.0,15.0,15.5,6.908889,78.82889,130.52,0
P045,2013-05-05 00:00:00-04:00,734.73267,0.0,0.0,608.4037,126.32894,2.0,0.0,0.0,2.0,1.0,76750.0,21600.0,21600.0,21600.0,11950.0,61.0,0.0,23.0,38.0,0.0,228.0,0.0,0.0,228.0,0.0,78326.0,21595.0,17384.0,17753.0,21594.0,289.0,0.0,23.0,266.0,0.0,7762.0,0.0,4187.0,3575.0,0.0,25714.0,0.0,10074.0,6812.0,8828.0,39.0,0.0,8.0,16.0,15.0,0.0,0.0,0.0,0
P045,2013-05-06 00:00:00-04:00,18866.271,1318.2988,9763.608,4151.8477,3632.5168,4.0,1.5,1.5,2.0,1.5,46132.5,12329.5,11222.0,16575.0,6006.0,3754.5,112.5,495.0,3129.0,18.0,802.5,0.0,0.0,802.5,0.0,75664.0,21337.5,18415.5,14881.0,21030.0,4557.0,112.5,495.0,3931.5,18.0,5738.0,143.5,2665.0,2705.5,224.0,19492.0,1694.0,6257.0,5765.5,5775.5,27.0,1.0,5.0,12.0,9.0,7.9830556,38.79778,99.08222,0
P045,2013-05-07 00:00:00-04:00,47359.25,1589.1934,7644.748,19660.957,18464.352,4.0,1.6666666,2.0,2.3333333,2.0,42259.332,8240.0,8229.0,16975.666,8814.667,3531.3333,75.0,667.6667,2276.0,512.6667,851.3333,0.0,91.0,675.3333,85.0,74566.664,20994.0,18563.666,16079.333,18929.666,4382.6665,75.0,758.6667,2951.3333,597.6667,6254.0,308.66666,2038.3334,2284.6667,1622.3334,21034.0,1694.0,5041.6665,6515.0,7783.3335,30.0,1.0,4.6666665,12.0,12.333333,7.9830556,38.79778,99.08222,0
P045,2013-05-08 00:00:00-04:00,49888.496,2345.772,8673.163,20426.031,18443.53,4.6666665,2.3333333,3.3333333,2.6666667,2.0,21606.0,2966.3333,3020.0,10673.333,4946.3335,3968.6667,142.33333,887.3333,2423.0,516.0,930.6667,0.0,91.0,754.6667,85.0,75289.664,20653.0,19324.0,16635.334,18677.334,4899.3335,142.33333,978.3333,3177.6667,601.0,4032.6667,339.0,818.0,1253.3334,1622.3334,18231.0,2269.0,2631.3333,5151.3335,8179.3335,27.666666,2.0,4.6666665,10.333333,10.666667,6.1180553,38.95111,84.31555,0
P045,2013-05-11 00:00:00-04:00,3777.6812,148.23178,3088.437,404.9085,136.10388,5.0,1.0,2.0,4.0,1.0,4029.0,76.0,61.0,3205.0,687.0,700.0,0.0,198.0,502.0,0.0,21.0,0.0,0.0,21.0,0.0,81029.0,20896.0,20238.0,19028.0,20867.0,721.0,0.0,198.0,523.0,0.0,1792.0,0.0,457.0,1335.0,0.0,6968.0,0.0,2107.0,2490.0,2371.0,12.0,0.0,2.0,5.0,5.0,3.5752778,72.77778,97.8,0
P045,2013-05-12 00:00:00-04:00,3184.0552,128.91544,1587.4036,292.49698,1175.2393,3.0,1.0,1.5,2.5,1.0,6399.5,38.0,45.5,2003.0,4313.0,553.5,0.0,99.0,358.0,96.5,10.5,0.0,0.0,10.5,0.0,81821.0,20875.5,20523.5,19803.0,20619.0,564.0,0.0,99.0,368.5,96.5,1012.0,0.0,228.5,667.5,116.0,11004.0,1940.5,1159.0,3070.0,4834.5,28.0,8.0,2.0,8.5,9.5,5.8675,48.703335,92.06333,0
P045,2013-05-13 00:00:00-04:00,14177.986,314.0596,4332.5586,3032.2988,6499.0693,4.0,1.6666666,2.0,2.3333333,2.3333333,29360.666,5664.3335,7230.3335,8535.333,7930.6665,1157.6666,154.66667,80.333336,479.33334,443.33334,162.33333,139.0,0.0,7.0,16.333334,79793.0,20266.666,20568.334,19344.0,19614.0,1320.0,293.66666,80.333336,486.33334,459.66666,2087.0,277.0,155.0,952.3333,702.6667,14434.667,1670.0,1259.6666,6646.0,4859.0,32.666668,6.0,2.6666667,13.666667,10.333333,5.8675,48.703335,92.06333,0
P045,2013-05-20 00:00:00-04:00,20501.984,105.40688,111.54492,17628.615,2656.4158,4.0,1.0,1.0,4.0,2.0,40518.0,13026.0,3293.0,15947.0,8252.0,2340.0,10.0,0.0,2291.0,39.0,0.0,0.0,0.0,0.0,0.0,78199.0,21426.0,21461.0,17853.0,17459.0,2340.0,10.0,0.0,2291.0,39.0,5296.0,65.0,0.0,1293.0,3938.0,12224.0,0.0,0.0,9713.0,2511.0,18.0,0.0,0.0,15.0,3.0,4.2805557,76.41778,107.08222,0
P045,2013-05-25 00:00:00-04:00,17817.434,2647.0154,8392.768,6691.144,86.50604,4.0,3.0,2.0,2.0,1.0,8471.0,1411.0,61.0,5023.0,1976.0,1211.0,245.0,294.0,672.0,0.0,29.0,0.0,12.0,17.0,0.0,78495.0,20001.0,19754.0,18037.0,20703.0,1240.0,245.0,306.0,689.0,0.0,2822.0,444.0,571.0,1807.0,0.0,31127.0,6313.0,7866.0,5679.0,11269.0,51.0,6.0,3.0,17.0,25.0,7.2719445,35.135555,89.73111,0
P046,2013-04-02 00:00:00-04:00,15831.215,911.65546,985.0951,4225.167,9709.298,11.0,3.5,2.5,5.0,5.5,40466.5,12336.0,6368.0,10103.0,11659.5,6444.5,2359.5,480.5,1879.5,1725.0,2071.0,239.5,481.5,858.0,492.0,74592.5,17754.0,20227.0,18126.5,18485.0,8515.5,2599.0,962.0,2737.5,2217.0,2181.0,966.5,115.5,470.5,628.5,31870.0,6514.5,1741.5,9785.5,13828.5,57.0,7.5,3.5,19.0,27.0,5.1818056,63.795555,108.01667,0
P046,2013-04-03 00:00:00-04:00,35628.242,10717.487,6735.487,7567.336,10607.931,11.333333,3.0,3.3333333,5.3333335,6.0,35199.668,8224.0,6409.6665,7363.3335,13202.667,5889.6665,1573.0,543.0,1788.6666,1985.0,2343.3333,159.66667,641.0,946.6667,596.0,74866.664,18947.0,19946.334,17830.334,18143.0,8233.0,1732.6666,1184.0,2735.3333,2581.0,2190.3333,644.3333,182.66667,760.3333,603.0,37087.332,5404.6665,4575.0,11654.667,15453.0,58.666668,8.0,6.0,23.0,21.666666,6.261667,57.00815,109.86815,0
P046,2013-04-04 00:00:00-04:00,39640.707,14447.197,6392.39,8072.9565,10728.162,9.666667,3.6666667,2.3333333,5.0,6.0,31685.666,8062.6665,5400.3335,7915.0,10307.667,6989.0,2557.0,222.66667,1648.6666,2560.6667,2616.3333,351.33334,320.0,1262.3334,682.6667,72739.336,17984.334,20508.0,17150.666,17096.334,9605.333,2908.3333,542.6667,2911.0,3243.3333,2585.3333,407.0,172.66667,1143.6666,862.0,40127.0,6787.3335,3737.0,11196.333,18406.334,56.0,7.6666665,5.0,22.666666,20.666666,7.2106943,52.34889,112.80111,0
P046,2013-04-05 00:00:00-04:00,32289.154,14394.472,6673.5205,6175.952,5045.211,9.333333,3.0,3.6666667,5.0,5.6666665,40257.0,7260.0,7805.0,11285.667,13906.333,9372.0,1848.6666,616.6667,1710.6666,5196.0,3220.3333,292.0,530.3333,1343.3334,1054.6666,67912.336,18624.334,19503.666,16549.0,13235.333,12592.333,2140.6667,1147.0,3054.0,6250.6665,3816.0,404.0,447.66666,1435.3334,1529.0,42397.332,5301.3335,6349.0,12179.333,18567.666,45.0,8.333333,7.0,19.0,10.666667,6.4818053,50.164444,104.78555,0
P046,2013-04-06 00:00:00-04:00,7895.28,4337.9185,606.16693,1639.2162,1311.9784,7.3333335,3.0,2.3333333,3.6666667,5.0,42188.668,8690.667,5640.6665,14550.667,13306.667,11087.0,2823.0,394.0,1377.3334,6492.6665,2734.0,292.0,210.33333,1132.0,1099.6666,66577.336,17412.0,19926.334,17344.0,11895.0,13821.0,3115.0,604.3333,2509.3333,7592.3335,3629.3333,448.0,342.0,1220.0,1619.3334,36164.668,6331.0,2935.0,8416.333,18482.334,35.0,9.0,3.3333333,11.333333,11.333333,5.5547223,64.795555,112.0,1
P046,2013-04-07 00:00:00-04:00,3354.0596,343.47394,602.9213,832.7599,1574.9043,7.0,2.0,2.3333333,3.3333333,5.3333335,39372.668,5585.3335,6290.6665,12871.667,14625.0,8390.667,1122.6666,394.0,1249.0,5625.0,2305.6667,100.333336,210.33333,564.3333,1430.6666,71059.0,19675.334,20098.666,18601.0,12684.0,10696.333,1223.0,604.3333,1813.3334,7055.6665,2899.3333,185.33333,342.0,866.3333,1505.6666,31018.334,4064.0,3210.3333,7152.0,16592.0,38.666668,9.666667,3.6666667,13.666667,11.666667,6.0937963,60.482964,112.0,0
P046,2013-04-08 00:00:00-04:00,3342.473,79.689514,956.21204,858.1937,1448.3776,6.6666665,1.3333334,2.6666667,3.0,4.3333335,36698.668,4906.0,4940.0,10995.667,15857.0,5999.3335,974.3333,490.0,1216.3334,3318.6667,2064.3333,0.0,311.0,650.3333,1103.0,75735.0,20291.666,20399.0,19037.334,16007.0,8063.6665,974.3333,801.0,1866.6666,4421.6665,1843.3334,49.333332,79.666664,630.0,1084.3334,25469.334,3435.0,3454.3333,6360.3335,12219.667,39.666668,8.333333,2.3333333,16.333334,12.666667,6.688611,55.724445,112.0,1
P046,2013-04-09 00:00:00-04:00,4076.3481,68.78378,1261.3729,1091.2114,1654.9802,7.6666665,1.3333334,3.0,4.0,4.0,38178.332,4169.3335,7298.3335,10865.667,15845.0,3976.0,0.0,717.6667,1383.3334,1875.0,2803.6667,66.0,539.0,886.3333,1312.3334,77467.664,21513.334,20176.666,18371.0,17406.666,6779.6665,66.0,1256.6666,2269.6667,3187.3333,1992.6666,17.666666,156.33333,932.0,886.6667,25378.334,1380.6666,3615.6667,9665.0,10717.0,39.666668,5.0,3.6666667,18.0,13.0,7.0248146,43.70148,102.666664,1
P046,2013-04-10 00:00:00-04:00,4274.0703,75.152145,1525.3202,1300.0055,1373.5925,8.0,1.3333334,3.3333333,4.3333335,3.6666667,42708.332,2900.6667,8756.0,13494.667,17557.0,6446.0,0.0,774.6667,1429.3334,4242.0,2908.6667,66.0,631.0,1277.3334,934.3333,74244.336,21398.666,19905.334,17670.0,15270.333,9354.667,66.0,1405.6666,2706.6667,5176.3335,2498.3333,86.666664,228.66667,1138.0,1045.0,30739.666,1465.6666,3407.3333,12553.333,13313.333,37.333332,6.0,3.6666667,17.666666,10.0,6.453704,42.93704,97.333336,0
P046,2013-04-11 00:00:00-04:00,4339.9346,1041.174,609.1927,1165.6816,1523.886,7.3333335,2.3333333,1.6666666,4.0,4.0,40994.332,3378.3333,5597.6665,14158.0,17860.334,8211.667,1824.0,284.66666,1253.3334,4849.6665,2987.0,437.0,320.0,1114.6666,1115.3334,71911.0,19057.334,20697.666,17852.334,14303.667,11198.667,2261.0,604.6667,2368.0,5965.0,2608.3333,151.33333,150.66667,1197.6666,1108.6666,30159.0,3325.3333,292.0,10882.333,15659.333,41.0,5.6666665,2.3333333,17.0,16.0,6.5050926,47.85926,102.666664,0
P046,2013-04-12 00:00:00-04:00,4278.6484,1010.0377,877.31323,796.79016,1594.5074,6.6666665,2.0,2.6666667,3.0,4.3333335,49214.668,4868.3335,8039.3335,16064.667,20242.334,10554.333,1824.0,206.33333,1050.3334,7473.6665,2699.6667,453.33334,542.6667,715.3333,988.3333,69210.0,18925.334,20189.334,18792.0,11303.333,13254.0,2277.3333,749.0,1765.6666,8462.0,2628.0,141.66667,382.33334,731.3333,1372.6666,30117.0,3375.6667,2779.3333,7963.6665,15998.333,42.666668,6.0,2.6666667,18.0,16.0,5.924537,51.170372,101.333336,0
P046,2013-04-13 00:00:00-04:00,3797.1826,1040.7373,615.94916,604.88293,1535.6133,6.6666665,2.6666667,2.3333333,2.6666667,4.3333335,55820.332,8887.667,9365.667,17324.666,20242.334,8888.667,2047.3334,149.33333,1379.3334,5312.6665,2131.6667,535.6667,450.66666,246.66667,898.6667,71367.0,18056.666,20128.334,19113.0,14069.0,11020.333,2583.0,600.0,1626.0,6211.3335,2087.0,414.66666,310.0,434.0,928.3333,24752.334,3388.0,2692.0,6763.3335,11909.0,42.0,5.6666665,2.3333333,16.666666,17.333334,6.1575,51.97333,104.0,0
P046,2013-04-14 00:00:00-04:00,3226.3245,459.81378,1116.8792,590.5123,1059.1193,6.0,2.6666667,3.0,2.3333333,3.6666667,61403.668,10562.0,11646.333,17595.334,21600.0,7275.0,1046.3334,857.3333,1258.0,4113.3335,2192.6667,351.66666,899.0,391.0,551.0,73155.664,19247.666,19047.334,18716.334,16144.333,9467.667,1398.0,1756.3334,1649.0,4664.3335,2231.3333,490.0,321.66666,905.0,514.6667,21745.0,3709.0,3835.0,5316.6665,8884.333,33.0,6.3333335,4.3333335,11.333333,11.0,4.924028,55.85889,98.01778,0
P046,2013-04-15 00:00:00-04:00,3892.0876,709.05176,1429.8007,924.51996,828.7154,6.3333335,3.3333333,3.0,2.6666667,3.3333333,60526.332,11221.667,11071.667,18067.334,20165.666,6107.3335,1053.3334,1181.6666,1345.6666,2526.6667,2334.0,432.66666,851.3333,799.0,251.0,74607.336,19144.666,18842.666,18213.334,18406.666,8441.333,1486.0,2033.0,2144.6667,2777.6667,2491.0,630.3333,386.66666,1064.0,410.0,21248.666,4780.3335,2924.3333,5364.6665,8179.3335,31.666666,9.0,4.6666665,9.333333,8.666667,3.656111,62.13222,94.14778,0
P046,2013-04-16 00:00:00-04:00,4272.53,924.0231,1428.937,993.90643,925.66315,6.6666665,3.0,3.0,3.3333333,3.6666667,52943.332,9303.333,7679.0,18067.334,17893.666,6874.3335,1059.3334,1244.3334,1973.3334,2597.3333,3013.3333,431.0,851.3333,1316.3334,414.66666,73678.336,19648.334,19048.0,16867.666,18114.334,9887.667,1490.3334,2095.6667,3289.6667,3012.0,2811.0,456.66666,451.33334,1436.3334,466.66666,23044.666,4364.0,2958.0,6169.0,9553.667,32.666668,8.0,5.0,9.666667,10.0,3.7057407,61.01926,93.431854,0
P046,2013-04-17 00:00:00-04:00,4144.1455,804.4275,935.5026,1134.6616,1269.5536,7.0,2.6666667,2.3333333,4.3333335,3.6666667,54523.668,8709.0,8639.0,20541.666,16634.0,8631.667,676.0,536.3333,3183.6667,4235.6665,2781.6667,423.33334,403.0,1265.3334,690.0,72586.0,20016.334,20219.0,16292.667,16058.0,11413.333,1099.3334,939.3333,4449.0,4925.6665,2376.0,481.0,438.0,852.0,605.0,27342.0,3256.0,2517.6667,9752.333,11816.0,32.0,7.3333335,3.3333333,12.333333,9.0,3.5516667,58.95,90.13,0
P046,2013-04-18 00:00:00-04:00,3843.107,812.3481,75.867256,1587.9412,1366.9504,6.6666665,2.3333333,1.3333334,5.0,3.0,64336.0,13054.0,11613.667,21600.0,18068.334,9014.667,1245.0,62.666668,4709.0,2998.0,3016.6667,419.0,0.0,1401.6666,1196.0,72129.664,19437.334,21371.0,14728.333,16593.0,12031.333,1664.0,62.666668,6110.6665,4194.0,2140.0,491.0,158.66667,730.6667,759.6667,27444.0,2113.6667,779.6667,10463.333,14087.333,30.666666,4.3333335,1.3333334,14.0,11.0,3.805,58.793335,92.0,0
P046,2013-04-19 00:00:00-04:00,4343.389,693.9059,203.47083,2050.6797,1395.3326,7.0,2.3333333,1.6666666,5.0,2.6666667,65848.0,13686.0,12621.333,21600.0,17940.666,11106.0,1631.0,204.66667,4829.6665,4440.6665,2758.6667,338.33334,90.666664,1135.6666,1194.0,68951.0,18602.0,20955.0,14517.667,14876.333,13864.667,1969.3334,295.33334,5965.3335,5634.6665,2399.3333,334.33334,249.0,944.0,872.0,25417.334,2547.3333,1280.3334,9522.333,12067.333,26.666666,3.0,1.0,14.666667,8.0,5.928889,65.22444,115.422226,0
P046,2013-04-25 00:00:00-04:00,4110.2725,843.07214,275.0656,938.79724,2053.3374,7.3333335,4.0,1.0,3.6666667,4.0,72586.664,17856.0,14400.0,18730.666,21600.0,10082.667,6675.6665,0.0,860.0,2547.0,2195.3333,300.33334,0.0,548.6667,1346.3334,65005.668,12819.0,21159.0,15198.667,15829.0,12278.0,6976.0,0.0,1408.6666,3893.3333,2002.6666,282.66666,0.0,293.0,1427.0,18584.334,5622.3335,84.0,2520.3333,10357.667,22.666666,6.0,0.33333334,7.3333335,9.0,4.1770835,60.68,96.863335,0
P046,2013-04-26 00:00:00-04:00,90092.664,592.4685,840.2838,85849.55,2810.3682,8.333333,3.0,2.3333333,4.0,3.3333333,66707.336,14184.333,14400.0,16523.0,21600.0,9826.333,6194.6665,362.33334,1173.3334,2096.0,3359.6667,215.33333,282.33334,1098.0,1764.0,60501.668,12442.0,20337.334,12734.0,14988.333,13186.0,6410.0,644.6667,2271.3333,3860.0,5617.3335,80.0,297.0,2742.0,2498.3333,20118.334,4604.3335,2702.3333,4914.3335,7897.3335,24.666666,4.6666665,1.6666666,6.6666665,11.666667,4.1770835,60.68,96.863335,0
P046,2013-04-27 00:00:00-04:00,93588.32,358.6962,926.4789,90468.02,1835.1222,6.3333335,2.3333333,2.6666667,3.6666667,2.3333333,64012.332,12845.0,14755.0,16893.666,19518.666,7983.3335,3251.3333,362.33334,2735.6667,1634.0,2724.6667,105.666664,282.33334,1237.0,1099.6666,60417.0,13356.333,20530.0,10782.667,15748.0,10708.0,3357.0,644.6667,3972.6667,2733.6667,5959.0,31.666666,297.0,2946.3333,2684.0,22714.666,4245.3335,2702.3333,7876.3335,7890.6665,27.0,4.0,1.6666666,11.0,10.333333,3.2159722,56.215557,84.71,0
P046,2013-04-28 00:00:00-04:00,176454.53,93.81283,821.1528,173837.66,1701.902,6.0,1.0,3.0,4.3333335,2.0,57885.332,14972.667,7982.0,15412.0,19518.666,5187.6665,234.33333,474.0,2820.6667,1658.6666,2687.6667,152.66667,438.66666,1420.6666,675.6667,59543.668,12074.0,20121.0,10679.0,16669.666,7875.3335,387.0,912.6667,4241.3335,2334.3333,8901.0,122.666664,297.66666,6304.6665,2176.0,26124.666,292.66666,2964.6667,9308.333,13559.0,37.0,1.3333334,2.3333333,14.666667,18.666666,5.5475,64.85333,112.0,0
P046,2013-04-29 00:00:00-04:00,90977.086,377.05838,531.5457,88893.85,1174.6357,5.0,1.6666666,1.6666666,4.0,2.6666667,54491.668,15284.333,2069.0,17619.666,19518.666,5870.0,408.33334,181.66667,2982.3333,2297.6667,2393.6667,219.33333,314.33334,1268.3334,591.6667,63036.332,12776.667,20644.0,12852.0,16763.666,8263.667,627.6667,496.0,4250.6665,2889.3333,5550.0,270.33334,4.3333335,3933.0,1342.3334,22358.666,1557.3334,262.33334,7898.6665,12640.333,40.0,4.0,0.6666667,16.0,19.333334,4.5008335,61.226665,100.0,0
P046,2013-04-30 00:00:00-04:00,86395.805,350.00766,662.9381,84059.16,1323.7002,5.6666665,1.6666666,1.3333334,4.0,2.6666667,65350.0,14717.667,8914.0,20118.334,21600.0,4114.0,472.33334,181.66667,1396.3334,2063.6667,2164.3333,152.33333,314.33334,890.3333,807.3333,61909.0,16087.333,18138.0,11532.0,16151.667,6278.3335,624.6667,496.0,2286.6667,2871.0,5002.3335,267.66666,4.3333335,3871.0,859.3333,21032.0,1630.6666,262.33334,6254.3335,12884.667,40.0,4.6666665,0.6666667,15.333333,19.333334,2.7369444,53.497776,78.16,0
P046,2013-05-01 00:00:00-04:00,9813.281,580.112,1278.8755,996.5214,6957.772,6.6666665,2.0,2.6666667,4.0,3.0,65627.336,9652.667,14487.0,19887.666,21600.0,4973.6665,404.33334,467.66666,1382.3334,2719.3333,2571.3333,215.66667,539.0,766.0,1050.6666,67149.0,20020.334,17563.666,14944.333,14620.667,7545.0,620.0,1006.6667,2148.3333,3770.0,2180.3333,147.66667,3.6666667,566.3333,1462.6666,25066.666,2494.6667,3056.0,5424.0,14092.0,37.333332,6.6666665,1.6666666,13.0,16.0,3.639537,49.557037,81.44,0
P046,2013-05-02 00:00:00-04:00,9654.13,556.2863,1364.2357,1041.78,6691.8276,7.0,1.6666666,2.6666667,3.6666667,2.6666667,65854.336,9709.0,14657.667,19887.666,21600.0,6040.3335,1625.6666,403.0,780.0,3231.6667,2141.6667,154.0,388.33334,842.3333,757.0,66951.0,18485.666,17981.0,15337.0,15147.333,8182.0,1779.6666,791.3333,1622.3334,3988.6667,1869.3334,10.666667,3.3333333,912.3333,943.0,24913.334,1947.0,3150.3333,4478.0,15338.0,32.333332,4.3333335,2.0,9.666667,16.333334,3.7322223,45.535557,78.16,0
P046,2013-05-03 00:00:00-04:00,10815.004,762.885,1991.3087,1301.0413,6759.7686,8.0,2.0,4.3333335,3.6666667,2.6666667,61062.332,8651.667,10923.0,19887.666,21600.0,9542.667,1854.6666,568.6667,863.6667,6255.6665,3307.6667,334.66666,1092.0,1160.3334,720.6667,69862.664,18267.0,19692.666,18675.0,13228.0,12850.333,2189.3333,1660.6666,2024.0,6976.3335,1955.6666,77.333336,36.666668,683.0,1158.6666,35379.0,3369.0,5305.6665,7126.6665,19577.666,46.333332,6.3333335,5.0,19.666666,15.333333,5.444722,41.675556,88.0,0
P046,2013-05-04 00:00:00-04:00,4359.247,771.48267,1251.4418,1061.446,1274.8763,6.3333335,2.0,2.6666667,3.0,2.6666667,68058.336,14400.333,12123.0,21600.0,19935.0,10828.333,1855.0,171.0,1782.0,7020.3335,2966.3333,496.33334,711.0,1303.0,456.0,66750.0,18365.334,18253.334,16825.0,13306.333,13794.667,2351.3333,882.0,3085.0,7476.3335,1566.0,143.33333,36.666668,780.0,606.0,34939.668,2612.6667,2249.6667,12131.333,17946.0,47.0,5.0,3.3333333,22.666666,16.0,0.0,0.0,0.0,0
P046,2013-05-05 00:00:00-04:00,4150.7046,766.9516,887.34106,982.1864,1514.2257,5.3333335,2.0,2.6666667,2.6666667,3.0,68690.664,14090.333,13065.333,21600.0,19935.0,10299.333,1946.0,166.33333,1968.0,6219.0,3200.0,707.3333,709.3333,858.3333,925.0,66675.664,18424.334,18052.334,17219.666,12979.333,13499.333,2653.3333,875.6667,2826.3333,7144.0,1773.3334,280.33334,33.333332,427.66666,1032.0,36305.0,4632.3335,2417.3333,13229.333,16026.0,50.0,6.3333335,4.3333335,23.666666,15.666667,6.6655555,55.90889,112.0,0
P046,2013-05-06 00:00:00-04:00,5188.2207,563.8898,933.67755,1972.954,1717.6992,6.0,1.6666666,2.6666667,3.0,3.6666667,63884.0,12535.333,13063.667,20610.0,17675.0,8451.333,1653.0,692.0,2320.0,3786.3333,3562.3333,526.6667,377.0,1138.0,1520.6666,65863.0,18718.334,16889.334,15664.333,14591.0,12013.667,2179.6667,1069.0,3458.0,5307.0,3054.0,217.0,749.0,1091.6666,996.3333,29237.666,3706.0,947.0,13214.333,11370.333,41.0,6.0,4.3333335,15.0,15.666667,6.4311113,49.784443,104.0,0
P046,2013-05-07 00:00:00-04:00,5325.607,300.98227,1211.2155,1970.0835,1843.3259,7.0,1.3333334,2.6666667,3.6666667,4.6666665,55546.0,8523.667,9463.667,19573.0,17985.666,7331.3335,1486.3334,780.0,1274.6666,3790.3333,3669.3333,216.0,447.66666,1348.0,1657.6666,70196.664,19029.0,19082.0,17570.666,14515.0,11000.667,1702.3334,1227.6666,2622.6667,5448.0,3028.0,159.66667,820.3333,923.0,1125.0,28588.666,4055.3333,1243.0,12024.0,11266.333,42.333332,6.3333335,5.3333335,15.333333,15.333333,6.4311113,49.784443,104.0,0
P046,2013-05-08 00:00:00-04:00,5117.9062,70.181564,1218.4122,2212.2668,1617.0454,8.333333,1.3333334,2.6666667,4.6666665,4.6666665,52123.668,5122.6665,10863.667,18151.666,17985.666,8283.333,1526.3334,779.3333,1201.3334,4776.3335,3578.6667,18.0,442.0,1747.0,1371.6666,69971.0,19327.666,19275.666,17000.334,14367.333,11862.0,1544.3334,1221.3334,2948.3333,6148.0,3153.6667,209.0,824.0,1354.6666,766.0,30624.0,3518.0,1192.3334,12280.667,13633.0,35.333332,6.0,5.0,14.0,10.333333,5.6354165,51.483334,99.333336,0
P046,2013-05-09 00:00:00-04:00,3269.33,321.8089,322.1962,1205.8508,1419.4742,6.6666665,1.6666666,1.0,4.6666665,4.3333335,52536.332,6414.6665,9968.667,17579.334,18573.666,8049.0,2960.6667,90.0,867.3333,4131.0,2316.0,116.666664,70.666664,1365.6666,763.0,73057.336,17978.666,21290.666,18155.0,15633.0,10365.0,3077.3333,160.66667,2233.0,4894.0,2370.0,218.0,75.0,1118.3334,958.6667,30080.0,3650.6667,709.3333,12168.0,13552.0,35.333332,5.6666665,3.0,15.0,11.666667,5.0970836,55.79,99.333336,0
P046,2013-05-10 00:00:00-04:00,3707.3018,624.8907,631.57904,1389.135,1061.6971,7.0,2.6666667,2.3333333,4.6666665,3.0,54543.332,7530.6665,9719.0,18616.334,18677.334,11741.0,3556.0,943.3333,1683.0,5558.6665,2549.0,287.0,208.0,1374.6666,679.3333,68037.336,17318.334,19549.334,17050.666,14119.0,14290.0,3843.0,1151.3334,3057.6667,6238.0,3406.6667,292.33334,755.0,1321.0,1038.3334,33420.0,3779.0,3119.6667,10830.0,15691.333,34.333332,5.3333335,4.0,16.333334,8.666667,5.0970836,55.79,99.333336,0
P046,2013-05-11 00:00:00-04:00,10993.848,866.10205,624.51764,1067.6772,8435.551,5.6666665,2.6666667,2.3333333,3.6666667,3.0,61360.0,14506.667,9667.667,20037.666,17148.0,10825.667,3151.0,943.3333,1499.0,5232.3335,2324.6667,353.0,208.0,904.0,859.6667,67250.336,16422.666,19445.666,18045.666,13336.333,13150.333,3504.0,1151.3334,2403.0,6092.0,3562.3333,103.0,751.3333,862.3333,1845.6666,31629.0,2074.0,2975.3333,11661.0,14918.667,38.0,4.3333335,3.3333333,17.0,13.333333,5.12,52.273335,96.0,0
P046,2013-05-12 00:00:00-04:00,11198.488,899.41895,624.6562,1311.6759,8362.737,6.3333335,3.0,2.3333333,3.6666667,3.3333333,63157.332,14438.667,8298.667,21600.0,18820.0,11214.667,2181.0,941.3333,1516.6666,6575.6665,2649.6667,546.0,208.0,1060.6666,835.0,66095.664,16752.0,19291.334,18025.666,12026.667,13864.333,2727.0,1149.3334,2577.3333,7410.6665,3313.6667,428.33334,751.3333,505.66666,1628.3334,33713.332,3287.6667,2773.3333,11991.333,15661.0,37.666668,5.3333335,2.3333333,16.333334,13.666667,6.7777777,63.013332,120.00222,0
P046,2013-05-14 00:00:00-04:00,4911.2764,624.1676,47.54992,1984.6371,2254.9219,7.0,2.3333333,1.0,4.6666665,4.6666665,69960.336,17373.0,11602.0,20159.334,20826.0,6964.0,766.0,0.0,1879.3334,4318.6665,3180.0,299.33334,0.0,1662.3334,1218.3334,71617.664,19533.0,21101.0,16407.334,14576.333,10144.0,1065.3334,0.0,3541.6667,5537.0,2332.6667,366.33334,8.666667,1094.6666,863.0,23227.0,5470.3335,151.66667,10983.667,6621.3335,47.333332,10.0,0.6666667,19.666666,17.0,6.7777777,63.013332,120.00222,0
P046,2013-05-15 00:00:00-04:00,5463.055,350.4356,870.0421,1541.7544,2700.8232,8.0,2.0,2.3333333,4.0,5.3333335,78025.664,19542.0,17602.334,20159.334,20722.0,7494.0,425.66666,596.3333,1842.0,4630.0,3582.0,7.6666665,423.33334,1449.3334,1701.6666,70842.664,20475.334,19872.0,16542.666,13952.667,11076.0,433.33334,1019.6667,3291.3333,6331.6665,2157.3333,105.333336,164.0,1201.3334,686.6667,21317.334,3356.3333,1304.3334,7638.0,9018.667,43.0,6.3333335,2.3333333,18.333334,16.0,0.0,0.0,0.0,0
P046,2013-05-16 00:00:00-04:00,3332.7058,73.734695,877.81067,670.64355,1710.5167,6.6666665,1.6666666,2.3333333,2.6666667,4.6666665,69588.336,12871.0,15779.333,20216.0,20722.0,7935.3335,1174.3334,596.3333,1327.6666,4837.0,2645.6667,9.333333,423.33334,797.0,1416.0,71795.0,19647.334,19869.666,18165.334,14112.667,10581.0,1183.6666,1019.6667,2124.6667,6253.0,1689.0,164.66667,155.33333,738.3333,630.6667,24967.334,1767.3334,1152.6666,10294.0,11753.333,32.0,6.3333335,1.6666666,14.333333,9.666667,6.0155554,57.11111,108.00222,0
P046,2013-05-18 00:00:00-04:00,4549.6294,932.8924,52.13363,1494.4509,2070.1526,6.3333335,3.3333333,1.0,4.0,3.6666667,51636.668,10868.0,3599.6667,19515.0,17654.0,10671.333,3571.3333,0.0,3031.3333,4068.6667,2399.6667,426.66666,0.0,1215.6666,757.3333,64410.668,14531.667,20728.666,15992.333,13158.0,13071.0,3998.0,0.0,4247.0,4826.0,1521.0,484.33334,0.0,754.6667,282.0,30640.666,4932.6665,0.0,13643.0,12065.0,34.666668,7.6666665,0.0,15.333333,11.666667,7.4991665,56.836666,119.596664,0
P046,2013-05-19 00:00:00-04:00,4342.964,914.27814,38.723732,1685.2498,1704.7123,5.3333335,3.0,1.0,4.0,2.6666667,52392.668,11588.667,3635.0,19515.0,17654.0,7785.3335,2666.0,0.0,2726.3333,2393.0,2063.3333,417.33334,0.0,1150.3334,495.66666,67978.336,15556.0,20742.334,16453.334,15226.667,9848.667,3083.3333,0.0,3876.6667,2888.6667,1261.6666,404.66666,0.0,676.6667,180.33333,22672.334,5258.6665,37.0,9856.0,7520.6665,34.666668,7.0,0.33333334,15.0,12.333333,7.439306,57.197777,119.47889,0
P046,2013-05-20 00:00:00-04:00,3500.1873,962.5182,41.86407,1567.5814,928.22363,5.0,3.3333333,1.0,3.6666667,2.3333333,57769.0,11541.667,6793.0,19689.334,19745.0,8221.667,3474.6667,0.0,1574.6666,3172.3333,2256.0,467.33334,0.0,1110.3334,678.3333,66416.0,14862.0,20788.666,17294.666,13470.667,10477.667,3942.0,0.0,2685.0,3850.6667,2085.0,274.0,0.0,1025.3334,785.6667,23585.334,6782.0,37.0,6847.0,9919.333,36.0,8.0,0.33333334,15.0,12.666667,4.259444,49.592224,86.43445,0
P046,2013-05-22 00:00:00-04:00,3105.8208,705.35583,310.8312,1140.7646,948.869,6.0,3.0,1.6666666,4.0,3.3333333,71271.336,15617.667,12758.0,21295.666,21600.0,11667.0,4258.3335,359.66666,1979.3334,5069.6665,1974.3334,383.66666,25.0,796.6667,769.0,62215.668,15556.0,19510.0,15634.0,11515.667,13641.333,4642.0,384.66666,2776.0,5838.6665,3960.0,478.0,300.0,1202.0,1980.0,23533.334,7644.0,0.0,7630.0,8259.333,23.0,6.0,0.0,11.0,6.0,2.6230555,41.351112,65.10222,0
P047,2013-03-30 00:00:00-04:00,9118.888,1481.252,2707.4326,2007.7085,2922.4949,3.5,1.5,2.5,2.5,1.0,42938.5,10852.0,12900.0,5300.0,13886.5,3179.5,135.0,765.0,2177.0,102.5,816.5,129.0,350.0,337.5,0.0,80162.5,20564.5,20066.5,18480.5,21051.0,3996.0,264.0,1115.0,2514.5,102.5,1540.5,663.5,257.5,399.0,220.5,8331.0,636.0,3108.5,3171.5,1415.0,14.0,1.5,3.5,6.5,2.5,7.792222,35.31333,111.882225,0
P047,2013-03-31 00:00:00-04:00,10589.271,1009.12555,1946.4387,4325.242,3308.4653,3.6666667,1.3333334,2.3333333,2.3333333,1.6666666,50015.668,14434.667,12484.0,6639.3335,16457.666,2281.3333,90.0,510.0,1457.0,224.33333,544.3333,86.0,233.33333,225.0,0.0,80416.664,20816.0,20421.334,18989.666,20189.666,2825.6667,176.0,743.3333,1682.0,224.33333,1958.0,442.33334,172.33333,560.0,783.3333,6632.3335,424.0,2072.3333,2381.0,1755.0,13.666667,1.0,2.3333333,5.3333335,5.0,7.792222,35.31333,111.882225,0
P047,2013-04-01 00:00:00-04:00,7698.909,52.796215,1792.4832,3298.5476,2555.0823,4.0,1.0,3.0,2.0,2.3333333,55752.668,21600.0,16835.0,3876.3333,13441.333,783.6667,68.0,306.0,228.66667,181.0,0.0,0.0,0.0,0.0,0.0,81784.664,20949.666,20553.334,20412.0,19869.666,783.6667,68.0,306.0,228.66667,181.0,1740.3334,160.66667,254.0,385.66666,940.0,3160.0,232.0,468.66666,1115.6666,1343.6666,13.333333,0.6666667,2.3333333,5.3333335,5.0,0.0,0.0,0.0,0
P047,2013-04-04 00:00:00-04:00,11345.67,50.99736,5914.493,1293.5455,4086.6345,6.0,1.0,5.0,3.0,2.0,84101.0,19301.0,21600.0,21600.0,21600.0,1909.0,186.0,699.0,1024.0,0.0,0.0,0.0,0.0,0.0,0.0,79816.0,20554.0,19350.0,19475.0,20437.0,1909.0,186.0,699.0,1024.0,0.0,1158.0,0.0,682.0,217.0,259.0,6518.0,0.0,930.0,2779.0,2809.0,33.0,0.0,3.0,14.0,16.0,0.0,0.0,0.0,0
P047,2013-04-05 00:00:00-04:00,8650.658,43.082462,5262.7227,1282.9791,2061.8743,5.5,1.0,4.5,3.0,1.5,85250.5,20450.5,21600.0,21600.0,21600.0,1609.0,93.0,466.5,1049.5,0.0,0.0,0.0,0.0,0.0,0.0,73204.0,20614.5,19538.0,19395.5,13656.0,1609.0,93.0,466.5,1049.5,0.0,1049.5,0.0,686.5,233.5,129.5,7025.0,0.0,966.0,3719.5,2339.5,26.0,0.0,3.5,12.5,10.0,0.0,0.0,0.0,1
P047,2013-04-11 00:00:00-04:00,11194.662,32.4531,5278.8394,3707.0498,2176.32,6.0,1.0,5.0,5.0,2.0,72433.0,20011.0,21600.0,21600.0,9222.0,1898.0,0.0,496.0,1176.0,226.0,16.0,0.0,0.0,0.0,16.0,79662.0,20819.0,20008.0,19278.0,19557.0,1914.0,0.0,496.0,1176.0,242.0,1548.0,0.0,288.0,319.0,941.0,3598.0,0.0,172.0,2981.0,445.0,13.0,0.0,1.0,9.0,3.0,0.0,0.0,0.0,0
P047,2013-04-12 00:00:00-04:00,17969.314,49.77957,5125.0894,2579.768,10214.677,7.0,1.0,4.5,5.0,2.5,63992.5,20805.5,21600.0,16517.5,5069.5,1591.5,0.0,262.5,747.0,582.0,8.0,0.0,0.0,0.0,8.0,78757.5,20774.5,19986.0,19605.5,18391.5,1599.5,0.0,262.5,747.0,590.0,2632.0,0.0,510.5,389.0,1732.5,8095.0,0.0,252.5,3476.5,4366.0,18.0,0.0,1.0,9.5,7.5,0.0,0.0,0.0,0
P047,2013-04-13 00:00:00-04:00,12073.415,57.34502,3463.5571,1729.2612,6823.252,5.3333335,1.0,3.6666667,3.6666667,2.0,54632.0,17919.0,14400.0,15808.333,6504.6665,1064.0,0.0,175.0,501.0,388.0,5.3333335,0.0,0.0,0.0,5.3333335,80794.336,20732.0,20406.0,20264.334,19392.0,1069.3334,0.0,175.0,501.0,393.33334,1824.6666,0.0,340.33334,261.66666,1222.6666,6551.3335,54.0,168.33333,3175.6667,3153.3333,18.333334,0.33333334,0.6666667,10.666667,6.6666665,6.3694444,69.33111,134.51778,1
P047,2013-04-14 00:00:00-04:00,12369.791,67.00142,1800.489,2967.2744,7535.026,5.3333335,1.0,3.0,3.3333333,2.0,46521.332,15774.0,7200.0,12916.667,10630.667,922.0,0.0,9.666667,360.33334,552.0,144.33333,0.0,0.0,6.6666665,137.66667,78171.664,20978.666,20936.0,19617.666,16639.334,1066.3334,0.0,9.666667,367.0,689.6667,5538.6665,12.333333,244.33333,1317.3334,3964.6667,8339.667,410.66666,111.0,3739.3333,4078.6667,23.333334,3.3333333,0.33333334,11.0,8.666667,6.2595835,70.248886,134.55667,0
P047,2013-04-15 00:00:00-04:00,7147.3354,64.465675,1507.8397,2932.4175,2642.6128,4.3333335,1.0,2.6666667,3.0,2.0,49964.0,15774.0,7200.0,11360.0,15630.0,1223.3334,10.333333,76.666664,739.6667,396.66666,144.33333,0.0,0.0,6.6666665,137.66667,79653.0,21113.0,21186.0,19519.666,17834.334,1367.6666,10.333333,76.666664,746.3333,534.3333,4910.3335,157.0,218.33333,1330.3334,3204.6667,6919.0,410.66666,464.66666,4201.3335,1842.3334,21.0,3.3333333,0.6666667,10.0,7.0,6.2595835,70.248886,134.55667,0
P047,2013-04-17 00:00:00-04:00,8890.905,42.247475,4117.695,2345.901,2385.0615,5.0,1.0,3.3333333,3.3333333,2.3333333,71651.0,19610.334,21600.0,16655.0,13785.667,1455.6666,10.333333,159.0,967.3333,319.0,0.0,0.0,0.0,0.0,0.0,80003.664,21199.0,20558.334,20047.666,18198.666,1455.6666,10.333333,159.0,967.3333,319.0,1249.0,144.66667,624.3333,316.66666,163.33333,4788.0,125.0,885.3333,2342.0,1435.6666,13.666667,0.6666667,2.6666667,4.3333335,6.0,0.6691667,36.464443,45.342224,0
P047,2013-04-18 00:00:00-04:00,9228.59,32.418156,4291.8755,2083.2798,2821.0166,5.0,1.0,3.6666667,2.6666667,2.6666667,78491.0,19610.334,21600.0,21600.0,15680.667,1274.3334,0.0,307.33334,655.0,312.0,0.0,0.0,0.0,0.0,0.0,79291.664,21119.666,20230.334,20058.334,17883.334,1274.3334,0.0,307.33334,655.0,312.0,1192.0,0.0,567.0,374.33334,250.66667,3038.6667,125.0,697.0,966.6667,1250.0,12.0,0.6666667,3.3333333,3.6666667,4.3333335,0.6691667,36.464443,45.342224,1
P047,2013-04-19 00:00:00-04:00,10133.283,67.860634,4466.5073,1460.6869,4138.228,6.0,1.3333334,4.0,3.3333333,3.3333333,81872.0,19610.334,21600.0,21600.0,19061.666,1648.0,0.0,385.66666,762.6667,499.66666,2.0,0.0,0.0,0.0,2.0,78443.664,20887.334,19904.666,19486.0,18165.666,1650.0,0.0,385.66666,762.6667,501.66666,2145.0,0.0,576.0,582.6667,986.3333,6317.3335,125.0,771.0,2132.0,3289.3333,16.666666,0.6666667,3.0,4.3333335,8.666667,0.6691667,36.464443,45.342224,0
P047,2013-04-20 00:00:00-04:00,10119.205,70.40362,3128.175,2478.2178,4442.408,5.6666665,1.3333334,3.0,3.3333333,3.3333333,77108.336,21600.0,21600.0,17488.0,16420.334,1408.3334,0.0,376.0,612.0,420.33334,2.0,0.0,0.0,0.0,2.0,77457.664,19328.0,20182.666,19617.0,18330.0,1410.3334,0.0,376.0,612.0,422.33334,2371.3333,0.0,414.0,827.3333,1130.0,6417.6665,0.0,522.0,2721.0,3174.6667,18.666666,0.0,2.0,8.0,8.666667,0.0,0.0,0.0,0
P047,2013-04-21 00:00:00-04:00,13042.65,66.15251,2760.3538,7345.121,2871.0234,5.0,1.3333334,2.0,3.3333333,2.3333333,56304.332,16225.0,14598.0,11263.667,14217.667,1007.0,0.0,151.0,582.6667,273.33334,2.0,0.0,0.0,0.0,2.0,78740.0,19556.0,20735.0,19672.666,18776.334,1009.0,0.0,151.0,582.6667,275.33334,2146.0,0.6666667,253.0,927.0,965.3333,8299.0,1186.3334,245.66667,3032.0,3835.0,24.0,0.33333334,0.6666667,9.0,14.0,7.0,56.255554,126.486664,0
P047,2013-04-22 00:00:00-04:00,13426.103,1413.365,1273.0287,7990.12,2749.5889,4.0,1.3333334,1.3333334,3.0,2.3333333,56304.332,16225.0,14598.0,11263.667,14217.667,828.6667,95.333336,0.0,552.3333,181.0,0.0,0.0,0.0,0.0,0.0,81059.0,19355.334,21350.666,19786.334,20566.666,828.6667,95.333336,0.0,552.3333,181.0,1448.6666,197.33333,0.0,861.0,390.33334,8554.333,3250.6667,0.0,3377.0,1926.6666,30.666666,8.666667,0.0,12.0,10.0,7.0,56.255554,126.486664,0
P047,2013-04-27 00:00:00-04:00,7831.874,15.041154,1.4414346,5985.391,1830.0004,6.0,1.0,1.0,4.0,3.0,22119.0,4691.0,24.0,0.0,17404.0,729.0,0.0,0.0,706.0,23.0,0.0,0.0,0.0,0.0,0.0,80415.0,20814.0,20769.0,19507.0,19325.0,729.0,0.0,0.0,706.0,23.0,1632.0,0.0,5.0,404.0,1223.0,7379.0,80.0,0.0,3922.0,3377.0,22.0,1.0,0.0,11.0,10.0,5.193611,66.18222,121.96222,0
P047,2013-04-28 00:00:00-04:00,6040.9805,7.520577,2055.0054,3025.4844,952.97015,4.5,1.0,2.0,2.5,2.0,54259.5,13145.5,10812.0,10800.0,19502.0,374.5,0.0,10.0,353.0,11.5,6.5,0.0,6.5,0.0,0.0,81987.5,20685.5,20304.5,20551.5,20446.0,381.0,0.0,16.5,353.0,11.5,1143.5,0.0,330.0,202.0,611.5,7379.0,80.0,0.0,3922.0,3377.0,22.0,1.0,0.0,11.0,10.0,5.193611,66.18222,121.96222,0
P047,2013-04-30 00:00:00-04:00,11032.812,2005.7773,4463.854,3969.8132,593.36694,3.5,1.5,3.0,2.0,2.0,86400.0,21600.0,21600.0,21600.0,21600.0,1059.5,324.0,142.5,259.0,334.0,12.5,0.0,11.5,1.0,0.0,81501.0,20210.5,19822.0,20619.5,20849.0,1072.0,324.0,154.0,260.0,334.0,1341.5,250.5,725.5,346.0,19.5,7609.0,1456.0,575.0,1203.0,4375.0,23.0,4.0,2.0,2.0,15.0,0.0,0.0,0.0,1
P047,2013-05-03 00:00:00-04:00,10706.699,63.565613,5300.382,5320.653,22.09879,6.0,1.0,4.0,5.0,1.0,70160.0,16950.0,21600.0,16288.0,15322.0,4117.0,0.0,976.0,2692.0,449.0,218.0,0.0,0.0,0.0,218.0,78453.0,21326.0,19802.0,17187.0,20138.0,4335.0,0.0,976.0,2692.0,667.0,2310.0,0.0,504.0,1374.0,432.0,8655.0,172.0,556.0,6623.0,1304.0,18.0,1.0,1.0,12.0,4.0,0.0,0.0,0.0,0
P047,2013-05-18 00:00:00-04:00,20990.63,2312.6353,1.8218155,18676.174,0.0,4.0,2.0,1.0,3.0,1.0,86400.0,21600.0,21600.0,21600.0,21600.0,954.0,10.0,0.0,936.0,8.0,0.0,0.0,0.0,0.0,0.0,61848.0,20258.0,21417.0,18612.0,1561.0,954.0,10.0,0.0,936.0,8.0,2773.0,267.0,0.0,2049.0,457.0,7369.0,162.0,0.0,3153.0,4054.0,10.0,1.0,0.0,8.0,1.0,0.0,0.0,0.0,0
P047,2013-05-19 00:00:00-04:00,100018.73,86313.305,9.748076,11566.791,2128.879,4.0,2.5,1.0,3.0,2.0,76797.0,21600.0,21600.0,20075.0,13522.0,2021.5,966.5,0.0,810.0,245.0,232.5,2.0,0.0,111.5,119.0,70212.0,19042.0,21415.5,19147.5,10607.0,2254.0,968.5,0.0,921.5,364.0,3133.0,965.5,0.0,1432.5,735.0,10259.5,3453.5,0.0,3046.0,3760.0,16.0,3.5,0.0,7.5,5.0,0.0,0.0,0.0,0
P047,2013-05-20 00:00:00-04:00,70397.766,57555.105,30.752916,11162.802,1649.1012,4.0,2.0,1.0,3.3333333,2.3333333,63674.332,16139.667,18947.0,16741.666,11846.0,3880.6667,646.3333,0.0,1389.3334,1845.0,464.0,1.3333334,0.0,313.66666,149.0,71845.336,19809.334,21332.0,18555.0,12149.0,4344.6665,647.6667,0.0,1703.0,1994.0,2667.3333,647.6667,65.0,1187.3334,767.3333,9282.0,2467.6667,13.333333,3385.0,3416.0,17.666666,3.0,0.33333334,8.0,6.3333335,0.0,0.0,0.0,0
P047,2013-05-21 00:00:00-04:00,68550.6,58143.93,1718.6256,5432.5513,3255.498,4.3333335,2.3333333,2.0,3.3333333,3.3333333,48382.668,10686.333,15079.667,12378.0,10238.667,6201.3335,734.0,150.66667,1630.3334,3686.3333,1197.3334,72.333336,0.0,555.3333,569.6667,75131.336,19768.666,21119.0,18283.666,15960.0,7398.6665,806.3333,150.66667,2185.6667,4256.0,2543.3333,783.0,83.0,858.0,819.3333,15047.0,2710.0,1765.3334,6795.3335,3776.3333,22.333334,3.6666667,2.6666667,8.666667,7.3333335,4.8436112,52.802223,105.78222,0
P047,2013-05-22 00:00:00-04:00,13409.452,1391.2561,1736.8733,6587.3955,3693.9277,4.6666665,1.6666666,2.0,4.0,3.3333333,44623.0,7236.6665,9930.0,11832.333,15624.0,7673.6665,100.0,150.66667,2186.6667,5236.3335,1563.6666,71.0,0.0,763.0,729.6667,72942.0,20668.666,20841.666,17235.334,14196.333,9237.333,171.0,150.66667,2949.6667,5966.0,1789.6666,252.0,86.333336,859.6667,591.6667,12300.0,788.3333,1765.3334,6455.3335,3291.0,20.333334,2.0,2.6666667,9.666667,6.0,4.8436112,52.802223,105.78222,0
P047,2013-05-23 00:00:00-04:00,13385.332,1383.3593,3660.8816,3515.3752,4825.716,4.6666665,1.6666666,2.6666667,3.6666667,3.0,55448.332,9875.667,11168.333,14411.667,19992.666,7485.3335,111.333336,633.3333,2679.6667,4061.0,1288.6666,73.0,16.666666,523.6667,675.3333,72311.336,19983.334,20038.666,16918.0,15371.333,8774.0,184.33333,650.0,3203.3333,4736.3335,2498.0,640.6667,168.66667,948.6667,740.0,14570.667,1000.3333,2328.3333,6782.3335,4459.6665,25.333334,2.3333333,3.0,10.333333,9.666667,4.8436112,52.802223,105.78222,1
P047,2013-05-24 00:00:00-04:00,9759.198,30.488409,3179.0442,3285.6477,3264.0176,4.3333335,1.0,2.3333333,3.3333333,2.0,55863.0,10505.0,10135.333,18519.0,16703.666,7076.3335,20.333334,951.6667,3887.3333,2217.0,645.0,2.0,27.666666,360.66666,254.66667,74325.664,20392.0,19592.334,16109.333,18232.0,7721.3335,22.333334,979.3333,4248.0,2471.6667,2259.3333,495.33334,390.0,830.6667,543.3333,11866.0,1048.0,788.6667,5852.6665,4176.6665,27.333334,3.0,1.3333334,8.666667,14.333333,5.171111,57.06889,112.66889,0
P047,2013-05-25 00:00:00-04:00,11935.888,1487.9283,3188.2876,5524.9863,1734.6848,3.6666667,1.6666666,2.3333333,2.6666667,1.3333334,54296.668,10701.333,9834.0,17057.666,16703.666,4920.3335,162.33333,951.6667,3224.3333,582.0,123.666664,2.0,27.666666,78.666664,15.333333,77816.336,20197.0,19925.0,17276.334,20418.0,5044.0,164.33333,979.3333,3303.0,597.3333,2804.6667,874.0,391.66666,955.0,584.0,14022.0,994.0,1954.0,6809.3335,4264.6665,33.666668,4.3333335,2.6666667,9.666667,17.0,5.171111,57.06889,112.66889,0
P047,2013-05-26 00:00:00-04:00,13478.033,2531.277,1275.0602,9243.716,427.97995,3.6666667,2.0,1.6666666,2.6666667,1.0,49038.332,9980.667,5958.3335,18320.0,14779.333,2735.0,223.66667,469.0,1965.3334,77.0,94.333336,2.6666667,11.0,80.666664,0.0,81514.336,20622.334,20866.0,18752.666,21273.334,2829.3333,226.33333,480.0,2046.0,77.0,2002.0,747.0,244.33333,785.3333,225.33333,15991.667,680.6667,1377.6666,7204.3335,6729.0,33.666668,3.6666667,2.0,12.666667,15.333333,5.171111,57.06889,112.66889,0
P047,2013-05-27 00:00:00-04:00,17134.97,3993.954,2959.336,9276.058,905.62366,3.6666667,2.6666667,1.6666666,3.0,1.3333334,50581.0,11363.333,7343.3335,15033.333,16841.0,3845.6667,456.0,18.333334,1243.3334,2128.0,227.66667,76.333336,5.0,81.0,65.333336,79682.664,19961.0,21414.334,19430.334,18877.0,4073.3333,532.3333,23.333334,1324.3334,2193.3333,2383.3333,1065.3334,107.666664,774.0,436.33334,15642.333,976.6667,1562.3334,6418.6665,6684.6665,38.333332,4.3333335,3.3333333,17.666666,13.0,4.0183334,57.057777,103.435555,0
P047,2013-05-28 00:00:00-04:00,13865.136,3572.2632,2926.6094,6323.128,1043.135,4.3333335,2.3333333,1.6666666,3.6666667,2.0,52649.0,10024.0,9959.0,15825.0,16841.0,6160.6665,532.6667,99.0,1936.6666,3592.3333,583.3333,178.66667,5.0,235.33333,164.33333,76834.664,20008.666,20994.334,18772.666,17059.0,6744.0,711.3333,104.0,2172.0,3756.6667,2234.3333,767.0,371.66666,501.33334,594.3333,17960.0,903.3333,447.33334,6956.0,9653.333,42.333332,4.0,2.6666667,22.0,13.666667,4.214722,53.22,101.16889,0
P047,2013-05-29 00:00:00-04:00,12418.69,4015.071,4573.5796,2831.7322,998.30695,4.0,2.6666667,2.3333333,3.3333333,2.0,56989.0,11259.333,11139.333,15825.0,18765.334,8249.333,774.3333,274.33334,3547.3333,3653.3333,1162.0,246.0,138.0,613.6667,164.33333,67255.0,19662.0,20135.666,14176.667,13280.667,9411.333,1020.3333,412.33334,4161.0,3817.6667,2761.0,698.0,817.0,641.6667,604.3333,17053.334,4586.0,1136.3334,5647.6665,5683.3335,40.666668,7.0,6.0,17.0,10.666667,4.214722,53.22,101.16889,0
P049,2013-03-30 00:00:00-04:00,6786.1885,98.45457,1089.3268,4110.427,1487.9802,6.0,1.0,3.0,5.0,3.5,57418.5,5432.0,16763.0,17611.0,17612.5,4372.5,209.0,430.0,2125.0,1608.5,139.0,0.0,11.0,33.5,94.5,69673.0,19232.5,14338.5,17119.0,18983.0,4511.5,209.0,441.0,2158.5,1703.0,833.5,13.0,220.0,309.5,291.0,16045.0,291.0,1591.5,8851.5,5311.0,24.5,0.5,3.0,12.0,9.0,5.600278,29.222221,63.11111,0
P049,2013-03-31 00:00:00-04:00,16093.734,65.636375,6581.6147,8391.51,1054.9733,5.0,0.6666667,2.6666667,4.0,3.0,55392.668,4849.0,16591.0,16404.0,17548.666,4419.0,222.0,764.3333,2182.0,1250.6666,298.33334,0.0,12.333333,84.333336,201.66667,70959.336,19735.334,15463.333,16567.0,19193.666,4717.3335,222.0,776.6667,2266.3333,1452.3334,2204.3333,14.666667,740.3333,1174.6666,274.66666,16091.667,251.33333,2701.3333,9568.0,3571.0,25.0,1.0,4.3333335,13.333333,6.3333335,6.1186113,27.977037,66.012596,0
P049,2013-04-01 00:00:00-04:00,13634.622,37.288,6225.0996,6737.859,634.3756,3.6666667,0.33333334,1.6666666,2.3333333,2.3333333,56784.332,7221.0,16077.0,16404.0,17082.334,4427.0,333.0,744.3333,1830.0,1519.6666,428.0,0.0,5.0,84.333336,338.66666,74825.664,20556.666,17684.334,17721.334,18863.334,4855.0,333.0,749.3333,1914.3334,1858.3334,1977.0,13.0,619.0,1234.0,111.0,11265.667,171.0,2072.0,6603.0,2419.6667,24.0,1.6666666,3.3333333,11.333333,7.6666665,7.077639,27.615555,73.32333,0
P049,2013-04-02 00:00:00-04:00,12936.267,16.603603,6604.344,5752.386,562.93274,3.6666667,0.33333334,2.0,1.3333334,2.0,54161.0,7077.0,14455.667,16432.0,16196.333,4332.3335,342.33334,1097.0,1572.6666,1320.3334,637.6667,7.3333335,22.0,203.0,405.33334,75800.664,20254.334,19019.0,17867.334,18660.0,4970.0,349.66666,1119.0,1775.6666,1725.6666,2049.0,208.0,624.3333,1122.3334,94.333336,10674.0,248.0,3605.0,4464.3335,2356.6667,24.0,2.6666667,6.3333335,8.333333,6.6666665,7.3329167,26.061111,73.81111,0
P049,2013-04-03 00:00:00-04:00,2167.946,368.564,1150.3779,118.20401,530.8001,4.0,1.3333334,2.0,1.0,1.6666666,54129.0,7929.0,13937.333,15335.0,16927.666,4700.3335,727.6667,936.6667,1411.3334,1624.6666,592.0,7.3333335,93.666664,221.66667,269.33334,77919.336,20059.666,19839.666,19222.0,18798.0,5292.3335,735.0,1030.3334,1633.0,1894.0,529.3333,212.66667,109.666664,157.33333,49.666668,9705.667,1338.3334,3852.0,2165.6667,2349.6667,21.666666,4.3333335,6.3333335,4.3333335,6.6666665,7.5105557,26.635555,75.80666,0
P049,2013-04-04 00:00:00-04:00,1812.8932,383.95566,973.9593,395.32547,59.65272,3.3333333,1.6666666,2.0,1.3333334,0.6666667,50787.0,5996.0,13119.333,15335.0,16336.667,4344.0,778.0,705.3333,1397.0,1463.6666,533.3333,7.3333335,234.0,218.0,74.0,79326.664,20282.334,20176.334,19498.666,19369.334,4877.3335,785.3333,939.3333,1615.0,1537.6666,659.0,209.0,150.66667,179.33333,120.0,10052.667,2355.3333,4363.6665,2724.6667,609.0,21.333334,6.0,7.3333335,6.0,2.0,6.3443055,27.112223,66.95333,0
P049,2013-04-05 00:00:00-04:00,72943.45,404.29013,596.1042,66026.31,5916.7524,3.0,2.0,1.6666666,1.6666666,1.0,57635.0,10466.667,13360.0,17966.334,15842.0,4795.0,768.6667,605.0,1341.6666,2079.6667,676.6667,0.0,349.33334,320.33334,7.0,76409.336,20789.334,20406.334,16090.333,19123.334,5471.6665,768.6667,954.3333,1662.0,2086.6667,3059.3333,14.0,207.33333,2589.3333,248.66667,8281.333,2278.3333,2830.6667,2493.3333,679.0,17.0,5.0,4.3333335,5.3333335,2.3333333,5.178056,27.588888,58.1,0
P049,2013-04-06 00:00:00-04:00,122183.12,55.389572,223.61482,116018.21,5885.899,2.3333333,1.3333334,1.3333334,2.0,0.6666667,55297.0,11300.333,11275.0,20158.666,12563.0,4319.3335,300.66666,358.33334,1169.0,2491.3333,731.6667,0.0,272.66666,381.66666,77.333336,70425.664,18789.334,18246.666,15448.667,17941.0,5051.0,300.66666,631.0,1550.6666,2568.6667,4140.6665,3.3333333,135.0,3206.0,796.3333,7847.6665,1130.6666,1278.0,2724.6667,2714.3333,21.333334,2.6666667,2.6666667,10.0,6.0,5.178056,27.588888,58.1,0
P049,2013-04-07 00:00:00-04:00,137759.97,39.997894,41.03104,115720.625,21958.309,3.0,1.0,0.6666667,1.3333334,2.0,42762.332,8026.0,6925.3335,17640.0,10171.0,3653.6667,0.0,325.66666,1262.0,2066.0,773.3333,0.0,132.33333,558.0,83.0,68587.336,18938.334,18327.334,13870.333,17451.334,4427.0,0.0,458.0,1820.0,2149.0,5925.3335,0.0,68.666664,4357.0,1499.6666,5530.0,0.0,334.66666,1861.0,3334.3333,16.333334,0.0,0.6666667,8.666667,7.0,0.0,0.0,0.0,1
P049,2013-04-08 00:00:00-04:00,66924.5,31.110708,407.6278,50209.906,16275.854,3.0,0.6666667,1.0,1.0,2.3333333,47413.332,10124.0,8840.333,16425.666,12023.333,3757.0,8.0,253.33333,1765.0,1730.6666,588.6667,68.666664,74.666664,328.66666,116.666664,71405.336,18447.0,18299.0,17025.0,17634.334,4345.6665,76.666664,328.0,2093.6667,1847.3334,3653.6667,62.666668,79.333336,1977.3334,1534.3334,10039.0,1004.3333,1568.3334,3918.6667,3547.6667,25.333334,4.0,3.6666667,10.333333,7.3333335,0.0,0.0,0.0,0
P049,2013-04-09 00:00:00-04:00,18205.508,71.262764,429.96512,337.09946,17367.18,5.0,1.0,1.0,1.0,4.6666665,52508.332,10368.667,10214.333,15961.333,15964.0,3753.6667,8.0,676.3333,1834.6666,1234.6666,508.33334,68.666664,80.666664,186.66667,172.33333,76878.336,20724.334,20113.334,17306.666,18734.0,4262.0,76.666664,757.0,2021.3334,1407.0,2660.3333,62.666668,142.33333,1497.6666,957.6667,7874.3335,1202.6666,2315.0,2660.0,1696.6666,22.666666,6.3333335,5.6666665,6.6666665,4.0,4.508611,64.933334,90.08889,1
P049,2013-04-10 00:00:00-04:00,4328.8135,181.80339,1029.5505,1063.5529,2053.9067,6.6666665,1.6666666,2.3333333,2.3333333,5.0,66851.336,17558.0,15856.667,13685.0,19751.666,4286.0,152.0,1081.3334,1780.0,1272.6666,408.33334,68.666664,88.666664,80.0,171.0,78680.0,20638.666,19632.334,18828.666,19580.334,4694.3335,220.66667,1170.0,1860.0,1443.6666,700.6667,67.666664,264.33334,192.66667,176.0,11347.0,1233.0,3497.0,4295.6665,2321.3333,25.666666,6.6666665,7.6666665,7.3333335,4.0,4.508611,64.933334,90.08889,1
P049,2013-04-11 00:00:00-04:00,5388.153,276.21753,1293.5745,1733.841,2084.5198,8.666667,2.0,3.0,4.0,4.6666665,63026.668,12595.333,13932.0,14899.333,21600.0,4006.3333,345.0,1360.6666,1385.0,915.6667,354.66666,0.0,69.0,147.33333,138.33333,79470.0,20744.0,19461.666,19175.0,20089.334,4361.0,345.0,1429.6666,1532.3334,1054.0,565.0,77.0,200.33333,202.66667,85.0,10855.333,878.6667,3715.6667,4808.6665,1452.3334,23.666666,5.0,8.333333,8.666667,1.6666666,5.0190277,55.924446,85.16333,1
P049,2013-04-12 00:00:00-04:00,6282.1753,972.26984,1838.151,2407.9802,1063.7743,9.666667,2.6666667,4.0,5.6666665,2.6666667,66433.664,11083.0,16945.666,16805.0,21600.0,3931.3333,786.3333,1028.0,1599.6666,517.3333,251.33333,3.3333333,77.0,161.33333,9.666667,80263.336,20179.334,19902.666,19487.0,20694.334,4182.6665,789.6667,1105.0,1761.0,527.0,504.0,218.33333,138.33333,69.333336,78.0,10096.333,1441.6666,2942.3333,4467.6665,1244.6666,19.0,5.0,6.6666665,6.3333335,1.0,5.7611113,43.663334,78.83889,0
P049,2013-04-13 00:00:00-04:00,127114.68,1280.4124,19104.752,45500.312,61229.203,8.0,3.3333333,3.3333333,4.6666665,1.6666666,64298.0,5746.0,16694.666,21600.0,20257.334,5106.6665,1002.0,800.6667,2536.0,768.0,458.33334,5.0,131.66667,254.66667,67.0,73720.0,19972.334,19522.0,17071.334,17154.334,5565.0,1007.0,932.3333,2790.6667,835.0,3977.0,299.0,798.0,1573.0,1307.0,8683.5,2117.0,2640.5,3926.0,0.0,19.5,7.0,7.0,5.5,0.0,5.7611113,43.663334,78.83889,1
P049,2013-04-14 00:00:00-04:00,126841.9,1680.3903,18628.41,45120.51,61412.586,7.0,3.3333333,2.6666667,3.6666667,2.3333333,59212.0,7761.6665,16875.666,18200.666,16374.0,5098.6665,801.0,404.0,2878.0,1015.6667,552.0,5.0,76.666664,393.33334,77.0,73972.336,20053.334,20130.334,16655.0,17133.666,5650.6665,806.0,480.66666,3271.3333,1092.6666,3927.3333,230.66667,789.3333,1667.3334,1240.0,3395.0,1142.0,547.5,1138.0,567.5,15.5,3.5,2.5,4.0,5.5,5.992778,40.41111,77.44,0
P049,2013-04-15 00:00:00-04:00,126972.516,1093.3447,18645.098,45078.066,62156.004,7.3333335,3.0,2.6666667,3.6666667,3.6666667,60942.332,13316.0,15187.667,16064.667,16374.0,5134.6665,515.3333,567.3333,2554.0,1498.0,674.6667,1.6666666,134.33333,461.66666,77.0,71844.336,18257.334,20107.666,16906.334,16573.0,5809.3335,517.0,701.6667,3015.6667,1575.0,3858.3333,95.666664,785.0,1673.0,1304.6666,9224.5,2164.5,2008.5,3608.0,1443.5,28.0,4.5,3.0,11.0,9.5,0.0,0.0,0.0,0
P049,2013-04-16 00:00:00-04:00,5706.2534,680.11346,1303.8325,1468.701,2253.6064,9.0,2.0,3.0,5.0,5.0,56146.332,11453.333,14506.333,13145.667,17041.0,3855.6667,155.66667,766.6667,1163.6666,1769.6666,474.0,0.0,73.333336,361.0,39.666668,77620.664,18669.334,20611.666,19690.0,18649.666,4329.6665,155.66667,840.0,1524.6666,1809.3334,1164.6666,10.0,80.666664,293.66666,780.3333,8232.667,1443.0,2366.6667,2841.3333,1581.6666,25.333334,3.0,4.0,9.666667,8.666667,7.586111,32.002224,81.77778,0
P049,2013-04-17 00:00:00-04:00,4934.1016,411.6654,1252.5502,977.2495,2292.6365,8.333333,2.3333333,2.6666667,4.0,4.0,60779.668,11058.0,16706.0,13969.667,19046.0,3925.0,327.0,942.3333,953.0,1702.6666,295.33334,11.333333,88.0,160.0,36.0,77259.336,18632.334,20313.0,19904.0,18410.0,4220.3335,338.33334,1030.3334,1113.0,1738.6666,1563.6666,8.333333,137.66667,414.0,1003.6667,10070.0,1510.0,3237.0,3306.6667,2016.3334,28.0,3.3333333,5.6666665,9.666667,9.333333,5.4370832,46.064445,78.64778,0
P049,2013-04-18 00:00:00-04:00,3561.2097,259.4467,1127.9012,441.8527,1732.009,5.3333335,1.3333334,2.0,2.0,3.0,57201.668,10453.0,15926.0,13913.0,16909.666,4319.0,174.66667,1190.3334,948.6667,2005.3334,271.33334,11.333333,128.33333,85.333336,46.333332,78575.0,21091.334,19835.334,19746.334,17902.0,4590.3335,186.0,1318.6666,1034.0,2051.6667,1848.6666,6.3333335,222.66667,533.0,1086.6666,8502.0,187.33333,4362.3335,2520.0,1432.3334,21.666666,1.6666666,7.0,6.3333335,6.6666665,5.4370832,46.064445,78.64778,0
P049,2013-04-19 00:00:00-04:00,2982.435,253.9948,831.85864,716.7576,1179.8241,4.0,1.0,1.6666666,1.3333334,2.0,65955.664,17652.666,16566.666,14151.0,17585.334,3987.3333,174.66667,1196.3334,1255.3334,1361.0,282.66666,11.333333,135.66667,106.666664,29.0,73670.0,17459.334,17725.666,19263.666,19221.334,4270.0,186.0,1332.0,1362.0,1390.0,1158.3334,6.3333335,206.66667,494.66666,450.66666,8786.333,187.33333,4763.0,2524.0,1312.0,20.0,1.6666666,6.3333335,5.0,7.0,3.2880557,60.126667,75.51778,0
P049,2013-04-20 00:00:00-04:00,2855.9143,181.46483,730.0896,1036.3187,908.04126,3.3333333,0.33333334,1.6666666,2.0,2.3333333,69970.664,16266.667,17514.0,16726.334,19463.666,3841.0,170.33333,958.0,1089.3334,1623.3334,260.0,1.6666666,121.0,111.0,26.333334,72697.664,16180.333,17689.334,19658.334,19169.666,4101.0,172.0,1079.0,1200.3334,1649.6666,647.0,10.333333,149.66667,254.0,233.0,10469.0,2733.6667,3896.3333,2001.6666,1837.3334,19.0,2.0,4.6666665,5.6666665,6.6666665,5.3044443,34.24222,65.76444,0
P049,2013-04-21 00:00:00-04:00,3942.931,181.46483,1107.939,1649.5765,1003.95044,4.0,0.33333334,2.0,2.3333333,3.0,77372.664,16871.666,19982.0,18919.0,21600.0,3062.3333,325.33334,648.3333,1055.3334,1033.3334,197.66667,2.3333333,76.0,103.333336,16.0,72313.336,16022.667,16786.334,19697.666,19806.666,3260.0,327.66666,724.3333,1158.6666,1049.3334,942.3333,6.0,451.66666,271.66666,213.0,10512.0,2984.6667,3648.0,1449.3334,2430.0,21.333334,2.6666667,4.6666665,5.3333335,8.666667,5.3044443,34.24222,65.76444,0
P049,2013-04-22 00:00:00-04:00,4628.464,195.11136,1573.2954,1792.5734,1067.4839,6.0,0.6666667,3.3333333,3.6666667,3.3333333,76119.336,16871.666,18559.666,21600.0,19088.0,3238.0,325.33334,434.66666,1129.3334,1348.6666,243.33333,2.3333333,206.33333,9.333333,25.333334,78105.664,19577.334,18975.666,19875.0,19677.666,3481.3333,327.66666,641.0,1138.6666,1374.0,882.0,6.0,392.33334,253.66667,230.0,12478.667,2984.6667,3387.3333,1719.6666,4387.0,24.0,2.6666667,6.6666665,7.0,7.6666665,5.3044443,34.24222,65.76444,0
P049,2013-04-24 00:00:00-04:00,3734.7056,146.46426,1277.5721,1284.3064,1026.3627,7.0,1.0,3.5,4.0,2.5,68289.5,18006.5,16360.0,18642.0,15281.0,3744.5,2.5,554.5,1901.5,1286.0,571.0,0.0,316.0,126.0,129.0,80604.0,21424.0,20518.0,18994.5,19667.5,4315.5,2.5,870.5,2027.5,1415.0,726.5,0.0,16.0,360.5,350.0,12615.0,3138.5,1937.0,2360.5,5179.0,32.0,9.5,7.0,9.0,6.5,0.0,0.0,0.0,0
P049,2013-04-25 00:00:00-04:00,2313.031,487.93552,236.2204,877.9924,710.8827,3.5,1.5,0.5,1.5,1.5,66066.0,15138.5,18219.5,15311.0,17397.0,4763.5,42.0,1328.0,1857.5,1536.0,619.0,6.5,230.0,155.5,227.0,79924.5,21454.5,20015.0,19090.0,19365.0,5382.5,48.5,1558.0,2013.0,1763.0,1050.0,94.0,23.0,485.5,447.5,14357.0,3374.5,2720.5,3925.0,4337.0,35.5,11.5,5.5,10.5,8.0,4.4580555,67.253334,92.00445,0
P049,2013-04-26 00:00:00-04:00,2256.6406,325.29034,494.6531,749.6235,687.07367,3.3333333,1.0,1.0,1.3333334,1.3333334,63162.0,14187.0,16227.0,13950.0,18798.0,4499.0,104.333336,1272.3334,1776.3334,1346.0,515.6667,6.6666665,236.33333,119.333336,153.33333,80144.336,21311.334,19877.666,19296.0,19659.334,5014.6665,111.0,1508.6666,1895.6666,1499.3334,914.6667,131.33333,147.33333,325.33334,310.66666,12706.667,2273.0,3512.6667,3644.0,3277.0,33.0,8.0,7.3333335,9.333333,8.333333,3.63625,54.93889,73.115555,0
P049,2013-04-27 00:00:00-04:00,1859.1396,360.95453,337.17285,522.54877,638.46344,3.0,1.0,0.6666667,1.3333334,1.3333334,52732.668,10690.667,10143.333,13418.667,18480.0,4001.0,167.66667,1078.3334,1234.6666,1520.3334,381.66666,6.6666665,166.0,47.666668,161.33333,80537.0,21138.666,20010.666,20012.666,19375.0,4382.6665,174.33333,1244.3334,1282.3334,1681.6666,865.6667,131.33333,143.66667,176.33333,414.33334,12946.0,271.0,5083.5,4171.0,3420.5,29.0,2.5,9.0,9.0,8.5,4.3642592,55.41111,79.41185,0
P049,2013-04-28 00:00:00-04:00,1040.306,221.76367,337.17285,166.10512,315.26437,2.0,0.6666667,0.6666667,0.6666667,0.6666667,47099.0,8713.0,7580.3335,15639.333,15166.333,2660.0,141.33333,615.3333,932.0,971.3333,215.33333,2.3333333,103.666664,28.0,81.333336,81524.0,21232.0,20028.666,20202.334,20061.0,2875.3333,143.66667,719.0,960.0,1052.6666,926.6667,68.666664,493.0,99.666664,265.33334,9406.0,70.0,5097.0,3082.0,1157.0,28.0,1.0,11.0,7.0,9.0,4.913704,51.016296,79.41259,0
P049,2013-04-30 00:00:00-04:00,305.12033,305.12033,0.0,0.0,0.0,1.0,1.0,0.0,0.0,0.0,56826.0,15070.0,15054.5,20768.5,5933.0,2837.5,129.0,1051.5,467.5,1189.5,159.5,6.5,38.5,7.5,107.0,80744.0,21042.5,19412.0,20430.0,19859.5,2997.0,135.5,1090.0,475.0,1296.5,1117.5,100.5,750.0,143.0,124.0,352.0,352.0,0.0,0.0,0.0,1.0,1.0,0.0,0.0,0.0,6.106389,54.06889,92.00667,1
P049,2013-05-01 00:00:00-04:00,303.93115,303.93115,0.0,0.0,0.0,1.0,1.0,0.0,0.0,0.0,64858.0,13342.5,21600.0,20171.0,9744.5,4097.5,360.0,1090.0,851.5,1796.0,246.0,9.0,9.0,129.0,99.0,78091.5,20651.5,17875.0,20195.0,19370.0,4343.5,369.0,1099.0,980.5,1895.0,709.5,113.5,331.0,126.5,138.5,352.0,352.0,0.0,0.0,0.0,1.0,1.0,0.0,0.0,0.0,0.0,0.0,0.0,0
P049,2013-05-02 00:00:00-04:00,303.93115,303.93115,0.0,0.0,0.0,1.0,1.0,0.0,0.0,0.0,68855.664,16095.0,20062.666,20647.334,12050.667,4013.0,240.0,1188.3334,996.6667,1588.0,209.66667,6.0,42.666668,90.666664,70.333336,77809.0,20828.334,18306.0,19034.0,19640.666,4222.6665,246.0,1231.0,1087.3334,1658.3334,630.3333,75.666664,302.0,86.333336,166.33333,352.0,352.0,0.0,0.0,0.0,1.0,1.0,0.0,0.0,0.0,0.0,0.0,0.0,0
P049,2013-05-03 00:00:00-04:00,0.0,0.0,0.0,0.0,0.0,0.0,0.0,0.0,0.0,0.0,64758.0,13941.0,15046.0,18293.666,17477.334,3842.6667,154.0,1123.6666,1365.6666,1199.3334,344.66666,1.6666666,37.333332,237.0,68.666664,76780.0,21063.334,18223.334,18226.334,19267.0,4187.3335,155.66667,1161.0,1602.6666,1268.0,576.3333,11.0,235.0,231.66667,98.666664,0.0,0.0,0.0,0.0,0.0,0.0,0.0,0.0,0.0,0.0,0.0,0.0,0.0,0
P049,2013-05-05 00:00:00-04:00,3.511731,0.0,0.0,0.0,3.511731,1.0,0.0,0.0,0.0,1.0,63740.5,16088.5,11416.5,17238.0,18997.5,3507.0,201.0,1406.0,1397.5,502.5,485.5,0.0,133.0,251.0,101.5,70303.0,20163.0,19201.5,18733.0,12205.5,3992.5,201.0,1539.0,1648.5,604.0,938.5,3.5,329.5,575.0,30.5,0.0,0.0,0.0,0.0,0.0,0.0,0.0,0.0,0.0,0.0,2.5894444,29.242222,39.044445,0
P049,2013-05-06 00:00:00-04:00,3.511731,0.0,0.0,0.0,3.511731,1.0,0.0,0.0,0.0,1.0,64274.5,18123.5,15518.5,13374.0,17258.5,4006.5,219.5,1597.0,1106.0,1084.0,313.5,0.0,142.5,150.5,20.5,72038.5,20034.0,19359.5,19711.5,12933.5,4320.0,219.5,1739.5,1256.5,1104.5,888.5,2.5,319.0,438.5,128.5,0.0,0.0,0.0,0.0,0.0,0.0,0.0,0.0,0.0,0.0,2.9738889,26.847778,39.725555,0
P049,2013-05-07 00:00:00-04:00,3.511731,0.0,0.0,0.0,3.511731,1.0,0.0,0.0,0.0,1.0,62809.0,17721.666,14440.0,12799.0,17848.334,4187.0,619.6667,1295.0,1372.0,900.3333,428.66666,0.6666667,95.0,253.0,80.0,73676.336,19860.666,19565.334,19087.334,15163.0,4615.6665,620.3333,1390.0,1625.0,980.3333,1164.3334,78.333336,325.33334,448.66666,312.0,0.0,0.0,0.0,0.0,0.0,0.0,0.0,0.0,0.0,0.0,2.9738889,26.847778,39.725555,0
P049,2013-05-08 00:00:00-04:00,411.5546,411.5546,0.0,0.0,0.0,1.0,1.0,0.0,0.0,0.0,56117.332,15812.667,12269.667,9054.667,18980.334,4219.0,490.0,1106.6666,1562.3334,1060.0,464.0,6.0,76.666664,239.66667,141.66667,77005.664,18502.0,19684.334,19063.666,19755.666,4683.0,496.0,1183.3334,1802.0,1201.6666,1095.0,149.66667,324.0,312.66666,308.66666,0.0,0.0,0.0,0.0,0.0,0.0,0.0,0.0,0.0,0.0,3.3391666,25.368889,41.168888,0
P049,2013-05-09 00:00:00-04:00,89200.57,205.7773,0.0,88994.8,0.0,1.0,0.5,0.0,0.5,0.0,52708.0,9957.333,11399.0,10746.333,20605.334,4616.0,477.66666,1146.6666,1721.3334,1270.3334,520.3333,6.0,80.0,173.33333,261.0,76399.0,18689.334,19664.0,18567.334,19478.334,5136.3335,483.66666,1226.6666,1894.6666,1531.3334,1248.6666,148.0,258.33334,608.0,234.33333,0.0,0.0,0.0,0.0,0.0,0.0,0.0,0.0,0.0,0.0,4.556667,41.42889,66.96889,0
P049,2013-05-10 00:00:00-04:00,89200.57,205.7773,0.0,88994.8,0.0,1.0,0.5,0.0,0.5,0.0,56845.0,11518.0,13208.0,12655.667,19463.334,5595.3335,4.3333335,1272.6666,2312.6667,2005.6666,718.0,5.3333335,146.66667,60.333332,505.66666,73360.664,19114.0,19515.666,17571.0,17160.0,6313.3335,9.666667,1419.3334,2373.0,2511.3333,3234.3333,71.333336,286.66666,1306.3334,1570.0,0.0,0.0,0.0,0.0,0.0,0.0,0.0,0.0,0.0,0.0,4.556667,41.42889,66.96889,0
P049,2013-05-12 00:00:00-04:00,200588.34,16.037998,18406.598,182022.28,143.42844,3.0,1.0,1.0,2.0,1.0,57929.5,21600.0,14895.5,8688.5,12745.5,4365.0,0.0,565.5,2208.5,1591.0,1061.0,0.0,300.5,292.5,468.0,63663.0,12932.5,19880.0,14451.5,16399.0,5426.0,0.0,866.0,2501.0,2059.0,7474.5,100.5,414.5,4309.5,2650.0,10642.0,0.0,2279.0,6869.0,1494.0,43.0,0.0,14.0,21.0,8.0,0.0,0.0,0.0,0
P049,2013-05-13 00:00:00-04:00,101257.16,35.130978,9730.439,91151.9,339.69113,4.0,1.0,2.0,2.0,2.0,32770.5,14130.0,6767.5,0.0,11873.0,1978.5,259.0,842.0,521.5,356.0,869.0,6.0,411.0,362.0,90.0,69562.0,12780.5,19413.0,17078.0,20290.5,2847.5,265.0,1253.0,883.5,446.0,3823.0,111.5,326.0,3056.5,329.0,12113.5,2683.0,3358.0,5285.5,787.0,33.0,2.5,9.5,16.5,4.5,5.1169443,83.04,113.062225,0
P049,2013-05-14 00:00:00-04:00,68690.61,523.33716,6883.2773,60872.582,411.4159,5.0,1.6666666,2.6666667,2.3333333,2.3333333,37349.332,12899.667,6448.0,3418.0,14583.667,2380.3333,363.33334,810.6667,626.3333,580.0,705.3333,24.333334,367.0,249.33333,64.666664,73199.336,15268.0,19600.666,18057.666,20273.0,3085.6667,387.66666,1177.6666,875.6667,644.6667,2744.3333,75.0,235.0,2203.3333,231.0,16724.334,2821.0,4877.6665,7071.0,1954.6666,35.0,2.3333333,10.666667,15.666667,6.3333335,3.8319445,77.13778,96.88,0
P049,2013-05-15 00:00:00-04:00,4187.8525,893.01855,2035.9159,674.59064,584.32745,6.3333335,2.3333333,3.3333333,3.3333333,2.6666667,31984.0,5711.0,3214.0,5821.6665,17237.334,3124.6667,603.3333,1056.3334,791.6667,673.3333,635.0,38.0,275.33334,252.66667,69.0,80480.336,20376.334,19724.0,19939.334,20440.666,3759.6667,641.3333,1331.6666,1044.3334,742.3333,553.0,83.333336,123.666664,246.66667,99.333336,24338.0,5299.0,6146.3335,8473.667,4419.0,35.666668,3.3333333,8.0,13.333333,11.0,4.65713,60.91037,87.254074,0
P049,2013-05-16 00:00:00-04:00,8379.158,2156.7642,2735.345,749.4266,2737.622,6.3333335,3.3333333,3.6666667,3.3333333,2.6666667,36561.332,3975.6667,5656.3335,13021.667,13907.667,3587.6667,665.6667,838.3333,1018.3333,1065.3334,510.66666,61.0,223.0,166.66667,60.0,80990.336,20477.0,20262.0,19992.0,20259.334,4098.3335,726.6667,1061.3334,1185.0,1125.3334,633.3333,83.666664,89.333336,344.0,116.333336,28643.0,5815.0,8680.0,8706.333,5441.6665,41.333332,4.0,11.666667,11.333333,14.333333,4.7749076,44.948147,72.23408,1
P049,2013-05-17 00:00:00-04:00,8155.708,1765.6957,2519.8052,1048.3533,2821.854,5.6666665,3.0,3.3333333,3.3333333,2.3333333,34029.0,2295.6667,8492.333,12125.333,11115.667,3696.6667,691.0,958.3333,1183.0,864.3333,459.66666,40.666668,151.33333,176.0,91.666664,81606.664,20702.0,20409.0,19973.334,20522.334,4156.3335,731.6667,1109.6666,1359.0,956.0,544.0,92.666664,74.333336,262.0,115.0,26899.666,4917.3335,8656.333,9025.333,4300.6665,36.666668,4.6666665,11.666667,8.666667,11.666667,5.888889,31.804445,68.00222,1
P049,2013-05-18 00:00:00-04:00,6511.7446,1460.9791,1335.0914,594.99164,3120.6824,4.0,2.3333333,2.6666667,2.0,2.3333333,35709.332,3557.0,12029.667,12956.667,7166.0,3824.0,451.0,723.6667,774.6667,1874.6666,535.6667,27.0,109.333336,17.333334,382.0,81530.664,21093.666,20689.334,20574.0,19173.666,4359.6665,478.0,833.0,792.0,2256.6667,387.66666,17.333334,50.333332,200.33333,119.666664,22570.334,2439.3333,7835.0,5923.3335,6372.6665,32.0,3.6666667,12.333333,7.6666665,8.333333,5.470278,35.15333,68.00222,0
P049,2013-05-19 00:00:00-04:00,3172.7322,717.82477,371.7983,919.2632,1163.8458,4.0,1.6666666,1.6666666,3.0,2.6666667,34953.0,3272.6667,11600.667,8414.667,11665.0,5541.0,2251.3333,676.0,706.0,1907.6666,1430.0,830.3333,185.33333,73.0,341.33334,78419.336,18201.0,20453.666,20599.0,19165.666,6971.0,3081.6667,861.3333,779.0,2249.0,755.0,264.33334,208.66667,177.0,105.0,24790.0,268.66666,7628.6665,9219.0,7673.6665,43.666668,3.3333333,14.0,15.333333,11.0,6.5108333,39.7,80.87334,1
P049,2013-05-20 00:00:00-04:00,3313.9355,917.50916,299.3316,940.9528,1156.1418,4.3333335,1.6666666,1.3333334,3.0,2.6666667,33381.332,2675.3333,9278.0,7915.6665,13512.333,5370.6665,2240.3333,525.3333,613.0,1992.0,1488.6666,843.3333,238.33333,74.666664,332.33334,78025.664,17991.666,20380.666,20604.0,19049.334,6859.3335,3083.6667,763.6667,687.6667,2324.3333,906.0,374.33334,285.66666,141.66667,104.333336,24854.334,1983.6666,8664.667,6821.3335,7384.6665,51.0,6.6666665,17.0,17.0,10.333333,5.6945834,39.794445,74.437775,0
P049,2013-05-21 00:00:00-04:00,5295.409,1163.4729,379.44122,1330.3287,2422.1663,6.3333335,2.3333333,2.0,4.0,3.6666667,41900.668,7359.3335,9859.667,8798.667,15883.0,5102.0,2269.6667,848.3333,969.3333,1014.6667,1402.6666,848.6667,365.33334,115.333336,73.333336,77934.664,17851.334,19804.334,20137.0,20142.0,6504.6665,3118.3333,1213.6666,1084.6666,1088.0,1222.6666,377.66666,370.66666,240.0,234.33333,30479.666,3035.6667,11098.333,10690.0,5655.6665,55.333332,8.0,19.666666,19.0,8.666667,5.6945834,39.794445,74.437775,0
P049,2013-05-23 00:00:00-04:00,5069.438,832.45135,1204.9529,723.1481,2308.8857,6.0,2.6666667,3.3333333,2.3333333,2.6666667,32351.334,5975.6665,9674.667,5393.3335,11307.667,3657.6667,560.6667,937.0,1006.3333,1153.6666,656.6667,19.666666,309.0,291.33334,36.666668,78969.664,20373.334,19687.0,19472.0,19437.334,4314.3335,580.3333,1246.0,1297.6666,1190.3334,1149.0,153.66667,219.33333,354.0,422.0,30170.666,4722.6665,11585.667,7868.6665,5993.6665,46.666668,9.333333,14.666667,12.0,10.666667,5.439722,42.433334,75.03778,1
P049,2013-05-24 00:00:00-04:00,6057.166,835.3543,1063.3751,635.5554,3522.8813,5.0,2.3333333,2.6666667,2.0,2.3333333,22284.666,1424.0,7858.3335,6002.6665,6999.6665,3279.0,538.0,712.3333,1012.0,1016.6667,528.6667,21.0,189.33333,306.0,12.333333,79212.0,20196.666,19960.0,19289.666,19765.666,3807.6667,559.0,901.6667,1318.0,1029.0,1126.6666,172.33333,241.33333,459.33334,253.66667,26528.0,3788.3333,10586.333,8114.0,4039.3333,43.333332,8.666667,13.333333,9.333333,12.0,5.318611,46.414814,78.05037,0
P049,2013-05-25 00:00:00-04:00,6253.4883,707.374,1024.1371,706.44006,3815.5374,4.3333335,1.6666666,2.0,1.6666666,3.0,34985.0,8624.0,9590.333,5859.0,10911.667,3633.6667,516.0,746.3333,1060.3334,1311.0,491.66666,18.666666,200.33333,259.66666,13.0,78976.0,20266.666,19894.666,19343.0,19471.666,4125.3335,534.6667,946.6667,1320.0,1324.0,1189.0,109.333336,254.0,464.66666,361.0,35274.0,1624.0,9340.0,15126.0,9184.0,39.666668,4.3333335,10.333333,12.0,13.0,4.802639,48.531113,76.03889,0
P049,2013-05-26 00:00:00-04:00,14406.14,7044.8286,1663.9534,1508.9639,4188.3936,4.0,1.6666666,1.3333334,2.3333333,3.0,47973.0,15805.0,16338.333,6304.6665,9525.0,2012.3334,135.33333,465.66666,825.6667,585.6667,356.33334,6.6666665,130.0,170.0,49.666668,81589.664,20865.0,20391.666,19789.334,20543.666,2368.6667,142.0,595.6667,995.6667,635.3333,982.0,39.0,226.33333,528.0,188.66667,41669.0,3551.3333,9120.0,19154.666,9843.0,50.333332,5.0,13.0,20.333334,12.0,5.076389,54.377777,84.075554,0
P049,2013-05-29 00:00:00-04:00,24194.688,5091.6064,7804.1133,7903.098,3395.8704,8.0,2.3333333,5.0,4.6666665,3.6666667,39146.0,14882.0,7699.3335,8294.667,8270.0,4222.0,638.0,1799.0,1240.0,545.0,720.0,137.66667,405.66666,161.66667,15.0,78900.336,20157.334,18341.0,19803.334,20598.666,4942.0,775.6667,2204.6667,1401.6666,560.0,1015.6667,176.33333,559.6667,64.0,215.66667,28963.666,1666.6666,11131.667,9434.333,6731.0,59.333332,5.0,14.0,17.666666,22.666666,0.0,0.0,0.0,0
P049,2013-05-30 00:00:00-04:00,23569.217,5144.5,10405.576,6358.5835,1660.5574,7.0,2.3333333,4.6666665,4.0,2.3333333,25323.0,13938.333,3194.0,2836.3333,5354.3335,3780.6667,639.0,1439.0,982.6667,720.0,604.3333,137.66667,408.0,47.0,11.666667,80349.336,20420.334,19203.0,20283.666,20442.334,4385.0,776.6667,1847.0,1029.6666,731.6667,766.0,164.33333,290.0,44.333332,267.33334,31934.0,2357.3333,10330.667,12388.667,6857.3335,69.666664,6.0,22.0,20.0,21.666666,6.8794446,68.10445,112.22667,1
P049,2013-05-31 00:00:00-04:00,20560.656,2738.595,10255.528,6041.922,1524.611,7.3333335,3.0,5.0,3.6666667,3.3333333,25012.334,11507.0,4407.0,2593.3333,6505.0,3984.6667,635.3333,1182.3334,1258.6666,908.3333,1124.6666,88.666664,522.0,382.0,132.0,79846.0,20600.334,19363.334,19768.0,20114.334,5109.3335,724.0,1704.3334,1640.6666,1040.3334,912.3333,130.33333,358.0,31.666666,392.33334,25994.334,1156.6666,9629.667,10296.0,4912.0,60.666668,4.0,23.0,17.666666,16.0,5.703889,53.633335,88.35111,0
P050,2013-03-31 00:00:00-04:00,2247.1484,78.150826,841.2082,816.30914,511.48026,3.0,1.3333334,1.6666666,2.6666667,2.0,48407.332,15742.667,14543.333,8274.333,9847.0,2469.3333,0.0,1011.6667,501.0,956.6667,0.0,0.0,0.0,0.0,0.0,76741.0,20893.666,20083.666,15604.0,20159.666,2469.3333,0.0,1011.6667,501.0,956.6667,242.33333,3.3333333,83.0,83.333336,72.666664,14205.667,168.0,1327.6666,5227.6665,7482.3335,26.333334,0.33333334,3.6666667,10.666667,11.666667,0.0,0.0,0.0,0
P050,2013-04-01 00:00:00-04:00,2022.6232,170.42972,1114.4921,350.17053,387.5309,3.3333333,1.3333334,2.6666667,2.0,2.3333333,29566.334,8947.667,8895.333,6527.0,5196.3335,2560.0,143.33333,1314.0,318.66666,784.0,9.0,9.0,0.0,0.0,0.0,77634.0,20943.666,20053.0,16053.333,20584.0,2569.0,152.33333,1314.0,318.66666,784.0,304.66666,71.666664,83.0,73.0,77.0,14516.333,1679.0,3016.3333,4605.0,5216.0,29.0,2.6666667,4.6666665,11.0,10.666667,5.0556946,53.32,111.59556,0
P050,2013-04-02 00:00:00-04:00,1992.5107,175.42534,1250.8616,182.7618,383.46198,3.3333333,1.3333334,3.3333333,1.6666666,2.3333333,7620.3335,1777.0,1730.3334,1919.6666,2193.3333,2997.0,143.33333,1613.0,69.666664,1171.0,21.333334,9.0,5.6666665,0.0,6.6666665,82146.0,21206.334,19619.0,21201.0,20119.666,3018.3333,152.33333,1618.6666,69.666664,1177.6666,304.33334,71.666664,146.0,73.0,13.666667,15720.667,1679.0,3486.0,5410.0,5145.6665,34.666668,2.6666667,6.6666665,14.666667,10.666667,6.0,48.585556,114.41556,0
P050,2013-04-03 00:00:00-04:00,1302.9441,352.49142,466.71997,325.26868,158.46399,3.6666667,2.0,3.0,2.0,1.6666666,25050.334,5935.3335,8787.0,3060.3333,7267.6665,2042.0,318.66666,601.3333,365.0,757.0,21.333334,9.0,5.6666665,0.0,6.6666665,82526.336,20758.334,20583.0,20770.334,20414.666,2063.3333,327.66666,607.0,365.0,763.6667,367.0,209.0,63.0,81.333336,13.666667,11828.667,1961.6666,2293.0,5248.0,2326.0,26.333334,3.3333333,3.3333333,13.666667,6.0,6.0,48.585556,114.41556,0
P050,2013-04-04 00:00:00-04:00,1162.5376,356.71133,325.73373,434.92734,45.165245,3.3333333,2.0,2.0,2.3333333,1.0,41600.332,12730.333,14435.0,6563.6665,7871.3335,1406.0,336.0,299.0,384.0,387.0,86.666664,0.0,5.6666665,74.333336,6.6666665,82711.664,20693.666,20772.334,20568.0,20677.666,1492.6666,336.0,304.66666,458.33334,393.66666,291.66666,140.66667,63.0,82.0,6.0,9537.0,464.33334,469.66666,4656.6665,3946.3333,25.666666,1.3333334,2.0,11.666667,10.666667,6.9443054,43.851112,117.23556,0
P050,2013-04-05 00:00:00-04:00,2046.3167,474.87762,413.61176,663.5654,494.2618,4.0,2.3333333,2.0,2.6666667,1.6666666,62332.332,19901.0,21600.0,9419.667,11411.667,2429.0,564.3333,182.0,703.0,979.6667,74.333336,0.0,0.0,74.333336,0.0,79733.0,20281.0,20722.0,18974.0,19756.0,2503.3333,564.3333,182.0,777.3333,979.6667,2217.6667,142.33333,67.333336,1505.6666,502.33334,11531.333,464.33334,1284.3334,5195.6665,4587.0,24.0,1.3333334,1.3333334,10.0,11.333333,0.0,0.0,0.0,0
P050,2013-04-06 00:00:00-04:00,1774.3867,303.70657,403.176,573.155,494.34912,3.6666667,1.6666666,1.6666666,2.6666667,1.6666666,64634.332,21600.0,21600.0,14810.0,6624.3335,2193.6667,389.0,182.0,643.0,979.6667,74.333336,0.0,0.0,74.333336,0.0,80689.0,20759.334,20880.666,19201.666,19847.334,2268.0,389.0,182.0,717.3333,979.6667,2141.6667,1.6666666,67.333336,1497.3334,575.3333,10143.0,568.3333,1284.3334,3646.6667,4643.6665,23.333334,2.0,1.3333334,7.0,13.0,0.0,0.0,0.0,0
P050,2013-04-07 00:00:00-04:00,1892.0256,390.06424,331.01834,495.1066,675.8365,3.6666667,2.0,2.0,2.6666667,2.3333333,69286.336,18663.666,21600.0,18305.666,10717.0,2325.6667,449.33334,182.0,554.3333,1140.0,0.0,0.0,0.0,0.0,0.0,81427.664,20873.0,21052.334,19617.0,19885.334,2325.6667,449.33334,182.0,554.3333,1140.0,2062.0,1.6666666,67.333336,1423.6666,569.3333,7997.3335,1119.0,1284.3334,2040.0,3554.0,19.0,2.6666667,1.3333334,3.6666667,11.333333,0.020694444,33.753334,51.74889,0
P050,2013-04-08 00:00:00-04:00,1470.0479,417.42764,336.45114,492.64517,223.52388,3.6666667,2.3333333,2.0,2.6666667,1.6666666,62550.332,18663.666,18941.334,17320.334,7625.0,1426.3334,380.0,185.66667,632.3333,228.33333,0.0,0.0,0.0,0.0,0.0,84725.664,21214.0,21342.0,20885.0,21284.666,1426.3334,380.0,185.66667,632.3333,228.33333,220.33333,1.0,67.0,78.333336,74.0,8250.667,1119.0,1250.0,2474.3333,3407.3333,21.666666,2.6666667,0.6666667,3.6666667,14.666667,0.020694444,33.753334,51.74889,0
P050,2013-04-09 00:00:00-04:00,1613.3694,576.80176,330.0523,458.2816,248.23376,3.6666667,3.0,2.0,2.3333333,2.0,59514.668,16495.334,18941.334,14835.333,9242.667,1583.0,605.3333,185.66667,563.6667,228.33333,4.3333335,0.0,0.0,4.3333335,0.0,84239.336,20973.0,21320.0,20631.334,21315.0,1587.3334,605.3333,185.66667,568.0,228.33333,432.66666,1.0,67.0,363.66666,1.0,9589.333,564.3333,1250.0,3547.3333,4227.6665,27.0,1.0,0.6666667,6.6666665,18.666666,0.13069445,32.31778,49.102222,0
P050,2013-04-10 00:00:00-04:00,1553.4685,510.52332,310.0648,661.19904,71.68132,4.0,3.0,2.0,2.6666667,1.3333334,54138.668,19431.666,18941.334,10545.0,5220.6665,1524.6666,472.0,185.66667,799.0,68.0,76.333336,72.0,0.0,4.3333335,0.0,83809.664,20984.334,21259.666,20210.0,21355.666,1601.0,544.0,185.66667,803.3333,68.0,516.0,1.0,67.0,446.0,2.0,12712.667,20.333334,1250.0,5923.3335,5519.0,34.333332,0.33333334,0.6666667,11.0,22.333334,0.28208333,30.882223,46.455555,0
P050,2013-04-11 00:00:00-04:00,1170.1866,356.9942,212.2463,534.60596,66.34009,3.3333333,2.3333333,1.6666666,2.3333333,1.3333334,57928.332,19431.666,21600.0,11856.0,5040.6665,1014.3333,313.0,0.0,701.3333,0.0,76.333336,72.0,0.0,4.3333335,0.0,83946.336,21021.334,21389.666,20240.0,21295.334,1090.6666,385.0,0.0,705.6667,0.0,388.33334,0.0,0.0,387.33334,1.0,11793.333,20.333334,87.333336,6822.0,4863.6665,31.333334,0.33333334,0.6666667,12.0,18.333334,0.28208333,30.882223,46.455555,0
P050,2013-04-12 00:00:00-04:00,1350.1757,323.04944,258.7225,718.00903,50.39472,3.6666667,2.3333333,1.6666666,3.0,1.0,57688.332,17886.666,21600.0,14341.0,3860.6667,1167.6666,249.0,0.0,918.6667,0.0,138.0,72.0,0.0,66.0,0.0,83546.0,20958.666,21274.666,20128.334,21184.334,1305.6666,321.0,0.0,984.6667,0.0,105.0,0.0,0.0,104.0,1.0,13234.333,380.0,87.333336,7560.6665,5206.3335,29.666666,1.0,0.6666667,10.666667,17.333334,0.40763888,36.351112,57.442223,0
P050,2013-04-13 00:00:00-04:00,1206.2256,297.3755,259.71686,605.84784,43.285442,3.3333333,2.0,1.6666666,3.0,1.0,64307.0,14333.667,21600.0,18631.334,9742.0,1211.0,365.0,0.0,846.0,0.0,66.0,0.0,0.0,66.0,0.0,68661.0,17843.334,14150.333,15558.667,21108.666,1277.0,365.0,0.0,912.0,0.0,14664.333,2960.0,7024.6665,4677.6665,2.0,9547.333,393.33334,87.333336,5440.3335,3626.3333,20.0,1.0,0.6666667,7.0,11.333333,0.40763888,36.351112,57.442223,0
P050,2013-04-14 00:00:00-04:00,953.2209,297.95126,127.076645,481.2,46.99294,2.6666667,2.0,1.3333334,2.6666667,1.0,68382.664,14333.667,21600.0,21600.0,10849.0,911.6667,365.0,0.0,546.6667,0.0,66.0,0.0,0.0,66.0,0.0,68659.664,17770.334,14071.667,15793.0,21024.666,977.6667,365.0,0.0,612.6667,0.0,14644.667,2960.0,7024.6665,4658.0,2.0,6510.0,393.33334,54.0,2847.6667,3215.0,18.666666,1.0,0.33333334,5.3333335,12.0,0.40763888,36.351112,57.442223,0
P050,2013-04-15 00:00:00-04:00,1165.0027,346.87863,319.5174,443.02264,55.58403,2.6666667,2.0,1.6666666,2.6666667,1.0,67789.0,16640.0,21600.0,19472.334,10076.667,1198.0,371.0,342.66666,409.0,75.333336,5.3333335,0.0,0.0,5.3333335,0.0,66418.664,16593.0,12853.667,15890.333,21081.666,1203.3334,371.0,342.66666,414.33334,75.333336,16532.666,4051.6667,7809.3335,4667.0,4.6666665,7202.6665,242.0,282.66666,4478.0,2200.0,21.666666,1.3333334,1.0,9.333333,10.0,0.0,0.0,0.0,0
P050,2013-05-13 00:00:00-04:00,1606.5927,99.63797,300.41687,1090.398,116.139946,2.5,1.5,1.0,2.5,1.0,70213.0,21600.0,19529.0,14121.5,14962.5,1282.0,0.0,52.0,1230.0,0.0,104.5,0.0,0.0,104.5,0.0,82386.5,21218.0,21055.5,19042.5,21070.5,1386.5,0.0,52.0,1334.5,0.0,843.0,14.0,96.0,733.0,0.0,9050.0,1128.0,902.5,6500.0,519.5,21.5,4.0,3.0,12.0,2.5,0.0,0.0,0.0,0
P050,2013-05-15 00:00:00-04:00,178918.84,86.78686,298.84305,1088.4266,177444.78,2.5,1.0,1.0,2.5,1.0,77334.0,21600.0,19529.0,14605.0,21600.0,1282.0,0.0,52.0,1230.0,0.0,104.5,0.0,0.0,104.5,0.0,74062.0,21349.5,21181.5,19220.0,12311.0,1386.5,0.0,52.0,1334.5,0.0,817.0,0.0,96.0,721.0,0.0,11998.5,529.5,2116.5,9106.0,246.5,24.5,1.0,4.5,17.0,2.0,0.0,0.0,0.0,0
P051,2013-03-29 00:00:00-04:00,4475.627,11.750687,1349.7504,266.6468,2847.479,3.6666667,1.0,2.6666667,1.6666666,2.6666667,23220.0,3850.6667,3059.6667,8366.0,7943.6665,5482.3335,2.6666667,1038.0,1221.6666,3220.0,1137.3334,0.0,591.6667,92.666664,453.0,70451.0,21212.334,19576.0,17314.334,12348.333,6619.6665,2.6666667,1629.6666,1314.3334,3673.0,2313.6667,69.0,80.333336,357.0,1807.3334,17912.666,0.0,1785.0,7482.6665,8645.0,28.0,0.0,1.0,15.0,12.0,5.3906946,45.502224,111.174446,0
P051,2013-03-30 00:00:00-04:00,9483.976,393.05325,1335.4414,3514.5605,4240.921,4.0,1.3333334,2.6666667,2.3333333,2.3333333,32344.666,8367.667,10259.667,8306.667,5410.6665,8021.0,313.33334,1038.0,2173.6667,4496.0,1261.0,0.0,591.6667,378.0,291.33334,73681.336,21166.666,19835.334,18183.666,14495.667,9282.0,313.33334,1629.6666,2551.6667,4787.3335,3184.0,80.333336,80.333336,802.6667,2220.6667,22596.0,417.0,1576.3334,8212.333,12390.333,35.0,1.0,0.33333334,18.0,15.666667,5.3906946,45.502224,111.174446,0
P051,2013-03-31 00:00:00-04:00,8832.428,395.66974,756.81866,3910.8284,3769.1113,3.6666667,1.3333334,2.0,2.0,2.0,32348.334,8642.667,10277.667,7779.6665,5648.3335,6824.6665,449.0,905.0,1518.0,3952.6667,1179.0,0.0,115.0,749.3333,314.66666,75721.664,20934.334,20438.334,18623.666,15725.333,8003.6665,449.0,1020.0,2267.3333,4267.3335,2039.3334,100.333336,1.0,542.3333,1395.6666,23087.666,924.6667,1576.3334,6847.0,13739.667,39.333332,3.3333333,0.33333334,18.333334,17.333334,5.842222,48.456665,117.74111,0
P051,2013-04-01 00:00:00-04:00,9860.578,2206.8545,920.31885,4096.197,2637.2075,3.6666667,2.0,2.0,2.3333333,2.3333333,30050.0,8111.0,8462.0,4825.3335,8651.667,5830.0,608.3333,750.6667,1528.6666,2942.3333,1315.6666,0.0,228.33333,914.3333,173.0,76270.0,20276.666,20148.0,18388.334,17457.0,7145.6665,608.3333,979.0,2443.0,3115.3333,1856.0,477.0,209.66667,471.33334,698.0,19363.666,3198.6667,1562.3334,6222.0,8380.667,45.666668,9.333333,2.0,18.333334,16.0,6.621111,52.244446,127.76,0
P051,2013-04-02 00:00:00-04:00,9205.293,1814.3722,1475.5363,879.19696,5036.1875,4.3333335,1.6666666,3.0,1.6666666,3.0,19284.0,4769.6665,2271.6667,1660.3334,10582.333,4127.6665,297.66666,1061.0,1020.0,1749.0,1274.6666,0.0,304.66666,715.0,255.0,77739.0,20497.334,19508.334,19263.334,18470.0,5402.3335,297.66666,1365.6666,1735.0,2004.0,1730.6666,465.66666,364.33334,200.66667,700.0,18477.666,2781.6667,1952.3334,6847.0,6896.6665,45.666668,8.333333,3.6666667,16.333334,17.333334,6.4170833,46.04111,119.924446,1
P051,2013-04-03 00:00:00-04:00,8998.522,2423.1714,1443.7731,309.73074,4821.8477,4.0,2.3333333,3.0,1.3333334,2.3333333,27913.334,5972.0,9435.667,2953.6667,9552.0,3450.6667,372.66666,1061.0,837.0,1180.0,742.0,19.0,304.66666,251.0,167.33333,78703.0,20309.666,19424.0,19856.0,19113.334,4192.6665,391.66666,1365.6666,1088.0,1347.3334,1676.6666,462.66666,364.33334,191.33333,658.3333,13139.0,2952.3333,1952.3334,4672.6665,3561.6667,31.666666,7.6666665,3.6666667,10.0,10.333333,2.5816667,35.732224,78.93222,1
P051,2013-04-04 00:00:00-04:00,6869.476,611.8235,1160.1654,214.32883,4883.1587,4.0,1.6666666,2.3333333,1.6666666,2.3333333,30734.666,6169.0,10723.0,5094.3335,8748.333,3325.0,215.33333,881.0,1414.0,814.6667,1101.0,19.0,279.33334,165.0,637.6667,78175.336,20781.0,19411.0,18918.666,19064.666,4426.0,234.33333,1160.3334,1579.0,1452.3334,1644.0,86.0,502.66666,544.0,511.33334,11295.333,678.3333,702.6667,6433.0,3481.3333,22.666666,1.6666666,2.6666667,9.666667,8.666667,3.648611,37.967407,89.702965,0
P051,2013-04-05 00:00:00-04:00,3541.1814,611.7441,1287.9263,208.89493,1432.6161,3.6666667,1.6666666,2.0,1.6666666,2.3333333,25317.0,5018.0,10170.667,5747.6665,4380.6665,4932.0,215.33333,881.6667,1679.3334,2155.6667,1439.3334,19.0,285.66666,257.0,877.6667,75319.336,20688.334,19401.0,18320.0,16910.0,6371.3335,234.33333,1167.3334,1936.3334,3033.3333,2241.6667,86.0,426.66666,715.3333,1013.6667,11031.0,678.3333,1309.0,6187.0,2856.6667,24.0,1.6666666,4.0,11.0,7.3333335,3.5786111,38.232594,89.40815,0
P051,2013-04-06 00:00:00-04:00,15189.018,0.18620506,1287.9263,7479.5376,6421.367,3.6666667,1.0,2.0,2.3333333,2.6666667,27723.0,8784.0,10170.667,4509.3335,4259.0,7075.3335,3.6666667,881.6667,3095.0,3095.0,1503.0,0.0,285.66666,338.0,879.3333,69765.664,20935.0,19328.666,14443.0,15059.0,8578.333,3.6666667,1167.3334,3433.0,3974.3333,5256.6665,3.3333333,426.66666,3005.0,1821.6666,17356.334,111.333336,1309.0,10445.667,5490.3335,32.0,0.6666667,4.0,17.333334,10.0,5.892778,41.535557,111.22444,1
P051,2013-04-07 00:00:00-04:00,15297.764,0.15017183,682.9784,8256.607,6358.028,3.6666667,1.0,1.6666666,2.6666667,2.6666667,18750.0,7250.3335,7677.0,2313.3333,1509.3334,7542.3335,0.0,704.6667,3177.0,3660.6667,1434.3334,0.0,82.666664,693.6667,658.0,69172.336,20848.334,19985.334,14047.0,14291.667,8976.667,0.0,787.3333,3870.6667,4318.6665,5189.0,3.3333333,80.333336,2916.0,2189.3333,15443.0,111.333336,1073.6666,7820.6665,6437.3335,33.0,0.6666667,3.6666667,17.666666,11.0,6.2675,44.36778,117.05444,0
P051,2013-04-08 00:00:00-04:00,14338.4,0.17075948,20.385584,8722.88,5594.964,3.6666667,1.0,1.3333334,3.3333333,2.0,24113.666,7236.6665,8204.667,3907.6667,4764.6665,5536.6665,0.0,393.66666,2765.0,2378.0,929.3333,0.0,0.0,517.6667,411.66666,72732.0,20785.0,20380.666,14878.667,16687.666,6466.0,0.0,393.66666,3282.6667,2789.6667,3992.6667,3.3333333,1.6666666,2635.0,1352.6666,13510.667,111.333336,77.333336,6812.3335,6509.6665,31.333334,0.6666667,0.6666667,17.0,13.0,6.3784723,48.40111,121.975555,0
P051,2013-04-09 00:00:00-04:00,4034.5415,511.7553,71.89828,1966.6145,1484.2734,4.0,1.3333334,1.6666666,3.3333333,2.3333333,26235.666,7243.0,8204.667,4816.3335,5971.6665,4015.6667,328.0,393.66666,1511.6666,1782.3334,1366.3334,1.0,0.0,872.6667,492.66666,76726.336,20410.666,20399.666,18099.0,17817.0,5382.0,329.0,393.66666,2384.3333,2275.0,1191.3334,71.0,1.6666666,345.33334,773.3333,9764.333,73.666664,77.333336,4158.3335,5455.0,33.666668,0.33333334,0.6666667,16.666666,16.0,6.3784723,48.40111,121.975555,0
P051,2013-04-10 00:00:00-04:00,4022.1726,511.81015,71.89828,1999.0685,1439.3956,4.0,1.3333334,1.6666666,3.3333333,2.0,43053.668,12679.333,15385.0,7794.3335,7195.0,4090.0,328.0,0.0,1630.3334,2131.6667,1171.3334,1.0,0.0,1006.0,164.33333,77383.0,20435.666,20805.334,18016.334,18125.666,5261.3335,329.0,0.0,2636.3333,2296.0,735.0,74.333336,0.0,151.66667,509.0,11617.0,73.666664,0.0,5160.3335,6383.0,35.666668,0.33333334,0.0,16.666666,18.666666,2.4248612,41.394444,83.34,0
P051,2013-04-11 00:00:00-04:00,5114.3296,511.78726,664.7414,1705.6062,2232.1948,4.6666665,1.3333334,2.0,3.3333333,2.6666667,40422.332,13643.0,14461.0,6072.6665,6245.6665,4703.3335,336.66666,287.33334,2261.0,1818.3334,2017.3334,1.0,330.66666,1091.6666,594.0,76226.0,20590.0,20292.334,17114.666,18229.0,6720.6665,337.66666,618.0,3352.6667,2412.3333,979.6667,74.333336,71.333336,472.66666,361.33334,12612.0,252.0,228.66667,7692.0,4439.3335,31.666666,0.6666667,1.3333334,17.0,12.666667,2.8947222,37.657776,83.36222,0
P051,2013-04-12 00:00:00-04:00,4764.0986,0.2220568,1423.4878,1208.584,2131.8047,4.3333335,1.0,2.3333333,2.6666667,2.6666667,30132.666,8249.333,9312.667,6658.3335,5912.3335,5633.0,8.666667,450.66666,2662.6667,2511.0,2256.6667,0.0,654.3333,666.6667,935.6667,75512.336,21073.0,19826.334,17126.666,17486.334,7889.6665,8.666667,1105.0,3329.3333,3446.6667,862.0,3.3333333,141.66667,566.3333,150.66667,12888.667,178.33333,1086.3334,7960.0,3664.0,29.333334,0.33333334,2.6666667,15.333333,11.0,3.354074,44.302963,93.68222,0
P051,2013-04-13 00:00:00-04:00,4446.9775,0.13694629,1423.546,743.807,2279.4875,4.3333335,1.0,2.3333333,2.3333333,3.0,14033.667,2836.0,2301.6667,4993.3335,3902.6667,5814.6665,8.666667,450.66666,2406.0,2949.3333,1765.6666,0.0,654.3333,100.333336,1011.0,75735.0,21160.666,19926.0,18112.334,16536.0,7580.3335,8.666667,1105.0,2506.3333,3960.3333,1312.6666,0.0,141.66667,535.6667,635.3333,11311.667,178.33333,1086.3334,6937.3335,3109.6667,27.0,0.33333334,2.6666667,13.333333,10.666667,6.1426854,47.237778,118.92593,0
P051,2013-04-14 00:00:00-04:00,4154.413,0.14899741,1285.375,970.97253,1897.9167,3.6666667,1.0,2.0,2.0,3.0,12713.667,1873.0,2250.6667,6583.0,2007.0,4909.0,0.0,458.66666,1707.0,2743.3333,2018.3334,0.0,409.66666,726.0,882.6667,76646.664,21120.0,20160.0,18462.0,16904.666,6927.3335,0.0,868.3333,2433.0,3626.0,916.6667,0.0,89.0,209.0,618.6667,9989.0,0.0,1193.3334,4560.6665,4235.0,28.333334,0.0,3.3333333,13.666667,11.333333,5.6316667,50.243332,117.84333,0
P051,2013-04-15 00:00:00-04:00,3569.1887,0.09717594,1067.8666,1354.7697,1146.4553,4.3333335,1.0,2.0,2.6666667,2.3333333,10470.667,77.0,869.0,6216.0,3308.6667,4275.0,0.0,510.33334,1818.3334,1946.3334,1973.6666,0.0,641.3333,863.6667,468.66666,77296.0,21158.0,19979.334,18022.334,18136.334,6248.6665,0.0,1151.6666,2682.0,2415.0,1136.0,0.0,24.666666,409.33334,702.0,11004.667,0.0,404.33334,5243.6665,5356.6665,31.666666,0.0,2.6666667,14.666667,14.333333,6.745278,41.38111,117.89,1
P051,2013-04-16 00:00:00-04:00,5090.832,909.3214,1109.6665,1323.5796,1748.2644,4.6666665,2.0,2.3333333,2.6666667,2.0,10607.333,857.3333,691.0,5155.6665,3903.3333,3512.3333,489.0,510.33334,1379.6666,1133.3334,2276.3333,66.333336,641.3333,862.0,706.6667,78673.336,20646.334,20088.334,18615.0,19323.666,5788.6665,555.3333,1151.6666,2241.6667,1840.0,630.6667,64.333336,24.666666,356.66666,185.0,10627.333,77.333336,404.33334,5432.0,4713.6665,34.333332,0.6666667,2.6666667,16.333334,14.666667,6.3715277,45.15222,118.67111,1
P051,2013-04-17 00:00:00-04:00,5279.073,1536.5924,1178.3016,1252.3528,1311.8263,4.6666665,3.0,2.6666667,2.6666667,1.3333334,12576.0,3759.6667,1515.6666,4017.6667,3283.0,4463.0,663.3333,686.6667,1603.3334,1509.6666,1357.6666,145.33333,555.3333,318.66666,338.33334,78703.336,20336.0,20107.666,19067.666,19192.0,5820.6665,808.6667,1242.0,1922.0,1848.0,819.0,220.0,6.0,296.66666,296.33334,11348.333,484.0,152.66667,6111.0,4600.6665,36.333332,2.0,1.0,17.333334,16.0,6.3715277,45.15222,118.67111,0
P051,2013-04-18 00:00:00-04:00,7721.5044,2205.2808,1164.3959,2471.744,1880.0839,5.6666665,3.6666667,2.3333333,3.3333333,2.3333333,13674.333,4220.3335,2517.3333,5235.0,1701.6666,5036.6665,963.6667,475.66666,1761.0,1836.3334,841.3333,157.0,72.333336,284.0,328.0,77991.664,19978.0,20731.334,18545.334,18737.0,5878.0,1120.6666,548.0,2045.0,2164.3333,1120.0,222.33333,7.0,621.3333,269.33334,12577.667,1667.0,84.0,6944.3335,3882.3333,37.333332,5.3333335,0.33333334,18.0,13.666667,5.226111,55.535557,119.89111,1
P051,2013-04-19 00:00:00-04:00,6154.928,1296.1111,2198.5945,2003.0376,657.18463,5.0,2.6666667,2.6666667,2.6666667,2.0,24362.666,3413.0,2533.6667,10151.333,8264.667,3582.3333,474.66666,585.3333,1349.3334,1173.0,859.6667,90.666664,473.0,284.0,12.0,78930.0,20430.666,20053.666,18804.0,19641.666,4442.0,565.3333,1058.3334,1633.3334,1185.0,980.0,158.0,9.666667,620.3333,192.0,11623.333,1589.6666,242.0,6259.0,3532.6667,34.0,4.6666665,0.6666667,16.0,12.666667,5.033056,50.915554,113.72667,0
P051,2013-04-20 00:00:00-04:00,7966.5234,1336.6082,1654.9017,2536.0518,2438.962,5.3333335,2.3333333,2.0,3.0,2.6666667,41153.0,7699.0,8899.0,11783.333,12771.667,3199.0,394.33334,113.666664,1366.6666,1324.3334,1171.3334,95.0,473.0,599.0,4.3333335,78153.0,20499.334,20378.666,18087.666,19187.334,4370.3335,489.33334,586.6667,1965.6666,1328.6666,1291.3334,13.333333,9.666667,879.0,389.33334,9633.333,1183.0,158.0,5312.0,2980.3333,30.0,3.3333333,0.33333334,14.333333,12.0,5.033056,50.915554,113.72667,0
P051,2013-04-21 00:00:00-04:00,11105.5625,1668.2168,4606.9824,1841.6666,2988.697,4.3333335,2.0,2.0,2.0,2.6666667,54312.668,14428.0,14427.333,9191.667,16265.667,2528.6667,94.0,109.666664,609.0,1716.0,991.3333,83.333336,400.66666,485.0,22.333334,79286.336,20702.0,20361.0,19455.334,18768.0,3520.0,177.33333,510.33334,1094.0,1738.3334,887.6667,11.0,2.6666667,260.33334,613.6667,7889.3335,0.0,158.0,1923.0,5808.3335,23.333334,0.0,0.33333334,8.333333,14.666667,5.8569446,41.195557,110.59778,0
P051,2013-04-22 00:00:00-04:00,11124.021,1668.1676,3530.9336,2317.2512,3607.669,4.3333335,2.0,1.3333334,2.6666667,3.3333333,43970.0,14411.333,14427.0,4693.0,10438.667,3802.6667,94.0,0.0,1006.6667,2702.0,904.6667,83.333336,0.0,717.3333,104.0,78688.664,20923.0,21092.666,19039.666,17633.334,4707.3335,177.33333,0.0,1724.0,2806.0,1180.6666,11.0,0.0,263.0,906.6667,11607.667,0.0,0.0,2326.3333,9281.333,24.666666,0.0,0.0,7.6666665,17.0,6.8316665,41.38222,118.58222,0
P051,2013-04-23 00:00:00-04:00,9954.753,1000.4096,4083.7104,2552.4858,2318.147,4.0,1.3333334,1.6666666,2.3333333,3.6666667,25679.334,7308.6665,7249.3335,1607.3334,9514.0,3908.6667,0.0,173.33333,1339.0,2396.3333,1219.6666,0.0,491.0,242.33333,486.33334,79330.0,21343.0,20600.334,19446.334,17940.334,5128.3335,0.0,664.3333,1581.3334,2882.6667,973.6667,0.0,66.333336,233.33333,674.0,13238.0,0.0,0.0,3585.6667,9652.333,25.666666,0.0,0.0,6.6666665,19.0,6.6873612,43.554443,119.6,0
P051,2013-04-24 00:00:00-04:00,10570.393,186.95888,1111.8339,4528.829,4742.771,4.0,1.3333334,2.3333333,2.3333333,3.6666667,9924.0,395.0,3129.0,1304.6666,5095.3335,5780.0,0.0,802.6667,2125.6667,2851.6667,1417.3334,0.0,491.0,243.33333,683.0,77367.0,21532.666,20070.0,18609.334,17155.0,7197.3335,0.0,1293.6666,2369.0,3534.6667,1286.6666,0.0,135.0,478.0,673.6667,10913.0,0.0,0.0,4334.6665,6578.3335,23.666666,0.0,0.0,10.0,13.666667,6.6873612,43.554443,119.6,0
P051,2013-04-25 00:00:00-04:00,10882.486,186.94817,1714.2113,4367.4937,4613.833,4.3333335,1.3333334,2.6666667,2.3333333,3.6666667,9081.0,383.66666,3783.0,1118.0,3796.3333,6276.6665,0.0,1034.0,2622.0,2620.6667,1752.3334,0.0,859.0,137.66667,755.6667,75896.0,21394.666,19319.0,17901.334,17281.0,8029.0,0.0,1893.0,2759.6667,3376.3333,1317.0,0.0,136.0,639.0,542.0,8404.333,0.0,30.333334,4999.3335,3374.6667,22.0,0.0,0.33333334,12.0,9.666667,6.5430555,45.726665,120.617775,0
P051,2013-04-26 00:00:00-04:00,10189.854,186.95773,2024.7429,3417.3486,4560.804,4.3333335,1.3333334,3.0,2.3333333,3.3333333,7437.0,1447.6666,3816.0,1228.0,945.3333,6142.6665,4.0,1274.3334,2279.0,2585.3333,1316.0,0.0,542.0,405.0,369.0,76083.0,21217.666,19261.666,17930.0,17673.666,7458.6665,4.0,1816.3334,2684.0,2954.3333,1061.0,1.6666666,85.0,502.66666,471.66666,8558.0,53.666668,87.0,5842.6665,2574.6667,23.0,0.6666667,1.0,15.333333,6.0,6.908889,40.23111,118.04889,0
P051,2013-04-27 00:00:00-04:00,4340.565,0.14768858,1465.7308,1007.478,1867.2081,4.0,1.0,2.0,2.6666667,3.0,27517.0,6246.3335,7739.0,5503.6665,8028.0,3896.6667,4.0,645.0,1759.0,1488.6666,1668.6666,0.0,542.0,795.0,331.66666,78109.664,21087.0,19864.334,18166.666,18991.666,5565.3335,4.0,1187.0,2554.0,1820.3334,595.0,1.6666666,16.333334,343.33334,233.66667,8605.667,53.666668,87.0,5819.3335,2645.6667,24.333334,0.6666667,1.0,15.333333,7.3333335,6.908889,40.23111,118.04889,0
P051,2013-04-28 00:00:00-04:00,4490.6265,0.15572843,1563.0488,686.29504,2241.1267,4.0,1.0,2.0,2.0,3.0,29671.0,7694.6665,7406.6665,5002.3335,9567.333,2432.0,4.0,680.6667,866.6667,880.6667,1718.0,0.0,502.0,668.3333,547.6667,79678.336,21037.666,19827.0,19311.0,19502.666,4150.0,4.0,1182.6666,1535.0,1428.3334,276.66666,1.6666666,17.666666,179.66667,77.666664,5742.3335,53.666668,56.666668,4065.3333,1566.6666,19.0,0.6666667,0.6666667,12.0,5.6666665,7.0380554,40.943333,119.79444,0
P051,2013-04-29 00:00:00-04:00,3463.3696,0.12072375,699.8143,988.9378,1774.4968,3.6666667,1.0,1.3333334,2.3333333,2.3333333,39595.0,6543.6665,7365.0,9673.0,16013.333,1152.3334,0.0,267.0,422.0,463.33334,1665.6666,0.0,328.0,790.0,547.6667,80917.664,21009.666,20396.334,19661.334,19850.334,2818.0,0.0,595.0,1212.0,1011.0,157.33333,0.0,2.3333333,85.333336,69.666664,6570.3335,50.666668,0.0,2899.6667,3620.0,23.666666,0.6666667,0.0,9.0,14.0,5.5181947,49.827778,116.52,0
P051,2013-04-30 00:00:00-04:00,4807.4683,951.2696,928.2825,1131.2703,1796.646,4.0,2.0,1.6666666,2.6666667,2.3333333,18965.0,2099.0,390.0,5414.6665,11061.333,1749.3334,479.66666,267.0,160.66667,842.0,1459.0,0.0,328.0,753.0,378.0,80271.664,20448.0,20318.0,19887.666,19618.0,3208.3333,479.66666,595.0,913.6667,1220.0,84.0,0.0,2.3333333,76.333336,5.3333335,6630.6665,84.333336,0.0,2570.6667,3975.6667,22.0,1.0,0.0,6.0,15.0,5.2631483,49.808147,114.46,1
P051,2013-05-01 00:00:00-04:00,3209.544,951.3044,228.57915,1118.446,911.2143,3.0,2.0,1.3333334,2.6666667,1.6666666,41899.332,5396.0,7241.3335,12614.0,16648.0,1333.6666,479.66666,0.0,159.0,695.0,760.6667,0.0,0.0,753.0,7.6666665,81011.0,20353.0,20812.334,19793.666,20052.0,2094.3333,479.66666,0.0,912.0,702.6667,76.333336,0.0,0.0,76.333336,0.0,9468.0,126.5,0.0,3559.5,5782.0,28.5,1.5,0.0,6.5,20.5,4.311111,53.884445,110.92,0
P051,2013-05-02 00:00:00-04:00,4342.9404,951.2661,711.5778,649.4478,2030.6486,3.6666667,2.0,2.0,2.0,3.0,44278.332,12585.667,13584.667,7783.0,10325.0,2377.0,479.66666,266.66666,80.666664,1550.0,820.3333,0.0,254.33333,354.0,212.0,79642.664,20269.334,20214.334,20220.334,18938.666,3197.3333,479.66666,521.0,434.66666,1762.0,94.666664,0.0,2.3333333,76.333336,16.0,5021.5,50.5,665.5,1004.0,3301.5,15.0,0.5,1.5,1.5,11.5,4.7530556,49.76889,110.34,1
P051,2013-05-03 00:00:00-04:00,9246.181,20.805302,1404.7485,115.66613,7704.9604,4.6666665,1.3333334,3.0,1.3333334,3.3333333,42916.0,11961.667,15180.667,7527.3335,8246.333,3797.3333,0.0,875.0,186.33333,2736.0,964.3333,0.0,514.6667,79.666664,370.0,76706.336,20704.334,18903.0,20218.0,16881.0,4761.6665,0.0,1389.6666,266.0,3106.0,1223.3334,0.0,381.0,168.66667,673.6667,10553.5,0.0,3938.5,2804.5,3810.5,25.0,0.0,5.0,5.0,15.0,5.63,33.6,101.18667,1
P051,2013-05-04 00:00:00-04:00,133863.11,20.880762,64967.465,684.8731,68189.9,5.6666665,1.3333334,4.0,1.3333334,3.3333333,19941.334,7476.3335,9175.333,1631.0,1658.6666,10072.0,0.0,2259.0,3050.0,4763.0,1142.0,0.0,670.3333,91.0,380.66666,66006.0,20987.666,15574.0,16091.333,13353.0,11214.0,0.0,2929.3333,3141.0,5143.6665,6622.3335,0.0,2463.6667,1711.3334,2447.3333,21936.334,0.0,5704.3335,8048.6665,8183.3335,27.333334,0.0,7.6666665,4.3333335,15.333333,4.9095836,38.918888,100.742226,0
P051,2013-05-05 00:00:00-04:00,145455.14,5971.649,70868.92,765.14124,67849.42,6.6666665,2.3333333,4.6666665,1.6666666,2.6666667,8000.0,294.0,3414.3333,3468.0,823.6667,9304.0,16.666666,2228.3333,3050.0,4009.0,848.6667,0.0,416.0,91.0,341.66666,66832.0,20203.334,15834.667,16395.0,14399.0,10152.667,16.666666,2644.3333,3141.0,4350.6665,8052.6665,1057.0,2780.3333,1711.3334,2504.0,24052.0,668.6667,5360.6665,7917.3335,10105.333,33.0,1.6666666,7.3333335,4.3333335,19.666666,4.9018517,39.327408,101.08889,0
P051,2013-05-06 00:00:00-04:00,138409.89,5951.415,70467.34,690.34265,61300.785,5.0,2.0,4.0,1.3333334,1.6666666,29108.666,3751.3333,7162.3335,10340.667,7854.3335,6652.0,23.0,1637.3334,2863.6667,2128.0,743.0,0.0,555.6667,11.333333,176.0,71889.336,20346.0,16928.0,17177.334,17438.0,7395.0,23.0,2193.0,2875.0,2304.0,7088.6665,1226.6666,2473.0,1542.6666,1846.3334,19019.334,668.6667,3276.0,6562.0,8512.667,24.0,1.6666666,5.6666665,3.0,13.666667,4.537778,42.191113,101.04,0
P051,2013-05-07 00:00:00-04:00,15646.524,5984.2764,6935.601,151.0562,2575.5903,5.0,2.0,3.0,1.3333334,2.6666667,44808.0,10691.333,13167.667,13561.667,7387.3335,556.3333,23.0,253.33333,0.6666667,279.33334,718.0,0.0,400.0,0.0,318.0,82396.336,20341.666,20547.666,20795.666,20711.334,1274.3334,23.0,653.3333,0.6666667,597.3333,1911.3334,1226.6666,390.33334,8.666667,285.66666,6507.0,709.0,214.33333,806.0,4777.6665,24.333334,2.0,1.6666666,5.0,15.666667,4.886389,40.144444,101.78222,0
P051,2013-05-08 00:00:00-04:00,4143.538,33.65234,1464.569,862.44934,1782.8677,4.3333335,1.0,3.0,1.6666666,2.0,43028.332,11344.333,12589.333,11747.0,7347.6665,843.6667,68.0,236.33333,361.0,178.33333,1068.3334,0.0,891.6667,24.0,152.66667,82388.0,21351.334,20319.334,19665.334,21052.0,1912.0,68.0,1128.0,385.0,331.0,1282.3334,171.33333,144.33333,753.6667,213.0,5284.0,168.0,1381.6666,1692.0,2042.3334,18.666666,0.6666667,2.3333333,7.6666665,8.0,4.661667,47.831112,107.67111,0
P051,2013-05-09 00:00:00-04:00,9638.618,33.12348,1437.8755,940.2864,7227.3325,5.0,1.0,3.0,2.3333333,2.6666667,21352.666,7881.6665,7390.0,4574.3335,1506.6666,2523.0,61.666668,694.6667,454.0,1312.6666,982.6667,0.0,585.6667,170.66667,226.33333,80251.0,21525.334,19872.334,19340.666,19512.666,3505.6667,61.666668,1280.3334,624.6667,1539.0,1821.6666,1.6666666,437.66666,838.0,544.3333,8959.0,168.0,1634.3334,3346.6667,3810.0,25.333334,0.6666667,2.6666667,9.0,13.0,5.8841667,39.95222,109.57222,0
P051,2013-05-10 00:00:00-04:00,15163.144,250.2557,2162.7136,940.33435,11809.84,6.3333335,1.3333334,4.3333335,2.3333333,3.0,17185.0,7881.6665,5686.3335,685.0,2932.0,5247.6665,61.666668,1196.0,453.33334,3536.6667,1240.6666,0.0,590.6667,170.66667,479.33334,76469.664,21528.666,18915.334,20137.334,15888.333,6488.3335,61.666668,1786.6666,624.0,4016.0,3392.0,1.6666666,888.0,829.3333,1673.0,13804.0,211.66667,2545.0,4842.6665,6204.6665,26.666666,1.0,4.3333335,9.666667,11.666667,5.8841667,39.95222,109.57222,0
P051,2013-05-11 00:00:00-04:00,15144.055,333.85522,2166.7834,455.47485,12187.941,6.0,1.6666666,4.0,2.3333333,3.3333333,32373.666,14411.0,12866.667,1411.6666,3684.3333,6562.3335,0.0,1012.0,1366.3334,4184.0,1321.3334,0.0,486.66666,291.0,543.6667,75339.336,21588.666,19278.0,19503.666,14969.0,7883.6665,0.0,1498.6666,1657.3334,4727.6665,3058.3333,4.3333335,815.0,409.0,1830.0,15199.667,232.0,1331.3334,5538.0,8098.3335,34.666668,1.3333334,3.3333333,10.0,20.0,7.1066666,32.073334,111.473335,0
P051,2013-05-12 00:00:00-04:00,21822.479,1220.766,11198.022,1952.0801,7451.6094,5.6666665,2.3333333,3.6666667,2.3333333,3.3333333,42439.0,18243.334,15697.0,4844.0,3654.6667,8929.0,263.0,2787.3333,2548.0,3330.6667,3027.0,6.0,1682.3334,783.6667,555.0,71693.0,21199.666,16618.0,17788.0,16087.333,11956.0,269.0,4469.6665,3331.6667,3885.6667,2458.0,87.666664,466.33334,404.66666,1499.3334,13656.667,1160.3334,1586.6666,4359.6665,6550.0,39.666668,6.0,6.0,11.666667,16.0,0.0,0.0,0.0,0
P051,2013-05-13 00:00:00-04:00,16576.596,970.69684,11591.578,2309.74,1704.582,4.6666665,2.0,3.3333333,3.0,2.6666667,36633.332,11065.333,13240.0,8083.6665,4244.3335,8188.3335,345.66666,3155.0,3086.6667,1601.0,2784.6667,6.0,1766.0,863.3333,149.33333,73314.0,21054.0,16459.666,16521.666,19278.666,10973.0,351.66666,4921.0,3950.0,1750.3334,1033.6666,87.666664,28.666666,759.6667,157.66667,10391.333,1076.3334,2243.3333,4501.3335,2570.3333,38.666668,5.3333335,6.6666665,14.333333,12.333333,5.1833334,43.724445,107.73778,0
P051,2013-05-14 00:00:00-04:00,23164.38,887.0362,11157.147,9649.271,1470.9259,4.3333335,1.6666666,3.0,3.3333333,2.6666667,30860.666,4446.3335,8032.6665,12419.333,5962.3335,6874.0,345.66666,3146.3333,2160.0,1222.0,2496.0,6.0,1522.6666,819.0,148.33333,73344.0,20751.0,16317.0,16733.334,19542.666,9370.0,351.66666,4669.0,2979.0,1370.3334,1434.3334,83.333336,117.666664,1231.6666,1.6666666,10574.0,928.3333,2385.0,4633.6665,2627.0,40.0,4.6666665,7.6666665,17.666666,10.0,6.1109724,39.79889,111.23333,0
P051,2013-05-15 00:00:00-04:00,15255.996,638.3155,3439.4539,9837.636,1340.5916,5.0,1.6666666,4.0,3.3333333,2.6666667,25323.0,2168.3333,5947.0,12018.0,5189.6665,4424.0,337.0,1688.0,1357.0,1042.0,1472.3334,68.333336,638.0,322.0,444.0,74959.0,20401.666,18234.666,17194.0,19128.666,5896.3335,405.33334,2326.0,1679.0,1486.0,2111.6667,90.666664,248.0,1772.0,1.0,13690.667,268.66666,3928.0,6968.6665,2525.3333,39.666668,1.3333334,7.3333335,19.666666,11.333333,6.1109724,39.79889,111.23333,0
P051,2013-05-16 00:00:00-04:00,15320.305,638.35443,2907.603,9488.187,2286.1604,5.0,1.6666666,3.6666667,2.6666667,3.3333333,32360.666,9105.0,8067.0,8306.333,6882.3335,3581.3333,254.33333,1167.0,1140.3334,1019.6667,2177.0,68.333336,723.3333,308.33334,1077.0,74512.664,20198.334,18231.0,17627.666,18455.666,5758.3335,322.66666,1890.3334,1448.6666,2096.6667,2458.6667,90.666664,490.66666,1509.0,368.33334,15568.667,268.66666,2444.3333,8108.6665,4747.0,34.666668,1.3333334,5.6666665,16.0,11.666667,7.038611,35.873333,114.72889,1
P051,2013-05-17 00:00:00-04:00,8901.307,638.3757,3151.832,2140.0344,2971.0647,5.3333335,1.6666666,3.6666667,2.3333333,4.0,26251.0,10071.0,6299.0,3564.6667,6316.3335,3961.0,254.33333,1509.0,1212.6666,985.0,2754.0,68.333336,1053.6666,213.66667,1418.3334,75599.0,20504.0,17948.0,18683.0,18464.0,6715.0,322.66666,2562.6667,1426.3334,2403.3333,1655.6666,90.666664,406.0,784.3333,374.66666,19787.334,268.66666,6717.3335,9487.333,3314.0,27.0,1.3333334,5.3333335,13.666667,6.6666665,7.648611,42.31333,126.04889,0
P051,2013-05-18 00:00:00-04:00,10118.999,0.1855854,1344.8855,5380.739,3393.1892,5.0,1.0,2.3333333,2.6666667,4.3333335,40180.332,15705.667,12582.0,6107.6665,5785.0,3245.6667,0.0,716.3333,1000.0,1529.3334,3312.6667,0.0,648.6667,999.6667,1664.3334,77882.336,21246.0,19625.0,19066.666,17944.666,6558.3335,0.0,1365.0,1999.6666,3193.6667,871.3333,0.0,259.66666,168.66667,443.0,15279.0,0.0,4569.0,7573.6665,3136.3333,15.0,0.0,2.0,9.0,4.0,7.648611,42.31333,126.04889,0
P051,2013-05-19 00:00:00-04:00,9780.995,0.17915924,1219.1768,6438.34,2123.2996,5.0,1.0,2.3333333,4.0,3.3333333,25004.0,8787.0,7433.0,6835.6665,1948.3334,2158.0,0.0,497.33334,781.6667,879.0,3217.3333,0.0,803.6667,1382.3334,1031.3334,80613.0,21569.0,20245.0,19283.666,19515.334,5375.3335,0.0,1301.0,2164.0,1910.3334,158.33333,0.0,6.0,76.666664,75.666664,9570.667,0.0,4589.3335,4389.6665,591.6667,9.333333,0.0,1.3333334,6.6666665,1.3333334,7.34125,41.43778,122.71445,0
P051,2013-05-20 00:00:00-04:00,10667.28,20.911442,1124.0911,6921.4,2600.8782,5.0,1.3333334,2.3333333,3.6666667,3.3333333,37571.668,14149.0,13229.333,9420.333,773.0,3726.0,0.0,422.0,954.3333,2349.6667,3508.6667,0.0,645.3333,2127.3333,736.0,77858.0,21469.334,20326.0,18248.666,17814.0,7234.6665,0.0,1067.3334,3081.6667,3085.6667,411.33334,0.0,1.6666666,4.6666665,405.0,4337.6665,0.0,174.66667,2564.0,1599.0,13.666667,0.0,0.6666667,7.3333335,5.6666665,7.033889,40.56222,119.38,1
P051,2013-05-21 00:00:00-04:00,5203.5063,20.911442,1634.598,1938.7479,1609.2489,4.3333335,1.3333334,3.0,2.6666667,2.3333333,25595.666,6949.0,7666.3335,8594.0,2386.3333,4169.0,0.0,972.3333,1485.3334,1711.3334,2286.6667,0.0,978.3333,1199.0,109.333336,76464.0,21257.0,19167.0,17167.666,18872.334,6455.6665,0.0,1950.6666,2684.3333,1820.6666,437.0,0.0,17.0,83.333336,336.66666,12823.667,0.0,3382.3333,5358.0,4083.3333,23.333334,0.0,2.0,9.333333,12.0,7.033889,40.56222,119.38,1
P051,2013-05-22 00:00:00-04:00,11082.525,666.6343,1642.7887,939.7425,7833.3604,5.3333335,2.0,3.0,1.6666666,3.6666667,41223.332,14109.0,14421.0,7763.0,4930.3335,5719.3335,306.0,1414.0,1593.0,2406.3333,2074.6667,0.6666667,733.3333,820.6667,520.0,73247.336,20596.0,18496.334,17112.334,17042.666,7794.0,306.66666,2147.3333,2413.6667,2926.3333,1351.6666,91.666664,243.33333,180.66667,836.0,19568.0,636.0,3281.6667,8220.333,7430.0,33.666668,3.0,2.0,13.333333,15.333333,0.0,0.0,0.0,1
P051,2013-05-23 00:00:00-04:00,9482.119,645.79816,1513.0143,675.2819,6648.025,4.6666665,1.6666666,3.0,1.6666666,2.6666667,41185.0,14400.0,14103.0,7015.6665,5666.3335,3572.3333,306.0,1188.3334,1290.3334,787.6667,1491.3334,0.6666667,768.0,311.0,411.66666,75651.336,20387.666,18525.0,17775.0,18963.666,5063.6665,306.66666,1956.3334,1601.3334,1199.3334,1025.0,91.666664,244.0,190.0,499.33334,21330.0,636.0,5241.6665,8203.333,7249.0,32.333332,3.0,2.6666667,10.666667,16.0,0.0,0.0,0.0,0
P051,2013-05-24 00:00:00-04:00,21354.486,1194.4961,2429.6167,9066.472,8663.903,5.3333335,2.0,3.0,2.6666667,3.0,34657.0,14520.667,12476.333,2242.0,5418.0,4383.0,472.66666,804.3333,2222.0,884.0,1595.3334,0.6666667,847.0,330.0,417.66666,74314.336,20002.334,18676.0,16630.666,19005.334,5978.3335,473.33334,1651.3334,2552.0,1301.6666,2563.3333,179.33333,310.66666,1489.6666,583.6667,15989.0,757.0,2854.0,7280.6665,5097.3335,31.0,3.3333333,3.6666667,12.333333,11.666667,6.7494445,37.63778,114.18,1
P051,2013-05-25 00:00:00-04:00,101409.49,548.90125,2445.7988,52519.26,45895.527,4.0,1.3333334,2.6666667,2.6666667,1.3333334,21100.334,8440.0,5945.6665,2904.0,3810.6667,5309.6665,166.66667,233.66667,3635.0,1274.3334,1033.0,0.0,763.0,263.0,7.0,73365.336,20689.0,19777.0,13550.667,19348.666,6342.6665,166.66667,996.6667,3898.0,1281.3334,4324.6665,87.666664,154.33333,3518.0,564.6667,17469.666,121.0,3062.0,8465.667,5821.0,33.333332,0.33333334,3.6666667,15.0,14.333333,6.9269443,42.34667,120.30889,0
P051,2013-05-26 00:00:00-04:00,101690.586,548.90125,1943.2881,53424.32,45774.08,3.6666667,1.0,1.6666666,2.6666667,1.3333334,4965.3335,1240.0,492.33334,847.3333,2385.6667,7218.3335,166.66667,1619.3334,4243.6665,1188.6666,441.33334,0.0,412.0,23.333334,6.0,71367.0,20997.334,18556.666,12039.333,19773.666,7659.6665,166.66667,2031.3334,4267.0,1194.6666,6299.0,87.666664,658.6667,4987.0,565.6667,16883.666,121.0,3453.0,8748.333,4561.3335,31.0,0.33333334,5.3333335,16.0,9.333333,6.248889,36.725925,109.2637,0
P051,2013-05-27 00:00:00-04:00,89843.836,0.24155912,1026.5483,45062.48,43754.566,3.0,0.6666667,1.6666666,1.6666666,1.0,21746.0,7838.3335,7682.0,3103.3333,3122.3333,6101.3335,0.0,1699.0,3317.0,1085.3334,621.3333,0.0,399.33334,222.0,0.0,74388.0,21595.0,18541.0,14224.0,20028.0,6722.6665,0.0,2098.3333,3539.0,1085.3334,5260.6665,0.0,952.6667,3826.6667,481.33334,19237.334,0.0,5803.0,8080.6665,5353.6665,30.333334,0.0,4.0,13.333333,13.0,5.998611,36.27,106.80556,0
P051,2013-05-28 00:00:00-04:00,2965.4429,50.263966,545.7353,1568.9181,800.5255,3.0,1.0,1.3333334,1.3333334,2.0,20020.334,6741.3335,8240.333,2402.3333,2636.3333,3860.3333,0.0,1699.0,2138.0,23.333334,779.3333,0.0,399.33334,219.66667,160.33333,78705.664,21596.0,18611.0,17246.666,21252.0,4639.6665,0.0,2098.3333,2357.6667,183.66667,2992.3333,0.0,881.0,1972.6666,138.66667,16036.333,943.6667,5594.6665,7348.3335,2149.6667,32.0,4.6666665,4.0,12.0,11.333333,4.892778,25.484444,87.17333,0
P051,2013-05-29 00:00:00-04:00,7348.8975,50.52392,1292.396,165.47583,5840.502,4.3333335,1.3333334,2.6666667,1.0,3.3333333,26540.334,6741.3335,12011.0,2315.0,5473.0,2962.6667,0.0,1527.3334,1240.3334,195.0,1157.6666,0.0,697.0,218.66667,242.0,80252.0,21577.666,18660.0,19557.0,20457.334,4120.3335,0.0,2224.3333,1459.0,437.0,1743.6666,0.0,647.6667,494.33334,601.6667,19863.334,943.6667,7455.3335,7217.3335,4247.0,38.333332,4.6666665,5.3333335,12.333333,16.0,0.0,0.0,0.0,0
P051,2013-05-30 00:00:00-04:00,16687.293,50.60248,1625.5778,841.784,14169.328,5.6666665,1.3333334,3.0,2.0,5.3333335,13026.0,34.666668,6314.3335,680.3333,5996.6665,4531.0,0.0,1892.6666,1060.6666,1577.6666,1259.0,0.0,386.66666,239.66667,632.6667,77533.336,21487.334,18335.666,19878.334,17832.0,5790.0,0.0,2279.3333,1300.3334,2210.3333,2502.3333,0.0,837.6667,278.0,1386.6666,19613.666,943.6667,5052.0,7623.3335,5994.6665,43.333332,4.6666665,7.3333335,14.666667,16.666666,6.2705555,40.851112,113.562225,0
P051,2013-05-31 00:00:00-04:00,43516.766,18759.363,8222.173,817.4768,15717.754,7.0,2.0,4.0,2.0,6.3333335,13989.667,22.666666,5531.0,1019.0,7417.0,4354.6665,0.0,1985.0,615.3333,1754.3334,2098.0,0.0,1071.0,401.33334,625.6667,76597.0,21412.0,17473.666,20303.666,17407.666,6452.6665,0.0,3056.0,1016.6667,2380.0,2452.0,0.0,843.6667,69.333336,1539.0,20131.334,0.0,5832.6665,6403.0,7895.6665,40.333332,0.0,9.0,14.333333,17.0,6.1825,38.75,110.75667,0
P052,2013-03-30 00:00:00-04:00,5664.102,2405.5654,1192.6455,1212.3788,853.5122,5.5,2.0,3.0,4.0,3.0,23527.5,99.5,5094.0,11098.0,7236.0,6263.0,335.5,969.0,2622.0,2336.5,0.0,0.0,0.0,0.0,0.0,75780.5,20433.0,20126.5,17180.5,18040.5,6263.0,335.5,969.0,2622.0,2336.5,3069.0,224.5,315.0,1572.5,957.0,12305.5,2891.5,807.5,4102.0,4504.5,24.0,6.5,3.5,7.5,6.5,9.2288885,52.373333,125.202225,0
P052,2013-04-01 00:00:00-04:00,6110.3203,2472.212,1179.3915,1897.9702,560.7468,5.5,2.0,3.5,4.5,3.0,33944.0,99.5,4062.5,15360.0,14422.0,6556.5,335.5,1184.5,2819.5,2217.0,0.0,0.0,0.0,0.0,0.0,69010.0,20910.0,20038.0,16876.5,11185.5,6556.5,335.5,1184.5,2819.5,2217.0,3059.0,224.5,239.5,1760.0,835.0,11197.5,2891.5,221.5,6608.5,1476.0,20.5,6.5,1.5,8.0,4.5,9.2288885,52.373333,125.202225,0
P052,2013-04-02 00:00:00-04:00,4298.382,275.14752,1756.8818,1860.8674,405.4849,5.0,1.0,4.0,3.0,2.0,28103.0,1126.0,5442.0,9273.5,12261.5,4719.0,0.0,1638.0,2143.0,938.0,4806.0,0.0,0.0,0.0,4806.0,55304.5,20435.0,19564.0,11805.5,3500.0,9525.0,0.0,1638.0,2143.0,5744.0,12682.5,0.0,245.0,7470.0,4967.5,8269.0,0.0,1566.0,4883.5,1819.5,19.5,0.0,7.5,5.0,7.0,6.5,37.004444,88.00222,0
P052,2013-04-03 00:00:00-04:00,4543.401,273.80438,1824.8857,1782.0516,662.6591,5.3333335,1.0,4.0,3.6666667,2.3333333,23360.666,750.6667,4740.3335,9255.0,8614.667,5512.0,0.0,1964.3334,2499.6667,1048.0,13203.0,6709.3335,2035.6666,78.666664,4379.3335,38822.332,13698.667,13337.333,8445.333,3341.0,18715.0,6709.3335,4000.0,2578.3333,5427.3335,22390.0,290.33334,4030.0,10316.667,7753.0,9240.333,0.0,1044.0,4472.3335,3724.0,18.666666,0.0,5.0,6.0,7.6666665,6.5,37.004444,88.00222,1
P052,2013-04-04 00:00:00-04:00,4577.739,484.5671,1397.688,1762.2284,933.2553,5.3333335,1.3333334,3.3333333,4.0,2.0,20412.0,1869.6666,3839.0,7768.0,6935.3335,4250.3335,84.333336,1408.6666,1866.0,891.3333,29328.0,11779.667,5940.3335,6058.6665,5549.3335,20981.0,6687.3335,7401.3335,2347.3333,4545.0,33578.332,11864.0,7349.0,7924.6665,6440.6665,27253.334,1996.0,6453.3335,10896.0,7908.0,10852.333,0.0,1543.3334,2922.0,6387.0,19.333334,0.0,6.0,5.6666665,7.6666665,6.5,37.004444,88.00222,1
P052,2013-04-05 00:00:00-04:00,4935.31,717.4146,1637.2795,1733.0383,847.5778,5.6666665,1.6666666,3.6666667,4.6666665,2.0,24646.334,1144.0,7110.0,6634.0,9758.333,4277.3335,91.0,1951.0,1483.0,752.3333,26124.0,11779.667,5940.3335,6058.6665,2345.3333,29964.666,7323.6665,6679.6665,7341.6665,8619.667,30401.334,11870.667,7891.3335,7541.6665,3097.6667,19665.0,1998.0,6597.6665,6262.3335,4807.0,8688.667,0.0,765.0,2237.6667,5686.0,12.333333,0.0,2.3333333,4.6666665,5.3333335,6.259444,38.92889,88.00222,0
P052,2013-04-07 00:00:00-04:00,3677.9395,540.6812,1841.2968,1073.9377,222.02365,4.0,1.5,3.0,3.0,1.5,30350.5,119.0,9191.5,6871.5,14168.5,3755.5,11.5,1584.0,1562.5,597.5,0.0,0.0,0.0,0.0,0.0,71949.5,20845.5,18770.5,18885.0,13448.5,3755.5,11.5,1584.0,1562.5,597.5,1927.0,5.0,773.0,940.0,209.0,2927.0,15.0,1638.0,1062.0,212.0,7.0,0.5,1.5,3.0,2.0,6.1790276,47.572224,96.00222,0
P052,2013-04-08 00:00:00-04:00,2934.4207,147.74722,1310.202,1234.1472,242.3243,3.5,1.0,2.5,2.5,1.5,40830.5,4731.5,8151.0,13925.0,14023.0,4118.5,94.5,1301.0,2106.0,617.0,0.0,0.0,0.0,0.0,0.0,65723.0,16142.0,18249.0,18084.0,13248.0,4118.5,94.5,1301.0,2106.0,617.0,2495.0,2.0,1346.0,939.5,207.5,6385.5,15.0,1658.0,1709.0,3003.5,10.0,0.5,1.5,5.5,2.5,5.3204165,54.441113,96.00222,1
P052,2013-04-09 00:00:00-04:00,76128.945,158.47258,1358.8438,37751.11,36860.523,4.0,1.0,3.0,2.6666667,1.6666666,33135.668,3923.6667,6794.6665,12344.333,10073.0,4305.0,69.666664,1083.0,2279.0,873.3333,0.0,0.0,0.0,0.0,0.0,69550.664,17686.666,18846.0,17885.0,15133.0,4305.0,69.666664,1083.0,2279.0,873.3333,1941.0,1.3333334,898.6667,799.6667,241.33333,7114.3335,10.0,1526.3334,2588.3333,2989.6667,12.333333,0.33333334,3.6666667,5.0,3.3333333,5.708426,48.670372,93.335556,1
P052,2013-04-10 00:00:00-04:00,77139.99,157.30836,1245.8424,38450.312,37286.527,5.3333335,1.0,3.3333333,3.6666667,2.3333333,31148.666,3898.0,8511.0,11063.333,7676.3335,4599.6665,68.666664,1282.6666,2355.3333,893.0,0.0,0.0,0.0,0.0,0.0,71779.336,17710.334,18801.666,17995.334,17272.0,4599.6665,68.666664,1282.6666,2355.3333,893.0,1776.3334,0.0,682.3333,610.6667,483.33334,9250.333,108.0,552.3333,2571.0,6019.0,14.666667,0.33333334,3.0,4.6666665,6.6666665,5.5133333,44.897778,88.00222,0
P052,2013-04-11 00:00:00-04:00,150305.2,118.412926,1073.4591,38533.844,110579.484,5.6666665,1.0,3.3333333,4.0,3.0,28129.0,826.3333,6895.0,10700.333,9707.333,4179.0,102.333336,865.6667,2091.6667,1119.3334,0.0,0.0,0.0,0.0,0.0,74435.664,20519.666,19944.0,18151.334,15820.667,4179.0,102.333336,865.6667,2091.6667,1119.3334,2213.0,360.33334,241.66667,1024.0,587.0,11272.0,1345.3334,690.3333,3278.6667,5957.6665,19.333334,3.3333333,4.3333335,5.3333335,6.3333335,5.361528,44.852222,86.742226,1
P052,2013-04-12 00:00:00-04:00,77332.95,97.22346,662.92285,2024.1771,74548.63,5.6666665,1.0,2.6666667,4.3333335,3.6666667,28317.334,99.666664,7091.3335,10564.0,10562.333,4112.0,171.0,650.0,1796.0,1495.0,0.0,0.0,0.0,0.0,0.0,74414.664,20532.666,20280.666,18407.0,15194.333,4112.0,171.0,650.0,1796.0,1495.0,2772.3333,369.66666,240.33333,1195.0,967.3333,11519.0,2596.3333,269.33334,1991.3334,6662.0,19.333334,6.0,1.6666666,4.6666665,7.0,4.301111,61.336666,94.74333,0
P052,2013-04-13 00:00:00-04:00,76752.516,115.302704,329.22217,1449.4728,74858.516,5.0,1.0,2.0,3.3333333,3.6666667,29896.334,93.0,5576.3335,10216.667,14010.333,3652.6667,182.66667,239.0,1521.6666,1709.3334,0.0,0.0,0.0,0.0,0.0,73495.336,20508.0,20868.666,18422.666,13696.0,3652.6667,182.66667,239.0,1521.6666,1709.3334,3855.6667,511.66666,89.333336,1234.6666,2020.0,12472.333,3324.0,269.33334,1903.6666,6975.3335,21.666666,7.0,1.6666666,5.6666665,7.3333335,5.903333,55.78963,102.01408,1
P052,2013-04-15 00:00:00-04:00,4726.635,185.87244,198.2881,2691.2478,1651.2266,4.5,1.0,1.0,3.0,3.0,24998.5,131.0,4957.5,10975.0,8935.0,2721.0,27.5,0.0,1742.0,951.5,0.0,0.0,0.0,0.0,0.0,78559.5,20923.0,21148.5,18361.5,18126.5,2721.0,27.5,0.0,1742.0,951.5,3756.5,321.0,116.5,1155.0,2164.0,8061.5,1253.5,0.0,1748.5,5059.5,12.5,2.0,0.0,4.5,6.0,7.8595834,40.404446,102.27889,0
P052,2013-04-16 00:00:00-04:00,4334.411,185.09077,625.45197,2927.827,596.0415,4.5,1.0,2.0,3.5,2.0,29395.0,130.5,8483.5,12687.5,8093.5,3601.5,10.0,480.5,2487.5,623.5,4.0,0.0,4.0,0.0,0.0,77185.0,21373.0,20588.5,18044.0,17179.5,3605.5,10.0,484.5,2487.5,623.5,1740.5,203.5,467.0,941.0,129.0,2795.5,0.0,0.0,2123.5,672.0,5.5,0.0,0.0,2.5,3.0,6.8409724,34.144444,87.87,0
P052,2013-04-17 00:00:00-04:00,3862.415,140.51964,438.14008,2223.9678,1059.7876,3.6666667,1.0,1.6666666,3.0,2.0,40283.332,5166.0,12855.667,15658.333,6603.3335,3320.0,84.0,389.33334,2398.0,448.66666,2.6666667,0.0,2.6666667,0.0,0.0,73711.0,21199.0,18243.334,16118.667,18150.0,3322.6667,84.0,392.0,2398.0,448.66666,1526.6666,220.33333,324.0,741.6667,240.66667,4318.0,0.0,13.666667,1415.6666,2888.6667,6.6666665,0.0,0.33333334,1.6666666,4.6666665,6.8409724,34.144444,87.87,1
P052,2013-04-18 00:00:00-04:00,3563.9988,97.83173,572.9734,1611.6805,1281.5131,4.0,1.0,2.3333333,3.3333333,2.0,47769.332,5186.3335,15155.333,14780.667,12647.0,3059.6667,77.333336,564.6667,2108.6667,309.0,2.6666667,0.0,2.6666667,0.0,0.0,68696.664,20881.334,17602.0,16233.0,13980.333,3062.3333,77.333336,567.3333,2108.6667,309.0,1433.3334,213.66667,463.66666,576.6667,179.33333,3856.3333,0.0,249.66667,718.0,2888.6667,8.333333,0.0,1.6666666,2.0,4.6666665,6.9030557,33.648888,87.87111,1
P052,2013-04-19 00:00:00-04:00,3567.055,106.32289,326.3349,1993.427,1140.9701,3.6666667,1.0,1.6666666,3.6666667,1.6666666,45368.668,5351.6665,15304.0,15100.0,9613.0,2447.0,77.333336,244.33333,2053.6667,71.666664,0.0,0.0,0.0,0.0,0.0,71040.336,20816.334,18012.666,15996.0,16215.333,2447.0,77.333336,244.33333,2053.6667,71.666664,1567.3334,166.0,242.66667,749.6667,409.0,6910.0,0.0,249.66667,1560.3334,5100.0,9.666667,0.0,1.6666666,4.3333335,3.6666667,6.7355556,35.122223,88.00445,0
P052,2013-04-20 00:00:00-04:00,3473.1938,165.52594,362.74445,2411.2476,533.676,4.3333335,1.3333334,1.6666666,4.3333335,1.3333334,47988.332,7472.6665,15304.0,12293.333,12918.333,2485.3333,0.0,175.33333,2271.3333,38.666668,0.0,0.0,0.0,0.0,0.0,75600.664,20843.666,20471.0,17807.0,16479.0,2485.3333,0.0,175.33333,2271.3333,38.666668,1311.0,81.333336,230.0,745.3333,254.33333,4813.0,0.0,236.0,1917.6666,2659.3333,7.0,0.0,1.3333334,4.6666665,1.0,6.7355556,35.122223,88.00445,0
P052,2013-04-21 00:00:00-04:00,2630.0613,222.28337,241.10936,1786.3936,380.27502,4.3333335,1.3333334,1.3333334,3.3333333,2.0,48302.0,14587.0,12027.333,10972.0,10715.667,2689.6667,0.0,0.0,2166.3333,523.3333,0.0,0.0,0.0,0.0,0.0,79153.664,21002.334,20937.334,18019.0,19195.0,2689.6667,0.0,0.0,2166.3333,523.3333,1906.3334,16.0,21.666666,719.6667,1149.0,5109.3335,17.0,0.0,1900.6666,3191.6667,9.0,0.33333334,0.0,4.0,4.6666665,7.706111,84.07111,144.71777,0
P052,2013-04-22 00:00:00-04:00,2475.8232,161.83328,432.9533,1290.1528,590.8838,4.3333335,1.3333334,2.0,3.3333333,2.3333333,54445.0,17941.0,15010.667,11532.667,9960.667,3217.3333,0.0,204.33333,2127.3333,885.6667,0.0,0.0,0.0,0.0,0.0,73721.0,19702.0,16467.0,18351.0,19201.0,3217.3333,0.0,204.33333,2127.3333,885.6667,1860.0,0.0,362.66666,574.0,923.3333,4493.0,17.0,0.0,2033.0,2443.0,10.666667,0.33333334,0.0,2.0,8.333333,7.706111,84.07111,144.71777,0
P052,2013-04-23 00:00:00-04:00,2995.5166,128.40874,705.593,1224.2678,937.2471,5.3333335,1.0,2.3333333,3.3333333,3.3333333,48334.0,12436.667,10710.667,14339.333,10847.333,3625.0,0.0,587.6667,1580.3334,1457.0,0.0,0.0,0.0,0.0,0.0,72061.336,19827.334,15960.333,17900.0,18373.666,3625.0,0.0,587.6667,1580.3334,1457.0,2309.0,20.333334,633.0,553.0,1102.6666,5837.6665,17.0,201.33333,1675.6666,3943.6667,13.333333,0.33333334,1.3333334,1.6666666,10.0,7.427639,63.941113,122.36,0
P052,2013-04-26 00:00:00-04:00,3402.3118,303.24515,1860.2186,937.5163,301.33154,5.0,2.0,3.0,4.0,2.0,23126.0,26.0,7598.0,11245.0,4257.0,4498.0,0.0,1914.0,1419.0,1165.0,0.0,0.0,0.0,0.0,0.0,80452.0,21585.0,19634.0,19458.0,19775.0,4498.0,0.0,1914.0,1419.0,1165.0,1402.0,0.0,44.0,710.0,648.0,4925.0,0.0,264.0,1719.0,2942.0,15.0,0.0,3.0,4.0,8.0,6.1625,39.70222,88.0,0
P052,2013-04-27 00:00:00-04:00,3650.6953,332.3037,992.9943,1336.8026,988.5946,5.0,2.0,2.0,3.5,3.0,17450.5,18.5,3799.0,7719.0,5914.0,4267.5,232.0,957.0,1654.0,1424.5,0.0,0.0,0.0,0.0,0.0,79871.5,21342.5,20610.0,19149.5,18769.5,4267.5,232.0,957.0,1654.0,1424.5,2204.5,7.0,22.0,782.5,1393.0,5803.0,116.0,132.0,965.0,4590.0,21.0,1.0,1.5,3.0,15.5,6.1625,39.70222,88.0,0
P052,2013-04-28 00:00:00-04:00,3008.6184,245.08533,682.7258,964.47614,1116.331,4.6666665,1.6666666,1.6666666,3.0,3.3333333,17057.334,848.0,2537.3333,7459.3335,6212.6665,4544.0,154.66667,638.0,1809.3334,1942.0,0.0,0.0,0.0,0.0,0.0,79228.0,21358.666,20935.0,18258.666,18675.666,4544.0,154.66667,638.0,1809.3334,1942.0,2570.6667,70.0,14.666667,1516.6666,969.3333,5017.3335,77.333336,88.0,1166.3334,3685.6667,20.0,0.6666667,1.0,3.6666667,14.666667,8.863055,38.636665,108.53889,0
P052,2013-04-29 00:00:00-04:00,2914.0022,195.7364,358.06537,814.62854,1545.5719,5.0,1.3333334,1.6666666,3.0,3.6666667,14327.667,849.3333,1476.6666,7178.0,4823.6665,4652.6665,154.66667,326.0,1743.0,2429.0,0.0,0.0,0.0,0.0,0.0,79229.664,21351.334,21251.666,18330.334,18296.334,4652.6665,154.66667,326.0,1743.0,2429.0,2426.6667,70.0,2.6666667,1503.0,851.0,4096.0,168.0,43.666668,681.0,3203.3333,17.666666,1.3333334,0.33333334,2.6666667,13.333333,11.563611,37.57111,129.07777,0
P052,2013-04-30 00:00:00-04:00,3422.062,122.137566,864.3727,975.55566,1459.9962,5.3333335,1.0,2.3333333,3.6666667,3.3333333,32052.0,7908.6665,6755.6665,10390.667,6997.0,5508.6665,0.0,644.3333,1985.6666,2878.6667,0.0,0.0,0.0,0.0,0.0,76740.336,21495.0,20850.334,16877.0,17518.0,5508.6665,0.0,644.3333,1985.6666,2878.6667,1898.3334,65.333336,71.333336,1601.6666,160.0,2641.0,90.666664,43.666668,675.0,1831.6666,11.0,0.6666667,0.33333334,2.6666667,7.3333335,11.563611,37.57111,129.07777,0
P052,2013-05-01 00:00:00-04:00,4241.543,298.13968,1124.2875,1333.5172,1485.5986,6.0,1.3333334,3.0,4.0,3.3333333,45094.668,14273.0,12715.0,11917.333,6189.3335,5512.0,262.66666,894.6667,1878.0,2476.6667,0.0,0.0,0.0,0.0,0.0,76409.0,21103.334,20304.0,17352.0,17649.666,5512.0,262.66666,894.6667,1878.0,2476.6667,1259.6666,68.666664,102.0,949.3333,139.66667,2569.3333,124.333336,188.33333,1020.6667,1236.0,8.333333,1.0,1.3333334,2.6666667,3.3333333,0.0,0.0,0.0,0
P052,2013-05-02 00:00:00-04:00,4523.46,272.54724,1019.1994,1418.6685,1813.0447,5.6666665,1.3333334,3.0,4.0,3.6666667,50669.668,15265.0,13448.667,11784.333,10171.667,5413.6665,262.66666,840.6667,1782.3334,2528.0,0.0,0.0,0.0,0.0,0.0,75053.336,20813.666,19985.334,17364.0,16890.334,5413.6665,262.66666,840.6667,1782.3334,2528.0,1531.3334,68.666664,180.33333,737.3333,545.0,3304.6667,67.333336,872.3333,933.0,1432.0,10.333333,0.6666667,3.3333333,2.3333333,4.0,7.1919446,43.47111,100.00445,0
P052,2013-05-03 00:00:00-04:00,3759.0613,273.91394,791.9086,1093.4929,1599.7458,6.0,1.3333334,3.3333333,3.6666667,4.0,52643.332,15402.0,15369.667,12310.333,9561.333,4946.0,262.66666,939.3333,1668.3334,2075.6667,0.0,0.0,0.0,0.0,0.0,75108.664,20511.0,19431.666,18411.334,16754.666,4946.0,262.66666,939.3333,1668.3334,2075.6667,1723.6666,68.666664,330.66666,593.3333,731.0,3951.0,121.333336,872.3333,909.0,2048.3333,11.666667,1.0,3.3333333,2.3333333,5.0,7.1919446,43.47111,100.00445,0
P052,2013-05-04 00:00:00-04:00,3360.5469,267.04196,531.39014,1242.087,1320.0276,5.6666665,1.6666666,2.6666667,4.0,3.3333333,40828.332,9648.333,9427.333,13383.667,8369.0,4831.0,168.33333,689.0,2176.3333,1797.3334,0.0,0.0,0.0,0.0,0.0,76484.336,20794.666,19977.334,18512.334,17200.0,4831.0,168.33333,689.0,2176.3333,1797.3334,1431.3334,5.6666665,300.0,272.33334,853.3333,4882.3335,316.66666,727.6667,438.0,3400.0,11.333333,1.3333334,2.3333333,1.6666666,6.0,7.3061113,42.556667,100.003334,0
P052,2013-05-05 00:00:00-04:00,3213.383,255.20734,364.14178,1717.3695,876.6645,5.6666665,1.6666666,2.0,4.0,3.0,39831.668,8646.333,7617.6665,13562.333,10005.333,4950.3335,168.33333,417.0,2840.0,1525.0,0.0,0.0,0.0,0.0,0.0,77769.336,21092.0,20622.0,17921.0,18134.334,4950.3335,168.33333,417.0,2840.0,1525.0,1242.3334,5.6666665,225.33333,506.33334,505.0,4602.3335,283.0,0.0,1179.0,3140.3333,11.333333,1.0,0.0,3.3333333,7.0,7.4202776,41.642223,100.00222,0
P052,2013-05-06 00:00:00-04:00,3330.6736,242.77893,308.76065,1668.0284,1111.1057,5.6666665,1.6666666,1.6666666,4.0,2.6666667,36831.668,8646.333,7617.6665,14217.333,6350.3335,5644.0,168.33333,152.0,3687.3333,1636.3334,0.0,0.0,0.0,0.0,0.0,77507.664,21413.666,21420.334,15228.333,19445.334,5644.0,168.33333,152.0,3687.3333,1636.3334,1009.3333,5.6666665,11.666667,563.3333,428.66666,3352.3333,229.0,0.0,1239.6666,1883.6666,8.666667,0.6666667,0.0,3.3333333,4.6666665,7.4202776,41.642223,100.00222,0
P052,2013-05-08 00:00:00-04:00,3698.156,89.098564,901.60236,1254.3558,1453.0991,7.0,1.0,3.0,4.0,3.5,54116.5,11791.0,18008.0,17313.5,7004.0,6376.0,0.0,819.0,3232.5,2324.5,0.0,0.0,0.0,0.0,0.0,73225.0,20486.5,20574.5,14256.5,17907.5,6376.0,0.0,819.0,3232.5,2324.5,2074.5,0.0,12.0,932.5,1130.0,1152.5,0.0,0.0,551.0,601.5,6.5,0.0,0.0,3.0,3.5,7.5702777,36.404446,95.96445,0
P052,2013-05-09 00:00:00-04:00,4453.078,99.824524,815.19336,2618.7803,919.2801,6.0,1.0,3.0,4.5,3.0,54578.0,11791.0,18008.0,15774.5,9004.5,7844.0,0.0,2606.0,3554.0,1684.0,1.5,0.0,0.0,1.5,0.0,71988.5,20480.0,16641.0,16426.0,18441.5,7845.5,0.0,2606.0,3555.5,1684.0,2412.5,0.0,64.5,1303.5,1044.5,1450.5,0.0,151.5,798.5,500.5,6.5,0.0,0.5,3.0,3.0,7.5702777,36.404446,95.96445,0
P052,2013-05-10 00:00:00-04:00,4031.9978,99.42151,797.0367,1954.0476,1181.492,6.0,1.0,3.0,4.3333335,3.3333333,44864.668,7897.3335,14530.333,14752.333,7684.6665,6673.3335,0.0,2054.0,2943.0,1676.3334,1.0,0.0,0.0,1.0,0.0,73435.0,20640.334,17755.334,17021.334,18018.0,6674.3335,0.0,2054.0,2944.0,1676.3334,2642.6667,0.0,48.0,1200.6666,1394.0,2173.3333,0.0,144.66667,616.3333,1412.3334,7.3333335,0.0,0.6666667,3.0,3.6666667,8.160417,39.284443,103.56555,0
P052,2013-05-11 00:00:00-04:00,3787.3613,132.33813,495.25812,1988.2883,1171.4767,5.3333335,1.0,2.3333333,4.3333335,3.3333333,39557.0,7783.6665,12085.333,12665.0,7023.0,6413.6665,402.66666,1660.0,2854.6667,1496.3334,1.0,0.0,0.0,1.0,0.0,74440.336,20744.334,18045.666,17168.334,18482.0,6414.6665,402.66666,1660.0,2855.6667,1496.3334,1913.0,0.0,45.333332,912.3333,955.3333,1893.3334,0.0,144.66667,397.0,1351.6666,5.0,0.0,0.6666667,2.0,2.3333333,7.1329165,43.524445,99.585556,0
P052,2013-05-15 00:00:00-04:00,4116.014,335.48712,485.79434,2178.0574,1116.6757,6.6666665,1.6666666,2.0,5.0,3.6666667,51470.0,14406.667,12197.0,14444.333,10422.0,5185.6665,164.66667,323.33334,3129.0,1568.6666,0.0,0.0,0.0,0.0,0.0,76892.664,20646.666,20865.0,16867.0,18514.0,5185.6665,164.66667,323.33334,3129.0,1568.6666,2343.6667,0.0,0.0,1239.0,1104.6666,4416.6665,0.0,401.0,856.0,3159.6667,11.333333,0.0,2.0,2.0,7.3333335,13.315,25.257778,130.77556,0
P052,2013-05-16 00:00:00-04:00,4790.9883,333.0092,728.87573,2476.149,1252.9542,7.0,2.0,2.3333333,5.0,3.6666667,51896.0,15063.0,15847.333,15722.0,5263.6665,5615.6665,231.0,637.0,2912.3333,1835.3334,81.666664,0.0,0.0,73.0,8.666667,71032.664,20574.666,19464.0,14827.0,16167.0,5697.3335,231.0,637.0,2985.3333,1844.0,8627.0,172.66667,1305.3334,3687.6667,3461.3333,5387.6665,175.66667,579.6667,937.3333,3695.0,13.333333,0.6666667,2.6666667,2.6666667,7.3333335,0.0,0.0,0.0,0
P052,2013-05-17 00:00:00-04:00,4951.4775,350.39658,513.88983,2665.7803,1421.4111,6.6666665,2.3333333,1.6666666,4.6666665,4.6666665,59066.332,13781.333,18050.334,17333.334,9901.333,6832.3335,231.0,313.66666,3474.0,2813.6667,324.0,0.0,0.0,232.66667,91.333336,54600.668,15616.333,14766.0,12189.667,12028.667,7156.3335,231.0,313.66666,3706.6667,2905.0,22441.0,5291.6665,6367.3335,5520.3335,5261.6665,5449.3335,175.66667,178.66667,3747.3333,1347.6666,10.666667,0.6666667,0.6666667,4.6666665,4.6666665,0.0,0.0,0.0,0
P052,2013-05-18 00:00:00-04:00,4641.275,284.06506,510.23862,2196.0964,1650.8748,5.6666665,2.0,1.6666666,4.0,4.6666665,43704.332,12384.0,10850.333,11007.0,9463.0,6161.3335,305.66666,313.66666,2630.3333,2911.6667,324.0,0.0,0.0,232.66667,91.333336,50518.0,10345.333,14768.0,13602.333,11802.333,6485.3335,305.66666,313.66666,2863.0,3003.0,22074.0,5292.6665,6367.3335,4976.6665,5437.3335,6535.0,199.33333,178.66667,3376.6667,2780.3333,11.666667,1.0,0.6666667,4.0,6.0,7.9686112,70.68445,133.4311,0
P052,2013-05-19 00:00:00-04:00,3832.0657,254.04799,311.89395,1872.4495,1393.6742,5.0,1.3333334,1.3333334,3.3333333,4.3333335,41887.0,11780.333,7875.6665,9036.0,13195.0,5306.6665,74.666664,0.0,2386.6667,2845.3333,242.33333,0.0,0.0,159.66667,82.666664,57204.668,10811.667,16381.0,16370.667,13641.333,5549.0,74.666664,0.0,2546.3333,2928.0,16455.0,5120.0,5125.0,2585.3333,3624.6667,5459.6665,23.666666,0.0,3194.3333,2241.6667,9.0,0.33333334,0.0,3.0,5.6666665,6.3593054,60.844444,110.71667,0
P052,2013-05-20 00:00:00-04:00,3591.8699,273.8838,464.9128,1194.0823,1658.9908,5.6666665,1.0,2.0,3.3333333,4.0,25983.666,7754.6665,2956.0,7473.6665,7799.3335,3716.6667,160.66667,162.0,1175.6666,2218.3333,0.0,0.0,0.0,0.0,0.0,73804.336,15572.667,21117.666,19222.0,17892.0,3716.6667,160.66667,162.0,1175.6666,2218.3333,2703.0,189.66667,147.0,1101.3334,1265.0,3519.0,23.666666,60.666668,785.0,2649.6667,9.0,0.33333334,0.6666667,1.3333334,6.6666665,6.6939816,58.86074,111.41037,0
P052,2013-05-21 00:00:00-04:00,4542.601,349.23755,645.9588,1801.7222,1745.6825,7.3333335,1.0,2.3333333,4.3333335,4.3333335,27564.0,1959.3334,5144.0,10360.0,10100.667,5140.6665,86.0,636.3333,2043.6666,2374.6667,69.333336,0.0,0.0,0.0,69.333336,76674.664,21052.0,20388.334,17975.334,17259.0,5210.0,86.0,636.3333,2043.6666,2444.0,3406.6667,188.66667,301.33334,1370.0,1546.6666,2951.6667,0.0,158.33333,801.6667,1991.6666,10.666667,0.0,1.6666666,1.6666666,7.3333335,5.432315,53.81111,96.26741,1
P052,2013-05-22 00:00:00-04:00,5793.3438,324.29034,797.7715,1780.5873,2890.6946,8.666667,1.3333334,3.3333333,5.0,5.0,31672.0,2133.3333,6773.3335,13771.333,8994.0,5068.6665,86.0,959.0,1893.3334,2130.3333,3043.0,0.0,0.0,0.0,3043.0,73876.0,20925.666,19881.666,17785.666,15283.0,8111.6665,86.0,959.0,1893.3334,5173.3335,2822.0,188.66667,352.33334,1427.6666,853.3333,4579.0,0.0,188.66667,902.6667,3487.6667,12.333333,0.0,2.0,2.0,8.333333,5.394352,46.988888,89.14148,0
P052,2013-05-23 00:00:00-04:00,5602.9307,285.3026,969.5752,1813.9181,2534.135,9.0,1.3333334,3.6666667,5.0,5.0,24463.334,505.66666,5788.0,9499.0,8670.667,3390.3333,0.0,797.0,1481.6666,1111.6666,31824.666,7195.0,7195.0,7197.0,10237.667,48618.668,14166.0,13090.0,11954.333,9408.333,35215.0,7195.0,7992.0,8678.667,11349.333,1473.6666,0.0,268.33334,559.6667,645.6667,6415.6665,0.0,229.33333,946.6667,5239.6665,14.666667,0.0,2.6666667,2.6666667,9.333333,5.5749073,39.946667,83.5437,0
P052,2013-05-25 00:00:00-04:00,4711.777,345.31763,801.1575,2029.342,1535.9596,7.6666665,1.6666666,2.6666667,3.6666667,5.0,13987.667,622.0,2232.6667,4515.0,6618.0,0.0,0.0,0.0,0.0,0.0,86265.664,21576.666,21572.0,21564.334,21552.666,0.0,0.0,0.0,0.0,0.0,86265.664,21576.666,21572.0,21564.334,21552.666,0.0,0.0,0.0,0.0,0.0,6255.0,16.666666,121.333336,1216.3334,4900.6665,15.666667,0.33333334,1.6666666,2.3333333,11.333333,8.547037,38.103703,105.477776,1
P052,2013-05-30 00:00:00-04:00,8027.0938,283.90958,300.0205,1112.3912,6330.7725,7.0,1.0,1.0,3.0,6.0,38078.0,10835.5,10818.0,9087.0,7337.5,3504.5,0.0,0.0,1093.0,2411.5,0.0,0.0,0.0,0.0,0.0,79953.5,21506.5,21504.5,19464.5,17478.0,3504.5,0.0,0.0,1093.0,2411.5,1797.5,0.0,0.0,894.0,903.5,1055.0,40.5,0.0,489.5,525.0,6.5,0.5,0.0,3.0,3.0,4.9402776,27.193333,65.71333,0
P052,2013-05-31 00:00:00-04:00,4484.2285,329.39917,299.44797,1195.0337,2660.3474,7.5,1.0,1.0,3.5,6.0,57531.0,16211.0,21600.0,16851.5,2868.5,4257.0,127.0,0.0,1271.0,2859.0,0.0,0.0,0.0,0.0,0.0,80006.5,21368.0,21494.0,19301.0,17843.5,4257.0,127.0,0.0,1271.0,2859.0,1536.5,13.0,0.0,871.0,652.5,722.5,91.0,0.0,389.0,242.5,4.5,0.5,0.0,2.5,1.5,0.0,0.0,0.0,0
P053,2013-03-28 00:00:00-04:00,12777.696,50.92684,262.65176,8812.88,3651.2383,3.5,1.0,1.5,3.0,2.5,19050.0,0.0,375.5,9238.0,9436.5,4393.5,0.0,101.0,3247.5,1045.0,210.5,0.0,0.0,116.5,94.0,78361.0,21177.0,21045.0,15949.0,20190.0,4604.0,0.0,101.0,3364.0,1139.0,847.5,0.0,0.0,755.0,92.5,20888.0,353.0,312.5,5069.5,15153.0,20.0,0.5,1.0,10.0,8.5,7.444722,26.0,87.87334,0
P053,2013-03-29 00:00:00-04:00,9368.732,61.090145,453.1707,6059.5957,2794.8765,3.6666667,1.0,2.3333333,3.0,2.3333333,27775.666,994.3333,2901.0,11661.667,12218.667,4282.0,0.0,290.66666,2533.6667,1457.6666,144.66667,0.0,4.3333335,77.666664,62.666668,78966.0,21223.334,20902.666,17357.666,19482.334,4426.6665,0.0,295.0,2611.3333,1520.3334,891.3333,4.3333335,9.333333,508.66666,369.0,23886.334,1861.6666,2918.6667,6015.3335,13090.667,21.333334,2.3333333,1.3333334,8.666667,9.0,7.444722,26.0,87.87334,0
P053,2013-03-30 00:00:00-04:00,36475.668,469.21622,470.046,35120.4,416.00443,3.6666667,1.3333334,2.3333333,3.0,1.3333334,43090.332,8194.333,10101.0,13203.333,11591.667,3553.0,1067.0,290.66666,1039.0,1156.3334,8.666667,0.0,4.3333335,4.3333335,0.0,80127.0,20095.334,21027.334,19303.0,19701.334,3561.6667,1067.0,295.0,1043.3334,1156.3334,1537.6666,185.33333,9.333333,938.0,405.0,26482.0,1861.6666,3688.3333,7096.0,13836.0,25.333334,2.3333333,4.3333335,9.333333,9.333333,7.444722,26.0,87.87334,1
P053,2013-04-01 00:00:00-04:00,71737.4,517.3857,336.77975,39110.76,31772.469,4.0,1.6666666,2.0,2.0,2.0,44766.332,8925.333,13156.667,11434.333,11250.0,2935.6667,1133.3334,278.33334,468.66666,1055.3334,226.33333,0.0,0.0,74.666664,151.66667,78150.664,19594.334,20863.666,19614.666,18078.0,3162.0,1133.3334,278.33334,543.3333,1207.0,3221.0,441.66666,16.333334,967.3333,1795.6666,27486.666,74.0,3785.6667,11925.0,11702.0,28.666666,0.6666667,5.6666665,10.0,12.333333,7.6575,45.322224,108.89778,1
P053,2013-04-02 00:00:00-04:00,36663.125,150.22961,320.14124,4397.702,31795.05,4.0,2.0,2.0,1.3333334,2.3333333,36950.332,8099.3335,6313.3335,8959.333,13578.333,1355.0,146.33333,278.33334,115.333336,815.0,223.66667,0.0,1.6666666,70.333336,151.66667,78539.0,19972.666,20816.0,19996.334,17754.0,1578.6666,146.33333,280.0,185.66667,966.6667,3385.6667,261.66666,16.333334,848.6667,2259.0,18769.0,120.666664,2807.6667,9393.0,6447.6665,24.333334,1.3333334,2.0,6.0,15.0,6.445139,60.735554,114.61222,1
P053,2013-04-03 00:00:00-04:00,1613.5271,118.14368,542.05536,522.8091,430.519,4.0,1.6666666,2.6666667,2.0,2.0,39029.668,7434.0,6518.3335,10489.667,14587.667,1986.6666,80.0,446.33334,644.3333,816.0,216.33333,0.0,9.333333,76.333336,130.66667,78750.0,20196.666,20550.666,18844.0,19158.666,2203.0,80.0,455.66666,720.6667,946.6667,2150.0,7.3333335,1.6666666,1367.6666,773.3333,22870.334,796.6667,5288.6665,5491.0,11294.0,27.0,4.0,1.6666666,9.666667,11.666667,5.0848613,69.17,112.164444,0
P053,2013-04-04 00:00:00-04:00,1282.5665,107.46194,307.38678,646.0188,221.69899,3.3333333,1.6666666,2.0,2.0,1.6666666,35616.668,13991.333,6788.3335,3807.3333,11029.667,1195.3334,80.0,181.33333,688.6667,245.33333,15.333333,0.0,9.333333,6.0,0.0,79121.0,20070.334,20688.0,18802.666,19560.0,1210.6666,80.0,190.66667,694.6667,245.33333,2293.6667,4.0,2.6666667,1320.6666,966.3333,23548.0,1102.6666,3536.6667,5527.0,13381.667,28.0,4.0,1.6666666,8.333333,14.0,5.0848613,69.17,112.164444,1
P053,2013-04-05 00:00:00-04:00,1894.701,72.38682,746.3628,839.92725,236.02419,3.6666667,1.0,3.0,2.3333333,1.6666666,32664.0,8196.0,10175.333,5680.0,8612.667,1828.0,4.3333335,398.33334,1038.0,387.33334,108.666664,0.0,101.666664,6.0,1.0,79014.336,20662.666,20006.666,18573.666,19771.334,1936.6666,4.3333335,500.0,1044.0,388.33334,1886.0,68.333336,210.33333,1095.6666,511.66666,32314.334,1668.0,7750.3335,10694.333,12201.667,32.666668,7.0,4.0,9.333333,12.333333,4.7323613,59.826668,100.001114,1
P053,2013-04-06 00:00:00-04:00,1248.451,86.13427,523.55835,490.49765,148.2608,3.0,1.0,2.0,1.6666666,1.6666666,48318.0,13156.0,14813.333,11347.333,9001.333,2209.0,4.3333335,230.33333,509.0,1465.3334,102.0,0.0,94.0,0.0,8.0,77295.336,20561.334,20090.334,17953.0,18690.666,2311.0,4.3333335,324.33334,509.0,1473.3334,1527.3334,66.333336,208.66667,577.3333,675.0,23579.334,2499.3333,5384.6665,6975.3335,8720.0,31.666666,6.0,4.3333335,5.0,16.333334,4.5277777,57.462223,96.0,0
P053,2013-04-07 00:00:00-04:00,7642.031,69.41578,531.4095,5071.3784,1969.8273,3.0,1.0,2.3333333,1.6666666,2.0,46193.332,7506.6665,11851.333,13204.333,13631.0,2353.0,154.0,235.66667,576.3333,1387.0,112.333336,0.0,94.0,10.333333,8.0,77136.336,20283.666,20123.0,17817.0,18912.666,2465.3333,154.0,329.66666,586.6667,1395.0,2214.0,370.33334,347.66666,802.6667,693.3333,26517.334,3148.6667,5072.3335,11007.0,7289.3335,38.0,6.6666665,5.0,11.333333,15.0,5.87,56.724445,106.0,0
P053,2013-04-08 00:00:00-04:00,7433.675,63.054497,356.3817,4902.0117,2112.2268,3.0,1.0,2.3333333,1.3333334,2.6666667,46758.668,10691.333,10665.0,11329.667,14072.667,2871.6667,149.66667,242.0,1014.3333,1465.6666,83.0,0.0,65.666664,10.333333,7.0,78061.336,20512.334,20517.0,17937.0,19095.0,2954.6667,149.66667,307.66666,1024.6666,1472.6666,1460.0,305.0,140.0,412.0,603.0,26803.0,4335.6665,3459.0,10292.333,8716.0,37.0,5.6666665,4.3333335,12.333333,14.666667,7.212222,55.986668,116.0,0
P053,2013-04-09 00:00:00-04:00,7632.9365,70.63611,459.426,4912.0474,2190.8274,3.6666667,1.3333334,3.0,1.3333334,3.0,22168.666,5319.6665,3468.0,4405.6665,8975.333,2078.0,149.66667,411.66666,1014.3333,502.33334,152.66667,0.0,142.33333,10.333333,0.0,80921.664,20586.666,20411.666,19699.0,20224.334,2230.6667,149.66667,554.0,1024.6666,502.33334,1366.0,404.66666,174.0,411.33334,376.0,24323.334,3221.6667,4238.0,10534.333,6329.3335,34.333332,4.0,5.3333335,12.333333,12.666667,9.00125,52.417778,126.74333,0
P053,2013-04-10 00:00:00-04:00,1588.7705,100.92233,705.99304,325.85806,455.99707,4.6666665,1.3333334,4.0,1.3333334,2.3333333,22249.334,4964.3335,4015.6667,4294.0,8975.333,2641.0,0.0,640.6667,1402.3334,598.0,149.0,0.0,147.33333,1.6666666,0.0,77189.0,20966.666,20198.666,19115.0,16908.666,2790.0,0.0,788.0,1404.0,598.0,634.6667,99.666664,37.666668,490.33334,7.0,21015.666,2525.3333,6236.0,7682.3335,4572.0,25.666666,4.6666665,4.3333335,8.333333,8.333333,8.722083,48.65111,120.74333,0
P053,2013-04-11 00:00:00-04:00,1662.5424,94.62856,587.594,477.43558,502.88425,4.6666665,1.3333334,3.0,2.0,2.3333333,30765.666,6605.0,3528.0,6232.6665,14400.0,2043.0,0.0,417.33334,1097.0,528.6667,85.666664,0.0,81.666664,4.0,0.0,72961.664,16009.0,20539.334,19435.334,16978.0,2128.6667,0.0,499.0,1101.0,528.6667,894.3333,99.666664,118.0,567.6667,109.0,13066.667,726.3333,3662.6667,5381.6665,3296.0,21.333334,2.0,3.3333333,9.0,7.0,8.722083,48.65111,120.74333,0
P053,2013-04-12 00:00:00-04:00,1753.9425,61.84208,709.9157,590.34174,391.84293,4.6666665,1.0,3.3333333,2.3333333,1.6666666,47937.668,7575.3335,5605.6665,13156.667,21600.0,2011.3334,0.0,413.66666,1339.6666,258.0,156.0,0.0,152.0,4.0,0.0,72803.336,15320.333,20684.666,19363.0,17435.334,2167.3333,0.0,565.6667,1343.6666,258.0,757.0,3.3333333,84.0,567.6667,102.0,15200.667,289.33334,5373.3335,5022.3335,4515.6665,21.333334,1.6666666,2.6666667,8.666667,8.333333,7.2756944,43.48,104.001114,0
P053,2013-04-13 00:00:00-04:00,1199.9263,68.57077,480.47562,371.298,279.58185,3.3333333,1.0,2.3333333,2.3333333,1.6666666,61664.0,13580.0,11350.333,18093.666,18640.0,1351.3334,6.6666665,244.33333,867.3333,233.0,149.33333,0.0,147.0,2.3333333,0.0,73203.664,15501.667,21100.0,20384.666,16217.333,1500.6666,6.6666665,391.33334,869.6667,233.0,1764.3334,8.333333,80.333336,277.66666,1398.0,11951.333,514.6667,3092.6667,4535.6665,3808.3333,22.666666,2.0,2.3333333,9.666667,8.666667,7.8975,38.506668,104.00222,0
P053,2013-04-14 00:00:00-04:00,789.23016,105.493385,365.02457,234.50305,84.20919,2.6666667,1.0,2.3333333,2.0,1.0,58745.668,15376.0,14975.667,14400.0,13994.0,2964.3333,6.6666665,244.33333,2639.3333,74.0,167.0,0.0,147.0,20.0,0.0,75221.0,19252.0,21193.0,18262.334,16513.666,3131.3333,6.6666665,391.33334,2659.3333,74.0,3312.6667,1365.3334,0.0,651.3333,1296.0,13029.333,1431.6666,3065.6667,3772.0,4760.0,30.666666,5.3333335,1.6666666,11.333333,12.333333,7.8975,38.506668,104.00222,1
P053,2013-04-15 00:00:00-04:00,1103.6586,118.15408,232.87126,666.8166,85.816635,2.6666667,1.0,1.6666666,2.3333333,1.3333334,44286.332,16752.666,12919.333,7452.0,7162.3335,3586.0,12.0,85.0,3268.3333,220.66667,110.0,0.0,76.333336,33.666668,0.0,74966.664,20150.334,21306.334,17223.666,16286.333,3696.0,12.0,161.33333,3302.0,220.66667,3741.3333,1382.6666,68.666664,985.6667,1304.3334,10754.0,1485.6666,1613.0,5241.3335,2414.0,27.666666,6.3333335,1.0,12.333333,8.0,0.0,0.0,0.0,0
P053,2013-04-18 00:00:00-04:00,2004.8041,68.84753,475.24252,765.7303,694.98364,4.0,1.0,1.0,2.0,2.0,57416.0,21600.0,21600.0,5848.0,8368.0,2642.0,0.0,233.0,518.0,1891.0,563.0,0.0,53.0,13.0,497.0,78648.0,20668.0,20347.0,19873.0,17760.0,3205.0,0.0,286.0,531.0,2388.0,649.0,0.0,6.0,198.0,445.0,10294.0,80.0,232.0,5547.0,4435.0,24.0,1.0,1.0,10.0,12.0,0.0,0.0,0.0,0
P053,2013-04-19 00:00:00-04:00,53818.875,60.898975,462.69376,882.0878,52413.19,3.5,1.0,1.5,2.0,2.0,31156.0,11175.5,11287.5,4487.5,4205.5,2790.5,0.0,126.5,894.0,1770.0,285.5,0.0,26.5,6.5,252.5,77681.0,20611.5,20683.0,19680.0,16706.5,3076.0,0.0,153.0,900.5,2022.5,2904.0,2.5,16.0,519.5,2366.0,18216.0,403.0,2930.0,8862.0,6021.0,31.0,3.0,1.0,10.0,17.0,5.113333,60.78,104.00222,0
P053,2013-04-21 00:00:00-04:00,69819.14,39.7416,204.41176,34789.76,34785.227,2.3333333,1.0,1.6666666,1.3333334,1.3333334,17274.0,2402.0,1497.3334,3664.3333,9710.333,1192.6666,3.3333333,6.6666665,633.0,549.6667,3.3333333,0.0,0.0,0.6666667,2.6666667,81251.0,21109.0,21358.666,19336.0,19447.334,1196.0,3.3333333,6.6666665,633.6667,552.3333,3251.3333,138.33333,8.666667,1561.3334,1543.0,24147.666,5840.0,1899.3334,8061.0,8347.333,42.0,10.666667,0.6666667,15.0,15.666667,6.299722,63.94889,116.662224,0
P053,2013-04-22 00:00:00-04:00,35032.14,69.28546,90.758286,34775.28,96.816086,2.3333333,1.0,1.3333334,1.6666666,1.0,29819.666,8240.333,1795.0,7512.3335,12272.0,489.0,3.3333333,0.0,473.66666,12.0,119.333336,0.0,0.0,119.333336,0.0,83570.664,21313.666,21470.666,19513.0,21273.334,608.3333,3.3333333,0.0,593.0,12.0,1760.6666,212.66667,9.333333,1352.0,186.66667,18568.0,5598.0,23.333334,5336.3335,7610.3335,37.0,9.0,0.33333334,14.333333,13.333333,6.8929167,65.53333,122.992226,0
P053,2013-04-23 00:00:00-04:00,35342.953,85.899734,92.20845,35072.273,92.57109,2.6666667,1.0,1.0,2.6666667,1.0,28370.334,9030.667,1806.6666,7208.3335,10324.667,670.0,3.3333333,0.0,654.6667,12.0,203.66667,0.0,0.0,203.66667,0.0,82748.0,21147.0,21381.334,18935.334,21284.334,873.6667,3.3333333,0.0,858.3333,12.0,1950.0,299.0,9.333333,1566.3334,75.333336,12976.667,3867.6667,23.333334,5346.6665,3739.0,32.333332,6.3333335,0.33333334,13.666667,12.0,5.2330556,65.89222,110.07222,1
P053,2013-04-24 00:00:00-04:00,1451.8367,93.49281,71.33879,996.77606,290.229,3.0,1.0,1.0,3.0,1.6666666,19520.334,8097.0,645.3333,7530.6665,3247.3333,1140.0,5.0,0.0,996.6667,138.33333,272.66666,0.0,0.0,272.66666,0.0,82898.0,21039.666,21303.666,19494.0,21060.666,1412.6666,5.0,0.0,1269.3334,138.33333,910.3333,295.33334,9.333333,525.3333,80.333336,12441.667,1644.0,0.0,6242.3335,4555.3335,26.666666,5.6666665,0.0,10.666667,10.333333,5.2816668,65.431114,110.0,0
P053,2013-04-25 00:00:00-04:00,1590.7665,74.778206,288.91385,923.03186,304.0425,3.6666667,1.0,1.3333334,3.3333333,2.0,13763.667,2191.0,918.3333,4607.0,6047.3335,1541.3334,77.333336,169.66667,1088.6666,205.66667,177.66667,0.0,8.333333,169.33333,0.0,81451.664,20628.666,21023.334,19460.0,20339.666,1719.0,77.333336,178.0,1258.0,205.66667,1616.6666,540.3333,7.3333335,454.33334,614.6667,16734.0,2189.6667,1069.6666,8911.667,4563.0,31.0,7.3333335,0.33333334,14.666667,8.666667,5.216759,63.95037,108.0,0
P053,2013-04-26 00:00:00-04:00,1955.965,69.59941,531.2561,906.7057,448.40372,4.3333335,1.0,2.3333333,3.0,2.6666667,26027.0,7652.3335,5915.6665,4716.0,7743.0,2400.3333,74.0,380.33334,1459.0,487.0,172.0,0.0,80.0,91.0,1.0,80073.0,20657.334,20607.666,19059.666,19748.334,2572.3333,74.0,460.33334,1550.0,488.0,1622.3334,392.0,11.0,429.66666,789.6667,20489.666,1711.0,3777.0,10576.0,4425.6665,33.0,6.3333335,0.6666667,17.333334,8.666667,4.7436113,63.735554,104.0,0
P053,2013-04-27 00:00:00-04:00,3619.2566,62.98975,568.63684,2727.9514,259.67868,4.3333335,1.0,2.3333333,3.0,2.3333333,25534.666,8749.333,5915.0,2878.0,7992.3335,3519.0,72.333336,389.66666,2689.3333,367.66666,189.66667,0.0,80.0,108.666664,1.0,77992.336,20535.334,20392.0,17487.334,19577.666,3708.6667,72.333336,469.66666,2798.0,368.66666,2028.3334,382.33334,81.333336,621.0,943.6667,22152.666,1227.3334,3894.6667,11188.667,5842.0,37.666668,6.0,1.3333334,17.666666,12.666667,6.565417,59.715557,114.55444,0
P053,2013-04-28 00:00:00-04:00,3148.3784,60.651337,339.18903,2501.2822,247.2559,3.0,1.0,2.0,2.0,2.0,42711.0,15766.667,12219.333,4908.6665,9816.333,2843.6667,0.0,220.0,2333.3333,290.33334,166.0,0.0,71.666664,93.333336,1.0,79128.336,20774.334,20465.0,17738.334,20150.666,3009.6667,0.0,291.66666,2426.6667,291.33334,1139.0,90.333336,74.0,638.0,336.66666,18391.0,1397.6666,2825.0,8586.333,5582.0,34.0,6.3333335,1.0,14.666667,12.0,8.043889,58.442223,125.10889,0
P053,2013-04-29 00:00:00-04:00,2772.1853,64.5627,238.13705,2361.4502,108.03532,2.6666667,1.0,1.6666666,2.3333333,1.3333334,44457.668,15691.333,9761.667,6755.3335,12249.333,2272.0,0.0,161.33333,1887.3334,223.33333,87.333336,0.0,0.0,87.333336,0.0,78961.0,20680.0,20526.666,17674.0,20080.334,2359.3333,0.0,161.33333,1974.6666,223.33333,1649.6666,90.333336,73.0,1083.0,403.33334,13438.0,1112.6666,1570.3334,6010.6665,4744.3335,25.333334,4.3333335,1.0,10.666667,9.333333,8.043889,58.442223,125.10889,1
P053,2013-04-30 00:00:00-04:00,4776.875,87.92694,199.96623,4410.306,78.67538,2.6666667,1.0,1.6666666,2.3333333,1.0,54622.668,20730.666,10205.667,9519.667,14166.667,935.3333,120.0,152.0,447.0,216.33333,7.0,0.0,0.0,7.0,0.0,79699.0,20169.0,20539.334,18891.334,20099.334,942.3333,120.0,152.0,454.0,216.33333,2066.6667,401.0,2.6666667,1327.3334,335.66666,9956.333,927.6667,1452.6666,4493.6665,3082.3333,18.0,3.0,0.33333334,9.333333,5.3333335,5.9936113,74.706665,124.97111,0
P053,2013-05-01 00:00:00-04:00,5544.3955,95.99485,349.13293,4789.928,309.3395,3.6666667,1.0,2.3333333,3.0,1.3333334,36120.668,14881.667,3423.3333,7089.0,10726.667,1972.3334,126.333336,315.33334,1149.0,381.66666,7.6666665,0.0,0.6666667,7.0,0.0,78159.0,19932.666,20263.0,17992.0,19971.334,1980.0,126.333336,316.0,1156.0,381.66666,2535.6667,585.0,67.0,1466.6666,417.0,13161.0,675.3333,3227.6667,5026.0,4232.0,17.666666,1.3333334,1.3333334,10.0,5.0,5.9936113,69.22111,119.48556,0
P053,2013-05-03 00:00:00-04:00,2283.3674,85.9609,483.62692,1308.6259,405.15363,3.5,1.0,3.0,3.0,1.5,32135.0,4452.0,2396.5,8846.5,16440.0,3702.5,9.5,472.5,2720.0,500.5,26.5,0.0,10.0,15.0,1.5,77209.5,20049.0,20000.5,17059.5,20100.5,3729.0,9.5,482.5,2735.0,502.0,2013.0,652.5,197.0,840.0,323.5,23588.5,2969.0,8584.0,7582.5,4453.0,47.5,8.5,16.5,16.5,6.0,5.9936113,63.735554,114.0,0
P053,2013-05-04 00:00:00-04:00,1151.6244,87.681595,226.45155,736.90753,100.58367,2.5,1.5,2.0,2.0,1.5,51373.5,5583.0,10344.0,17296.5,18150.0,3118.0,122.5,227.5,1915.5,852.5,133.5,4.0,9.0,119.0,1.5,68633.5,20488.5,13563.0,15181.0,19401.0,3251.5,126.5,236.5,2034.5,854.0,1714.5,346.0,100.5,734.0,534.0,20127.0,2273.5,5921.5,8326.5,3605.5,49.5,8.0,15.0,16.5,10.0,0.0,0.0,0.0,0
P053,2013-05-05 00:00:00-04:00,5636.1074,85.753525,187.00536,5284.369,78.97961,2.6666667,1.3333334,1.6666666,2.3333333,1.3333334,63049.0,10922.0,14096.0,18731.0,19300.0,2931.0,81.666664,151.66667,2129.3333,568.3333,164.0,2.6666667,6.0,154.33333,1.0,69385.664,20571.0,15940.667,15350.0,17524.0,3095.0,84.333336,157.66667,2283.6667,569.3333,1892.3334,230.66667,67.0,1229.6666,365.0,15971.333,1935.3334,3971.0,7547.0,2518.0,39.0,6.6666665,10.333333,14.666667,7.3333335,0.0,0.0,0.0,0
P053,2013-05-06 00:00:00-04:00,5576.3833,68.77663,300.2785,5121.874,85.45417,3.0,1.3333334,2.0,2.3333333,1.3333334,57688.0,13776.0,14273.667,17528.334,12110.0,2430.0,81.666664,310.66666,1635.6666,402.0,147.0,2.6666667,0.0,144.33333,0.0,67262.664,16589.0,16129.667,16454.666,18089.334,2577.0,84.333336,310.66666,1780.0,402.0,1159.0,8.666667,0.0,919.6667,230.66667,11315.667,419.66666,1549.6666,6338.0,3008.3333,23.333334,1.3333334,1.3333334,12.0,8.666667,5.993889,61.806667,112.07333,0
P053,2013-05-07 00:00:00-04:00,6212.894,50.24614,563.89105,5560.335,38.422054,3.3333333,1.0,2.3333333,3.0,1.0,54237.668,12247.0,10052.333,17528.334,14410.0,2742.0,0.0,395.0,2347.0,0.0,325.0,0.0,157.0,168.0,0.0,68277.664,16763.0,20738.666,17789.666,12986.333,3067.0,0.0,552.0,2515.0,0.0,1081.0,83.333336,4.3333335,984.3333,9.0,10438.333,638.0,1929.6666,6923.0,947.6667,25.333334,2.6666667,2.6666667,15.666667,4.3333335,6.6379166,59.635555,115.05444,0
P053,2013-05-08 00:00:00-04:00,1899.582,28.994627,682.0551,913.0243,275.50803,3.3333333,1.0,3.0,2.6666667,1.3333334,38112.668,10500.0,4057.3333,12064.333,11491.0,2358.6667,0.0,546.3333,1740.3334,72.0,342.0,0.0,165.66667,173.0,3.3333333,66879.664,11601.667,20808.334,19243.334,15226.333,2700.6667,0.0,712.0,1913.3334,75.333336,581.6667,83.333336,5.0,323.66666,169.66667,15843.333,218.33333,3262.3333,8544.0,3818.6667,32.333332,1.3333334,3.3333333,15.666667,12.0,6.6379166,59.635555,115.05444,0
P053,2013-05-09 00:00:00-04:00,1763.7428,50.76263,436.80035,618.03217,658.1476,2.6666667,1.0,2.0,2.0,1.6666666,36223.668,7064.0,5410.0,8979.0,14770.667,1990.6666,1.6666666,235.66667,1122.6666,630.6667,342.0,0.0,165.66667,173.0,3.3333333,70849.664,15919.333,20998.666,19631.334,14300.333,2332.6667,1.6666666,401.33334,1295.6666,634.0,940.6667,95.333336,5.0,431.66666,408.66666,15600.333,218.33333,1756.0,6685.3335,6940.6665,29.333334,1.3333334,2.6666667,12.0,13.333333,5.845972,63.63222,112.71555,0
P053,2013-05-10 00:00:00-04:00,5440.7305,50.914837,194.78354,2356.9087,2838.1235,2.3333333,1.0,1.6666666,1.3333334,2.0,33744.668,13688.0,10700.667,1785.3334,7570.6665,2264.0,1.6666666,151.33333,439.66666,1671.3334,93.0,0.0,8.666667,80.0,4.3333335,75628.336,15858.667,21108.334,20277.0,18384.334,2357.0,1.6666666,160.0,519.6667,1675.6666,1563.3334,12.0,0.6666667,426.33334,1124.3334,18419.0,17.0,1376.0,5011.0,12015.0,33.0,0.33333334,1.3333334,11.0,20.333334,4.41,69.8,107.39555,0
P053,2013-05-11 00:00:00-04:00,4990.0312,65.14555,52.935333,2231.676,2640.2742,2.0,1.0,1.0,1.0,2.0,24586.666,8258.667,9498.333,1957.6666,4872.0,2081.3333,1.6666666,0.0,285.66666,1794.0,4.6666665,0.0,0.0,3.6666667,1.0,80762.0,21135.334,21154.334,20312.0,18160.334,2086.0,1.6666666,0.0,289.33334,1795.0,1731.6666,12.0,0.0,555.3333,1164.3334,21699.334,2653.0,2076.6667,4025.0,12944.667,48.666668,10.333333,9.0,11.333333,18.0,10.041111,51.666668,134.31111,0
P053,2013-05-12 00:00:00-04:00,4638.607,58.688976,64.86139,2247.8916,2267.165,1.6666666,1.0,1.0,1.0,1.6666666,21600.334,9973.333,6802.3335,2560.6667,2264.0,1522.6666,1.6666666,0.0,285.66666,1235.3334,7.3333335,0.0,2.6666667,3.6666667,1.0,81236.336,20869.0,21063.666,20431.334,18872.334,1530.0,1.6666666,2.6666667,289.33334,1236.3334,1494.3334,211.0,1.6666666,354.66666,927.0,21744.666,3443.0,2792.3333,4402.3335,11107.0,57.666668,12.333333,12.0,13.666667,19.666666,15.672222,33.533333,161.22667,0
P053,2013-05-13 00:00:00-04:00,350.56528,58.205692,100.37657,70.78726,121.195755,1.6666666,1.0,1.3333334,1.0,1.3333334,11099.0,2774.3333,1917.6666,3898.6667,2508.3333,574.6667,1.6666666,286.66666,91.666664,194.66667,8.0,0.0,4.3333335,3.6666667,0.0,82537.664,20789.0,20544.0,20688.0,20516.666,582.6667,1.6666666,291.0,95.333336,194.66667,813.3333,211.0,143.0,210.66667,248.66667,17638.0,3426.0,3242.6667,3965.6667,7003.6665,50.0,12.0,13.666667,9.0,15.333333,15.672222,33.533333,161.22667,0
P053,2013-05-14 00:00:00-04:00,331.32205,52.45025,103.447655,82.11385,93.3103,1.3333334,1.0,1.3333334,1.0,1.0,10210.667,3533.6667,1985.3334,1997.3334,2694.3333,292.66666,1.6666666,286.66666,4.3333335,0.0,4.3333335,0.0,4.3333335,0.0,0.0,82815.664,20710.0,20441.0,20863.0,20801.666,297.0,1.6666666,291.0,4.3333335,0.0,395.0,211.0,143.0,2.0,39.0,7721.3335,790.0,1206.3334,1577.0,4148.0,24.0,2.0,5.3333335,5.6666665,11.0,8.0,59.88889,126.204445,0
P053,2013-05-15 00:00:00-04:00,858.2968,52.4133,511.43716,182.22923,112.21713,2.3333333,1.0,2.3333333,1.3333334,1.3333334,28682.0,7984.0,7550.6665,4191.3335,8956.0,1498.0,0.0,1185.3334,227.33333,85.333336,77.0,0.0,77.0,0.0,0.0,80739.664,20805.0,19133.0,20362.334,20439.334,1575.0,0.0,1262.3334,227.33333,85.333336,692.3333,0.0,353.66666,152.0,186.66667,8679.667,712.3333,2239.6667,3476.3333,2251.3333,17.333334,1.3333334,3.3333333,6.3333335,6.3333335,8.0,59.88889,126.204445,1
P053,2013-05-16 00:00:00-04:00,815.8686,62.243053,467.8003,187.9384,97.88685,2.0,1.0,2.0,1.3333334,1.3333334,26019.334,7984.3335,5676.3335,2873.3333,9485.333,1213.0,1.6666666,898.6667,227.33333,85.333336,75.333336,0.0,75.333336,0.0,0.0,81103.664,20675.334,19490.666,20227.666,20710.0,1288.3334,1.6666666,974.0,227.33333,85.333336,513.3333,0.0,212.33333,151.0,150.0,12163.0,3506.6667,1809.3334,3620.3333,3226.6667,29.0,5.3333335,2.0,12.666667,9.0,8.337361,45.08889,114.10333,1
P053,2013-05-17 00:00:00-04:00,832.85565,57.715702,479.66293,175.05469,120.422325,2.0,1.0,2.0,1.3333334,1.3333334,31218.334,7236.6665,6740.6665,2880.3333,14360.667,1210.3334,1.6666666,898.6667,223.0,87.0,75.333336,0.0,75.333336,0.0,0.0,82084.336,20925.0,19777.334,20532.0,20850.0,1285.6666,1.6666666,974.0,223.0,87.0,680.6667,0.0,212.33333,151.0,317.33334,17857.0,6864.0,3181.3333,3539.6667,4272.0,50.0,14.0,13.0,13.0,10.0,8.674723,30.288889,102.00222,1
P053,2013-05-20 00:00:00-04:00,1181.0857,85.62546,456.66632,579.35455,59.439346,4.0,1.0,3.0,4.0,1.0,37733.0,2082.0,6760.0,7291.0,21600.0,1941.0,0.0,253.0,1688.0,0.0,0.0,0.0,0.0,0.0,0.0,81948.0,20823.0,20848.0,19176.0,21101.0,1941.0,0.0,253.0,1688.0,0.0,553.0,313.0,20.0,220.0,0.0,25188.0,6245.0,4438.0,7789.0,6716.0,36.0,12.0,3.0,17.0,4.0,4.3825,34.38889,71.76444,0
P053,2013-05-22 00:00:00-04:00,1590.5417,61.504818,553.05096,577.2005,398.78546,3.5,1.0,3.0,3.5,1.5,30458.5,4989.0,4740.0,3773.0,16956.5,1847.5,0.0,368.5,1314.5,164.5,0.0,0.0,0.0,0.0,0.0,77655.0,17094.0,20349.5,19494.5,20717.0,1847.5,0.0,368.5,1314.5,164.5,535.0,163.0,236.5,110.0,25.5,22679.5,4105.0,4211.5,5452.5,8910.5,36.5,10.0,2.5,14.5,9.5,4.8690276,52.615555,93.88333,0
P053,2013-05-25 00:00:00-04:00,1530.6638,23.497139,35.777275,1434.4103,36.97905,2.0,1.0,1.0,2.0,1.0,86400.0,21600.0,21600.0,21600.0,21600.0,258.0,198.0,0.0,60.0,0.0,20.0,0.0,0.0,20.0,0.0,74488.0,12092.0,20949.0,20587.0,20860.0,278.0,198.0,0.0,80.0,0.0,270.0,31.0,0.0,239.0,0.0,6825.0,161.0,0.0,3408.0,3256.0,18.0,1.0,0.0,6.0,11.0,0.0,0.0,0.0,0
P053,2013-05-27 00:00:00-04:00,638.6867,32.98395,40.217346,510.97067,54.51473,1.3333334,1.0,1.0,1.3333334,1.0,73400.336,21600.0,19833.334,14406.0,17561.0,86.0,66.0,0.0,20.0,0.0,6.6666665,0.0,0.0,6.6666665,0.0,80259.336,17902.0,20849.666,20712.334,20795.334,92.666664,66.0,0.0,26.666666,0.0,90.0,10.333333,0.0,79.666664,0.0,9821.0,3413.0,17.0,3906.6667,2484.3333,19.0,7.6666665,0.33333334,4.0,7.0,0.0,0.0,0.0,0
P053,2013-05-28 00:00:00-04:00,918.87714,55.867706,157.80804,619.86945,85.33197,2.0,1.3333334,1.0,1.6666666,1.3333334,60231.332,21600.0,19833.334,8210.0,10588.0,977.3333,0.0,157.33333,742.0,78.0,0.0,0.0,0.0,0.0,0.0,82467.664,20769.0,20682.334,20057.666,20958.666,977.3333,0.0,157.33333,742.0,78.0,252.66667,0.0,0.0,249.0,3.6666667,12231.0,3813.0,17.0,6674.3335,1726.6666,18.333334,9.0,0.33333334,4.3333335,4.6666665,0.0,0.0,0.0,0
P053,2013-05-29 00:00:00-04:00,1397.9547,75.43224,412.5844,807.6179,102.32014,3.0,1.6666666,2.0,2.3333333,1.3333334,45720.668,14839.333,13540.667,6752.6665,10588.0,1729.3334,0.0,598.3333,1053.0,78.0,1.6666666,0.0,0.0,1.6666666,0.0,82472.336,20862.334,20452.334,19932.666,21225.0,1731.0,0.0,598.3333,1054.6666,78.0,522.6667,159.0,38.666668,321.33334,3.6666667,9071.333,1382.0,2136.0,4549.6665,1003.6667,16.0,5.0,4.6666665,3.6666667,2.6666667,7.6569443,52.43111,116.00222,0
P053,2013-05-30 00:00:00-04:00,1459.0565,123.77008,416.41623,815.65497,103.215324,3.0,1.6666666,2.0,2.3333333,1.3333334,43694.332,14839.333,14132.333,7257.6665,7465.0,1729.3334,0.0,598.3333,1053.0,78.0,1.6666666,0.0,0.0,1.6666666,0.0,83600.336,21136.666,20733.334,20218.666,21511.666,1731.0,0.0,598.3333,1054.6666,78.0,522.6667,159.0,38.666668,321.33334,3.6666667,12202.0,1442.3334,2992.6667,6592.0,1175.0,29.666666,9.0,6.6666665,9.666667,4.3333335,7.6569443,52.43111,116.00222,0
P054,2013-03-30 00:00:00-04:00,103448.58,1798.1183,7548.829,87931.8,6169.8306,8.0,3.6666667,6.3333335,4.6666665,4.0,49746.668,3783.0,15625.667,17132.334,13205.667,11104.667,215.33333,2311.0,5237.3335,3341.0,1213.0,0.0,316.66666,540.6667,355.66666,69058.664,21160.0,18488.666,12242.333,17167.666,12317.667,215.33333,2627.6667,5778.0,3696.6667,4878.6665,160.33333,477.33334,3511.6667,729.3333,31112.334,783.0,5878.3335,11038.0,13413.0,30.333334,1.3333334,7.6666665,13.0,8.333333,6.771111,38.837776,89.74555,0
P054,2013-03-31 00:00:00-04:00,181946.08,1990.2633,6576.965,87011.375,86367.47,6.6666665,4.3333335,5.3333335,4.3333335,3.0,52646.0,5607.3335,15661.667,15793.0,15584.0,14398.333,234.33333,4449.0,5530.3335,4184.6665,827.3333,0.6666667,214.33333,375.33334,237.0,65838.0,21067.666,16602.0,12251.667,15916.667,15225.667,235.0,4663.3335,5905.6665,4421.6665,5264.3335,291.33334,326.0,3413.6667,1233.3334,44413.668,2063.3333,8974.667,17657.334,15718.333,36.666668,3.3333333,10.0,13.666667,9.666667,6.308611,46.613335,93.82111,0
P054,2013-04-02 00:00:00-04:00,145890.08,3901.6184,6554.91,5208.2783,130225.27,7.5,5.0,4.0,4.0,6.0,48769.5,6455.5,11806.0,14555.0,15953.0,12808.0,408.0,5088.5,2363.5,4948.0,331.0,6.0,45.0,9.5,270.5,69443.0,20575.0,15860.5,18127.0,14880.5,13139.0,414.0,5133.5,2373.0,5218.5,2434.0,311.0,271.0,728.5,1123.5,30301.0,3222.0,6699.5,13297.5,7082.0,34.0,5.0,8.5,12.5,8.0,6.59625,46.345554,95.85445,0
P054,2013-04-03 00:00:00-04:00,25105.87,3828.785,8030.1025,5761.23,7485.752,11.5,5.5,4.5,5.5,6.5,50643.5,8985.0,9141.5,16564.0,15953.0,5095.0,379.5,1064.5,1341.5,2309.5,788.0,5.0,60.5,140.5,582.0,76977.0,20509.5,19729.5,19076.5,17661.5,5883.0,384.5,1125.0,1482.0,2891.5,964.0,101.5,98.5,393.0,371.0,5810.5,2431.0,241.5,1451.0,1687.0,17.0,6.5,2.0,6.0,2.5,7.6698613,48.106667,106.204445,0
P054,2013-04-04 00:00:00-04:00,28579.576,4276.6836,8085.0645,6313.413,9904.415,10.333333,5.3333335,4.0,5.6666665,5.6666665,46646.668,8848.333,6946.3335,17720.0,13132.0,5572.3335,836.6667,818.0,1922.6666,1995.0,683.6667,80.0,43.0,167.66667,393.0,76526.664,19986.666,20015.334,18482.666,18042.0,6256.0,916.6667,861.0,2090.3333,2388.0,981.6667,68.666664,65.666664,364.66666,482.66666,11790.0,2346.0,470.66666,6295.6665,2677.6667,18.0,6.6666665,2.3333333,7.0,2.0,7.6390276,49.581112,107.43222,1
P054,2013-04-05 00:00:00-04:00,48199.12,4702.1743,5970.89,8567.437,28958.621,11.0,5.6666665,4.0,7.3333335,4.6666665,48081.332,8683.0,6485.3335,20591.666,12321.333,5669.3335,942.6667,497.0,2293.6667,1936.0,1162.6666,78.666664,106.0,408.33334,569.6667,74625.0,19814.0,20318.0,17615.0,16878.0,6832.0,1021.3333,603.0,2702.0,2505.6667,2187.0,84.0,0.6666667,594.6667,1507.6666,10703.0,1478.3334,470.66666,7047.3335,1706.6666,14.333333,5.3333335,2.3333333,5.3333335,1.3333334,5.8959723,48.997776,92.90444,0
P054,2013-04-06 00:00:00-04:00,62473.176,3519.4421,3815.7844,27852.055,27285.893,7.0,3.6666667,2.3333333,5.0,3.0,42171.0,5109.0,8836.667,18212.666,10012.667,5961.0,942.6667,300.66666,3439.3333,1278.3334,1173.3334,78.666664,93.0,646.0,355.66666,71588.336,19758.666,17326.334,16403.334,18100.0,7134.3335,1021.3333,393.66666,4085.3333,1634.0,2077.6667,84.0,0.6666667,623.3333,1369.6666,13793.0,725.3333,1398.6666,10116.0,1553.0,13.666667,2.3333333,1.3333334,9.666667,0.33333334,5.8959723,48.997776,92.90444,1
P054,2013-04-08 00:00:00-04:00,923248.44,3880.8254,94180.79,819204.1,5982.673,4.0,2.5,1.5,1.0,1.0,41407.0,3120.5,13007.0,15086.5,10193.0,5903.0,379.0,881.5,3382.5,1260.0,635.5,0.0,17.5,492.5,125.5,66884.0,20595.5,11337.0,15338.0,19613.5,6538.5,379.0,899.0,3875.0,1385.5,7404.0,218.0,4237.5,2367.0,581.5,8516.5,0.0,1633.5,4603.0,2280.0,8.5,0.0,0.5,6.5,1.5,4.097361,32.24,61.75778,0
P054,2013-04-09 00:00:00-04:00,1171058.6,4273.8887,105919.43,793434.75,267430.56,5.0,3.5,2.5,1.0,2.0,33082.0,5492.5,8925.5,8937.0,9727.0,6799.0,379.0,1953.0,1723.5,2743.5,287.5,0.0,127.5,108.5,51.5,69554.5,20966.0,14511.5,17129.0,16948.0,7086.5,379.0,2080.5,1832.0,2795.0,9545.0,218.0,4958.5,2577.5,1791.0,13410.0,932.5,5103.5,2519.0,4855.0,27.5,4.0,7.5,6.0,10.0,3.1888888,47.15333,69.403336,0
P054,2013-04-10 00:00:00-04:00,1182932.1,2902.795,470709.34,529358.25,179961.77,5.0,2.6666667,2.0,1.3333334,2.6666667,34239.0,4139.6665,10766.667,9606.667,9726.0,6219.3335,252.66667,2140.3333,1418.3334,2408.0,797.3333,0.0,326.0,283.0,188.33333,67474.0,21121.334,13015.333,15975.333,17362.0,7016.6665,252.66667,2466.3333,1701.3334,2596.3333,9704.0,145.33333,4713.6665,3571.0,1274.0,14807.0,799.6667,4633.3335,3921.6667,5452.3335,31.0,4.0,9.666667,8.666667,8.666667,3.1888888,47.15333,69.403336,0
P054,2013-04-11 00:00:00-04:00,593224.94,315.57803,408283.1,6820.5815,177805.66,5.6666665,1.3333334,1.3333334,3.3333333,3.3333333,37651.332,2105.3333,10486.0,11570.0,13490.0,5633.3335,0.0,1811.6666,1859.6666,1962.0,922.0,0.0,314.33334,432.66666,175.0,71584.664,21200.666,15998.0,16496.0,17890.0,6555.3335,0.0,2126.0,2292.3333,2137.0,5265.6665,0.0,1899.6666,2460.0,906.0,17646.334,2940.0,6852.3335,3921.6667,3932.3333,34.666668,5.3333335,13.0,8.666667,7.6666665,2.553611,70.18222,87.35,0
P054,2013-04-12 00:00:00-04:00,415283.72,2933.9736,401866.0,4984.734,5499.0366,8.333333,2.0,3.0,5.6666665,4.6666665,39350.668,561.3333,11424.667,15364.0,12000.667,4265.0,0.0,1439.6666,1792.3334,1033.0,910.3333,0.0,244.66667,510.66666,155.0,74519.336,21214.334,16945.334,16677.0,19682.666,5175.3335,0.0,1684.3334,2303.0,1188.0,3830.3333,0.0,1422.3334,2305.0,103.0,12571.667,2318.3333,3450.0,3827.6667,2975.6667,23.666666,2.6666667,8.0,9.0,4.0,5.62875,55.27,97.03889,1
P054,2013-04-13 00:00:00-04:00,21095.172,4381.6597,4115.298,6962.7847,5635.4297,10.0,3.0,4.0,6.6666665,5.0,39567.0,2335.3333,8078.0,17830.0,11323.667,3296.6667,110.333336,601.3333,1692.0,893.0,392.0,67.666664,3.6666667,302.66666,18.0,80950.664,21092.0,20760.334,18985.334,20113.0,3688.6667,178.0,605.0,1994.6666,911.0,735.3333,0.0,15.666667,536.0,183.66667,10303.333,2230.6667,2219.0,5013.0,840.6667,15.666667,2.3333333,3.3333333,7.6666665,2.3333333,5.62875,55.27,97.03889,1
P054,2013-04-14 00:00:00-04:00,25157.498,6119.747,6696.2705,6182.6626,6158.8174,9.333333,3.3333333,5.0,6.0,5.6666665,36774.0,3743.0,5168.6665,16892.666,10969.667,2050.0,110.333336,370.33334,761.0,808.3333,402.0,67.666664,3.6666667,153.0,177.66667,82650.664,21316.0,21090.666,20013.334,20230.666,2452.0,178.0,374.0,914.0,986.0,740.3333,12.333333,10.0,518.6667,199.33333,8569.333,90.333336,0.0,5013.0,3466.0,12.0,1.0,0.0,7.6666665,3.3333333,8.638611,43.976665,109.82445,0
P054,2013-04-15 00:00:00-04:00,23877.469,5178.674,6507.4966,6821.9927,5369.3047,9.333333,3.3333333,5.0,5.6666665,5.3333335,42646.0,3904.3333,5290.3335,19577.334,13874.0,2559.0,182.0,233.33333,819.0,1324.6666,455.66666,67.666664,58.666668,77.666664,251.66667,81559.0,21144.666,21004.334,19938.666,19471.334,3014.6667,249.66667,292.0,896.6667,1576.3334,857.0,15.0,92.0,500.66666,249.33333,9180.0,90.333336,400.0,5300.6665,3389.0,13.0,1.0,1.3333334,6.3333335,4.3333335,6.478194,49.24,97.80444,0
P054,2013-04-16 00:00:00-04:00,25991.648,6321.15,7634.6943,6149.8066,5885.9966,10.0,3.3333333,6.0,5.6666665,5.6666665,46249.332,3036.6667,7098.0,17605.0,18509.666,2878.6667,196.66667,527.0,832.3333,1322.6666,479.0,15.666667,75.0,78.333336,310.0,80678.664,21062.666,20479.0,19719.666,19417.334,3357.6667,212.33333,602.0,910.6667,1632.6666,1176.0,20.333334,235.33333,686.6667,233.66667,6357.6665,54.0,400.0,2464.6667,3439.0,12.0,0.33333334,1.3333334,5.0,5.3333335,6.176713,54.434074,100.58667,0
P054,2013-04-17 00:00:00-04:00,28122.557,7136.223,6588.953,6975.45,7421.929,11.333333,4.6666665,7.0,6.3333335,5.3333335,52922.332,6258.0,10051.667,18542.334,18070.334,4107.0,760.6667,756.3333,1551.6666,1038.3334,564.6667,21.0,161.0,233.33333,149.33333,78635.0,20414.334,20124.334,18608.334,19488.0,4671.6665,781.6667,917.3333,1785.0,1187.6666,1799.3334,87.0,256.33334,883.6667,572.3333,5791.6665,54.0,400.0,2683.0,2654.6667,16.666666,0.33333334,1.3333334,5.6666665,9.333333,4.703287,56.91926,91.28445,1
P054,2013-04-18 00:00:00-04:00,27900.475,6671.337,7028.7173,5326.0713,8874.349,10.333333,5.0,6.0,5.3333335,6.0,51456.332,7009.3335,10972.0,15957.0,17518.0,3849.3333,695.0,782.0,1521.0,851.3333,642.6667,21.0,160.0,241.66667,220.0,78620.664,20453.0,20079.666,18472.0,19616.0,4492.0,716.0,942.0,1762.6666,1071.3334,1870.3334,84.333336,233.66667,1022.6667,529.6667,8640.333,353.0,1183.6666,2630.6667,4473.0,23.666666,1.3333334,4.0,8.666667,9.666667,4.590602,57.692593,91.156296,0
P054,2013-04-19 00:00:00-04:00,21028.943,4752.261,4968.816,4406.1885,6901.6777,10.0,4.6666665,6.3333335,5.6666665,5.3333335,51232.668,5652.6665,12146.0,17461.334,15972.667,3567.6667,570.0,826.3333,1757.0,414.33334,895.0,5.3333335,276.0,469.0,144.66667,78928.336,20559.0,20003.0,18183.666,20182.666,4462.6665,575.3333,1102.3334,2226.0,559.0,1327.0,79.0,96.666664,766.6667,384.66666,16739.334,299.0,2511.0,6490.0,7439.3335,35.666668,1.0,6.3333335,14.666667,13.666667,4.61375,52.004444,85.653336,0
P054,2013-04-20 00:00:00-04:00,13921.176,2225.872,3160.1382,3772.4792,4762.6865,9.0,3.3333333,4.6666665,4.6666665,5.6666665,47903.668,982.3333,13204.0,15419.333,18298.0,3391.0,6.0,597.0,1513.0,1275.0,1068.6666,0.0,190.0,563.6667,315.0,79158.336,21106.334,20228.334,18484.0,19339.666,4459.6665,6.0,787.0,2076.6667,1590.0,691.0,0.0,75.0,517.0,99.0,24743.334,363.0,4364.3335,9129.0,10887.0,46.666668,1.3333334,9.333333,22.666666,13.333333,4.7075,46.423332,80.82222,0
P054,2013-04-21 00:00:00-04:00,13286.718,1381.5208,1865.5729,5261.063,4778.561,9.333333,3.0,4.3333335,5.3333335,5.0,52561.668,2477.3333,13700.0,16329.667,20054.666,3091.0,72.0,443.33334,1373.0,1202.6666,948.3333,4.0,132.33333,560.0,252.0,77577.664,20833.0,18351.0,18922.666,19471.0,4039.3333,76.0,575.6667,1933.0,1454.6666,502.33334,71.666664,12.333333,229.66667,188.66667,25639.0,87.666664,3869.3333,11075.667,10606.333,45.666668,0.6666667,7.0,24.0,14.0,5.6431947,47.75778,89.64222,0
P054,2013-04-22 00:00:00-04:00,14135.083,1977.8187,942.94543,5914.2344,5300.0845,9.0,4.0,3.0,5.3333335,4.6666665,58793.668,6315.6665,12995.0,17883.0,21600.0,3338.3333,168.33333,106.0,1546.6666,1517.3334,806.0,80.333336,0.0,472.66666,253.0,77642.336,20800.666,18778.666,18939.0,19124.0,4144.3335,248.66667,106.0,2019.3334,1770.3334,1022.3333,84.333336,221.0,304.66666,412.33334,17946.666,87.666664,2542.0,7784.0,7533.0,33.0,0.6666667,4.6666665,18.666666,9.0,6.064028,57.773335,103.024445,0
P054,2013-04-23 00:00:00-04:00,16410.154,2969.3909,1116.2753,5855.778,6468.711,9.666667,5.6666665,3.3333333,5.3333335,4.0,60941.0,10757.333,13479.667,18707.666,17996.334,3168.0,311.66666,186.66667,1644.3334,1025.3334,1056.6666,216.66667,75.666664,602.3333,162.0,78038.0,20646.0,18803.0,18905.666,19683.334,4224.6665,528.3333,262.33334,2246.6667,1187.3334,1313.0,163.33333,240.33333,297.0,612.3333,8306.667,47.333332,688.6667,4926.6665,2644.0,19.0,0.6666667,1.6666666,10.0,6.6666665,6.064028,57.773335,103.024445,1
P054,2013-04-25 00:00:00-04:00,15730.211,2939.8428,703.9426,4708.6064,7377.819,10.5,6.0,3.0,6.0,5.0,54467.5,14295.0,8812.5,17790.5,13569.5,4392.0,676.0,127.5,2507.0,1081.5,1437.5,319.5,113.5,780.5,224.0,76440.0,20208.0,19585.0,17586.0,19061.0,5829.5,995.5,241.0,3287.5,1305.5,2756.5,121.0,1468.5,511.0,656.0,13242.5,4026.5,1144.0,4300.5,3771.5,30.0,12.0,1.5,4.5,12.0,4.7156944,86.36889,120.833336,0
P054,2013-04-26 00:00:00-04:00,15362.282,2985.484,980.7832,3917.9346,7478.081,11.0,5.5,4.0,6.5,7.0,56368.5,12459.0,8772.5,16962.5,18174.5,3548.0,590.0,150.0,1902.0,906.0,1081.0,217.0,113.5,427.0,323.5,76064.5,19985.0,19052.5,18138.0,18889.0,4629.0,807.0,263.5,2329.0,1229.5,2386.5,18.5,1480.5,436.5,451.0,23263.5,4879.0,1194.5,8996.0,8194.0,49.0,14.5,2.0,13.5,19.0,3.9084723,68.66778,96.674446,0
P054,2013-04-27 00:00:00-04:00,14522.349,2963.4941,1689.829,3992.0989,5876.9272,10.0,5.6666665,4.0,5.6666665,6.3333335,50310.0,8996.667,10341.333,15547.333,15424.667,4046.3333,842.6667,579.3333,1680.3334,944.0,881.3333,210.66667,139.66667,297.66666,233.33333,74779.0,19814.0,17813.334,18156.666,18995.0,4927.6665,1053.3334,719.0,1978.0,1177.3334,2269.3333,25.333334,1214.0,649.3333,380.66666,23364.0,4160.3335,2110.6667,10443.333,6649.6665,44.666668,12.666667,2.0,14.666667,15.333333,4.064213,62.695557,91.94815,0
P054,2013-04-28 00:00:00-04:00,12542.574,2272.6724,1974.963,2607.5024,5687.4365,8.0,4.6666665,4.3333335,4.3333335,5.3333335,52605.668,10870.667,14677.0,13875.667,13182.333,3556.0,897.6667,825.3333,1068.0,765.0,792.6667,134.0,275.66666,219.66667,163.33333,72232.336,17398.0,16524.0,18919.666,19390.666,4348.6665,1031.6666,1101.0,1287.6666,928.3333,1738.0,123.666664,478.33334,674.0,462.0,24239.666,3479.3333,4542.3335,9864.667,6353.3335,39.333332,7.0,2.6666667,15.666667,14.0,3.7384722,50.85889,77.505554,0
P054,2013-05-01 00:00:00-04:00,15879.247,1931.7365,2777.5823,5498.9487,5670.9795,11.0,4.0,6.0,5.0,4.5,57023.5,16686.0,11919.5,10519.0,17899.0,3147.5,623.5,994.5,1114.5,415.0,381.0,8.5,120.5,143.5,108.5,77467.5,19586.0,18910.5,19164.0,19807.0,3528.5,632.0,1115.0,1258.0,523.5,1815.5,377.5,546.0,408.5,483.5,16063.0,6285.5,1650.5,6166.0,1961.0,32.5,10.0,3.5,12.0,7.0,4.4616666,69.08,101.51222,0
P054,2013-05-02 00:00:00-04:00,13789.619,2257.1487,2399.7874,5027.8213,4104.862,10.333333,4.6666665,5.3333335,4.6666665,4.3333335,54115.668,12198.333,11872.0,12834.0,17211.334,2954.0,679.0,838.3333,1147.0,289.66666,440.0,5.6666665,83.666664,278.33334,72.333336,78257.664,19869.0,19247.0,18821.0,20320.666,3394.0,684.6667,922.0,1425.3334,362.0,1568.6666,256.0,503.0,478.66666,331.0,13080.333,4190.3335,1594.3334,4671.3335,2624.3333,26.666666,6.6666665,3.3333333,9.666667,7.0,4.99875,61.26963,97.99852,0
P054,2013-05-03 00:00:00-04:00,12676.279,1761.7194,2817.1077,4448.61,3648.842,10.333333,4.3333335,7.0,5.0,3.6666667,55651.0,8393.667,15098.0,15857.333,16302.0,3519.6667,263.33334,1387.3334,1648.6666,220.33333,681.0,0.0,172.66667,436.0,72.333336,77057.336,20847.0,18788.0,18246.334,19176.0,4200.6665,263.33334,1560.0,2084.6667,292.66666,2065.0,19.0,650.0,719.3333,676.6667,13325.0,110.666664,2374.6667,4574.0,6265.6665,23.666666,0.6666667,4.6666665,10.333333,8.0,4.3981943,56.354443,88.27889,0
P054,2013-05-05 00:00:00-04:00,11236.989,863.62305,1730.8062,6999.091,1643.4686,11.0,3.5,5.5,6.5,4.0,65216.0,12964.5,18015.5,16804.5,17431.5,3360.5,4.0,823.5,1774.5,758.5,508.5,0.0,133.5,266.5,108.5,72573.5,21132.5,18237.5,17785.5,15418.0,3869.0,4.0,957.0,2041.0,867.0,2216.0,3.0,224.5,995.0,993.5,18272.5,1415.0,1432.5,4795.0,10630.0,36.0,6.5,3.0,12.5,14.0,0.0,0.0,0.0,0
P054,2013-05-08 00:00:00-04:00,5638.8955,373.4356,946.1037,2001.2827,2318.0732,7.5,2.5,2.5,4.5,4.0,64753.0,15451.5,15313.0,13870.5,20118.0,6794.0,356.5,994.0,3271.5,2172.0,1639.0,25.5,317.0,358.0,938.5,65605.5,20147.5,17790.5,13808.0,13859.5,8433.0,382.0,1311.0,3629.5,3110.5,2010.5,648.5,311.5,593.5,457.0,16389.0,4165.5,983.5,3277.5,7962.5,23.0,3.5,2.5,7.5,9.5,5.426528,54.38,94.53111,0
P056,2013-04-08 00:00:00-04:00,30013.65,27.553022,25743.193,35.103027,4207.801,1.6666666,1.0,0.6666667,0.6666667,1.0,59790.0,21242.0,21600.0,6889.0,10059.0,2777.3333,76.333336,517.0,977.3333,1206.6666,1325.0,0.0,218.66667,857.3333,249.0,76761.336,20977.0,19512.334,17629.666,18642.334,4102.3335,76.333336,735.6667,1834.6666,1455.6666,4015.6667,82.333336,940.6667,1821.0,1171.6666,19126.666,70.666664,2134.6667,7654.0,9267.333,26.333334,1.0,4.0,13.0,8.333333,0.0,0.0,0.0,0
P056,2013-04-09 00:00:00-04:00,28214.332,65.40453,26420.133,345.1375,1383.6583,2.3333333,1.3333334,1.3333334,1.3333334,1.6666666,49337.0,15783.667,14950.0,7196.3335,11407.0,3245.3333,76.333336,620.6667,606.0,1942.3334,326.33334,0.0,218.66667,49.333332,58.333332,78960.0,20993.334,19279.0,20139.0,18548.666,3571.6667,76.333336,839.3333,655.3333,2000.6666,2262.6667,144.33333,1034.0,420.66666,663.6667,16402.666,70.666664,2124.3333,7781.0,6426.6665,29.666666,1.0,4.3333335,14.666667,9.666667,7.1822224,43.61111,115.76222,1
P056,2013-04-10 00:00:00-04:00,31300.344,83.648636,27098.584,395.86203,3722.2478,3.0,1.0,1.6666666,1.6666666,2.6666667,42397.668,16141.667,13549.0,3561.6667,9145.333,3916.0,0.0,899.6667,994.0,2022.3334,330.0,0.0,222.33333,49.333332,58.333332,78339.664,21099.0,18927.0,19858.0,18455.666,4246.0,0.0,1122.0,1043.3334,2080.6667,1986.0,62.0,1049.3334,256.66666,618.0,18197.666,0.0,2373.3333,6458.6665,9365.667,31.666666,0.0,6.0,13.333333,12.333333,7.1822224,43.61111,115.76222,1
P056,2013-04-11 00:00:00-04:00,4943.319,96.39806,1394.5736,377.8081,3074.5388,2.6666667,1.0,1.6666666,1.6666666,2.6666667,46821.332,16141.667,13549.0,8450.333,8680.333,2663.6667,0.0,382.66666,900.0,1381.0,102.333336,0.0,3.6666667,49.333332,49.333332,80232.664,21036.0,20396.666,19783.666,19016.334,2766.0,0.0,386.33334,949.3333,1430.3334,897.3333,62.0,185.0,184.0,466.33334,13569.333,0.0,783.6667,5097.6665,7688.0,23.666666,0.0,3.6666667,9.0,11.0,7.1822224,43.61111,115.76222,0
P056,2013-04-12 00:00:00-04:00,30788.29,77.64611,1476.0076,100.88423,29133.752,3.3333333,1.0,2.0,1.3333334,3.3333333,44760.668,14870.0,13513.0,9046.0,7331.6665,1949.0,168.33333,530.3333,624.6667,625.6667,238.0,0.0,3.6666667,233.66667,0.6666667,79931.336,20658.334,20214.0,19868.334,19190.666,2187.0,168.33333,534.0,858.3333,626.3333,1259.6666,69.666664,102.333336,93.0,994.6667,10844.333,0.0,642.3333,2872.6667,7329.3335,20.666666,0.0,3.0,7.0,10.666667,7.1669445,43.555557,115.58444,0
P056,2013-04-13 00:00:00-04:00,53716.89,40.68161,788.46356,26091.703,26796.041,2.6666667,1.0,1.6666666,1.3333334,2.3333333,28911.334,7681.3335,7730.3335,8259.0,5240.6665,2183.6667,168.33333,251.33333,783.6667,980.3333,234.33333,0.0,0.0,233.66667,0.6666667,78366.336,20558.334,20400.334,18773.0,18634.666,2418.0,168.33333,251.33333,1017.3333,981.0,2127.6667,69.666664,87.0,905.0,1066.0,12922.667,484.33334,657.0,3754.0,8027.3335,22.333334,3.0,2.0,6.6666665,10.666667,7.3315277,37.88778,111.23333,0
P056,2013-04-14 00:00:00-04:00,53720.336,40.033604,777.1124,26099.395,26803.793,2.6666667,1.0,1.6666666,1.3333334,2.3333333,15312.0,6665.0,7011.3335,1071.3334,564.3333,3088.3333,168.33333,402.66666,1488.6666,1028.6666,234.33333,0.0,0.0,233.66667,0.6666667,77841.664,20443.0,20450.666,18306.0,18642.0,3322.6667,168.33333,402.66666,1722.3334,1029.3334,2264.3333,69.666664,16.666666,918.0,1260.0,17719.334,484.33334,572.6667,6856.3335,9806.0,31.666666,3.0,2.0,13.666667,13.0,7.3315277,37.88778,111.23333,0
P056,2013-04-15 00:00:00-04:00,27662.064,44.6563,709.0093,26177.441,730.95746,2.0,1.0,1.3333334,1.6666666,1.3333334,15706.0,6205.3335,7794.3335,31.666666,1674.6666,3283.3333,20.666666,454.0,1583.0,1225.6666,307.66666,0.0,4.0,303.66666,0.0,79221.336,20909.666,20684.666,18265.666,19361.334,3591.0,20.666666,458.0,1886.6666,1225.6666,1755.6666,0.0,7.6666665,1095.3334,652.6667,17843.666,484.33334,479.0,8167.3335,8713.0,30.666666,3.0,2.3333333,15.333333,10.0,7.496111,32.22,106.882225,0
P056,2013-04-16 00:00:00-04:00,3431.725,64.586,1396.8696,555.12604,1415.1434,2.3333333,1.0,1.6666666,1.6666666,1.6666666,33300.668,13394.0,14418.667,20.0,5468.0,2856.0,20.666666,552.3333,1514.6666,768.3333,324.33334,0.0,4.0,319.33334,1.0,81607.664,21221.0,20839.0,19336.666,20211.0,3180.3333,20.666666,556.3333,1834.0,769.3333,1117.3334,0.0,80.666664,423.66666,613.0,12984.667,0.0,387.0,6744.3335,5853.3335,27.333334,0.0,2.3333333,14.333333,10.666667,0.0,0.0,0.0,0
P056,2013-04-17 00:00:00-04:00,5320.272,79.023865,2145.2393,591.32166,2504.6868,3.3333333,1.0,2.3333333,2.0,2.6666667,46227.332,14410.333,13496.333,5652.6665,12668.0,3040.3333,20.666666,682.3333,1242.0,1095.3334,581.3333,0.0,13.666667,332.66666,235.0,81531.0,21575.0,20820.334,19386.0,19749.666,3621.6667,20.666666,696.0,1574.6666,1330.3334,1216.0,0.0,78.333336,634.6667,503.0,14247.333,0.0,428.66666,6075.6665,7743.0,26.0,0.0,2.3333333,12.666667,11.0,0.0,0.0,0.0,1
P056,2013-04-18 00:00:00-04:00,4886.8003,79.745285,2142.5083,519.89453,2144.6519,3.3333333,1.0,2.0,1.6666666,2.6666667,72602.0,21600.0,19399.334,12845.0,18757.666,2478.0,0.0,522.3333,1013.3333,942.3333,358.0,0.0,9.666667,29.0,319.33334,82187.0,21578.334,20958.0,20061.666,19589.0,2836.0,0.0,532.0,1042.3334,1261.6666,1252.6666,0.0,84.333336,468.0,700.3333,16798.334,191.33333,414.66666,4311.0,11881.333,26.0,2.0,1.6666666,10.0,12.333333,0.0,0.0,0.0,0
P056,2013-04-19 00:00:00-04:00,32066.373,785.8995,2596.5632,519.01935,28164.89,4.0,1.6666666,2.3333333,1.6666666,3.0,59606.332,16306.333,13089.0,12864.667,17346.334,3327.0,148.33333,872.3333,1044.3334,1262.0,868.6667,81.666664,351.0,43.666668,392.33334,79783.336,21210.666,20268.666,20175.666,18128.334,4195.6665,230.0,1223.3334,1088.0,1654.3334,2089.0,94.0,33.666668,256.0,1705.3334,16508.0,268.66666,525.3333,3692.0,12022.0,23.333334,2.3333333,2.3333333,9.333333,9.333333,4.457222,57.308887,107.66,0
P056,2013-04-20 00:00:00-04:00,56135.996,750.5276,1829.4656,460.3733,53095.633,3.3333333,1.6666666,1.6666666,1.3333334,2.3333333,53499.668,16306.333,14730.333,12144.667,10318.333,3137.6667,148.33333,591.0,1171.6666,1226.6666,774.3333,81.666664,341.33334,192.0,159.33333,78539.0,21133.0,20436.666,19507.334,17462.0,3912.0,230.0,932.3333,1363.6666,1386.0,3030.0,94.0,30.0,452.0,2454.0,13233.0,268.66666,396.33334,2332.0,10236.0,18.0,2.3333333,1.6666666,7.3333335,6.6666665,4.457222,57.308887,107.66,1
P056,2013-04-21 00:00:00-04:00,60527.637,747.4135,1199.5302,5786.6733,52794.02,3.0,1.6666666,2.0,1.6666666,2.3333333,45089.668,16306.333,14730.333,5243.6665,8809.333,5424.6665,148.33333,448.33334,3137.3333,1690.6666,699.6667,81.666664,341.33334,201.66667,75.0,75057.336,20730.666,20533.0,16626.666,17167.0,6124.3335,230.0,789.6667,3339.0,1765.6666,3658.6667,94.666664,22.333334,1261.6666,2280.0,14195.333,628.6667,611.3333,5250.6665,7704.6665,26.333334,3.0,2.0,12.666667,8.666667,4.457222,57.308887,107.66,0
P056,2013-04-22 00:00:00-04:00,37646.76,32.179688,738.8363,7766.3887,29109.355,2.3333333,1.0,1.6666666,1.3333334,2.0,52068.668,21600.0,19026.0,5265.6665,6177.0,6064.0,0.0,76.0,3138.6667,2849.3333,405.33334,0.0,0.0,251.66667,153.66667,75076.336,20964.0,21051.666,16486.0,16574.666,6469.3335,0.0,76.0,3390.3333,3003.0,2983.3333,9.333333,138.0,1269.0,1567.0,14110.667,551.3333,675.6667,5336.3335,7547.3335,31.666666,2.6666667,1.6666666,14.333333,13.0,0.0,0.0,0.0,0
P056,2013-04-23 00:00:00-04:00,13375.469,51.537376,1437.2212,8158.0254,3728.6848,2.6666667,1.0,2.0,1.6666666,2.0,61371.668,21600.0,19026.0,7540.6665,13205.0,5897.0,0.0,92.666664,3239.3333,2565.0,320.66666,0.0,0.0,168.0,152.66667,75545.664,20905.334,20887.334,16926.666,16826.334,6217.6665,0.0,92.666664,3407.3333,2717.6667,2803.3333,9.333333,275.66666,863.3333,1655.0,16124.333,551.3333,1115.6666,4938.6665,9518.667,33.0,2.6666667,3.3333333,12.666667,14.333333,0.0,0.0,0.0,0
P056,2013-04-24 00:00:00-04:00,16046.531,52.71866,2074.606,7198.8506,6720.3555,3.0,1.0,2.0,2.0,2.0,58175.0,21600.0,17746.334,9980.333,8848.333,4636.3335,0.0,115.0,2494.6667,2026.6666,332.33334,0.0,0.0,179.66667,152.66667,77392.0,21177.334,20776.334,18132.666,17305.666,4968.6665,0.0,115.0,2674.3333,2179.3333,2327.6667,8.666667,291.0,353.33334,1674.6666,12169.667,0.0,854.0,4537.3335,6778.3335,27.0,0.0,3.0,13.666667,10.333333,0.0,0.0,0.0,0
P056,2013-04-25 00:00:00-04:00,12689.046,70.041824,2091.9556,6146.0864,4380.9624,2.6666667,1.0,1.6666666,2.3333333,2.0,74793.336,21600.0,20320.334,17138.666,15734.333,3442.6667,0.0,44.0,2638.0,760.6667,167.33333,0.0,0.0,167.33333,0.0,78612.0,21102.334,20835.0,17674.666,19000.0,3610.0,0.0,44.0,2805.3333,760.6667,1848.3334,0.0,153.0,490.33334,1205.0,11901.667,0.0,507.33334,5477.0,5917.3335,24.333334,0.0,2.0,16.333334,6.0,0.0,0.0,0.0,0
P056,2013-04-26 00:00:00-04:00,39793.72,59.9499,2099.2212,7170.3477,30464.2,3.0,1.0,2.0,2.6666667,2.6666667,60400.668,21600.0,18305.334,9938.667,10556.667,3238.0,0.0,108.666664,2443.0,686.3333,106.333336,0.0,0.0,100.333336,6.0,78259.0,20908.334,20695.334,17720.0,18935.334,3344.3333,0.0,108.666664,2543.3333,692.3333,1673.3334,0.0,33.0,508.66666,1131.6666,10530.0,0.0,642.0,6008.3335,3879.6667,29.666666,0.0,2.3333333,19.0,8.333333,0.0,0.0,0.0,1
P056,2013-04-27 00:00:00-04:00,31783.475,71.256226,1413.5297,2860.6394,27438.049,2.6666667,1.0,1.6666666,2.3333333,2.3333333,59579.332,21600.0,19585.0,7704.6665,10689.667,3189.3333,0.0,86.333336,2053.0,1050.0,473.66666,0.0,0.0,467.66666,6.0,77772.336,20713.0,20584.666,17728.0,18746.666,3663.0,0.0,86.333336,2520.6667,1056.0,1815.3334,0.0,17.666666,680.6667,1117.0,13257.333,0.0,574.6667,4580.0,8102.6665,31.333334,0.0,2.0,16.333334,13.0,0.0,0.0,0.0,0
P056,2013-04-30 00:00:00-04:00,34858.36,34.1646,1353.6589,3914.344,29556.193,2.3333333,1.0,1.6666666,1.6666666,2.0,29926.0,7200.6665,7528.3335,7916.3335,7280.6665,5206.3335,2.3333333,1179.3334,2859.0,1165.6666,505.0,0.0,15.666667,422.0,67.333336,77850.664,21588.666,20097.0,17378.666,18786.334,5711.3335,2.3333333,1195.0,3281.0,1233.0,2808.0,3.3333333,302.66666,932.3333,1569.6666,13145.0,67.0,1204.0,6256.0,5618.0,23.333334,0.6666667,5.0,11.0,6.6666665,0.0,0.0,0.0,0
P056,2013-05-01 00:00:00-04:00,10228.672,46.422165,2022.9584,3966.6455,4192.646,2.6666667,1.0,2.0,2.0,2.0,35889.668,7200.6665,10005.333,11197.667,7486.0,3562.0,2.3333333,1220.6666,1187.6666,1151.3334,327.33334,0.0,15.666667,248.0,63.666668,80829.664,21581.334,19966.0,19690.334,19592.0,3889.3333,2.3333333,1236.3334,1435.6666,1215.0,1610.6666,3.3333333,386.0,458.33334,763.0,12517.333,67.0,1165.0,5789.0,5496.3335,25.0,0.6666667,4.3333335,11.333333,8.666667,0.0,0.0,0.0,0
P056,2013-05-02 00:00:00-04:00,9281.767,36.264343,2026.9042,2641.0188,4577.5796,3.0,1.0,2.0,1.6666666,2.3333333,27044.334,7206.0,7216.0,3997.6667,8624.667,3275.3333,16.333334,1350.3334,1066.0,842.6667,393.66666,0.0,13.0,305.0,75.666664,80184.0,21539.666,19798.666,19598.0,19247.666,3669.0,16.333334,1363.3334,1371.0,918.3333,2302.0,3.3333333,384.0,571.6667,1343.0,11914.667,299.0,1059.0,4368.6665,6188.0,28.0,1.3333334,3.6666667,9.0,14.0,7.9725,33.15111,111.62444,0
P056,2013-05-03 00:00:00-04:00,4658.7314,35.275883,2066.9001,123.19747,2433.3582,3.0,1.0,2.3333333,1.3333334,2.3333333,47744.668,14405.333,11468.667,11192.0,10678.667,3271.6667,14.0,894.6667,1290.0,1073.0,373.33334,0.0,0.0,296.66666,76.666664,80403.336,21466.334,20319.334,19572.0,19045.666,3645.0,14.0,894.6667,1586.6666,1149.6666,1783.6666,0.0,248.0,304.0,1231.6666,11643.667,269.0,933.3333,3261.0,7180.3335,32.333332,1.0,3.0,11.666667,16.666666,7.9725,33.15111,111.62444,0
P056,2013-05-14 00:00:00-04:00,4439.469,30.06914,2111.8284,124.64255,2172.9292,4.0,1.0,3.0,1.0,3.0,8194.0,1467.0,5.0,1132.0,5590.0,2590.0,0.0,689.0,1217.0,684.0,440.0,0.0,16.0,424.0,0.0,76646.0,20564.0,19786.0,18810.0,17486.0,3030.0,0.0,705.0,1641.0,684.0,3332.0,0.0,33.0,63.0,3236.0,21137.0,292.0,767.0,7342.0,12736.0,28.0,2.0,4.0,14.0,8.0,13.661944,43.564445,167.55333,0
P056,2013-05-17 00:00:00-04:00,10279.0,91.57704,2524.676,3573.9714,4088.7751,3.3333333,1.0,2.6666667,1.6666666,2.6666667,71534.664,14350.667,17999.666,21600.0,17584.334,2303.3333,0.0,311.33334,1692.3334,299.66666,397.66666,0.0,83.666664,312.33334,1.6666666,81741.664,21531.666,20671.666,18972.0,20566.334,2701.0,0.0,395.0,2004.6666,301.33334,1937.3334,62.0,528.0,619.3333,728.0,8888.333,100.666664,1163.6666,4722.0,2902.0,23.333334,0.6666667,3.6666667,15.0,4.0,7.467222,29.571112,104.00222,0
P056,2013-05-20 00:00:00-04:00,59044.348,66.416725,1020.9457,3878.6118,54078.37,3.5,1.0,1.5,1.5,3.0,64495.0,21600.0,18762.5,10812.0,13320.5,1566.5,0.0,221.5,214.5,1130.5,722.5,0.0,121.0,445.0,156.5,79454.0,21258.5,20696.0,19882.5,17617.0,2289.0,0.0,342.5,659.5,1287.0,3262.0,0.0,206.5,714.0,2341.5,6643.0,0.0,905.5,2410.5,3327.0,16.5,0.0,3.5,8.5,4.5,0.0,0.0,0.0,0
P056,2013-05-21 00:00:00-04:00,11952.03,61.500977,2006.6224,3988.8057,5895.1016,4.0,1.0,2.0,2.0,3.0,64495.0,21600.0,18762.5,10812.0,13320.5,1812.5,0.0,263.5,921.5,627.5,999.5,0.0,216.5,782.0,1.0,79071.0,20903.5,19989.0,18461.0,19717.5,2812.0,0.0,480.0,1703.5,628.5,1656.5,0.0,411.0,727.0,518.5,7138.5,0.0,1158.5,4664.0,1316.0,22.0,0.0,4.5,12.0,5.5,0.0,0.0,0.0,0
P056,2013-05-22 00:00:00-04:00,16151.275,58.34142,2057.9592,6880.224,7154.7505,4.0,1.0,2.6666667,2.3333333,3.0,62331.668,16756.334,15087.0,14408.0,16080.333,2066.0,0.0,359.66666,1261.6666,444.66666,1137.3334,0.0,149.33333,918.6667,69.333336,78214.664,20875.0,20056.0,17505.666,19778.0,3203.3333,0.0,509.0,2180.3333,514.0,2032.6666,0.0,293.66666,1188.6666,550.3333,8319.0,0.0,947.3333,5734.0,1637.6666,24.333334,0.0,3.3333333,13.666667,7.3333335,0.0,0.0,0.0,0
P056,2013-05-24 00:00:00-04:00,12803.473,847.6865,2062.3494,5518.2725,4375.164,3.6666667,1.3333334,2.6666667,2.3333333,3.0,67354.0,10775.667,13378.333,21600.0,21600.0,3118.0,89.0,667.0,1484.0,878.0,1185.0,0.0,14.333333,919.0,251.66667,76978.0,20631.0,19772.334,17532.334,19042.334,4303.0,89.0,681.3333,2403.0,1129.6666,1550.0,14.333333,255.0,779.3333,501.33334,10255.333,211.66667,1332.3334,4145.3335,4566.0,28.0,1.3333334,5.0,12.333333,9.333333,6.1475,40.128887,104.00222,0
P056,2013-05-29 00:00:00-04:00,7388.1704,48.317883,2153.114,4123.572,1063.1665,3.5,1.0,2.0,3.0,2.0,69938.0,10800.0,15938.0,21600.0,21600.0,2922.0,4.0,493.5,1980.5,444.0,335.0,0.0,6.5,323.5,5.0,78879.5,21115.0,19953.5,17473.5,20337.5,3257.0,4.0,500.0,2304.0,449.0,1968.5,6.5,575.5,1205.5,181.0,21280.0,0.0,1154.5,9636.5,10489.0,44.0,0.0,6.5,15.0,22.5,7.3177776,31.928888,105.164444,0
P056,2013-05-30 00:00:00-04:00,6751.3325,52.813694,2113.2852,2374.4421,2210.792,3.5,1.0,2.5,2.5,2.5,58348.5,10800.0,12495.0,13453.5,21600.0,4162.0,0.0,858.0,1586.5,1717.5,487.0,0.0,0.0,235.5,251.5,76870.0,20971.0,19533.0,18021.5,18344.5,4649.0,0.0,858.0,1822.0,1969.0,1993.0,0.0,486.5,995.0,511.5,16414.5,0.0,696.0,7185.0,8533.5,32.0,0.0,3.5,13.0,15.5,7.3177776,31.928888,105.164444,0
P057,2013-03-28 00:00:00-04:00,5587.3228,80.55794,2056.4248,2410.8218,1039.5181,6.5,1.0,4.0,4.5,2.5,41318.0,1956.5,9873.0,10271.5,19217.0,4284.5,111.5,1134.5,1385.0,1653.5,4610.0,121.0,1321.5,2673.5,494.0,73527.0,21020.0,18161.0,16187.5,18158.5,8894.5,232.5,2456.0,4058.5,2147.5,2912.5,124.0,671.0,969.5,1148.0,30380.5,1547.5,3976.5,8868.0,15988.5,24.0,0.5,4.0,12.0,7.5,6.7555556,55.012222,101.666664,1
P057,2013-03-29 00:00:00-04:00,5436.368,90.606926,1962.3536,2667.4868,715.9207,6.6666665,1.0,3.6666667,5.0,2.0,56345.332,8504.333,13782.0,14047.667,20011.334,4804.3335,74.333336,906.6667,1695.6666,2127.6667,4348.6665,80.666664,1347.6666,2586.6667,333.66666,72919.664,21144.0,18208.0,16242.333,17325.334,9153.0,155.0,2254.3333,4282.3335,2461.3333,2817.0,82.666664,852.6667,712.0,1169.6666,28280.334,1031.6666,4261.3335,9233.0,13754.333,22.0,0.33333334,4.0,10.0,7.6666665,6.7555556,55.012222,101.666664,1
P057,2013-03-30 00:00:00-04:00,4918.638,86.19723,1486.0558,2304.6406,1041.7446,6.6666665,1.0,3.0,5.0,2.6666667,61917.0,12168.667,14498.0,16222.333,19028.0,5989.6665,865.0,694.6667,1908.6666,2521.3333,3469.3333,86.0,857.6667,2061.3333,464.33334,71889.0,18872.0,19416.666,16946.0,16654.334,9459.0,951.0,1552.3334,3970.0,2985.6667,2768.3333,453.66666,519.3333,493.0,1302.3334,25033.334,1031.6666,2719.3333,9196.0,12086.333,21.333334,0.33333334,1.6666666,11.0,8.333333,5.3816667,68.01,103.67333,0
P057,2013-03-31 00:00:00-04:00,68326.22,138.29335,31400.752,35778.992,1008.1798,6.3333335,1.3333334,2.6666667,4.6666665,3.0,59479.668,12622.667,12543.0,19066.334,15247.667,5782.6665,790.6667,626.6667,2238.0,2127.3333,2711.0,5.3333335,798.3333,1424.0,483.33334,70059.336,18196.666,18332.0,16005.667,17525.0,8493.667,796.0,1425.0,3662.0,2610.6667,4306.3335,371.0,1527.3334,1552.0,856.0,23471.0,0.0,5165.0,9837.333,8468.667,25.0,0.0,3.6666667,10.333333,11.0,5.792778,68.28222,107.23444,1
P057,2013-04-01 00:00:00-04:00,68344.32,331.6682,31404.973,35291.074,1316.6038,5.3333335,1.6666666,3.0,3.6666667,3.3333333,44007.668,6120.3335,9170.333,17669.0,11048.0,5195.6665,790.6667,785.0,2073.6667,1546.3334,2946.6667,5.3333335,630.6667,1753.6666,557.0,71491.664,18263.666,18740.666,15706.667,18780.666,8142.3335,796.0,1415.6666,3827.3333,2103.3333,3751.6667,371.0,1141.3334,1693.3334,546.0,22071.666,27.0,5150.6665,9265.333,7628.6665,24.666666,0.33333334,4.0,9.666667,10.666667,6.101157,64.23185,105.65111,0
P057,2013-04-02 00:00:00-04:00,68611.75,414.95496,31627.01,35421.87,1147.911,5.0,1.6666666,3.3333333,3.0,3.3333333,36928.668,2751.6667,7801.3335,16287.333,10088.333,4139.3335,1.6666666,1008.6667,1774.6666,1354.3334,2593.0,0.0,878.0,1380.3334,334.66666,74192.664,20479.334,18187.334,16208.333,19317.666,6732.3335,1.6666666,1886.6666,3155.0,1689.0,3582.6667,56.333332,1140.3334,1905.3334,480.66666,20957.0,1226.6666,5362.3335,5947.3335,8420.667,28.666666,1.6666666,4.6666665,10.0,12.333333,6.334491,61.142963,104.42889,0
P057,2013-04-03 00:00:00-04:00,30675.328,378.20447,1719.5377,2209.1843,26368.402,6.0,1.3333334,3.3333333,4.0,3.6666667,37122.0,3262.0,8777.333,13662.0,11420.667,4221.6665,71.0,620.6667,2115.0,1415.0,3386.3333,0.0,1030.6666,1901.6666,454.0,75943.0,21345.666,19689.334,16755.0,18153.0,7608.0,71.0,1651.3334,4016.6667,1869.0,2357.6667,59.0,107.0,725.3333,1466.3334,20665.0,1226.6666,3254.6667,5745.0,10438.667,25.333334,1.6666666,4.0,8.666667,11.0,5.9206944,64.26074,104.2363,0
P057,2013-04-04 00:00:00-04:00,30790.91,251.92047,1515.6028,2383.112,26640.273,7.0,1.3333334,2.6666667,4.3333335,4.3333335,38814.0,4549.0,7667.3335,11260.667,15337.0,5060.6665,132.0,508.66666,2786.3333,1633.6666,2875.6667,0.0,893.6667,1261.3334,720.6667,75068.664,21222.0,19978.334,16419.666,17448.666,7936.3335,132.0,1402.3334,4047.6667,2354.3333,2784.3333,122.333336,103.333336,951.6667,1607.0,17274.666,1199.6666,1766.3334,4629.0,9679.667,27.333334,1.3333334,2.6666667,11.666667,11.666667,5.709491,68.41704,106.702965,0
P057,2013-04-05 00:00:00-04:00,476952.5,174.3272,1594.9614,64760.254,410422.97,6.3333335,1.3333334,3.0,3.6666667,3.0,41887.0,5964.6665,8797.0,11620.333,15505.0,6338.0,130.33333,742.3333,3053.6667,2411.6667,2702.6667,0.0,956.3333,1088.3334,658.0,68810.664,20516.0,19473.666,14397.333,14423.667,9040.667,130.33333,1698.6666,4142.0,3069.6667,6923.0,68.666664,312.0,2757.6667,3784.6667,16727.666,0.0,1991.6666,5886.0,8850.0,31.333334,0.0,3.3333333,14.333333,13.666667,5.792639,66.73111,105.68222,0
P057,2013-04-06 00:00:00-04:00,460464.16,3063.391,2903.78,64996.266,389500.72,4.6666665,1.6666666,2.6666667,2.3333333,2.6666667,49747.668,4567.3335,11915.333,15307.667,17957.334,6073.6665,415.0,962.0,2566.6667,2130.0,2135.3333,80.666664,700.3333,916.3333,438.0,61501.332,19754.666,15761.333,13788.667,12196.667,8209.0,495.66666,1662.3334,3483.0,2568.0,7012.6665,325.0,388.66666,2899.3333,3399.6667,9921.333,215.33333,658.6667,3689.6667,5357.6665,27.333334,1.0,2.0,13.333333,11.0,5.668287,60.79037,98.746666,0
P057,2013-04-08 00:00:00-04:00,692631.9,5762.261,575645.3,103687.2,7537.126,4.0,2.5,1.5,2.0,3.0,60282.0,4234.0,17018.5,19798.5,19231.0,4728.0,670.0,1549.5,2016.0,492.5,2418.0,121.0,594.5,768.0,934.5,52455.5,18173.5,7702.5,12593.5,13986.0,7146.0,791.0,2144.0,2784.0,1427.0,9662.5,388.5,3597.5,4392.0,1284.5,13330.5,323.0,1285.5,6585.5,5136.5,27.5,1.5,7.5,12.0,6.5,4.87375,51.735554,83.335556,0
P057,2013-04-09 00:00:00-04:00,679382.9,1454.5747,573607.2,102770.32,1550.7825,5.0,2.0,1.5,3.0,4.0,40532.5,3356.0,9924.5,11378.5,15873.5,4390.5,139.0,1119.0,1951.5,1181.0,3347.5,0.0,744.5,1050.5,1552.5,65327.0,19423.0,13709.5,14253.5,17941.0,7738.0,139.0,1863.5,3002.0,2733.5,8277.0,0.0,3380.0,4203.5,693.5,25221.0,287.5,1346.0,13202.5,10385.0,34.5,0.5,8.0,15.5,10.5,7.42625,54.035557,106.05556,1
P057,2013-04-10 00:00:00-04:00,455202.03,1038.2214,383081.53,69314.61,1767.6733,5.6666665,1.6666666,2.0,3.3333333,4.3333335,35569.668,3532.6667,7719.3335,9265.333,15052.333,5098.0,97.0,1136.3334,2329.3333,1535.3334,3481.3333,0.0,964.0,1245.0,1272.3334,67482.0,19934.0,15254.0,14349.333,17944.666,8579.333,97.0,2100.3333,3574.3333,2807.6667,6803.3335,209.0,2479.0,3576.6667,538.6667,27730.334,191.66667,2604.3333,13197.333,11737.0,36.0,0.33333334,6.6666665,18.0,11.0,7.57125,52.965557,106.14555,1
P057,2013-04-11 00:00:00-04:00,5313.2783,253.22108,1871.7745,1767.087,1421.1956,5.6666665,1.0,2.6666667,4.0,3.6666667,31485.0,2231.6667,6450.0,8819.0,13984.333,4221.6665,4.3333335,584.6667,2093.3333,1539.3334,2974.6667,0.0,1065.0,1178.3334,731.3333,75944.336,21217.666,19441.666,16834.334,18450.666,7196.3335,4.3333335,1649.6666,3271.6667,2270.6667,2505.0,209.0,337.66666,1323.6666,634.6667,27292.334,191.66667,1992.3334,13795.0,11313.333,32.333332,0.33333334,2.6666667,18.666666,10.666667,8.235046,47.436295,105.92667,0
P057,2013-04-12 00:00:00-04:00,5377.5986,233.88441,2012.414,1414.062,1717.2383,5.6666665,1.0,3.0,3.6666667,2.6666667,36782.668,2661.6667,7970.6665,9767.667,16382.667,4762.0,4.3333335,1173.3334,1879.0,1705.3334,2289.3333,0.0,831.0,721.3333,737.0,75703.0,21120.334,18891.334,17450.0,18241.334,7051.3335,4.3333335,2004.3334,2600.3333,2442.3333,2454.6667,209.0,430.0,1268.0,547.6667,25591.0,0.0,3245.0,11843.333,10502.667,36.0,0.0,4.0,20.0,12.0,8.639444,44.136665,105.86222,0
P057,2013-04-13 00:00:00-04:00,4080.7563,313.7858,1696.7639,635.20886,1434.9978,4.6666665,1.3333334,2.6666667,2.6666667,2.0,44813.668,4089.3333,8666.667,13820.667,18237.0,3699.0,301.66666,961.6667,995.6667,1440.0,1809.0,0.0,680.3333,177.66667,951.0,77215.336,20645.0,19253.334,19090.334,18226.666,5508.0,301.66666,1642.0,1173.3334,2391.0,2017.6666,247.66667,287.0,908.0,575.0,25937.666,2283.6667,1659.3334,11691.333,10303.333,32.333332,0.33333334,3.6666667,17.333334,11.0,9.562639,36.377777,105.48889,0
P057,2013-04-14 00:00:00-04:00,3946.4395,297.78738,1266.2742,775.04865,1607.3292,4.3333335,1.3333334,2.3333333,2.3333333,2.3333333,40968.668,3439.3333,6808.3335,11327.333,19393.666,3785.6667,301.66666,856.3333,1028.3334,1599.3334,2247.0,0.0,415.0,704.3333,1127.6666,75380.0,20507.666,19562.666,18452.0,16857.666,6032.6665,301.66666,1271.3334,1732.6666,2727.0,1726.6666,247.66667,188.0,796.0,495.0,26144.666,2283.6667,1699.6666,11515.667,10645.667,43.666668,0.33333334,4.6666665,18.666666,20.0,9.105695,38.235554,103.69111,1
P057,2013-04-15 00:00:00-04:00,3912.1758,319.64603,1189.3329,1371.9459,1031.2509,4.6666665,1.6666666,2.3333333,2.6666667,3.0,41332.668,7355.0,5203.6665,14693.0,14081.0,4108.3335,301.66666,908.0,1395.3334,1503.3334,2381.0,0.0,580.6667,1022.3333,778.0,73983.336,19302.0,19300.334,17810.0,17571.0,6489.3335,301.66666,1488.6666,2417.6667,2281.3333,1633.0,247.66667,167.66667,864.0,353.66666,25315.666,2283.6667,1633.6666,11495.333,9903.0,37.666668,0.33333334,3.0,15.0,19.333334,9.105695,38.235554,103.69111,1
P057,2013-04-16 00:00:00-04:00,3808.052,222.71742,1082.2488,1514.6666,988.4192,4.6666665,1.3333334,2.3333333,3.3333333,3.3333333,37074.332,4950.3335,5382.3335,13006.0,13735.667,4122.6665,8.666667,874.3333,2129.6667,1110.0,2366.6667,0.0,438.0,1335.6666,593.0,74690.664,19846.0,19632.666,16889.334,18322.666,6489.3335,8.666667,1312.3334,3465.3333,1703.0,1512.0,136.33333,155.0,874.6667,346.0,19765.666,262.0,1808.3334,11277.0,6418.3335,37.666668,1.0,3.0,13.666667,20.0,8.238334,50.746666,109.263336,0
P057,2013-04-17 00:00:00-04:00,3824.4487,127.77972,900.88947,1671.3091,1124.4705,5.0,1.3333334,2.0,3.6666667,4.0,33705.332,4944.0,4531.6665,12676.0,11553.667,5305.6665,8.666667,804.0,2241.3333,2251.6667,2085.0,0.0,434.33334,1167.3334,483.33334,75379.664,20102.0,19984.334,17215.666,18077.666,7390.6665,8.666667,1238.3334,3408.6667,2735.0,1900.3334,146.66667,157.33333,902.6667,693.6667,21560.334,2745.6667,2117.6667,9558.0,7139.0,32.333332,6.6666665,2.0,9.666667,14.0,7.370972,63.25778,114.835556,1
P057,2013-04-18 00:00:00-04:00,3411.2983,153.0999,668.4726,1568.8169,1020.9089,5.0,1.0,1.6666666,4.0,3.6666667,35438.0,2180.6667,5643.0,12540.333,15074.0,4509.0,102.666664,292.66666,2093.6667,2020.0,2412.0,0.0,750.3333,1079.3334,582.3333,75673.0,21061.0,20329.0,17297.0,16986.0,6921.0,102.666664,1043.0,3173.0,2602.3333,2019.0,319.0,98.0,964.6667,637.3333,20252.0,3061.6667,951.3333,9174.333,7064.6665,33.0,7.0,2.6666667,11.333333,12.0,6.9070835,63.558887,111.42555,0
P057,2013-04-19 00:00:00-04:00,19924.533,205.80217,786.9062,2039.8107,16892.014,5.0,1.0,2.0,4.3333335,3.0,39966.332,3423.0,7199.3335,14469.0,14875.0,5992.3335,94.0,746.0,2168.3333,2984.0,2178.3333,0.0,645.3333,1135.6666,397.33334,73011.336,20652.334,19900.0,17106.666,15352.333,8170.6665,94.0,1391.3334,3304.0,3381.3333,2703.3333,189.0,130.33333,950.0,1434.0,25358.334,2799.6667,1919.0,7777.0,12862.667,32.333332,6.0,3.0,12.666667,10.666667,6.2425,63.677776,106.227776,0
P057,2013-04-20 00:00:00-04:00,57683.684,15352.67,847.7686,24840.455,16642.793,4.3333335,1.0,2.0,4.0,2.3333333,53753.332,8214.0,9588.0,18939.666,17011.666,5795.0,835.6667,894.3333,2250.3333,1814.6666,1800.3334,66.0,645.3333,758.6667,330.33334,71849.336,18902.666,19529.666,17160.0,16257.0,7595.3335,901.6667,1539.6666,3009.0,2145.0,3598.0,1084.3334,326.33334,1247.0,940.3333,27632.334,3982.3333,3770.6667,6160.0,13719.333,26.0,3.6666667,5.3333335,9.666667,7.3333335,6.2425,63.677776,106.227776,1
P057,2013-04-21 00:00:00-04:00,56995.93,15360.083,606.3298,24169.662,16859.854,4.3333335,1.0,2.0,3.3333333,3.0,49340.332,7762.3335,10226.667,15647.333,15704.0,5563.3335,1097.6666,952.3333,1856.0,1657.3334,1176.6666,66.0,69.333336,608.0,433.33334,73871.664,18730.0,19976.666,17758.334,17406.666,6740.0,1163.6666,1021.6667,2464.0,2090.6667,3333.0,927.6667,324.33334,1127.0,954.0,27472.0,4906.0,5414.3335,3999.3333,13152.333,25.333334,5.6666665,5.0,6.3333335,8.333333,6.024028,63.296665,104.09889,1
P057,2013-04-22 00:00:00-04:00,41401.867,15359.735,740.47626,24274.607,1027.047,5.3333335,1.3333334,2.3333333,3.6666667,3.3333333,40222.0,6585.6665,9075.333,10758.667,13802.333,4215.0,1320.0,718.6667,1275.3334,901.0,1460.3334,71.333336,139.66667,651.3333,598.0,75735.0,18872.334,19889.0,18514.334,18459.334,5675.3335,1391.3334,858.3333,1926.6666,1499.0,2450.3333,924.0,425.0,767.6667,333.66666,25070.334,5323.0,6136.6665,4480.0,9130.667,26.0,6.6666665,4.6666665,6.0,8.666667,6.342639,62.26,105.611115,0
P057,2013-04-23 00:00:00-04:00,3726.2927,631.67834,871.15533,952.98016,1270.4789,5.3333335,2.0,2.6666667,3.3333333,3.3333333,26270.334,3496.3333,7227.3335,5165.3335,10381.333,2855.3333,801.3333,650.0,674.0,730.0,1794.6666,69.333336,233.66667,585.3333,906.3333,78043.336,20055.0,19811.0,19310.0,18867.334,4650.0,870.6667,883.6667,1259.3334,1636.3334,1157.6666,89.666664,294.0,377.0,397.0,20889.666,2399.3333,3861.6667,4812.6665,9816.0,29.666666,5.0,2.0,9.666667,13.0,6.1419907,68.657036,110.40296,1
P057,2013-04-24 00:00:00-04:00,4003.5195,687.6885,1129.1957,1268.1312,918.5041,4.6666665,2.3333333,2.6666667,3.3333333,2.3333333,32040.666,5192.6665,6949.3335,7664.0,12234.667,2902.0,445.33334,629.6667,1166.0,661.0,1913.0,69.333336,395.0,894.3333,554.3333,77050.664,20278.334,19454.334,18240.0,19078.0,4815.0,514.6667,1024.6666,2060.3333,1215.3334,1395.3334,74.0,362.33334,498.66666,460.33334,22860.666,1755.0,2355.0,9177.0,9573.667,37.333332,4.3333335,3.3333333,14.333333,15.333333,6.146713,66.23333,108.01704,1
P057,2013-04-25 00:00:00-04:00,9686.256,904.7793,838.51263,1265.667,6677.297,3.6666667,2.3333333,2.0,3.0,2.3333333,44216.0,7304.6665,11498.0,9857.0,15556.333,3134.6667,387.66666,341.66666,1318.6666,1086.6666,2194.3333,263.0,333.0,969.6667,628.6667,73464.336,19991.334,18249.666,18100.334,17123.0,5329.0,650.6667,674.6667,2288.3333,1715.3334,1288.3334,79.0,290.33334,546.3333,372.66666,23598.0,1630.0,795.6667,10436.333,10736.0,39.333332,4.6666665,3.6666667,14.0,17.0,5.2098613,61.961483,96.250374,1
P057,2013-04-26 00:00:00-04:00,10348.743,568.6211,1309.055,1720.8405,6750.2266,4.0,1.6666666,2.6666667,3.6666667,2.6666667,54243.0,6993.3335,14289.667,12606.667,20353.334,3730.0,164.66667,628.3333,1808.6666,1128.3334,2092.6667,199.0,240.0,1184.3334,469.33334,73067.0,20274.666,17955.666,17352.666,17484.0,5822.6665,363.66666,868.3333,2993.0,1597.6666,1388.0,7.6666665,298.66666,671.3333,410.33334,24806.334,887.3333,2452.0,11007.333,10459.667,35.0,3.0,5.0,11.0,16.0,4.7497687,56.34667,86.95481,1
P057,2013-04-27 00:00:00-04:00,10287.364,740.53613,1149.4578,1568.7515,6828.6187,4.0,2.0,2.6666667,3.6666667,3.0,63988.668,9864.667,18131.334,14835.0,21157.666,3968.0,533.0,561.3333,1501.6666,1372.0,2085.3333,374.66666,149.0,928.3333,633.3333,70706.664,19466.334,15945.667,18277.666,17017.0,6053.3335,907.6667,710.3333,2430.0,2005.3334,1725.0,564.6667,214.0,393.66666,552.6667,25167.334,3581.6667,2382.3333,7691.3335,11512.0,32.0,3.0,4.3333335,9.0,15.666667,4.1144443,56.606667,82.132225,0
P057,2013-04-28 00:00:00-04:00,4169.911,802.36127,993.68005,1094.0684,1279.8013,4.6666665,2.3333333,2.3333333,3.3333333,3.3333333,60183.332,9734.667,13270.333,17360.0,19818.334,5289.0,1223.3334,558.3333,2459.3333,1048.0,1801.6666,399.0,77.333336,748.6667,576.6667,71940.336,18610.334,17714.666,16735.0,18880.334,7090.6665,1622.3334,635.6667,3208.0,1624.6666,2434.6667,783.0,91.666664,981.6667,578.3333,21160.334,5515.3335,1975.6666,5003.0,8666.333,29.333334,4.3333335,3.3333333,6.6666665,15.0,6.1643057,61.224445,103.14889,1
P057,2013-04-29 00:00:00-04:00,4039.273,1038.7263,645.1348,1078.5824,1276.8295,5.0,3.0,1.6666666,3.0,3.6666667,62351.668,9952.667,12377.0,20203.666,19818.334,7253.0,1339.0,668.3333,2800.6667,2445.0,2227.3333,472.0,162.0,845.3333,748.0,67455.336,18341.334,17648.0,14887.333,16578.666,9480.333,1811.0,830.3333,3646.0,3193.0,2681.0,912.3333,27.0,1222.0,519.6667,19547.666,5851.0,1666.0,4267.0,7763.6665,27.666666,5.3333335,3.6666667,6.3333335,12.333333,7.752917,56.11,110.74333,1
P057,2013-04-30 00:00:00-04:00,4532.781,876.89484,748.5456,1427.6124,1479.7279,5.3333335,2.6666667,2.0,3.0,4.0,54080.332,8376.333,8258.667,18622.334,18823.0,8041.0,1053.3334,934.3333,3160.3333,2893.0,1808.0,297.66666,110.0,636.3333,764.0,70437.336,19129.0,19982.334,14917.667,16408.334,9849.0,1351.0,1044.3334,3796.6667,3657.0,2303.0,586.0,29.333334,1251.3334,436.33334,18200.666,3728.0,1699.3334,4764.3335,8009.0,33.666668,8.333333,4.0,7.3333335,14.0,7.752917,56.11,110.74333,1
P057,2013-05-01 00:00:00-04:00,4939.3003,675.7764,1368.9421,1666.5282,1228.0537,5.6666665,2.6666667,3.0,3.0,4.0,50980.0,6906.0,9142.333,15990.333,18941.334,6855.6665,292.33334,1411.3334,1984.3334,3167.6667,1365.6666,142.33333,203.33333,441.33334,578.6667,72192.336,20279.334,19344.0,16105.0,16464.0,8221.333,434.66666,1614.6666,2425.6667,3746.3333,2555.3333,450.33334,194.33333,1530.6666,380.0,23402.0,1953.0,3441.0,6019.0,11989.0,37.666668,8.333333,5.3333335,9.0,15.0,7.5281944,54.962223,107.797775,1
P057,2013-05-02 00:00:00-04:00,5540.89,474.8112,1578.324,2104.8496,1382.9054,6.0,2.0,3.3333333,3.3333333,4.0,44700.668,6628.3335,6630.0,14491.0,16951.334,5085.6665,195.33333,1242.0,1717.0,1931.3334,1620.6666,69.333336,304.0,731.3333,516.0,75701.336,20653.334,19371.334,17355.334,18321.334,6706.3335,264.66666,1546.0,2448.3333,2447.3333,2424.6667,329.66666,314.33334,1390.6666,390.0,20195.666,1617.3334,2131.3333,6590.3335,9856.667,39.333332,7.3333335,4.3333335,14.0,13.666667,8.485416,48.20111,108.69444,1
P057,2013-05-04 00:00:00-04:00,10558.245,4396.4946,1432.1865,2598.6982,2130.8657,6.0,2.0,2.5,4.0,4.0,49303.5,8237.0,3100.5,19351.0,18615.0,4523.5,340.0,701.0,1670.5,1812.0,2352.5,100.5,500.0,1330.5,421.5,74068.5,19290.0,19252.0,17025.0,18501.5,6876.0,440.5,1201.0,3001.0,2233.5,2340.5,526.0,315.0,978.0,521.5,15747.5,5223.5,666.0,5761.0,4097.0,34.5,5.0,2.0,18.5,9.0,7.2308335,56.065556,106.522224,0
P057,2013-05-05 00:00:00-04:00,12155.773,4836.2866,2277.9685,3000.0913,2041.4274,5.5,2.5,2.5,3.5,4.0,53202.0,12952.0,6142.0,18544.0,15564.0,4096.5,428.0,612.5,1227.0,1829.0,1867.5,363.0,608.5,659.0,237.0,76212.5,19238.0,19522.5,18641.0,18811.0,5964.0,791.0,1221.0,1886.0,2066.0,2369.0,524.0,332.5,797.5,715.0,20766.5,7881.5,1144.5,5822.5,5918.0,39.0,8.5,1.5,14.5,14.5,5.453472,71.003334,107.24111,0
P057,2013-05-06 00:00:00-04:00,10746.826,3358.6758,2306.0881,3148.715,1933.3469,6.0,2.0,3.0,4.0,3.6666667,52092.668,8641.333,7762.6665,19562.666,16126.0,5099.3335,285.33334,769.3333,2735.0,1309.6666,2689.6667,242.0,738.0,1014.3333,695.3333,74959.664,20024.0,19120.666,16797.666,19017.334,7789.0,527.3333,1507.3334,3749.3333,2005.0,2211.0,349.33334,584.6667,791.0,486.0,18135.334,5254.3335,1153.0,6083.6665,5644.3335,36.0,5.6666665,2.6666667,12.333333,15.333333,6.44375,61.84963,106.00963,1
P057,2013-05-07 00:00:00-04:00,7913.723,679.0443,2406.6775,3224.096,1603.9052,5.6666665,1.3333334,3.3333333,4.3333335,3.3333333,46681.668,5116.0,8275.667,17164.0,16126.0,5075.0,77.333336,1016.0,3018.6667,963.0,2743.0,175.0,835.6667,1052.3334,680.0,75699.336,21242.0,18783.0,16377.333,19297.0,7818.0,252.33333,1851.6666,4071.0,1643.0,2214.6667,7.3333335,815.0,950.0,442.33334,15820.667,2171.6667,1291.3334,5855.3335,6502.3335,37.333332,3.6666667,4.3333335,10.333333,19.0,6.800602,59.171112,106.18593,0
P057,2013-05-08 00:00:00-04:00,7001.9683,563.7369,1835.4563,2574.5356,2028.2393,7.0,1.3333334,3.6666667,4.6666665,4.0,46525.0,3774.0,9047.667,15124.667,18578.666,5363.3335,72.0,997.6667,2945.0,1348.6666,3410.3333,0.0,821.3333,1107.0,1482.0,73872.336,21223.334,18744.334,16227.333,17677.334,8773.667,72.0,1819.0,4052.0,2830.6667,2534.6667,66.0,749.3333,975.3333,744.0,16853.666,641.3333,1389.0,5151.6665,9671.667,36.333332,3.0,4.6666665,10.333333,18.333334,6.6451387,58.69926,104.47037,0
P057,2013-05-09 00:00:00-04:00,6716.209,714.348,2143.354,1856.0167,2002.4902,6.6666665,1.6666666,3.0,4.3333335,4.3333335,47018.0,6514.0,8322.667,12884.0,19297.334,4489.0,246.33333,1210.3334,1542.0,1490.3334,2956.3333,0.0,1215.6666,601.6667,1139.0,73865.0,20444.666,18327.334,18095.666,16997.334,7445.3335,246.33333,2426.0,2143.6667,2629.3333,3060.6667,671.0,595.0,1045.3334,749.3333,18512.0,1074.3334,1361.3334,6488.3335,9588.0,33.666668,4.0,4.3333335,11.0,14.333333,5.788287,67.165184,106.08148,1
P057,2013-05-10 00:00:00-04:00,6770.804,741.61383,2076.859,1951.6359,2000.6958,7.3333335,1.6666666,2.6666667,4.3333335,4.6666665,47772.332,6890.0,8462.333,13122.667,19297.334,5394.3335,246.33333,1115.0,1346.3334,2686.6667,3104.6667,0.0,1135.6666,593.0,1376.0,72214.664,20321.0,18624.666,18030.0,15239.0,8499.0,246.33333,2250.6667,1939.3334,4062.6667,3191.3333,671.0,357.33334,1202.0,961.0,18950.666,718.3333,997.6667,7651.6665,9583.0,33.333332,3.0,3.0,13.0,14.333333,6.777824,58.99852,105.83111,0
P057,2013-05-11 00:00:00-04:00,89551.74,601.34106,42747.29,44618.637,1584.4733,5.6666665,2.0,2.0,3.6666667,3.6666667,48890.0,6748.0,9715.333,12891.333,19535.334,7300.0,1714.3334,1535.6666,1338.0,2712.0,2299.0,164.0,916.3333,463.66666,755.0,65496.668,18258.334,15698.333,15294.333,16245.667,9599.0,1878.3334,2452.0,1801.6666,3467.0,6083.6665,988.0,1755.3334,2660.6667,679.6667,22777.334,2732.0,1733.6666,9514.333,8797.333,33.666668,6.0,5.0,11.0,11.666667,7.45125,53.84,106.06,0
P057,2013-05-12 00:00:00-04:00,88260.76,539.9021,41698.816,44625.133,1396.9055,5.3333335,2.0,1.6666666,3.6666667,3.6666667,45121.668,4695.6665,11066.667,12584.333,16775.0,7254.6665,2047.6666,1042.3334,988.6667,3176.0,2052.3333,306.66666,189.66667,770.0,786.0,67635.336,18303.666,17057.666,15649.0,16625.0,9307.0,2354.3333,1232.0,1758.6666,3962.0,5108.6665,466.0,1610.0,2335.6667,697.0,23241.666,2527.6667,1371.3334,7544.3335,11798.333,39.666668,6.6666665,3.6666667,13.333333,16.0,7.0179167,52.802223,101.55556,0
P057,2013-05-13 00:00:00-04:00,88456.664,441.96054,41852.746,44699.586,1462.376,5.6666665,2.0,2.0,3.6666667,3.6666667,44023.668,4871.0,11421.667,12171.667,15559.333,6677.0,2051.3333,1661.6666,1271.0,1693.0,2147.6667,306.66666,334.66666,650.0,856.3333,69154.336,18431.334,16388.334,15891.333,18443.334,8824.667,2358.0,1996.3334,1921.0,2549.3333,4604.0,469.66666,1648.0,2064.3333,422.0,26045.334,2595.0,2732.3333,8737.0,11981.0,38.666668,6.6666665,6.3333335,13.0,12.666667,6.09375,60.18111,101.541115,0
P057,2013-05-14 00:00:00-04:00,4528.1416,310.23523,1002.5335,2267.5913,947.7817,5.6666665,1.3333334,2.3333333,4.0,3.0,45999.0,2841.6667,11080.0,16154.0,15923.333,4515.3335,515.3333,1175.6666,1326.3334,1498.0,2291.3333,142.66667,472.0,1021.6667,655.0,76888.0,20514.334,19447.0,18187.0,18739.666,6806.6665,658.0,1647.6666,2348.0,2153.0,1533.0,216.33333,253.0,719.3333,344.33334,20422.666,746.3333,1566.0,8152.6665,9957.667,38.0,2.6666667,3.6666667,15.333333,16.333334,6.435509,56.69926,100.793335,0
P057,2013-05-15 00:00:00-04:00,4685.7183,155.18105,1363.9805,2298.939,867.61755,5.3333335,1.0,3.0,3.6666667,2.6666667,49366.332,4086.0,10338.333,15527.0,19415.0,3966.6667,79.666664,1178.0,1570.3334,1138.6666,2547.0,0.0,863.0,1104.0,580.0,72480.664,21149.334,18803.0,16155.667,16372.667,6513.6665,79.666664,2041.0,2674.3333,1718.6666,2796.3333,146.33333,488.66666,1258.0,903.3333,20906.0,941.6667,3830.6667,7606.0,8527.667,36.0,2.6666667,8.333333,13.666667,11.333333,6.6393056,53.68074,99.40518,0
P057,2013-05-16 00:00:00-04:00,4584.4287,141.63164,1213.2344,2068.0652,1161.4973,4.6666665,1.0,2.6666667,3.3333333,2.6666667,51992.668,3588.6667,10193.333,18099.666,20111.0,4656.0,142.0,555.6667,1795.0,2163.3333,3111.0,0.0,792.0,1405.3334,913.6667,69434.0,21067.334,19461.666,14996.0,13909.0,7767.0,142.0,1347.6666,3200.3333,3077.0,3459.6667,151.66667,481.66666,1821.6666,1004.6667,21240.666,830.6667,3141.0,8691.333,8577.667,33.666668,2.3333333,7.6666665,14.333333,9.333333,6.6108794,53.641483,99.13852,0
P057,2013-05-17 00:00:00-04:00,6294.0693,132.66835,1467.6123,2579.5352,2114.2537,4.0,1.0,2.3333333,3.0,3.0,50761.668,4819.6665,8509.0,18425.334,19007.666,6352.3335,138.0,1058.3334,2336.0,2820.0,4064.3333,0.0,1113.6666,1808.0,1142.6666,66106.336,21175.0,18506.666,13934.667,12490.0,10416.667,138.0,2172.0,4144.0,3962.6667,4253.0,90.666664,648.3333,1967.3334,1546.6666,25219.334,424.0,3899.6667,11201.333,9694.333,32.666668,1.6666666,9.333333,13.333333,8.333333,6.2688427,57.224445,99.98518,0
P057,2013-05-18 00:00:00-04:00,15603.805,603.4849,1296.5918,10457.717,3246.0112,4.3333335,1.6666666,2.0,2.6666667,3.3333333,54200.0,6776.0,8229.333,20187.0,19007.666,10000.0,1135.6666,1126.3334,2972.0,4766.0,3253.3333,81.666664,804.0,1351.3334,1016.3333,66272.336,19541.0,18859.0,14620.333,13252.0,13253.333,1217.3334,1930.3334,4323.3335,5782.3335,4011.3333,464.33334,362.33334,2093.6667,1091.0,27361.334,3662.6667,1776.0,13106.667,8816.0,32.666668,2.0,5.0,14.0,11.666667,5.7166204,58.32148,96.664444,0
P057,2013-05-19 00:00:00-04:00,14759.141,780.66284,1304.7762,9884.29,2789.4119,3.6666667,2.0,2.3333333,2.3333333,3.0,54039.332,9825.333,7901.0,18799.666,17513.334,10395.667,2213.0,922.6667,2577.3333,4682.6665,2463.0,98.0,950.3333,947.0,467.66666,65020.0,18190.0,18938.666,13365.0,14526.333,12858.667,2311.0,1873.0,3524.3333,5150.3335,3820.0,619.0,273.33334,1553.3334,1374.3334,26282.0,5498.6665,980.3333,9000.0,10803.0,30.666666,4.0,2.3333333,9.0,15.333333,5.415046,64.63704,100.567406,0
P057,2013-05-20 00:00:00-04:00,13289.564,819.1226,1094.6895,9154.062,2221.6907,5.0,2.3333333,3.0,2.6666667,4.0,56573.0,9403.667,9952.333,18799.666,18417.334,10157.333,2485.0,523.0,3104.3333,4045.0,1476.3334,104.0,629.3333,378.0,365.0,66409.336,17732.0,19454.666,13901.333,15321.333,11633.667,2589.0,1152.3334,3482.3333,4410.0,2812.0,558.0,314.66666,1173.6666,765.6667,23221.666,6211.3335,1280.0,7460.3335,8270.0,30.333334,4.3333335,2.6666667,9.666667,13.666667,5.0468984,65.92,98.90518,0
P057,2013-05-21 00:00:00-04:00,4234.9756,364.96628,1106.5729,1498.4675,1264.9686,5.0,2.0,3.3333333,3.0,4.0,53459.332,7626.6665,10828.333,16587.0,18417.334,7344.3335,1669.6666,708.6667,2585.3333,2380.6667,2180.6667,86.0,631.6667,954.6667,508.33334,69165.336,18828.0,19074.666,14480.333,16782.334,9525.0,1755.6666,1340.3334,3540.0,2889.0,2582.3333,401.0,607.0,661.0,913.3333,20643.334,2985.0,1931.3334,6627.0,9100.0,33.333332,3.3333333,4.6666665,9.666667,15.666667,5.738472,65.41926,103.937035,0
P057,2013-05-22 00:00:00-04:00,4598.5874,301.51517,751.6176,2164.128,1381.3265,6.0,2.0,3.0,3.3333333,4.6666665,56521.668,6345.0,11771.0,17974.334,20431.334,6345.0,594.6667,685.3333,2619.0,2446.0,2617.6667,154.66667,329.33334,1458.3334,675.3333,72866.664,19946.666,19464.666,16622.666,16832.666,8962.667,749.3333,1014.6667,4077.3333,3121.3333,2344.6667,420.33334,667.0,647.3333,610.0,21703.666,2332.0,2671.3333,8801.667,7898.6665,36.333332,1.6666666,6.6666665,12.666667,15.333333,6.4744906,57.436295,101.842224,0
P057,2013-05-23 00:00:00-04:00,5182.58,325.01712,916.29956,2014.8033,1926.46,6.3333335,2.0,2.3333333,3.6666667,5.0,50478.332,6935.3335,10186.0,12427.0,20930.0,5406.6665,394.66666,595.3333,1499.6666,2917.0,2785.6667,148.66667,442.0,1343.6666,851.3333,73590.0,20112.666,19562.666,17561.666,16353.0,8192.333,543.3333,1037.3334,2843.3333,3768.3333,2509.3333,504.0,522.3333,659.6667,823.3333,20470.334,2392.0,1680.0,7023.6665,9374.667,40.333332,3.0,5.0,14.666667,17.666666,6.8751388,57.753334,105.36444,0
P057,2013-05-24 00:00:00-04:00,10088.846,389.58914,1181.1251,2137.666,6380.4653,6.3333335,2.3333333,2.3333333,4.0,4.3333335,50980.0,6159.0,9095.0,16052.667,19673.334,7116.3335,717.3333,348.66666,1389.3334,4661.0,2689.3333,85.0,506.66666,1169.6666,928.0,71396.336,19582.334,19878.0,17885.666,14050.333,9805.667,802.3333,855.3333,2559.0,5589.0,2945.0,504.66666,306.0,732.0,1402.3334,22427.666,2459.3333,1613.6666,9503.333,8851.333,39.0,5.0,4.6666665,14.333333,15.0,6.4641204,63.465927,107.78889,0
P057,2013-05-25 00:00:00-04:00,9733.388,255.97908,1283.0698,1881.4807,6312.8584,5.3333335,2.0,2.6666667,4.0,4.0,47042.0,5087.6665,12703.0,14538.0,14713.333,6802.0,1183.3334,444.33334,1392.3334,3782.0,2529.3333,200.0,517.3333,988.0,824.0,72506.0,19178.334,19807.666,18191.666,15328.333,9331.333,1383.3334,961.6667,2380.3333,4606.0,2601.3333,395.66666,323.0,638.0,1244.6666,21023.334,3903.3333,1068.0,9482.333,6569.6665,39.333332,8.666667,4.0,17.0,9.666667,5.185972,61.074074,95.17185,0
P057,2013-05-26 00:00:00-04:00,9043.92,199.40068,976.2336,1902.5908,5965.695,4.6666665,1.6666666,3.3333333,4.0,3.3333333,56814.668,6890.3335,14455.667,20085.334,15383.333,6141.0,1121.6666,342.0,1531.6666,3145.6667,2547.0,200.0,493.0,1038.0,816.0,74081.0,19460.666,20221.666,18062.0,16336.667,8688.0,1321.6666,835.0,2569.6667,3961.6667,2554.0,376.33334,253.66667,809.6667,1114.3334,25278.334,3355.6667,1763.6666,11155.667,9003.333,45.0,8.333333,6.6666665,20.333334,9.666667,4.0423613,61.645927,86.59482,0
P057,2013-05-27 00:00:00-04:00,3776.7878,294.58395,1146.8541,1265.0215,1070.3282,4.0,1.6666666,3.0,3.3333333,3.0,59956.668,8085.6665,15145.667,20085.334,16640.0,4538.6665,855.0,573.6667,1835.0,1275.0,2790.3333,661.3333,599.6667,750.6667,778.6667,74386.0,19660.0,19786.334,17777.334,17162.334,7329.0,1516.3334,1173.3334,2585.6667,2053.6667,1722.6666,211.0,361.0,880.6667,270.0,24835.0,4231.0,1386.6666,10631.667,8585.667,51.0,9.666667,7.6666665,23.333334,10.333333,3.8860648,61.362965,85.061485,0
P057,2013-05-28 00:00:00-04:00,3493.2175,410.66116,1042.4392,1027.7423,1012.37476,4.3333335,2.0,2.6666667,3.0,2.6666667,61507.0,12914.333,11935.333,20202.0,16455.334,4553.3335,671.0,411.66666,1444.3334,2026.3334,2381.6667,539.0,573.6667,523.0,746.0,74273.336,19672.666,19865.0,18450.0,16285.667,6935.0,1210.0,985.3333,1967.3334,2772.3333,1809.3334,364.0,346.0,741.6667,357.66666,27015.0,4349.6665,1454.3334,10473.0,10738.0,60.333332,12.666667,7.6666665,23.0,17.0,3.675787,72.10445,94.12074,0
P057,2013-05-29 00:00:00-04:00,3500.1812,523.0075,1518.8889,957.1996,501.08517,4.3333335,2.3333333,2.6666667,3.0,2.0,52424.668,10296.333,12027.0,16700.334,13401.0,6760.0,2313.0,1416.3334,1439.6666,1591.0,2261.6667,885.3333,435.0,604.0,337.33334,71268.664,17406.0,18335.334,18415.666,17111.666,9021.667,3198.3333,1851.3334,2043.6666,1928.3334,2083.3333,566.3333,410.33334,715.0,391.66666,28302.666,7585.3335,2875.3333,10176.0,7666.0,55.333332,17.666666,7.3333335,16.333334,14.0,4.665046,63.871853,93.80222,0
P057,2013-05-30 00:00:00-04:00,3377.8992,417.36478,985.5438,1145.3914,829.5994,4.6666665,1.6666666,2.6666667,3.0,2.6666667,44506.668,8873.667,9925.333,14956.0,10751.667,7276.0,2408.0,1363.0,1416.6666,2088.3333,1987.6666,426.66666,271.33334,988.6667,301.0,72356.336,17546.666,18651.0,18248.0,17910.666,9263.667,2834.6667,1634.3334,2405.3333,2389.3333,2954.3333,814.0,366.33334,716.0,1058.0,31564.334,8353.667,2587.0,9622.333,11001.333,52.333332,19.666666,5.0,14.666667,13.0,4.828009,59.304443,90.53852,0
P057,2013-05-31 00:00:00-04:00,3316.4863,421.10153,1176.3145,941.72644,777.34375,4.3333335,1.6666666,2.3333333,2.6666667,2.6666667,36162.332,6625.3335,10023.667,10817.0,8696.333,7869.0,2803.6667,1830.6666,1687.3334,1547.3334,1700.3334,423.66666,287.66666,818.6667,170.33333,72228.664,17102.334,18205.0,18260.0,18661.334,9569.333,3227.3333,2118.3333,2506.0,1717.6666,3246.0,1004.6667,464.0,732.3333,1045.0,30300.334,9701.333,3901.3333,7993.3335,8704.333,46.333332,17.0,10.666667,10.0,8.666667,4.849861,56.583702,87.99259,0
P058,2013-03-28 00:00:00-04:00,1524.7932,50.165817,522.0457,208.30516,744.2765,4.5,1.0,2.0,2.5,2.5,41488.5,3487.5,8982.5,10441.5,18577.0,2362.5,1.5,767.5,174.5,1419.0,19.5,0.0,0.0,0.0,19.5,80924.5,20982.0,20183.5,20758.5,19000.5,2382.0,1.5,767.5,174.5,1438.5,480.5,3.5,11.5,0.0,465.5,20528.0,761.5,4782.0,7850.0,7134.5,28.0,1.0,6.5,11.5,9.0,4.958889,33.044445,90.63778,0
P058,2013-03-29 00:00:00-04:00,1296.0505,45.179943,566.7516,172.97908,511.1399,3.6666667,1.0,2.0,2.0,2.0,43493.668,4545.6665,10051.333,13060.333,15836.333,1961.3334,1.0,891.3333,120.333336,948.6667,13.0,0.0,0.0,0.0,13.0,81194.336,20934.666,20002.0,20679.334,19578.334,1974.3334,1.0,891.3333,120.333336,961.6667,410.66666,2.3333333,17.333334,80.666664,310.33334,23109.334,507.66666,5662.0,7266.6665,9673.0,28.333334,0.6666667,7.6666665,11.333333,8.666667,4.4341664,39.924446,93.32,0
P058,2013-03-30 00:00:00-04:00,6392.789,39.821842,347.6642,5746.8496,258.45337,3.0,1.0,1.3333334,2.3333333,1.3333334,36604.0,4574.3335,7011.3335,13398.667,11619.667,2302.6667,1.0,683.6667,1114.3334,503.66666,13.0,0.0,0.0,0.0,13.0,79936.336,20832.334,20088.0,18794.334,20221.666,2315.6667,1.0,683.6667,1114.3334,516.6667,925.3333,2.3333333,40.666668,870.6667,11.666667,29518.0,27.0,6105.0,8919.0,14467.0,31.0,0.33333334,8.333333,13.666667,8.666667,5.333889,39.497776,100.09111,1
P058,2013-03-31 00:00:00-04:00,5977.483,39.81388,254.06361,5646.7104,36.894905,1.6666666,1.0,1.3333334,1.3333334,1.0,22866.666,3329.3333,4591.3335,10307.0,4639.0,1536.0,0.0,462.66666,1070.6666,2.6666667,0.0,0.0,0.0,0.0,0.0,80343.0,20730.666,20221.666,18741.334,20649.334,1536.0,0.0,462.66666,1070.6666,2.6666667,908.6667,0.0,34.666668,874.0,0.0,41235.668,1805.6666,4444.3335,13757.0,21228.666,27.0,0.6666667,5.3333335,14.0,7.0,5.333889,39.497776,100.09111,0
P058,2013-04-01 00:00:00-04:00,11743.356,40.348083,257.44568,11408.073,37.4895,2.0,1.0,1.3333334,1.6666666,1.0,22975.334,2466.3333,4006.6667,8115.0,8387.333,2248.3333,8.333333,466.33334,1773.0,0.6666667,14.666667,0.0,2.6666667,12.0,0.0,79803.664,20606.666,20048.666,18217.666,20930.666,2263.0,8.333333,469.0,1785.0,0.6666667,1073.0,7.6666665,104.0,956.6667,4.6666665,38417.668,1873.0,4650.0,13660.0,18234.666,25.0,1.3333334,3.0,14.333333,6.3333335,5.141389,41.037777,100.09111,0
P058,2013-04-02 00:00:00-04:00,12844.737,41.083073,3252.601,9181.769,369.2845,2.3333333,1.0,1.6666666,2.0,1.3333334,32124.0,2739.6667,5659.6665,9105.333,14619.333,2553.6667,8.333333,458.66666,1478.0,608.6667,118.666664,0.0,2.6666667,116.0,0.0,81138.664,20894.0,20357.334,19463.666,20423.666,2672.3333,8.333333,461.33334,1594.0,608.6667,327.33334,7.6666665,89.666664,200.66667,29.333334,27710.0,1873.0,3314.6667,10469.0,12053.333,24.0,1.3333334,2.6666667,12.666667,7.3333335,3.5244443,49.884445,96.00222,0
P058,2013-04-03 00:00:00-04:00,13853.42,59.711937,3486.6023,9686.084,621.0217,3.6666667,1.3333334,2.3333333,2.6666667,2.0,46948.668,2236.3333,10372.667,14947.333,19392.334,3858.6667,10.0,803.6667,2231.3333,813.6667,192.66667,0.0,2.6666667,186.66667,3.3333333,79265.336,20958.334,20002.666,18547.666,19756.666,4051.3333,10.0,806.3333,2418.0,817.0,894.3333,72.0,169.33333,349.0,304.0,18105.334,67.333336,5086.0,7014.6665,5937.3335,21.0,0.6666667,3.3333333,10.666667,6.3333335,4.4019446,42.864445,96.00222,0
P058,2013-04-04 00:00:00-04:00,69422.56,64.29852,61653.98,6891.775,812.5108,3.6666667,1.3333334,2.3333333,2.6666667,2.3333333,51637.668,882.3333,13913.667,18240.0,18601.666,5068.0,1.6666666,2483.6667,1767.0,815.6667,191.33333,0.0,11.666667,176.33333,3.3333333,72351.664,20996.666,17135.666,18773.334,15446.0,5259.3335,1.6666666,2495.3333,1943.3334,819.0,2653.6667,64.333336,1708.3334,551.6667,329.33334,18550.334,0.0,6724.0,6776.3335,5050.0,23.0,0.0,6.3333335,11.0,5.6666665,4.9220834,31.304445,88.60333,0
P058,2013-04-05 00:00:00-04:00,62950.52,64.82545,58864.684,3532.8147,488.19614,3.6666667,1.3333334,2.6666667,2.0,2.0,54219.0,1184.6666,15183.0,19249.666,18601.666,4172.3335,1.6666666,2827.6667,1070.3334,272.66666,87.333336,0.0,11.666667,72.333336,3.3333333,72543.664,20763.666,16484.334,19358.334,15937.333,4259.6665,1.6666666,2839.3333,1142.6666,276.0,2660.6667,64.333336,1774.0,517.6667,304.66666,21081.334,0.0,8057.3335,6694.6665,6329.3335,23.666666,0.0,7.3333335,11.0,5.3333335,4.549907,33.97333,88.294815,0
P058,2013-04-06 00:00:00-04:00,68876.18,42.80141,58638.73,6975.8037,3218.8462,3.3333333,1.0,2.0,2.3333333,1.6666666,49396.332,938.6667,12542.0,17080.334,18835.334,3892.0,0.0,2575.0,894.0,423.0,14.333333,0.0,12.666667,1.6666666,0.0,72763.664,20763.666,16685.334,19438.334,15876.333,3906.3333,0.0,2587.6667,895.6667,423.0,2994.6667,0.0,1819.0,697.6667,478.0,25261.334,0.0,6843.6665,8396.0,10021.667,28.666666,0.0,8.666667,10.0,10.0,5.351852,33.426666,94.163704,0
P058,2013-04-07 00:00:00-04:00,13564.793,51.897755,789.0122,9678.463,3045.4202,4.0,1.0,2.0,2.6666667,1.6666666,39893.668,1522.6666,9736.333,14800.333,13834.333,2728.3333,3.6666667,597.0,1705.3334,422.33334,2.6666667,0.0,1.0,1.6666666,0.0,79344.664,20484.666,20174.334,18607.666,20078.0,2731.0,3.6666667,598.0,1707.0,422.33334,1342.6666,6.6666665,225.66667,660.6667,449.66666,20449.666,0.0,2718.0,8516.333,9215.333,26.0,0.0,6.3333335,9.0,10.666667,5.7454166,36.75778,100.64333,0
P058,2013-04-08 00:00:00-04:00,13592.352,49.421505,809.0612,9679.025,3054.8438,4.0,1.0,2.0,2.6666667,1.6666666,35297.668,918.3333,11172.0,14654.667,8552.667,2648.3333,3.6666667,582.6667,1704.6666,357.33334,2.6666667,0.0,1.0,1.6666666,0.0,79941.664,20608.666,20374.0,18674.334,20284.666,2651.0,3.6666667,583.6667,1706.3334,357.33334,1365.0,6.6666665,173.33333,732.0,453.0,19259.0,0.0,2803.6667,6825.6665,9629.667,27.0,0.0,6.6666665,7.6666665,12.666667,6.95375,31.253334,104.80556,0
P058,2013-04-09 00:00:00-04:00,15421.989,56.122143,853.35913,6889.8315,7622.6763,3.6666667,1.0,2.0,2.3333333,1.6666666,37804.0,738.0,15110.667,14745.333,7210.0,3352.3333,6.0,490.33334,1969.3334,886.6667,142.0,0.0,0.0,1.6666666,140.33333,79901.336,20740.666,20706.0,18848.334,19606.334,3494.3333,6.0,490.33334,1971.0,1027.0,1080.0,7.6666665,61.666668,418.33334,592.3333,17405.666,0.0,4228.6665,4726.0,8451.0,27.333334,0.0,8.333333,6.6666665,12.333333,6.2222223,28.302221,96.00222,1
P058,2013-04-10 00:00:00-04:00,40465.176,46.91517,688.7516,31911.004,7818.5034,3.3333333,1.0,2.6666667,2.0,1.6666666,43734.332,749.6667,13598.0,17025.334,12361.333,4391.6665,2.3333333,895.6667,2087.6667,1406.0,216.0,0.0,5.0,70.666664,140.33333,77553.336,21201.0,20208.666,17306.0,18837.666,4607.6665,2.3333333,900.6667,2158.3333,1546.3334,2380.6667,1.0,46.333332,1662.6666,670.6667,25201.0,0.0,6167.3335,6298.6665,12735.0,32.0,0.0,7.6666665,10.333333,14.0,6.2222223,28.302221,96.00222,0
P058,2013-04-12 00:00:00-04:00,48477.445,52.230816,910.5432,46187.574,1327.096,4.0,1.0,3.0,2.0,2.5,44444.5,899.0,8089.5,16532.5,18923.5,4609.0,0.0,1465.5,1807.0,1336.5,116.0,0.0,10.0,106.0,0.0,76373.5,21084.5,19440.5,16490.0,19358.5,4725.0,0.0,1475.5,1913.0,1336.5,2936.5,0.0,114.0,2586.5,236.0,27828.5,0.0,8842.0,7787.5,11199.0,31.0,0.0,8.0,11.5,11.5,0.0,0.0,0.0,1
P058,2013-04-13 00:00:00-04:00,10496.379,40.296337,367.8054,8781.011,1307.2656,3.5,1.0,1.5,2.0,2.5,40911.0,0.0,10327.5,16532.5,14051.0,3017.0,0.0,927.0,973.5,1116.5,121.5,0.0,2.5,119.0,0.0,80069.5,21317.5,20293.0,18976.0,19483.0,3138.5,0.0,929.5,1092.5,1116.5,1795.5,0.0,101.0,1240.5,454.0,25251.0,0.0,8787.0,8041.5,8422.5,30.0,0.0,12.0,6.5,11.5,6.877222,27.106667,100.04667,0
P058,2013-04-14 00:00:00-04:00,7228.7397,37.731297,260.28467,6044.3354,886.3885,3.0,1.0,1.3333334,2.0,2.0,45969.668,6691.3335,14085.0,15780.333,9413.0,2486.3333,0.0,618.0,1062.0,806.3333,81.0,0.0,1.6666666,79.333336,0.0,80314.664,21410.0,20726.334,18052.666,20125.666,2567.3333,0.0,619.6667,1141.3334,806.3333,2580.3333,0.0,67.333336,2210.3333,302.66666,25461.0,292.66666,8223.667,10308.667,6636.0,32.0,0.6666667,11.333333,9.0,11.0,6.877222,27.106667,100.04667,0
P058,2013-04-15 00:00:00-04:00,6966.8545,33.571774,259.5406,6297.08,376.66162,3.0,1.0,1.6666666,2.3333333,1.6666666,41156.668,6691.3335,13571.0,14770.667,6123.6665,2719.0,0.0,412.0,1728.6666,578.3333,95.333336,0.0,1.0,81.0,13.333333,79540.0,21592.666,20980.666,17264.666,19702.0,2814.3333,0.0,413.0,1809.6666,591.6667,3822.0,0.0,201.0,2518.6667,1102.3334,21076.334,292.66666,7652.6665,9407.667,3723.3333,33.333332,0.6666667,13.0,12.0,7.6666665,6.877222,27.106667,100.04667,0
P058,2013-04-16 00:00:00-04:00,8207.543,39.098026,7126.8057,613.65424,427.98514,3.0,1.0,2.0,2.3333333,1.6666666,31050.334,6973.3335,11646.333,7571.3335,4859.3335,2314.3333,0.0,588.6667,1334.0,391.66666,24.333334,0.0,4.3333335,6.6666665,13.333333,78466.336,21593.334,20051.0,17696.666,19125.334,2338.6667,0.0,593.0,1340.6666,405.0,5572.6665,0.0,950.3333,2556.3333,2066.0,19743.334,292.66666,7074.3335,8371.333,4005.0,37.333332,0.6666667,13.0,13.0,10.666667,0.0,0.0,0.0,0
P058,2013-04-17 00:00:00-04:00,8471.124,40.63791,7342.107,456.08795,632.2912,3.6666667,1.0,2.3333333,2.3333333,2.0,26174.0,282.0,8893.0,5383.6665,11615.333,3677.0,0.0,832.0,1555.6666,1289.3334,178.33333,0.0,88.0,6.6666665,83.666664,77866.336,21592.666,19724.666,18541.334,18007.666,3855.3333,0.0,920.0,1562.3334,1373.0,4651.3335,0.0,951.0,1488.0,2212.3333,22446.334,0.0,7882.0,6029.0,8535.333,38.0,0.0,11.0,15.0,12.0,6.5572224,27.975555,98.35555,0
P058,2013-04-18 00:00:00-04:00,8108.5703,40.515884,7235.0356,289.5376,543.48083,3.6666667,1.0,2.0,2.3333333,2.0,36084.0,7482.0,13915.0,3516.0,11171.0,3976.0,0.0,707.3333,1143.0,2125.6667,250.66667,0.0,95.666664,81.333336,73.666664,77676.0,21511.0,19859.666,19007.0,17298.334,4226.6665,0.0,803.0,1224.3334,2199.3333,3727.3333,59.333332,756.6667,1097.3334,1814.0,33875.668,0.0,5798.0,11133.667,16944.0,34.666668,0.0,7.0,13.333333,14.333333,6.5572224,27.975555,98.35555,0
P058,2013-04-19 00:00:00-04:00,1602.0044,67.76975,585.2007,524.5781,424.45584,4.3333335,1.3333334,2.0,2.6666667,2.0,47372.332,9128.333,13747.667,8172.3335,16324.0,5103.3335,648.3333,698.6667,1740.6666,2015.6666,268.66666,0.0,96.0,85.0,87.666664,77050.664,20449.666,20156.0,18465.334,17979.666,5372.0,648.3333,794.6667,1825.6666,2103.3333,2395.0,178.33333,175.33333,813.0,1228.3334,40338.5,0.0,6423.5,12914.5,21000.5,29.5,0.0,5.0,13.0,11.5,4.7440276,39.375557,95.25,0
P058,2013-04-20 00:00:00-04:00,10412.149,69.97728,4605.239,5512.415,224.51868,3.6666667,1.3333334,1.6666666,2.6666667,1.6666666,49545.332,16328.333,13492.667,6071.0,13653.333,3952.0,648.3333,545.6667,1702.0,1056.0,198.0,0.0,95.666664,85.0,17.333334,77034.664,20439.666,20021.334,17603.666,18970.0,4150.0,648.3333,641.3333,1787.0,1073.3334,3253.6667,178.33333,401.33334,1592.0,1082.0,46687.0,0.0,3327.0,18013.0,25347.0,21.0,0.0,6.0,6.0,9.0,2.9308333,50.775555,92.14445,0
P058,2013-04-21 00:00:00-04:00,10330.502,67.524086,4491.9014,5592.432,178.64421,3.3333333,1.3333334,1.3333334,2.6666667,1.3333334,53276.668,16328.333,11618.333,8093.6665,17236.334,3271.0,648.3333,390.0,1961.3334,271.33334,109.666664,0.0,87.0,8.666667,14.0,78393.0,20268.666,20051.0,17622.334,20451.0,3380.6667,648.3333,477.0,1970.0,285.33334,2780.0,119.0,395.33334,1596.3334,669.3333,11317.0,0.0,0.0,0.0,11317.0,26.0,0.0,0.0,0.0,26.0,2.9308333,50.775555,92.14445,1
P058,2013-04-22 00:00:00-04:00,10104.597,36.32679,4506.884,5264.624,296.76202,3.0,1.0,1.6666666,2.0,1.3333334,48821.332,14633.667,11215.0,6498.6665,16474.0,1878.3334,0.0,330.0,1146.6666,401.66666,149.33333,0.0,146.66667,0.0,2.6666667,80690.664,21330.666,20329.334,19089.666,19941.0,2027.6666,0.0,476.66666,1146.6666,404.33334,2640.3333,0.0,410.66666,1176.0,1053.6666,10378.0,65.5,4654.0,0.0,5658.5,16.0,0.5,2.5,0.0,13.0,0.0,0.0,0.0,0
P058,2013-04-23 00:00:00-04:00,1699.206,30.173328,272.5058,1099.8177,296.70917,3.3333333,1.0,1.6666666,2.3333333,1.3333334,51305.668,14633.667,12768.333,10195.667,13708.0,3224.0,0.0,244.0,2165.3333,814.6667,89.333336,0.0,63.333332,23.333334,2.6666667,80043.336,21326.666,20714.666,18365.666,19636.334,3313.3333,0.0,307.33334,2188.6667,817.3333,2354.0,0.0,244.0,979.3333,1130.6666,10378.0,65.5,4654.0,0.0,5658.5,16.0,0.5,2.5,0.0,13.0,0.0,0.0,0.0,1
P058,2013-04-24 00:00:00-04:00,7308.149,40.408417,295.1959,6471.7163,500.82837,3.3333333,1.0,2.0,2.0,1.6666666,40443.332,8127.6665,9849.0,13437.333,9029.333,3658.3333,0.0,248.33333,2287.6667,1122.3334,313.66666,0.0,63.333332,28.0,222.33333,79539.0,21572.666,21005.334,17957.334,19003.666,3972.0,0.0,311.66666,2315.6667,1344.6666,2692.0,0.0,248.33333,1288.0,1155.6666,9439.0,131.0,9308.0,0.0,0.0,6.0,1.0,5.0,0.0,0.0,7.176111,36.626667,111.95778,0
P058,2013-04-25 00:00:00-04:00,7358.1865,43.101616,60.888,6723.3433,530.85345,3.3333333,1.0,1.3333334,2.3333333,2.0,41584.668,8909.333,10758.0,17575.334,4342.0,4343.3335,63.0,71.666664,2606.6667,1602.0,318.66666,0.0,0.0,28.0,290.66666,77575.664,21356.0,21230.0,16373.667,18616.0,4662.0,63.0,71.666664,2634.6667,1892.6666,3071.3333,9.0,64.333336,2302.6667,695.3333,0.0,0.0,0.0,0.0,0.0,0.0,0.0,0.0,0.0,0.0,7.176111,36.626667,111.95778,0
P058,2013-04-26 00:00:00-04:00,6998.5645,48.181664,283.64133,6143.898,522.8436,3.6666667,1.0,2.0,2.3333333,2.0,30771.0,1745.3334,8283.333,17708.666,3033.6667,2980.3333,63.0,450.0,1278.3334,1189.0,295.33334,0.0,0.0,4.6666665,290.66666,79750.336,21255.0,20850.334,18609.0,19036.0,3275.6667,63.0,450.0,1283.0,1479.6666,2113.0,9.0,77.0,1408.6666,618.3333,0.0,0.0,0.0,0.0,0.0,0.0,0.0,0.0,0.0,0.0,6.4844446,39.28,109.077774,0
P058,2013-04-27 00:00:00-04:00,7110.112,36.598606,3057.6685,3424.7136,591.13135,4.0,1.0,2.3333333,2.3333333,2.6666667,36623.668,7334.0,13077.0,12975.333,3237.3333,3459.3333,63.0,848.0,723.3333,1825.0,80.0,0.0,0.0,0.0,80.0,78080.664,21126.666,19955.666,18934.666,18063.666,3539.3333,63.0,848.0,723.3333,1905.0,2754.6667,9.0,394.0,1423.3334,928.3333,0.0,0.0,0.0,0.0,0.0,0.0,0.0,0.0,0.0,0.0,5.792778,41.933334,106.19778,0
P058,2013-04-28 00:00:00-04:00,6609.264,32.38952,3063.647,3188.6787,324.5489,3.0,1.0,2.3333333,2.0,2.0,29088.334,7122.6665,11350.333,9044.333,1571.0,2333.3333,5.3333335,791.0,400.0,1137.0,9.0,0.0,0.0,0.0,9.0,81455.0,21278.0,20203.0,20461.666,19512.334,2342.3333,5.3333335,791.0,400.0,1146.0,1318.3334,0.0,403.33334,451.33334,463.66666,0.0,0.0,0.0,0.0,0.0,0.0,0.0,0.0,0.0,0.0,5.9009724,42.627777,107.757774,0
P058,2013-04-29 00:00:00-04:00,6457.356,58.04946,3072.2134,2954.8953,372.1977,2.6666667,1.0,2.3333333,1.3333334,2.0,26880.0,7086.6665,10692.0,4790.3335,4311.0,2047.3334,5.3333335,791.3333,113.666664,1137.0,14.333333,0.0,5.3333335,0.0,9.0,81006.336,21249.0,19989.666,20506.666,19261.0,2061.6667,5.3333335,796.6667,113.666664,1146.0,1316.3334,0.0,404.0,448.0,464.33334,0.0,0.0,0.0,0.0,0.0,0.0,0.0,0.0,0.0,0.0,5.984028,36.856667,102.65111,0
P058,2013-04-30 00:00:00-04:00,1295.3364,95.9647,522.60913,321.13843,355.62418,2.3333333,1.0,1.6666666,1.3333334,1.6666666,31846.666,8004.0,10690.0,7837.0,5315.6665,1383.0,5.3333335,389.0,646.0,342.66666,107.333336,0.0,5.3333335,102.0,0.0,83215.664,21322.334,20908.334,20493.0,20492.0,1490.3334,5.3333335,394.33334,748.0,342.66666,412.0,0.0,82.666664,55.666668,273.66666,0.0,0.0,0.0,0.0,0.0,0.0,0.0,0.0,0.0,0.0,5.984028,36.856667,102.65111,0
P058,2013-05-01 00:00:00-04:00,1756.0343,96.64206,732.23364,305.82764,621.33093,3.3333333,1.0,2.3333333,1.3333334,2.3333333,33541.0,7575.3335,15140.0,4634.3335,6191.3335,2185.3333,0.0,609.3333,646.0,930.0,107.333336,0.0,5.3333335,102.0,0.0,81758.0,21244.666,20325.666,20359.666,19828.0,2292.6667,0.0,614.6667,748.0,930.0,462.33334,0.0,245.66667,4.0,212.66667,16763.0,0.0,4538.0,2683.0,9542.0,24.0,0.0,6.0,8.0,10.0,5.958889,30.391111,95.98444,0
P058,2013-05-02 00:00:00-04:00,6369.1187,65.58152,602.32,4886.323,814.8941,4.0,1.0,1.6666666,2.0,3.3333333,47939.332,14679.667,19728.0,8269.667,5262.0,3190.0,0.0,226.33333,1350.0,1613.6666,601.0,0.0,0.0,238.66667,362.33334,80880.0,21272.0,20978.0,19684.0,18946.0,3791.0,0.0,226.33333,1588.6666,1976.0,613.6667,0.0,172.33333,84.333336,357.0,8583.5,0.0,2339.0,1473.5,4771.0,13.5,0.0,4.0,4.5,5.0,0.0,0.0,0.0,0
P058,2013-05-03 00:00:00-04:00,6527.2686,28.999607,569.37463,5159.3467,769.5478,4.6666665,1.0,2.0,2.3333333,3.6666667,33053.0,7501.6665,14173.0,5348.3335,6030.0,3005.6667,3.3333333,463.66666,933.0,1605.6666,839.3333,0.0,149.33333,219.66667,470.33334,80209.664,21300.0,20550.0,19643.0,18716.666,3845.0,3.3333333,613.0,1152.6666,2076.0,1091.3334,1.6666666,172.33333,498.66666,418.66666,8583.5,0.0,2339.0,1473.5,4771.0,13.5,0.0,4.0,4.5,5.0,0.0,0.0,0.0,0
P058,2013-05-06 00:00:00-04:00,1452.4049,57.254368,1255.3025,68.83975,71.00832,4.0,1.0,4.0,1.0,1.0,417.0,57.0,340.0,20.0,0.0,2864.0,0.0,472.0,2392.0,0.0,1169.0,0.0,1163.0,6.0,0.0,79768.0,21595.0,19951.0,16628.0,21594.0,4033.0,0.0,1635.0,2398.0,0.0,2576.0,0.0,5.0,2571.0,0.0,12850.0,0.0,3673.0,8026.0,1151.0,39.0,0.0,10.0,19.0,10.0,5.1055555,44.206665,102.973335,0
P058,2013-05-07 00:00:00-04:00,2467.73,58.667656,676.87744,933.8382,798.34674,4.5,1.0,2.5,1.5,3.0,10521.0,386.5,6708.0,613.0,2813.5,3036.0,0.0,236.0,1808.5,991.5,1048.0,0.0,581.5,340.5,126.0,80769.5,21595.5,20768.0,18161.0,20245.0,4084.0,0.0,817.5,2149.0,1117.5,1525.0,0.0,7.5,1285.5,232.0,13430.5,1248.0,2874.0,7960.5,1348.0,35.5,2.5,9.5,16.0,7.5,5.0481944,40.50111,98.80889,0
P058,2013-05-08 00:00:00-04:00,2450.9482,263.93448,705.1808,641.36816,840.46484,4.3333335,1.6666666,2.6666667,1.3333334,3.0,16216.667,5031.0,7061.6665,2247.6667,1876.3334,3698.6667,315.33334,668.6667,1206.6666,1508.0,1095.0,5.0,491.66666,227.0,371.33334,79321.336,21134.666,20278.0,19102.666,18806.0,4793.6665,320.33334,1160.3334,1433.6666,1879.3334,1659.3334,87.333336,18.0,859.6667,694.3333,12987.333,832.0,1916.0,5914.3335,4325.0,37.666668,1.6666666,6.3333335,16.333334,13.333333,5.0481944,40.50111,98.80889,0
P058,2013-05-09 00:00:00-04:00,7253.1533,268.22534,309.92108,5810.6025,864.40454,4.0,1.6666666,1.6666666,2.0,3.0,21230.666,5050.0,6987.6665,3874.0,5319.0,4058.6667,801.0,511.33334,1238.3334,1508.0,1163.0,5.0,104.0,682.6667,371.33334,77871.0,19884.334,20584.0,18831.666,18571.0,5221.6665,806.0,615.3333,1921.0,1879.3334,1729.6666,620.0,16.333334,399.0,694.3333,11757.667,3885.6667,691.6667,3239.0,3941.3333,26.0,3.0,3.0,10.0,10.0,5.2968054,46.44,106.736664,0
P058,2013-05-10 00:00:00-04:00,7100.288,270.51123,620.04114,5233.2646,976.4709,3.6666667,1.6666666,2.3333333,1.6666666,2.3333333,19956.0,6286.0,4664.6665,3505.6667,5499.6665,3845.6667,804.6667,735.0,830.6667,1475.3334,1168.0,5.0,325.33334,457.66666,380.0,77710.336,19575.666,19924.666,19463.666,18746.334,5013.6665,809.6667,1060.3334,1288.3334,1855.3334,1644.0,684.6667,15.333333,400.0,544.0,16069.667,3053.6667,1803.0,3017.3333,8195.667,23.666666,1.3333334,3.0,7.3333335,12.0,5.9995832,48.95778,114.87666,0
P058,2013-05-11 00:00:00-04:00,6404.994,76.51444,395.4269,5239.6436,693.4092,2.6666667,1.0,1.6666666,1.6666666,1.6666666,37017.332,8712.667,7381.0,8224.667,12699.0,2172.0,489.33334,223.66667,830.6667,628.3333,771.6667,0.0,221.33333,457.66666,92.666664,81020.336,20036.666,20685.0,19666.666,20632.0,2943.6667,489.33334,445.0,1288.3334,721.0,1006.3333,597.3333,7.3333335,397.33334,4.3333335,25500.0,3053.6667,2721.6667,8268.667,11456.0,15.666667,1.3333334,4.3333335,5.0,5.0,5.9995832,48.95778,114.87666,0
P058,2013-05-12 00:00:00-04:00,3077.7227,76.44368,393.38843,624.706,1983.1844,2.3333333,1.0,1.6666666,1.3333334,2.0,48759.332,15874.667,14541.667,9006.333,9336.667,2467.6667,3.6666667,223.66667,469.33334,1771.0,1089.6666,0.0,221.33333,100.333336,768.0,81614.664,21272.666,20909.334,20416.334,19016.334,3557.3333,3.6666667,445.0,569.6667,2539.0,673.3333,64.666664,7.3333335,594.3333,7.0,33796.332,0.0,3320.0,13380.333,17096.0,25.0,0.0,4.6666665,10.666667,9.666667,6.396389,41.831112,110.924446,1
P058,2013-05-13 00:00:00-04:00,2926.3032,81.13532,703.21594,735.9537,1405.9983,2.3333333,1.0,2.0,1.6666666,1.3333334,56467.668,21554.334,17014.0,9197.333,8702.0,2578.0,0.0,872.3333,563.0,1142.6666,872.0,0.0,17.333334,179.33333,675.3333,81992.336,21541.0,20567.334,20200.0,19684.0,3450.0,0.0,889.6667,742.3333,1818.0,671.6667,0.0,75.666664,593.3333,2.6666667,35315.332,36.666668,4038.6667,12391.667,18848.334,27.0,0.6666667,7.0,10.333333,9.0,0.0,0.0,0.0,0
P058,2013-05-14 00:00:00-04:00,4520.9917,93.32798,700.0062,1288.4154,2439.242,3.3333333,1.0,2.0,2.0,2.3333333,32291.334,14360.333,12626.667,2647.3333,2657.0,4198.6665,0.0,872.3333,853.3333,2473.0,1446.6666,0.0,17.333334,742.3333,687.0,79228.0,21474.0,20502.666,19062.666,18188.666,5645.3335,0.0,889.6667,1595.6666,3160.0,957.0,0.0,70.666664,804.0,82.333336,31783.334,36.666668,5960.0,10385.333,15401.333,28.333334,0.6666667,7.6666665,10.0,10.0,0.0,0.0,0.0,0
P058,2013-05-15 00:00:00-04:00,3011.3518,92.50634,741.59546,742.76337,1434.4866,3.6666667,1.0,2.3333333,1.6666666,2.6666667,20101.334,7459.0,8183.6665,439.0,4019.6667,3134.6667,0.0,872.3333,385.66666,1876.6666,671.0,0.0,17.333334,642.0,11.666667,81341.0,21399.334,20418.334,20136.0,19387.334,3805.6667,0.0,889.6667,1027.6666,1888.3334,373.33334,0.0,70.666664,210.66667,92.0,26622.0,36.666668,7422.6665,6678.6665,12484.0,26.0,0.6666667,8.666667,6.3333335,10.333333,6.1997223,38.72889,106.248886,0
P058,2013-05-16 00:00:00-04:00,8581.318,88.25405,114.740654,6860.614,1517.7097,3.3333333,1.0,1.3333334,2.0,3.0,8785.333,305.33334,3683.3333,1363.0,3433.6667,3183.0,0.0,0.0,1135.0,2048.0,922.6667,0.0,0.0,911.0,11.666667,80380.0,21335.334,21306.0,18613.0,19125.666,4105.6665,0.0,0.0,2046.0,2059.6667,742.0,0.0,0.0,632.6667,109.333336,23611.0,94.666664,6205.6665,8683.333,8627.333,25.666666,1.6666666,4.6666665,8.0,11.333333,6.1997223,38.72889,106.248886,0
P058,2013-05-17 00:00:00-04:00,7661.077,85.07437,117.1957,6558.5425,900.2646,3.6666667,1.0,1.3333334,2.0,3.0,27994.666,7499.3335,9964.667,8219.333,2311.3333,2098.3333,0.0,0.0,1046.6666,1051.6666,786.3333,0.0,0.0,348.0,438.33334,80663.336,21261.334,21233.666,18726.666,19441.666,2884.6667,0.0,0.0,1394.6666,1490.0,1393.3334,0.0,1.0,1096.6666,295.66666,21281.0,94.666664,3365.6667,6838.0,10982.667,27.666666,1.6666666,2.6666667,7.6666665,15.666667,6.1997223,38.72889,106.248886,0
P058,2013-05-18 00:00:00-04:00,16923.682,215.61412,87.89309,15588.039,1032.1359,3.6666667,1.6666666,1.0,2.3333333,2.6666667,30548.334,8436.667,7701.6665,9454.667,4955.3335,3397.6667,86.0,116.666664,2296.0,899.0,1033.3334,0.0,3.6666667,522.6667,507.0,77566.0,21047.0,20960.334,16345.667,19213.0,4431.0,86.0,120.333336,2818.6667,1406.0,2674.6667,62.666668,96.333336,1987.3334,528.3333,27479.334,2299.6667,1828.6666,11605.0,11746.0,37.333332,5.0,3.6666667,13.666667,15.0,0.0,0.0,0.0,0
P058,2013-05-19 00:00:00-04:00,10610.609,221.91087,88.987915,9361.105,938.60535,3.0,1.6666666,1.0,1.6666666,2.3333333,42468.668,15636.0,12384.667,10091.333,4356.6665,2386.0,86.0,120.0,1452.3334,727.6667,685.3333,0.0,3.6666667,174.66667,507.0,79001.0,20967.334,20869.0,17861.0,19303.666,3071.3333,86.0,123.666664,1627.0,1234.6666,2238.0,62.666668,99.0,1565.3334,511.0,24167.0,2797.0,923.6667,11365.333,9081.0,35.333332,4.3333335,4.6666665,15.333333,11.0,0.0,0.0,0.0,0
P058,2013-05-20 00:00:00-04:00,10933.459,202.28891,87.56799,9108.764,1534.8381,2.0,1.6666666,1.0,1.3333334,1.6666666,29588.0,14491.333,7323.6665,3272.6667,4500.3335,2564.0,86.0,120.0,1249.3334,1108.6666,773.3333,0.0,6.3333335,174.66667,592.3333,79030.336,20883.666,20770.0,18632.334,18744.334,3337.3333,86.0,126.333336,1424.0,1701.0,1536.3334,62.666668,98.0,890.6667,485.0,20938.666,2968.6667,1870.6666,9763.667,6335.6665,35.333332,4.6666665,7.6666665,13.666667,9.333333,0.0,0.0,0.0,0
P058,2013-05-21 00:00:00-04:00,2717.915,75.04085,342.77203,552.2131,1747.8889,2.3333333,1.0,1.6666666,1.6666666,2.0,26064.666,13256.0,10509.0,1880.3334,419.33334,2291.6667,0.0,184.33333,376.0,1731.3334,1004.6667,0.0,243.0,232.0,529.6667,79210.0,20910.666,20397.0,19940.0,17962.334,3296.3333,0.0,427.33334,608.0,2261.0,762.3333,0.0,2.6666667,225.66667,534.0,13818.667,878.0,2193.3333,5924.6665,4822.6665,25.666666,2.0,7.3333335,6.6666665,9.666667,7.4480557,25.964445,103.47111,0
P058,2013-05-22 00:00:00-04:00,2992.23,70.8228,345.78723,547.80273,2027.8173,3.3333333,1.0,1.6666666,1.6666666,3.0,14529.0,6066.0,8175.3335,95.0,192.66667,2985.6667,0.0,181.0,376.0,2428.6667,1076.6666,0.0,243.0,232.0,601.6667,78146.0,20748.334,20257.666,19986.666,17153.334,4062.3333,0.0,424.0,608.0,3030.3333,1028.0,0.0,0.0,225.66667,802.3333,15710.333,286.0,1834.3334,3498.0,10092.0,23.333334,1.0,5.6666665,2.3333333,14.333333,7.4480557,25.964445,103.47111,0
P058,2013-05-23 00:00:00-04:00,10914.016,82.85205,350.0895,9466.974,1014.1,3.6666667,1.0,1.6666666,2.3333333,2.6666667,19297.0,6012.3335,13202.0,62.333332,20.333334,2988.0,75.0,184.0,1015.3333,1713.6666,1038.0,0.0,240.33333,719.6667,78.0,78227.0,20885.666,20495.334,17951.0,18895.0,4026.0,75.0,424.33334,1735.0,1791.6666,1961.3334,11.333333,0.0,1387.6666,562.3333,19519.0,185.0,2615.0,7742.0,8977.0,26.0,1.0,3.6666667,9.666667,11.666667,7.4480557,25.964445,103.47111,0
P058,2013-05-24 00:00:00-04:00,9515.826,79.33689,84.34328,8989.621,362.52502,2.6666667,1.0,1.0,1.6666666,2.0,15577.333,6012.3335,9533.0,13.0,19.0,1488.6666,75.0,3.0,639.3333,771.3333,633.3333,0.0,0.0,487.66666,145.66667,81849.0,21162.0,21242.666,19118.334,20326.0,2122.0,75.0,3.0,1127.0,917.0,1506.3334,11.333333,0.0,1162.0,333.0,22175.0,70.666664,3707.6667,6376.6665,12020.0,28.333334,0.33333334,3.0,11.666667,13.333333,0.0,0.0,0.0,0
P058,2013-05-25 00:00:00-04:00,10017.854,82.728745,76.87666,8998.498,859.74994,3.3333333,1.0,1.0,1.6666666,2.6666667,16904.334,6006.3335,9422.0,27.666666,1448.3334,1725.0,75.0,3.0,641.0,1006.0,1027.0,0.0,0.0,487.66666,539.3333,82083.664,21481.0,21534.334,19209.334,19859.0,2752.0,75.0,3.0,1128.6666,1545.3334,1246.0,11.333333,0.0,1162.0,72.666664,25681.334,1677.3334,3979.6667,8653.0,11371.333,30.666666,1.6666666,3.0,14.666667,11.333333,0.0,0.0,0.0,0
P058,2013-05-26 00:00:00-04:00,1540.3461,79.63773,65.57964,89.50977,1305.619,3.0,1.0,1.0,1.0,3.0,22705.334,7204.6665,9456.333,4500.6665,1543.6666,1167.3334,0.0,0.0,1.6666666,1165.6666,956.3333,0.0,0.0,0.0,956.3333,83250.336,21463.334,21410.666,21335.334,19041.0,2123.6667,0.0,0.0,1.6666666,2122.0,137.33333,0.0,0.0,0.0,137.33333,31735.0,4383.0,3765.0,10374.0,13213.0,28.333334,3.0,2.6666667,9.666667,13.0,0.0,0.0,0.0,0
P058,2013-05-27 00:00:00-04:00,12113.049,80.68093,480.68457,4023.3389,7528.3447,4.0,1.0,2.0,1.3333334,3.3333333,26337.334,7206.6665,11693.0,5834.6665,1603.0,3603.3333,0.0,653.0,1209.6666,1740.6666,968.0,0.0,1.6666666,2.6666667,963.6667,78892.0,21283.0,20523.0,19411.334,17674.666,4571.3335,0.0,654.6667,1212.3334,2704.3333,1263.0,0.0,40.333332,508.0,714.6667,35053.332,4900.6665,3759.0,13319.0,13074.667,34.666668,3.6666667,6.0,10.666667,14.333333,0.0,0.0,0.0,0
P058,2013-05-28 00:00:00-04:00,11910.583,80.92175,489.90417,4595.6567,6744.1,3.3333333,1.0,2.0,2.3333333,1.6666666,33092.668,8286.667,14993.667,8201.0,1611.3334,2979.0,0.0,653.0,1506.0,820.0,1173.0,0.0,1.6666666,673.3333,498.0,78395.0,21079.334,20326.666,18106.334,18882.666,4152.0,0.0,654.6667,2179.3333,1318.0,1404.3334,0.0,40.333332,657.3333,706.6667,37460.332,4443.6665,5537.0,13740.0,13739.667,38.333332,3.6666667,7.6666665,13.333333,13.666667,3.085,30.193333,72.795555,0
P059,2013-03-28 00:00:00-04:00,5483.4727,238.76776,2988.268,1053.0831,1203.3536,7.5,2.0,4.0,3.5,4.5,54217.5,7584.5,11514.0,15363.5,19755.5,7158.5,805.5,1567.0,2269.5,2516.5,2619.5,11.5,1630.0,330.0,648.0,65658.0,17179.5,13797.5,17628.5,17052.5,9778.0,817.0,3197.0,2599.5,3164.5,9385.5,3331.0,4313.5,942.5,798.5,22718.5,1050.5,4230.0,8512.0,8926.0,30.5,5.5,5.5,9.5,10.0,5.3247223,50.84,94.00667,1
P059,2013-03-29 00:00:00-04:00,5511.361,297.92432,2674.931,1280.0293,1258.4766,7.6666665,2.3333333,4.3333335,4.0,4.3333335,57043.668,7353.6665,13387.333,15932.333,20370.334,7685.0,700.3333,1254.6666,2170.0,3560.0,2658.3333,81.333336,1422.3334,540.0,614.6667,60994.668,13688.0,14171.333,17443.0,15692.333,10343.333,781.6667,2677.0,2710.0,4174.6665,13335.667,6662.0,4283.0,1048.0,1342.6666,25999.334,1014.3333,5020.6665,9009.0,10955.333,33.0,5.0,5.6666665,12.333333,10.0,5.3247223,50.84,94.00667,1
P059,2013-03-30 00:00:00-04:00,4223.9395,324.20187,1663.3778,1287.3702,948.98944,7.0,2.3333333,3.6666667,4.3333335,3.3333333,53936.668,11510.0,12306.0,16579.666,13541.0,6849.3335,1647.3334,617.3333,1824.0,2760.6667,2198.6667,149.66667,789.6667,571.3333,688.0,61983.332,12311.667,15734.0,17409.666,16528.0,9048.0,1797.0,1407.0,2395.3333,3448.6667,12714.333,6586.3335,3716.3333,1265.3334,1146.3334,24946.0,3160.6667,4108.3335,8955.667,8721.333,34.666668,7.0,4.0,11.666667,12.0,6.9688888,59.70889,116.02889,0
P059,2013-03-31 00:00:00-04:00,2956.48,315.3944,721.50507,1223.5072,696.0732,6.3333335,2.3333333,2.3333333,4.6666665,2.6666667,39744.332,7201.3335,7507.0,15597.333,9438.667,5639.6665,1642.6666,210.0,1208.3334,2578.6667,2027.3334,185.0,335.66666,807.3333,699.3333,57779.332,11910.0,11813.667,17863.334,16192.333,7667.0,1827.6666,545.6667,2015.6666,3278.0,18575.666,6877.0,8437.667,1337.3334,1923.6666,23262.666,4128.6665,2200.6667,7619.6665,9313.667,32.666668,7.0,2.0,11.666667,12.0,7.3245835,62.85,122.01556,0
P059,2013-04-01 00:00:00-04:00,2785.2788,188.5816,664.0028,1007.0492,925.64526,6.3333335,1.6666666,2.3333333,4.6666665,2.6666667,32216.334,6332.0,5668.6665,14357.333,5858.3335,4317.6665,1479.3334,519.0,1036.6666,1282.6666,2489.0,111.333336,345.66666,946.3333,1085.6666,55680.332,11116.667,10548.0,17038.666,16977.0,6806.6665,1590.6666,864.6667,1983.0,2368.3333,22105.0,8190.0,9637.0,2275.3333,2002.6666,25679.0,4285.0,4048.0,9359.667,7986.3335,34.0,6.6666665,2.6666667,10.0,14.666667,6.7127776,55.74,110.01111,1
P059,2013-04-02 00:00:00-04:00,3052.3884,149.00644,852.0565,1041.0168,1010.30853,6.3333335,1.3333334,3.0,4.3333335,3.0,32494.666,5553.0,6175.6665,10414.333,10351.667,4495.6665,77.666664,599.0,1213.3334,2605.6667,2643.3333,42.333332,545.0,1086.0,970.0,49039.0,9227.0,8625.667,16174.333,15012.0,7139.0,120.0,1144.0,2299.3333,3575.6667,29287.666,11975.667,11500.667,2936.0,2875.3333,29785.0,3234.6667,5951.0,10595.0,10004.333,31.666666,4.3333335,3.3333333,11.0,13.0,6.584722,53.755554,107.00222,0
P059,2013-04-03 00:00:00-04:00,3863.1292,69.58463,1370.7773,1321.0125,1101.7549,8.0,1.3333334,4.3333335,4.6666665,4.0,35418.668,7008.6665,10610.0,7686.3335,10113.667,5614.3335,374.66666,930.0,1553.0,2756.6667,3709.6667,89.333336,1000.3333,1637.0,983.0,48255.332,7239.6665,12184.333,13982.0,14849.333,9324.0,464.0,1930.3334,3190.0,3739.6667,27946.334,13730.333,7272.6665,4196.6665,2746.6667,37444.0,2605.3333,8691.667,13024.667,13122.333,37.0,3.3333333,4.6666665,15.666667,13.333333,5.244583,48.475555,91.001114,1
P059,2013-04-04 00:00:00-04:00,14342.13,187.7139,1192.9813,2198.0962,10763.339,7.6666665,2.0,3.6666667,4.6666665,4.0,32483.666,6953.0,12736.667,4811.0,7983.0,5583.3335,454.66666,1005.3333,1713.6666,2409.6667,3011.0,95.333336,1144.6666,1276.3334,494.66666,51794.0,8566.0,12643.0,14244.0,16341.0,8594.333,550.0,2150.0,2990.0,2904.3333,24727.666,12182.667,6472.6665,4011.0,2061.3333,34706.668,2619.0,7387.6665,12121.667,12578.333,41.333332,4.3333335,3.6666667,15.666667,17.666666,4.747083,53.455555,92.001114,0
P059,2013-04-05 00:00:00-04:00,101875.055,44394.21,37477.21,5546.9917,14456.639,9.0,2.6666667,5.0,5.3333335,4.0,33518.0,3575.6667,10901.667,8721.667,10319.0,4333.6665,464.33334,1435.0,1261.0,1173.3334,2644.3333,105.333336,1078.0,1039.6666,421.33334,60110.0,11837.667,13757.667,15947.667,18567.0,6978.0,569.6667,2513.0,2300.6667,1594.6666,17868.666,8898.667,4957.6665,2945.0,1067.3334,34851.0,2644.6667,8138.3335,11797.667,12270.333,61.333332,7.6666665,9.333333,23.0,21.333334,4.747083,53.455555,92.001114,0
P059,2013-04-06 00:00:00-04:00,116975.99,56464.887,40857.105,5365.8687,14288.128,8.0,3.3333333,4.0,5.0,3.0,41420.332,5125.3335,8266.667,14690.667,13337.667,4361.6665,615.3333,1104.6666,987.0,1654.6666,1302.6666,114.0,622.6667,331.66666,234.33333,67730.0,15045.333,16138.667,18522.666,18023.334,5664.3335,729.3333,1727.3334,1318.6666,1889.0,11036.333,5562.0,3360.0,1451.3334,663.0,25887.0,4137.3335,5397.6665,8661.0,7691.0,57.0,8.333333,8.0,18.666666,22.0,5.8980556,54.25,102.003334,0
P059,2013-04-07 00:00:00-04:00,198765.0,56444.56,40424.48,4620.0127,97275.95,8.333333,3.0,3.3333333,4.6666665,3.6666667,50891.0,9438.667,3466.3333,19076.334,18909.666,4849.3335,621.0,510.33334,1209.3334,2508.6667,755.6667,108.0,132.66667,249.66667,265.33334,67900.0,16758.666,15216.333,19197.666,16727.334,5605.0,729.0,643.0,1459.0,2774.0,8859.667,1954.0,5366.6665,596.6667,942.3333,17238.334,3854.6667,2653.6667,5147.6665,5582.3335,48.666668,8.0,6.3333335,17.333334,17.0,7.3019443,57.02,116.00445,0
P059,2013-04-08 00:00:00-04:00,111852.33,12253.494,4603.6963,1158.1127,93837.02,8.666667,2.6666667,3.3333333,4.3333335,4.0,56785.332,11752.333,9188.667,16934.666,18909.666,6601.6665,682.3333,1224.6666,2213.0,2481.6667,914.6667,103.333336,153.0,241.0,417.33334,60235.332,12226.667,13425.333,18080.666,16502.666,7516.3335,785.6667,1377.6666,2454.0,2899.0,14248.0,6255.3335,6336.6665,655.0,1001.0,12764.667,2719.6667,2537.3333,4617.0,2890.6667,31.666666,5.0,3.3333333,11.333333,12.0,6.0684724,52.22222,101.33889,0
P059,2013-04-09 00:00:00-04:00,96025.71,160.98572,952.7434,870.71564,94041.266,8.333333,1.6666666,4.0,3.6666667,4.6666665,56562.0,8204.0,14188.333,12708.667,21461.0,6700.6665,161.0,2047.6666,2884.0,1608.0,1002.6667,5.3333335,326.33334,167.33333,503.66666,60264.668,12311.0,13073.0,16969.666,17911.0,7703.3335,166.33333,2374.0,3051.3333,2111.6667,14006.0,6627.6665,5520.0,1011.0,847.3333,15716.333,252.0,4984.0,7583.0,2897.3333,32.0,2.3333333,5.6666665,12.333333,11.666667,5.46375,40.394444,84.67333,1
P059,2013-04-12 00:00:00-04:00,3017.1685,355.92862,725.3152,875.94617,1059.9784,7.0,2.0,2.0,3.0,4.0,62076.0,5265.0,17997.0,17214.0,21600.0,11983.0,341.0,4787.0,2722.0,4133.0,1143.0,107.0,338.0,378.0,320.0,66557.0,20920.0,15305.0,17521.0,12811.0,13126.0,448.0,5125.0,3100.0,4453.0,3741.0,231.0,1156.0,973.0,1381.0,25090.0,2184.0,6125.0,6387.0,10394.0,56.0,11.0,9.0,19.0,17.0,0.0,0.0,0.0,0
P059,2013-04-13 00:00:00-04:00,2050.1155,254.00813,378.71924,654.9877,762.4006,6.0,2.0,1.5,2.5,3.5,57697.0,8877.0,11247.0,19407.0,18166.0,12127.0,2476.0,2394.5,1773.0,5483.5,817.5,72.5,169.0,211.0,365.0,67446.0,16805.0,18436.5,18949.0,13255.5,12944.5,2548.5,2563.5,1984.0,5848.5,2480.0,211.5,591.0,663.0,1014.5,20986.0,3477.0,3062.5,5037.0,9409.5,52.0,6.5,4.5,17.0,24.0,7.2105556,59.753334,118.00667,1
P059,2013-04-14 00:00:00-04:00,2366.2021,289.31573,440.01465,898.9553,737.91644,6.0,2.0,1.3333334,3.0,3.3333333,64729.0,13118.0,14698.0,18907.666,18005.334,10899.333,1959.0,1712.0,2477.0,4751.3335,953.6667,133.66667,156.0,318.33334,345.66666,69329.664,17493.0,19245.666,17942.334,14648.667,11853.0,2092.6667,1868.0,2795.3333,5097.0,2856.3333,654.0,479.66666,858.3333,864.3333,21119.334,4987.6665,2320.6667,6100.3335,7710.6665,63.666668,16.0,5.6666665,18.333334,23.666666,7.2105556,59.753334,118.00667,1
P059,2013-04-15 00:00:00-04:00,2314.191,187.91537,445.88022,968.61053,711.78485,6.0,1.6666666,1.6666666,3.6666667,3.0,71503.0,18563.0,15899.0,19035.666,18005.334,9186.0,2016.3334,1373.3334,2203.3333,3593.0,964.3333,132.66667,164.66667,348.66666,318.33334,72213.336,17362.334,19650.334,18010.666,17190.0,10150.333,2149.0,1538.0,2552.0,3911.3333,2656.3333,727.3333,408.0,1031.0,490.0,22006.666,6773.6665,2348.0,6888.3335,5996.6665,82.666664,25.0,5.3333335,23.666666,28.666666,7.2105556,59.753334,118.00667,0
P059,2013-04-17 00:00:00-04:00,142915.23,42.016987,748.20166,1085.4944,141039.52,7.0,1.0,3.0,4.5,4.0,77948.5,21600.0,17911.5,16837.0,21600.0,6573.0,260.5,3369.5,1621.5,1321.5,1344.5,52.0,460.0,409.0,423.5,75050.5,21022.0,16895.0,18153.5,18980.0,7917.5,312.5,3829.5,2030.5,1745.0,3408.5,261.5,871.0,1408.5,867.5,27181.0,3841.5,5534.5,6986.5,10818.5,89.5,20.0,6.0,28.5,35.0,0.0,0.0,0.0,0
P059,2013-04-18 00:00:00-04:00,230140.88,34.30732,963.7059,87661.875,141481.0,7.5,1.0,4.0,3.5,5.0,77066.5,21600.0,17911.5,15955.0,21600.0,7383.5,25.5,2701.0,1269.5,3387.5,1222.0,0.0,443.0,292.0,487.0,73360.0,21433.0,17326.5,19234.5,15366.0,8605.5,25.5,3144.0,1561.5,3874.5,2960.0,137.5,1125.0,802.0,895.5,24621.0,1576.5,6590.5,4894.5,11559.5,70.5,9.0,12.0,19.5,30.0,0.0,0.0,0.0,0
P059,2013-04-19 00:00:00-04:00,155046.6,36.994625,1324.8302,59110.316,94574.45,7.6666665,1.0,4.0,4.0,4.3333335,71091.336,15210.0,17938.666,16342.667,21600.0,8028.6665,17.0,2552.6667,2675.6667,2783.3333,1560.6666,0.0,530.6667,601.0,429.0,72211.0,21488.0,17125.666,17088.0,16509.334,9589.333,17.0,3083.3333,3276.6667,3212.3333,3611.0,91.666664,1385.6666,1233.0,900.6667,29874.334,1624.0,8420.0,7528.6665,12301.667,68.666664,7.6666665,13.666667,20.333334,27.0,0.0,0.0,0.0,1
P059,2013-04-20 00:00:00-04:00,61729.97,129.19617,1151.2021,58957.562,1492.0105,7.0,1.3333334,3.3333333,3.6666667,4.0,67193.336,12412.667,14996.667,18184.0,21600.0,10498.333,2386.3333,1609.6666,2465.6667,4036.6667,1696.0,277.0,345.33334,641.3333,432.33334,70103.664,18806.0,18514.0,17412.334,15371.333,12194.333,2663.3333,1955.0,3107.0,4469.0,2869.6667,127.333336,1125.6666,834.0,782.6667,26587.666,4987.3335,6866.3335,6795.6665,7938.3335,62.333332,9.666667,12.666667,18.333334,21.666666,6.7608333,61.351112,116.00667,1
P059,2013-04-21 00:00:00-04:00,379511.47,466.06964,778.226,1159.5946,377107.56,6.3333335,1.6666666,2.0,4.0,3.0,61775.668,10482.667,9587.0,20106.0,21600.0,10227.333,2479.6667,798.3333,3288.3333,3661.0,1593.6666,291.33334,235.33333,698.0,369.0,71359.336,18482.666,19912.666,16264.0,16700.0,11821.0,2771.0,1033.6666,3986.3333,4030.0,2962.3333,343.66666,649.0,1103.0,866.6667,22104.334,4000.0,4093.3333,6364.6665,7646.3335,50.333332,4.6666665,6.0,17.666666,22.0,6.7608333,61.351112,116.00667,0
P059,2013-04-22 00:00:00-04:00,567937.06,189380.05,712.59094,925.0114,376919.44,6.6666665,2.0,2.3333333,4.3333335,2.6666667,65064.332,13691.667,9588.333,20184.334,21600.0,9157.667,2574.0,557.0,2525.0,3501.6667,1429.3334,291.33334,336.33334,517.3333,284.33334,73175.336,18269.666,20586.0,17122.0,17197.666,10587.0,2865.3333,893.3333,3042.3333,3786.0,2365.3333,462.33334,117.333336,1188.6666,597.0,18488.0,3612.3333,2348.3333,4824.6665,7702.6665,53.666668,4.0,4.6666665,18.333334,26.666666,5.1706944,60.072224,102.00667,0
P059,2013-04-23 00:00:00-04:00,567861.2,189295.75,904.0099,947.49963,376713.9,7.3333335,1.6666666,3.3333333,4.0,2.3333333,67709.664,16489.0,12524.667,17096.0,21600.0,6635.0,208.66667,1173.0,3046.0,2207.3333,1306.3334,14.333333,467.66666,505.0,319.33334,75511.336,20939.0,19595.0,16419.666,18557.666,7941.3335,223.0,1640.6666,3551.0,2526.6667,2918.3333,436.0,360.66666,1626.3334,495.33334,26512.666,5973.0,4923.6665,5817.3335,9798.667,65.666664,11.333333,8.333333,19.333334,26.666666,3.5805554,58.793335,88.00667,1
P059,2013-04-25 00:00:00-04:00,3426.709,97.80719,1619.1145,991.6509,718.13654,7.5,1.5,4.5,3.5,2.5,67521.5,15252.5,13701.5,16967.5,21600.0,7760.5,234.0,2650.0,3577.0,1299.5,1541.5,20.5,598.5,514.0,408.5,73400.5,21114.5,17585.0,15759.0,18942.0,9302.0,254.5,3248.5,4091.0,1708.0,3678.5,227.5,763.0,1741.5,946.5,37185.5,11022.0,5226.0,10125.0,10812.5,74.5,19.0,10.0,23.5,22.0,4.737222,60.206665,98.67333,1
P059,2013-04-26 00:00:00-04:00,34467.6,108.12123,2065.4094,1339.2727,30954.799,8.0,1.5,4.5,5.0,2.5,64880.5,7996.0,15597.0,19687.5,21600.0,8567.5,252.0,2816.5,4127.0,1372.0,1943.5,20.5,700.0,610.5,612.5,72362.0,21038.0,17364.0,15155.0,18805.0,10511.0,272.5,3516.5,4737.5,1984.5,3500.5,286.0,708.5,1699.0,807.0,36751.5,4382.5,4750.0,13087.0,14532.0,71.5,12.0,10.5,24.0,25.0,4.737222,60.206665,98.67333,0
P059,2013-04-27 00:00:00-04:00,27263.953,335.60123,1396.225,3209.51,22322.617,7.3333335,2.0,3.3333333,4.0,3.0,58010.668,9452.333,11606.0,16825.666,20126.666,8428.333,1177.3334,1877.6666,2826.0,2547.3333,1680.6666,112.666664,466.66666,516.3333,585.0,73223.336,19902.0,18774.666,16966.334,17580.334,10109.0,1290.0,2344.3333,3342.3333,3132.3333,2942.6667,301.33334,472.33334,1285.3334,883.6667,31672.0,6140.6665,3190.3333,10070.333,12270.667,71.0,14.0,7.3333335,24.666666,25.0,5.0881944,59.842224,101.11667,1
P059,2013-04-29 00:00:00-04:00,8126.047,666.849,896.37115,3948.6577,2614.169,7.0,3.0,2.0,4.0,3.0,57650.5,10799.5,11110.0,16351.0,19390.0,6001.0,1617.0,341.5,1109.0,2933.5,1753.0,296.5,523.0,533.0,400.5,75851.0,19123.5,20490.5,19100.0,17137.0,7754.0,1913.5,864.5,1642.0,3334.0,2545.0,404.0,240.5,778.5,1122.0,28302.5,6997.0,5656.5,4463.0,11186.0,76.5,17.0,8.5,18.0,33.0,4.81875,55.99889,95.117775,0
P059,2013-04-30 00:00:00-04:00,3199.1572,374.01282,1321.4578,780.6129,723.0737,8.0,2.5,4.0,4.0,3.0,72059.5,15417.0,18512.5,16530.0,21600.0,4482.0,170.5,1003.0,2077.0,1231.5,1804.5,148.0,886.5,561.5,208.5,77006.5,20966.5,19192.0,17789.0,19059.0,6286.5,318.5,1889.5,2638.5,1440.0,3013.0,311.5,515.5,1091.5,1094.5,36962.5,10190.5,10209.5,7600.0,8962.5,91.0,30.5,21.0,9.0,30.5,4.1983333,52.52,86.67555,1
P059,2013-05-01 00:00:00-04:00,281978.03,262.63196,897.3414,93966.0,186852.06,7.3333335,2.0,3.0,3.6666667,3.6666667,71176.664,17478.0,18152.666,16888.334,18657.666,6551.0,113.666664,671.3333,3240.0,2526.0,1706.0,98.666664,591.0,653.3333,363.0,74426.664,21176.0,19988.334,16380.667,16881.666,8257.0,212.33333,1262.3334,3893.3333,2889.0,3647.6667,207.66667,347.0,1269.0,1824.0,31565.0,6793.6665,6826.3335,7005.0,10940.0,72.333336,20.333334,14.333333,13.333333,24.333334,4.1983333,52.52,86.67555,0
P059,2013-05-02 00:00:00-04:00,282335.34,128.04411,847.6243,94443.6,186916.08,7.3333335,1.6666666,3.3333333,3.3333333,3.6666667,66063.336,16014.667,18544.666,14713.0,16791.0,7602.0,443.33334,1292.3334,3362.3333,2504.0,1498.3334,0.0,482.33334,676.0,340.0,72770.664,20711.334,18928.334,16145.333,16985.666,9100.333,443.33334,1774.6666,4038.3333,2844.0,4152.0,82.0,892.0,1409.6666,1768.3334,42655.0,12169.333,5714.6665,9179.0,15592.0,69.0,16.0,13.333333,21.333334,18.333334,5.091111,42.764446,84.062225,0
P059,2013-05-03 00:00:00-04:00,283072.28,72.705734,1255.5668,94587.5,187156.52,6.6666665,1.3333334,3.3333333,3.3333333,3.3333333,60051.0,8814.667,16352.333,18093.0,16791.0,8280.667,398.33334,1546.6666,2955.3333,3380.3333,1904.6666,0.0,612.3333,765.6667,526.6667,70661.0,20805.0,18152.666,15772.667,15930.667,10185.333,398.33334,2159.0,3721.0,3907.0,4135.6665,33.0,1282.3334,1060.6666,1759.6666,37146.332,6821.3335,5307.6665,6748.0,18269.334,56.0,1.0,8.666667,23.333334,23.0,5.091111,42.764446,84.062225,0
P059,2013-05-04 00:00:00-04:00,3833.487,269.85544,1254.2991,1308.8595,1000.473,6.0,2.0,3.3333333,3.0,2.6666667,57156.0,4749.0,15996.0,19424.666,16986.334,7174.0,615.3333,1545.6666,1303.3334,3709.6667,1898.0,30.0,612.3333,672.0,583.6667,72800.0,20220.334,18155.666,18049.0,16375.0,9072.0,645.3333,2158.0,1975.3334,4293.3335,2793.3333,53.666668,1280.3334,532.0,927.3333,37333.0,7832.3335,5287.6665,6615.0,17598.0,68.333336,2.3333333,8.333333,24.0,33.666668,5.091111,42.764446,84.062225,1
P059,2013-05-05 00:00:00-04:00,2929.0688,238.10541,735.831,953.8702,1001.2623,4.3333335,1.6666666,2.3333333,2.3333333,2.6666667,53172.332,3583.6667,11803.667,20974.666,16810.334,5960.3335,228.0,697.0,875.3333,4160.0,1494.0,30.0,372.33334,502.0,589.6667,75631.664,20923.334,19945.0,18734.0,16029.333,7454.3335,258.0,1069.3334,1377.3334,4749.6665,1657.3334,98.0,581.6667,161.66667,816.0,19148.666,1746.0,2672.3333,4164.6665,10565.667,64.0,5.3333335,4.3333335,20.666666,33.666668,8.590834,42.715557,112.01111,1
P059,2013-05-06 00:00:00-04:00,94920.02,240.10432,668.0057,93432.266,579.6501,4.3333335,1.6666666,2.0,2.3333333,2.6666667,57776.332,5753.0,14238.333,20974.666,16810.334,5260.3335,374.0,591.0,1257.0,3038.3333,1010.0,30.0,157.0,302.33334,520.6667,73915.0,17600.334,19662.666,19172.666,17479.334,6270.3335,404.0,748.0,1559.3334,3559.0,5183.3335,3275.0,1186.3334,164.0,558.0,16965.666,2868.6667,1921.3334,4498.6665,7677.0,61.0,7.3333335,5.0,20.0,28.666666,8.590834,42.715557,112.01111,0
P059,2013-05-07 00:00:00-04:00,95977.305,156.23256,896.6276,94082.33,842.1213,6.0,1.3333334,2.3333333,3.0,3.6666667,57186.0,4493.6665,13488.0,19647.0,19557.334,4870.3335,202.0,715.3333,1966.3334,1986.6666,1248.6666,74.0,314.66666,495.0,365.0,73073.336,18066.666,18878.0,17478.0,18650.666,6119.0,276.0,1030.0,2461.3333,2351.6667,6094.6665,3255.0,1688.0,555.6667,596.0,16453.666,2090.0,4160.6665,3747.6667,6455.3335,60.0,7.6666665,7.3333335,19.333334,25.666666,6.8956943,43.607777,99.342224,0
P059,2013-05-08 00:00:00-04:00,147183.6,279.1611,915.2235,94017.61,51971.598,7.0,2.0,2.6666667,3.3333333,3.6666667,66373.336,11244.333,15464.0,18065.0,21600.0,4916.0,406.33334,717.6667,2291.6667,1500.3334,1457.0,79.0,314.66666,681.3333,382.0,69957.664,17747.0,18875.666,16452.334,16882.666,6373.0,485.33334,1032.3334,2973.0,1882.3334,6832.0,3365.0,1684.0,1354.3334,428.66666,20005.666,3996.6667,4140.3335,5663.0,6205.6665,67.666664,16.0,7.0,18.666666,26.0,5.2005553,44.5,86.67333,0
P059,2013-05-09 00:00:00-04:00,54251.82,278.9937,661.5971,1578.6172,51732.613,7.3333335,2.0,2.6666667,4.0,3.0,61914.0,9539.333,15077.667,15697.0,21600.0,5182.3335,260.33334,769.0,2900.3333,1252.6666,1712.0,79.0,513.0,904.3333,215.66667,72681.0,20677.666,19512.334,15142.0,17349.0,6894.3335,339.33334,1282.0,3804.6667,1468.3334,3616.0,195.33333,796.6667,2247.6667,376.33334,25233.0,2874.0,4405.3335,9245.0,8708.667,72.333336,14.0,5.0,24.333334,29.0,5.8716664,39.79778,87.34,1
P059,2013-05-13 00:00:00-04:00,19520.19,535.52435,9337.927,9000.029,646.7096,4.0,1.0,3.0,4.0,2.0,86400.0,21600.0,21600.0,21600.0,21600.0,4713.0,0.0,1855.0,2624.0,234.0,224.0,0.0,196.0,28.0,0.0,78779.0,21594.0,18355.0,17555.0,21275.0,4937.0,0.0,2051.0,2652.0,234.0,2671.0,2.0,1192.0,1389.0,88.0,33141.0,213.0,5227.0,14104.0,13597.0,84.0,2.0,14.0,39.0,29.0,0.0,0.0,0.0,0
P059,2013-05-15 00:00:00-04:00,217878.23,428.385,5457.555,180714.58,31277.715,6.5,1.5,3.0,5.0,3.0,84244.5,21600.0,21600.0,19444.5,21600.0,4807.5,135.0,1693.0,2581.0,398.5,1460.0,39.5,365.0,878.0,177.5,75514.0,21361.5,16611.0,16743.0,20798.5,6267.5,174.5,2058.0,3459.0,576.0,3305.5,60.5,1628.0,1394.0,223.0,26590.5,283.0,3953.5,11629.5,10724.5,81.0,2.5,13.5,34.0,31.0,0.0,0.0,0.0,0
P059,2013-05-16 00:00:00-04:00,209089.73,240.81975,1138.6559,176609.84,31100.418,8.0,2.0,3.5,4.5,3.0,80910.5,21600.0,18266.0,19444.5,21600.0,4228.0,338.5,1191.5,1939.0,759.0,1988.0,39.5,481.5,1041.0,426.0,74846.0,20970.5,16983.0,16780.0,20112.5,6216.0,378.0,1673.0,2980.0,1185.0,4024.0,247.5,1640.5,1836.5,299.5,27101.5,3663.0,5353.5,10768.5,7316.5,88.5,10.5,13.5,29.5,35.0,0.0,0.0,0.0,0
P059,2013-05-17 00:00:00-04:00,578397.5,293.38562,1021.9903,118271.61,458810.5,8.0,2.0,3.0,4.6666665,3.3333333,75023.664,19940.666,14789.333,18693.666,21600.0,7427.6665,490.66666,918.6667,2333.0,3685.3333,2209.0,51.666668,446.0,1056.6666,654.6667,72082.0,20826.0,18045.0,16355.667,16855.334,9636.667,542.3333,1364.6666,3389.6667,4340.0,3666.3333,227.66667,1320.0,1716.6666,402.0,32021.666,5140.3335,5817.0,11450.0,9614.333,91.333336,13.666667,15.666667,32.666668,29.333334,0.0,0.0,0.0,0
P059,2013-05-19 00:00:00-04:00,874482.1,76233.89,438.68762,1488.9049,796320.6,7.0,2.5,1.5,4.0,3.5,66540.5,19111.0,14718.0,13547.0,19164.5,12135.0,3887.5,197.5,2448.5,5601.5,1953.0,133.0,187.5,1018.0,614.5,68398.5,16231.0,20869.5,16669.0,14629.0,14088.0,4020.5,385.0,3466.5,6216.0,2754.5,401.0,341.5,1260.5,751.5,28844.0,7470.0,3579.5,8419.0,9375.5,76.5,13.5,11.5,30.5,21.0,0.0,0.0,0.0,1
P059,2013-05-20 00:00:00-04:00,217901.34,76243.38,571.4059,1486.0527,139600.5,6.0,2.5,2.5,3.5,3.0,76105.5,21600.0,21600.0,13741.0,19164.5,9344.5,3705.0,1048.5,3061.0,1530.0,1440.5,285.0,281.0,622.5,252.0,70381.0,16163.0,19761.0,15335.0,19122.0,10785.0,3990.0,1329.5,3683.5,1782.0,4272.5,499.5,502.5,2579.0,691.5,20659.5,3857.5,5087.0,5899.0,5816.0,62.0,7.5,8.0,24.0,22.5,0.0,0.0,0.0,1
P059,2013-05-21 00:00:00-04:00,146017.78,50854.418,730.6615,1197.9797,93234.73,6.0,2.0,3.3333333,3.6666667,3.0,73503.664,21600.0,19390.334,13862.333,18651.0,7561.6665,2508.0,1163.6666,2467.6667,1422.3334,1493.3334,190.0,427.0,597.0,279.33334,73301.664,17854.0,19466.666,16696.0,19285.0,9055.0,2698.0,1590.6666,3064.6667,1701.6666,3395.0,415.0,534.0,1836.6666,609.3333,22299.666,3228.0,6387.3335,7156.3335,5528.0,64.333336,9.666667,8.666667,24.0,22.0,0.0,0.0,0.0,1
P059,2013-05-22 00:00:00-04:00,315903.97,204.1023,850.2356,111050.266,203799.38,7.3333335,1.3333334,3.3333333,5.6666665,3.6666667,77590.664,21600.0,19390.334,16325.667,20274.666,5235.6665,181.33333,1381.6666,2578.6667,1094.0,1426.0,126.666664,429.0,480.66666,389.66666,75582.0,21078.334,19100.334,16822.334,18581.0,6661.6665,308.0,1810.6666,3059.3333,1483.6666,2937.6667,210.33333,679.3333,1715.0,333.0,23463.334,946.3333,6521.6665,10390.0,5605.3335,63.0,7.3333335,9.666667,25.333334,20.666666,0.0,0.0,0.0,0
P059,2013-05-24 00:00:00-04:00,472450.66,106.19285,613.3132,166438.34,305292.8,8.5,1.0,1.5,7.0,3.5,70749.5,13323.5,19798.0,16028.0,21600.0,3492.0,19.5,655.5,2172.0,645.0,882.5,0.0,3.0,652.0,227.5,77869.5,21505.5,20661.0,17859.0,17844.0,4374.5,19.5,658.5,2824.0,872.5,1714.5,71.0,252.0,913.0,478.5,26413.0,1257.5,4331.5,12432.5,8391.5,69.5,8.5,11.5,24.5,25.0,0.0,0.0,0.0,0
P059,2013-05-25 00:00:00-04:00,299695.03,92.693436,437.06714,19471.082,279694.2,7.0,1.0,1.5,4.5,3.5,55891.5,7235.0,12594.0,18182.0,17880.5,5822.0,21.0,317.5,2268.5,3215.0,883.0,0.0,0.0,636.0,247.0,76972.5,21502.5,21217.5,17588.0,16664.5,6705.0,21.0,317.5,2904.5,3462.0,2076.5,71.0,37.0,1102.0,866.5,25142.0,1899.0,3922.5,10203.0,9117.5,76.5,12.0,8.5,29.0,27.0,7.313611,52.94,112.01778,0
P059,2013-05-26 00:00:00-04:00,1002549.5,238467.97,373679.16,203742.7,186659.66,7.3333335,2.3333333,2.3333333,5.0,3.3333333,55170.0,9336.333,9895.0,18091.334,17847.334,5928.6665,393.33334,218.33333,2290.3333,3026.6667,856.6667,0.0,0.0,640.0,216.66667,74207.664,21086.0,21198.666,14622.0,17301.0,6785.3335,393.33334,218.33333,2930.3333,3243.3333,1764.0,115.666664,163.33333,834.6667,650.3333,23121.0,3375.6667,2729.6667,7247.0,9768.667,68.666664,11.333333,6.6666665,22.333334,28.333334,7.313611,52.94,112.01778,1
P059,2013-05-27 00:00:00-04:00,1003744.8,238522.25,373547.22,203859.86,187815.48,8.0,2.6666667,2.0,5.0,4.6666665,56103.668,11995.333,5891.0,20370.0,17847.334,6962.0,476.0,131.66667,2571.6667,3782.6667,1746.3334,55.333332,44.0,906.6667,740.3333,72954.336,20848.334,21231.0,14271.0,16604.0,8708.333,531.3333,175.66667,3478.3333,4523.0,1511.3334,216.0,188.66667,637.0,469.66666,18927.0,3350.0,114.666664,7225.3335,8237.0,72.666664,10.333333,1.0,30.666666,30.666666,6.98125,56.941113,113.36,1
P059,2013-05-28 00:00:00-04:00,806549.9,238524.55,374272.12,191997.02,1756.1884,8.0,2.6666667,3.3333333,4.6666665,3.6666667,60533.668,11585.667,8251.0,20370.0,20327.0,6825.0,475.66666,1025.3334,3403.0,1921.0,2269.3333,55.333332,638.3333,874.3333,701.3333,71676.664,20847.666,19240.666,12809.667,18778.666,9094.333,531.0,1663.6666,4277.3335,2622.3333,1633.0,216.0,692.0,529.6667,195.33333,21350.334,3117.3333,2880.3333,6690.6665,8662.0,80.0,9.666667,5.3333335,30.0,35.0,5.651389,55.575554,101.35555,0
P059,2013-05-29 00:00:00-04:00,271777.8,339.77896,1380.9711,1476.3839,268580.7,9.0,1.3333334,3.0,3.6666667,5.0,68152.336,14272.667,13952.0,20020.0,19907.666,6068.3335,107.666664,1366.6666,2998.6667,1595.3334,2679.3333,59.666668,914.6667,760.0,945.0,72994.336,20035.334,18240.666,15843.0,18875.334,8747.667,167.33333,2281.3333,3758.6667,2540.3333,1573.3334,192.0,616.0,585.3333,180.0,26374.666,3052.3333,5338.0,9153.667,8830.667,102.333336,20.0,15.0,30.0,37.333332,5.651389,55.575554,101.35555,0
P059,2013-05-30 00:00:00-04:00,1310708.1,683999.56,224822.27,134267.88,267618.47,9.666667,2.3333333,5.0,3.3333333,4.6666665,64212.0,10967.333,14666.0,18671.0,19907.666,5904.3335,41.0,2200.0,2652.3333,1011.0,2134.6667,4.3333335,1075.6666,556.6667,498.0,73041.336,20297.666,16855.666,15969.333,19918.666,8039.0,45.333332,3275.6667,3209.0,1509.0,1803.6666,52.0,1006.3333,578.0,167.33333,27565.334,2674.3333,5661.0,8963.0,10267.0,100.666664,18.666666,17.333334,26.0,38.666668,5.3954167,44.557777,88.29,1
P059,2013-05-31 00:00:00-04:00,1505939.9,684465.44,224293.97,289087.16,308093.3,10.0,3.3333333,4.0,3.3333333,4.6666665,46320.0,12232.667,9908.667,11471.0,12707.667,6143.6665,298.66666,1518.0,2482.0,1845.0,2362.6667,79.666664,569.3333,984.6667,729.0,69172.0,19902.334,18476.334,14275.333,16518.0,8506.333,378.33334,2087.3333,3466.6667,2574.0,5973.6665,114.666664,571.6667,2784.3333,2503.0,27597.666,3437.0,3653.6667,10405.333,10101.667,97.0,20.666666,16.0,27.333334,33.0,6.1369443,38.906666,88.57111,1
