pcode,LOC_NUM_PLCS_VIST,LOC_TIME_NONE,LOC_TIME_WORK,LOC_TIME_EATING,LOC_TIME_SOCIAL,LOC_TIME_OTHERS,LOC_TIME_GYM,LOC_TIME_HOME,APP_DUR_WORK_sum,APP_DUR_WORK_count,APP_DUR_SOCIAL_sum,APP_DUR_SOCIAL_count,APP_DUR_sum,APP_DUR_count,keyevent_DIST_sum,keyevent_DIST_count,keyevent_TIME_sum,keyevent_TIME_count,keyevent_SOCIAL_DIST_sum,keyevent_SOCIAL_DIST_count,keyevent_ENTER_DIST_sum,keyevent_ENTER_DIST_count,keyevent_INFO_DIST_sum,keyevent_INFO_DIST_count,keyevent_HEALTH_DIST_sum,keyevent_HEALTH_DIST_count,keyevent_WORK_DIST_sum,keyevent_WORK_DIST_count,keyevent_SOCIAL_TIME_sum,keyevent_SOCIAL_TIME_count,keyevent_ENTER_TIME_sum,keyevent_ENTER_TIME_count,keyevent_INFO_TIME_sum,keyevent_INFO_TIME_count,keyevent_HEALTH_TIME_sum,keyevent_HEALTH_TIME_count,keyevent_WORK_TIME_sum,keyevent_WORK_TIME_count,SCR#entropy,SCR#state_changes,SCR#SCREEN_OFF_count,SCR#SCREEN_ON_count,SCR#unknown_count,SCR#dur_SCREEN_OFF,SCR#dur_SCREEN_ON,SCR#dur_unknown,APP_DUR_ENTER_sum,APP_DUR_ENTER_count,APP_DUR_INFO_sum,APP_DUR_INFO_count,APP_DUR_HEALTH_sum,APP_DUR_HEALTH_count,FitbitStepcount_sum,Fitbitcalorie_sum,Fitbitdistance_sum,ACT#count_ON_BICYCLE,ACT#count_STILL,ACT#count_WALKING,ACT#dur_ON_BICYCLE,ACT#dur_STILL,ACT#dur_WALKING,ACT#count_IN_VEHICLE,ACT#dur_IN_VEHICLE,ACT#count_RUNNING,ACT#dur_RUNNING,MSG_SNT#CNT,MSG_RCV#CNT,MSG#CNT,CALL#CNT,CALL#DUR,next_hour_binary_personal,stress_binary_personal,window_start_time,sleep_duration_sec,sleep_duration_hr,sleep_onset_hour,sleep_midpoint_hour
P001,1.0,0.0,0.0,57.11666666666667,0.0,0.0,0.0,0.0,26.632990000000003,26.0,46.909965,86.0,274.132937,173.0,0.0,203.0,0.0,203.0,0.0,203.0,0.0,203.0,0.0,203.0,0.0,203.0,0.0,203.0,0.0,203.0,0.0,203.0,0.0,203.0,0.0,203.0,0.0,203.0,0.5212801077059152,40.0,15.0,15.0,173.0,831.0,1458.0,842.0,0.138994,10.0,0.0,0.0,0.0,0.0,695.0,146.52792358398438,776.66943359375,1.0,1.0,2.0,2.0,10.0,12.0,0.0,0.0,1.0,3.0,0.0,0.0,0.0,0.0,0.0,0.0,,2020-12-07 10:00:00,,,,
P001,2.0,9.016666666666667,1.95,0.0,0.0,0.0,0.0,0.0,603.622,1.0,1054.1909890000002,44.0,1934.511978,61.0,0.0,91.0,0.0,91.0,0.0,91.0,0.0,91.0,0.0,91.0,0.0,91.0,0.0,91.0,0.0,91.0,0.0,91.0,0.0,91.0,0.0,91.0,0.0,91.0,0.8624549818175282,40.0,15.0,15.0,61.0,1281.0,42.0,233.0,0.007999,2.0,0.0,0.0,0.0,0.0,1269.0,238.2928771972656,1418.9586181640625,1.0,2.0,2.0,0.0,7.0,5.0,0.0,0.0,0.0,0.0,0.0,0.0,0.0,0.0,0.0,1.0,0.0,2020-12-07 11:00:00,,,,
P001,1.0,0.0,0.0,0.0,0.0,0.0,0.0,0.0,0.0,0.0,3098.742996,8.0,3103.145995,10.0,0.0,18.0,0.0,18.0,0.0,18.0,0.0,18.0,0.0,18.0,0.0,18.0,0.0,18.0,0.0,18.0,0.0,18.0,0.0,18.0,0.0,18.0,0.0,18.0,0.9950269901795212,9.0,4.0,4.0,10.0,1453.0,113.0,15.0,0.0,0.0,0.0,0.0,0.0,0.0,181.0,115.32290649414062,201.32894897460932,0.0,0.0,0.0,0.0,0.0,0.0,0.0,0.0,0.0,0.0,0.0,0.0,0.0,0.0,0.0,0.0,1.0,2020-12-07 12:00:00,,,,
P001,0.0,0.0,0.0,0.0,0.0,0.0,0.0,0.0,0.0,0.0,0.0,0.0,0.0,0.0,0.0,0.0,0.0,0.0,0.0,0.0,0.0,0.0,0.0,0.0,0.0,0.0,0.0,0.0,0.0,0.0,0.0,0.0,0.0,0.0,0.0,0.0,0.0,0.0,0.0,0.0,0.0,0.0,0.0,0.0,0.0,0.0,0.0,0.0,0.0,0.0,0.0,0.0,33.0,86.95469665527344,36.69304275512695,0.0,0.0,0.0,0.0,0.0,0.0,0.0,0.0,0.0,0.0,0.0,0.0,0.0,0.0,0.0,0.0,0.0,2020-12-07 13:00:00,,,,
P001,3.0,8.783333333333333,2.333333333333333,0.0,0.0,0.0,0.0,0.0,0.0,0.0,815.8609560000001,27.0,2754.0719410000006,59.0,0.0,95.0,0.0,95.0,0.0,95.0,0.0,95.0,0.0,95.0,0.0,95.0,0.0,95.0,0.0,95.0,0.0,95.0,0.0,95.0,0.0,95.0,0.0,95.0,0.9262127602879158,54.0,18.0,18.0,59.0,2044.0,513.0,446.0,0.131998,5.0,0.0,0.0,0.0,0.0,635.0,145.66452026367188,710.0426025390625,1.0,1.0,2.0,3.0,2.0,6.0,0.0,0.0,0.0,0.0,0.0,0.0,0.0,0.0,0.0,,0.0,2020-12-07 14:00:00,,,,
P001,1.0,0.0,0.0,0.0,0.0,0.0,0.0,17.083333333333332,0.109997,3.0,1179.193925,126.0,1354.386901,195.0,0.0,210.0,0.0,210.0,0.0,210.0,0.0,210.0,0.0,210.0,0.0,210.0,0.0,210.0,0.0,210.0,0.0,210.0,0.0,210.0,0.0,210.0,0.0,210.0,0.3066703054948186,22.0,7.0,8.0,195.0,833.0,265.0,1960.0,0.69899,17.0,0.162998,4.0,0.0,0.0,7.0,82.39112091064453,7.724851608276367,0.0,0.0,0.0,0.0,0.0,0.0,0.0,0.0,0.0,0.0,0.0,0.0,0.0,0.0,0.0,0.0,,2020-12-07 16:00:00,,,,
P001,2.0,2.933333333333333,0.0,0.0,0.0,0.0,0.0,27.48333333333333,0.129994,11.0,23.550957000000004,80.0,187.782925,157.0,0.0,167.0,0.0,167.0,0.0,167.0,0.0,167.0,0.0,167.0,0.0,167.0,0.0,167.0,0.0,167.0,0.0,167.0,0.0,167.0,0.0,167.0,0.0,167.0,0.2681436892788786,12.0,5.0,5.0,157.0,161.0,15.0,2855.0,0.065998,4.0,0.0,0.0,0.0,0.0,98.0,91.39493560791016,109.43539428710938,0.0,1.0,1.0,0.0,29.0,3.0,0.0,0.0,0.0,0.0,0.0,0.0,0.0,0.0,0.0,,0.0,2020-12-07 17:00:00,,,,
P001,1.0,0.0,0.0,0.0,0.0,0.0,0.0,45.98333333333333,0.0,0.0,34.694999,1.0,34.925999000000004,3.0,0.0,8.0,0.0,8.0,0.0,8.0,0.0,8.0,0.0,8.0,0.0,8.0,0.0,8.0,0.0,8.0,0.0,8.0,0.0,8.0,0.0,8.0,0.0,8.0,1.0821955300387671,5.0,3.0,2.0,3.0,25.0,9.0,11.0,0.0,0.0,0.0,0.0,0.0,0.0,0.0,75.23739624023438,0.0,0.0,1.0,0.0,0.0,18.0,0.0,1.0,54.0,0.0,0.0,0.0,0.0,0.0,0.0,0.0,0.0,,2020-12-07 18:00:00,,,,
P001,1.0,0.0,0.0,0.0,0.0,0.0,0.0,0.0,0.0,0.0,0.0,0.0,0.0,0.0,0.0,0.0,0.0,0.0,0.0,0.0,0.0,0.0,0.0,0.0,0.0,0.0,0.0,0.0,0.0,0.0,0.0,0.0,0.0,0.0,0.0,0.0,0.0,0.0,0.0,0.0,0.0,0.0,0.0,0.0,0.0,0.0,0.0,0.0,0.0,0.0,0.0,0.0,0.0,75.23738098144531,0.0,0.0,0.0,0.0,0.0,0.0,0.0,0.0,0.0,0.0,0.0,0.0,0.0,0.0,0.0,0.0,,0.0,2020-12-07 19:00:00,,,,
P001,0.0,0.0,0.0,0.0,0.0,0.0,0.0,0.0,0.0,0.0,0.0,0.0,0.0,0.0,0.0,0.0,0.0,0.0,0.0,0.0,0.0,0.0,0.0,0.0,0.0,0.0,0.0,0.0,0.0,0.0,0.0,0.0,0.0,0.0,0.0,0.0,0.0,0.0,0.0,0.0,0.0,0.0,0.0,0.0,0.0,0.0,0.0,0.0,0.0,0.0,0.0,0.0,0.0,75.23738861083984,0.0,0.0,0.0,0.0,0.0,0.0,0.0,0.0,0.0,0.0,0.0,0.0,0.0,0.0,0.0,0.0,0.0,,2020-12-07 20:00:00,,,,
P001,1.0,0.0,0.0,0.0,0.0,0.0,0.0,3.283333333333333,0.0,0.0,0.0,0.0,0.0,0.0,0.0,0.0,0.0,0.0,0.0,0.0,0.0,0.0,0.0,0.0,0.0,0.0,0.0,0.0,0.0,0.0,0.0,0.0,0.0,0.0,0.0,0.0,0.0,0.0,0.0,0.0,0.0,0.0,0.0,0.0,0.0,0.0,0.0,0.0,0.0,0.0,0.0,0.0,0.0,75.23738861083984,0.0,0.0,0.0,0.0,0.0,0.0,0.0,0.0,0.0,0.0,0.0,0.0,0.0,0.0,0.0,0.0,,0.0,2020-12-07 21:00:00,,,,
P001,3.0,2.3666666666666667,30.5,23.98333333333333,0.0,0.0,0.0,0.0,339.68800400000003,6.0,469.49497500000007,41.0,2870.262975,85.0,0.0,125.0,0.0,125.0,0.0,125.0,0.0,125.0,0.0,125.0,0.0,125.0,0.0,125.0,0.0,125.0,0.0,125.0,0.0,125.0,0.0,125.0,0.0,125.0,0.8486765553516089,49.0,20.0,20.0,85.0,2623.0,341.0,481.0,0.052,6.0,0.0,0.0,0.0,0.0,1169.0,195.4939117431641,1307.913818359375,0.0,3.0,3.0,0.0,14.0,11.0,0.0,0.0,0.0,0.0,0.0,2.0,2.0,0.0,0.0,0.0,,2020-12-08 09:00:00,,,,
P001,1.0,0.0,0.0,0.0,0.0,0.0,0.0,0.0,0.0,0.0,0.048996,4.0,1978.955035,9.0,0.0,23.0,0.0,23.0,0.0,23.0,0.0,23.0,0.0,23.0,0.0,23.0,0.0,23.0,0.0,23.0,0.0,23.0,0.0,23.0,0.0,23.0,0.0,23.0,1.0912436384160906,17.0,7.0,7.0,9.0,1905.0,54.0,95.0,609.564025,1.0,0.0,0.0,0.0,0.0,41.0,94.6017837524414,45.54443359375,0.0,0.0,0.0,0.0,0.0,0.0,0.0,0.0,0.0,0.0,0.0,0.0,0.0,0.0,0.0,0.0,0.0,2020-12-08 10:00:00,,,,
P001,0.0,0.0,0.0,0.0,0.0,0.0,0.0,0.0,0.0,0.0,566.136003,30.0,3357.841987,40.0,0.0,52.0,0.0,52.0,0.0,52.0,0.0,52.0,0.0,52.0,0.0,52.0,0.0,52.0,0.0,52.0,0.0,52.0,0.0,52.0,0.0,52.0,0.0,52.0,0.7001611840565405,18.0,6.0,6.0,40.0,1988.0,6.0,142.0,370.595001,1.0,0.0,0.0,0.0,0.0,86.0,102.24885559082033,95.59503173828124,0.0,0.0,0.0,0.0,0.0,0.0,0.0,0.0,0.0,0.0,0.0,0.0,0.0,0.0,0.0,0.0,0.0,2020-12-08 11:00:00,,,,
P001,4.0,5.783333333333333,4.433333333333334,1.6666666666666667,0.0,0.0,0.0,0.0166666666666666,0.0,0.0,2981.044994,18.0,3139.871981,37.0,0.0,64.0,0.0,64.0,0.0,64.0,0.0,64.0,0.0,64.0,0.0,64.0,0.0,64.0,0.0,64.0,0.0,64.0,0.0,64.0,0.0,64.0,0.0,64.0,0.9730220360245172,35.0,13.0,14.0,37.0,213.0,53.0,267.0,0.0,0.0,0.0,0.0,0.0,0.0,1700.0,204.62106323242188,1901.600830078125,0.0,0.0,1.0,0.0,0.0,4.0,0.0,0.0,1.0,4.0,0.0,0.0,0.0,0.0,0.0,,0.0,2020-12-08 12:00:00,,,,
P001,1.0,0.0,0.0,0.0,0.0,0.0,0.0,3.15,0.0,0.0,15.920991,16.0,1754.294016,22.0,0.0,35.0,0.0,35.0,0.0,35.0,0.0,35.0,0.0,35.0,0.0,35.0,0.0,35.0,0.0,35.0,0.0,35.0,0.0,35.0,0.0,35.0,0.0,35.0,0.9160662948426002,17.0,7.0,6.0,22.0,2401.0,16.0,69.0,0.0,0.0,0.0,0.0,0.0,0.0,208.0,91.51828002929688,232.8720703125,0.0,1.0,0.0,0.0,2.0,0.0,0.0,0.0,0.0,0.0,0.0,0.0,0.0,0.0,0.0,1.0,,2020-12-08 13:00:00,,,,
P001,2.0,2.4,0.0,0.0,0.0,0.0,0.0,21.8,0.0,0.0,127.870989,31.0,2937.176977,53.0,0.0,77.0,0.0,77.0,0.0,77.0,0.0,77.0,0.0,77.0,0.0,77.0,0.0,77.0,0.0,77.0,0.0,77.0,0.0,77.0,0.0,77.0,0.0,77.0,0.8364907333708986,37.0,12.0,12.0,53.0,2046.0,25.0,355.0,0.010999,1.0,0.0,0.0,0.0,0.0,530.0,116.4329605102539,592.88232421875,0.0,1.0,2.0,0.0,5.0,5.0,0.0,0.0,1.0,2.0,0.0,0.0,0.0,0.0,0.0,1.0,1.0,2020-12-08 14:00:00,,,,
P001,0.0,0.0,0.0,0.0,0.0,0.0,0.0,0.0,4.082991000000001,16.0,12.378951,109.0,3062.884874,148.0,0.0,160.0,0.0,160.0,0.0,160.0,0.0,160.0,0.0,160.0,0.0,160.0,0.0,160.0,0.0,160.0,0.0,160.0,0.0,160.0,0.0,160.0,0.0,160.0,0.3183705018099163,15.0,6.0,6.0,148.0,2217.0,48.0,503.0,0.0,0.0,0.0,0.0,0.0,0.0,0.0,75.23738861083984,0.0,0.0,0.0,0.0,0.0,0.0,0.0,0.0,0.0,0.0,0.0,0.0,0.0,0.0,0.0,0.0,0.0,1.0,2020-12-08 15:00:00,,,,
P001,1.0,0.0,0.0,0.0,0.0,0.0,0.0,23.016666666666666,0.5099929999999999,25.0,12.815917,152.0,908.368858,254.0,0.0,267.0,0.0,267.0,0.0,267.0,0.0,267.0,0.0,267.0,0.0,267.0,0.0,267.0,0.0,267.0,0.0,267.0,0.0,267.0,0.0,267.0,0.0,267.0,0.228241798170048,16.0,6.0,7.0,254.0,833.0,47.0,2673.0,0.225994,12.0,0.009999,1.0,0.0,0.0,70.0,96.94523620605467,77.57038879394531,0.0,0.0,0.0,0.0,0.0,0.0,1.0,0.0,0.0,0.0,0.0,0.0,0.0,0.0,0.0,1.0,0.0,2020-12-08 16:00:00,,,,
P001,1.0,0.0,0.0,0.0,0.0,0.0,0.0,32.38333333333333,0.052998,3.0,0.652979,42.0,53.808958,99.0,0.0,116.0,0.0,116.0,0.0,116.0,0.0,116.0,0.0,116.0,0.0,116.0,0.0,116.0,0.0,116.0,0.0,116.0,0.0,116.0,0.0,116.0,0.0,116.0,0.5180089954788727,19.0,9.0,8.0,99.0,5.0,46.0,2891.0,0.016,2.0,0.0,0.0,0.0,0.0,136.0,112.11605834960938,151.11740112304688,0.0,1.0,0.0,0.0,6.0,0.0,0.0,0.0,0.0,0.0,0.0,0.0,0.0,0.0,0.0,1.0,1.0,2020-12-08 17:00:00,,,,
P001,0.0,0.0,0.0,0.0,0.0,0.0,0.0,0.0,0.0,0.0,0.0,0.0,0.0,0.0,0.0,0.0,0.0,0.0,0.0,0.0,0.0,0.0,0.0,0.0,0.0,0.0,0.0,0.0,0.0,0.0,0.0,0.0,0.0,0.0,0.0,0.0,0.0,0.0,0.0,0.0,0.0,0.0,0.0,0.0,0.0,0.0,0.0,0.0,0.0,0.0,0.0,0.0,0.0,76.8408203125,0.0,0.0,0.0,0.0,0.0,0.0,0.0,0.0,0.0,0.0,0.0,0.0,0.0,0.0,0.0,0.0,0.0,1.0,2020-12-08 18:00:00,,,,
P001,1.0,0.0,0.0,0.0,0.0,0.0,0.0,30.116666666666667,0.0,0.0,0.0,0.0,0.0,0.0,0.0,0.0,0.0,0.0,0.0,0.0,0.0,0.0,0.0,0.0,0.0,0.0,0.0,0.0,0.0,0.0,0.0,0.0,0.0,0.0,0.0,0.0,0.0,0.0,0.0,0.0,0.0,0.0,0.0,0.0,0.0,0.0,0.0,0.0,0.0,0.0,0.0,0.0,0.0,76.10077667236328,0.0,0.0,0.0,0.0,0.0,0.0,0.0,0.0,0.0,0.0,0.0,0.0,0.0,0.0,0.0,0.0,,0.0,2020-12-08 19:00:00,,,,
P001,3.0,3.65,32.03333333333333,10.25,0.0,0.0,0.0,0.0,407.93801,8.0,985.249964,53.0,3276.5699859999995,80.0,0.0,129.0,0.0,129.0,0.0,129.0,0.0,129.0,0.0,129.0,0.0,129.0,0.0,129.0,0.0,129.0,0.0,129.0,0.0,129.0,0.0,129.0,0.0,129.0,0.9271975336332516,60.0,25.0,24.0,80.0,2977.0,261.0,261.0,0.0589989999999999,2.0,0.0,0.0,0.0,0.0,1668.0,223.1220703125,1864.9078369140625,0.0,2.0,5.0,0.0,4.0,12.0,1.0,3.0,1.0,4.0,0.0,0.0,0.0,0.0,0.0,0.0,,2020-12-09 09:00:00,20813.195,5.781443055555555,3.066666666666667,5.95
P001,3.0,1.85,0.0,5.716666666666667,47.15,0.0,0.0,0.0,0.120999,1.0,605.384968,70.0,3136.792883,102.0,0.0,155.0,0.0,155.0,0.0,155.0,0.0,155.0,0.0,155.0,0.0,155.0,0.0,155.0,0.0,155.0,0.0,155.0,0.0,155.0,0.0,155.0,0.0,155.0,0.8792616825600785,76.0,26.0,27.0,102.0,3019.0,168.0,390.0,471.804986,4.0,0.0,0.0,0.0,0.0,1189.0,231.6325225830078,1328.3525390625,0.0,2.0,1.0,0.0,2.0,1.0,1.0,4.0,0.0,0.0,0.0,0.0,0.0,0.0,0.0,,0.0,2020-12-09 10:00:00,20813.195,5.781443055555555,3.066666666666667,5.95
P001,1.0,0.0,0.0,0.0,56.516666666666666,0.0,0.0,0.0,0.0,0.0,7.206993,10.0,2108.286988,30.0,0.0,53.0,0.0,53.0,0.0,53.0,0.0,53.0,0.0,53.0,0.0,53.0,0.0,53.0,0.0,53.0,0.0,53.0,0.0,53.0,0.0,53.0,0.0,53.0,0.9847890975501834,33.0,12.0,11.0,30.0,2615.0,91.0,420.0,1714.844013,4.0,0.0,0.0,0.0,0.0,368.0,165.39894104003906,410.0608520507813,0.0,2.0,0.0,0.0,12.0,0.0,1.0,5.0,0.0,0.0,0.0,0.0,0.0,0.0,0.0,0.0,,2020-12-09 11:00:00,20813.195,5.781443055555555,3.066666666666667,5.95
P001,1.0,0.0,0.0,0.0,58.95,0.0,0.0,0.0,0.0,0.0,1741.475996,13.0,3001.492993,23.0,0.0,37.0,0.0,37.0,0.0,37.0,0.0,37.0,0.0,37.0,0.0,37.0,0.0,37.0,0.0,37.0,0.0,37.0,0.0,37.0,0.0,37.0,0.0,37.0,0.9255365868835534,20.0,7.0,7.0,23.0,2705.0,23.0,71.0,412.947006,2.0,0.0,0.0,0.0,0.0,652.0,182.66653442382807,727.4234619140625,0.0,4.0,4.0,0.0,7.0,6.0,3.0,28.0,0.0,0.0,0.0,0.0,0.0,0.0,0.0,0.0,0.0,2020-12-09 12:00:00,20813.195,5.781443055555555,3.066666666666667,5.95
P001,4.0,2.6333333333333333,1.6166666666666667,3.5166666666666666,14.5,0.0,0.0,0.0,0.0,0.0,1015.654996,24.0,1943.818992,51.0,0.0,79.0,0.0,79.0,0.0,79.0,0.0,79.0,0.0,79.0,0.0,79.0,0.0,79.0,0.0,79.0,0.0,79.0,0.0,79.0,0.0,79.0,0.0,79.0,0.8958185803383145,43.0,14.0,14.0,51.0,1374.0,69.0,219.0,808.307006,1.0,0.0,0.0,0.0,0.0,1253.0,181.6798095703125,1400.9339599609375,0.0,2.0,2.0,0.0,2.0,5.0,0.0,0.0,0.0,0.0,0.0,0.0,0.0,0.0,0.0,0.0,0.0,2020-12-09 13:00:00,20813.195,5.781443055555555,3.066666666666667,5.95
P001,0.0,0.0,0.0,0.0,0.0,0.0,0.0,0.0,0.0,0.0,0.0,0.0,0.0,0.0,0.0,0.0,0.0,0.0,0.0,0.0,0.0,0.0,0.0,0.0,0.0,0.0,0.0,0.0,0.0,0.0,0.0,0.0,0.0,0.0,0.0,0.0,0.0,0.0,0.0,0.0,0.0,0.0,0.0,0.0,0.0,0.0,0.0,0.0,0.0,0.0,0.0,0.0,19.0,80.1709976196289,21.082406997680664,0.0,0.0,0.0,0.0,0.0,0.0,0.0,0.0,0.0,0.0,0.0,0.0,0.0,0.0,0.0,1.0,0.0,2020-12-09 14:00:00,20813.195,5.781443055555555,3.066666666666667,5.95
P001,4.0,7.55,5.566666666666666,4.583333333333333,0.0,0.0,0.0,0.0,171.633994,2.0,418.658978,25.0,1477.4659370000004,95.0,0.0,127.0,0.0,127.0,0.0,127.0,0.0,127.0,0.0,127.0,0.0,127.0,0.0,127.0,0.0,127.0,0.0,127.0,0.0,127.0,0.0,127.0,0.0,127.0,0.7391387099725726,53.0,16.0,16.0,95.0,1154.0,27.0,1012.0,239.09599,20.0,0.0,0.0,0.0,0.0,1792.0,208.4445953369141,2003.7943115234373,0.0,1.0,1.0,0.0,0.0,0.0,0.0,0.0,0.0,0.0,0.0,0.0,0.0,0.0,0.0,0.0,1.0,2020-12-09 15:00:00,20813.195,5.781443055555555,3.066666666666667,5.95
P001,1.0,0.0,0.0,0.0,0.0,0.0,0.0,1.6,0.024998,2.0,61.612906,201.0,1534.2628619999998,258.0,0.0,277.0,0.0,277.0,0.0,277.0,0.0,277.0,0.0,277.0,0.0,277.0,0.0,277.0,0.0,277.0,0.0,277.0,0.0,277.0,0.0,277.0,0.0,277.0,0.2974310620149785,25.0,9.0,10.0,258.0,1043.0,38.0,2073.0,0.3339959999999999,8.0,0.059999,2.0,0.0,0.0,116.0,98.67200469970705,129.06939697265625,0.0,0.0,0.0,0.0,0.0,0.0,1.0,2.0,0.0,0.0,0.0,0.0,0.0,0.0,0.0,0.0,0.0,2020-12-09 16:00:00,20813.195,5.781443055555555,3.066666666666667,5.95
P001,1.0,0.0,0.0,0.0,0.0,0.0,0.0,53.5,0.379996,12.0,4.787963999999999,79.0,16.43093,158.0,0.0,167.0,0.0,167.0,0.0,167.0,0.0,167.0,0.0,167.0,0.0,167.0,0.0,167.0,0.0,167.0,0.0,167.0,0.0,167.0,0.0,167.0,0.0,167.0,0.2468418230460316,12.0,5.0,4.0,158.0,12.0,94.0,2583.0,10.689984,27.0,0.0,0.0,0.0,0.0,202.0,109.27924346923828,225.30816650390625,0.0,1.0,0.0,0.0,7.0,0.0,0.0,0.0,0.0,0.0,0.0,0.0,0.0,0.0,0.0,0.0,0.0,2020-12-09 17:00:00,20813.195,5.781443055555555,3.066666666666667,5.95
P001,0.0,0.0,0.0,0.0,0.0,0.0,0.0,0.0,0.0,0.0,0.0,0.0,0.0,0.0,0.0,0.0,0.0,0.0,0.0,0.0,0.0,0.0,0.0,0.0,0.0,0.0,0.0,0.0,0.0,0.0,0.0,0.0,0.0,0.0,0.0,0.0,0.0,0.0,0.0,0.0,0.0,0.0,0.0,0.0,0.0,0.0,0.0,0.0,0.0,0.0,0.0,0.0,0.0,76.22412109375,0.0,0.0,0.0,0.0,0.0,0.0,0.0,0.0,0.0,0.0,0.0,0.0,0.0,0.0,0.0,0.0,,0.0,2020-12-09 18:00:00,20813.195,5.781443055555555,3.066666666666667,5.95
P001,0.0,0.0,0.0,0.0,0.0,0.0,0.0,0.0,0.0,0.0,0.0,0.0,0.0,0.0,0.0,0.0,0.0,0.0,0.0,0.0,0.0,0.0,0.0,0.0,0.0,0.0,0.0,0.0,0.0,0.0,0.0,0.0,0.0,0.0,0.0,0.0,0.0,0.0,0.0,0.0,0.0,0.0,0.0,0.0,0.0,0.0,0.0,0.0,0.0,0.0,0.0,0.0,8.0,79.18427276611328,8.690458297729492,0.0,0.0,0.0,0.0,0.0,0.0,0.0,0.0,0.0,0.0,0.0,0.0,0.0,0.0,0.0,1.0,,2020-12-09 19:00:00,20813.195,5.781443055555555,3.066666666666667,5.95
P001,0.0,0.0,0.0,0.0,0.0,0.0,0.0,0.0,0.0,0.0,0.0,0.0,0.0,0.0,0.0,0.0,0.0,0.0,0.0,0.0,0.0,0.0,0.0,0.0,0.0,0.0,0.0,0.0,0.0,0.0,0.0,0.0,0.0,0.0,0.0,0.0,0.0,0.0,0.0,0.0,0.0,0.0,0.0,0.0,0.0,0.0,0.0,0.0,0.0,0.0,0.0,0.0,0.0,75.607421875,0.0,0.0,0.0,0.0,0.0,0.0,0.0,0.0,0.0,0.0,0.0,0.0,0.0,0.0,0.0,0.0,,1.0,2020-12-09 20:00:00,20813.195,5.781443055555555,3.066666666666667,5.95
P001,1.0,0.0,0.0,0.0,0.0,0.0,0.0,48.98333333333333,0.0,0.0,2.893988,16.0,556.2929839999999,33.0,0.0,36.0,0.0,36.0,0.0,36.0,0.0,36.0,0.0,36.0,0.0,36.0,0.0,36.0,0.0,36.0,0.0,36.0,0.0,36.0,0.0,36.0,0.0,36.0,0.3398788304140617,4.0,2.0,1.0,33.0,18.0,4.0,2359.0,0.0,0.0,0.0,0.0,0.0,0.0,125.0,110.51263427734376,139.208251953125,0.0,1.0,0.0,0.0,1.0,0.0,0.0,0.0,0.0,0.0,0.0,0.0,0.0,0.0,0.0,0.0,,2020-12-10 09:00:00,18495.639,5.1376775,2.833333333333333,5.4
P001,1.0,0.0,0.0,0.0,0.0,0.0,0.0,19.03333333333333,0.0,0.0,0.0,0.0,2961.341,1.0,0.0,3.0,0.0,3.0,0.0,3.0,0.0,3.0,0.0,3.0,0.0,3.0,0.0,3.0,0.0,3.0,0.0,3.0,0.0,3.0,0.0,3.0,0.0,3.0,1.0986122886681096,2.0,1.0,1.0,1.0,0.0,35.0,1.0,0.0,0.0,0.0,0.0,0.0,0.0,0.0,77.33418273925781,0.0,0.0,0.0,0.0,0.0,0.0,0.0,0.0,0.0,0.0,0.0,0.0,0.0,0.0,0.0,0.0,0.0,0.0,2020-12-10 10:00:00,18495.639,5.1376775,2.833333333333333,5.4
P001,2.0,3.083333333333333,0.0,0.0,0.0,0.0,0.0,27.8,0.0,0.0,833.1519710000001,21.0,2072.99197,31.0,0.0,45.0,0.0,45.0,0.0,45.0,0.0,45.0,0.0,45.0,0.0,45.0,0.0,45.0,0.0,45.0,0.0,45.0,0.0,45.0,0.0,45.0,0.0,45.0,0.8356325914188993,15.0,7.0,7.0,31.0,1728.0,64.0,115.0,0.0,0.0,0.0,0.0,0.0,0.0,799.0,151.83154296875,893.1859741210938,0.0,1.0,1.0,0.0,0.0,0.0,0.0,0.0,1.0,9.0,0.0,0.0,0.0,0.0,0.0,0.0,0.0,2020-12-10 11:00:00,18495.639,5.1376775,2.833333333333333,5.4
P001,1.0,0.0,0.0,0.0,0.0,0.0,0.0,0.0,0.0,0.0,389.953002,1.0,3092.375996,11.0,0.0,25.0,0.0,25.0,0.0,25.0,0.0,25.0,0.0,25.0,0.0,25.0,0.0,25.0,0.0,25.0,0.0,25.0,0.0,25.0,0.0,25.0,0.0,25.0,1.0740922213659423,19.0,7.0,7.0,11.0,1830.0,49.0,32.0,0.0,0.0,0.0,0.0,0.0,0.0,680.0,161.69874572753906,759.6104125976562,0.0,0.0,0.0,0.0,0.0,0.0,0.0,0.0,0.0,0.0,0.0,0.0,0.0,0.0,0.0,1.0,0.0,2020-12-10 12:00:00,18495.639,5.1376775,2.833333333333333,5.4
P001,1.0,0.0,0.0,0.0,0.0,0.0,0.0,0.0166666666666666,848.4940149999999,8.0,2147.265996,50.0,2997.2700090000003,70.0,0.0,88.0,0.0,88.0,0.0,88.0,0.0,88.0,0.0,88.0,0.0,88.0,0.0,88.0,0.0,88.0,0.0,88.0,0.0,88.0,0.0,88.0,0.0,88.0,0.6484196629383533,29.0,9.0,9.0,70.0,2481.0,24.0,203.0,0.014,1.0,0.0,0.0,0.0,0.0,47.0,83.50117492675781,52.30368423461914,0.0,0.0,0.0,0.0,0.0,0.0,0.0,0.0,0.0,0.0,0.0,0.0,0.0,0.0,0.0,0.0,1.0,2020-12-10 13:00:00,18495.639,5.1376775,2.833333333333333,5.4
P001,1.0,0.0,0.0,0.0,0.0,0.0,0.0,57.7,851.576982,2.0,0.595993,24.0,2652.182011,76.0,0.0,87.0,0.0,87.0,0.0,87.0,0.0,87.0,0.0,87.0,0.0,87.0,0.0,87.0,0.0,87.0,0.0,87.0,0.0,87.0,0.0,87.0,0.0,87.0,0.4666727136051584,17.0,5.0,6.0,76.0,2465.0,57.0,730.0,28.290982,32.0,0.041999,1.0,0.0,0.0,0.0,75.23739624023438,0.0,0.0,0.0,0.0,0.0,0.0,0.0,0.0,0.0,0.0,0.0,0.0,0.0,0.0,0.0,0.0,,0.0,2020-12-10 14:00:00,18495.639,5.1376775,2.833333333333333,5.4
P001,1.0,0.0,0.0,0.0,0.0,0.0,0.0,40.8,0.130999,1.0,13.733940999999998,119.0,47.908905,220.0,0.0,225.0,0.0,225.0,0.0,225.0,0.0,225.0,0.0,225.0,0.0,225.0,0.0,225.0,0.0,225.0,0.0,225.0,0.0,225.0,0.0,225.0,0.0,225.0,0.1215217736504479,7.0,3.0,2.0,220.0,20.0,3.0,3351.0,0.577987,29.0,0.0,0.0,0.0,0.0,0.0,75.23739624023438,0.0,0.0,1.0,1.0,0.0,14.0,13.0,1.0,5.0,0.0,0.0,0.0,0.0,0.0,0.0,0.0,0.0,,2020-12-10 15:00:00,18495.639,5.1376775,2.833333333333333,5.4
P001,5.0,8.266666666666667,0.0,4.0,2.0166666666666666,0.0,0.0,27.966666666666665,0.0,0.0,23.069998,4.0,2304.383993,33.0,0.0,67.0,0.0,67.0,0.0,67.0,0.0,67.0,0.0,67.0,0.0,67.0,0.0,67.0,0.0,67.0,0.0,67.0,0.0,67.0,0.0,67.0,0.0,67.0,1.044782123475963,46.0,17.0,17.0,33.0,1284.0,76.0,1077.0,1079.9209919999998,5.0,0.0,0.0,0.0,0.0,0.0,75.23738861083984,0.0,2.0,3.0,5.0,60.0,124.0,84.0,0.0,0.0,0.0,0.0,0.0,0.0,0.0,0.0,0.0,0.0,0.0,2020-12-10 16:00:00,18495.639,5.1376775,2.833333333333333,5.4
P001,1.0,0.0,0.0,0.0,0.0,0.0,0.0,27.716666666666665,0.0,0.0,1719.406971,64.0,1726.924956,109.0,0.0,116.0,0.0,116.0,0.0,116.0,0.0,116.0,0.0,116.0,0.0,116.0,0.0,116.0,0.0,116.0,0.0,116.0,0.0,116.0,0.0,116.0,0.0,116.0,0.2691252473696357,12.0,3.0,4.0,109.0,19.0,18.0,1485.0,0.2369949999999999,11.0,0.062999,3.0,0.0,0.0,107.0,103.60559844970705,119.25238800048828,0.0,0.0,0.0,0.0,0.0,0.0,1.0,12.0,0.0,0.0,0.0,0.0,0.0,0.0,0.0,0.0,0.0,2020-12-10 17:00:00,18495.639,5.1376775,2.833333333333333,5.4
P001,1.0,0.0,0.0,0.0,0.0,0.0,0.0,55.48333333333333,0.0,0.0,58.305991000000006,31.0,179.24797699999996,75.0,0.0,87.0,0.0,87.0,0.0,87.0,0.0,87.0,0.0,87.0,0.0,87.0,0.0,87.0,0.0,87.0,0.0,87.0,0.0,87.0,0.0,87.0,0.0,87.0,0.4967963698504464,15.0,6.0,6.0,75.0,139.0,27.0,3194.0,0.399992,15.0,0.0,0.0,0.0,0.0,166.0,114.952880859375,184.9136199951172,0.0,2.0,1.0,0.0,8.0,7.0,0.0,0.0,0.0,0.0,0.0,0.0,0.0,0.0,0.0,,0.0,2020-12-10 18:00:00,18495.639,5.1376775,2.833333333333333,5.4
P001,1.0,0.0,0.0,0.0,0.0,0.0,0.0,30.866666666666667,0.0,0.0,0.0419979999999999,3.0,0.225996,10.0,0.0,15.0,0.0,15.0,0.0,15.0,0.0,15.0,0.0,15.0,0.0,15.0,0.0,15.0,0.0,15.0,0.0,15.0,0.0,15.0,0.0,15.0,0.0,15.0,0.8608513906312316,5.0,3.0,2.0,10.0,8.0,5.0,284.0,0.0,0.0,0.0,0.0,0.0,0.0,0.0,81.4043960571289,0.0,0.0,0.0,0.0,0.0,0.0,0.0,0.0,0.0,0.0,0.0,0.0,0.0,0.0,0.0,0.0,0.0,,2020-12-10 19:00:00,18495.639,5.1376775,2.833333333333333,5.4
P001,1.0,0.0,0.0,0.0,0.0,0.0,0.0,51.06666666666667,0.0,0.0,0.0,0.0,0.0,0.0,0.0,0.0,0.0,0.0,0.0,0.0,0.0,0.0,0.0,0.0,0.0,0.0,0.0,0.0,0.0,0.0,0.0,0.0,0.0,0.0,0.0,0.0,0.0,0.0,0.0,0.0,0.0,0.0,0.0,0.0,0.0,0.0,0.0,0.0,0.0,0.0,0.0,0.0,0.0,76.5941390991211,0.0,0.0,0.0,0.0,0.0,0.0,0.0,0.0,0.0,0.0,0.0,0.0,0.0,0.0,0.0,0.0,,0.0,2020-12-10 20:00:00,18495.639,5.1376775,2.833333333333333,5.4
P001,1.0,0.0,0.0,0.0,0.0,0.0,0.0,36.3,0.0,0.0,15.365994,11.0,2083.165985,31.0,0.0,42.0,0.0,42.0,0.0,42.0,0.0,42.0,0.0,42.0,0.0,42.0,0.0,42.0,0.0,42.0,0.0,42.0,0.0,42.0,0.0,42.0,0.0,42.0,0.7554946250315024,12.0,6.0,5.0,31.0,1796.0,258.0,376.0,0.014999,1.0,0.0,0.0,0.0,0.0,149.0,126.17681884765624,165.60150146484375,0.0,0.0,0.0,0.0,0.0,0.0,0.0,0.0,0.0,0.0,0.0,0.0,0.0,0.0,0.0,0.0,,2020-12-11 11:00:00,17945.609,4.984891388888889,2.85,5.333333333333333
P001,1.0,0.0,0.0,0.0,0.0,0.0,0.0,0.0,0.0,0.0,3028.064,1.0,3028.064,1.0,0.0,3.0,0.0,3.0,0.0,3.0,0.0,3.0,0.0,3.0,0.0,3.0,0.0,3.0,0.0,3.0,0.0,3.0,0.0,3.0,0.0,3.0,0.0,3.0,1.0986122886681096,2.0,1.0,1.0,1.0,1277.0,41.0,0.0,0.0,0.0,0.0,0.0,0.0,0.0,0.0,80.04766082763672,0.0,0.0,0.0,0.0,0.0,0.0,0.0,0.0,0.0,0.0,0.0,0.0,0.0,0.0,0.0,0.0,1.0,0.0,2020-12-11 12:00:00,17945.609,4.984891388888889,2.85,5.333333333333333
P001,0.0,0.0,0.0,0.0,0.0,0.0,0.0,0.0,0.0,0.0,0.0,0.0,0.0,0.0,0.0,0.0,0.0,0.0,0.0,0.0,0.0,0.0,0.0,0.0,0.0,0.0,0.0,0.0,0.0,0.0,0.0,0.0,0.0,0.0,0.0,0.0,0.0,0.0,0.0,0.0,0.0,0.0,0.0,0.0,0.0,0.0,0.0,0.0,0.0,0.0,0.0,0.0,0.0,76.8408203125,0.0,0.0,0.0,0.0,0.0,0.0,0.0,0.0,0.0,0.0,0.0,0.0,0.0,0.0,0.0,0.0,1.0,1.0,2020-12-11 13:00:00,17945.609,4.984891388888889,2.85,5.333333333333333
P001,2.0,2.2,0.0,0.0,0.0,0.0,0.0,18.266666666666666,0.0,0.0,1559.025953,95.0,1788.2779410000005,111.0,0.0,137.0,0.0,137.0,0.0,137.0,0.0,137.0,0.0,137.0,0.0,137.0,0.0,137.0,0.0,137.0,0.0,137.0,0.0,137.0,0.0,137.0,0.0,137.0,0.6174514686042634,40.0,13.0,13.0,111.0,821.0,32.0,404.0,0.0,0.0,0.0,0.0,0.0,0.0,0.0,77.33416748046875,0.0,0.0,1.0,2.0,0.0,29.0,58.0,0.0,0.0,1.0,15.0,0.0,0.0,0.0,0.0,0.0,0.0,1.0,2020-12-11 14:00:00,17945.609,4.984891388888889,2.85,5.333333333333333
P001,1.0,0.0,0.0,0.0,0.0,0.0,0.0,27.016666666666666,1.5219790000000002,39.0,890.803909,175.0,902.912863,287.0,0.0,292.0,0.0,292.0,0.0,292.0,0.0,292.0,0.0,292.0,0.0,292.0,0.0,292.0,0.0,292.0,0.0,292.0,0.0,292.0,0.0,292.0,0.0,292.0,0.0981458325760369,8.0,2.0,3.0,287.0,0.0,93.0,2775.0,0.378997,8.0,0.111,1.0,0.0,0.0,0.0,75.23738098144531,0.0,0.0,0.0,0.0,0.0,0.0,0.0,1.0,36.0,0.0,0.0,0.0,0.0,0.0,0.0,0.0,1.0,0.0,2020-12-11 15:00:00,17945.609,4.984891388888889,2.85,5.333333333333333
P001,1.0,0.0,0.0,0.0,0.0,0.0,0.0,51.083333333333336,0.0,0.0,3.665957,94.0,4.6399420000000005,138.0,0.0,138.0,0.0,138.0,0.0,138.0,0.0,138.0,0.0,138.0,0.0,138.0,0.0,138.0,0.0,138.0,0.0,138.0,0.0,138.0,0.0,138.0,0.0,138.0,0.0,0.0,0.0,0.0,138.0,0.0,0.0,3390.0,0.324994,10.0,0.0,0.0,0.0,0.0,0.0,75.23739624023438,0.0,0.0,1.0,0.0,0.0,42.0,0.0,1.0,54.0,0.0,0.0,0.0,0.0,0.0,0.0,0.0,,1.0,2020-12-11 16:00:00,17945.609,4.984891388888889,2.85,5.333333333333333
P001,1.0,0.0,0.0,0.0,0.0,0.0,0.0,45.833333333333336,0.0,0.0,1.4879639999999998,70.0,345.229952,115.0,0.0,133.0,0.0,133.0,0.0,133.0,0.0,133.0,0.0,133.0,0.0,133.0,0.0,133.0,0.0,133.0,0.0,133.0,0.0,133.0,0.0,133.0,0.0,133.0,0.4902195255614101,21.0,9.0,9.0,115.0,302.0,52.0,1491.0,280.568,2.0,0.014,1.0,0.0,0.0,40.0,85.35128021240234,44.57883071899414,0.0,3.0,1.0,0.0,95.0,37.0,2.0,45.0,2.0,25.0,0.0,0.0,0.0,0.0,0.0,0.0,,2020-12-11 17:00:00,17945.609,4.984891388888889,2.85,5.333333333333333
P001,1.0,0.0,0.0,0.0,0.0,0.0,0.0,28.95,0.0,0.0,0.248994,10.0,6.02599,18.0,0.0,23.0,0.0,23.0,0.0,23.0,0.0,23.0,0.0,23.0,0.0,23.0,0.0,23.0,0.0,23.0,0.0,23.0,0.0,23.0,0.0,23.0,0.0,23.0,0.6698932216137069,6.0,3.0,2.0,18.0,6.0,9.0,1212.0,0.0,0.0,0.0,0.0,0.0,0.0,26.0,83.13115692138672,28.80725860595703,0.0,1.0,0.0,0.0,3.0,0.0,0.0,0.0,0.0,0.0,0.0,0.0,0.0,0.0,0.0,0.0,0.0,2020-12-11 18:00:00,17945.609,4.984891388888889,2.85,5.333333333333333
P001,0.0,0.0,0.0,0.0,0.0,0.0,0.0,0.0,0.0,0.0,0.0,0.0,0.0,0.0,0.0,0.0,0.0,0.0,0.0,0.0,0.0,0.0,0.0,0.0,0.0,0.0,0.0,0.0,0.0,0.0,0.0,0.0,0.0,0.0,0.0,0.0,0.0,0.0,0.0,0.0,0.0,0.0,0.0,0.0,0.0,0.0,0.0,0.0,0.0,0.0,0.0,0.0,0.0,76.10078430175781,0.0,0.0,0.0,0.0,0.0,0.0,0.0,0.0,0.0,0.0,0.0,0.0,0.0,0.0,0.0,0.0,0.0,0.0,2020-12-11 19:00:00,17945.609,4.984891388888889,2.85,5.333333333333333
P001,1.0,0.0,0.0,0.0,0.0,0.0,0.0,0.0,0.0,0.0,0.0,0.0,0.0,0.0,0.0,0.0,0.0,0.0,0.0,0.0,0.0,0.0,0.0,0.0,0.0,0.0,0.0,0.0,0.0,0.0,0.0,0.0,0.0,0.0,0.0,0.0,0.0,0.0,0.0,0.0,0.0,0.0,0.0,0.0,0.0,0.0,0.0,0.0,0.0,0.0,0.0,0.0,0.0,75.607421875,0.0,0.0,0.0,0.0,0.0,0.0,0.0,0.0,0.0,0.0,0.0,0.0,0.0,0.0,0.0,0.0,0.0,0.0,2020-12-11 20:00:00,17945.609,4.984891388888889,2.85,5.333333333333333
P001,1.0,0.0,0.0,0.0,0.0,0.0,0.0,0.0,0.0,0.0,0.0,0.0,0.0,0.0,0.0,0.0,0.0,0.0,0.0,0.0,0.0,0.0,0.0,0.0,0.0,0.0,0.0,0.0,0.0,0.0,0.0,0.0,0.0,0.0,0.0,0.0,0.0,0.0,0.0,0.0,0.0,0.0,0.0,0.0,0.0,0.0,0.0,0.0,0.0,0.0,0.0,0.0,0.0,75.73075866699219,0.0,0.0,0.0,0.0,0.0,0.0,0.0,0.0,0.0,0.0,0.0,0.0,0.0,0.0,0.0,0.0,,0.0,2020-12-11 21:00:00,17945.609,4.984891388888889,2.85,5.333333333333333
P001,3.0,13.616666666666667,10.9,0.0,0.0,0.0,0.0,11.75,0.017,3.0,572.303977,51.0,2909.2009820000003,97.0,0.0,162.0,0.0,162.0,0.0,162.0,0.0,162.0,0.0,162.0,0.0,162.0,0.0,162.0,0.0,162.0,0.0,162.0,0.0,162.0,0.0,162.0,0.0,162.0,0.9515761912026728,88.0,32.0,33.0,97.0,1935.0,131.0,986.0,0.002,1.0,0.0,0.0,0.0,0.0,2413.0,260.7407531738281,2698.869873046875,0.0,1.0,1.0,0.0,4.0,0.0,0.0,0.0,0.0,0.0,0.0,0.0,0.0,0.0,0.0,0.0,,2020-12-12 09:00:00,13464.308,3.740085555555556,4.083333333333333,5.95
P001,1.0,0.0,0.0,0.0,0.0,0.0,0.0,42.61666666666667,0.0,0.0,514.7459680000001,67.0,2816.926034,85.0,0.0,116.0,0.0,116.0,0.0,116.0,0.0,116.0,0.0,116.0,0.0,116.0,0.0,116.0,0.0,116.0,0.0,116.0,0.0,116.0,0.0,116.0,0.0,116.0,0.7655942482266529,40.0,16.0,15.0,85.0,2416.0,391.0,493.0,0.003,1.0,0.0,0.0,0.0,0.0,473.0,146.77459716796875,527.8648071289062,0.0,0.0,0.0,0.0,0.0,0.0,0.0,0.0,0.0,0.0,0.0,0.0,0.0,0.0,0.0,,0.0,2020-12-12 10:00:00,13464.308,3.740085555555556,4.083333333333333,5.95
P001,3.0,13.633333333333333,4.6,0.0,0.0,0.0,0.0,2.85,0.0,0.0,0.0,0.0,0.0,0.0,0.0,22.0,0.0,22.0,0.0,22.0,0.0,22.0,0.0,22.0,0.0,22.0,0.0,22.0,0.0,22.0,0.0,22.0,0.0,22.0,0.0,22.0,0.0,22.0,0.6931471805599453,21.0,11.0,11.0,0.0,1121.0,153.0,0.0,0.0,0.0,0.0,0.0,0.0,0.0,1626.0,244.70657348632807,1818.075927734375,0.0,1.0,1.0,0.0,3.0,4.0,0.0,0.0,0.0,0.0,0.0,0.0,0.0,0.0,0.0,0.0,,2020-12-12 11:00:00,13464.308,3.740085555555556,4.083333333333333,5.95
P001,1.0,0.0,0.0,0.0,0.0,0.0,0.0,0.0,0.0,0.0,1231.224971,2.0,3005.278971,4.0,0.0,14.0,0.0,14.0,0.0,14.0,0.0,14.0,0.0,14.0,0.0,14.0,0.0,14.0,0.0,14.0,0.0,14.0,0.0,14.0,0.0,14.0,0.0,14.0,1.0933747175566466,12.0,5.0,5.0,4.0,1243.0,80.0,4.0,0.0,0.0,0.0,0.0,0.0,0.0,0.0,77.21084594726562,0.0,0.0,0.0,0.0,0.0,0.0,0.0,0.0,0.0,0.0,0.0,0.0,0.0,0.0,0.0,0.0,,0.0,2020-12-12 12:00:00,13464.308,3.740085555555556,4.083333333333333,5.95
P001,0.0,0.0,0.0,0.0,0.0,0.0,0.0,0.0,0.0,0.0,0.1989939999999999,12.0,2926.706993,15.0,0.0,19.0,0.0,19.0,0.0,19.0,0.0,19.0,0.0,19.0,0.0,19.0,0.0,19.0,0.0,19.0,0.0,19.0,0.0,19.0,0.0,19.0,0.0,19.0,0.6605788876520756,4.0,2.0,2.0,15.0,191.0,4.0,46.0,0.0,0.0,0.0,0.0,0.0,0.0,0.0,75.97744750976562,0.0,0.0,0.0,0.0,0.0,0.0,0.0,0.0,0.0,0.0,0.0,0.0,0.0,0.0,0.0,0.0,0.0,,2020-12-12 13:00:00,13464.308,3.740085555555556,4.083333333333333,5.95
P001,3.0,15.716666666666669,1.7,0.0,0.0,0.0,0.0,0.0,925.5280079999998,11.0,222.076978,56.0,2130.432975,89.0,0.0,127.0,0.0,127.0,0.0,127.0,0.0,127.0,0.0,127.0,0.0,127.0,0.0,127.0,0.0,127.0,0.0,127.0,0.0,127.0,0.0,127.0,0.0,127.0,0.817594030439023,53.0,19.0,19.0,89.0,1828.0,91.0,528.0,0.0,0.0,0.0,0.0,0.0,0.0,1957.0,295.64599609375,2188.385986328125,0.0,1.0,1.0,0.0,5.0,9.0,0.0,0.0,0.0,0.0,0.0,0.0,0.0,0.0,0.0,,0.0,2020-12-12 14:00:00,13464.308,3.740085555555556,4.083333333333333,5.95
P001,1.0,0.0,0.0,0.0,0.0,0.0,0.0,2.45,1556.524997,12.0,337.312971,104.0,2382.9249670000004,145.0,0.0,154.0,0.0,154.0,0.0,154.0,0.0,154.0,0.0,154.0,0.0,154.0,0.0,154.0,0.0,154.0,0.0,154.0,0.0,154.0,0.0,154.0,0.0,154.0,0.262804812428997,13.0,4.0,5.0,145.0,804.0,16.0,968.0,0.025,2.0,0.009999,1.0,0.0,0.0,20.0,80.29434204101562,22.36988067626953,0.0,0.0,0.0,0.0,0.0,0.0,0.0,0.0,0.0,0.0,0.0,0.0,0.0,0.0,0.0,1.0,,2020-12-12 15:00:00,13464.308,3.740085555555556,4.083333333333333,5.95
P001,1.0,0.0,0.0,0.0,0.0,0.0,0.0,30.75,0.0,0.0,5.895973,56.0,17.578963999999996,86.0,0.0,88.0,0.0,88.0,0.0,88.0,0.0,88.0,0.0,88.0,0.0,88.0,0.0,88.0,0.0,88.0,0.0,88.0,0.0,88.0,0.0,88.0,0.0,88.0,0.124224684048642,4.0,1.0,1.0,86.0,10.0,270.0,3062.0,0.001,1.0,0.0,0.0,0.0,0.0,116.0,108.04584503173828,129.23031616210938,0.0,1.0,0.0,0.0,4.0,0.0,2.0,3.0,0.0,0.0,0.0,0.0,0.0,0.0,0.0,,1.0,2020-12-12 16:00:00,13464.308,3.740085555555556,4.083333333333333,5.95
P001,1.0,0.0,0.0,0.0,0.0,0.0,0.0,38.7,0.8519840000000001,50.0,5.724980999999999,42.0,198.873963,136.0,0.0,142.0,0.0,142.0,0.0,142.0,0.0,142.0,0.0,142.0,0.0,142.0,0.0,142.0,0.0,142.0,0.0,142.0,0.0,142.0,0.0,142.0,0.0,142.0,0.2043289013187837,7.0,3.0,3.0,136.0,171.0,17.0,3226.0,0.162999,12.0,0.0,0.0,0.0,0.0,141.0,110.51264190673828,156.75010681152344,0.0,3.0,1.0,0.0,24.0,6.0,1.0,0.0,0.0,0.0,0.0,0.0,0.0,0.0,0.0,0.0,,2020-12-12 17:00:00,13464.308,3.740085555555556,4.083333333333333,5.95
P001,2.0,2.533333333333333,0.0,0.0,0.0,0.0,0.0,40.5,0.094996,7.0,5.429963999999999,91.0,6.404952999999999,139.0,0.0,139.0,0.0,139.0,0.0,139.0,0.0,139.0,0.0,139.0,0.0,139.0,0.0,139.0,0.0,139.0,0.0,139.0,0.0,139.0,0.0,139.0,0.0,139.0,0.0,0.0,0.0,0.0,139.0,0.0,0.0,3473.0,0.5849970000000001,13.0,0.0,0.0,0.0,0.0,96.0,101.7554931640625,107.02136993408205,0.0,0.0,0.0,0.0,0.0,0.0,0.0,0.0,0.0,0.0,0.0,0.0,0.0,0.0,0.0,1.0,0.0,2020-12-12 18:00:00,13464.308,3.740085555555556,4.083333333333333,5.95
P001,1.0,0.0,0.0,0.0,0.0,0.0,0.0,0.0,0.0,0.0,1211.3089499999996,60.0,1211.585948,76.0,0.0,79.0,0.0,79.0,0.0,79.0,0.0,79.0,0.0,79.0,0.0,79.0,0.0,79.0,0.0,79.0,0.0,79.0,0.0,79.0,0.0,79.0,0.0,79.0,0.1856247104052359,3.0,2.0,1.0,76.0,1208.0,1.0,985.0,0.064999,4.0,0.0,0.0,0.0,0.0,29.0,87.57139587402344,32.02594757080078,0.0,0.0,0.0,0.0,0.0,0.0,0.0,0.0,0.0,0.0,0.0,0.0,0.0,0.0,0.0,1.0,1.0,2020-12-12 19:00:00,13464.308,3.740085555555556,4.083333333333333,5.95
P001,1.0,0.0,0.0,0.0,0.0,0.0,0.0,9.916666666666666,0.0,0.0,0.0,0.0,0.0,0.0,0.0,0.0,0.0,0.0,0.0,0.0,0.0,0.0,0.0,0.0,0.0,0.0,0.0,0.0,0.0,0.0,0.0,0.0,0.0,0.0,0.0,0.0,0.0,0.0,0.0,0.0,0.0,0.0,0.0,0.0,0.0,0.0,0.0,0.0,0.0,0.0,0.0,0.0,13.0,79.67764282226562,14.323162078857422,0.0,0.0,0.0,0.0,0.0,0.0,0.0,0.0,0.0,0.0,0.0,0.0,0.0,0.0,0.0,0.0,1.0,2020-12-12 20:00:00,13464.308,3.740085555555556,4.083333333333333,5.95
P001,0.0,0.0,0.0,0.0,0.0,0.0,0.0,0.0,0.0,0.0,0.0,0.0,0.0,0.0,0.0,0.0,0.0,0.0,0.0,0.0,0.0,0.0,0.0,0.0,0.0,0.0,0.0,0.0,0.0,0.0,0.0,0.0,0.0,0.0,0.0,0.0,0.0,0.0,0.0,0.0,0.0,0.0,0.0,0.0,0.0,0.0,0.0,0.0,0.0,0.0,0.0,0.0,0.0,75.607421875,0.0,0.0,0.0,0.0,0.0,0.0,0.0,0.0,0.0,0.0,0.0,0.0,0.0,0.0,0.0,0.0,,0.0,2020-12-12 21:00:00,13464.308,3.740085555555556,4.083333333333333,5.95
P001,1.0,0.0,0.0,0.0,0.0,0.0,0.0,45.31666666666667,27.497999,3.0,304.932979,56.0,3296.25592,91.0,0.0,135.0,0.0,135.0,0.0,135.0,0.0,135.0,0.0,135.0,0.0,135.0,0.0,135.0,0.0,135.0,0.0,135.0,0.0,135.0,0.0,135.0,0.0,135.0,0.8571704596176943,57.0,22.0,22.0,91.0,3026.0,249.0,253.0,253.509005,2.0,0.0,0.0,0.0,0.0,939.0,207.95123291015625,1049.4532470703125,0.0,1.0,1.0,0.0,0.0,3.0,0.0,0.0,1.0,2.0,0.0,0.0,0.0,0.0,0.0,0.0,,2020-12-13 10:00:00,22773.177,6.3258825,3.5166666666666666,6.666666666666667
P001,1.0,0.0,0.0,0.0,0.0,0.0,0.0,54.9,0.029997,3.0,32.715981,49.0,1487.376923,78.0,0.0,138.0,0.0,138.0,0.0,138.0,0.0,138.0,0.0,138.0,0.0,138.0,0.0,138.0,0.0,138.0,0.0,138.0,0.0,138.0,0.0,138.0,0.0,138.0,0.985984617175194,67.0,30.0,30.0,78.0,2650.0,471.0,445.0,0.053998,5.0,0.0,0.0,0.0,0.0,258.0,131.3571014404297,287.4288330078125,0.0,0.0,0.0,0.0,0.0,0.0,0.0,0.0,0.0,0.0,0.0,0.0,0.0,0.0,0.0,0.0,0.0,2020-12-13 11:00:00,22773.177,6.3258825,3.5166666666666666,6.666666666666667
P001,2.0,3.3,0.0,0.0,0.0,0.0,0.0,45.85,0.113997,10.0,1188.993983,46.0,1253.2619689999997,86.0,0.0,102.0,0.0,102.0,0.0,102.0,0.0,102.0,0.0,102.0,0.0,102.0,0.0,102.0,0.0,102.0,0.0,102.0,0.0,102.0,0.0,102.0,0.0,102.0,0.5431597530423198,21.0,8.0,8.0,86.0,579.0,22.0,1954.0,0.030999,1.0,0.014999,1.0,0.0,0.0,581.0,149.11807250976562,648.8875122070312,0.0,2.0,2.0,0.0,4.0,12.0,1.0,8.0,0.0,0.0,0.0,1.0,1.0,1.0,9.0,1.0,0.0,2020-12-13 12:00:00,22773.177,6.3258825,3.5166666666666666,6.666666666666667
P001,0.0,0.0,0.0,0.0,0.0,0.0,0.0,0.0,2260.554993,15.0,0.104998,5.0,3316.094977,25.0,0.0,29.0,0.0,29.0,0.0,29.0,0.0,29.0,0.0,29.0,0.0,29.0,0.0,29.0,0.0,29.0,0.0,29.0,0.0,29.0,0.0,29.0,0.0,29.0,0.4967963698504464,5.0,2.0,2.0,25.0,1053.0,3.0,119.0,0.0,0.0,0.0,0.0,0.0,0.0,171.0,116.43296813964844,190.5463409423828,0.0,0.0,0.0,0.0,0.0,0.0,0.0,0.0,0.0,0.0,0.0,0.0,0.0,0.0,0.0,0.0,1.0,2020-12-13 13:00:00,22773.177,6.3258825,3.5166666666666666,6.666666666666667
P001,1.0,0.0,0.0,0.0,0.0,0.0,0.0,16.75,0.047998,2.0,242.733996,5.0,3226.478988,28.0,0.0,31.0,0.0,31.0,0.0,31.0,0.0,31.0,0.0,31.0,0.0,31.0,0.0,31.0,0.0,31.0,0.0,31.0,0.0,31.0,0.0,31.0,0.0,31.0,0.3795349255810946,4.0,1.0,2.0,28.0,234.0,7.0,376.0,0.141997,11.0,0.004,1.0,0.0,0.0,0.0,75.48406982421875,0.0,0.0,0.0,0.0,0.0,0.0,0.0,0.0,0.0,0.0,0.0,0.0,0.0,0.0,0.0,0.0,,0.0,2020-12-13 14:00:00,22773.177,6.3258825,3.5166666666666666,6.666666666666667
P001,1.0,0.0,0.0,0.0,0.0,0.0,0.0,50.4,0.142994,8.0,4.26897,65.0,5.152945000000001,125.0,0.0,125.0,0.0,125.0,0.0,125.0,0.0,125.0,0.0,125.0,0.0,125.0,0.0,125.0,0.0,125.0,0.0,125.0,0.0,125.0,0.0,125.0,0.0,125.0,0.0,0.0,0.0,0.0,125.0,0.0,0.0,3416.0,0.099998,7.0,0.087999,1.0,0.0,0.0,0.0,75.23739624023438,0.0,0.0,1.0,0.0,0.0,33.0,0.0,1.0,11.0,0.0,0.0,0.0,0.0,0.0,0.0,0.0,0.0,,2020-12-13 15:00:00,22773.177,6.3258825,3.5166666666666666,6.666666666666667
P001,1.0,0.0,0.0,0.0,0.0,0.0,0.0,12.3,0.0,0.0,2.1829749999999994,74.0,5.769967,109.0,0.0,109.0,0.0,109.0,0.0,109.0,0.0,109.0,0.0,109.0,0.0,109.0,0.0,109.0,0.0,109.0,0.0,109.0,0.0,109.0,0.0,109.0,0.0,109.0,0.0,0.0,0.0,0.0,109.0,0.0,0.0,3050.0,0.002,1.0,0.0,0.0,0.0,0.0,91.0,96.57522583007812,101.2277374267578,0.0,0.0,0.0,0.0,0.0,0.0,0.0,0.0,0.0,0.0,0.0,0.0,0.0,0.0,0.0,0.0,0.0,2020-12-13 16:00:00,22773.177,6.3258825,3.5166666666666666,6.666666666666667
P001,1.0,0.0,0.0,0.0,0.0,0.0,0.0,35.983333333333334,0.0,0.0,3.612964,96.0,1115.0418969999998,120.0,0.0,122.0,0.0,122.0,0.0,122.0,0.0,122.0,0.0,122.0,0.0,122.0,0.0,122.0,0.0,122.0,0.0,122.0,0.0,122.0,0.0,122.0,0.0,122.0,0.0950127731443588,3.0,1.0,1.0,120.0,1108.0,2.0,2409.0,0.002,1.0,0.0,0.0,0.0,0.0,36.0,92.25831604003906,39.58986282348633,0.0,0.0,0.0,0.0,0.0,0.0,0.0,0.0,0.0,0.0,0.0,0.0,0.0,0.0,0.0,1.0,0.0,2020-12-13 17:00:00,22773.177,6.3258825,3.5166666666666666,6.666666666666667
P001,0.0,0.0,0.0,0.0,0.0,0.0,0.0,0.0,0.0,0.0,0.0,0.0,0.016,1.0,0.0,2.0,0.0,2.0,0.0,2.0,0.0,2.0,0.0,2.0,0.0,2.0,0.0,2.0,0.0,2.0,0.0,2.0,0.0,2.0,0.0,2.0,0.0,2.0,0.6931471805599453,1.0,1.0,0.0,1.0,0.0,0.0,6.0,0.0,0.0,0.0,0.0,0.0,0.0,0.0,77.58085632324219,0.0,0.0,0.0,0.0,0.0,0.0,0.0,0.0,0.0,0.0,0.0,0.0,0.0,0.0,0.0,0.0,0.0,1.0,2020-12-13 18:00:00,22773.177,6.3258825,3.5166666666666666,6.666666666666667
P001,0.0,0.0,0.0,0.0,0.0,0.0,0.0,0.0,0.0,0.0,0.0,0.0,0.0,0.0,0.0,0.0,0.0,0.0,0.0,0.0,0.0,0.0,0.0,0.0,0.0,0.0,0.0,0.0,0.0,0.0,0.0,0.0,0.0,0.0,0.0,0.0,0.0,0.0,0.0,0.0,0.0,0.0,0.0,0.0,0.0,0.0,0.0,0.0,0.0,0.0,0.0,0.0,15.0,79.5542984008789,16.576244354248047,0.0,0.0,0.0,0.0,0.0,0.0,0.0,0.0,0.0,0.0,0.0,0.0,0.0,0.0,0.0,1.0,0.0,2020-12-13 19:00:00,22773.177,6.3258825,3.5166666666666666,6.666666666666667
P001,0.0,0.0,0.0,0.0,0.0,0.0,0.0,0.0,0.0,0.0,0.0,0.0,0.0,0.0,0.0,0.0,0.0,0.0,0.0,0.0,0.0,0.0,0.0,0.0,0.0,0.0,0.0,0.0,0.0,0.0,0.0,0.0,0.0,0.0,0.0,0.0,0.0,0.0,0.0,0.0,0.0,0.0,0.0,0.0,0.0,0.0,0.0,0.0,0.0,0.0,0.0,0.0,0.0,75.97743225097656,0.0,0.0,0.0,0.0,0.0,0.0,0.0,0.0,0.0,0.0,0.0,0.0,0.0,0.0,0.0,0.0,0.0,1.0,2020-12-13 20:00:00,22773.177,6.3258825,3.5166666666666666,6.666666666666667
P001,0.0,0.0,0.0,0.0,0.0,0.0,0.0,0.0,0.0,0.0,0.0,0.0,0.0,0.0,0.0,0.0,0.0,0.0,0.0,0.0,0.0,0.0,0.0,0.0,0.0,0.0,0.0,0.0,0.0,0.0,0.0,0.0,0.0,0.0,0.0,0.0,0.0,0.0,0.0,0.0,0.0,0.0,0.0,0.0,0.0,0.0,0.0,0.0,0.0,0.0,0.0,0.0,0.0,75.8541030883789,0.0,0.0,0.0,0.0,0.0,0.0,0.0,0.0,0.0,0.0,0.0,0.0,0.0,0.0,0.0,0.0,,0.0,2020-12-13 21:00:00,22773.177,6.3258825,3.5166666666666666,6.666666666666667
P001,2.0,1.8,0.0,0.0,0.0,0.0,0.0,34.38333333333333,34.807997,6.0,1040.5379870000004,27.0,2246.02999,65.0,0.0,110.0,0.0,110.0,0.0,110.0,0.0,110.0,0.0,110.0,0.0,110.0,0.0,110.0,0.0,110.0,0.0,110.0,0.0,110.0,0.0,110.0,0.0,110.0,0.9599851523063272,57.0,23.0,22.0,65.0,2629.0,122.0,329.0,137.06499200000002,7.0,0.0,0.0,0.0,0.0,624.0,159.7252960205078,697.4896850585938,0.0,1.0,1.0,0.0,0.0,0.0,0.0,0.0,0.0,0.0,0.0,1.0,1.0,5.0,102.0,0.0,,2020-12-14 09:00:00,16735.275,4.6486875,4.616666666666667,6.933333333333334
P001,1.0,0.0,0.0,0.0,0.0,0.0,0.0,43.766666666666666,0.261997,10.0,488.792969,88.0,864.2049499999997,124.0,0.0,163.0,0.0,163.0,0.0,163.0,0.0,163.0,0.0,163.0,0.0,163.0,0.0,163.0,0.0,163.0,0.0,163.0,0.0,163.0,0.0,163.0,0.0,163.0,0.7159962117867209,51.0,19.0,20.0,124.0,575.0,833.0,1890.0,0.043998,3.0,0.0,0.0,0.0,0.0,74.0,112.9794464111328,81.59374237060547,0.0,1.0,0.0,0.0,10.0,0.0,2.0,18.0,0.0,0.0,0.0,0.0,0.0,0.0,0.0,0.0,0.0,2020-12-14 10:00:00,16735.275,4.6486875,4.616666666666667,6.933333333333334
P001,0.0,0.0,0.0,0.0,0.0,0.0,0.0,0.0,0.0,0.0,0.0,0.0,0.086,1.0,0.0,2.0,0.0,2.0,0.0,2.0,0.0,2.0,0.0,2.0,0.0,2.0,0.0,2.0,0.0,2.0,0.0,2.0,0.0,2.0,0.0,2.0,0.0,2.0,0.6931471805599453,1.0,1.0,0.0,1.0,0.0,0.0,3.0,0.0,0.0,0.0,0.0,0.0,0.0,14.0,82.26777648925781,15.610637664794922,0.0,1.0,0.0,0.0,4.0,0.0,0.0,0.0,0.0,0.0,0.0,0.0,0.0,0.0,0.0,0.0,0.0,2020-12-14 11:00:00,16735.275,4.6486875,4.616666666666667,6.933333333333334
P001,1.0,0.0,0.0,0.0,0.0,0.0,0.0,2.35,0.223998,7.0,11.597971,73.0,2625.4939620000014,113.0,0.0,120.0,0.0,120.0,0.0,120.0,0.0,120.0,0.0,120.0,0.0,120.0,0.0,120.0,0.0,120.0,0.0,120.0,0.0,120.0,0.0,120.0,0.0,120.0,0.2621930942405595,8.0,3.0,4.0,113.0,894.0,266.0,964.0,0.076999,4.0,0.013,1.0,0.0,0.0,40.0,92.25831604003906,44.2569580078125,0.0,0.0,0.0,0.0,0.0,0.0,0.0,0.0,0.0,0.0,0.0,0.0,0.0,0.0,0.0,,0.0,2020-12-14 12:00:00,16735.275,4.6486875,4.616666666666667,6.933333333333334
P001,1.0,0.0,0.0,0.0,0.0,0.0,0.0,56.66666666666666,662.864005,29.0,372.055963,132.0,1478.6009609999996,219.0,0.0,242.0,0.0,242.0,0.0,242.0,0.0,242.0,0.0,242.0,0.0,242.0,0.0,242.0,0.0,242.0,0.0,242.0,0.0,242.0,0.0,242.0,0.0,242.0,0.3798367483548196,35.0,11.0,12.0,219.0,1441.0,32.0,1973.0,26.795998,7.0,1.898998,6.0,0.0,0.0,485.0,155.28506469726562,541.8660888671875,0.0,1.0,0.0,0.0,2.0,0.0,1.0,2.0,0.0,0.0,0.0,0.0,0.0,0.0,0.0,0.0,,2020-12-14 15:00:00,16735.275,4.6486875,4.616666666666667,6.933333333333334
P001,2.0,10.266666666666667,0.0,0.0,0.0,0.0,0.0,40.516666666666666,2.704924,162.0,3.702963,103.0,567.6278620000002,322.0,0.0,340.0,0.0,340.0,0.0,340.0,0.0,340.0,0.0,340.0,0.0,340.0,0.0,340.0,0.0,340.0,0.0,340.0,0.0,340.0,0.0,340.0,0.0,340.0,0.2437819703827029,20.0,9.0,9.0,322.0,527.0,31.0,2798.0,0.124998,7.0,0.0,0.0,0.0,0.0,179.0,113.102783203125,199.39773559570312,0.0,3.0,3.0,0.0,80.0,88.0,1.0,0.0,0.0,0.0,0.0,0.0,0.0,0.0,0.0,,0.0,2020-12-14 16:00:00,16735.275,4.6486875,4.616666666666667,6.933333333333334
P001,1.0,0.0,0.0,0.0,0.0,0.0,0.0,41.13333333333333,0.62499,25.0,4.707965,63.0,5.913941999999999,120.0,0.0,120.0,0.0,120.0,0.0,120.0,0.0,120.0,0.0,120.0,0.0,120.0,0.0,120.0,0.0,120.0,0.0,120.0,0.0,120.0,0.0,120.0,0.0,120.0,0.0,0.0,0.0,0.0,120.0,0.0,0.0,3233.0,0.0,0.0,0.0,0.0,0.0,0.0,101.0,103.85227966308594,112.17127990722656,0.0,1.0,0.0,0.0,3.0,0.0,0.0,0.0,0.0,0.0,0.0,0.0,0.0,0.0,0.0,1.0,,2020-12-14 17:00:00,16735.275,4.6486875,4.616666666666667,6.933333333333334
P001,1.0,0.0,0.0,0.0,0.0,0.0,0.0,23.23333333333333,0.523987,22.0,250.686962,68.0,252.176936,132.0,0.0,153.0,0.0,153.0,0.0,153.0,0.0,153.0,0.0,153.0,0.0,153.0,0.0,153.0,0.0,153.0,0.0,153.0,0.0,153.0,0.0,153.0,0.0,153.0,0.4949310409210401,23.0,11.0,10.0,132.0,235.0,38.0,1948.0,0.238995,12.0,0.0,0.0,0.0,0.0,166.0,106.81244659423828,185.07455444335932,0.0,2.0,1.0,0.0,5.0,4.0,1.0,2.0,0.0,0.0,0.0,0.0,0.0,0.0,0.0,0.0,1.0,2020-12-14 18:00:00,16735.275,4.6486875,4.616666666666667,6.933333333333334
P001,0.0,0.0,0.0,0.0,0.0,0.0,0.0,0.0,0.0,0.0,0.0,0.0,0.0,0.0,0.0,0.0,0.0,0.0,0.0,0.0,0.0,0.0,0.0,0.0,0.0,0.0,0.0,0.0,0.0,0.0,0.0,0.0,0.0,0.0,0.0,0.0,0.0,0.0,0.0,0.0,0.0,0.0,0.0,0.0,0.0,0.0,0.0,0.0,0.0,0.0,0.0,0.0,0.0,76.22412109375,0.0,0.0,0.0,0.0,0.0,0.0,0.0,0.0,0.0,0.0,0.0,0.0,0.0,0.0,0.0,0.0,,0.0,2020-12-14 19:00:00,16735.275,4.6486875,4.616666666666667,6.933333333333334
P001,1.0,0.0,0.0,0.0,0.0,0.0,0.0,38.36666666666667,0.0,0.0,0.0,0.0,0.0,0.0,0.0,16.0,0.0,16.0,0.0,16.0,0.0,16.0,0.0,16.0,0.0,16.0,0.0,16.0,0.0,16.0,0.0,16.0,0.0,16.0,0.0,16.0,0.0,16.0,0.6931471805599453,15.0,8.0,8.0,0.0,1330.0,188.0,0.0,0.0,0.0,0.0,0.0,0.0,0.0,615.0,182.66653442382807,686.7070922851562,0.0,1.0,1.0,0.0,0.0,1.0,0.0,0.0,0.0,0.0,0.0,0.0,0.0,0.0,0.0,0.0,,2020-12-15 12:00:00,17059.419,4.7387275,3.083333333333333,5.45
P001,1.0,0.0,0.0,0.0,0.0,0.0,0.0,45.11666666666667,0.0,0.0,0.0,0.0,0.0,0.0,0.0,30.0,0.0,30.0,0.0,30.0,0.0,30.0,0.0,30.0,0.0,30.0,0.0,30.0,0.0,30.0,0.0,30.0,0.0,30.0,0.0,30.0,0.0,30.0,0.6931471805599453,29.0,15.0,15.0,0.0,981.0,1555.0,0.0,0.0,0.0,0.0,0.0,0.0,0.0,344.0,129.13697814941406,383.989501953125,0.0,0.0,0.0,0.0,0.0,0.0,0.0,0.0,0.0,0.0,0.0,0.0,0.0,0.0,0.0,0.0,0.0,2020-12-15 13:00:00,17059.419,4.7387275,3.083333333333333,5.45
P001,1.0,0.0,0.0,0.0,0.0,0.0,0.0,24.53333333333333,0.0,0.0,0.0,0.0,0.0,0.0,0.0,16.0,0.0,16.0,0.0,16.0,0.0,16.0,0.0,16.0,0.0,16.0,0.0,16.0,0.0,16.0,0.0,16.0,0.0,16.0,0.0,16.0,0.0,16.0,0.6931471805599453,15.0,8.0,8.0,0.0,218.0,1457.0,0.0,0.0,0.0,0.0,0.0,0.0,0.0,370.0,141.84100341796875,412.3139343261719,0.0,2.0,2.0,0.0,7.0,6.0,0.0,0.0,0.0,0.0,0.0,0.0,0.0,0.0,0.0,0.0,0.0,2020-12-15 14:00:00,17059.419,4.7387275,3.083333333333333,5.45
P001,1.0,0.0,0.0,0.0,0.0,0.0,0.0,38.43333333333333,0.0,0.0,0.0,0.0,0.0,0.0,0.0,4.0,0.0,4.0,0.0,4.0,0.0,4.0,0.0,4.0,0.0,4.0,0.0,4.0,0.0,4.0,0.0,4.0,0.0,4.0,0.0,4.0,0.0,4.0,0.6931471805599453,3.0,2.0,2.0,0.0,1336.0,42.0,0.0,0.0,0.0,0.0,0.0,0.0,0.0,192.0,127.5335693359375,213.3990173339844,0.0,0.0,0.0,0.0,0.0,0.0,0.0,0.0,0.0,0.0,0.0,0.0,0.0,0.0,0.0,0.0,0.0,2020-12-15 15:00:00,17059.419,4.7387275,3.083333333333333,5.45
P001,1.0,0.0,0.0,0.0,0.0,0.0,0.0,43.016666666666666,0.0,0.0,0.0,0.0,0.0,0.0,0.0,33.0,0.0,33.0,0.0,33.0,0.0,33.0,0.0,33.0,0.0,33.0,0.0,33.0,0.0,33.0,0.0,33.0,0.0,33.0,0.0,33.0,0.0,33.0,0.6926879734424749,32.0,16.0,17.0,0.0,2387.0,468.0,0.0,0.0,0.0,0.0,0.0,0.0,0.0,70.0,99.5353775024414,77.73131561279297,0.0,0.0,0.0,0.0,0.0,0.0,0.0,0.0,0.0,0.0,0.0,0.0,0.0,0.0,0.0,,0.0,2020-12-15 16:00:00,17059.419,4.7387275,3.083333333333333,5.45
P001,0.0,0.0,0.0,0.0,0.0,0.0,0.0,0.0,0.0,0.0,0.0,0.0,0.0,0.0,0.0,0.0,0.0,0.0,0.0,0.0,0.0,0.0,0.0,0.0,0.0,0.0,0.0,0.0,0.0,0.0,0.0,0.0,0.0,0.0,0.0,0.0,0.0,0.0,0.0,0.0,0.0,0.0,0.0,0.0,0.0,0.0,0.0,0.0,0.0,0.0,0.0,0.0,0.0,75.23738861083984,0.0,0.0,0.0,0.0,0.0,0.0,0.0,0.0,0.0,0.0,0.0,0.0,0.0,0.0,0.0,0.0,0.0,,2020-12-17 20:00:00,18877.376,5.243715555555555,4.416666666666667,7.033333333333333
P001,1.0,0.0,0.0,0.0,0.0,0.0,0.0,0.0,0.0,0.0,0.0,0.0,0.0,0.0,0.0,0.0,0.0,0.0,0.0,0.0,0.0,0.0,0.0,0.0,0.0,0.0,0.0,0.0,0.0,0.0,0.0,0.0,0.0,0.0,0.0,0.0,0.0,0.0,0.0,0.0,0.0,0.0,0.0,0.0,0.0,0.0,0.0,0.0,0.0,0.0,0.0,0.0,0.0,75.23738861083984,0.0,0.0,0.0,0.0,0.0,0.0,0.0,0.0,0.0,0.0,0.0,0.0,0.0,0.0,0.0,0.0,,0.0,2020-12-17 21:00:00,18877.376,5.243715555555555,4.416666666666667,7.033333333333333
P001,1.0,0.0,0.0,0.0,0.0,0.0,0.0,0.0,0.0,0.0,0.0,0.0,0.0,0.0,0.0,2.0,0.0,2.0,0.0,2.0,0.0,2.0,0.0,2.0,0.0,2.0,0.0,2.0,0.0,2.0,0.0,2.0,0.0,2.0,0.0,2.0,0.0,2.0,0.6931471805599453,1.0,1.0,1.0,0.0,0.0,29.0,0.0,0.0,0.0,0.0,0.0,0.0,0.0,0.0,76.47079467773438,0.0,0.0,0.0,0.0,0.0,0.0,0.0,0.0,0.0,0.0,0.0,0.0,0.0,0.0,0.0,0.0,0.0,,2020-12-18 11:00:00,,,,
P001,2.0,12.716666666666669,0.0,0.0,0.0,0.0,0.0,11.016666666666667,280.704989,16.0,735.609932,109.0,2832.780915,168.0,291.5179969072342,431.0,45.619,431.0,291.5179969072342,431.0,0.0,431.0,0.0,431.0,0.0,431.0,0.0,431.0,45.619,431.0,0.0,431.0,0.0,431.0,0.0,431.0,0.0,431.0,0.4763152541206492,81.0,28.0,28.0,375.0,1896.0,124.0,647.0,254.095996,6.0,0.0,0.0,0.0,0.0,1346.0,286.64215087890625,1505.541259765625,3.0,2.0,4.0,3.0,7.0,8.0,0.0,0.0,0.0,0.0,0.0,0.0,0.0,0.0,0.0,,0.0,2020-12-18 12:00:00,,,,
P001,1.0,0.0,0.0,0.0,0.0,0.0,0.0,43.3,222.582993,7.0,0.007,1.0,1488.047021,53.0,0.0,59.0,0.0,59.0,0.0,59.0,0.0,59.0,0.0,59.0,0.0,59.0,0.0,59.0,0.0,59.0,0.0,59.0,0.0,59.0,0.0,59.0,0.0,59.0,0.3992807464434971,8.0,3.0,3.0,53.0,1479.0,4.0,1986.0,0.677984,40.0,0.0,0.0,0.0,0.0,5.0,79.43095397949219,5.4717698097229,0.0,0.0,0.0,0.0,0.0,0.0,1.0,57.0,0.0,0.0,0.0,0.0,0.0,0.0,0.0,0.0,,2020-12-18 15:00:00,,,,
P001,1.0,0.0,0.0,0.0,0.0,0.0,0.0,9.033333333333331,0.0,0.0,0.278993,13.0,0.42299,23.0,0.0,24.0,0.0,24.0,0.0,24.0,0.0,24.0,0.0,24.0,0.0,24.0,0.0,24.0,0.0,24.0,0.0,24.0,0.0,24.0,0.0,24.0,0.0,24.0,0.1732052067491771,1.0,1.0,0.0,23.0,0.0,0.0,202.0,0.110997,6.0,0.0,0.0,0.0,0.0,0.0,75.23738098144531,0.0,0.0,1.0,0.0,0.0,58.0,0.0,0.0,0.0,0.0,0.0,0.0,0.0,0.0,0.0,0.0,,0.0,2020-12-18 16:00:00,,,,
P001,0.0,0.0,0.0,0.0,0.0,0.0,0.0,0.0,0.0,0.0,0.0,0.0,0.0,0.0,0.0,0.0,0.0,0.0,0.0,0.0,0.0,0.0,0.0,0.0,0.0,0.0,0.0,0.0,0.0,0.0,0.0,0.0,0.0,0.0,0.0,0.0,0.0,0.0,0.0,0.0,0.0,0.0,0.0,0.0,0.0,0.0,0.0,0.0,0.0,0.0,0.0,0.0,0.0,75.23738098144531,0.0,0.0,0.0,0.0,0.0,0.0,0.0,0.0,0.0,0.0,0.0,0.0,0.0,0.0,0.0,0.0,0.0,,2020-12-18 17:00:00,,,,
P001,1.0,0.0,0.0,0.0,0.0,0.0,0.0,0.0,0.0,0.0,0.0,0.0,0.0,0.0,0.0,0.0,0.0,0.0,0.0,0.0,0.0,0.0,0.0,0.0,0.0,0.0,0.0,0.0,0.0,0.0,0.0,0.0,0.0,0.0,0.0,0.0,0.0,0.0,0.0,0.0,0.0,0.0,0.0,0.0,0.0,0.0,0.0,0.0,0.0,0.0,0.0,0.0,0.0,75.23738861083984,0.0,0.0,0.0,0.0,0.0,0.0,0.0,0.0,0.0,0.0,0.0,0.0,0.0,0.0,0.0,0.0,,0.0,2020-12-18 18:00:00,,,,
P001,1.0,0.0,0.0,0.0,0.0,0.0,0.0,0.0,0.0,0.0,0.0,0.0,0.0,0.0,0.0,0.0,0.0,0.0,0.0,0.0,0.0,0.0,0.0,0.0,0.0,0.0,0.0,0.0,0.0,0.0,0.0,0.0,0.0,0.0,0.0,0.0,0.0,0.0,0.0,0.0,0.0,0.0,0.0,0.0,0.0,0.0,0.0,0.0,0.0,0.0,0.0,0.0,0.0,75.23738861083984,0.0,0.0,0.0,0.0,0.0,0.0,0.0,0.0,0.0,0.0,0.0,0.0,0.0,0.0,0.0,0.0,0.0,,2020-12-18 19:00:00,,,,
P001,0.0,0.0,0.0,0.0,0.0,0.0,0.0,0.0,0.0,0.0,0.0,0.0,0.0,0.0,0.0,0.0,0.0,0.0,0.0,0.0,0.0,0.0,0.0,0.0,0.0,0.0,0.0,0.0,0.0,0.0,0.0,0.0,0.0,0.0,0.0,0.0,0.0,0.0,0.0,0.0,0.0,0.0,0.0,0.0,0.0,0.0,0.0,0.0,0.0,0.0,0.0,0.0,0.0,75.23738861083984,0.0,0.0,0.0,0.0,0.0,0.0,0.0,0.0,0.0,0.0,0.0,0.0,0.0,0.0,0.0,0.0,0.0,0.0,2020-12-18 20:00:00,,,,
P001,1.0,0.0,0.0,0.0,0.0,0.0,0.0,7.633333333333334,0.0,0.0,35.67798,45.0,1650.013971,74.0,4.4721360206604,81.0,4.333,81.0,0.0,81.0,0.0,81.0,0.0,81.0,0.0,81.0,0.0,81.0,2.863,81.0,0.0,81.0,0.0,81.0,0.0,81.0,0.0,81.0,0.1819851689575246,4.0,1.0,2.0,78.0,29.0,6.0,1665.0,1604.087999,3.0,0.007,1.0,0.0,0.0,97.0,95.09514617919922,107.8260498046875,0.0,1.0,0.0,0.0,1.0,0.0,1.0,13.0,0.0,0.0,0.0,0.0,0.0,0.0,0.0,,0.0,2020-12-18 21:00:00,,,,
P001,1.0,0.0,0.0,0.0,0.0,0.0,0.0,45.75,0.903998,5.0,203.787982,25.0,1371.991977,46.0,521.3661706447601,449.0,76.769,449.0,521.3661706447601,449.0,0.0,449.0,0.0,449.0,0.0,449.0,0.0,449.0,69.032,449.0,0.0,449.0,0.0,449.0,0.0,449.0,0.0,449.0,0.3688344159824109,50.0,21.0,20.0,408.0,2762.0,95.0,274.0,250.091002,3.0,0.0,0.0,0.0,0.0,569.0,162.56211853027344,635.5299072265625,0.0,2.0,2.0,0.0,15.0,3.0,0.0,0.0,0.0,0.0,0.0,0.0,0.0,0.0,0.0,0.0,,2020-12-19 11:00:00,14105.106,3.918085,3.9166666666666665,5.883333333333333
P001,2.0,7.4,0.0,0.0,0.0,0.0,0.0,37.53333333333333,48.215994,13.0,1712.577977,79.0,3170.993954,127.0,375.8261184692383,459.0,67.292,459.0,299.651704788208,459.0,0.0,459.0,0.0,459.0,0.0,459.0,0.0,459.0,58.341,459.0,0.0,459.0,0.0,459.0,0.0,459.0,0.0,459.0,0.4612352972514821,76.0,28.0,29.0,402.0,2379.0,109.0,775.0,197.209004,2.0,0.0,0.0,0.0,0.0,629.0,179.2130126953125,702.4786376953125,0.0,1.0,1.0,0.0,3.0,2.0,0.0,0.0,0.0,0.0,0.0,0.0,0.0,0.0,0.0,,0.0,2020-12-19 12:00:00,14105.106,3.918085,3.9166666666666665,5.883333333333333
P001,1.0,0.0,0.0,0.0,0.0,0.0,0.0,46.63333333333333,266.324996,13.0,795.348937,81.0,2683.198883,153.0,1293.6468077898026,1130.0,248.175,1130.0,1231.3067115545273,1130.0,0.0,1130.0,0.0,1130.0,0.0,1130.0,0.0,1130.0,240.854,1130.0,0.0,1130.0,0.0,1130.0,0.0,1130.0,0.0,1130.0,0.2347723354256315,76.0,29.0,28.0,1073.0,2709.0,49.0,836.0,0.357994,12.0,0.0,0.0,0.0,0.0,23.0,107.6758270263672,25.26670265197754,0.0,0.0,0.0,0.0,0.0,0.0,1.0,4.0,0.0,0.0,0.0,0.0,0.0,0.0,0.0,0.0,,2020-12-19 13:00:00,14105.106,3.918085,3.9166666666666665,5.883333333333333
P001,2.0,2.3666666666666667,0.0,0.0,0.0,0.0,0.0,2.9,586.6969690000001,19.0,1737.332938,136.0,2605.061892,205.0,1092.526732087135,1076.0,206.417,1076.0,1092.526732087135,1076.0,0.0,1076.0,0.0,1076.0,0.0,1076.0,0.0,1076.0,206.417,1076.0,0.0,1076.0,0.0,1076.0,0.0,1076.0,0.0,1076.0,0.3102812257059736,108.0,39.0,39.0,998.0,2502.0,75.0,923.0,243.630996,17.0,0.0,0.0,0.0,0.0,1158.0,208.32125854492188,1294.878173828125,0.0,2.0,1.0,0.0,6.0,7.0,0.0,0.0,0.0,0.0,0.0,0.0,0.0,0.0,0.0,,0.0,2020-12-19 14:00:00,14105.106,3.918085,3.9166666666666665,5.883333333333333
P001,1.0,0.0,0.0,0.0,0.0,0.0,0.0,2.433333333333333,65.348993,13.0,590.692,34.0,2308.011014,69.0,0.0,87.0,0.0,87.0,0.0,87.0,0.0,87.0,0.0,87.0,0.0,87.0,0.0,87.0,0.0,87.0,0.0,87.0,0.0,87.0,0.0,87.0,0.0,87.0,0.6532254610768498,25.0,9.0,9.0,69.0,2168.0,12.0,450.0,0.0,0.0,0.0,0.0,0.0,0.0,172.0,119.1464385986328,191.3510131835937,0.0,0.0,0.0,0.0,0.0,0.0,0.0,0.0,0.0,0.0,0.0,0.0,0.0,0.0,0.0,0.0,,2020-12-19 15:00:00,14105.106,3.918085,3.9166666666666665,5.883333333333333
P001,0.0,0.0,0.0,0.0,0.0,0.0,0.0,0.0,0.035,4.0,253.21894400000005,118.0,254.412921,188.0,264.8668282032013,393.0,47.639,393.0,232.31160306930545,393.0,0.0,393.0,0.0,393.0,0.0,393.0,25.78739619255066,393.0,42.228,393.0,0.0,393.0,0.0,393.0,0.0,393.0,3.768,393.0,0.1015596400526998,11.0,3.0,4.0,386.0,2.0,240.0,2864.0,0.506986,30.0,0.013,1.0,0.0,0.0,98.0,112.85609436035156,108.9525909423828,0.0,1.0,0.0,0.0,9.0,0.0,2.0,6.0,0.0,0.0,0.0,0.0,0.0,0.0,0.0,0.0,0.0,2020-12-19 16:00:00,14105.106,3.918085,3.9166666666666665,5.883333333333333
P001,0.0,0.0,0.0,0.0,0.0,0.0,0.0,0.0,0.245993,18.0,29.625948,95.0,30.592927,166.0,58.12573945522308,208.0,18.652,208.0,58.12573945522308,208.0,0.0,208.0,0.0,208.0,0.0,208.0,0.0,208.0,18.652,208.0,0.0,208.0,0.0,208.0,0.0,208.0,0.0,208.0,0.0608914894577905,3.0,1.0,1.0,206.0,22.0,1.0,3274.0,0.110999,7.0,0.0,0.0,0.0,0.0,15.0,87.94142150878906,16.7371768951416,0.0,1.0,0.0,0.0,2.0,0.0,0.0,0.0,0.0,0.0,0.0,0.0,0.0,0.0,0.0,,0.0,2020-12-19 17:00:00,14105.106,3.918085,3.9166666666666665,5.883333333333333
P001,1.0,0.0,0.0,0.0,0.0,0.0,0.0,41.96666666666667,0.309996,19.0,19.457921,181.0,23.479877,308.0,258.9621151685715,471.0,45.773,471.0,107.12714433670044,471.0,0.0,471.0,0.0,471.0,0.0,471.0,0.0,471.0,17.91,471.0,0.0,471.0,0.0,471.0,0.0,471.0,0.0,471.0,0.0303725347779782,3.0,1.0,1.0,469.0,0.0,1.0,3473.0,0.273997,7.0,0.0,0.0,0.0,0.0,209.0,123.95669555664062,232.71112060546875,0.0,1.0,0.0,0.0,4.0,0.0,2.0,4.0,0.0,0.0,0.0,0.0,0.0,0.0,0.0,0.0,,2020-12-19 18:00:00,14105.106,3.918085,3.9166666666666665,5.883333333333333
P001,1.0,0.0,0.0,0.0,0.0,0.0,0.0,3.0,0.003,1.0,167.326,11.0,167.77198699999997,41.0,187.35588824749,161.0,27.5,161.0,119.2337976694107,161.0,0.0,161.0,0.0,161.0,0.0,161.0,0.0,161.0,17.746,161.0,0.0,161.0,0.0,161.0,0.0,161.0,0.0,161.0,0.2320419000030856,9.0,4.0,4.0,153.0,150.0,16.0,3319.0,0.0429979999999999,3.0,0.0,0.0,0.0,0.0,286.0,118.89976501464844,319.1329345703125,0.0,2.0,1.0,0.0,4.0,8.0,0.0,0.0,0.0,0.0,0.0,0.0,0.0,0.0,0.0,0.0,0.0,2020-12-19 19:00:00,14105.106,3.918085,3.9166666666666665,5.883333333333333
P001,1.0,0.0,0.0,0.0,0.0,0.0,0.0,34.05,1.395989,18.0,0.5489850000000001,41.0,10.319962999999998,109.0,167.0483148097992,230.0,224.265,230.0,101.50709354877472,230.0,0.0,230.0,0.0,230.0,0.0,230.0,26.012664079666138,230.0,168.139,230.0,0.0,230.0,0.0,230.0,0.0,230.0,4.896,230.0,0.0778621422736375,3.0,2.0,1.0,227.0,6.0,8.0,2616.0,0.0,0.0,0.0,0.0,0.0,0.0,65.0,99.41204071044922,72.0986099243164,0.0,1.0,0.0,0.0,5.0,0.0,1.0,3.0,0.0,0.0,0.0,0.0,0.0,0.0,0.0,0.0,0.0,2020-12-19 20:00:00,14105.106,3.918085,3.9166666666666665,5.883333333333333
P001,0.0,0.0,0.0,0.0,0.0,0.0,0.0,0.0,0.0,0.0,0.0,0.0,0.0,0.0,0.0,0.0,0.0,0.0,0.0,0.0,0.0,0.0,0.0,0.0,0.0,0.0,0.0,0.0,0.0,0.0,0.0,0.0,0.0,0.0,0.0,0.0,0.0,0.0,0.0,0.0,0.0,0.0,0.0,0.0,0.0,0.0,0.0,0.0,0.0,0.0,0.0,0.0,9.0,77.0875015258789,9.977932929992676,0.0,0.0,0.0,0.0,0.0,0.0,0.0,0.0,0.0,0.0,0.0,0.0,0.0,0.0,0.0,,0.0,2020-12-19 21:00:00,14105.106,3.918085,3.9166666666666665,5.883333333333333
P001,2.0,3.033333333333333,0.0,0.0,0.0,0.0,0.0,52.86666666666667,0.0,0.0,616.3529850000001,21.0,2141.914932,82.0,61.29361653327942,167.0,13.263,167.0,50.31877958774567,167.0,0.0,167.0,0.0,167.0,0.0,167.0,0.0,167.0,11.387,167.0,0.0,167.0,0.0,167.0,0.0,167.0,0.0,167.0,0.7053060288421851,51.0,20.0,19.0,128.0,1963.0,177.0,528.0,457.105998,4.0,0.0,0.0,0.0,0.0,922.0,156.27178955078125,1030.462890625,0.0,3.0,3.0,0.0,18.0,23.0,0.0,0.0,0.0,0.0,0.0,0.0,0.0,0.0,0.0,0.0,,2020-12-20 09:00:00,19280.41,5.355669444444445,1.0833333333333333,3.7666666666666666
P001,1.0,0.0,0.0,0.0,0.0,0.0,0.0,38.65,48.591997,5.0,208.023983,45.0,2261.828997,94.0,356.8832561969757,366.0,50.594,366.0,132.46418023109436,366.0,0.0,366.0,0.0,366.0,0.0,366.0,0.0,366.0,23.306,366.0,0.0,366.0,0.0,366.0,0.0,366.0,0.0,366.0,0.2874884381272597,34.0,12.0,12.0,342.0,2557.0,91.0,527.0,0.148995,11.0,0.0,0.0,0.0,0.0,398.0,137.64743041992188,444.5008239746094,0.0,1.0,1.0,0.0,4.0,2.0,0.0,0.0,0.0,0.0,0.0,0.0,0.0,0.0,0.0,,0.0,2020-12-20 10:00:00,19280.41,5.355669444444445,1.0833333333333333,3.7666666666666666
P001,1.0,0.0,0.0,0.0,0.0,0.0,0.0,28.65,0.047999,2.0,806.2289419999997,109.0,1512.4909259999995,143.0,776.8551584482193,752.0,153.666,752.0,672.2334376573563,752.0,0.0,752.0,0.0,752.0,0.0,752.0,0.0,752.0,131.527,752.0,0.0,752.0,0.0,752.0,0.0,752.0,0.0,752.0,0.1467802893649853,29.0,10.0,11.0,731.0,1055.0,61.0,2070.0,82.76499700000001,3.0,0.0,0.0,0.0,0.0,321.0,139.99090576171875,358.4009094238281,0.0,0.0,0.0,0.0,0.0,0.0,1.0,8.0,0.0,0.0,0.0,0.0,0.0,0.0,0.0,0.0,,2020-12-20 11:00:00,19280.41,5.355669444444445,1.0833333333333333,3.7666666666666666
P001,1.0,0.0,0.0,0.0,0.0,0.0,0.0,37.93333333333333,0.0,0.0,3.084976,54.0,289.401973,92.0,31.70548141002655,116.0,4.497,116.0,0.0,116.0,0.0,116.0,0.0,116.0,0.0,116.0,0.0,116.0,0.0,116.0,0.0,116.0,0.0,116.0,0.0,116.0,0.0,116.0,0.1365115887303786,4.0,2.0,1.0,113.0,99.0,1.0,2599.0,101.481995,12.0,0.0,0.0,0.0,0.0,23.0,91.64161682128906,25.427635192871094,0.0,1.0,0.0,0.0,6.0,0.0,0.0,0.0,0.0,0.0,0.0,0.0,0.0,0.0,0.0,,0.0,2020-12-20 12:00:00,19280.41,5.355669444444445,1.0833333333333333,3.7666666666666666
P001,1.0,0.0,0.0,0.0,0.0,0.0,0.0,0.0,0.0,0.0,0.0,0.0,0.0,0.0,0.0,0.0,0.0,0.0,0.0,0.0,0.0,0.0,0.0,0.0,0.0,0.0,0.0,0.0,0.0,0.0,0.0,0.0,0.0,0.0,0.0,0.0,0.0,0.0,0.0,0.0,0.0,0.0,0.0,0.0,0.0,0.0,0.0,0.0,0.0,0.0,0.0,0.0,0.0,75.607421875,0.0,0.0,0.0,0.0,0.0,0.0,0.0,0.0,0.0,0.0,0.0,0.0,0.0,0.0,0.0,0.0,0.0,,2020-12-20 13:00:00,19280.41,5.355669444444445,1.0833333333333333,3.7666666666666666
P001,0.0,0.0,0.0,0.0,0.0,0.0,0.0,0.0,0.0,0.0,0.511997,8.0,1190.4639969999998,9.0,0.0,11.0,0.0,11.0,0.0,11.0,0.0,11.0,0.0,11.0,0.0,11.0,0.0,11.0,0.0,11.0,0.0,11.0,0.0,11.0,0.0,11.0,0.0,11.0,0.6001660731596457,2.0,1.0,1.0,9.0,0.0,2.0,41.0,0.0,0.0,0.0,0.0,0.0,0.0,0.0,75.9774398803711,0.0,0.0,0.0,0.0,0.0,0.0,0.0,0.0,0.0,0.0,0.0,0.0,0.0,0.0,0.0,0.0,,0.0,2020-12-20 14:00:00,19280.41,5.355669444444445,1.0833333333333333,3.7666666666666666
P001,0.0,0.0,0.0,0.0,0.0,0.0,0.0,0.0,0.0,0.0,1505.172994,16.0,1505.3249870000002,33.0,0.0,43.0,10.583,43.0,0.0,43.0,0.0,43.0,0.0,43.0,0.0,43.0,0.0,43.0,0.0,43.0,0.0,43.0,0.0,43.0,0.0,43.0,0.0,43.0,0.2203523311615479,2.0,1.0,1.0,41.0,0.0,9.0,206.0,0.1169949999999999,11.0,0.0,0.0,0.0,0.0,273.0,122.59996032714844,304.970703125,0.0,0.0,0.0,0.0,0.0,0.0,0.0,0.0,0.0,0.0,0.0,0.0,0.0,0.0,0.0,0.0,,2020-12-20 15:00:00,19280.41,5.355669444444445,1.0833333333333333,3.7666666666666666
P001,1.0,0.0,0.0,0.0,0.0,0.0,0.0,1.5333333333333334,0.0,0.0,430.5549930000001,21.0,2205.581977,67.0,122.87117850780488,172.0,100.341,172.0,122.87117850780488,172.0,0.0,172.0,0.0,172.0,0.0,172.0,0.0,172.0,100.341,172.0,0.0,172.0,0.0,172.0,0.0,172.0,0.0,172.0,0.2412523271730325,13.0,4.0,5.0,163.0,436.0,16.0,1319.0,0.004999,1.0,0.0,0.0,0.0,0.0,58.0,101.26213836669922,64.53469848632812,0.0,0.0,0.0,0.0,0.0,0.0,1.0,1.0,0.0,0.0,0.0,0.0,0.0,0.0,0.0,0.0,0.0,2020-12-20 16:00:00,19280.41,5.355669444444445,1.0833333333333333,3.7666666666666666
P001,2.0,2.95,0.0,0.0,0.0,0.0,0.0,26.016666666666666,0.026999,2.0,0.462989,31.0,3.738971,89.0,315.6255292892456,291.0,126.492,291.0,0.0,291.0,0.0,291.0,106.63303637504578,291.0,0.0,291.0,0.0,291.0,0.0,291.0,0.0,291.0,89.893,291.0,0.0,291.0,0.0,291.0,0.0,0.0,0.0,0.0,291.0,0.0,0.0,2907.0,2.6109940000000003,23.0,0.101998,3.0,0.0,0.0,137.0,104.59231567382812,152.56581115722656,0.0,1.0,0.0,0.0,3.0,0.0,1.0,3.0,0.0,0.0,0.0,0.0,0.0,0.0,0.0,,0.0,2020-12-20 17:00:00,19280.41,5.355669444444445,1.0833333333333333,3.7666666666666666
P001,2.0,1.933333333333333,0.0,0.0,0.0,0.0,0.0,49.833333333333336,0.002,1.0,27.271921,167.0,794.497926,241.0,84.30607950687408,310.0,26.939,310.0,70.88967144489288,310.0,0.0,310.0,0.0,310.0,0.0,310.0,0.0,310.0,23.05,310.0,0.0,310.0,0.0,310.0,0.0,310.0,0.0,310.0,0.1513059855564124,11.0,5.0,4.0,301.0,745.0,17.0,2402.0,740.914014,43.0,0.0,0.0,0.0,0.0,27.0,82.88447570800781,30.09473419189453,0.0,2.0,0.0,0.0,16.0,0.0,1.0,7.0,0.0,0.0,0.0,0.0,0.0,0.0,0.0,0.0,,2020-12-20 18:00:00,19280.41,5.355669444444445,1.0833333333333333,3.7666666666666666
P001,1.0,0.0,0.0,0.0,0.0,0.0,0.0,27.133333333333333,0.0,0.0,564.672997,8.0,565.6139919999999,25.0,18.32455539703369,40.0,4.021,40.0,18.32455539703369,40.0,0.0,40.0,0.0,40.0,0.0,40.0,0.0,40.0,4.021,40.0,0.0,40.0,0.0,40.0,0.0,40.0,0.0,40.0,0.116906849137531,1.0,0.0,1.0,39.0,0.0,1.0,2745.0,0.0,0.0,0.0,0.0,0.0,0.0,90.0,93.36837768554688,100.1011962890625,0.0,1.0,0.0,0.0,4.0,0.0,1.0,2.0,0.0,0.0,0.0,0.0,0.0,0.0,0.0,0.0,0.0,2020-12-20 19:00:00,19280.41,5.355669444444445,1.0833333333333333,3.7666666666666666
P001,1.0,0.0,0.0,0.0,0.0,0.0,0.0,17.733333333333334,0.0,0.0,573.7979919999999,22.0,1719.337989,48.0,101.96721172332764,133.0,601.84,133.0,71.64318442344666,133.0,0.0,133.0,0.0,133.0,0.0,133.0,0.0,133.0,598.517,133.0,0.0,133.0,0.0,133.0,0.0,133.0,0.0,133.0,0.470597130493912,19.0,9.0,8.0,116.0,1681.0,35.0,1385.0,0.0,0.0,0.0,0.0,0.0,0.0,236.0,104.34564208984376,263.771484375,0.0,1.0,1.0,0.0,1.0,6.0,0.0,0.0,0.0,0.0,0.0,0.0,0.0,0.0,0.0,0.0,0.0,2020-12-20 20:00:00,19280.41,5.355669444444445,1.0833333333333333,3.7666666666666666
P001,0.0,0.0,0.0,0.0,0.0,0.0,0.0,0.0,0.0,0.0,0.0,0.0,0.0,0.0,0.0,0.0,0.0,0.0,0.0,0.0,0.0,0.0,0.0,0.0,0.0,0.0,0.0,0.0,0.0,0.0,0.0,0.0,0.0,0.0,0.0,0.0,0.0,0.0,0.0,0.0,0.0,0.0,0.0,0.0,0.0,0.0,0.0,0.0,0.0,0.0,0.0,0.0,0.0,76.34745788574219,0.0,0.0,0.0,0.0,0.0,0.0,0.0,0.0,0.0,0.0,0.0,0.0,0.0,0.0,0.0,0.0,,0.0,2020-12-20 21:00:00,19280.41,5.355669444444445,1.0833333333333333,3.7666666666666666
P001,4.0,10.05,0.0,38.18333333333333,0.0,0.0,0.0,6.55,0.076996,5.0,471.8239640000001,95.0,2924.9359390000004,161.0,223.59479343891144,391.0,89.927,391.0,223.59479343891144,391.0,0.0,391.0,0.0,391.0,0.0,391.0,0.0,391.0,89.927,391.0,0.0,391.0,0.0,391.0,0.0,391.0,0.0,391.0,0.5163433732622675,86.0,29.0,28.0,334.0,1987.0,108.0,1445.0,142.455994,5.0,0.0,0.0,0.0,0.0,475.0,108.78587341308594,531.4053955078125,1.0,2.0,3.0,5.0,97.0,110.0,1.0,9.0,0.0,0.0,0.0,3.0,3.0,0.0,0.0,0.0,,2020-12-21 09:00:00,7570.462,2.102906111111112,5.716666666666667,6.766666666666667
P001,2.0,33.083333333333336,25.633333333333333,0.0,0.0,0.0,0.0,0.0,31.730997,7.0,4.479973000000001,66.0,2114.2579370000003,138.0,229.1214866638184,419.0,41.794,419.0,229.1214866638184,419.0,0.0,419.0,0.0,419.0,0.0,419.0,0.0,419.0,41.794,419.0,0.0,419.0,0.0,419.0,0.0,419.0,0.0,419.0,0.7493604838441343,123.0,54.0,54.0,311.0,2115.0,635.0,789.0,121.798995,4.0,0.0,0.0,0.0,0.0,7367.0,701.9279174804688,9005.56640625,0.0,7.0,10.0,0.0,19.0,23.0,0.0,0.0,3.0,9.0,0.0,0.0,0.0,0.0,0.0,0.0,0.0,2020-12-21 10:00:00,7570.462,2.102906111111112,5.716666666666667,6.766666666666667
P001,2.0,3.3833333333333333,0.0,0.0,0.0,0.0,0.0,4.3,0.004999,1.0,807.119942,46.0,1320.924938,66.0,2.2360680103302,95.0,0.865,95.0,0.0,95.0,0.0,95.0,0.0,95.0,0.0,95.0,0.0,95.0,0.0,95.0,0.0,95.0,0.0,95.0,0.0,95.0,0.0,95.0,0.8106346734066254,33.0,14.0,14.0,67.0,1161.0,103.0,295.0,0.050998,2.0,0.0,0.0,0.0,0.0,1137.0,237.79953002929688,1270.4161376953125,0.0,2.0,1.0,0.0,5.0,6.0,0.0,0.0,0.0,0.0,0.0,0.0,0.0,0.0,0.0,0.0,0.0,2020-12-21 11:00:00,7570.462,2.102906111111112,5.716666666666667,6.766666666666667
P001,2.0,0.0,0.0,0.0,0.0,0.0,0.0,1.7,0.0,0.0,2470.034951,57.0,3239.63196,72.0,170.24331891536713,240.0,70.584,240.0,170.24331891536713,240.0,0.0,240.0,0.0,240.0,0.0,240.0,0.0,240.0,70.584,240.0,0.0,240.0,0.0,240.0,0.0,240.0,0.0,240.0,0.4634135588264299,42.0,15.0,15.0,210.0,2882.0,41.0,269.0,0.007,1.0,0.0,0.0,0.0,0.0,993.0,187.9701538085937,1110.9302978515625,1.0,0.0,1.0,0.0,0.0,1.0,0.0,0.0,0.0,0.0,0.0,0.0,0.0,0.0,0.0,,0.0,2020-12-21 12:00:00,7570.462,2.102906111111112,5.716666666666667,6.766666666666667
P001,2.0,4.533333333333333,0.0,48.98333333333333,0.0,0.0,0.0,0.0,65.268998,6.0,367.720927,193.0,2274.666897,261.0,3282.1079545021057,2680.0,584.264,2680.0,3230.5794706344604,2680.0,0.0,2680.0,0.0,2680.0,0.0,2680.0,0.0,2680.0,574.445,2680.0,0.0,2680.0,0.0,2680.0,0.0,2680.0,0.0,2680.0,0.1564668343509221,111.0,40.0,41.0,2599.0,1966.0,106.0,1341.0,453.195009,6.0,0.0,0.0,0.0,0.0,1221.0,234.22265625,1365.0455322265625,1.0,2.0,2.0,1.0,8.0,0.0,0.0,0.0,2.0,1.0,0.0,0.0,0.0,0.0,0.0,0.0,,2020-12-21 13:00:00,7570.462,2.102906111111112,5.716666666666667,6.766666666666667
P001,2.0,0.0,0.0,42.2,0.0,0.0,0.0,0.0,0.0,0.0,1503.096957,179.0,2542.721936,217.0,3390.375140428543,2901.0,604.332,2901.0,3390.375140428543,2901.0,0.0,2901.0,0.0,2901.0,0.0,2901.0,0.0,2901.0,604.332,2901.0,0.0,2901.0,0.0,2901.0,0.0,2901.0,0.0,2901.0,0.1724574722826972,133.0,50.0,49.0,2802.0,2388.0,121.0,1046.0,0.029999,4.0,0.0,0.0,0.0,0.0,697.0,203.01763916015625,779.0833740234375,0.0,1.0,1.0,0.0,0.0,4.0,0.0,0.0,0.0,0.0,0.0,0.0,0.0,0.0,0.0,,0.0,2020-12-21 14:00:00,7570.462,2.102906111111112,5.716666666666667,6.766666666666667
P001,1.0,0.0,0.0,51.333333333333336,0.0,0.0,0.0,0.0,0.0589989999999999,2.0,843.7009479999999,123.0,2827.146922,160.0,690.4431813955307,791.0,208.389,791.0,690.4431813955307,791.0,0.0,791.0,0.0,791.0,0.0,791.0,0.0,791.0,208.389,791.0,0.0,791.0,0.0,791.0,0.0,791.0,0.0,791.0,0.5368932298979588,141.0,61.0,61.0,669.0,2189.0,179.0,578.0,0.0,0.0,0.0,0.0,0.0,0.0,168.0,156.27178955078125,187.0057678222656,0.0,1.0,0.0,0.0,8.0,0.0,0.0,0.0,1.0,9.0,0.0,0.0,0.0,0.0,0.0,0.0,,2020-12-21 15:00:00,7570.462,2.102906111111112,5.716666666666667,6.766666666666667
P001,3.0,7.133333333333334,0.0,4.8,0.0,0.0,0.0,42.11666666666667,0.0,0.0,259.993934,148.0,2304.718967999999,197.0,304.05938720703125,440.0,71.592,440.0,299.58725118637085,440.0,0.0,440.0,0.0,440.0,0.0,440.0,0.0,440.0,70.825,440.0,0.0,440.0,0.0,440.0,0.0,440.0,0.0,440.0,0.1902997603985791,26.0,8.0,9.0,423.0,1428.0,16.0,1666.0,0.105998,4.0,0.0,0.0,0.0,0.0,691.0,194.1371612548828,772.485107421875,1.0,1.0,2.0,2.0,3.0,4.0,0.0,0.0,0.0,0.0,0.0,0.0,0.0,0.0,0.0,0.0,0.0,2020-12-21 16:00:00,7570.462,2.102906111111112,5.716666666666667,6.766666666666667
P001,1.0,0.0,0.0,0.0,0.0,0.0,0.0,17.116666666666667,0.046998,4.0,11.626941,111.0,39.851917,196.0,636.7887517213821,696.0,131.956,696.0,636.7887517213821,696.0,0.0,696.0,0.0,696.0,0.0,696.0,0.0,696.0,131.956,696.0,0.0,696.0,0.0,696.0,0.0,696.0,0.0,696.0,0.0393639275619094,8.0,2.0,2.0,692.0,32.0,22.0,3467.0,0.340992,20.0,0.0,0.0,0.0,0.0,91.0,115.6929168701172,100.5840072631836,0.0,1.0,0.0,0.0,1.0,0.0,1.0,5.0,0.0,0.0,0.0,0.0,0.0,0.0,0.0,,0.0,2020-12-21 17:00:00,7570.462,2.102906111111112,5.716666666666667,6.766666666666667
P001,1.0,0.0,0.0,0.0,0.0,0.0,0.0,5.266666666666667,0.091997,8.0,4.132958,94.0,279.3909490000001,155.0,115.78570091724396,234.0,21.979,234.0,75.76495933532715,234.0,19.55790078639984,234.0,0.0,234.0,0.0,234.0,0.0,234.0,15.052,234.0,3.572,234.0,0.0,234.0,0.0,234.0,0.0,234.0,0.2061625908283427,11.0,5.0,5.0,224.0,254.0,19.0,3087.0,0.36099,23.0,0.0,0.0,0.0,0.0,395.0,146.52792358398438,440.6383972167969,0.0,2.0,2.0,0.0,5.0,9.0,0.0,0.0,0.0,0.0,0.0,0.0,0.0,0.0,0.0,0.0,,2020-12-21 18:00:00,7570.462,2.102906111111112,5.716666666666667,6.766666666666667
P001,1.0,0.0,0.0,0.0,0.0,0.0,0.0,49.55,0.0,0.0,0.0,0.0,2.654994,12.0,4.4721360206604,17.0,0.937,17.0,0.0,17.0,0.0,17.0,0.0,17.0,0.0,17.0,0.0,17.0,0.0,17.0,0.0,17.0,0.0,17.0,0.0,17.0,0.0,17.0,0.5783252866601273,4.0,2.0,1.0,14.0,0.0,1.0,82.0,0.147996,5.0,0.0,0.0,0.0,0.0,18.0,82.51446533203125,20.11680030822754,0.0,0.0,0.0,0.0,0.0,0.0,0.0,0.0,0.0,0.0,0.0,0.0,0.0,0.0,0.0,0.0,0.0,2020-12-21 19:00:00,7570.462,2.102906111111112,5.716666666666667,6.766666666666667
P001,0.0,0.0,0.0,0.0,0.0,0.0,0.0,0.0,0.0,0.0,0.0,0.0,0.0,0.0,0.0,0.0,0.0,0.0,0.0,0.0,0.0,0.0,0.0,0.0,0.0,0.0,0.0,0.0,0.0,0.0,0.0,0.0,0.0,0.0,0.0,0.0,0.0,0.0,0.0,0.0,0.0,0.0,0.0,0.0,0.0,0.0,0.0,0.0,0.0,0.0,0.0,0.0,0.0,75.8541030883789,0.0,0.0,0.0,0.0,0.0,0.0,0.0,0.0,0.0,0.0,0.0,0.0,0.0,0.0,0.0,0.0,,0.0,2020-12-21 20:00:00,7570.462,2.102906111111112,5.716666666666667,6.766666666666667
P001,3.0,8.866666666666667,26.183333333333334,5.133333333333334,0.0,0.0,0.0,0.0,0.037998,4.0,878.230923,138.0,2939.495916,214.0,528.1923204660416,666.0,98.955,666.0,516.2993983030319,666.0,0.0,666.0,0.0,666.0,0.0,666.0,0.0,666.0,97.378,666.0,0.0,666.0,0.0,666.0,0.0,666.0,0.0,666.0,0.3376029623395222,80.0,27.0,27.0,612.0,2807.0,38.0,610.0,0.110997,6.0,0.136996,7.0,0.0,0.0,2348.0,258.8906555175781,2625.8056640625,0.0,2.0,3.0,0.0,27.0,15.0,0.0,0.0,0.0,0.0,0.0,0.0,0.0,0.0,0.0,0.0,,2020-12-22 09:00:00,11595.621,3.221005833333333,5.85,7.466666666666667
P001,1.0,0.0,0.0,0.0,0.0,0.0,0.0,18.7,3.766,2.0,231.193974,65.0,2341.234,88.0,58.78686809539795,166.0,22.438,166.0,58.78686809539795,166.0,0.0,166.0,0.0,166.0,0.0,166.0,0.0,166.0,22.438,166.0,0.0,166.0,0.0,166.0,0.0,166.0,0.0,166.0,0.4830310947390237,28.0,11.0,11.0,144.0,2947.0,155.0,427.0,0.122999,4.0,0.0,0.0,0.0,0.0,880.0,151.21484375,984.2747802734376,0.0,1.0,0.0,0.0,1.0,0.0,0.0,0.0,0.0,0.0,0.0,0.0,0.0,0.0,0.0,0.0,0.0,2020-12-22 10:00:00,11595.621,3.221005833333333,5.85,7.466666666666667
P001,1.0,0.0,0.0,0.0,0.0,0.0,0.0,30.116666666666667,0.0,0.0,2342.1199770000007,60.0,2604.012967,73.0,229.14105081558228,237.0,31.579,237.0,229.14105081558228,237.0,0.0,237.0,0.0,237.0,0.0,237.0,0.0,237.0,31.579,237.0,0.0,237.0,0.0,237.0,0.0,237.0,0.0,237.0,0.2653510815470262,19.0,7.0,7.0,223.0,2331.0,109.0,983.0,261.701993,3.0,0.0,0.0,0.0,0.0,61.0,89.05148315429688,67.91432189941406,0.0,0.0,0.0,0.0,0.0,0.0,0.0,0.0,0.0,0.0,0.0,0.0,0.0,0.0,0.0,0.0,0.0,2020-12-22 11:00:00,11595.621,3.221005833333333,5.85,7.466666666666667
P001,0.0,0.0,0.0,0.0,0.0,0.0,0.0,0.0,0.0,0.0,3047.782,1.0,3047.782,1.0,0.0,3.0,0.0,3.0,0.0,3.0,0.0,3.0,0.0,3.0,0.0,3.0,0.0,3.0,0.0,3.0,0.0,3.0,0.0,3.0,0.0,3.0,0.0,3.0,1.0986122886681096,2.0,1.0,1.0,1.0,1760.0,12.0,0.0,0.0,0.0,0.0,0.0,0.0,0.0,0.0,75.23738098144531,0.0,0.0,0.0,0.0,0.0,0.0,0.0,0.0,0.0,0.0,0.0,0.0,0.0,0.0,0.0,0.0,,0.0,2020-12-22 12:00:00,11595.621,3.221005833333333,5.85,7.466666666666667
P001,1.0,0.0,0.0,0.0,0.0,0.0,0.0,0.0,0.0,0.0,3278.522994,26.0,3382.920988,38.0,0.0,54.0,6.667,54.0,0.0,54.0,0.0,54.0,0.0,54.0,0.0,54.0,0.0,54.0,6.667,54.0,0.0,54.0,0.0,54.0,0.0,54.0,0.0,54.0,0.3153962874226617,7.0,2.0,2.0,50.0,102.0,2.0,118.0,0.0839989999999999,2.0,0.0,0.0,0.0,0.0,0.0,75.23739624023438,0.0,0.0,0.0,0.0,0.0,0.0,0.0,1.0,4.0,0.0,0.0,0.0,0.0,0.0,0.0,0.0,0.0,,2020-12-22 13:00:00,11595.621,3.221005833333333,5.85,7.466666666666667
P001,1.0,0.0,0.0,0.0,0.0,0.0,0.0,56.85,0.0,0.0,2354.518982,65.0,2623.0899560000003,109.0,106.33702552318572,197.0,19.178,197.0,57.0867885351181,197.0,0.0,197.0,0.0,197.0,0.0,197.0,0.0,197.0,9.797,197.0,0.0,197.0,0.0,197.0,0.0,197.0,0.0,197.0,0.3690306239788662,25.0,9.0,9.0,179.0,1337.0,77.0,783.0,0.190995,11.0,0.0,0.0,0.0,0.0,221.0,116.0629425048828,246.06869506835932,0.0,1.0,0.0,0.0,12.0,0.0,0.0,0.0,0.0,0.0,0.0,0.0,0.0,0.0,0.0,,0.0,2020-12-22 14:00:00,11595.621,3.221005833333333,5.85,7.466666666666667
P001,1.0,0.0,0.0,0.0,0.0,0.0,0.0,49.11666666666667,0.0,0.0,0.877982,42.0,350.180966,95.0,770.1803768873215,626.0,122.469,626.0,770.1803768873215,626.0,0.0,626.0,0.0,626.0,0.0,626.0,0.0,626.0,122.469,626.0,0.0,626.0,0.0,626.0,0.0,626.0,0.0,626.0,0.1296360812747461,20.0,7.0,8.0,611.0,124.0,14.0,3228.0,0.032999,2.0,0.040999,2.0,0.0,0.0,202.0,109.77259826660156,225.46908569335932,0.0,0.0,1.0,0.0,0.0,10.0,1.0,2.0,0.0,0.0,0.0,0.0,0.0,0.0,0.0,0.0,,2020-12-22 15:00:00,11595.621,3.221005833333333,5.85,7.466666666666667
P001,1.0,0.0,0.0,0.0,0.0,0.0,0.0,42.95,0.0,0.0,226.79197,79.0,227.223953,117.0,400.616512298584,416.0,143.083,416.0,359.68036115169525,416.0,0.0,416.0,0.0,416.0,0.0,416.0,0.0,416.0,129.989,416.0,0.0,416.0,0.0,416.0,0.0,416.0,0.0,416.0,0.0337897959254936,2.0,1.0,1.0,414.0,223.0,2.0,3335.0,0.0,0.0,0.0,0.0,0.0,0.0,4.0,80.41767883300781,4.345229148864746,0.0,3.0,1.0,0.0,76.0,40.0,1.0,38.0,0.0,0.0,0.0,0.0,0.0,0.0,0.0,,0.0,2020-12-22 16:00:00,11595.621,3.221005833333333,5.85,7.466666666666667
P001,1.0,0.0,0.0,0.0,0.0,0.0,0.0,30.15,0.458996,12.0,3.101961,66.0,916.070917,130.0,63.68912899494171,177.0,74.407,177.0,63.68912899494171,177.0,0.0,177.0,0.0,177.0,0.0,177.0,0.0,177.0,74.407,177.0,0.0,177.0,0.0,177.0,0.0,177.0,0.0,177.0,0.2563794173312353,13.0,5.0,5.0,167.0,897.0,15.0,1726.0,0.094996,7.0,0.0,0.0,0.0,0.0,160.0,112.23939514160156,178.6371612548828,0.0,2.0,1.0,0.0,14.0,4.0,0.0,0.0,0.0,0.0,0.0,0.0,0.0,0.0,0.0,0.0,,2020-12-22 18:00:00,11595.621,3.221005833333333,5.85,7.466666666666667
P001,0.0,0.0,0.0,0.0,0.0,0.0,0.0,0.0,0.0,0.0,0.0,0.0,0.081,1.0,0.0,6.0,0.0,6.0,0.0,6.0,0.0,6.0,0.0,6.0,0.0,6.0,0.0,6.0,0.0,6.0,0.0,6.0,0.0,6.0,0.0,6.0,0.0,6.0,1.0114042647073516,5.0,3.0,2.0,1.0,9.0,10.0,9.0,0.0,0.0,0.0,0.0,0.0,0.0,9.0,78.07421875,9.977932929992676,0.0,0.0,0.0,0.0,0.0,0.0,0.0,0.0,0.0,0.0,0.0,0.0,0.0,0.0,0.0,0.0,0.0,2020-12-22 19:00:00,11595.621,3.221005833333333,5.85,7.466666666666667
P001,0.0,0.0,0.0,0.0,0.0,0.0,0.0,0.0,0.0,0.0,0.0,0.0,0.0,0.0,0.0,0.0,0.0,0.0,0.0,0.0,0.0,0.0,0.0,0.0,0.0,0.0,0.0,0.0,0.0,0.0,0.0,0.0,0.0,0.0,0.0,0.0,0.0,0.0,0.0,0.0,0.0,0.0,0.0,0.0,0.0,0.0,0.0,0.0,0.0,0.0,0.0,0.0,0.0,76.10078430175781,0.0,0.0,0.0,0.0,0.0,0.0,0.0,0.0,0.0,0.0,0.0,0.0,0.0,0.0,0.0,0.0,,0.0,2020-12-22 20:00:00,11595.621,3.221005833333333,5.85,7.466666666666667
P001,0.0,0.0,0.0,0.0,0.0,0.0,0.0,0.0,0.0,0.0,1628.2989900000002,24.0,2977.5600010000007,48.0,124.65312588214874,165.0,38.278,165.0,62.256479024887085,165.0,0.0,165.0,0.0,165.0,0.0,165.0,0.0,165.0,22.955,165.0,0.0,165.0,0.0,165.0,0.0,165.0,0.0,165.0,0.4692435704480556,29.0,11.0,10.0,144.0,3016.0,19.0,344.0,0.014999,1.0,0.0,0.0,0.0,0.0,210.0,205.48443603515625,233.9986114501953,0.0,0.0,0.0,0.0,0.0,0.0,0.0,0.0,0.0,0.0,0.0,2.0,2.0,0.0,0.0,0.0,,2020-12-23 09:00:00,19265.754,5.3515983333333335,4.05,6.733333333333333
P001,1.0,0.0,0.0,0.0,0.0,0.0,0.0,46.96666666666667,0.046997,4.0,437.37497900000005,59.0,2156.808954,158.0,190.8106985092163,331.0,31.931,331.0,142.70954704284668,331.0,0.0,331.0,0.0,331.0,0.0,331.0,0.0,331.0,24.271,331.0,0.0,331.0,0.0,331.0,0.0,331.0,0.0,331.0,0.5648979505886762,71.0,27.0,28.0,276.0,1640.0,181.0,1078.0,24.155999,6.0,0.0,0.0,0.0,0.0,151.0,121.24322509765624,168.17645263671875,0.0,0.0,0.0,0.0,0.0,0.0,1.0,5.0,0.0,0.0,0.0,0.0,0.0,0.0,0.0,0.0,0.0,2020-12-23 10:00:00,19265.754,5.3515983333333335,4.05,6.733333333333333
P001,1.0,0.0,0.0,0.0,0.0,0.0,0.0,0.0,0.0,0.0,0.047,4.0,491.797991,6.0,1.4142135381698608,11.0,1.861,11.0,1.4142135381698608,11.0,0.0,11.0,0.0,11.0,0.0,11.0,0.0,11.0,1.861,11.0,0.0,11.0,0.0,11.0,0.0,11.0,0.0,11.0,0.3046360973492381,2.0,1.0,0.0,10.0,490.0,0.0,10.0,0.0,0.0,0.0,0.0,0.0,0.0,0.0,79.06094360351562,0.0,0.0,1.0,0.0,0.0,6.0,0.0,0.0,0.0,0.0,0.0,0.0,0.0,0.0,0.0,0.0,0.0,0.0,2020-12-23 11:00:00,19265.754,5.3515983333333335,4.05,6.733333333333333
P001,0.0,0.0,0.0,0.0,0.0,0.0,0.0,0.0,0.0,0.0,2986.756,1.0,2986.756,1.0,0.0,1.0,0.0,1.0,0.0,1.0,0.0,1.0,0.0,1.0,0.0,1.0,0.0,1.0,0.0,1.0,0.0,1.0,0.0,1.0,0.0,1.0,0.0,1.0,0.0,0.0,0.0,0.0,1.0,0.0,0.0,1.0,0.0,0.0,0.0,0.0,0.0,0.0,0.0,80.17100524902344,0.0,0.0,0.0,0.0,0.0,0.0,0.0,0.0,0.0,0.0,0.0,0.0,0.0,0.0,0.0,0.0,,0.0,2020-12-23 12:00:00,19265.754,5.3515983333333335,4.05,6.733333333333333
P001,0.0,0.0,0.0,0.0,0.0,0.0,0.0,0.0,0.0,0.0,2983.131993,16.0,2984.3799920000006,18.0,21.79669141769409,42.0,6.868,42.0,21.79669141769409,42.0,0.0,42.0,0.0,42.0,0.0,42.0,0.0,42.0,6.868,42.0,0.0,42.0,0.0,42.0,0.0,42.0,0.0,42.0,0.3805062184775959,7.0,2.0,2.0,38.0,0.0,1.0,44.0,0.0,0.0,0.0,0.0,0.0,0.0,479.0,123.09332275390624,535.7506103515625,0.0,0.0,0.0,0.0,0.0,0.0,0.0,0.0,0.0,0.0,0.0,0.0,0.0,0.0,0.0,0.0,,2020-12-23 13:00:00,19265.754,5.3515983333333335,4.05,6.733333333333333
P001,2.0,7.633333333333334,0.0,0.0,0.0,0.0,0.0,2.2,0.0559999999999999,3.0,1208.61497,72.0,3149.62091,130.0,33.40439021587372,192.0,8.323,192.0,18.17104482650757,192.0,0.0,192.0,0.0,192.0,0.0,192.0,15.23334538936615,192.0,4.76,192.0,0.0,192.0,0.0,192.0,0.0,192.0,3.563,192.0,0.5539106046586764,45.0,15.0,16.0,161.0,1917.0,17.0,624.0,252.49299900000003,8.0,0.0,0.0,0.0,0.0,1535.0,219.0518341064453,1713.468505859375,0.0,0.0,1.0,0.0,0.0,1.0,0.0,0.0,0.0,0.0,0.0,0.0,0.0,0.0,0.0,,0.0,2020-12-23 14:00:00,19265.754,5.3515983333333335,4.05,6.733333333333333
P001,5.0,39.16666666666666,13.616666666666667,0.0,1.5,0.0,0.0,4.7,85.540993,5.0,104.850969,62.0,2836.318921,169.0,65.06669318675995,294.0,14.866,294.0,65.06669318675995,294.0,0.0,294.0,0.0,294.0,0.0,294.0,0.0,294.0,14.866,294.0,0.0,294.0,0.0,294.0,0.0,294.0,0.0,294.0,0.7506665978583186,113.0,38.0,38.0,218.0,1243.0,274.0,2082.0,0.0,0.0,0.0,0.0,0.0,0.0,6634.0,598.4456787109375,7861.96728515625,0.0,2.0,5.0,0.0,8.0,33.0,0.0,0.0,3.0,14.0,0.0,0.0,0.0,0.0,0.0,0.0,,2020-12-23 15:00:00,19265.754,5.3515983333333335,4.05,6.733333333333333
P001,1.0,0.0,0.0,0.0,0.0,0.0,0.0,44.91666666666666,0.0,0.0,1585.606047,5.0,2063.227048,23.0,124.34054493904114,128.0,19.464,128.0,124.34054493904114,128.0,0.0,128.0,0.0,128.0,0.0,128.0,0.0,128.0,19.464,128.0,0.0,128.0,0.0,128.0,0.0,128.0,0.0,128.0,0.5226725194747492,24.0,10.0,9.0,109.0,2035.0,23.0,222.0,0.0219989999999999,2.0,0.0,0.0,0.0,0.0,162.0,142.08767700195312,179.92465209960938,0.0,2.0,0.0,0.0,56.0,0.0,1.0,4.0,0.0,0.0,0.0,0.0,0.0,0.0,0.0,0.0,0.0,2020-12-23 16:00:00,19265.754,5.3515983333333335,4.05,6.733333333333333
P001,2.0,1.7666666666666666,0.0,0.0,0.0,0.0,0.0,44.6,0.0,0.0,1354.8920190000006,52.0,1613.3319900000004,147.0,434.3843764066696,484.0,68.522,484.0,414.7832502126694,484.0,0.0,484.0,0.0,484.0,0.0,484.0,0.0,484.0,65.302,484.0,0.0,484.0,0.0,484.0,0.0,484.0,0.0,484.0,0.348818326565254,45.0,20.0,21.0,443.0,1309.0,89.0,1310.0,2.78999,36.0,0.006,1.0,0.0,0.0,364.0,172.67599487304688,405.5546875,0.0,1.0,1.0,0.0,4.0,0.0,1.0,2.0,0.0,0.0,0.0,0.0,0.0,0.0,0.0,,0.0,2020-12-23 17:00:00,19265.754,5.3515983333333335,4.05,6.733333333333333
P001,1.0,0.0,0.0,0.0,0.0,0.0,0.0,13.733333333333333,0.6639929999999999,17.0,1.2229819999999998,55.0,3.778943,152.0,61.17494535446167,186.0,166.964,186.0,26.31915712356568,186.0,34.855788230896,186.0,0.0,186.0,0.0,186.0,0.0,186.0,4.875,186.0,162.089,186.0,0.0,186.0,0.0,186.0,0.0,186.0,0.0,0.0,0.0,0.0,186.0,0.0,0.0,3230.0,0.63299,24.0,0.0,0.0,0.0,0.0,17.0,104.96234130859376,18.82932472229004,0.0,2.0,0.0,0.0,17.0,0.0,2.0,16.0,0.0,0.0,0.0,0.0,0.0,0.0,0.0,0.0,,2020-12-23 18:00:00,19265.754,5.3515983333333335,4.05,6.733333333333333
P001,1.0,0.0,0.0,0.0,0.0,0.0,0.0,48.03333333333333,0.0,0.0,0.302996,18.0,189.917988,41.0,195.93647396564484,178.0,30.642,178.0,97.49352383613586,178.0,0.0,178.0,0.0,178.0,0.0,178.0,0.0,178.0,14.533,178.0,0.0,178.0,0.0,178.0,0.0,178.0,0.0,178.0,0.4293019936733118,21.0,10.0,10.0,158.0,149.0,39.0,3160.0,0.014999,1.0,0.0,0.0,0.0,0.0,232.0,129.13697814941406,258.78253173828125,0.0,2.0,2.0,0.0,7.0,4.0,0.0,0.0,0.0,0.0,0.0,0.0,0.0,0.0,0.0,,0.0,2020-12-23 19:00:00,19265.754,5.3515983333333335,4.05,6.733333333333333
P001,1.0,0.0,0.0,0.0,0.0,0.0,0.0,0.0,0.037,1.0,1122.9149960000002,39.0,1416.796997,60.0,20.389050483703613,99.0,4.452,99.0,20.389050483703613,99.0,0.0,99.0,0.0,99.0,0.0,99.0,0.0,99.0,4.452,99.0,0.0,99.0,0.0,99.0,0.0,99.0,0.0,99.0,0.7748056599247962,34.0,14.0,13.0,72.0,1356.0,72.0,1548.0,0.0,0.0,0.0,0.0,0.0,0.0,98.0,105.70238494873048,109.113525390625,0.0,0.0,0.0,0.0,0.0,0.0,0.0,0.0,0.0,0.0,0.0,0.0,0.0,0.0,0.0,0.0,,2020-12-24 10:00:00,20920.178,5.811160555555555,4.016666666666667,6.916666666666667
P001,1.0,0.0,0.0,46.71666666666667,0.0,0.0,0.0,0.0,0.0,0.0,347.98498500000005,21.0,996.328984,26.0,38.05467176437378,69.0,12.842,69.0,38.05467176437378,69.0,0.0,69.0,0.0,69.0,0.0,69.0,0.0,69.0,12.842,69.0,0.0,69.0,0.0,69.0,0.0,69.0,0.0,69.0,0.355712859746894,8.0,3.0,3.0,63.0,673.0,6.0,75.0,0.0,0.0,0.0,0.0,0.0,0.0,7.0,80.29434204101562,7.724851608276367,0.0,0.0,0.0,0.0,0.0,0.0,0.0,0.0,0.0,0.0,0.0,0.0,0.0,0.0,0.0,0.0,0.0,2020-12-24 11:00:00,20920.178,5.811160555555555,4.016666666666667,6.916666666666667
P001,1.0,0.0,0.0,1.95,0.0,0.0,0.0,0.0,0.0,0.0,3423.367991,15.0,3423.367991,15.0,123.62154078483582,98.0,58.073,98.0,123.62154078483582,98.0,0.0,98.0,0.0,98.0,0.0,98.0,0.0,98.0,58.073,98.0,0.0,98.0,0.0,98.0,0.0,98.0,0.0,98.0,0.113769250293916,2.0,1.0,1.0,96.0,0.0,4.0,97.0,0.0,0.0,0.0,0.0,0.0,0.0,0.0,77.21084594726562,0.0,0.0,0.0,0.0,0.0,0.0,0.0,0.0,0.0,0.0,0.0,0.0,0.0,0.0,0.0,0.0,,0.0,2020-12-24 12:00:00,20920.178,5.811160555555555,4.016666666666667,6.916666666666667
P001,1.0,0.0,0.0,18.78333333333333,0.0,0.0,0.0,0.0,0.0,0.0,2469.209976,56.0,3234.208942,75.0,41.665621280670166,112.0,8.723,112.0,26.186912655830383,112.0,0.0,112.0,0.0,112.0,0.0,112.0,0.0,112.0,5.719,112.0,0.0,112.0,0.0,112.0,0.0,112.0,0.0,112.0,0.1404344648299467,4.0,1.0,2.0,109.0,764.0,2.0,367.0,0.076998,3.0,0.0,0.0,0.0,0.0,83.0,96.08186340332033,92.37635040283205,0.0,0.0,0.0,0.0,0.0,0.0,0.0,0.0,0.0,0.0,0.0,0.0,0.0,0.0,0.0,0.0,,2020-12-24 13:00:00,20920.178,5.811160555555555,4.016666666666667,6.916666666666667
P001,1.0,0.0,0.0,55.1,0.0,0.0,0.0,0.0,0.943988,32.0,159.143907,214.0,316.430858,351.0,1423.2234324216845,1437.0,302.009,1437.0,1365.28165102005,1437.0,0.0,1437.0,0.0,1437.0,0.0,1437.0,57.941781401634216,1437.0,291.442,1437.0,0.0,1437.0,0.0,1437.0,0.0,1437.0,10.567,1437.0,0.0383088644014051,12.0,4.0,4.0,1429.0,283.0,22.0,3183.0,154.99698499999997,35.0,0.0,0.0,0.0,0.0,36.0,86.58467864990234,39.9117317199707,0.0,0.0,0.0,0.0,0.0,0.0,0.0,0.0,0.0,0.0,0.0,0.0,0.0,0.0,0.0,,0.0,2020-12-24 14:00:00,20920.178,5.811160555555555,4.016666666666667,6.916666666666667
P001,1.0,0.0,0.0,48.016666666666666,0.0,0.0,0.0,0.0,0.0,0.0,264.699973,57.0,1036.888929,126.0,114.38950276374815,226.0,17.629,226.0,90.87146210670473,226.0,0.0,226.0,0.0,226.0,0.0,226.0,0.0,226.0,13.702,226.0,0.0,226.0,0.0,226.0,0.0,226.0,0.0,226.0,0.5059893268388405,39.0,16.0,16.0,194.0,964.0,71.0,2201.0,207.646988,14.0,0.0,0.0,0.0,0.0,67.0,91.88829803466795,74.6735610961914,0.0,0.0,0.0,0.0,0.0,0.0,0.0,0.0,0.0,0.0,0.0,0.0,0.0,0.0,0.0,0.0,,2020-12-24 15:00:00,20920.178,5.811160555555555,4.016666666666667,6.916666666666667
P001,1.0,0.0,0.0,1.55,0.0,0.0,0.0,0.0,0.0,0.0,21.105912000000004,192.0,406.829895,230.0,51.072091460227966,274.0,13.86,274.0,51.072091460227966,274.0,0.0,274.0,0.0,274.0,0.0,274.0,0.0,274.0,13.86,274.0,0.0,274.0,0.0,274.0,0.0,274.0,0.0,274.0,0.0672868844190234,4.0,2.0,1.0,271.0,380.0,2.0,2875.0,0.031999,2.0,0.0,0.0,0.0,0.0,6.0,83.25450134277344,6.598310470581055,0.0,0.0,0.0,0.0,0.0,0.0,0.0,0.0,0.0,0.0,0.0,0.0,0.0,0.0,0.0,0.0,0.0,2020-12-24 16:00:00,20920.178,5.811160555555555,4.016666666666667,6.916666666666667
P001,0.0,0.0,0.0,0.0,0.0,0.0,0.0,0.0,0.0,0.0,0.0,0.0,0.0,0.0,0.0,0.0,0.0,0.0,0.0,0.0,0.0,0.0,0.0,0.0,0.0,0.0,0.0,0.0,0.0,0.0,0.0,0.0,0.0,0.0,0.0,0.0,0.0,0.0,0.0,0.0,0.0,0.0,0.0,0.0,0.0,0.0,0.0,0.0,0.0,0.0,0.0,0.0,0.0,76.59414672851562,0.0,0.0,0.0,0.0,0.0,0.0,0.0,0.0,0.0,0.0,0.0,0.0,0.0,0.0,0.0,0.0,,0.0,2020-12-24 17:00:00,20920.178,5.811160555555555,4.016666666666667,6.916666666666667
P001,1.0,0.0,0.0,0.0,0.0,0.0,0.0,0.0,0.0,0.0,0.0,0.0,0.0,0.0,0.0,0.0,0.0,0.0,0.0,0.0,0.0,0.0,0.0,0.0,0.0,0.0,0.0,0.0,0.0,0.0,0.0,0.0,0.0,0.0,0.0,0.0,0.0,0.0,0.0,0.0,0.0,0.0,0.0,0.0,0.0,0.0,0.0,0.0,0.0,0.0,0.0,0.0,10.0,78.19755554199219,11.104473114013672,0.0,0.0,0.0,0.0,0.0,0.0,0.0,0.0,0.0,0.0,0.0,0.0,0.0,0.0,0.0,0.0,,2020-12-24 18:00:00,20920.178,5.811160555555555,4.016666666666667,6.916666666666667
P001,0.0,0.0,0.0,0.0,0.0,0.0,0.0,0.0,0.0,0.0,0.0,0.0,0.0,0.0,0.0,0.0,0.0,0.0,0.0,0.0,0.0,0.0,0.0,0.0,0.0,0.0,0.0,0.0,0.0,0.0,0.0,0.0,0.0,0.0,0.0,0.0,0.0,0.0,0.0,0.0,0.0,0.0,0.0,0.0,0.0,0.0,0.0,0.0,0.0,0.0,0.0,0.0,0.0,76.10078430175781,0.0,0.0,0.0,0.0,0.0,0.0,0.0,0.0,0.0,0.0,0.0,0.0,0.0,0.0,0.0,0.0,0.0,0.0,2020-12-24 19:00:00,20920.178,5.811160555555555,4.016666666666667,6.916666666666667
P001,0.0,0.0,0.0,0.0,0.0,0.0,0.0,0.0,0.0,0.0,0.0,0.0,0.0,0.0,0.0,0.0,0.0,0.0,0.0,0.0,0.0,0.0,0.0,0.0,0.0,0.0,0.0,0.0,0.0,0.0,0.0,0.0,0.0,0.0,0.0,0.0,0.0,0.0,0.0,0.0,0.0,0.0,0.0,0.0,0.0,0.0,0.0,0.0,0.0,0.0,0.0,0.0,0.0,75.48408508300781,0.0,0.0,0.0,0.0,0.0,0.0,0.0,0.0,0.0,0.0,0.0,0.0,0.0,0.0,0.0,0.0,,0.0,2020-12-24 20:00:00,20920.178,5.811160555555555,4.016666666666667,6.916666666666667
P001,2.0,51.61666666666667,0.0,0.0,1.5333333333333334,0.0,0.0,0.0,0.0,0.0,558.5869749999999,72.0,3297.165894999999,101.0,362.1193277835846,399.0,87.455,399.0,362.1193277835846,399.0,0.0,399.0,0.0,399.0,0.0,399.0,0.0,399.0,87.455,399.0,0.0,399.0,0.0,399.0,0.0,399.0,0.0,399.0,0.4509099174081083,63.0,24.0,24.0,351.0,1953.0,356.0,872.0,0.0,0.0,0.0,0.0,0.0,0.0,5841.0,492.6199645996094,6531.68359375,0.0,3.0,5.0,0.0,10.0,19.0,0.0,0.0,3.0,10.0,0.0,0.0,0.0,0.0,0.0,0.0,,2020-12-25 10:00:00,1616.201,0.4489447222222222,22.83333333333333,23.05
P001,3.0,34.63333333333333,0.0,0.0,3.083333333333333,0.0,0.0,0.0,0.0,0.0,735.4859839999999,54.0,1579.43498,73.0,147.81624734401703,218.0,23.674,218.0,147.81624734401703,218.0,0.0,218.0,0.0,218.0,0.0,218.0,0.0,218.0,23.674,218.0,0.0,218.0,0.0,218.0,0.0,218.0,0.0,218.0,0.7231230051548174,69.0,26.0,27.0,165.0,2742.0,188.0,607.0,337.744003,4.0,0.0,0.0,0.0,0.0,4414.0,423.4262390136719,4936.1796875,1.0,4.0,5.0,1.0,13.0,10.0,0.0,0.0,1.0,0.0,0.0,0.0,0.0,0.0,0.0,0.0,0.0,2020-12-25 11:00:00,1616.201,0.4489447222222222,22.83333333333333,23.05
P001,4.0,6.2,0.0,48.88333333333333,1.5,0.0,0.0,0.0,0.019999,1.0,533.799909,216.0,1288.369861,288.0,782.9445816278458,883.0,137.237,883.0,717.5970901250839,883.0,0.0,883.0,0.0,883.0,0.0,883.0,0.0,883.0,128.899,883.0,0.0,883.0,0.0,883.0,0.0,883.0,0.0,883.0,0.2488381404599444,67.0,24.0,24.0,835.0,1383.0,400.0,1808.0,177.12298999999996,13.0,0.0,0.0,0.0,0.0,920.0,183.2832489013672,1028.3707275390625,0.0,1.0,0.0,0.0,17.0,0.0,0.0,0.0,0.0,0.0,0.0,0.0,0.0,0.0,0.0,0.0,0.0,2020-12-25 12:00:00,1616.201,0.4489447222222222,22.83333333333333,23.05
P001,1.0,0.0,0.0,50.23333333333333,0.0,0.0,0.0,0.0,0.223996,10.0,656.880902,223.0,1368.871879,314.0,1056.963858962059,1134.0,386.705,1134.0,1054.7277909517288,1134.0,0.0,1134.0,0.0,1134.0,0.0,1134.0,0.0,1134.0,205.063,1134.0,0.0,1134.0,0.0,1134.0,0.0,1134.0,0.0,1134.0,0.169965297694179,56.0,19.0,19.0,1096.0,1278.0,218.0,2073.0,109.739995,15.0,0.0,0.0,0.0,0.0,133.0,126.05348205566406,148.38153076171875,0.0,0.0,0.0,0.0,0.0,0.0,0.0,0.0,0.0,0.0,0.0,0.0,0.0,0.0,0.0,0.0,0.0,2020-12-25 13:00:00,1616.201,0.4489447222222222,22.83333333333333,23.05
P001,1.0,0.0,0.0,38.81666666666667,0.0,0.0,0.0,0.0,0.0,0.0,290.587897,210.0,1153.090872,318.0,1084.7244248390198,1101.0,185.47,1101.0,1039.7803101539612,1101.0,44.944114685058594,1101.0,0.0,1101.0,0.0,1101.0,0.0,1101.0,160.434,1101.0,25.036,1101.0,0.0,1101.0,0.0,1101.0,0.0,1101.0,0.1361113292095404,43.0,14.0,14.0,1073.0,1107.0,45.0,2417.0,46.495977,55.0,0.0,0.0,0.0,0.0,155.0,125.68346405029295,172.6826171875,0.0,0.0,0.0,0.0,0.0,0.0,0.0,0.0,0.0,0.0,0.0,0.0,0.0,0.0,0.0,0.0,0.0,2020-12-25 14:00:00,1616.201,0.4489447222222222,22.83333333333333,23.05
P001,2.0,1.7666666666666666,0.0,24.816666666666663,0.0,0.0,0.0,0.0,0.0,0.0,3.0109540000000004,98.0,92.58191,188.0,298.61104142665863,398.0,46.739,398.0,260.55636966228485,398.0,0.0,398.0,0.0,398.0,0.0,398.0,0.0,398.0,39.872,398.0,0.0,398.0,0.0,398.0,0.0,398.0,0.0,398.0,0.1347825306659173,14.0,5.0,5.0,388.0,73.0,14.0,3402.0,0.6149789999999999,36.0,0.032,1.0,0.0,0.0,9.0,84.36456298828125,9.977932929992676,0.0,0.0,0.0,0.0,0.0,0.0,0.0,0.0,0.0,0.0,0.0,0.0,0.0,0.0,0.0,,0.0,2020-12-25 15:00:00,1616.201,0.4489447222222222,22.83333333333333,23.05
P001,2.0,1.5666666666666669,0.0,38.41666666666666,0.0,0.0,0.0,0.0,0.573991,14.0,467.9999399999998,116.0,550.3848959999999,237.0,218.222473025322,435.0,49.359,435.0,169.3798769712448,435.0,0.0,435.0,0.0,435.0,0.0,435.0,0.0,435.0,43.566,435.0,0.0,435.0,0.0,435.0,0.0,435.0,0.0,435.0,0.2597422220753946,31.0,13.0,12.0,410.0,508.0,255.0,2732.0,41.168980000000005,44.0,0.0,0.0,0.0,0.0,180.0,138.51083374023438,201.007064819336,0.0,0.0,0.0,0.0,0.0,0.0,0.0,0.0,0.0,0.0,0.0,0.0,0.0,0.0,0.0,0.0,,2020-12-25 16:00:00,1616.201,0.4489447222222222,22.83333333333333,23.05
P001,2.0,4.216666666666667,0.0,0.0,0.0,0.0,0.0,0.0,0.198999,6.0,204.19796800000003,82.0,270.050933,169.0,94.60482919216156,235.0,15.92,235.0,94.60482919216156,235.0,0.0,235.0,0.0,235.0,0.0,235.0,0.0,235.0,15.92,235.0,0.0,235.0,0.0,235.0,0.0,235.0,0.0,235.0,0.2212601439608918,14.0,5.0,6.0,224.0,190.0,11.0,3315.0,0.7329899999999999,26.0,0.0,0.0,0.0,0.0,13.0,95.09513854980467,14.323162078857422,0.0,0.0,0.0,0.0,0.0,0.0,0.0,0.0,0.0,0.0,0.0,0.0,0.0,0.0,0.0,0.0,0.0,2020-12-25 17:00:00,1616.201,0.4489447222222222,22.83333333333333,23.05
P001,0.0,0.0,0.0,0.0,0.0,0.0,0.0,0.0,0.0,0.0,70.856984,40.0,71.58497499999997,63.0,109.46776509284972,140.0,70.329,140.0,109.46776509284972,140.0,0.0,140.0,0.0,140.0,0.0,140.0,0.0,140.0,70.329,140.0,0.0,140.0,0.0,140.0,0.0,140.0,0.0,140.0,0.3294028044650576,12.0,6.0,5.0,129.0,51.0,22.0,2614.0,0.021998,3.0,0.0,0.0,0.0,0.0,33.0,90.6549072265625,36.69304656982422,0.0,1.0,1.0,0.0,3.0,10.0,0.0,0.0,0.0,0.0,0.0,0.0,0.0,0.0,0.0,0.0,0.0,2020-12-25 18:00:00,1616.201,0.4489447222222222,22.83333333333333,23.05
P001,0.0,0.0,0.0,0.0,0.0,0.0,0.0,0.0,0.467989,26.0,1.609978,45.0,153.14895399999995,100.0,18.53663110733032,121.0,19.239,121.0,14.064495086669922,121.0,0.0,121.0,0.0,121.0,0.0,121.0,0.0,121.0,18.286,121.0,0.0,121.0,0.0,121.0,0.0,121.0,0.0,121.0,0.2316676654828367,7.0,3.0,3.0,115.0,4.0,57.0,3288.0,0.0,0.0,0.0,0.0,0.0,0.0,23.0,86.09131622314453,25.266700744628903,0.0,0.0,0.0,0.0,0.0,0.0,0.0,0.0,0.0,0.0,0.0,0.0,0.0,0.0,0.0,0.0,0.0,2020-12-25 19:00:00,1616.201,0.4489447222222222,22.83333333333333,23.05
P001,0.0,0.0,0.0,0.0,0.0,0.0,0.0,0.0,0.0,0.0,0.0,0.0,0.0,0.0,0.0,0.0,0.0,0.0,0.0,0.0,0.0,0.0,0.0,0.0,0.0,0.0,0.0,0.0,0.0,0.0,0.0,0.0,0.0,0.0,0.0,0.0,0.0,0.0,0.0,0.0,0.0,0.0,0.0,0.0,0.0,0.0,0.0,0.0,0.0,0.0,0.0,0.0,8.0,79.18428039550781,8.851391792297363,0.0,0.0,0.0,0.0,0.0,0.0,0.0,0.0,0.0,0.0,0.0,0.0,0.0,0.0,0.0,0.0,0.0,2020-12-25 20:00:00,1616.201,0.4489447222222222,22.83333333333333,23.05
P001,0.0,0.0,0.0,0.0,0.0,0.0,0.0,0.0,0.0,0.0,0.0,0.0,0.0,0.0,0.0,0.0,0.0,0.0,0.0,0.0,0.0,0.0,0.0,0.0,0.0,0.0,0.0,0.0,0.0,0.0,0.0,0.0,0.0,0.0,0.0,0.0,0.0,0.0,0.0,0.0,0.0,0.0,0.0,0.0,0.0,0.0,0.0,0.0,0.0,0.0,0.0,0.0,15.0,77.82754516601562,16.7371768951416,0.0,0.0,0.0,0.0,0.0,0.0,0.0,0.0,0.0,0.0,0.0,0.0,0.0,0.0,0.0,,0.0,2020-12-25 21:00:00,1616.201,0.4489447222222222,22.83333333333333,23.05
P001,4.0,6.05,0.0,48.06666666666667,2.6333333333333333,0.0,0.0,0.0,0.0,0.0,250.864966,70.0,3055.771946,106.0,1268.2811492681503,1150.0,230.474,1150.0,1240.0795395374298,1150.0,0.0,1150.0,0.0,1150.0,0.0,1150.0,0.0,1150.0,226.612,1150.0,0.0,1150.0,0.0,1150.0,0.0,1150.0,0.0,1150.0,0.2472492911776738,72.0,31.0,31.0,1088.0,2360.0,348.0,717.0,0.025,1.0,0.0,0.0,0.0,0.0,1371.0,229.1657257080078,1532.2564697265625,0.0,2.0,1.0,0.0,9.0,1.0,2.0,13.0,0.0,0.0,0.0,0.0,0.0,0.0,0.0,0.0,,2020-12-26 10:00:00,21210.708,5.891863333333333,1.9,4.85
P001,5.0,8.483333333333333,0.0,15.85,5.166666666666667,0.0,0.0,0.0,0.0,0.0,1599.2918610000002,220.0,2023.127827,291.0,1001.2784456014632,1086.0,176.159,1086.0,1001.2784456014632,1086.0,0.0,1086.0,0.0,1086.0,0.0,1086.0,0.0,1086.0,176.159,1086.0,0.0,1086.0,0.0,1086.0,0.0,1086.0,0.0,1086.0,0.2355045440587903,79.0,27.0,28.0,1031.0,1940.0,63.0,1596.0,71.03199399999998,16.0,0.0,0.0,0.0,0.0,2146.0,282.4486083984375,2399.692626953125,1.0,2.0,3.0,7.0,11.0,4.0,0.0,0.0,1.0,2.0,0.0,0.0,0.0,0.0,0.0,0.0,0.0,2020-12-26 11:00:00,21210.708,5.891863333333333,1.9,4.85
P001,1.0,0.0,0.0,0.0,0.0,0.0,0.0,0.0,0.0,0.0,602.6159150000001,173.0,1287.7939219999998,231.0,1469.9759744405746,1406.0,361.227,1406.0,1469.9759744405746,1406.0,0.0,1406.0,0.0,1406.0,0.0,1406.0,0.0,1406.0,361.227,1406.0,0.0,1406.0,0.0,1406.0,0.0,1406.0,0.0,1406.0,0.1667408397918948,68.0,23.0,23.0,1360.0,663.0,150.0,2778.0,0.576991,15.0,0.0,0.0,0.0,0.0,43.0,110.019287109375,47.79751968383789,0.0,0.0,0.0,0.0,0.0,0.0,0.0,0.0,0.0,0.0,0.0,0.0,0.0,0.0,0.0,0.0,0.0,2020-12-26 12:00:00,21210.708,5.891863333333333,1.9,4.85
P001,1.0,0.0,0.0,47.96666666666667,0.0,0.0,0.0,0.0,0.004999,1.0,762.340928,178.0,965.061896,242.0,2175.242745757103,1835.0,485.683,1835.0,2135.41752243042,1835.0,0.0,1835.0,0.0,1835.0,0.0,1835.0,0.0,1835.0,458.666,1835.0,0.0,1835.0,0.0,1835.0,0.0,1835.0,0.0,1835.0,0.1126435976150748,59.0,19.0,18.0,1798.0,1023.0,41.0,2463.0,0.345994,9.0,0.0,0.0,0.0,0.0,68.0,114.45952606201172,75.63917541503906,0.0,0.0,0.0,0.0,0.0,0.0,1.0,0.0,0.0,0.0,0.0,0.0,0.0,0.0,0.0,0.0,0.0,2020-12-26 13:00:00,21210.708,5.891863333333333,1.9,4.85
P001,1.0,0.0,0.0,0.0,0.0,0.0,0.0,0.0,0.0,0.0,3189.9029049999995,24.0,3190.311901,46.0,21.920811414718628,72.0,4.229,72.0,21.920811414718628,72.0,0.0,72.0,0.0,72.0,0.0,72.0,0.0,72.0,4.229,72.0,0.0,72.0,0.0,72.0,0.0,72.0,0.0,72.0,0.5327626177367384,13.0,5.0,6.0,61.0,2694.0,25.0,410.0,0.2299999999999999,10.0,0.0,0.0,0.0,0.0,44.0,94.3551025390625,48.9240608215332,0.0,1.0,0.0,0.0,12.0,0.0,0.0,0.0,0.0,0.0,0.0,0.0,0.0,0.0,0.0,0.0,0.0,2020-12-26 14:00:00,21210.708,5.891863333333333,1.9,4.85
P001,2.0,3.583333333333333,0.0,24.516666666666666,0.0,0.0,0.0,0.0,0.007,1.0,2.046971,58.0,2.417967,88.0,93.46621322631836,144.0,15.461,144.0,93.46621322631836,144.0,0.0,144.0,0.0,144.0,0.0,144.0,0.0,144.0,15.461,144.0,0.0,144.0,0.0,144.0,0.0,144.0,0.0,144.0,0.0,0.0,0.0,0.0,144.0,0.0,0.0,3519.0,0.063999,3.0,0.0,0.0,0.0,0.0,51.0,114.8295440673828,56.32704544067383,0.0,0.0,0.0,0.0,0.0,0.0,0.0,0.0,0.0,0.0,0.0,0.0,0.0,0.0,0.0,,0.0,2020-12-26 15:00:00,21210.708,5.891863333333333,1.9,4.85
P001,1.0,0.0,0.0,20.066666666666663,0.0,0.0,0.0,0.0,0.0,0.0,0.090996,8.0,11.714984999999997,46.0,173.96993792057037,149.0,128.211,149.0,132.06012415885925,149.0,0.0,149.0,0.0,149.0,0.0,149.0,0.0,149.0,22.598,149.0,0.0,149.0,0.0,149.0,0.0,149.0,0.0,149.0,0.0,0.0,0.0,0.0,149.0,0.0,0.0,2939.0,0.240999,12.0,0.0,0.0,0.0,0.0,7.0,82.26777648925781,7.724851608276367,0.0,1.0,0.0,0.0,4.0,0.0,1.0,2.0,0.0,0.0,0.0,0.0,0.0,0.0,0.0,0.0,,2020-12-26 17:00:00,21210.708,5.891863333333333,1.9,4.85
P001,0.0,0.0,0.0,0.0,0.0,0.0,0.0,0.0,0.0,0.0,0.0,0.0,0.111,1.0,0.0,2.0,0.0,2.0,0.0,2.0,0.0,2.0,0.0,2.0,0.0,2.0,0.0,2.0,0.0,2.0,0.0,2.0,0.0,2.0,0.0,2.0,0.0,2.0,0.6931471805599453,1.0,1.0,0.0,1.0,0.0,0.0,16.0,0.0,0.0,0.0,0.0,0.0,0.0,6.0,79.43095397949219,6.598310470581055,0.0,0.0,0.0,0.0,0.0,0.0,0.0,0.0,0.0,0.0,0.0,0.0,0.0,0.0,0.0,0.0,0.0,2020-12-26 18:00:00,21210.708,5.891863333333333,1.9,4.85
P001,0.0,0.0,0.0,0.0,0.0,0.0,0.0,0.0,0.0,0.0,0.0,0.0,0.0,0.0,0.0,0.0,0.0,0.0,0.0,0.0,0.0,0.0,0.0,0.0,0.0,0.0,0.0,0.0,0.0,0.0,0.0,0.0,0.0,0.0,0.0,0.0,0.0,0.0,0.0,0.0,0.0,0.0,0.0,0.0,0.0,0.0,0.0,0.0,0.0,0.0,0.0,0.0,10.0,77.45751953125,11.104473114013672,0.0,0.0,0.0,0.0,0.0,0.0,0.0,0.0,0.0,0.0,0.0,0.0,0.0,0.0,0.0,0.0,0.0,2020-12-26 19:00:00,21210.708,5.891863333333333,1.9,4.85
P001,0.0,0.0,0.0,0.0,0.0,0.0,0.0,0.0,0.0,0.0,0.0,0.0,0.0,0.0,0.0,0.0,0.0,0.0,0.0,0.0,0.0,0.0,0.0,0.0,0.0,0.0,0.0,0.0,0.0,0.0,0.0,0.0,0.0,0.0,0.0,0.0,0.0,0.0,0.0,0.0,0.0,0.0,0.0,0.0,0.0,0.0,0.0,0.0,0.0,0.0,0.0,0.0,0.0,75.607421875,0.0,0.0,0.0,0.0,0.0,0.0,0.0,0.0,0.0,0.0,0.0,0.0,0.0,0.0,0.0,0.0,0.0,0.0,2020-12-26 20:00:00,21210.708,5.891863333333333,1.9,4.85
P001,0.0,0.0,0.0,0.0,0.0,0.0,0.0,0.0,0.0,0.0,0.0,0.0,0.0,0.0,0.0,0.0,0.0,0.0,0.0,0.0,0.0,0.0,0.0,0.0,0.0,0.0,0.0,0.0,0.0,0.0,0.0,0.0,0.0,0.0,0.0,0.0,0.0,0.0,0.0,0.0,0.0,0.0,0.0,0.0,0.0,0.0,0.0,0.0,0.0,0.0,0.0,0.0,0.0,76.59414672851562,0.0,0.0,0.0,0.0,0.0,0.0,0.0,0.0,0.0,0.0,0.0,0.0,0.0,0.0,0.0,0.0,,0.0,2020-12-26 21:00:00,21210.708,5.891863333333333,1.9,4.85
P001,2.0,15.883333333333333,0.0,37.21666666666667,0.0,0.0,0.0,0.0,0.2459969999999999,10.0,214.512965,57.0,951.280916,110.0,348.3455477952957,396.0,93.341,396.0,348.3455477952957,396.0,0.0,396.0,0.0,396.0,0.0,396.0,0.0,396.0,93.341,396.0,0.0,396.0,0.0,396.0,0.0,396.0,0.0,396.0,0.4667384349580598,60.0,25.0,25.0,346.0,1234.0,338.0,1920.0,0.062998,2.0,0.0,0.0,0.0,0.0,1216.0,187.476806640625,1360.3785400390625,0.0,1.0,3.0,0.0,1.0,15.0,2.0,4.0,0.0,0.0,0.0,2.0,2.0,0.0,0.0,0.0,,2020-12-27 10:00:00,23266.878,6.463021666666667,4.966666666666667,8.2
P001,1.0,42.016666666666666,0.0,0.0,0.0,0.0,0.0,0.0,0.0,0.0,2.73199,16.0,434.709998,29.0,139.9590438604355,135.0,21.674,135.0,92.18211364746094,135.0,0.0,135.0,0.0,135.0,0.0,135.0,0.0,135.0,14.158,135.0,0.0,135.0,0.0,135.0,0.0,135.0,0.0,135.0,0.2907274652344568,13.0,5.0,4.0,126.0,881.0,313.0,2311.0,0.004,1.0,22.527,1.0,0.0,0.0,76.0,106.07240295410156,84.6514892578125,0.0,0.0,0.0,0.0,0.0,0.0,2.0,6.0,0.0,0.0,0.0,0.0,0.0,0.0,0.0,,0.0,2020-12-27 11:00:00,23266.878,6.463021666666667,4.966666666666667,8.2
P001,4.0,44.48333333333333,0.0,8.95,0.0,0.0,0.0,2.5,0.176999,4.0,313.306991,25.0,1538.660951,89.0,159.714417219162,241.0,37.366,241.0,0.0,241.0,0.0,241.0,0.0,241.0,0.0,241.0,0.0,241.0,0.0,241.0,0.0,241.0,0.0,241.0,0.0,241.0,0.0,241.0,0.5450894855495447,55.0,19.0,19.0,203.0,851.0,18.0,2659.0,91.222997,6.0,0.0,0.0,0.0,0.0,1931.0,260.2474060058594,2159.900634765625,2.0,1.0,2.0,3.0,1.0,10.0,4.0,25.0,1.0,0.0,0.0,2.0,2.0,0.0,0.0,0.0,,2020-12-27 12:00:00,23266.878,6.463021666666667,4.966666666666667,8.2
P001,1.0,0.0,0.0,0.0,0.0,0.0,0.0,51.3,0.0,0.0,2818.020931,30.0,3081.259932,38.0,116.03283059597015,145.0,19.79,145.0,116.03283059597015,145.0,0.0,145.0,0.0,145.0,0.0,145.0,0.0,145.0,19.79,145.0,0.0,145.0,0.0,145.0,0.0,145.0,0.0,145.0,0.4237208815272428,25.0,8.0,8.0,129.0,3005.0,12.0,165.0,260.212005,1.0,0.0,0.0,0.0,0.0,687.0,195.86392211914065,767.17431640625,0.0,1.0,1.0,0.0,4.0,0.0,0.0,0.0,0.0,0.0,0.0,0.0,0.0,0.0,0.0,0.0,0.0,2020-12-27 13:00:00,23266.878,6.463021666666667,4.966666666666667,8.2
P001,1.0,0.0,0.0,0.0,0.0,0.0,0.0,33.88333333333333,159.705996,5.0,1684.118961,95.0,2278.8159440000004,176.0,610.6682884693146,742.0,150.089,742.0,606.1961524486542,742.0,0.0,742.0,0.0,742.0,0.0,742.0,0.0,742.0,146.784,742.0,0.0,742.0,0.0,742.0,0.0,742.0,0.0,742.0,0.3198809073321126,77.0,28.0,28.0,686.0,1172.0,48.0,1021.0,286.180999,32.0,0.0,0.0,0.0,0.0,147.0,129.75369262695312,163.6702880859375,0.0,0.0,0.0,0.0,0.0,0.0,0.0,0.0,0.0,0.0,0.0,0.0,0.0,0.0,0.0,0.0,0.0,2020-12-27 14:00:00,23266.878,6.463021666666667,4.966666666666667,8.2
P001,1.0,0.0,0.0,0.0,0.0,0.0,0.0,45.7,0.014,1.0,1088.489976,62.0,1112.185944,139.0,159.22609055042267,244.0,27.216,244.0,159.22609055042267,244.0,0.0,244.0,0.0,244.0,0.0,244.0,0.0,244.0,27.216,244.0,0.0,244.0,0.0,244.0,0.0,244.0,0.0,244.0,0.2734828064786659,21.0,7.0,8.0,229.0,564.0,22.0,2499.0,2.156976,43.0,0.016,1.0,0.0,0.0,91.0,110.38929748535156,101.06680297851562,0.0,0.0,0.0,0.0,0.0,0.0,1.0,1.0,0.0,0.0,0.0,0.0,0.0,0.0,0.0,0.0,0.0,2020-12-27 15:00:00,23266.878,6.463021666666667,4.966666666666667,8.2
P001,0.0,0.0,0.0,0.0,0.0,0.0,0.0,0.0,0.0,0.0,0.0,0.0,0.1179979999999999,3.0,50.78857052326202,37.0,8.399,37.0,0.0,37.0,0.0,37.0,0.0,37.0,0.0,37.0,0.0,37.0,0.0,37.0,0.0,37.0,0.0,37.0,0.0,37.0,0.0,37.0,0.1242508373896308,1.0,1.0,0.0,36.0,0.0,0.0,420.0,0.0,0.0,0.0,0.0,0.0,0.0,6.0,86.33799743652344,6.598310470581055,0.0,1.0,0.0,0.0,2.0,0.0,0.0,0.0,0.0,0.0,0.0,0.0,0.0,0.0,0.0,0.0,0.0,2020-12-27 16:00:00,23266.878,6.463021666666667,4.966666666666667,8.2
P001,0.0,0.0,0.0,0.0,0.0,0.0,0.0,0.0,0.0,0.0,0.0,0.0,0.0,0.0,0.0,0.0,0.0,0.0,0.0,0.0,0.0,0.0,0.0,0.0,0.0,0.0,0.0,0.0,0.0,0.0,0.0,0.0,0.0,0.0,0.0,0.0,0.0,0.0,0.0,0.0,0.0,0.0,0.0,0.0,0.0,0.0,0.0,0.0,0.0,0.0,0.0,0.0,0.0,78.69091796875,0.0,0.0,0.0,0.0,0.0,0.0,0.0,0.0,0.0,0.0,0.0,0.0,0.0,0.0,0.0,0.0,0.0,0.0,2020-12-27 17:00:00,23266.878,6.463021666666667,4.966666666666667,8.2
P001,0.0,0.0,0.0,0.0,0.0,0.0,0.0,0.0,0.0,0.0,0.0,0.0,0.0,0.0,0.0,0.0,0.0,0.0,0.0,0.0,0.0,0.0,0.0,0.0,0.0,0.0,0.0,0.0,0.0,0.0,0.0,0.0,0.0,0.0,0.0,0.0,0.0,0.0,0.0,0.0,0.0,0.0,0.0,0.0,0.0,0.0,0.0,0.0,0.0,0.0,0.0,0.0,7.0,79.3076171875,7.724851608276367,0.0,0.0,0.0,0.0,0.0,0.0,0.0,0.0,0.0,0.0,0.0,0.0,0.0,0.0,0.0,0.0,0.0,2020-12-27 18:00:00,23266.878,6.463021666666667,4.966666666666667,8.2
P001,0.0,0.0,0.0,0.0,0.0,0.0,0.0,0.0,0.0,0.0,0.0,0.0,0.0,0.0,0.0,0.0,0.0,0.0,0.0,0.0,0.0,0.0,0.0,0.0,0.0,0.0,0.0,0.0,0.0,0.0,0.0,0.0,0.0,0.0,0.0,0.0,0.0,0.0,0.0,0.0,0.0,0.0,0.0,0.0,0.0,0.0,0.0,0.0,0.0,0.0,0.0,0.0,0.0,77.0875015258789,0.0,0.0,0.0,0.0,0.0,0.0,0.0,0.0,0.0,0.0,0.0,0.0,0.0,0.0,0.0,0.0,,0.0,2020-12-27 19:00:00,23266.878,6.463021666666667,4.966666666666667,8.2
P001,3.0,2.1666666666666665,38.16666666666666,3.983333333333333,0.0,0.0,0.0,0.0,0.0,0.0,571.6599840000001,32.0,970.283984,40.0,34.71595096588135,96.0,12.198,96.0,34.71595096588135,96.0,0.0,96.0,0.0,96.0,0.0,96.0,0.0,96.0,12.198,96.0,0.0,96.0,0.0,96.0,0.0,96.0,0.0,96.0,0.7718132931610124,33.0,13.0,13.0,70.0,2111.0,228.0,110.0,0.017,1.0,0.0,0.0,0.0,0.0,883.0,158.73858642578125,987.1715698242188,1.0,2.0,2.0,2.0,17.0,17.0,0.0,0.0,0.0,0.0,0.0,0.0,0.0,0.0,0.0,0.0,,2020-12-28 09:00:00,17299.363,4.805378611111111,3.0166666666666666,5.416666666666667
P001,5.0,8.75,0.0,8.216666666666667,4.483333333333333,0.0,0.0,0.0,0.0,0.0,0.008999,1.0,2747.098992,16.0,0.0,32.0,0.0,32.0,0.0,32.0,0.0,32.0,0.0,32.0,0.0,32.0,0.0,32.0,0.0,32.0,0.0,32.0,0.0,32.0,0.0,32.0,0.0,32.0,1.039720770839918,20.0,8.0,8.0,16.0,455.0,125.0,439.0,0.019999,1.0,0.0,0.0,0.0,0.0,2980.0,274.30816650390625,3332.79052734375,0.0,1.0,1.0,0.0,9.0,1.0,0.0,0.0,0.0,0.0,0.0,0.0,0.0,0.0,0.0,0.0,0.0,2020-12-28 10:00:00,17299.363,4.805378611111111,3.0166666666666666,5.416666666666667
P001,1.0,0.0,0.0,0.0,0.0,0.0,0.0,33.11666666666667,0.018999,1.0,642.247936,142.0,2283.557894,180.0,1084.1702439785004,1037.0,172.951,1037.0,1081.9341759681702,1037.0,0.0,1037.0,0.0,1037.0,0.0,1037.0,0.0,1037.0,172.078,1037.0,0.0,1037.0,0.0,1037.0,0.0,1037.0,0.0,1037.0,0.1901182510510196,55.0,20.0,20.0,997.0,2092.0,166.0,800.0,447.92499,4.0,0.0,0.0,0.0,0.0,796.0,185.99673461914065,889.645263671875,0.0,0.0,1.0,0.0,0.0,3.0,0.0,0.0,0.0,0.0,0.0,0.0,0.0,0.0,0.0,0.0,0.0,2020-12-28 11:00:00,17299.363,4.805378611111111,3.0166666666666666,5.416666666666667
P001,3.0,30.23333333333333,21.216666666666665,0.0,0.0,0.0,0.0,5.833333333333333,0.0,0.0,493.597926,164.0,2501.6948840000005,224.0,121.44456601142883,389.0,29.284,389.0,121.44456601142883,389.0,0.0,389.0,0.0,389.0,0.0,389.0,0.0,389.0,29.284,389.0,0.0,389.0,0.0,389.0,0.0,389.0,0.0,389.0,0.5430189622845045,83.0,30.0,31.0,328.0,1874.0,105.0,1598.0,0.0,0.0,0.0699979999999999,2.0,0.0,0.0,5740.0,476.0924072265625,6635.96875,0.0,2.0,1.0,0.0,15.0,9.0,0.0,0.0,0.0,0.0,0.0,0.0,0.0,0.0,0.0,,0.0,2020-12-28 12:00:00,17299.363,4.805378611111111,3.0166666666666666,5.416666666666667
P001,1.0,0.0,0.0,0.0,0.0,0.0,0.0,31.1,0.0,0.0,2.023979,38.0,1041.914979,69.0,0.0,71.0,0.0,71.0,0.0,71.0,0.0,71.0,0.0,71.0,0.0,71.0,0.0,71.0,0.0,71.0,0.0,71.0,0.0,71.0,0.0,71.0,0.0,71.0,0.1478439782073591,4.0,1.0,1.0,69.0,1037.0,1.0,2480.0,0.536996,17.0,0.0,0.0,0.0,0.0,12.0,92.25831604003906,13.19662094116211,0.0,1.0,0.0,0.0,0.0,0.0,1.0,4.0,0.0,0.0,0.0,0.0,0.0,0.0,0.0,0.0,,2020-12-28 13:00:00,17299.363,4.805378611111111,3.0166666666666666,5.416666666666667
P001,1.0,0.0,0.0,0.0,0.0,0.0,0.0,10.016666666666667,0.0,0.0,0.0,0.0,1638.4709330000003,41.0,0.0,56.0,0.0,56.0,0.0,56.0,0.0,56.0,0.0,56.0,0.0,56.0,0.0,56.0,0.0,56.0,0.0,56.0,0.0,56.0,0.0,56.0,0.0,56.0,0.7661845815976045,21.0,8.0,7.0,41.0,1617.0,189.0,610.0,1638.4289350000004,39.0,0.0,0.0,0.0,0.0,147.0,110.88265991210938,163.83120727539062,0.0,0.0,0.0,0.0,0.0,0.0,0.0,0.0,0.0,0.0,0.0,0.0,0.0,0.0,0.0,0.0,0.0,2020-12-28 14:00:00,17299.363,4.805378611111111,3.0166666666666666,5.416666666666667
P001,1.0,0.0,0.0,0.0,0.0,0.0,0.0,42.13333333333333,0.0,0.0,789.6959640000002,114.0,1116.3269570000002,134.0,55.52492475509644,166.0,10.789,166.0,55.52492475509644,166.0,0.0,166.0,0.0,166.0,0.0,166.0,0.0,166.0,10.789,166.0,0.0,166.0,0.0,166.0,0.0,166.0,0.0,166.0,0.1805451126371398,7.0,3.0,3.0,160.0,780.0,6.0,2128.0,0.031999,3.0,0.0,0.0,0.0,0.0,176.0,100.15208435058594,196.66183471679688,0.0,0.0,0.0,0.0,0.0,0.0,0.0,0.0,0.0,0.0,0.0,0.0,0.0,0.0,0.0,0.0,0.0,2020-12-28 15:00:00,17299.363,4.805378611111111,3.0166666666666666,5.416666666666667
P001,1.0,0.0,0.0,0.0,0.0,0.0,0.0,39.11666666666667,0.268997,9.0,595.5839629999999,88.0,599.686942,150.0,318.6704512834549,403.0,99.982,403.0,311.9622472524643,403.0,0.0,403.0,0.0,403.0,0.0,403.0,0.0,403.0,99.047,403.0,0.0,403.0,0.0,403.0,0.0,403.0,0.0,403.0,0.08773463349799,8.0,3.0,3.0,397.0,16.0,13.0,2241.0,3.396993,23.0,0.0,0.0,0.0,0.0,13.0,90.77824401855467,14.323162078857422,0.0,0.0,0.0,0.0,0.0,0.0,0.0,0.0,0.0,0.0,0.0,0.0,0.0,0.0,0.0,0.0,0.0,2020-12-28 16:00:00,17299.363,4.805378611111111,3.0166666666666666,5.416666666666667
P001,1.0,0.0,0.0,0.0,0.0,0.0,0.0,0.0,0.0,0.0,0.0,0.0,0.0,0.0,0.0,0.0,0.0,0.0,0.0,0.0,0.0,0.0,0.0,0.0,0.0,0.0,0.0,0.0,0.0,0.0,0.0,0.0,0.0,0.0,0.0,0.0,0.0,0.0,0.0,0.0,0.0,0.0,0.0,0.0,0.0,0.0,0.0,0.0,0.0,0.0,0.0,0.0,35.0,87.20137786865234,38.78519058227539,0.0,0.0,0.0,0.0,0.0,0.0,0.0,0.0,0.0,0.0,0.0,0.0,0.0,0.0,0.0,0.0,0.0,2020-12-28 17:00:00,17299.363,4.805378611111111,3.0166666666666666,5.416666666666667
P001,0.0,0.0,0.0,0.0,0.0,0.0,0.0,0.0,0.0,0.0,0.0,0.0,0.0,0.0,0.0,0.0,0.0,0.0,0.0,0.0,0.0,0.0,0.0,0.0,0.0,0.0,0.0,0.0,0.0,0.0,0.0,0.0,0.0,0.0,0.0,0.0,0.0,0.0,0.0,0.0,0.0,0.0,0.0,0.0,0.0,0.0,0.0,0.0,0.0,0.0,0.0,0.0,0.0,75.85409545898438,0.0,0.0,0.0,0.0,0.0,0.0,0.0,0.0,0.0,0.0,0.0,0.0,0.0,0.0,0.0,0.0,0.0,0.0,2020-12-28 18:00:00,17299.363,4.805378611111111,3.0166666666666666,5.416666666666667
P001,0.0,0.0,0.0,0.0,0.0,0.0,0.0,0.0,0.0,0.0,0.0,0.0,0.0,0.0,0.0,0.0,0.0,0.0,0.0,0.0,0.0,0.0,0.0,0.0,0.0,0.0,0.0,0.0,0.0,0.0,0.0,0.0,0.0,0.0,0.0,0.0,0.0,0.0,0.0,0.0,0.0,0.0,0.0,0.0,0.0,0.0,0.0,0.0,0.0,0.0,0.0,0.0,0.0,75.607421875,0.0,0.0,0.0,0.0,0.0,0.0,0.0,0.0,0.0,0.0,0.0,0.0,0.0,0.0,0.0,0.0,0.0,0.0,2020-12-28 19:00:00,17299.363,4.805378611111111,3.0166666666666666,5.416666666666667
P001,0.0,0.0,0.0,0.0,0.0,0.0,0.0,0.0,0.0,0.0,0.0,0.0,0.0,0.0,0.0,0.0,0.0,0.0,0.0,0.0,0.0,0.0,0.0,0.0,0.0,0.0,0.0,0.0,0.0,0.0,0.0,0.0,0.0,0.0,0.0,0.0,0.0,0.0,0.0,0.0,0.0,0.0,0.0,0.0,0.0,0.0,0.0,0.0,0.0,0.0,0.0,0.0,11.0,77.7042007446289,12.231014251708984,0.0,0.0,0.0,0.0,0.0,0.0,0.0,0.0,0.0,0.0,0.0,0.0,0.0,0.0,0.0,0.0,0.0,2020-12-28 20:00:00,17299.363,4.805378611111111,3.0166666666666666,5.416666666666667
P001,0.0,0.0,0.0,0.0,0.0,0.0,0.0,0.0,0.0,0.0,0.0,0.0,0.0,0.0,0.0,0.0,0.0,0.0,0.0,0.0,0.0,0.0,0.0,0.0,0.0,0.0,0.0,0.0,0.0,0.0,0.0,0.0,0.0,0.0,0.0,0.0,0.0,0.0,0.0,0.0,0.0,0.0,0.0,0.0,0.0,0.0,0.0,0.0,0.0,0.0,0.0,0.0,0.0,75.48408508300781,0.0,0.0,0.0,0.0,0.0,0.0,0.0,0.0,0.0,0.0,0.0,0.0,0.0,0.0,0.0,0.0,,0.0,2020-12-28 21:00:00,17299.363,4.805378611111111,3.0166666666666666,5.416666666666667
P001,1.0,0.0,4.033333333333333,0.0,0.0,0.0,0.0,0.0,0.0,0.0,816.734995,21.0,1073.549992,27.0,0.0,57.0,0.0,57.0,0.0,57.0,0.0,57.0,0.0,57.0,0.0,57.0,0.0,57.0,0.0,57.0,0.0,57.0,0.0,57.0,0.0,57.0,0.0,57.0,1.0565758044102838,42.0,15.0,15.0,27.0,2258.0,50.0,594.0,0.0,0.0,0.0,0.0,0.0,0.0,0.0,75.23739624023438,0.0,0.0,2.0,2.0,0.0,84.0,103.0,0.0,0.0,0.0,0.0,0.0,1.0,1.0,1.0,224.0,0.0,,2020-12-29 09:00:00,17382.635,4.828509722222222,1.15,3.55
P001,1.0,0.0,18.166666666666668,0.0,0.0,0.0,0.0,0.0,0.0,0.0,1139.324978,12.0,2828.995015,16.0,79.87288093566895,89.0,20.125,89.0,79.87288093566895,89.0,0.0,89.0,0.0,89.0,0.0,89.0,0.0,89.0,20.125,89.0,0.0,89.0,0.0,89.0,0.0,89.0,0.0,89.0,0.8065445601066734,32.0,13.0,13.0,63.0,1991.0,271.0,54.0,0.0,0.0,0.0,0.0,0.0,0.0,17.0,90.0382080078125,18.82932472229004,0.0,1.0,1.0,0.0,49.0,57.0,0.0,0.0,0.0,0.0,0.0,0.0,0.0,0.0,0.0,,0.0,2020-12-29 10:00:00,17382.635,4.828509722222222,1.15,3.55
P001,2.0,1.6666666666666667,0.0,0.0,0.0,0.0,0.0,49.8,0.057999,2.0,2175.585026,52.0,3218.124005,69.0,0.0,83.0,0.0,83.0,0.0,83.0,0.0,83.0,0.0,83.0,0.0,83.0,0.0,83.0,0.0,83.0,0.0,83.0,0.0,83.0,0.0,83.0,0.0,83.0,0.5706949342546066,21.0,7.0,7.0,69.0,2524.0,7.0,268.0,0.012,1.0,0.0,0.0,0.0,0.0,730.0,159.60195922851562,815.7764282226562,0.0,1.0,1.0,0.0,3.0,6.0,0.0,0.0,0.0,0.0,0.0,0.0,0.0,0.0,0.0,0.0,,2020-12-29 13:00:00,17382.635,4.828509722222222,1.15,3.55
P001,4.0,13.933333333333334,0.0,27.03333333333333,2.783333333333333,0.0,0.0,14.383333333333333,0.006,1.0,2174.257966,103.0,2539.551942,165.0,355.8410716056824,478.0,76.298,478.0,313.96454536914825,478.0,0.0,478.0,0.0,478.0,0.0,478.0,0.0,478.0,62.95,478.0,0.0,478.0,0.0,478.0,0.0,478.0,0.0,478.0,0.3895223523043504,68.0,23.0,24.0,431.0,1772.0,64.0,945.0,0.039,1.0,0.0,0.0,0.0,0.0,2530.0,265.9210510253906,2828.743896484375,0.0,2.0,1.0,0.0,6.0,3.0,1.0,5.0,0.0,0.0,0.0,0.0,0.0,0.0,0.0,1.0,0.0,2020-12-29 14:00:00,17382.635,4.828509722222222,1.15,3.55
P001,1.0,0.0,0.0,57.05,0.0,0.0,0.0,0.0,0.0,0.0,40.31497599999999,59.0,3051.0420030000005,95.0,406.80291390419006,563.0,100.409,563.0,406.80291390419006,563.0,0.0,563.0,0.0,563.0,0.0,563.0,0.0,563.0,100.409,563.0,0.0,563.0,0.0,563.0,0.0,563.0,0.0,563.0,0.5027944110624907,97.0,40.0,39.0,484.0,2650.0,345.0,544.0,501.427995,7.0,0.0,0.0,0.0,0.0,638.0,150.47479248046875,713.100341796875,0.0,2.0,1.0,0.0,9.0,4.0,1.0,9.0,0.0,0.0,0.0,0.0,0.0,0.0,0.0,,1.0,2020-12-29 15:00:00,17382.635,4.828509722222222,1.15,3.55
P001,1.0,0.0,0.0,0.0,0.0,0.0,0.0,37.28333333333333,0.018999,1.0,34.021948,121.0,125.083925,173.0,66.36455535888672,229.0,11.5,229.0,0.0,229.0,0.0,229.0,0.0,229.0,0.0,229.0,0.0,229.0,0.0,229.0,0.0,229.0,0.0,229.0,0.0,229.0,0.0,229.0,0.2871029180018288,19.0,8.0,7.0,214.0,94.0,21.0,1883.0,0.003,1.0,0.0,0.0,0.0,0.0,53.0,102.74221801757812,58.741058349609375,0.0,1.0,0.0,0.0,10.0,0.0,1.0,7.0,0.0,0.0,0.0,0.0,0.0,0.0,0.0,1.0,,2020-12-29 18:00:00,17382.635,4.828509722222222,1.15,3.55
P001,1.0,0.0,0.0,0.0,0.0,0.0,0.0,0.0,0.0,0.0,0.0,0.0,651.774993,10.0,13.4164080619812,18.0,3.946,18.0,0.0,18.0,0.0,18.0,0.0,18.0,0.0,18.0,0.0,18.0,0.0,18.0,0.0,18.0,0.0,18.0,0.0,18.0,0.0,18.0,0.4258484492385814,2.0,1.0,1.0,16.0,0.0,2.0,22.0,0.0,0.0,0.0,0.0,0.0,0.0,18.0,83.99453735351562,19.95586585998535,0.0,0.0,0.0,0.0,0.0,0.0,0.0,0.0,0.0,0.0,0.0,0.0,0.0,0.0,0.0,,1.0,2020-12-29 19:00:00,17382.635,4.828509722222222,1.15,3.55
P001,1.0,0.0,0.0,0.0,0.0,0.0,0.0,0.0,0.0,0.0,0.0,0.0,0.0,0.0,0.0,0.0,0.0,0.0,0.0,0.0,0.0,0.0,0.0,0.0,0.0,0.0,0.0,0.0,0.0,0.0,0.0,0.0,0.0,0.0,0.0,0.0,0.0,0.0,0.0,0.0,0.0,0.0,0.0,0.0,0.0,0.0,0.0,0.0,0.0,0.0,0.0,0.0,4.0,78.81425476074219,4.345229148864746,0.0,0.0,0.0,0.0,0.0,0.0,0.0,0.0,0.0,0.0,0.0,0.0,0.0,0.0,0.0,0.0,,2020-12-29 20:00:00,17382.635,4.828509722222222,1.15,3.55
P001,0.0,0.0,0.0,0.0,0.0,0.0,0.0,0.0,0.0,0.0,0.0,0.0,0.0,0.0,0.0,0.0,0.0,0.0,0.0,0.0,0.0,0.0,0.0,0.0,0.0,0.0,0.0,0.0,0.0,0.0,0.0,0.0,0.0,0.0,0.0,0.0,0.0,0.0,0.0,0.0,0.0,0.0,0.0,0.0,0.0,0.0,0.0,0.0,0.0,0.0,0.0,0.0,0.0,77.33418273925781,0.0,0.0,0.0,0.0,0.0,0.0,0.0,0.0,0.0,0.0,0.0,0.0,0.0,0.0,0.0,0.0,,0.0,2020-12-29 21:00:00,17382.635,4.828509722222222,1.15,3.55
P001,5.0,14.533333333333331,22.433333333333334,8.45,0.0,0.0,0.0,0.0,0.0,0.0,762.1179650000001,92.0,3103.5799260000003,133.0,712.382231593132,711.0,119.095,711.0,644.3180634975433,711.0,0.0,711.0,0.0,711.0,0.0,711.0,0.0,711.0,112.21,711.0,0.0,711.0,0.0,711.0,0.0,711.0,0.0,711.0,0.2653510815470262,61.0,21.0,21.0,669.0,2751.0,19.0,399.0,121.294998,1.0,0.0,0.0,0.0,0.0,3000.0,303.2930908203125,3355.482177734375,0.0,1.0,2.0,0.0,0.0,12.0,2.0,7.0,0.0,0.0,0.0,0.0,0.0,0.0,0.0,0.0,,2020-12-30 09:00:00,25966.279,7.212855277777777,1.7833333333333332,5.383333333333334
P001,1.0,0.0,0.0,0.0,0.0,0.0,0.0,48.18333333333333,0.0,0.0,461.9579890000001,36.0,1044.993984,52.0,138.12833619117737,147.0,25.174,147.0,138.12833619117737,147.0,0.0,147.0,0.0,147.0,0.0,147.0,0.0,147.0,25.174,147.0,0.0,147.0,0.0,147.0,0.0,147.0,0.0,147.0,0.2723824129124484,12.0,4.0,5.0,138.0,873.0,66.0,2009.0,0.100998,6.0,0.0,0.0,0.0,0.0,176.0,106.68909454345705,196.3399810791016,0.0,1.0,0.0,0.0,7.0,0.0,1.0,0.0,0.0,0.0,0.0,0.0,0.0,0.0,0.0,0.0,0.0,2020-12-30 10:00:00,25966.279,7.212855277777777,1.7833333333333332,5.383333333333334
P001,1.0,0.0,0.0,0.0,0.0,0.0,0.0,48.9,0.0,0.0,0.8849790000000001,42.0,1.270974,62.0,257.5215817689896,238.0,58.246,238.0,167.43649208545685,238.0,0.0,238.0,0.0,238.0,0.0,238.0,0.0,238.0,36.058,238.0,0.0,238.0,0.0,238.0,0.0,238.0,0.0,238.0,0.0,0.0,0.0,0.0,238.0,0.0,0.0,3263.0,0.0,0.0,0.007999,2.0,0.0,0.0,4.0,85.47462463378906,4.345229148864746,0.0,0.0,0.0,0.0,0.0,0.0,1.0,3.0,0.0,0.0,0.0,0.0,0.0,0.0,0.0,0.0,0.0,2020-12-30 11:00:00,25966.279,7.212855277777777,1.7833333333333332,5.383333333333334
P001,1.0,0.0,0.0,0.0,0.0,0.0,0.0,9.466666666666669,0.0,0.0,0.269997,9.0,40.835982,36.0,84.34476888179779,100.0,13.736,100.0,84.34476888179779,100.0,0.0,100.0,0.0,100.0,0.0,100.0,0.0,100.0,13.736,100.0,0.0,100.0,0.0,100.0,0.0,100.0,0.0,100.0,0.3342211462133829,8.0,4.0,4.0,92.0,2047.0,24.0,1479.0,0.054,1.0,0.0,0.0,0.0,0.0,666.0,142.82772827148438,744.4825439453125,0.0,1.0,0.0,0.0,4.0,0.0,0.0,0.0,0.0,0.0,0.0,2.0,2.0,0.0,0.0,,0.0,2020-12-30 12:00:00,25966.279,7.212855277777777,1.7833333333333332,5.383333333333334
P001,1.0,0.0,0.0,0.0,0.0,0.0,0.0,31.166666666666668,0.0,0.0,0.09,5.0,1696.0469999999998,6.0,15.586960792541504,25.0,2.964,25.0,15.586960792541504,25.0,0.0,25.0,0.0,25.0,0.0,25.0,0.0,25.0,2.964,25.0,0.0,25.0,0.0,25.0,0.0,25.0,0.0,25.0,1.0250576137587353,13.0,6.0,6.0,13.0,1288.0,212.0,177.0,0.0,0.0,0.0,0.0,0.0,0.0,185.0,113.96615600585938,206.47882080078125,0.0,0.0,0.0,0.0,0.0,0.0,0.0,0.0,0.0,0.0,0.0,0.0,0.0,0.0,0.0,0.0,,2020-12-30 14:00:00,25966.279,7.212855277777777,1.7833333333333332,5.383333333333334
P001,1.0,0.0,0.0,0.0,0.0,0.0,0.0,8.683333333333334,130.74500099999997,6.0,79.03299400000002,17.0,2262.7539650000003,50.0,55.151283621788025,95.0,6.741,95.0,0.0,95.0,0.0,95.0,0.0,95.0,0.0,95.0,55.151283621788025,95.0,0.0,95.0,0.0,95.0,0.0,95.0,0.0,95.0,6.741,95.0,0.4668781118336536,17.0,6.0,6.0,83.0,2172.0,12.0,200.0,819.1149950000001,7.0,0.0,0.0,0.0,0.0,90.0,102.3721923828125,100.10120391845705,0.0,0.0,0.0,0.0,0.0,0.0,0.0,0.0,0.0,0.0,0.0,0.0,0.0,0.0,0.0,0.0,0.0,2020-12-30 15:00:00,25966.279,7.212855277777777,1.7833333333333332,5.383333333333334
P001,1.0,0.0,0.0,0.0,0.0,0.0,0.0,21.766666666666666,359.263005,2.0,1138.4849880000002,91.0,2393.714951,177.0,146.38395071029663,278.0,125.993,278.0,120.1997137069702,278.0,0.0,278.0,0.0,278.0,0.0,278.0,0.0,278.0,121.733,278.0,0.0,278.0,0.0,278.0,0.0,278.0,0.0,278.0,0.2966162931649295,27.0,9.0,10.0,259.0,2337.0,22.0,1210.0,0.106999,4.0,0.0,0.0,0.0,0.0,92.0,95.09513854980467,102.6761474609375,0.0,0.0,0.0,0.0,0.0,0.0,0.0,0.0,0.0,0.0,0.0,0.0,0.0,0.0,0.0,0.0,0.0,2020-12-30 16:00:00,25966.279,7.212855277777777,1.7833333333333332,5.383333333333334
P001,1.0,0.0,0.0,0.0,0.0,0.0,0.0,56.55,0.430993,17.0,9.541939,117.0,11.126914,176.0,41.363887429237366,203.0,7.019,203.0,0.0,203.0,0.0,203.0,0.0,203.0,0.0,203.0,0.0,203.0,0.0,203.0,0.0,203.0,0.0,203.0,0.0,203.0,0.0,203.0,0.0310873835982239,1.0,1.0,0.0,202.0,0.0,0.0,1921.0,0.018999,1.0,0.098999,1.0,0.0,0.0,60.0,92.13497924804688,66.62683868408203,0.0,1.0,0.0,0.0,4.0,0.0,1.0,0.0,0.0,0.0,0.0,0.0,0.0,0.0,0.0,,0.0,2020-12-30 17:00:00,25966.279,7.212855277777777,1.7833333333333332,5.383333333333334
P001,1.0,0.0,0.0,0.0,0.0,0.0,0.0,29.316666666666663,0.0,0.0,0.0,0.0,0.0,0.0,0.0,0.0,0.0,0.0,0.0,0.0,0.0,0.0,0.0,0.0,0.0,0.0,0.0,0.0,0.0,0.0,0.0,0.0,0.0,0.0,0.0,0.0,0.0,0.0,0.0,0.0,0.0,0.0,0.0,0.0,0.0,0.0,0.0,0.0,0.0,0.0,0.0,0.0,0.0,75.85409545898438,0.0,0.0,0.0,0.0,0.0,0.0,0.0,0.0,0.0,0.0,0.0,0.0,0.0,0.0,0.0,0.0,0.0,,2020-12-30 18:00:00,25966.279,7.212855277777777,1.7833333333333332,5.383333333333334
P001,0.0,0.0,0.0,0.0,0.0,0.0,0.0,0.0,0.0,0.0,0.0,0.0,0.0,0.0,0.0,0.0,0.0,0.0,0.0,0.0,0.0,0.0,0.0,0.0,0.0,0.0,0.0,0.0,0.0,0.0,0.0,0.0,0.0,0.0,0.0,0.0,0.0,0.0,0.0,0.0,0.0,0.0,0.0,0.0,0.0,0.0,0.0,0.0,0.0,0.0,0.0,0.0,8.0,77.33418273925781,8.851391792297363,0.0,0.0,0.0,0.0,0.0,0.0,0.0,0.0,0.0,0.0,0.0,0.0,0.0,0.0,0.0,,0.0,2020-12-30 19:00:00,25966.279,7.212855277777777,1.7833333333333332,5.383333333333334
P001,4.0,9.833333333333334,0.0,4.116666666666666,2.3833333333333333,0.0,0.0,42.15,0.0,0.0,0.2949929999999999,13.0,3195.510058,34.0,50.15635132789612,97.0,16.174,97.0,5.0,97.0,0.0,97.0,0.0,97.0,0.0,97.0,0.0,97.0,9.091,97.0,0.0,97.0,0.0,97.0,0.0,97.0,0.0,97.0,0.8170400549660424,35.0,14.0,15.0,68.0,2829.0,463.0,270.0,0.147999,3.0,0.008999,1.0,0.0,0.0,2337.0,249.1468048095703,2612.4482421875,0.0,1.0,0.0,0.0,1.0,0.0,0.0,0.0,0.0,0.0,0.0,0.0,0.0,0.0,0.0,0.0,,2020-12-31 09:00:00,18726.051,5.2016808333333335,4.183333333333334,6.783333333333333
P001,1.0,0.0,0.0,0.0,0.0,0.0,0.0,54.16666666666666,0.0,0.0,454.203973,46.0,2596.6190060000004,68.0,0.0,81.0,0.0,81.0,0.0,81.0,0.0,81.0,0.0,81.0,0.0,81.0,0.0,81.0,0.0,81.0,0.0,81.0,0.0,81.0,0.0,81.0,0.0,81.0,0.5512583915769971,18.0,7.0,6.0,68.0,2533.0,4.0,532.0,1680.416051,12.0,0.0,0.0,0.0,0.0,384.0,130.24703979492188,428.7292175292969,0.0,0.0,0.0,0.0,0.0,0.0,0.0,0.0,0.0,0.0,0.0,0.0,0.0,0.0,0.0,0.0,0.0,2020-12-31 10:00:00,18726.051,5.2016808333333335,4.183333333333334,6.783333333333333
P001,5.0,13.266666666666667,0.0,35.68333333333333,0.0,0.0,0.0,3.2,0.0,0.0,115.794982,32.0,3395.480947,64.0,0.0,95.0,0.0,95.0,0.0,95.0,0.0,95.0,0.0,95.0,0.0,95.0,0.0,95.0,0.0,95.0,0.0,95.0,0.0,95.0,0.0,95.0,0.0,95.0,0.8575538399438183,44.0,15.0,16.0,64.0,2560.0,120.0,616.0,0.0,0.0,297.953007,2.0,0.0,0.0,3636.0,335.3614501953125,4065.8466796875,0.0,2.0,3.0,0.0,7.0,4.0,0.0,0.0,0.0,0.0,0.0,0.0,0.0,0.0,0.0,0.0,0.0,2020-12-31 11:00:00,18726.051,5.2016808333333335,4.183333333333334,6.783333333333333
P001,4.0,40.48333333333333,0.0,6.4,8.816666666666666,0.0,0.0,0.0,0.0,0.0,0.3179939999999999,10.0,2833.7350219999994,41.0,96.51820302009584,176.0,29.004,176.0,0.0,176.0,0.0,176.0,0.0,176.0,0.0,176.0,0.0,176.0,0.0,176.0,0.0,176.0,0.0,176.0,0.0,176.0,0.0,176.0,0.7042242691719036,53.0,21.0,20.0,135.0,2941.0,174.0,355.0,0.0589989999999999,2.0,0.0,0.0,0.0,0.0,4395.0,382.8473510742188,4914.775390625,1.0,1.0,2.0,2.0,6.0,11.0,0.0,0.0,0.0,0.0,0.0,0.0,0.0,0.0,0.0,0.0,0.0,2020-12-31 12:00:00,18726.051,5.2016808333333335,4.183333333333334,6.783333333333333
P001,4.0,10.116666666666667,0.0,4.633333333333334,3.083333333333333,0.0,0.0,37.31666666666667,0.0,0.0,399.8399490000001,104.0,2635.713908,173.0,614.3998378515244,681.0,112.716,681.0,581.4501639604568,681.0,0.0,681.0,0.0,681.0,0.0,681.0,0.0,681.0,106.792,681.0,0.0,681.0,0.0,681.0,0.0,681.0,0.0,681.0,0.3411860452757056,75.0,28.0,28.0,625.0,2549.0,54.0,871.0,408.673001,16.0,0.0,0.0,0.0,0.0,2773.0,280.47515869140625,3100.884033203125,0.0,2.0,0.0,0.0,1.0,0.0,1.0,4.0,0.0,0.0,0.0,0.0,0.0,0.0,0.0,0.0,0.0,2020-12-31 13:00:00,18726.051,5.2016808333333335,4.183333333333334,6.783333333333333
P001,1.0,0.0,0.0,0.0,0.0,0.0,0.0,52.21666666666667,0.0,0.0,2140.846911,162.0,2934.785887,201.0,369.9469164609909,498.0,81.962,498.0,369.9469164609909,498.0,0.0,498.0,0.0,498.0,0.0,498.0,0.0,498.0,81.962,498.0,0.0,498.0,0.0,498.0,0.0,498.0,0.0,498.0,0.4013107248107396,77.0,25.0,26.0,447.0,2807.0,38.0,691.0,90.141997,10.0,0.0,0.0,0.0,0.0,127.0,116.6796417236328,141.62228393554688,0.0,0.0,0.0,0.0,0.0,0.0,0.0,0.0,0.0,0.0,0.0,0.0,0.0,0.0,0.0,,0.0,2020-12-31 14:00:00,18726.051,5.2016808333333335,4.183333333333334,6.783333333333333
P001,1.0,0.0,0.0,0.0,0.0,0.0,0.0,49.38333333333333,0.026,2.0,1619.995918,252.0,2007.483901,305.0,909.6707940101624,1042.0,163.458,1042.0,909.6707940101624,1042.0,0.0,1042.0,0.0,1042.0,0.0,1042.0,0.0,1042.0,163.458,1042.0,0.0,1042.0,0.0,1042.0,0.0,1042.0,0.0,1042.0,0.3179089148251371,103.0,39.0,39.0,964.0,1720.0,102.0,1189.0,0.167997,4.0,0.0,0.0,0.0,0.0,626.0,201.29087829589844,699.2599487304688,0.0,0.0,0.0,0.0,0.0,0.0,0.0,0.0,0.0,0.0,0.0,0.0,0.0,0.0,0.0,0.0,,2020-12-31 16:00:00,18726.051,5.2016808333333335,4.183333333333334,6.783333333333333
P001,1.0,0.0,0.0,0.0,0.0,0.0,0.0,56.083333333333336,0.0,0.0,193.670948,106.0,399.942913,192.0,135.53168511390686,318.0,36.498,318.0,135.53168511390686,318.0,0.0,318.0,0.0,318.0,0.0,318.0,0.0,318.0,36.498,318.0,0.0,318.0,0.0,318.0,0.0,318.0,0.0,318.0,0.3096820182566393,33.0,11.0,12.0,295.0,195.0,311.0,2171.0,0.5959860000000001,28.0,0.026999,2.0,0.0,0.0,79.0,111.74604034423828,88.19204711914062,0.0,1.0,0.0,0.0,4.0,0.0,2.0,9.0,0.0,0.0,0.0,0.0,0.0,0.0,0.0,0.0,0.0,2020-12-31 17:00:00,18726.051,5.2016808333333335,4.183333333333334,6.783333333333333
P001,1.0,0.0,0.0,0.0,0.0,0.0,0.0,25.4,0.146998,5.0,2.056963,71.0,3.319946,125.0,76.29346597194672,185.0,17.215,185.0,60.57056486606598,185.0,15.722901105880736,185.0,0.0,185.0,0.0,185.0,0.0,185.0,13.811,185.0,3.404,185.0,0.0,185.0,0.0,185.0,0.0,185.0,0.0336089094023606,1.0,1.0,0.0,184.0,0.0,0.0,1367.0,0.80499,28.0,0.0,0.0,0.0,0.0,0.0,160.95870971679688,0.0,0.0,1.0,0.0,0.0,12.0,0.0,0.0,0.0,0.0,0.0,0.0,0.0,0.0,0.0,0.0,,0.0,2020-12-31 18:00:00,18726.051,5.2016808333333335,4.183333333333334,6.783333333333333
P001,0.0,0.0,0.0,0.0,0.0,0.0,0.0,0.0,0.0,0.0,0.0,0.0,0.0,0.0,0.0,0.0,0.0,0.0,0.0,0.0,0.0,0.0,0.0,0.0,0.0,0.0,0.0,0.0,0.0,0.0,0.0,0.0,0.0,0.0,0.0,0.0,0.0,0.0,0.0,0.0,0.0,0.0,0.0,0.0,0.0,0.0,0.0,0.0,0.0,0.0,0.0,0.0,0.0,75.9774398803711,0.0,0.0,0.0,0.0,0.0,0.0,0.0,0.0,0.0,0.0,0.0,0.0,0.0,0.0,0.0,0.0,0.0,,2020-12-31 19:00:00,18726.051,5.2016808333333335,4.183333333333334,6.783333333333333
P001,0.0,0.0,0.0,0.0,0.0,0.0,0.0,0.0,0.0,0.0,0.0,0.0,0.0,0.0,0.0,0.0,0.0,0.0,0.0,0.0,0.0,0.0,0.0,0.0,0.0,0.0,0.0,0.0,0.0,0.0,0.0,0.0,0.0,0.0,0.0,0.0,0.0,0.0,0.0,0.0,0.0,0.0,0.0,0.0,0.0,0.0,0.0,0.0,0.0,0.0,0.0,0.0,9.0,80.04766082763672,9.977932929992676,0.0,0.0,0.0,0.0,0.0,0.0,0.0,0.0,0.0,0.0,0.0,0.0,0.0,0.0,0.0,,0.0,2020-12-31 20:00:00,18726.051,5.2016808333333335,4.183333333333334,6.783333333333333
P001,4.0,11.583333333333334,0.0,9.683333333333334,0.0,0.0,0.0,28.35,0.085998,3.0,0.963989,26.0,2128.406936,69.0,542.3574271202087,536.0,169.447,536.0,416.7938022613525,536.0,0.0,536.0,0.0,536.0,0.0,536.0,0.0,536.0,80.812,536.0,0.0,536.0,0.0,536.0,0.0,536.0,0.0,536.0,0.3965515981293409,65.0,27.0,27.0,482.0,2005.0,388.0,998.0,0.329994,7.0,0.0,0.0,0.0,0.0,3059.0,312.6669006347656,3710.986328125,0.0,2.0,2.0,0.0,3.0,1.0,0.0,0.0,0.0,0.0,0.0,0.0,0.0,0.0,0.0,0.0,,2021-01-01 09:00:00,22174.612,6.159614444444444,2.533333333333333,5.6
P001,4.0,10.633333333333333,0.0,4.45,1.5333333333333334,0.0,0.0,26.45,0.0,0.0,17.467951,96.0,2395.835906,147.0,1333.6999782323835,1140.0,232.813,1140.0,1333.6999782323835,1140.0,0.0,1140.0,0.0,1140.0,0.0,1140.0,0.0,1140.0,232.813,1140.0,0.0,1140.0,0.0,1140.0,0.0,1140.0,0.0,1140.0,0.1206405422775671,32.0,13.0,12.0,1115.0,2272.0,98.0,876.0,0.019,2.0,0.132,4.0,0.0,0.0,2198.0,246.3099822998047,2886.3583984375,0.0,1.0,1.0,0.0,9.0,4.0,1.0,12.0,0.0,0.0,0.0,0.0,0.0,0.0,0.0,0.0,0.0,2021-01-01 10:00:00,22174.612,6.159614444444444,2.533333333333333,5.6
P001,2.0,2.55,0.0,0.0,0.0,0.0,0.0,42.68333333333333,0.0,0.0,0.0,0.0,0.0,0.0,0.0,20.0,0.0,20.0,0.0,20.0,0.0,20.0,0.0,20.0,0.0,20.0,0.0,20.0,0.0,20.0,0.0,20.0,0.0,20.0,0.0,20.0,0.0,20.0,0.6931471805599453,19.0,10.0,10.0,0.0,2294.0,157.0,0.0,0.0,0.0,0.0,0.0,0.0,0.0,758.0,170.70254516601562,846.8367919921875,0.0,1.0,1.0,0.0,4.0,2.0,0.0,0.0,0.0,0.0,0.0,0.0,0.0,0.0,0.0,0.0,0.0,2021-01-01 11:00:00,22174.612,6.159614444444444,2.533333333333333,5.6
P001,1.0,0.0,0.0,0.0,0.0,0.0,0.0,42.75,1224.876956,7.0,18.027,2.0,2210.583954,13.0,0.0,31.0,0.0,31.0,0.0,31.0,0.0,31.0,0.0,31.0,0.0,31.0,0.0,31.0,0.0,31.0,0.0,31.0,0.0,31.0,0.0,31.0,0.0,31.0,1.0825554612899229,20.0,9.0,9.0,13.0,2142.0,97.0,79.0,0.0,0.0,0.0,0.0,0.0,0.0,452.0,146.40457153320312,505.01214599609375,0.0,1.0,1.0,0.0,1.0,3.0,0.0,0.0,0.0,0.0,0.0,0.0,0.0,0.0,0.0,0.0,0.0,2021-01-01 12:00:00,22174.612,6.159614444444444,2.533333333333333,5.6
P001,1.0,0.0,0.0,0.0,0.0,0.0,0.0,51.18333333333333,0.0,0.0,36.418977,39.0,395.349969,62.0,114.6348659992218,140.0,19.614,140.0,74.06819808483124,140.0,36.09453189373016,140.0,0.0,140.0,0.0,140.0,0.0,140.0,13.275,140.0,4.933,140.0,0.0,140.0,0.0,140.0,0.0,140.0,0.1495448998782839,5.0,2.0,2.0,136.0,30.0,6.0,1338.0,3.4389989999999995,5.0,0.0,0.0,0.0,0.0,53.0,94.3551025390625,58.90199279785156,0.0,1.0,0.0,0.0,0.0,0.0,1.0,8.0,0.0,0.0,0.0,0.0,0.0,0.0,0.0,0.0,0.0,2021-01-01 13:00:00,22174.612,6.159614444444444,2.533333333333333,5.6
P001,0.0,0.0,0.0,0.0,0.0,0.0,0.0,0.0,0.0,0.0,0.0,0.0,0.0,0.0,0.0,0.0,0.0,0.0,0.0,0.0,0.0,0.0,0.0,0.0,0.0,0.0,0.0,0.0,0.0,0.0,0.0,0.0,0.0,0.0,0.0,0.0,0.0,0.0,0.0,0.0,0.0,0.0,0.0,0.0,0.0,0.0,0.0,0.0,0.0,0.0,0.0,0.0,0.0,76.8408203125,0.0,0.0,0.0,0.0,0.0,0.0,0.0,0.0,0.0,0.0,0.0,0.0,0.0,0.0,0.0,0.0,0.0,0.0,2021-01-01 14:00:00,22174.612,6.159614444444444,2.533333333333333,5.6
P001,2.0,2.3666666666666667,0.0,0.0,0.0,0.0,0.0,19.05,0.143998,2.0,2933.973972,70.0,2935.054952000001,114.0,185.5086250305176,264.0,50.208,264.0,185.5086250305176,264.0,0.0,264.0,0.0,264.0,0.0,264.0,0.0,264.0,43.603,264.0,0.0,264.0,0.0,264.0,0.0,264.0,0.0,264.0,0.2019139250190379,15.0,5.0,6.0,253.0,700.0,31.0,666.0,0.691988,26.0,0.0,0.0,0.0,0.0,523.0,123.58668518066406,584.6746826171875,0.0,1.0,1.0,0.0,2.0,4.0,0.0,0.0,0.0,0.0,0.0,0.0,0.0,0.0,0.0,0.0,0.0,2021-01-01 15:00:00,22174.612,6.159614444444444,2.533333333333333,5.6
P001,1.0,0.0,0.0,0.0,0.0,0.0,0.0,55.93333333333333,0.056998,4.0,2.3909740000000004,59.0,443.294907,211.0,283.5972890853882,475.0,61.372,475.0,283.5972890853882,475.0,0.0,475.0,0.0,475.0,0.0,475.0,0.0,475.0,61.372,475.0,0.0,475.0,0.0,475.0,0.0,475.0,0.0,475.0,0.0971545551497271,10.0,4.0,4.0,467.0,420.0,14.0,3161.0,2.1719660000000003,81.0,0.316995,8.0,0.0,0.0,341.0,132.09713745117188,380.7708129882813,0.0,2.0,2.0,0.0,3.0,18.0,1.0,9.0,0.0,0.0,0.0,0.0,0.0,0.0,0.0,,0.0,2021-01-01 16:00:00,22174.612,6.159614444444444,2.533333333333333,5.6
P001,1.0,0.0,0.0,0.0,0.0,0.0,0.0,53.9,0.0,0.0,8.540982,47.0,10.320956999999998,107.0,37.713605880737305,140.0,11.342,140.0,16.064495086669922,140.0,0.0,140.0,0.0,140.0,0.0,140.0,0.0,140.0,6.453,140.0,0.0,140.0,0.0,140.0,0.0,140.0,0.0,140.0,0.0,0.0,0.0,0.0,140.0,0.0,0.0,2920.0,0.565993,16.0,0.0,0.0,0.0,0.0,45.0,93.61505889892578,49.88966369628906,0.0,1.0,0.0,0.0,14.0,0.0,1.0,4.0,0.0,0.0,0.0,0.0,0.0,0.0,0.0,0.0,,2021-01-01 17:00:00,22174.612,6.159614444444444,2.533333333333333,5.6
P001,1.0,0.0,0.0,0.0,0.0,0.0,0.0,49.766666666666666,0.180996,6.0,14.697927,154.0,16.564894,228.0,238.14576613903048,395.0,92.455,395.0,238.14576613903048,395.0,0.0,395.0,0.0,395.0,0.0,395.0,0.0,395.0,92.455,395.0,0.0,395.0,0.0,395.0,0.0,395.0,0.0,395.0,0.0,0.0,0.0,0.0,395.0,0.0,0.0,3152.0,0.59399,28.0,0.0,0.0,0.0,0.0,151.0,125.19009399414062,167.69363403320312,0.0,1.0,0.0,0.0,4.0,0.0,0.0,0.0,0.0,0.0,0.0,0.0,0.0,0.0,0.0,0.0,0.0,2021-01-01 18:00:00,22174.612,6.159614444444444,2.533333333333333,5.6
P001,1.0,0.0,0.0,0.0,0.0,0.0,0.0,8.5,0.207995,10.0,1.693991,15.0,5.422971,59.0,16.29126787185669,74.0,4.994,74.0,0.0,74.0,0.0,74.0,0.0,74.0,0.0,74.0,0.0,74.0,0.0,74.0,0.0,74.0,0.0,74.0,0.0,74.0,0.0,74.0,0.1954628549466929,4.0,2.0,1.0,71.0,1.0,1.0,839.0,0.3819910000000001,19.0,0.0,0.0,0.0,0.0,27.0,88.06475830078125,29.933799743652344,0.0,0.0,0.0,0.0,0.0,0.0,0.0,0.0,0.0,0.0,0.0,0.0,0.0,0.0,0.0,0.0,0.0,2021-01-01 19:00:00,22174.612,6.159614444444444,2.533333333333333,5.6
P001,0.0,0.0,0.0,0.0,0.0,0.0,0.0,0.0,0.0,0.0,0.0,0.0,0.0,0.0,0.0,0.0,0.0,0.0,0.0,0.0,0.0,0.0,0.0,0.0,0.0,0.0,0.0,0.0,0.0,0.0,0.0,0.0,0.0,0.0,0.0,0.0,0.0,0.0,0.0,0.0,0.0,0.0,0.0,0.0,0.0,0.0,0.0,0.0,0.0,0.0,0.0,0.0,0.0,75.3607406616211,0.0,0.0,0.0,0.0,0.0,0.0,0.0,0.0,0.0,0.0,0.0,0.0,0.0,0.0,0.0,0.0,,0.0,2021-01-01 20:00:00,22174.612,6.159614444444444,2.533333333333333,5.6
P001,2.0,1.5,0.0,46.28333333333333,0.0,0.0,0.0,0.0,65.749999,2.0,264.34192799999994,136.0,2805.255918,195.0,516.9675717353821,640.0,88.206,640.0,480.1091078519821,640.0,0.0,640.0,0.0,640.0,0.0,640.0,0.0,640.0,81.236,640.0,0.0,640.0,0.0,640.0,0.0,640.0,0.0,640.0,0.3898554575977734,89.0,31.0,32.0,577.0,1938.0,128.0,758.0,291.63399300000003,13.0,0.0,0.0,0.0,0.0,955.0,223.73876953125,1066.6732177734375,0.0,2.0,1.0,0.0,4.0,5.0,1.0,8.0,0.0,0.0,0.0,0.0,0.0,0.0,0.0,0.0,,2021-01-02 11:00:00,25478.799,7.077444166666666,3.3833333333333333,6.916666666666667
P001,4.0,14.466666666666669,0.0,41.2,0.0,0.0,0.0,0.0,0.026,1.0,511.326941,122.0,1936.770884,193.0,404.2605286836624,583.0,80.904,583.0,380.2791191339493,583.0,0.0,583.0,0.0,583.0,0.0,583.0,0.0,583.0,71.086,583.0,0.0,583.0,0.0,583.0,0.0,583.0,0.0,583.0,0.4173327536783195,86.0,32.0,31.0,520.0,1836.0,72.0,1111.0,609.8589770000001,13.0,0.071999,1.0,0.0,0.0,1766.0,233.23594665527344,1973.8603515625,0.0,2.0,2.0,0.0,6.0,11.0,2.0,6.0,0.0,0.0,0.0,0.0,0.0,0.0,0.0,0.0,0.0,2021-01-02 12:00:00,25478.799,7.077444166666666,3.3833333333333333,6.916666666666667
P001,3.0,5.616666666666666,0.0,52.73333333333333,0.0,0.0,0.0,0.0,0.0,0.0,1731.895951,89.0,2965.43296,107.0,1163.5195418596268,1045.0,243.019,1045.0,1163.5195418596268,1045.0,0.0,1045.0,0.0,1045.0,0.0,1045.0,0.0,1045.0,234.339,1045.0,0.0,1045.0,0.0,1045.0,0.0,1045.0,0.0,1045.0,0.1541228138710511,46.0,15.0,16.0,1014.0,2657.0,39.0,640.0,0.296998,7.0,0.0,0.0,0.0,0.0,85.0,119.26978302001952,94.14662170410156,0.0,1.0,0.0,0.0,2.0,0.0,1.0,9.0,0.0,0.0,0.0,0.0,0.0,0.0,0.0,0.0,0.0,2021-01-02 13:00:00,25478.799,7.077444166666666,3.3833333333333333,6.916666666666667
P001,1.0,0.0,0.0,36.93333333333333,0.0,0.0,0.0,0.0,239.089997,6.0,780.606988,63.0,1221.875984,84.0,186.47022473812103,249.0,80.541,249.0,186.47022473812103,249.0,0.0,249.0,0.0,249.0,0.0,249.0,0.0,249.0,80.541,249.0,0.0,249.0,0.0,249.0,0.0,249.0,0.0,249.0,0.4070593690365693,33.0,13.0,13.0,223.0,1655.0,70.0,542.0,0.0,0.0,0.0,0.0,0.0,0.0,74.0,120.503173828125,81.91560363769531,0.0,1.0,0.0,0.0,4.0,0.0,0.0,0.0,0.0,0.0,0.0,0.0,0.0,0.0,0.0,0.0,0.0,2021-01-02 14:00:00,25478.799,7.077444166666666,3.3833333333333333,6.916666666666667
P001,0.0,0.0,0.0,0.0,0.0,0.0,0.0,0.0,0.0,0.0,0.0,0.0,0.0,0.0,0.0,0.0,0.0,0.0,0.0,0.0,0.0,0.0,0.0,0.0,0.0,0.0,0.0,0.0,0.0,0.0,0.0,0.0,0.0,0.0,0.0,0.0,0.0,0.0,0.0,0.0,0.0,0.0,0.0,0.0,0.0,0.0,0.0,0.0,0.0,0.0,0.0,0.0,318.0,139.37420654296875,355.3431396484375,0.0,0.0,0.0,0.0,0.0,0.0,0.0,0.0,0.0,0.0,0.0,0.0,0.0,0.0,0.0,0.0,0.0,2021-01-02 15:00:00,25478.799,7.077444166666666,3.3833333333333333,6.916666666666667
P001,1.0,0.0,0.0,0.0,0.0,0.0,0.0,0.0,3142.331,4.0,0.0,0.0,3142.331,4.0,0.0,5.0,0.0,5.0,0.0,5.0,0.0,5.0,0.0,5.0,0.0,5.0,0.0,5.0,0.0,5.0,0.0,5.0,0.0,5.0,0.0,5.0,0.0,5.0,0.5004024235381879,1.0,1.0,0.0,4.0,0.0,0.0,60.0,0.0,0.0,0.0,0.0,0.0,0.0,2342.0,275.6649169921875,2830.1923828125,0.0,0.0,0.0,0.0,0.0,0.0,0.0,0.0,0.0,0.0,0.0,0.0,0.0,0.0,0.0,0.0,0.0,2021-01-02 16:00:00,25478.799,7.077444166666666,3.3833333333333333,6.916666666666667
P001,1.0,0.0,0.0,0.0,0.0,0.0,0.0,12.883333333333333,0.0,0.0,3.1819890000000006,21.0,829.3649859999998,30.0,35.83115327358246,66.0,10.558,66.0,0.0,66.0,0.0,66.0,0.0,66.0,0.0,66.0,0.0,66.0,0.0,66.0,0.0,66.0,0.0,66.0,0.0,66.0,0.0,66.0,0.4533509617135248,8.0,4.0,4.0,58.0,67.0,24.0,1156.0,0.0,0.0,0.0,0.0,0.0,0.0,51.0,92.13497924804688,56.48797607421875,0.0,1.0,0.0,0.0,6.0,0.0,1.0,5.0,0.0,0.0,0.0,0.0,0.0,0.0,0.0,0.0,0.0,2021-01-02 17:00:00,25478.799,7.077444166666666,3.3833333333333333,6.916666666666667
P001,0.0,0.0,0.0,0.0,0.0,0.0,0.0,0.0,0.0,0.0,0.0,0.0,0.0,0.0,0.0,0.0,0.0,0.0,0.0,0.0,0.0,0.0,0.0,0.0,0.0,0.0,0.0,0.0,0.0,0.0,0.0,0.0,0.0,0.0,0.0,0.0,0.0,0.0,0.0,0.0,0.0,0.0,0.0,0.0,0.0,0.0,0.0,0.0,0.0,0.0,0.0,0.0,0.0,75.9774398803711,0.0,0.0,0.0,0.0,0.0,0.0,0.0,0.0,0.0,0.0,0.0,0.0,0.0,0.0,0.0,0.0,0.0,0.0,2021-01-02 18:00:00,25478.799,7.077444166666666,3.3833333333333333,6.916666666666667
P001,1.0,0.0,0.0,0.0,0.0,0.0,0.0,33.233333333333334,0.0,0.0,0.0,0.0,0.0,0.0,0.0,0.0,0.0,0.0,0.0,0.0,0.0,0.0,0.0,0.0,0.0,0.0,0.0,0.0,0.0,0.0,0.0,0.0,0.0,0.0,0.0,0.0,0.0,0.0,0.0,0.0,0.0,0.0,0.0,0.0,0.0,0.0,0.0,0.0,0.0,0.0,0.0,0.0,13.0,78.07421875,14.484095573425291,0.0,0.0,0.0,0.0,0.0,0.0,0.0,0.0,0.0,0.0,0.0,0.0,0.0,0.0,0.0,,0.0,2021-01-02 19:00:00,25478.799,7.077444166666666,3.3833333333333333,6.916666666666667
P001,1.0,0.0,0.0,0.0,0.0,0.0,0.0,53.93333333333333,0.0,0.0,105.778979,55.0,309.757966,89.0,232.1561930179596,256.0,71.261,256.0,172.18728244304657,256.0,0.0,256.0,0.0,256.0,0.0,256.0,0.0,256.0,62.519,256.0,0.0,256.0,0.0,256.0,0.0,256.0,0.0,256.0,0.2068727258819181,13.0,6.0,5.0,245.0,338.0,679.0,2180.0,203.453002,1.0,0.0,0.0,0.0,0.0,347.0,119.39311981201172,387.8518981933594,0.0,2.0,2.0,0.0,5.0,3.0,0.0,0.0,0.0,0.0,0.0,1.0,1.0,1.0,7.0,0.0,,2021-01-03 09:00:00,12743.727,3.5399241666666668,4.283333333333333,6.05
P001,1.0,0.0,0.0,0.0,0.0,0.0,0.0,55.95,0.085998,4.0,452.089984,37.0,1799.1849659999998,74.0,98.56282150745392,161.0,14.638,161.0,26.68304097652436,161.0,0.0,161.0,0.0,161.0,0.0,161.0,0.0,161.0,6.497,161.0,0.0,161.0,0.0,161.0,0.0,161.0,0.0,161.0,0.5090022758544486,28.0,11.0,12.0,138.0,1458.0,267.0,1506.0,0.003,1.0,0.05,1.0,0.0,0.0,233.0,121.98326110839844,260.0699768066406,0.0,0.0,0.0,0.0,0.0,0.0,0.0,0.0,0.0,0.0,0.0,0.0,0.0,0.0,0.0,0.0,0.0,2021-01-03 10:00:00,12743.727,3.5399241666666668,4.283333333333333,6.05
P001,1.0,0.0,0.0,0.0,0.0,0.0,0.0,0.0,0.0,0.0,789.2130050000002,7.0,789.2130050000002,7.0,7.767828941345215,24.0,11.108,24.0,7.767828941345215,24.0,0.0,24.0,0.0,24.0,0.0,24.0,0.0,24.0,3.129,24.0,0.0,24.0,0.0,24.0,0.0,24.0,0.0,24.0,0.4563344322932884,4.0,2.0,1.0,21.0,777.0,4.0,79.0,0.0,0.0,0.0,0.0,0.0,0.0,0.0,77.21084594726562,0.0,0.0,0.0,0.0,0.0,0.0,0.0,0.0,0.0,0.0,0.0,0.0,0.0,0.0,0.0,0.0,0.0,0.0,2021-01-03 11:00:00,12743.727,3.5399241666666668,4.283333333333333,6.05
P001,1.0,0.0,0.0,0.0,0.0,0.0,0.0,21.58333333333333,0.0,0.0,2895.905051,29.0,2897.257045000001,57.0,94.18098986148834,125.0,22.621,125.0,38.04980158805847,125.0,0.0,125.0,0.0,125.0,0.0,125.0,0.0,125.0,7.726,125.0,0.0,125.0,0.0,125.0,0.0,125.0,0.0,125.0,0.3082431039023942,12.0,4.0,5.0,116.0,2651.0,25.0,592.0,0.098999,6.0,0.0,0.0,0.0,0.0,60.0,88.43478393554688,66.78778076171875,0.0,0.0,0.0,0.0,0.0,0.0,0.0,0.0,0.0,0.0,0.0,0.0,0.0,0.0,0.0,0.0,0.0,2021-01-03 12:00:00,12743.727,3.5399241666666668,4.283333333333333,6.05
P001,1.0,0.0,0.0,0.0,0.0,0.0,0.0,58.56666666666667,0.0,0.0,0.890985,39.0,1.829962,97.0,73.15464890003204,144.0,15.402,144.0,0.0,144.0,0.0,144.0,0.0,144.0,0.0,144.0,0.0,144.0,0.0,144.0,0.0,144.0,0.0,144.0,0.0,144.0,0.0,144.0,0.0,0.0,0.0,0.0,144.0,0.0,0.0,3040.0,0.0,0.0,0.0,0.0,0.0,0.0,27.0,85.10459899902344,30.09473419189453,0.0,0.0,0.0,0.0,0.0,0.0,1.0,2.0,0.0,0.0,0.0,0.0,0.0,0.0,0.0,0.0,0.0,2021-01-03 13:00:00,12743.727,3.5399241666666668,4.283333333333333,6.05
P001,1.0,0.0,0.0,0.0,0.0,0.0,0.0,18.53333333333333,0.0,0.0,2.5099879999999994,34.0,356.150944,132.0,51.59727466106415,174.0,13.05,174.0,51.59727466106415,174.0,0.0,174.0,0.0,174.0,0.0,174.0,0.0,174.0,13.05,174.0,0.0,174.0,0.0,174.0,0.0,174.0,0.0,174.0,0.1253867761065733,6.0,2.0,2.0,170.0,343.0,5.0,2944.0,1.0009670000000002,61.0,0.017999,1.0,0.0,0.0,99.0,91.27159881591795,110.4010009765625,0.0,3.0,1.0,0.0,9.0,5.0,1.0,1.0,0.0,0.0,0.0,0.0,0.0,0.0,0.0,0.0,0.0,2021-01-03 14:00:00,12743.727,3.5399241666666668,4.283333333333333,6.05
P001,1.0,0.0,0.0,0.0,0.0,0.0,0.0,54.15,0.0,0.0,752.109989,38.0,752.839971,82.0,56.83719778060913,121.0,11.119,121.0,46.438852071762085,121.0,10.398345708847046,121.0,0.0,121.0,0.0,121.0,0.0,121.0,8.756,121.0,2.363,121.0,0.0,121.0,0.0,121.0,0.0,121.0,0.0956608292308567,3.0,1.0,1.0,119.0,747.0,3.0,2429.0,0.478987,30.0,0.0,0.0,0.0,0.0,28.0,88.06475830078125,30.89940643310547,0.0,1.0,0.0,0.0,2.0,0.0,1.0,0.0,0.0,0.0,0.0,0.0,0.0,0.0,0.0,0.0,0.0,2021-01-03 15:00:00,12743.727,3.5399241666666668,4.283333333333333,6.05
P001,1.0,0.0,0.0,0.0,0.0,0.0,0.0,43.28333333333333,0.0,0.0,2.3709670000000003,61.0,1148.134953,91.0,0.0,105.0,0.0,105.0,0.0,105.0,0.0,105.0,0.0,105.0,0.0,105.0,0.0,105.0,0.0,105.0,0.0,105.0,0.0,105.0,0.0,105.0,0.0,105.0,0.4850940913022115,15.0,7.0,7.0,91.0,1121.0,22.0,2327.0,0.175995,13.0,0.0,0.0,0.0,0.0,189.0,102.61888122558594,210.98501586914065,0.0,1.0,1.0,0.0,3.0,0.0,0.0,0.0,0.0,0.0,0.0,0.0,0.0,0.0,0.0,0.0,0.0,2021-01-03 16:00:00,12743.727,3.5399241666666668,4.283333333333333,6.05
P001,0.0,0.0,0.0,0.0,0.0,0.0,0.0,0.0,0.0,0.0,0.0,0.0,0.0,0.0,0.0,1.0,0.0,1.0,0.0,1.0,0.0,1.0,0.0,1.0,0.0,1.0,0.0,1.0,0.0,1.0,0.0,1.0,0.0,1.0,0.0,1.0,0.0,1.0,0.0,0.0,1.0,0.0,0.0,1.0,0.0,0.0,0.0,0.0,0.0,0.0,0.0,0.0,0.0,76.10078430175781,0.0,0.0,0.0,0.0,0.0,0.0,0.0,0.0,0.0,0.0,0.0,0.0,0.0,0.0,0.0,0.0,0.0,0.0,2021-01-03 17:00:00,12743.727,3.5399241666666668,4.283333333333333,6.05
P001,1.0,0.0,0.0,0.0,0.0,0.0,0.0,0.0,0.0,0.0,0.0,0.0,0.0,0.0,0.0,0.0,0.0,0.0,0.0,0.0,0.0,0.0,0.0,0.0,0.0,0.0,0.0,0.0,0.0,0.0,0.0,0.0,0.0,0.0,0.0,0.0,0.0,0.0,0.0,0.0,0.0,0.0,0.0,0.0,0.0,0.0,0.0,0.0,0.0,0.0,0.0,0.0,18.0,79.0609359741211,19.95586585998535,0.0,0.0,0.0,0.0,0.0,0.0,0.0,0.0,0.0,0.0,0.0,0.0,0.0,0.0,0.0,0.0,0.0,2021-01-03 18:00:00,12743.727,3.5399241666666668,4.283333333333333,6.05
P001,1.0,0.0,0.0,0.0,0.0,0.0,0.0,30.216666666666665,0.0,0.0,0.0,0.0,0.0,0.0,0.0,0.0,0.0,0.0,0.0,0.0,0.0,0.0,0.0,0.0,0.0,0.0,0.0,0.0,0.0,0.0,0.0,0.0,0.0,0.0,0.0,0.0,0.0,0.0,0.0,0.0,0.0,0.0,0.0,0.0,0.0,0.0,0.0,0.0,0.0,0.0,0.0,0.0,0.0,75.9774398803711,0.0,0.0,0.0,0.0,0.0,0.0,0.0,0.0,0.0,0.0,0.0,0.0,0.0,0.0,0.0,0.0,,0.0,2021-01-03 19:00:00,12743.727,3.5399241666666668,4.283333333333333,6.05
P001,3.0,6.583333333333333,35.083333333333336,7.083333333333333,0.0,0.0,0.0,0.0,0.0,0.0,2201.450961,131.0,2685.290938,187.0,312.2135909795761,466.0,54.984,466.0,265.386665225029,466.0,0.0,466.0,0.0,466.0,0.0,466.0,0.0,466.0,48.741,466.0,0.0,466.0,0.0,466.0,0.0,466.0,0.0,466.0,0.3255568293618402,52.0,18.0,18.0,430.0,2583.0,45.0,614.0,143.98,8.0,0.0,0.0,0.0,0.0,1238.0,187.3534545898437,1370.6783447265625,0.0,3.0,3.0,0.0,8.0,9.0,0.0,0.0,0.0,0.0,0.0,0.0,0.0,0.0,0.0,0.0,,2021-01-04 09:00:00,19227.263,5.340906388888889,2.4833333333333334,5.15
P001,1.0,0.0,31.466666666666665,0.0,0.0,0.0,0.0,0.0,0.0,0.0,0.0,0.0,0.0,0.0,0.0,24.0,0.0,24.0,0.0,24.0,0.0,24.0,0.0,24.0,0.0,24.0,0.0,24.0,0.0,24.0,0.0,24.0,0.0,24.0,0.0,24.0,0.0,24.0,0.6931471805599453,23.0,12.0,12.0,0.0,2525.0,514.0,0.0,0.0,0.0,0.0,0.0,0.0,0.0,133.0,106.07240295410156,148.2205810546875,0.0,0.0,0.0,0.0,0.0,0.0,0.0,0.0,0.0,0.0,0.0,0.0,0.0,0.0,0.0,0.0,0.0,2021-01-04 10:00:00,19227.263,5.340906388888889,2.4833333333333334,5.15
P001,1.0,0.0,0.0,0.0,0.0,0.0,0.0,0.0,0.0,0.0,0.179995,6.0,3049.809994,8.0,96.3750501871109,99.0,49.009,99.0,96.3750501871109,99.0,0.0,99.0,0.0,99.0,0.0,99.0,0.0,99.0,49.009,99.0,0.0,99.0,0.0,99.0,0.0,99.0,0.0,99.0,0.3367504563770901,8.0,4.0,4.0,91.0,1440.0,47.0,83.0,0.0,0.0,0.0,0.0,0.0,0.0,38.0,88.43478393554688,42.164817810058594,0.0,0.0,0.0,0.0,0.0,0.0,0.0,0.0,0.0,0.0,0.0,0.0,0.0,0.0,0.0,0.0,0.0,2021-01-04 11:00:00,19227.263,5.340906388888889,2.4833333333333334,5.15
P001,1.0,0.0,0.0,0.0,0.0,0.0,0.0,0.0,0.0,0.0,2913.4470250000004,24.0,2913.629021,33.0,8.182042479515076,53.0,2.002,53.0,8.182042479515076,53.0,0.0,53.0,0.0,53.0,0.0,53.0,0.0,53.0,2.002,53.0,0.0,53.0,0.0,53.0,0.0,53.0,0.0,53.0,0.8217064902556374,20.0,8.0,8.0,37.0,2838.0,48.0,87.0,0.103999,3.0,0.0,0.0,0.0,0.0,31.0,84.73457336425781,34.43996047973633,0.0,0.0,0.0,0.0,0.0,0.0,0.0,0.0,0.0,0.0,0.0,0.0,0.0,0.0,0.0,0.0,0.0,2021-01-04 12:00:00,19227.263,5.340906388888889,2.4833333333333334,5.15
P001,4.0,13.033333333333331,8.533333333333333,3.4,0.0,0.0,0.0,17.65,1322.8240070000002,15.0,843.510967,65.0,2941.761972,114.0,78.30276119709015,192.0,14.886,192.0,78.30276119709015,192.0,0.0,192.0,0.0,192.0,0.0,192.0,0.0,192.0,14.886,192.0,0.0,192.0,0.0,192.0,0.0,192.0,0.0,192.0,0.5417031202532372,46.0,15.0,15.0,162.0,2384.0,48.0,337.0,0.0,0.0,0.281999,6.0,0.0,0.0,2431.0,259.0140075683594,2718.82568359375,0.0,1.0,1.0,0.0,2.0,2.0,0.0,0.0,0.0,0.0,0.0,0.0,0.0,0.0,0.0,,0.0,2021-01-04 13:00:00,19227.263,5.340906388888889,2.4833333333333334,5.15
P001,1.0,0.0,0.0,0.0,0.0,0.0,0.0,39.9,10.271995,12.0,8.361899,266.0,416.184836,386.0,478.3961063623428,697.0,74.592,697.0,225.65846586227417,697.0,0.0,697.0,0.0,697.0,0.0,697.0,0.0,697.0,39.354,697.0,0.0,697.0,0.0,697.0,0.0,697.0,0.0,697.0,0.0473942880710668,6.0,2.0,3.0,692.0,394.0,2.0,3166.0,1.1099819999999998,45.0,0.069999,2.0,0.0,0.0,210.0,118.77642059326172,234.4814300537109,0.0,1.0,0.0,0.0,6.0,0.0,1.0,4.0,0.0,0.0,0.0,0.0,0.0,0.0,0.0,0.0,,2021-01-04 14:00:00,19227.263,5.340906388888889,2.4833333333333334,5.15
P001,1.0,0.0,0.0,0.0,0.0,0.0,0.0,28.066666666666663,0.0,0.0,14.860907,196.0,15.471902,231.0,577.7586034536362,632.0,150.087,632.0,542.165220618248,632.0,0.0,632.0,0.0,632.0,0.0,632.0,0.0,632.0,145.345,632.0,0.0,632.0,0.0,632.0,0.0,632.0,0.0,632.0,0.0117849649324499,1.0,1.0,0.0,631.0,0.0,0.0,2296.0,0.0,0.0,0.0,0.0,0.0,0.0,87.0,99.28870391845705,96.88250732421876,0.0,1.0,0.0,0.0,57.0,0.0,1.0,1.0,0.0,0.0,0.0,0.0,0.0,0.0,0.0,0.0,0.0,2021-01-04 15:00:00,19227.263,5.340906388888889,2.4833333333333334,5.15
P001,1.0,0.0,0.0,0.0,0.0,0.0,0.0,30.016666666666666,0.0,0.0,0.0,0.0,0.0,0.0,0.0,0.0,0.0,0.0,0.0,0.0,0.0,0.0,0.0,0.0,0.0,0.0,0.0,0.0,0.0,0.0,0.0,0.0,0.0,0.0,0.0,0.0,0.0,0.0,0.0,0.0,0.0,0.0,0.0,0.0,0.0,0.0,0.0,0.0,0.0,0.0,0.0,0.0,116.0,106.07239532470705,128.7475128173828,0.0,0.0,0.0,0.0,0.0,0.0,0.0,0.0,0.0,0.0,0.0,0.0,0.0,0.0,0.0,,0.0,2021-01-04 16:00:00,19227.263,5.340906388888889,2.4833333333333334,5.15
P001,1.0,0.0,0.0,0.0,0.0,0.0,0.0,41.81666666666667,0.370992,17.0,903.232898,217.0,1384.476847,357.0,221.0308517217636,514.0,46.684,514.0,181.4771784543991,514.0,0.0,514.0,0.0,514.0,0.0,514.0,0.0,514.0,38.871,514.0,0.0,514.0,0.0,514.0,0.0,514.0,0.0,514.0,0.2137217196470956,29.0,11.0,12.0,491.0,568.0,27.0,2201.0,1.049982,42.0,0.0,0.0,0.0,0.0,12.0,82.26777648925781,13.19662094116211,0.0,0.0,0.0,0.0,0.0,0.0,0.0,0.0,0.0,0.0,0.0,0.0,0.0,0.0,0.0,0.0,,2021-01-04 17:00:00,19227.263,5.340906388888889,2.4833333333333334,5.15
P001,1.0,0.0,0.0,0.0,0.0,0.0,0.0,0.0,0.0,0.0,0.242994,10.0,0.6959879999999999,28.0,62.51585710048676,62.0,14.635,62.0,33.44697296619415,62.0,0.0,62.0,0.0,62.0,0.0,62.0,0.0,62.0,5.408,62.0,0.0,62.0,0.0,62.0,0.0,62.0,0.0,62.0,0.0825649380358659,1.0,1.0,0.0,61.0,0.0,0.0,1099.0,0.130999,3.0,0.0,0.0,0.0,0.0,42.0,85.59796142578125,46.510040283203125,0.0,0.0,0.0,0.0,0.0,0.0,0.0,0.0,0.0,0.0,0.0,0.0,0.0,0.0,0.0,0.0,0.0,2021-01-04 18:00:00,19227.263,5.340906388888889,2.4833333333333334,5.15
P001,0.0,0.0,0.0,0.0,0.0,0.0,0.0,0.0,0.0,0.0,0.0,0.0,0.0,0.0,0.0,0.0,0.0,0.0,0.0,0.0,0.0,0.0,0.0,0.0,0.0,0.0,0.0,0.0,0.0,0.0,0.0,0.0,0.0,0.0,0.0,0.0,0.0,0.0,0.0,0.0,0.0,0.0,0.0,0.0,0.0,0.0,0.0,0.0,0.0,0.0,0.0,0.0,1.0,77.58085632324219,0.965606451034546,0.0,0.0,0.0,0.0,0.0,0.0,0.0,0.0,0.0,0.0,0.0,0.0,0.0,0.0,0.0,0.0,0.0,2021-01-04 19:00:00,19227.263,5.340906388888889,2.4833333333333334,5.15
P001,0.0,0.0,0.0,0.0,0.0,0.0,0.0,0.0,0.0,0.0,0.0,0.0,0.0,0.0,0.0,0.0,0.0,0.0,0.0,0.0,0.0,0.0,0.0,0.0,0.0,0.0,0.0,0.0,0.0,0.0,0.0,0.0,0.0,0.0,0.0,0.0,0.0,0.0,0.0,0.0,0.0,0.0,0.0,0.0,0.0,0.0,0.0,0.0,0.0,0.0,0.0,0.0,17.0,78.4442367553711,18.990259170532227,0.0,0.0,0.0,0.0,0.0,0.0,0.0,0.0,0.0,0.0,0.0,0.0,0.0,0.0,0.0,0.0,0.0,2021-01-04 20:00:00,19227.263,5.340906388888889,2.4833333333333334,5.15
P001,1.0,0.0,0.0,0.0,0.0,0.0,0.0,31.616666666666667,0.0,0.0,0.0,0.0,0.0,0.0,0.0,0.0,0.0,0.0,0.0,0.0,0.0,0.0,0.0,0.0,0.0,0.0,0.0,0.0,0.0,0.0,0.0,0.0,0.0,0.0,0.0,0.0,0.0,0.0,0.0,0.0,0.0,0.0,0.0,0.0,0.0,0.0,0.0,0.0,0.0,0.0,0.0,0.0,8.0,77.2108383178711,8.851391792297363,0.0,0.0,0.0,0.0,0.0,0.0,0.0,0.0,0.0,0.0,0.0,0.0,0.0,0.0,0.0,,0.0,2021-01-04 21:00:00,19227.263,5.340906388888889,2.4833333333333334,5.15
P001,3.0,1.7666666666666666,27.433333333333334,5.216666666666667,0.0,0.0,0.0,0.0,0.043,3.0,1419.015924,152.0,2102.191905,193.0,2338.7884953022003,2219.0,511.083,2219.0,2308.8376506567,2219.0,0.0,2219.0,0.0,2219.0,0.0,2219.0,0.0,2219.0,493.534,2219.0,0.0,2219.0,0.0,2219.0,0.0,2219.0,0.0,2219.0,0.1332978902357701,80.0,28.0,27.0,2164.0,2024.0,36.0,1007.0,0.010999,1.0,0.0,0.0,0.0,0.0,0.0,75.23739624023438,0.0,0.0,3.0,2.0,0.0,94.0,40.0,1.0,39.0,0.0,0.0,0.0,0.0,0.0,0.0,0.0,0.0,,2021-01-05 09:00:00,24272.398,6.742332777777778,2.0,5.366666666666666
P001,6.0,11.6,4.716666666666667,10.766666666666667,0.0,0.0,0.0,13.75,0.0,0.0,1161.251933,136.0,2903.084916,186.0,75.44157826900482,280.0,10.814,280.0,75.44157826900482,280.0,0.0,280.0,0.0,280.0,0.0,280.0,0.0,280.0,10.814,280.0,0.0,280.0,0.0,280.0,0.0,280.0,0.0,280.0,0.6086759482452155,72.0,26.0,26.0,228.0,1690.0,58.0,1213.0,0.0,0.0,0.0,0.0,0.0,0.0,699.0,180.81643676757807,781.980224609375,1.0,3.0,4.0,4.0,147.0,85.0,0.0,0.0,0.0,0.0,0.0,0.0,0.0,0.0,0.0,0.0,0.0,2021-01-05 10:00:00,24272.398,6.742332777777778,2.0,5.366666666666666
P001,2.0,1.8333333333333333,0.0,53.4,0.0,0.0,0.0,0.0,0.0,0.0,462.4849700000001,55.0,611.025941,138.0,104.50997030735016,235.0,24.4,235.0,0.0,235.0,0.0,235.0,0.0,235.0,0.0,235.0,0.0,235.0,0.0,235.0,0.0,235.0,0.0,235.0,0.0,235.0,0.0,235.0,0.4125395443776721,33.0,12.0,13.0,210.0,533.0,31.0,2610.0,0.125998,4.0,0.014,1.0,0.0,0.0,623.0,165.0289306640625,696.041259765625,0.0,2.0,1.0,0.0,3.0,12.0,0.0,0.0,0.0,0.0,0.0,0.0,0.0,0.0,0.0,0.0,0.0,2021-01-05 11:00:00,24272.398,6.742332777777778,2.0,5.366666666666666
P001,1.0,0.0,0.0,9.7,0.0,0.0,0.0,0.0,0.246991,18.0,1230.6759409999995,135.0,1903.567912,208.0,883.3920263051987,926.0,153.964,926.0,883.3920263051987,926.0,0.0,926.0,0.0,926.0,0.0,926.0,0.0,926.0,153.964,926.0,0.0,926.0,0.0,926.0,0.0,926.0,0.0,926.0,0.2037927169530484,54.0,20.0,19.0,887.0,1865.0,17.0,801.0,49.333996,15.0,0.0,0.0,0.0,0.0,145.0,128.15025329589844,161.41720581054688,0.0,1.0,0.0,0.0,10.0,0.0,1.0,4.0,0.0,0.0,0.0,0.0,0.0,0.0,0.0,0.0,0.0,2021-01-05 12:00:00,24272.398,6.742332777777778,2.0,5.366666666666666
P001,1.0,0.0,0.0,1.5833333333333333,0.0,0.0,0.0,0.0,366.8929920000001,7.0,2561.6469849999994,58.0,3407.2649779999992,78.0,21.812559247016907,136.0,8.523,136.0,21.812559247016907,136.0,0.0,136.0,0.0,136.0,0.0,136.0,0.0,136.0,8.523,136.0,0.0,136.0,0.0,136.0,0.0,136.0,0.0,136.0,0.7614019307134706,50.0,18.0,18.0,100.0,2939.0,18.0,372.0,0.020999,1.0,0.0,0.0,0.0,0.0,86.0,158.86190795898438,95.43409729003906,0.0,0.0,0.0,0.0,0.0,0.0,0.0,0.0,0.0,0.0,0.0,0.0,0.0,0.0,0.0,0.0,0.0,2021-01-05 13:00:00,24272.398,6.742332777777778,2.0,5.366666666666666
P001,0.0,0.0,0.0,0.0,0.0,0.0,0.0,0.0,0.0,0.0,1938.634999,43.0,3399.553994,67.0,39.97703146934509,117.0,11.312,117.0,28.79669141769409,117.0,0.0,117.0,0.0,117.0,0.0,117.0,0.0,117.0,8.178,117.0,0.0,117.0,0.0,117.0,0.0,117.0,0.0,117.0,0.7316338039838336,39.0,14.0,15.0,88.0,3081.0,19.0,180.0,0.0,0.0,0.0,0.0,0.0,0.0,69.0,196.6039581298828,76.44384765625,0.0,0.0,0.0,0.0,0.0,0.0,0.0,0.0,0.0,0.0,0.0,0.0,0.0,0.0,0.0,0.0,0.0,2021-01-05 14:00:00,24272.398,6.742332777777778,2.0,5.366666666666666
P001,1.0,0.0,0.0,54.016666666666666,0.0,0.0,0.0,0.0,374.281009,6.0,825.3469239999998,95.0,2621.752936,144.0,215.71617019176483,343.0,49.392,343.0,215.71617019176483,343.0,0.0,343.0,0.0,343.0,0.0,343.0,0.0,343.0,49.392,343.0,0.0,343.0,0.0,343.0,0.0,343.0,0.0,343.0,0.4643408041253126,60.0,22.0,21.0,300.0,2535.0,79.0,458.0,292.63599200000004,10.0,0.0,0.0,0.0,0.0,229.0,291.0823974609375,255.72476196289065,0.0,1.0,1.0,0.0,1.0,1.0,0.0,0.0,0.0,0.0,0.0,0.0,0.0,0.0,0.0,0.0,0.0,2021-01-05 15:00:00,24272.398,6.742332777777778,2.0,5.366666666666666
P001,4.0,6.066666666666666,0.0,10.916666666666666,0.0,0.0,0.0,23.133333333333333,0.282993,18.0,238.933956,122.0,2005.166893,196.0,564.1157406568527,656.0,115.082,656.0,555.1714686155319,656.0,0.0,656.0,0.0,656.0,0.0,656.0,0.0,656.0,106.745,656.0,0.0,656.0,0.0,656.0,0.0,656.0,0.0,656.0,0.3270973396774387,58.0,25.0,26.0,605.0,1695.0,139.0,1259.0,0.181998,5.0,0.025,1.0,0.0,0.0,1737.0,311.0634765625,1942.63916015625,0.0,3.0,4.0,0.0,32.0,20.0,1.0,3.0,0.0,0.0,0.0,0.0,0.0,0.0,0.0,,0.0,2021-01-05 16:00:00,24272.398,6.742332777777778,2.0,5.366666666666666
P001,5.0,11.683333333333334,0.0,10.166666666666666,0.0,0.0,0.0,35.25,23.485996,13.0,477.836962,88.0,3041.724988000001,140.0,0.0,170.0,18.507,170.0,0.0,170.0,0.0,170.0,0.0,170.0,0.0,170.0,0.0,170.0,0.0,170.0,0.0,170.0,0.0,170.0,0.0,170.0,0.0,170.0,0.4899789190813657,37.0,11.0,12.0,147.0,2194.0,16.0,1295.0,0.065,2.0,0.014,1.0,0.0,0.0,1435.0,242.48643493652344,1604.677001953125,1.0,1.0,2.0,6.0,38.0,7.0,0.0,0.0,0.0,0.0,0.0,2.0,2.0,0.0,0.0,0.0,,2021-01-06 09:00:00,17182.175,4.772826388888888,3.4166666666666665,5.8
P001,1.0,0.0,0.0,0.0,0.0,0.0,0.0,0.0,0.0,0.0,0.300993,13.0,445.655999,27.0,47.698912382125854,78.0,18.095,78.0,0.0,78.0,0.0,78.0,0.0,78.0,0.0,78.0,0.0,78.0,0.0,78.0,0.0,78.0,0.0,78.0,0.0,78.0,0.0,78.0,0.2812515134721972,8.0,3.0,2.0,73.0,425.0,9.0,2220.0,0.0,0.0,0.0,0.0,0.0,0.0,10.0,80.541015625,11.104473114013672,0.0,0.0,0.0,0.0,0.0,0.0,0.0,0.0,0.0,0.0,0.0,1.0,1.0,1.0,50.0,0.0,0.0,2021-01-06 10:00:00,17182.175,4.772826388888888,3.4166666666666665,5.8
P001,0.0,0.0,0.0,0.0,0.0,0.0,0.0,0.0,0.0,0.0,1495.506,1.0,1495.506,1.0,0.0,3.0,0.0,3.0,0.0,3.0,0.0,3.0,0.0,3.0,0.0,3.0,0.0,3.0,0.0,3.0,0.0,3.0,0.0,3.0,0.0,3.0,0.0,3.0,1.0986122886681096,2.0,1.0,1.0,1.0,0.0,3.0,32.0,0.0,0.0,0.0,0.0,0.0,0.0,0.0,77.21084594726562,0.0,0.0,0.0,0.0,0.0,0.0,0.0,0.0,0.0,0.0,0.0,0.0,0.0,0.0,0.0,0.0,0.0,0.0,2021-01-06 11:00:00,17182.175,4.772826388888888,3.4166666666666665,5.8
P001,2.0,3.6666666666666665,0.0,0.0,0.0,0.0,0.0,47.78333333333333,0.0,0.0,1633.966007,41.0,2705.653018,53.0,0.0,68.0,0.0,68.0,0.0,68.0,0.0,68.0,0.0,68.0,0.0,68.0,0.0,68.0,0.0,68.0,0.0,68.0,0.0,68.0,0.0,68.0,0.0,68.0,0.6800610170130429,19.0,7.0,8.0,53.0,2289.0,82.0,868.0,1069.942016,1.0,0.0,0.0,0.0,0.0,598.0,140.97763061523438,668.521484375,0.0,1.0,1.0,0.0,1.0,4.0,0.0,0.0,0.0,0.0,0.0,0.0,0.0,0.0,0.0,0.0,0.0,2021-01-06 12:00:00,17182.175,4.772826388888888,3.4166666666666665,5.8
P001,1.0,0.0,0.0,0.0,0.0,0.0,0.0,56.11666666666667,121.153998,9.0,711.3479409999999,128.0,1879.6999,203.0,497.1364520788193,615.0,100.701,615.0,405.31142270565033,615.0,0.0,615.0,0.0,615.0,0.0,615.0,22.96554172039032,615.0,80.489,615.0,0.0,615.0,0.0,615.0,0.0,615.0,8.746,615.0,0.3483581204573102,68.0,26.0,26.0,563.0,1790.0,62.0,1737.0,0.244997,7.0,0.0,0.0,0.0,0.0,74.0,96.45187377929688,82.39840698242188,0.0,1.0,1.0,0.0,5.0,4.0,0.0,0.0,0.0,0.0,0.0,0.0,0.0,0.0,0.0,0.0,0.0,2021-01-06 13:00:00,17182.175,4.772826388888888,3.4166666666666665,5.8
P001,2.0,1.6666666666666667,0.0,0.0,0.0,0.0,0.0,53.75,0.3939939999999999,14.0,23.289886000000003,244.0,117.93584200000004,357.0,1581.29044175148,1459.0,320.546,1459.0,1459.3110618591309,1459.0,0.0,1459.0,0.0,1459.0,0.0,1459.0,80.4212818145752,1459.0,296.544,1459.0,0.0,1459.0,0.0,1459.0,0.0,1459.0,13.313,1459.0,0.0457342959203115,14.0,5.0,5.0,1449.0,90.0,14.0,3395.0,0.482986,28.0,0.0,0.0,0.0,0.0,43.0,90.03820037841797,47.6365852355957,0.0,0.0,0.0,0.0,0.0,0.0,0.0,0.0,0.0,0.0,0.0,0.0,0.0,0.0,0.0,0.0,0.0,2021-01-06 14:00:00,17182.175,4.772826388888888,3.4166666666666665,5.8
P001,2.0,1.65,0.0,0.0,0.0,0.0,0.0,54.03333333333333,0.0,0.0,237.496968,98.0,336.181931,221.0,439.6771967411041,523.0,89.72,523.0,389.73681807518005,523.0,0.0,523.0,0.0,523.0,0.0,523.0,0.0,523.0,83.342,523.0,0.0,523.0,0.0,523.0,0.0,523.0,0.0,523.0,0.1078493652179903,13.0,5.0,5.0,513.0,304.0,17.0,2874.0,1.855971,78.0,0.0,0.0,0.0,0.0,432.0,124.57341003417967,483.1250915527344,0.0,2.0,1.0,0.0,8.0,0.0,2.0,12.0,0.0,0.0,0.0,0.0,0.0,0.0,0.0,,0.0,2021-01-06 15:00:00,17182.175,4.772826388888888,3.4166666666666665,5.8
P001,1.0,0.0,0.0,0.0,0.0,0.0,0.0,37.96666666666667,0.032999,1.0,3.910949,108.0,4.444937,146.0,764.5549697875977,745.0,193.352,745.0,725.3939958810806,745.0,0.0,745.0,0.0,745.0,0.0,745.0,0.0,745.0,180.475,745.0,0.0,745.0,0.0,745.0,0.0,745.0,3.462,745.0,0.0287890065791351,3.0,2.0,1.0,742.0,8.0,4.0,1910.0,0.0,0.0,0.0,0.0,0.0,0.0,37.0,87.69474029541016,41.038272857666016,0.0,1.0,0.0,0.0,19.0,0.0,0.0,0.0,0.0,0.0,0.0,0.0,0.0,0.0,0.0,1.0,,2021-01-06 16:00:00,17182.175,4.772826388888888,3.4166666666666665,5.8
P001,1.0,0.0,0.0,0.0,0.0,0.0,0.0,14.616666666666667,0.436987,24.0,1729.146957,65.0,1729.953937,111.0,131.2040729522705,207.0,18.813,207.0,131.2040729522705,207.0,0.0,207.0,0.0,207.0,0.0,207.0,0.0,207.0,18.813,207.0,0.0,207.0,0.0,207.0,0.0,207.0,0.0,207.0,0.1904095420135182,10.0,4.0,4.0,199.0,756.0,6.0,842.0,0.0,0.0,0.0,0.0,0.0,0.0,0.0,75.23738098144531,0.0,0.0,0.0,0.0,0.0,0.0,0.0,0.0,0.0,0.0,0.0,0.0,0.0,0.0,0.0,0.0,,1.0,2021-01-06 17:00:00,17182.175,4.772826388888888,3.4166666666666665,5.8
P001,0.0,0.0,0.0,0.0,0.0,0.0,0.0,0.0,0.0,0.0,0.0,0.0,0.0,0.0,0.0,0.0,0.0,0.0,0.0,0.0,0.0,0.0,0.0,0.0,0.0,0.0,0.0,0.0,0.0,0.0,0.0,0.0,0.0,0.0,0.0,0.0,0.0,0.0,0.0,0.0,0.0,0.0,0.0,0.0,0.0,0.0,0.0,0.0,0.0,0.0,0.0,0.0,0.0,75.23738861083984,0.0,0.0,0.0,0.0,0.0,0.0,0.0,0.0,0.0,0.0,0.0,0.0,0.0,0.0,0.0,0.0,0.0,,2021-01-06 20:00:00,17182.175,4.772826388888888,3.4166666666666665,5.8
P001,0.0,0.0,0.0,0.0,0.0,0.0,0.0,0.0,0.0,0.0,3272.4860070000004,2.0,3272.532007,3.0,0.0,5.0,0.0,5.0,0.0,5.0,0.0,5.0,0.0,5.0,0.0,5.0,0.0,5.0,0.0,5.0,0.0,5.0,0.0,5.0,0.0,5.0,0.0,5.0,0.9502705392332348,3.0,1.0,1.0,3.0,0.0,1.0,539.0,0.0,0.0,0.0,0.0,0.0,0.0,0.0,75.23738861083984,0.0,0.0,0.0,0.0,0.0,0.0,0.0,0.0,0.0,0.0,0.0,0.0,0.0,0.0,0.0,0.0,,0.0,2021-01-06 21:00:00,17182.175,4.772826388888888,3.4166666666666665,5.8
P002,3.0,4.083333333333333,14.066666666666666,32.65,0.0,0.0,0.0,0.0,29.873997,5.0,415.038984,30.0,1223.394969,70.0,0.0,89.0,0.0,89.0,0.0,89.0,0.0,89.0,0.0,89.0,0.0,89.0,0.0,89.0,0.0,89.0,0.0,89.0,0.0,89.0,0.0,89.0,0.0,89.0,0.6662145824352683,31.0,10.0,9.0,70.0,845.0,925.0,1697.0,0.0,0.0,0.0,0.0,0.0,0.0,0.0,0.0,0.0,0.0,4.0,4.0,0.0,1753.0,757.0,1.0,834.0,0.0,0.0,0.0,2.0,2.0,0.0,0.0,0.0,,2020-12-08 09:00:00,,,,
P002,3.0,24.166666666666668,18.933333333333334,0.0,0.0,0.0,0.0,15.216666666666669,0.0,0.0,2136.41803,14.0,2136.741023,35.0,0.0,46.0,0.0,46.0,0.0,46.0,0.0,46.0,0.0,46.0,0.0,46.0,0.0,46.0,0.0,46.0,0.0,46.0,0.0,46.0,0.0,46.0,0.0,46.0,0.7148386023658708,18.0,5.0,6.0,35.0,2036.0,59.0,242.0,0.0,0.0,0.0,0.0,0.0,0.0,0.0,0.0,0.0,0.0,6.0,5.0,0.0,1570.0,534.0,3.0,1219.0,0.0,0.0,0.0,0.0,0.0,0.0,0.0,,0.0,2020-12-08 10:00:00,,,,
P002,1.0,0.0,0.0,0.0,0.0,0.0,0.0,46.48333333333333,0.028,1.0,0.395994,11.0,195.884983,25.0,0.0,25.0,0.0,25.0,0.0,25.0,0.0,25.0,0.0,25.0,0.0,25.0,0.0,25.0,0.0,25.0,0.0,25.0,0.0,25.0,0.0,25.0,0.0,25.0,0.0,0.0,0.0,0.0,25.0,0.0,0.0,3467.0,0.0,0.0,0.0,0.0,0.0,0.0,0.0,0.0,0.0,0.0,1.0,0.0,0.0,1.0,0.0,0.0,0.0,0.0,0.0,0.0,4.0,4.0,0.0,0.0,0.0,,2020-12-08 11:00:00,,,,
P002,0.0,0.0,0.0,0.0,0.0,0.0,0.0,0.0,0.0,0.0,2239.228027,1.0,2253.8220260000003,3.0,0.0,4.0,0.0,4.0,0.0,4.0,0.0,4.0,0.0,4.0,0.0,4.0,0.0,4.0,0.0,4.0,0.0,4.0,0.0,4.0,0.0,4.0,0.0,4.0,0.5623351446188083,2.0,1.0,0.0,3.0,2238.0,0.0,801.0,0.0,0.0,0.0,0.0,0.0,0.0,0.0,0.0,0.0,0.0,0.0,0.0,0.0,0.0,0.0,0.0,0.0,0.0,0.0,0.0,0.0,0.0,0.0,0.0,0.0,0.0,2020-12-08 12:00:00,,,,
P002,1.0,0.0,0.0,0.0,0.0,0.0,0.0,15.45,0.063999,2.0,364.2699950000001,19.0,2084.5059640000004,49.0,0.0,56.0,0.0,56.0,0.0,56.0,0.0,56.0,0.0,56.0,0.0,56.0,0.0,56.0,0.0,56.0,0.0,56.0,0.0,56.0,0.0,56.0,0.0,56.0,0.4621336743439957,11.0,3.0,4.0,49.0,1617.0,323.0,1259.0,0.0,0.0,0.0,0.0,0.0,0.0,0.0,0.0,0.0,0.0,0.0,0.0,0.0,0.0,0.0,0.0,0.0,0.0,0.0,0.0,0.0,0.0,0.0,0.0,1.0,0.0,2020-12-08 13:00:00,,,,
P002,1.0,0.0,0.0,0.0,0.0,0.0,0.0,50.46666666666667,0.310991,19.0,205.508981,35.0,573.5849599999999,73.0,0.0,82.0,0.0,82.0,0.0,82.0,0.0,82.0,0.0,82.0,0.0,82.0,0.0,82.0,0.0,82.0,0.0,82.0,0.0,82.0,0.0,82.0,0.0,82.0,0.4214033178681236,13.0,5.0,4.0,73.0,542.0,23.0,2354.0,0.009999,1.0,0.0,0.0,0.0,0.0,0.0,0.0,0.0,0.0,0.0,0.0,0.0,0.0,0.0,0.0,0.0,0.0,0.0,0.0,0.0,0.0,0.0,0.0,0.0,1.0,2020-12-08 14:00:00,,,,
P002,1.0,0.0,0.0,0.0,0.0,0.0,0.0,8.1,0.0,0.0,0.0,0.0,0.0,0.0,0.0,0.0,0.0,0.0,0.0,0.0,0.0,0.0,0.0,0.0,0.0,0.0,0.0,0.0,0.0,0.0,0.0,0.0,0.0,0.0,0.0,0.0,0.0,0.0,0.0,0.0,0.0,0.0,0.0,0.0,0.0,0.0,0.0,0.0,0.0,0.0,0.0,0.0,0.0,0.0,0.0,0.0,0.0,0.0,0.0,0.0,0.0,0.0,0.0,0.0,0.0,0.0,0.0,0.0,0.0,0.0,1.0,0.0,2020-12-08 15:00:00,,,,
P002,1.0,0.0,0.0,0.0,0.0,0.0,0.0,46.55,0.0,0.0,255.77799500000003,15.0,1218.1209709999998,23.0,0.0,26.0,0.0,26.0,0.0,26.0,0.0,26.0,0.0,26.0,0.0,26.0,0.0,26.0,0.0,26.0,0.0,26.0,0.0,26.0,0.0,26.0,0.0,26.0,0.431071102348777,6.0,1.0,2.0,23.0,961.0,24.0,1488.0,962.089978,2.0,0.0,0.0,0.0,0.0,0.0,0.0,0.0,0.0,0.0,0.0,0.0,0.0,0.0,0.0,0.0,0.0,0.0,0.0,0.0,0.0,0.0,0.0,,1.0,2020-12-08 16:00:00,,,,
P002,1.0,0.0,0.0,0.0,0.0,0.0,0.0,34.916666666666664,0.0,0.0,0.034999,2.0,9.931995,12.0,0.0,13.0,0.0,13.0,0.0,13.0,0.0,13.0,0.0,13.0,0.0,13.0,0.0,13.0,0.0,13.0,0.0,13.0,0.0,13.0,0.0,13.0,0.0,13.0,0.2711893730418441,1.0,1.0,0.0,12.0,0.0,0.0,825.0,0.0,0.0,0.0,0.0,0.0,0.0,0.0,0.0,0.0,0.0,0.0,0.0,0.0,0.0,0.0,0.0,0.0,0.0,0.0,0.0,0.0,0.0,0.0,0.0,0.0,,2020-12-08 17:00:00,,,,
P002,1.0,0.0,0.0,0.0,0.0,0.0,0.0,30.266666666666666,0.0,0.0,0.0,0.0,0.0,0.0,0.0,0.0,0.0,0.0,0.0,0.0,0.0,0.0,0.0,0.0,0.0,0.0,0.0,0.0,0.0,0.0,0.0,0.0,0.0,0.0,0.0,0.0,0.0,0.0,0.0,0.0,0.0,0.0,0.0,0.0,0.0,0.0,0.0,0.0,0.0,0.0,0.0,0.0,0.0,0.0,0.0,0.0,0.0,0.0,0.0,0.0,0.0,0.0,0.0,0.0,0.0,0.0,0.0,0.0,0.0,0.0,,0.0,2020-12-08 18:00:00,,,,
P002,0.0,0.0,0.0,0.0,0.0,0.0,0.0,0.0,0.0,0.0,0.0,0.0,0.0,0.0,0.0,0.0,0.0,0.0,0.0,0.0,0.0,0.0,0.0,0.0,0.0,0.0,0.0,0.0,0.0,0.0,0.0,0.0,0.0,0.0,0.0,0.0,0.0,0.0,0.0,0.0,0.0,0.0,0.0,0.0,0.0,0.0,0.0,0.0,0.0,0.0,0.0,0.0,0.0,0.0,0.0,0.0,0.0,0.0,0.0,0.0,0.0,0.0,0.0,0.0,0.0,0.0,0.0,0.0,0.0,0.0,0.0,,2020-12-08 19:00:00,,,,
P002,0.0,0.0,0.0,0.0,0.0,0.0,0.0,0.0,0.0,0.0,0.0,0.0,0.0,0.0,0.0,0.0,0.0,0.0,0.0,0.0,0.0,0.0,0.0,0.0,0.0,0.0,0.0,0.0,0.0,0.0,0.0,0.0,0.0,0.0,0.0,0.0,0.0,0.0,0.0,0.0,0.0,0.0,0.0,0.0,0.0,0.0,0.0,0.0,0.0,0.0,0.0,0.0,0.0,0.0,0.0,0.0,0.0,0.0,0.0,0.0,0.0,0.0,0.0,0.0,0.0,0.0,0.0,0.0,0.0,0.0,,0.0,2020-12-08 20:00:00,,,,
P002,4.0,15.7,8.966666666666667,4.566666666666666,5.0,0.0,0.0,0.0,2.2140000000000004,3.0,1158.1530020000002,19.0,2111.1070060000006,44.0,0.0,75.0,0.0,75.0,0.0,75.0,0.0,75.0,0.0,75.0,0.0,75.0,0.0,75.0,0.0,75.0,0.0,75.0,0.0,75.0,0.0,75.0,0.0,75.0,0.9643345606726688,47.0,16.0,15.0,44.0,1867.0,534.0,654.0,0.0,0.0,0.0,0.0,0.0,0.0,0.0,0.0,0.0,0.0,3.0,2.0,0.0,138.0,726.0,1.0,743.0,0.0,0.0,0.0,0.0,0.0,0.0,0.0,0.0,,2020-12-09 11:00:00,19920.174,5.533381666666666,2.466666666666667,5.233333333333333
P002,1.0,0.0,0.0,0.0,0.0,0.0,0.0,0.0,1023.908,1.0,2049.769042,1.0,3073.677042,2.0,0.0,4.0,0.0,4.0,0.0,4.0,0.0,4.0,0.0,4.0,0.0,4.0,0.0,4.0,0.0,4.0,0.0,4.0,0.0,4.0,0.0,4.0,0.0,4.0,1.039720770839918,2.0,1.0,1.0,2.0,47.0,337.0,2050.0,0.0,0.0,0.0,0.0,0.0,0.0,0.0,0.0,0.0,0.0,0.0,0.0,0.0,0.0,0.0,0.0,0.0,0.0,0.0,0.0,0.0,0.0,0.0,0.0,1.0,0.0,2020-12-09 12:00:00,19920.174,5.533381666666666,2.466666666666667,5.233333333333333
P002,0.0,0.0,0.0,0.0,0.0,0.0,0.0,0.0,0.0,0.0,0.0,0.0,0.0,0.0,0.0,0.0,0.0,0.0,0.0,0.0,0.0,0.0,0.0,0.0,0.0,0.0,0.0,0.0,0.0,0.0,0.0,0.0,0.0,0.0,0.0,0.0,0.0,0.0,0.0,0.0,0.0,0.0,0.0,0.0,0.0,0.0,0.0,0.0,0.0,0.0,0.0,0.0,0.0,0.0,0.0,0.0,0.0,0.0,0.0,0.0,0.0,0.0,0.0,0.0,0.0,0.0,0.0,0.0,0.0,0.0,1.0,1.0,2020-12-09 13:00:00,19920.174,5.533381666666666,2.466666666666667,5.233333333333333
P002,0.0,0.0,0.0,0.0,0.0,0.0,0.0,0.0,0.0,0.0,0.064999,1.0,1541.192999,3.0,0.0,5.0,0.0,5.0,0.0,5.0,0.0,5.0,0.0,5.0,0.0,5.0,0.0,5.0,0.0,5.0,0.0,5.0,0.0,5.0,0.0,5.0,0.0,5.0,0.9502705392332348,3.0,1.0,1.0,3.0,0.0,674.0,301.0,0.0,0.0,0.0,0.0,0.0,0.0,0.0,0.0,0.0,0.0,0.0,0.0,0.0,0.0,0.0,0.0,0.0,0.0,0.0,0.0,0.0,0.0,0.0,0.0,1.0,1.0,2020-12-09 14:00:00,19920.174,5.533381666666666,2.466666666666667,5.233333333333333
P002,1.0,0.0,35.083333333333336,0.0,0.0,0.0,0.0,0.0,0.017,1.0,1759.646997,7.0,1895.631985,29.0,0.0,37.0,0.0,37.0,0.0,37.0,0.0,37.0,0.0,37.0,0.0,37.0,0.0,37.0,0.0,37.0,0.0,37.0,0.0,37.0,0.0,37.0,0.0,37.0,0.6719467245748495,12.0,4.0,4.0,29.0,113.0,56.0,1491.0,0.0,0.0,0.0,0.0,0.0,0.0,0.0,0.0,0.0,0.0,2.0,3.0,0.0,1352.0,139.0,0.0,0.0,0.0,0.0,0.0,0.0,0.0,0.0,0.0,,1.0,2020-12-09 15:00:00,19920.174,5.533381666666666,2.466666666666667,5.233333333333333
P002,3.0,3.866666666666666,2.316666666666667,0.0,0.0,0.0,0.0,47.98333333333333,1.975999,3.0,0.138999,1.0,311.49000599999994,14.0,0.0,18.0,0.0,18.0,0.0,18.0,0.0,18.0,0.0,18.0,0.0,18.0,0.0,18.0,0.0,18.0,0.0,18.0,0.0,18.0,0.0,18.0,0.0,18.0,0.6837389058487535,6.0,2.0,2.0,14.0,304.0,531.0,1243.0,0.0,0.0,0.0,0.0,0.0,0.0,0.0,0.0,0.0,0.0,3.0,2.0,0.0,149.0,135.0,1.0,368.0,0.0,0.0,0.0,0.0,0.0,0.0,0.0,1.0,,2020-12-09 16:00:00,19920.174,5.533381666666666,2.466666666666667,5.233333333333333
P002,1.0,0.0,0.0,0.0,0.0,0.0,0.0,33.56666666666667,0.0,0.0,0.0,0.0,516.327,1.0,0.0,3.0,0.0,3.0,0.0,3.0,0.0,3.0,0.0,3.0,0.0,3.0,0.0,3.0,0.0,3.0,0.0,3.0,0.0,3.0,0.0,3.0,0.0,3.0,1.0986122886681096,2.0,1.0,1.0,1.0,0.0,5.0,1289.0,0.0,0.0,516.327,1.0,0.0,0.0,0.0,0.0,0.0,0.0,0.0,0.0,0.0,0.0,0.0,0.0,0.0,0.0,0.0,0.0,0.0,0.0,0.0,0.0,1.0,1.0,2020-12-09 17:00:00,19920.174,5.533381666666666,2.466666666666667,5.233333333333333
P002,1.0,0.0,0.0,0.0,0.0,0.0,0.0,49.4,0.0,0.0,0.0,0.0,0.0,0.0,0.0,0.0,0.0,0.0,0.0,0.0,0.0,0.0,0.0,0.0,0.0,0.0,0.0,0.0,0.0,0.0,0.0,0.0,0.0,0.0,0.0,0.0,0.0,0.0,0.0,0.0,0.0,0.0,0.0,0.0,0.0,0.0,0.0,0.0,0.0,0.0,0.0,0.0,0.0,0.0,0.0,0.0,0.0,0.0,0.0,0.0,0.0,0.0,0.0,0.0,0.0,0.0,0.0,0.0,0.0,0.0,1.0,1.0,2020-12-09 18:00:00,19920.174,5.533381666666666,2.466666666666667,5.233333333333333
P002,1.0,0.0,0.0,0.0,0.0,0.0,0.0,52.95,0.0,0.0,0.0,0.0,0.0,0.0,0.0,0.0,0.0,0.0,0.0,0.0,0.0,0.0,0.0,0.0,0.0,0.0,0.0,0.0,0.0,0.0,0.0,0.0,0.0,0.0,0.0,0.0,0.0,0.0,0.0,0.0,0.0,0.0,0.0,0.0,0.0,0.0,0.0,0.0,0.0,0.0,0.0,0.0,0.0,0.0,0.0,0.0,0.0,0.0,0.0,0.0,0.0,0.0,0.0,0.0,0.0,0.0,0.0,0.0,0.0,0.0,0.0,1.0,2020-12-09 19:00:00,19920.174,5.533381666666666,2.466666666666667,5.233333333333333
P002,1.0,0.0,0.0,0.0,0.0,0.0,0.0,22.85,0.0,0.0,0.0,0.0,0.0,0.0,0.0,0.0,0.0,0.0,0.0,0.0,0.0,0.0,0.0,0.0,0.0,0.0,0.0,0.0,0.0,0.0,0.0,0.0,0.0,0.0,0.0,0.0,0.0,0.0,0.0,0.0,0.0,0.0,0.0,0.0,0.0,0.0,0.0,0.0,0.0,0.0,0.0,0.0,0.0,0.0,0.0,0.0,0.0,0.0,0.0,0.0,0.0,0.0,0.0,0.0,0.0,0.0,0.0,0.0,0.0,0.0,1.0,0.0,2020-12-09 20:00:00,19920.174,5.533381666666666,2.466666666666667,5.233333333333333
P002,1.0,0.0,0.0,0.0,0.0,0.0,0.0,34.983333333333334,0.0,0.0,0.0,0.0,0.0,0.0,0.0,0.0,0.0,0.0,0.0,0.0,0.0,0.0,0.0,0.0,0.0,0.0,0.0,0.0,0.0,0.0,0.0,0.0,0.0,0.0,0.0,0.0,0.0,0.0,0.0,0.0,0.0,0.0,0.0,0.0,0.0,0.0,0.0,0.0,0.0,0.0,0.0,0.0,0.0,0.0,0.0,0.0,0.0,0.0,0.0,0.0,0.0,0.0,0.0,0.0,0.0,0.0,0.0,0.0,0.0,0.0,,1.0,2020-12-09 21:00:00,19920.174,5.533381666666666,2.466666666666667,5.233333333333333
P002,5.0,19.616666666666667,17.466666666666665,14.833333333333334,0.0,0.0,0.0,1.5833333333333333,0.0,0.0,1589.465987,53.0,1875.499964,85.0,0.0,113.0,0.0,113.0,0.0,113.0,0.0,113.0,0.0,113.0,0.0,113.0,0.0,113.0,0.0,113.0,0.0,113.0,0.0,113.0,0.0,113.0,0.0,113.0,0.7316447918901802,46.0,14.0,14.0,85.0,1830.0,199.0,1526.0,0.0,0.0,0.0,0.0,0.0,0.0,0.0,0.0,0.0,1.0,7.0,8.0,134.0,1657.0,1070.0,1.0,385.0,0.0,0.0,0.0,0.0,0.0,0.0,0.0,0.0,,2020-12-10 09:00:00,19889.288,5.524802222222222,2.466666666666667,5.233333333333333
P002,3.0,6.0,9.0,0.0,0.0,0.0,0.0,41.15,0.0,0.0,28.152997,9.0,28.163996,10.0,0.0,20.0,0.0,20.0,0.0,20.0,0.0,20.0,0.0,20.0,0.0,20.0,0.0,20.0,0.0,20.0,0.0,20.0,0.0,20.0,0.0,20.0,0.0,20.0,1.039720770839918,12.0,5.0,5.0,10.0,493.0,208.0,2668.0,0.0,0.0,0.0,0.0,0.0,0.0,0.0,0.0,0.0,0.0,4.0,4.0,0.0,2179.0,499.0,1.0,530.0,0.0,0.0,0.0,0.0,0.0,0.0,0.0,,0.0,2020-12-10 10:00:00,19889.288,5.524802222222222,2.466666666666667,5.233333333333333
P002,0.0,0.0,0.0,0.0,0.0,0.0,0.0,0.0,0.0,0.0,0.0,0.0,1583.5899970000005,6.0,0.0,8.0,0.0,8.0,0.0,8.0,0.0,8.0,0.0,8.0,0.0,8.0,0.0,8.0,0.0,8.0,0.0,8.0,0.0,8.0,0.0,8.0,0.0,8.0,0.7356219397587946,3.0,1.0,1.0,6.0,0.0,1.0,359.0,0.0,0.0,0.0,0.0,0.0,0.0,0.0,0.0,0.0,0.0,0.0,0.0,0.0,0.0,0.0,0.0,0.0,0.0,0.0,0.0,0.0,0.0,0.0,0.0,0.0,,2020-12-10 14:00:00,19889.288,5.524802222222222,2.466666666666667,5.233333333333333
P002,1.0,0.0,0.0,0.0,0.0,0.0,0.0,0.0,0.0,0.0,133.394986,37.0,357.882984,51.0,0.0,54.0,0.0,54.0,0.0,54.0,0.0,54.0,0.0,54.0,0.0,54.0,0.0,54.0,0.0,54.0,0.0,54.0,0.0,54.0,0.0,54.0,0.0,54.0,0.2499210534150057,5.0,1.0,2.0,51.0,56.0,67.0,1590.0,0.0,0.0,0.0,0.0,0.0,0.0,0.0,0.0,0.0,0.0,0.0,0.0,0.0,0.0,0.0,0.0,0.0,0.0,0.0,0.0,0.0,0.0,0.0,0.0,0.0,0.0,2020-12-10 15:00:00,19889.288,5.524802222222222,2.466666666666667,5.233333333333333
P002,5.0,24.683333333333334,12.266666666666667,0.0,0.0,0.0,0.0,10.45,0.0,0.0,58.666995,10.0,2120.570973,25.0,0.0,57.0,0.0,57.0,0.0,57.0,0.0,57.0,0.0,57.0,0.0,57.0,0.0,57.0,0.0,57.0,0.0,57.0,0.0,57.0,0.0,57.0,0.0,57.0,1.0747225883016025,43.0,16.0,16.0,25.0,1981.0,137.0,186.0,0.0,0.0,0.0,0.0,0.0,0.0,0.0,0.0,0.0,1.0,5.0,5.0,213.0,367.0,672.0,1.0,324.0,1.0,738.0,0.0,0.0,0.0,0.0,0.0,0.0,0.0,2020-12-10 16:00:00,19889.288,5.524802222222222,2.466666666666667,5.233333333333333
P002,2.0,2.283333333333333,0.0,0.0,0.0,0.0,0.0,33.35,0.0,0.0,0.0,0.0,1.312987,28.0,0.0,29.0,0.0,29.0,0.0,29.0,0.0,29.0,0.0,29.0,0.0,29.0,0.0,29.0,0.0,29.0,0.0,29.0,0.0,29.0,0.0,29.0,0.0,29.0,0.149994923610415,1.0,1.0,0.0,28.0,0.0,0.0,2806.0,0.0,0.0,0.0,0.0,0.0,0.0,0.0,0.0,0.0,0.0,0.0,0.0,0.0,0.0,0.0,0.0,0.0,0.0,0.0,0.0,0.0,0.0,0.0,0.0,,0.0,2020-12-10 17:00:00,19889.288,5.524802222222222,2.466666666666667,5.233333333333333
P002,1.0,0.0,0.0,0.0,0.0,0.0,0.0,40.13333333333333,0.0,0.0,0.0,0.0,0.0,0.0,0.0,0.0,0.0,0.0,0.0,0.0,0.0,0.0,0.0,0.0,0.0,0.0,0.0,0.0,0.0,0.0,0.0,0.0,0.0,0.0,0.0,0.0,0.0,0.0,0.0,0.0,0.0,0.0,0.0,0.0,0.0,0.0,0.0,0.0,0.0,0.0,0.0,0.0,0.0,0.0,0.0,0.0,0.0,0.0,0.0,0.0,0.0,0.0,0.0,0.0,0.0,0.0,0.0,0.0,0.0,0.0,0.0,,2020-12-10 18:00:00,19889.288,5.524802222222222,2.466666666666667,5.233333333333333
P002,1.0,0.0,0.0,0.0,0.0,0.0,0.0,49.7,0.0,0.0,0.0,0.0,0.0,0.0,0.0,0.0,0.0,0.0,0.0,0.0,0.0,0.0,0.0,0.0,0.0,0.0,0.0,0.0,0.0,0.0,0.0,0.0,0.0,0.0,0.0,0.0,0.0,0.0,0.0,0.0,0.0,0.0,0.0,0.0,0.0,0.0,0.0,0.0,0.0,0.0,0.0,0.0,0.0,0.0,0.0,0.0,0.0,0.0,0.0,0.0,0.0,0.0,0.0,0.0,0.0,0.0,0.0,0.0,0.0,0.0,0.0,0.0,2020-12-10 19:00:00,19889.288,5.524802222222222,2.466666666666667,5.233333333333333
P002,1.0,0.0,0.0,0.0,0.0,0.0,0.0,39.53333333333333,0.0,0.0,0.0,0.0,0.0,0.0,0.0,2.0,0.0,2.0,0.0,2.0,0.0,2.0,0.0,2.0,0.0,2.0,0.0,2.0,0.0,2.0,0.0,2.0,0.0,2.0,0.0,2.0,0.0,2.0,0.6931471805599453,1.0,1.0,1.0,0.0,0.0,7.0,0.0,0.0,0.0,0.0,0.0,0.0,0.0,0.0,0.0,0.0,0.0,0.0,0.0,0.0,0.0,0.0,0.0,0.0,0.0,0.0,0.0,0.0,0.0,0.0,0.0,,0.0,2020-12-10 20:00:00,19889.288,5.524802222222222,2.466666666666667,5.233333333333333
P002,2.0,19.98333333333333,0.0,14.783333333333331,0.0,0.0,0.0,0.0,0.0,0.0,1339.6319959999998,9.0,2271.366004,10.0,0.0,16.0,0.0,16.0,0.0,16.0,0.0,16.0,0.0,16.0,0.0,16.0,0.0,16.0,0.0,16.0,0.0,16.0,0.0,16.0,0.0,16.0,0.0,16.0,0.9214934308679616,8.0,3.0,3.0,10.0,920.0,499.0,1322.0,0.0,0.0,931.734008,1.0,0.0,0.0,0.0,0.0,0.0,0.0,0.0,0.0,0.0,0.0,0.0,0.0,0.0,0.0,0.0,0.0,0.0,0.0,0.0,0.0,0.0,,2020-12-11 09:00:00,17994.443,4.998456388888889,2.5,5.0
P002,4.0,25.48333333333333,9.8,2.333333333333333,0.0,0.0,0.0,1.5,0.0,0.0,320.76999700000005,10.0,2637.5569909999995,20.0,0.0,24.0,0.0,24.0,0.0,24.0,0.0,24.0,0.0,24.0,0.0,24.0,0.0,24.0,0.0,24.0,0.0,24.0,0.0,24.0,0.0,24.0,0.0,24.0,0.5660857389596289,5.0,2.0,2.0,20.0,749.0,13.0,473.0,0.0,0.0,2316.319,1.0,0.0,0.0,0.0,0.0,0.0,0.0,3.0,3.0,0.0,121.0,647.0,2.0,389.0,0.0,0.0,0.0,0.0,0.0,0.0,0.0,,0.0,2020-12-11 10:00:00,17994.443,4.998456388888889,2.5,5.0
P002,1.0,0.0,8.133333333333333,0.0,0.0,0.0,0.0,0.0,0.0,0.0,0.141997,6.0,2559.335996,12.0,0.0,14.0,0.0,14.0,0.0,14.0,0.0,14.0,0.0,14.0,0.0,14.0,0.0,14.0,0.0,14.0,0.0,14.0,0.0,14.0,0.0,14.0,0.0,14.0,0.509137344082687,2.0,1.0,1.0,12.0,0.0,51.0,486.0,0.0,0.0,0.0,0.0,0.0,0.0,0.0,0.0,0.0,0.0,1.0,1.0,0.0,0.0,22.0,0.0,0.0,0.0,0.0,0.0,0.0,0.0,0.0,0.0,0.0,,2020-12-11 11:00:00,17994.443,4.998456388888889,2.5,5.0
P002,1.0,0.0,24.33333333333333,0.0,0.0,0.0,0.0,0.0,120.458999,1.0,1083.751953,1.0,1747.425927,5.0,0.0,9.0,0.0,9.0,0.0,9.0,0.0,9.0,0.0,9.0,0.0,9.0,0.0,9.0,0.0,9.0,0.0,9.0,0.0,9.0,0.0,9.0,0.0,9.0,0.9950269901795212,7.0,2.0,2.0,5.0,661.0,113.0,1409.0,0.0,0.0,0.0,0.0,0.0,0.0,0.0,0.0,0.0,0.0,1.0,1.0,0.0,0.0,183.0,0.0,0.0,0.0,0.0,0.0,0.0,0.0,0.0,0.0,0.0,0.0,2020-12-11 12:00:00,17994.443,4.998456388888889,2.5,5.0
P002,1.0,0.0,0.0,0.0,0.0,0.0,0.0,0.0,0.008,1.0,2.351998,4.0,2422.9619929999994,19.0,0.0,30.0,0.0,30.0,0.0,30.0,0.0,30.0,0.0,30.0,0.0,30.0,0.0,30.0,0.0,30.0,0.0,30.0,0.0,30.0,0.0,30.0,0.0,30.0,0.9097944822721152,11.0,5.0,6.0,19.0,812.0,613.0,467.0,0.0,0.0,0.0,0.0,0.0,0.0,0.0,0.0,0.0,0.0,1.0,1.0,0.0,0.0,16.0,0.0,0.0,0.0,0.0,0.0,0.0,0.0,0.0,0.0,,0.0,2020-12-11 13:00:00,17994.443,4.998456388888889,2.5,5.0
P002,1.0,0.0,0.0,0.0,0.0,0.0,0.0,0.0,0.0,0.0,0.0,0.0,0.0,0.0,0.0,0.0,0.0,0.0,0.0,0.0,0.0,0.0,0.0,0.0,0.0,0.0,0.0,0.0,0.0,0.0,0.0,0.0,0.0,0.0,0.0,0.0,0.0,0.0,0.0,0.0,0.0,0.0,0.0,0.0,0.0,0.0,0.0,0.0,0.0,0.0,0.0,0.0,0.0,0.0,0.0,0.0,0.0,0.0,0.0,0.0,0.0,0.0,0.0,0.0,0.0,0.0,0.0,0.0,0.0,0.0,1.0,,2020-12-11 14:00:00,17994.443,4.998456388888889,2.5,5.0
P002,1.0,0.0,4.883333333333334,0.0,0.0,0.0,0.0,0.0,0.0,0.0,0.0,0.0,0.0,0.0,0.0,1.0,0.0,1.0,0.0,1.0,0.0,1.0,0.0,1.0,0.0,1.0,0.0,1.0,0.0,1.0,0.0,1.0,0.0,1.0,0.0,1.0,0.0,1.0,0.0,0.0,1.0,0.0,0.0,1.0,0.0,0.0,0.0,0.0,0.0,0.0,0.0,0.0,0.0,0.0,0.0,0.0,0.0,0.0,0.0,0.0,0.0,0.0,0.0,0.0,0.0,0.0,0.0,0.0,0.0,0.0,,1.0,2020-12-11 15:00:00,17994.443,4.998456388888889,2.5,5.0
P002,1.0,0.0,0.0,0.0,0.0,0.0,0.0,50.68333333333333,0.0,0.0,0.0,0.0,0.022999,2.0,0.0,2.0,0.0,2.0,0.0,2.0,0.0,2.0,0.0,2.0,0.0,2.0,0.0,2.0,0.0,2.0,0.0,2.0,0.0,2.0,0.0,2.0,0.0,2.0,0.0,0.0,0.0,0.0,2.0,0.0,0.0,2.0,0.0,0.0,0.0,0.0,0.0,0.0,0.0,0.0,0.0,0.0,0.0,0.0,0.0,0.0,0.0,0.0,0.0,0.0,0.0,0.0,0.0,0.0,0.0,0.0,0.0,,2020-12-11 19:00:00,17994.443,4.998456388888889,2.5,5.0
P002,1.0,0.0,0.0,0.0,0.0,0.0,0.0,41.91666666666666,0.0,0.0,0.0,0.0,0.0,0.0,0.0,0.0,0.0,0.0,0.0,0.0,0.0,0.0,0.0,0.0,0.0,0.0,0.0,0.0,0.0,0.0,0.0,0.0,0.0,0.0,0.0,0.0,0.0,0.0,0.0,0.0,0.0,0.0,0.0,0.0,0.0,0.0,0.0,0.0,0.0,0.0,0.0,0.0,0.0,0.0,0.0,0.0,0.0,0.0,0.0,0.0,0.0,0.0,0.0,0.0,0.0,0.0,0.0,0.0,0.0,0.0,0.0,0.0,2020-12-11 20:00:00,17994.443,4.998456388888889,2.5,5.0
P002,1.0,0.0,0.0,0.0,0.0,0.0,0.0,35.15,0.0,0.0,0.0,0.0,0.0,0.0,0.0,0.0,0.0,0.0,0.0,0.0,0.0,0.0,0.0,0.0,0.0,0.0,0.0,0.0,0.0,0.0,0.0,0.0,0.0,0.0,0.0,0.0,0.0,0.0,0.0,0.0,0.0,0.0,0.0,0.0,0.0,0.0,0.0,0.0,0.0,0.0,0.0,0.0,0.0,0.0,0.0,0.0,0.0,0.0,0.0,0.0,0.0,0.0,0.0,0.0,0.0,0.0,0.0,0.0,0.0,0.0,,0.0,2020-12-11 21:00:00,17994.443,4.998456388888889,2.5,5.0
P002,1.0,0.0,0.0,54.73333333333333,0.0,0.0,0.0,0.0,0.0,0.0,0.0,0.0,0.0,0.0,0.0,6.0,0.0,6.0,0.0,6.0,0.0,6.0,0.0,6.0,0.0,6.0,0.0,6.0,0.0,6.0,0.0,6.0,0.0,6.0,0.0,6.0,0.0,6.0,0.6931471805599453,5.0,3.0,3.0,0.0,879.0,1039.0,0.0,0.0,0.0,0.0,0.0,0.0,0.0,0.0,0.0,0.0,0.0,0.0,0.0,0.0,0.0,0.0,0.0,0.0,0.0,0.0,0.0,0.0,0.0,0.0,0.0,0.0,,2020-12-12 11:00:00,9657.135,2.6825375,5.316666666666666,6.65
P002,2.0,4.216666666666667,0.0,50.56666666666667,0.0,0.0,0.0,0.0,0.0,0.0,0.346994,16.0,2678.133992,36.0,0.0,52.0,0.0,52.0,0.0,52.0,0.0,52.0,0.0,52.0,0.0,52.0,0.0,52.0,0.0,52.0,0.0,52.0,0.0,52.0,0.0,52.0,0.0,52.0,0.8305178252872478,20.0,8.0,8.0,36.0,2240.0,446.0,402.0,0.0,0.0,0.0,0.0,0.0,0.0,0.0,0.0,0.0,0.0,0.0,0.0,0.0,0.0,0.0,0.0,0.0,0.0,0.0,0.0,0.0,0.0,0.0,0.0,0.0,0.0,2020-12-12 12:00:00,9657.135,2.6825375,5.316666666666666,6.65
P002,1.0,0.0,0.0,58.03333333333333,0.0,0.0,0.0,0.0,0.088998,2.0,345.096965,76.0,1010.2559329999998,137.0,0.0,152.0,0.0,152.0,0.0,152.0,0.0,152.0,0.0,152.0,0.0,152.0,0.0,152.0,0.0,152.0,0.0,152.0,0.0,152.0,0.0,152.0,0.0,152.0,0.3903654536404936,26.0,7.0,8.0,137.0,839.0,20.0,2661.0,0.551999,2.0,0.0,0.0,0.329998,2.0,0.0,0.0,0.0,0.0,0.0,0.0,0.0,0.0,0.0,0.0,0.0,0.0,0.0,0.0,0.0,0.0,0.0,0.0,0.0,0.0,2020-12-12 13:00:00,9657.135,2.6825375,5.316666666666666,6.65
P002,1.0,0.0,0.0,48.03333333333333,0.0,0.0,0.0,0.0,0.065999,1.0,968.829959,42.0,1364.187913,112.0,0.0,121.0,0.0,121.0,0.0,121.0,0.0,121.0,0.0,121.0,0.0,121.0,0.0,121.0,0.0,121.0,0.0,121.0,0.0,121.0,0.0,121.0,0.0,121.0,0.3159207886405373,16.0,5.0,4.0,112.0,1341.0,40.0,1579.0,0.0,0.0,0.0,0.0,0.0,0.0,0.0,0.0,0.0,0.0,0.0,0.0,0.0,0.0,0.0,0.0,0.0,0.0,0.0,0.0,0.0,0.0,0.0,0.0,0.0,0.0,2020-12-12 14:00:00,9657.135,2.6825375,5.316666666666666,6.65
P002,1.0,0.0,0.0,36.11666666666667,0.0,0.0,0.0,0.0,0.0,0.0,2400.4119960000003,9.0,2431.168995,13.0,0.0,14.0,0.0,14.0,0.0,14.0,0.0,14.0,0.0,14.0,0.0,14.0,0.0,14.0,0.0,14.0,0.0,14.0,0.0,14.0,0.0,14.0,0.0,14.0,0.2573186405438316,1.0,0.0,1.0,13.0,0.0,2.0,1048.0,0.0,0.0,0.0,0.0,0.0,0.0,0.0,0.0,0.0,0.0,0.0,0.0,0.0,0.0,0.0,0.0,0.0,0.0,0.0,0.0,0.0,0.0,0.0,0.0,0.0,0.0,2020-12-12 15:00:00,9657.135,2.6825375,5.316666666666666,6.65
P002,1.0,0.0,0.0,30.383333333333333,0.0,0.0,0.0,0.0,0.0,0.0,0.0,0.0,0.0,0.0,0.0,3.0,0.0,3.0,0.0,3.0,0.0,3.0,0.0,3.0,0.0,3.0,0.0,3.0,0.0,3.0,0.0,3.0,0.0,3.0,0.0,3.0,0.0,3.0,0.6365141682948128,2.0,2.0,1.0,0.0,15.0,15.0,0.0,0.0,0.0,0.0,0.0,0.0,0.0,0.0,0.0,0.0,0.0,0.0,0.0,0.0,0.0,0.0,0.0,0.0,0.0,0.0,0.0,0.0,0.0,0.0,0.0,,0.0,2020-12-12 16:00:00,9657.135,2.6825375,5.316666666666666,6.65
P002,1.0,0.0,0.0,35.61666666666667,0.0,0.0,0.0,0.0,0.0,0.0,0.0,0.0,0.0,0.0,0.0,0.0,0.0,0.0,0.0,0.0,0.0,0.0,0.0,0.0,0.0,0.0,0.0,0.0,0.0,0.0,0.0,0.0,0.0,0.0,0.0,0.0,0.0,0.0,0.0,0.0,0.0,0.0,0.0,0.0,0.0,0.0,0.0,0.0,0.0,0.0,0.0,0.0,0.0,0.0,0.0,0.0,0.0,0.0,0.0,0.0,0.0,0.0,0.0,0.0,0.0,0.0,0.0,0.0,0.0,0.0,0.0,,2020-12-12 17:00:00,9657.135,2.6825375,5.316666666666666,6.65
P002,1.0,0.0,0.0,54.7,0.0,0.0,0.0,0.0,0.0,0.0,0.0,0.0,0.0,0.0,0.0,0.0,0.0,0.0,0.0,0.0,0.0,0.0,0.0,0.0,0.0,0.0,0.0,0.0,0.0,0.0,0.0,0.0,0.0,0.0,0.0,0.0,0.0,0.0,0.0,0.0,0.0,0.0,0.0,0.0,0.0,0.0,0.0,0.0,0.0,0.0,0.0,0.0,0.0,0.0,0.0,0.0,0.0,0.0,0.0,0.0,0.0,0.0,0.0,0.0,0.0,0.0,0.0,0.0,0.0,0.0,0.0,0.0,2020-12-12 18:00:00,9657.135,2.6825375,5.316666666666666,6.65
P002,2.0,0.0,0.0,39.86666666666667,0.0,0.0,0.0,0.0,0.0,0.0,0.0,0.0,0.0,0.0,0.0,0.0,0.0,0.0,0.0,0.0,0.0,0.0,0.0,0.0,0.0,0.0,0.0,0.0,0.0,0.0,0.0,0.0,0.0,0.0,0.0,0.0,0.0,0.0,0.0,0.0,0.0,0.0,0.0,0.0,0.0,0.0,0.0,0.0,0.0,0.0,0.0,0.0,0.0,0.0,0.0,0.0,0.0,0.0,0.0,0.0,0.0,0.0,0.0,0.0,0.0,0.0,0.0,0.0,0.0,0.0,0.0,0.0,2020-12-12 19:00:00,9657.135,2.6825375,5.316666666666666,6.65
P002,1.0,0.0,0.0,54.2,0.0,0.0,0.0,0.0,0.0,0.0,0.0,0.0,0.0,0.0,0.0,0.0,0.0,0.0,0.0,0.0,0.0,0.0,0.0,0.0,0.0,0.0,0.0,0.0,0.0,0.0,0.0,0.0,0.0,0.0,0.0,0.0,0.0,0.0,0.0,0.0,0.0,0.0,0.0,0.0,0.0,0.0,0.0,0.0,0.0,0.0,0.0,0.0,0.0,0.0,0.0,0.0,0.0,0.0,0.0,0.0,0.0,0.0,0.0,0.0,0.0,0.0,0.0,0.0,0.0,0.0,0.0,0.0,2020-12-12 20:00:00,9657.135,2.6825375,5.316666666666666,6.65
P002,1.0,0.0,0.0,49.766666666666666,0.0,0.0,0.0,0.0,0.0,0.0,0.0,0.0,0.0,0.0,0.0,0.0,0.0,0.0,0.0,0.0,0.0,0.0,0.0,0.0,0.0,0.0,0.0,0.0,0.0,0.0,0.0,0.0,0.0,0.0,0.0,0.0,0.0,0.0,0.0,0.0,0.0,0.0,0.0,0.0,0.0,0.0,0.0,0.0,0.0,0.0,0.0,0.0,0.0,0.0,0.0,0.0,0.0,0.0,0.0,0.0,0.0,0.0,0.0,0.0,0.0,0.0,0.0,0.0,0.0,0.0,,0.0,2020-12-12 21:00:00,9657.135,2.6825375,5.316666666666666,6.65
P002,1.0,0.0,0.0,0.0,0.0,0.0,0.0,58.86666666666667,0.0,0.0,425.527986,2.0,2869.6829340000004,5.0,0.0,7.0,0.0,7.0,0.0,7.0,0.0,7.0,0.0,7.0,0.0,7.0,0.0,7.0,0.0,7.0,0.0,7.0,0.0,7.0,0.0,7.0,0.0,7.0,0.796311640173813,2.0,1.0,1.0,5.0,2308.0,136.0,460.0,0.0,0.0,0.0,0.0,0.0,0.0,0.0,0.0,0.0,0.0,0.0,0.0,0.0,0.0,0.0,0.0,0.0,0.0,0.0,0.0,0.0,0.0,0.0,0.0,0.0,,2020-12-13 09:00:00,5933.607,1.6482241666666666,0.0666666666666666,0.9
P002,1.0,0.0,0.0,0.0,0.0,0.0,0.0,58.016666666666666,0.0,0.0,0.370999,3.0,152.67600399999998,5.0,0.0,6.0,0.0,6.0,0.0,6.0,0.0,6.0,0.0,6.0,0.0,6.0,0.0,6.0,0.0,6.0,0.0,6.0,0.0,6.0,0.0,6.0,0.0,6.0,0.4505612088663046,1.0,1.0,0.0,5.0,0.0,0.0,3392.0,0.0,0.0,0.0,0.0,0.0,0.0,0.0,0.0,0.0,0.0,0.0,0.0,0.0,0.0,0.0,0.0,0.0,0.0,0.0,0.0,0.0,0.0,0.0,0.0,,0.0,2020-12-13 10:00:00,5933.607,1.6482241666666666,0.0666666666666666,0.9
P002,1.0,0.0,0.0,0.0,0.0,0.0,0.0,50.8,9.263999,1.0,25.332995,8.0,1372.735994,17.0,0.0,27.0,0.0,27.0,0.0,27.0,0.0,27.0,0.0,27.0,0.0,27.0,0.0,27.0,0.0,27.0,0.0,27.0,0.0,27.0,0.0,27.0,0.0,27.0,0.915873681808156,12.0,5.0,5.0,17.0,60.0,414.0,494.0,0.0,0.0,0.0,0.0,0.0,0.0,0.0,0.0,0.0,0.0,2.0,2.0,0.0,16.0,137.0,0.0,0.0,0.0,0.0,0.0,0.0,0.0,0.0,0.0,0.0,,2020-12-13 11:00:00,5933.607,1.6482241666666666,0.0666666666666666,0.9
P002,1.0,0.0,0.0,0.0,0.0,0.0,0.0,53.28333333333333,0.0,0.0,2204.424978,6.0,2502.4239780000003,7.0,0.0,13.0,0.0,13.0,0.0,13.0,0.0,13.0,0.0,13.0,0.0,13.0,0.0,13.0,0.0,13.0,0.0,13.0,0.0,13.0,0.0,13.0,0.0,13.0,1.0100997593541636,9.0,3.0,3.0,7.0,2192.0,52.0,685.0,0.0,0.0,0.0,0.0,0.0,0.0,0.0,0.0,0.0,0.0,0.0,0.0,0.0,0.0,0.0,0.0,0.0,0.0,0.0,0.0,0.0,0.0,0.0,0.0,0.0,0.0,2020-12-13 12:00:00,5933.607,1.6482241666666666,0.0666666666666666,0.9
P002,1.0,0.0,0.0,0.0,0.0,0.0,0.0,55.5,0.006,1.0,133.801997,8.0,2723.532969,16.0,0.0,32.0,0.0,32.0,0.0,32.0,0.0,32.0,0.0,32.0,0.0,32.0,0.0,32.0,0.0,32.0,0.0,32.0,0.0,32.0,0.0,32.0,0.0,32.0,1.039720770839918,21.0,8.0,8.0,16.0,2367.0,435.0,653.0,0.0,0.0,0.0,0.0,0.0,0.0,0.0,0.0,0.0,0.0,3.0,3.0,0.0,401.0,463.0,0.0,0.0,0.0,0.0,0.0,0.0,0.0,0.0,0.0,0.0,0.0,2020-12-13 13:00:00,5933.607,1.6482241666666666,0.0666666666666666,0.9
P002,1.0,0.0,0.0,0.0,0.0,0.0,0.0,51.016666666666666,0.194998,8.0,1131.6489959999997,9.0,1132.3659869999997,35.0,0.0,37.0,0.0,37.0,0.0,37.0,0.0,37.0,0.0,37.0,0.0,37.0,0.0,37.0,0.0,37.0,0.0,37.0,0.0,37.0,0.0,37.0,0.0,37.0,0.2477508274515358,3.0,1.0,1.0,35.0,0.0,8.0,1163.0,0.0,0.0,0.0,0.0,0.0,0.0,0.0,0.0,0.0,0.0,0.0,0.0,0.0,0.0,0.0,0.0,0.0,0.0,0.0,0.0,0.0,0.0,0.0,0.0,0.0,0.0,2020-12-13 14:00:00,5933.607,1.6482241666666666,0.0666666666666666,0.9
P002,1.0,0.0,0.0,0.0,0.0,0.0,0.0,57.78333333333333,0.0,0.0,0.0,0.0,0.0,0.0,0.0,0.0,0.0,0.0,0.0,0.0,0.0,0.0,0.0,0.0,0.0,0.0,0.0,0.0,0.0,0.0,0.0,0.0,0.0,0.0,0.0,0.0,0.0,0.0,0.0,0.0,0.0,0.0,0.0,0.0,0.0,0.0,0.0,0.0,0.0,0.0,0.0,0.0,0.0,0.0,0.0,0.0,0.0,0.0,0.0,0.0,0.0,0.0,0.0,0.0,0.0,0.0,0.0,0.0,0.0,0.0,0.0,0.0,2020-12-13 15:00:00,5933.607,1.6482241666666666,0.0666666666666666,0.9
P002,1.0,0.0,0.0,0.0,0.0,0.0,0.0,46.016666666666666,0.008999,1.0,0.168997,6.0,2311.5939940000003,15.0,0.0,17.0,0.0,17.0,0.0,17.0,0.0,17.0,0.0,17.0,0.0,17.0,0.0,17.0,0.0,17.0,0.0,17.0,0.0,17.0,0.0,17.0,0.0,17.0,0.4437572842601484,3.0,1.0,1.0,15.0,0.0,8.0,105.0,0.0,0.0,0.0,0.0,0.0,0.0,0.0,0.0,0.0,0.0,0.0,0.0,0.0,0.0,0.0,0.0,0.0,0.0,0.0,0.0,0.0,0.0,0.0,0.0,0.0,0.0,2020-12-13 16:00:00,5933.607,1.6482241666666666,0.0666666666666666,0.9
P002,1.0,0.0,0.0,0.0,0.0,0.0,0.0,56.25,0.2049979999999999,3.0,0.038999,2.0,3125.97499,30.0,0.0,35.0,0.0,35.0,0.0,35.0,0.0,35.0,0.0,35.0,0.0,35.0,0.0,35.0,0.0,35.0,0.0,35.0,0.0,35.0,0.0,35.0,0.0,35.0,0.5062608421468743,8.0,2.0,3.0,30.0,639.0,10.0,608.0,0.0,0.0,0.0,0.0,0.0,0.0,0.0,0.0,0.0,0.0,0.0,0.0,0.0,0.0,0.0,0.0,0.0,0.0,0.0,0.0,0.0,0.0,0.0,0.0,0.0,0.0,2020-12-13 17:00:00,5933.607,1.6482241666666666,0.0666666666666666,0.9
P002,1.0,0.0,0.0,0.0,0.0,0.0,0.0,55.85,0.0,0.0,0.0,0.0,0.0,0.0,0.0,0.0,0.0,0.0,0.0,0.0,0.0,0.0,0.0,0.0,0.0,0.0,0.0,0.0,0.0,0.0,0.0,0.0,0.0,0.0,0.0,0.0,0.0,0.0,0.0,0.0,0.0,0.0,0.0,0.0,0.0,0.0,0.0,0.0,0.0,0.0,0.0,0.0,0.0,0.0,0.0,0.0,0.0,0.0,0.0,0.0,0.0,0.0,0.0,0.0,0.0,0.0,0.0,0.0,0.0,0.0,0.0,0.0,2020-12-13 18:00:00,5933.607,1.6482241666666666,0.0666666666666666,0.9
P002,1.0,0.0,0.0,0.0,0.0,0.0,0.0,57.05,0.0,0.0,0.0,0.0,0.0,0.0,0.0,0.0,0.0,0.0,0.0,0.0,0.0,0.0,0.0,0.0,0.0,0.0,0.0,0.0,0.0,0.0,0.0,0.0,0.0,0.0,0.0,0.0,0.0,0.0,0.0,0.0,0.0,0.0,0.0,0.0,0.0,0.0,0.0,0.0,0.0,0.0,0.0,0.0,0.0,0.0,0.0,0.0,0.0,0.0,0.0,0.0,0.0,0.0,0.0,0.0,0.0,0.0,0.0,0.0,0.0,0.0,0.0,0.0,2020-12-13 19:00:00,5933.607,1.6482241666666666,0.0666666666666666,0.9
P002,1.0,0.0,0.0,0.0,0.0,0.0,0.0,56.86666666666667,0.0,0.0,0.0,0.0,0.0,0.0,0.0,1.0,0.0,1.0,0.0,1.0,0.0,1.0,0.0,1.0,0.0,1.0,0.0,1.0,0.0,1.0,0.0,1.0,0.0,1.0,0.0,1.0,0.0,1.0,0.0,0.0,1.0,0.0,0.0,1.0,0.0,0.0,0.0,0.0,0.0,0.0,0.0,0.0,0.0,0.0,0.0,0.0,0.0,0.0,0.0,0.0,0.0,0.0,0.0,0.0,0.0,0.0,0.0,0.0,0.0,0.0,0.0,0.0,2020-12-13 20:00:00,5933.607,1.6482241666666666,0.0666666666666666,0.9
P002,1.0,0.0,0.0,0.0,0.0,0.0,0.0,56.81666666666667,0.0,0.0,0.0,0.0,0.0,0.0,0.0,0.0,0.0,0.0,0.0,0.0,0.0,0.0,0.0,0.0,0.0,0.0,0.0,0.0,0.0,0.0,0.0,0.0,0.0,0.0,0.0,0.0,0.0,0.0,0.0,0.0,0.0,0.0,0.0,0.0,0.0,0.0,0.0,0.0,0.0,0.0,0.0,0.0,0.0,0.0,0.0,0.0,0.0,0.0,0.0,0.0,0.0,0.0,0.0,0.0,0.0,0.0,0.0,0.0,0.0,0.0,,0.0,2020-12-13 21:00:00,5933.607,1.6482241666666666,0.0666666666666666,0.9
P002,4.0,10.4,44.68333333333333,3.55,0.0,0.0,0.0,0.0,0.0,0.0,477.488002,12.0,1171.6119929999998,25.0,0.0,37.0,0.0,37.0,0.0,37.0,0.0,37.0,0.0,37.0,0.0,37.0,0.0,37.0,0.0,37.0,0.0,37.0,0.0,37.0,0.0,37.0,0.0,37.0,0.8548906355512063,17.0,6.0,6.0,25.0,1026.0,1314.0,692.0,0.0,0.0,0.0,0.0,0.0,0.0,0.0,0.0,0.0,0.0,0.0,1.0,0.0,0.0,341.0,1.0,0.0,0.0,0.0,0.0,1.0,1.0,2.0,1542.0,1.0,,2020-12-14 09:00:00,22858.35,6.349541666666666,1.0833333333333333,4.25
P002,3.0,7.533333333333333,0.0,14.75,0.0,0.0,0.0,12.166666666666666,0.0,0.0,0.0,0.0,1821.902999,3.0,0.0,9.0,0.0,9.0,0.0,9.0,0.0,9.0,0.0,9.0,0.0,9.0,0.0,9.0,0.0,9.0,0.0,9.0,0.0,9.0,0.0,9.0,0.0,9.0,1.0986122886681096,6.0,3.0,3.0,3.0,336.0,46.0,160.0,0.0,0.0,0.0,0.0,0.0,0.0,0.0,0.0,0.0,0.0,2.0,1.0,0.0,543.0,378.0,1.0,552.0,0.0,0.0,0.0,0.0,0.0,0.0,0.0,,1.0,2020-12-14 10:00:00,22858.35,6.349541666666666,1.0833333333333333,4.25
P002,3.0,2.316666666666667,0.0,4.033333333333333,0.0,0.0,0.0,44.766666666666666,0.0,0.0,0.0,0.0,519.176999,6.0,0.0,14.0,0.0,14.0,0.0,14.0,0.0,14.0,0.0,14.0,0.0,14.0,0.0,14.0,0.0,14.0,0.0,14.0,0.0,14.0,0.0,14.0,0.0,14.0,1.078992207877583,8.0,4.0,4.0,6.0,625.0,60.0,2197.0,0.0,0.0,0.0,0.0,0.0,0.0,0.0,0.0,0.0,0.0,0.0,2.0,0.0,0.0,306.0,3.0,263.0,0.0,0.0,0.0,0.0,0.0,0.0,0.0,0.0,,2020-12-14 11:00:00,22858.35,6.349541666666666,1.0833333333333333,4.25
P002,2.0,3.183333333333333,55.71666666666667,0.0,0.0,0.0,0.0,0.0,0.028997,3.0,788.119995,1.0,1083.191984,26.0,0.0,34.0,0.0,34.0,0.0,34.0,0.0,34.0,0.0,34.0,0.0,34.0,0.0,34.0,0.0,34.0,0.0,34.0,0.0,34.0,0.0,34.0,0.0,34.0,0.7012565123592978,14.0,3.0,5.0,26.0,1072.0,117.0,2373.0,0.0,0.0,0.0,0.0,0.0,0.0,0.0,0.0,0.0,0.0,1.0,1.0,0.0,0.0,164.0,1.0,1081.0,0.0,0.0,0.0,2.0,2.0,0.0,0.0,0.0,0.0,2020-12-14 12:00:00,22858.35,6.349541666666666,1.0833333333333333,4.25
P002,1.0,0.0,30.98333333333333,0.0,0.0,0.0,0.0,0.0,118.346,1.0,0.0,0.0,118.377999,5.0,0.0,6.0,0.0,6.0,0.0,6.0,0.0,6.0,0.0,6.0,0.0,6.0,0.0,6.0,0.0,6.0,0.0,6.0,0.0,6.0,0.0,6.0,0.0,6.0,0.4505612088663046,1.0,1.0,0.0,5.0,0.0,0.0,561.0,0.0,0.0,0.0,0.0,0.0,0.0,0.0,0.0,0.0,0.0,0.0,0.0,0.0,0.0,0.0,0.0,0.0,0.0,0.0,0.0,0.0,0.0,0.0,0.0,0.0,0.0,2020-12-14 13:00:00,22858.35,6.349541666666666,1.0833333333333333,4.25
P002,0.0,0.0,0.0,0.0,0.0,0.0,0.0,0.0,1333.723,1.0,0.0,0.0,3450.226906,2.0,0.0,2.0,0.0,2.0,0.0,2.0,0.0,2.0,0.0,2.0,0.0,2.0,0.0,2.0,0.0,2.0,0.0,2.0,0.0,2.0,0.0,2.0,0.0,2.0,0.0,0.0,0.0,0.0,2.0,0.0,0.0,2117.0,0.0,0.0,0.0,0.0,0.0,0.0,0.0,0.0,0.0,0.0,0.0,0.0,0.0,0.0,0.0,0.0,0.0,0.0,0.0,0.0,0.0,0.0,0.0,0.0,,0.0,2020-12-14 14:00:00,22858.35,6.349541666666666,1.0833333333333333,4.25
P002,1.0,0.0,7.35,0.0,0.0,0.0,0.0,0.0,0.148998,8.0,0.6409940000000001,15.0,1799.9079769999998,52.0,0.0,57.0,0.0,57.0,0.0,57.0,0.0,57.0,0.0,57.0,0.0,57.0,0.0,57.0,0.0,57.0,0.0,57.0,0.0,57.0,0.0,57.0,0.0,57.0,0.3562652223370337,9.0,2.0,3.0,52.0,568.0,10.0,1500.0,0.0,0.0,0.0,0.0,0.0,0.0,0.0,0.0,0.0,0.0,1.0,1.0,0.0,0.0,31.0,0.0,0.0,0.0,0.0,0.0,0.0,0.0,0.0,0.0,1.0,,2020-12-14 15:00:00,22858.35,6.349541666666666,1.0833333333333333,4.25
P002,1.0,0.0,35.93333333333333,0.0,0.0,0.0,0.0,0.0,0.0,0.0,5.008996,5.0,1012.246973,17.0,0.0,19.0,0.0,19.0,0.0,19.0,0.0,19.0,0.0,19.0,0.0,19.0,0.0,19.0,0.0,19.0,0.0,19.0,0.0,19.0,0.0,19.0,0.0,19.0,0.4094586186950892,4.0,1.0,1.0,17.0,695.0,4.0,1599.0,0.0,0.0,0.0,0.0,0.0,0.0,0.0,0.0,0.0,0.0,1.0,2.0,0.0,1972.0,40.0,0.0,0.0,0.0,0.0,0.0,0.0,0.0,0.0,0.0,,1.0,2020-12-14 16:00:00,22858.35,6.349541666666666,1.0833333333333333,4.25
P002,4.0,9.95,6.533333333333333,2.216666666666667,0.0,0.0,0.0,16.0,0.0,0.0,445.43499100000014,37.0,541.488987,44.0,0.0,57.0,0.0,57.0,0.0,57.0,0.0,57.0,0.0,57.0,0.0,57.0,0.0,57.0,0.0,57.0,0.0,57.0,0.0,57.0,0.0,57.0,0.0,57.0,0.6943447458843921,21.0,7.0,6.0,44.0,461.0,71.0,330.0,0.0,0.0,0.0,0.0,0.0,0.0,0.0,0.0,0.0,0.0,2.0,2.0,0.0,245.0,1065.0,3.0,1184.0,0.0,0.0,0.0,0.0,0.0,0.0,0.0,0.0,,2020-12-14 17:00:00,22858.35,6.349541666666666,1.0833333333333333,4.25
P002,1.0,0.0,0.0,0.0,0.0,0.0,0.0,13.283333333333331,0.0,0.0,0.016,1.0,3055.09999,11.0,0.0,14.0,0.0,14.0,0.0,14.0,0.0,14.0,0.0,14.0,0.0,14.0,0.0,14.0,0.0,14.0,0.0,14.0,0.0,14.0,0.0,14.0,0.0,14.0,0.6559757323365467,5.0,1.0,2.0,11.0,365.0,22.0,41.0,0.0,0.0,0.0,0.0,0.0,0.0,0.0,0.0,0.0,0.0,1.0,1.0,0.0,0.0,183.0,0.0,0.0,0.0,0.0,0.0,0.0,0.0,0.0,0.0,,0.0,2020-12-14 18:00:00,22858.35,6.349541666666666,1.0833333333333333,4.25
P002,1.0,0.0,0.0,0.0,0.0,0.0,0.0,53.65,0.0,0.0,0.215998,4.0,0.306996,8.0,0.0,9.0,0.0,9.0,0.0,9.0,0.0,9.0,0.0,9.0,0.0,9.0,0.0,9.0,0.0,9.0,0.0,9.0,0.0,9.0,0.0,9.0,0.0,9.0,0.3488320958430319,1.0,1.0,0.0,8.0,0.0,0.0,329.0,0.0,0.0,0.0,0.0,0.0,0.0,0.0,0.0,0.0,0.0,0.0,0.0,0.0,0.0,0.0,0.0,0.0,0.0,0.0,0.0,0.0,0.0,0.0,0.0,0.0,,2020-12-14 19:00:00,22858.35,6.349541666666666,1.0833333333333333,4.25
P002,1.0,0.0,0.0,0.0,0.0,0.0,0.0,46.53333333333333,0.0,0.0,0.0,0.0,0.0,0.0,0.0,0.0,0.0,0.0,0.0,0.0,0.0,0.0,0.0,0.0,0.0,0.0,0.0,0.0,0.0,0.0,0.0,0.0,0.0,0.0,0.0,0.0,0.0,0.0,0.0,0.0,0.0,0.0,0.0,0.0,0.0,0.0,0.0,0.0,0.0,0.0,0.0,0.0,0.0,0.0,0.0,0.0,0.0,0.0,0.0,0.0,0.0,0.0,0.0,0.0,0.0,0.0,0.0,0.0,0.0,0.0,,0.0,2020-12-14 20:00:00,22858.35,6.349541666666666,1.0833333333333333,4.25
P002,0.0,0.0,0.0,0.0,0.0,0.0,0.0,0.0,0.0,0.0,0.0,0.0,0.0,0.0,0.0,0.0,0.0,0.0,0.0,0.0,0.0,0.0,0.0,0.0,0.0,0.0,0.0,0.0,0.0,0.0,0.0,0.0,0.0,0.0,0.0,0.0,0.0,0.0,0.0,0.0,0.0,0.0,0.0,0.0,0.0,0.0,0.0,0.0,0.0,0.0,0.0,0.0,0.0,0.0,0.0,0.0,0.0,0.0,0.0,0.0,0.0,0.0,0.0,0.0,0.0,0.0,0.0,0.0,0.0,0.0,0.0,,2020-12-15 11:00:00,9038.927,2.5108130555555555,5.483333333333333,6.733333333333333
P002,0.0,0.0,0.0,0.0,0.0,0.0,0.0,0.0,0.0,0.0,0.0,0.0,0.0,0.0,0.0,0.0,0.0,0.0,0.0,0.0,0.0,0.0,0.0,0.0,0.0,0.0,0.0,0.0,0.0,0.0,0.0,0.0,0.0,0.0,0.0,0.0,0.0,0.0,0.0,0.0,0.0,0.0,0.0,0.0,0.0,0.0,0.0,0.0,0.0,0.0,0.0,0.0,0.0,0.0,0.0,0.0,0.0,0.0,0.0,0.0,0.0,0.0,0.0,0.0,0.0,0.0,0.0,0.0,0.0,0.0,,0.0,2020-12-15 12:00:00,9038.927,2.5108130555555555,5.483333333333333,6.733333333333333
P002,0.0,0.0,0.0,0.0,0.0,0.0,0.0,0.0,0.0,0.0,0.0,0.0,0.0,0.0,0.0,0.0,0.0,0.0,0.0,0.0,0.0,0.0,0.0,0.0,0.0,0.0,0.0,0.0,0.0,0.0,0.0,0.0,0.0,0.0,0.0,0.0,0.0,0.0,0.0,0.0,0.0,0.0,0.0,0.0,0.0,0.0,0.0,0.0,0.0,0.0,0.0,0.0,0.0,0.0,0.0,0.0,0.0,0.0,0.0,0.0,0.0,0.0,0.0,0.0,0.0,0.0,0.0,0.0,0.0,0.0,0.0,,2020-12-15 13:00:00,9038.927,2.5108130555555555,5.483333333333333,6.733333333333333
P002,0.0,0.0,0.0,0.0,0.0,0.0,0.0,0.0,0.0,0.0,0.0,0.0,0.0,0.0,0.0,0.0,0.0,0.0,0.0,0.0,0.0,0.0,0.0,0.0,0.0,0.0,0.0,0.0,0.0,0.0,0.0,0.0,0.0,0.0,0.0,0.0,0.0,0.0,0.0,0.0,0.0,0.0,0.0,0.0,0.0,0.0,0.0,0.0,0.0,0.0,0.0,0.0,0.0,0.0,0.0,0.0,0.0,0.0,0.0,0.0,0.0,0.0,0.0,0.0,0.0,0.0,0.0,0.0,0.0,0.0,,0.0,2020-12-15 14:00:00,9038.927,2.5108130555555555,5.483333333333333,6.733333333333333
P002,1.0,0.0,0.0,0.0,0.0,0.0,0.0,0.0,0.0,0.0,0.0,0.0,155.888,2.0,0.0,4.0,0.0,4.0,0.0,4.0,0.0,4.0,0.0,4.0,0.0,4.0,0.0,4.0,0.0,4.0,0.0,4.0,0.0,4.0,0.0,4.0,0.0,4.0,1.039720770839918,2.0,1.0,1.0,2.0,0.0,32.0,37.0,0.0,0.0,0.0,0.0,0.0,0.0,0.0,0.0,0.0,0.0,0.0,0.0,0.0,0.0,0.0,0.0,0.0,0.0,0.0,0.0,0.0,0.0,0.0,0.0,1.0,,2020-12-16 13:00:00,10173.643,2.8260119444444443,4.183333333333334,5.583333333333333
P002,0.0,0.0,0.0,0.0,0.0,0.0,0.0,0.0,0.075999,1.0,0.025,2.0,975.467001,23.0,0.0,27.0,0.0,27.0,0.0,27.0,0.0,27.0,0.0,27.0,0.0,27.0,0.0,27.0,0.0,27.0,0.0,27.0,0.0,27.0,0.0,27.0,0.0,27.0,0.5221718405002467,6.0,2.0,2.0,23.0,399.0,13.0,456.0,0.0,0.0,0.0,0.0,0.0,0.0,0.0,0.0,0.0,0.0,0.0,0.0,0.0,0.0,0.0,0.0,0.0,0.0,0.0,0.0,0.0,0.0,0.0,0.0,0.0,1.0,2020-12-16 14:00:00,10173.643,2.8260119444444443,4.183333333333334,5.583333333333333
P002,0.0,0.0,0.0,0.0,0.0,0.0,0.0,0.0,0.0,0.0,0.0,0.0,0.0,0.0,0.0,0.0,0.0,0.0,0.0,0.0,0.0,0.0,0.0,0.0,0.0,0.0,0.0,0.0,0.0,0.0,0.0,0.0,0.0,0.0,0.0,0.0,0.0,0.0,0.0,0.0,0.0,0.0,0.0,0.0,0.0,0.0,0.0,0.0,0.0,0.0,0.0,0.0,0.0,0.0,0.0,0.0,0.0,0.0,0.0,0.0,0.0,0.0,0.0,0.0,0.0,0.0,0.0,0.0,0.0,0.0,0.0,0.0,2020-12-16 15:00:00,10173.643,2.8260119444444443,4.183333333333334,5.583333333333333
P002,1.0,0.0,21.2,0.0,0.0,0.0,0.0,0.0,0.129999,2.0,0.149998,4.0,2151.625986000001,38.0,154.70151233673096,155.0,105.885,155.0,119.90482091903688,155.0,0.0,155.0,0.0,155.0,0.0,155.0,0.0,155.0,62.622,155.0,0.0,155.0,0.0,155.0,0.0,155.0,0.0,155.0,0.1642159211672299,7.0,2.0,3.0,150.0,1534.0,11.0,1506.0,0.0,0.0,0.0,0.0,0.0,0.0,0.0,0.0,0.0,0.0,0.0,0.0,0.0,0.0,0.0,0.0,0.0,0.0,0.0,0.0,0.0,0.0,0.0,0.0,0.0,0.0,2020-12-16 16:00:00,10173.643,2.8260119444444443,4.183333333333334,5.583333333333333
P002,4.0,3.533333333333333,53.68333333333333,0.0,0.0,0.0,1.8333333333333333,0.0,0.0,0.0,0.0,0.0,517.249994,12.0,113.107199549675,100.0,31.341,100.0,0.0,100.0,0.0,100.0,0.0,100.0,0.0,100.0,0.0,100.0,0.0,100.0,0.0,100.0,0.0,100.0,0.0,100.0,0.0,100.0,0.3943976914474427,15.0,5.0,5.0,90.0,505.0,29.0,1539.0,0.0,0.0,0.0,0.0,0.0,0.0,0.0,0.0,0.0,0.0,0.0,0.0,0.0,0.0,0.0,0.0,0.0,0.0,0.0,0.0,0.0,0.0,0.0,0.0,0.0,0.0,2020-12-16 17:00:00,10173.643,2.8260119444444443,4.183333333333334,5.583333333333333
P002,1.0,0.0,0.0,0.0,0.0,0.0,0.0,51.91666666666666,0.0,0.0,0.0,0.0,376.449998,10.0,46.10772407054901,43.0,13.623,43.0,0.0,43.0,0.0,43.0,0.0,43.0,0.0,43.0,0.0,43.0,0.0,43.0,0.0,43.0,0.0,43.0,0.0,43.0,0.0,43.0,0.2203523311615479,3.0,1.0,1.0,41.0,374.0,0.0,1537.0,0.0,0.0,0.0,0.0,0.0,0.0,0.0,0.0,0.0,0.0,0.0,0.0,0.0,0.0,0.0,0.0,0.0,0.0,0.0,0.0,0.0,0.0,0.0,0.0,0.0,0.0,2020-12-16 18:00:00,10173.643,2.8260119444444443,4.183333333333334,5.583333333333333
P002,1.0,0.0,0.0,0.0,0.0,0.0,0.0,50.96666666666667,0.0,0.0,0.0,0.0,0.0,0.0,0.0,0.0,0.0,0.0,0.0,0.0,0.0,0.0,0.0,0.0,0.0,0.0,0.0,0.0,0.0,0.0,0.0,0.0,0.0,0.0,0.0,0.0,0.0,0.0,0.0,0.0,0.0,0.0,0.0,0.0,0.0,0.0,0.0,0.0,0.0,0.0,0.0,0.0,0.0,0.0,0.0,0.0,0.0,0.0,0.0,0.0,0.0,0.0,0.0,0.0,0.0,0.0,0.0,0.0,0.0,0.0,,0.0,2020-12-16 19:00:00,10173.643,2.8260119444444443,4.183333333333334,5.583333333333333
P002,1.0,0.0,0.0,0.0,0.0,0.0,0.0,28.08333333333333,0.0,0.0,0.0,0.0,0.0,0.0,0.0,1.0,0.0,1.0,0.0,1.0,0.0,1.0,0.0,1.0,0.0,1.0,0.0,1.0,0.0,1.0,0.0,1.0,0.0,1.0,0.0,1.0,0.0,1.0,0.0,0.0,1.0,0.0,0.0,1.0,0.0,0.0,0.0,0.0,0.0,0.0,0.0,0.0,0.0,0.0,0.0,0.0,0.0,0.0,0.0,0.0,0.0,0.0,0.0,0.0,0.0,0.0,0.0,0.0,0.0,0.0,0.0,,2020-12-16 20:00:00,10173.643,2.8260119444444443,4.183333333333334,5.583333333333333
P002,1.0,0.0,0.0,0.0,0.0,0.0,0.0,5.083333333333333,0.0,0.0,0.0,0.0,0.0,0.0,0.0,0.0,0.0,0.0,0.0,0.0,0.0,0.0,0.0,0.0,0.0,0.0,0.0,0.0,0.0,0.0,0.0,0.0,0.0,0.0,0.0,0.0,0.0,0.0,0.0,0.0,0.0,0.0,0.0,0.0,0.0,0.0,0.0,0.0,0.0,0.0,0.0,0.0,0.0,0.0,0.0,0.0,0.0,0.0,0.0,0.0,0.0,0.0,0.0,0.0,0.0,0.0,0.0,0.0,0.0,0.0,,0.0,2020-12-16 21:00:00,10173.643,2.8260119444444443,4.183333333333334,5.583333333333333
P002,1.0,0.0,39.73333333333333,0.0,0.0,0.0,0.0,0.0,0.0,0.0,0.278995,14.0,972.886992,24.0,1246.7066178321838,1156.0,484.574,1156.0,1231.6000680923462,1156.0,0.0,1156.0,0.0,1156.0,0.0,1156.0,0.0,1156.0,322.041,1156.0,0.0,1156.0,0.0,1156.0,0.0,1156.0,0.0,1156.0,0.0254596600896208,6.0,2.0,2.0,1152.0,247.0,87.0,2106.0,0.0,0.0,0.0,0.0,0.0,0.0,0.0,0.0,0.0,0.0,1.0,0.0,0.0,1.0,0.0,0.0,0.0,0.0,0.0,0.0,3.0,3.0,0.0,0.0,0.0,,2020-12-17 09:00:00,13421.602,3.728222777777778,4.133333333333334,6.0
P002,1.0,0.0,54.583333333333336,0.0,0.0,0.0,0.0,0.0,0.0,0.0,220.874002,12.0,1771.040987,47.0,537.8694306612015,470.0,137.891,470.0,537.8694306612015,470.0,0.0,470.0,0.0,470.0,0.0,470.0,0.0,470.0,137.891,470.0,0.0,470.0,0.0,470.0,0.0,470.0,0.0,470.0,0.1177144728177517,15.0,5.0,5.0,460.0,547.0,164.0,2494.0,0.0,0.0,0.0,0.0,0.0,0.0,0.0,0.0,0.0,0.0,4.0,4.0,0.0,1245.0,297.0,0.0,0.0,0.0,0.0,0.0,0.0,0.0,0.0,0.0,0.0,0.0,2020-12-17 10:00:00,13421.602,3.728222777777778,4.133333333333334,6.0
P002,1.0,0.0,55.9,0.0,0.0,0.0,0.0,0.0,0.0,0.0,1.7309989999999995,4.0,2172.332046,7.0,2.2360680103302,14.0,3.038,14.0,2.2360680103302,14.0,0.0,14.0,0.0,14.0,0.0,14.0,0.0,14.0,3.038,14.0,0.0,14.0,0.0,14.0,0.0,14.0,0.0,14.0,0.796311640173813,5.0,2.0,2.0,10.0,1940.0,225.0,331.0,0.0,0.0,0.0,0.0,0.0,0.0,0.0,0.0,0.0,0.0,1.0,1.0,0.0,0.0,232.0,0.0,0.0,0.0,0.0,0.0,0.0,0.0,0.0,0.0,,0.0,2020-12-17 11:00:00,13421.602,3.728222777777778,4.133333333333334,6.0
P002,0.0,0.0,0.0,0.0,0.0,0.0,0.0,0.0,0.0,0.0,0.0,0.0,1633.605003,9.0,0.0,12.0,0.0,12.0,0.0,12.0,0.0,12.0,0.0,12.0,0.0,12.0,0.0,12.0,0.0,12.0,0.0,12.0,0.0,12.0,0.0,12.0,0.0,12.0,0.7214636866925116,5.0,2.0,1.0,9.0,1545.0,694.0,351.0,0.0,0.0,0.0,0.0,0.0,0.0,0.0,0.0,0.0,0.0,0.0,0.0,0.0,0.0,0.0,0.0,0.0,0.0,0.0,0.0,0.0,0.0,0.0,0.0,0.0,,2020-12-17 13:00:00,13421.602,3.728222777777778,4.133333333333334,6.0
P002,0.0,0.0,0.0,0.0,0.0,0.0,0.0,0.0,0.0,0.0,0.0,0.0,1726.3400089999998,11.0,0.0,15.0,0.0,15.0,0.0,15.0,0.0,15.0,0.0,15.0,0.0,15.0,0.0,15.0,0.0,15.0,0.0,15.0,0.0,15.0,0.0,15.0,0.0,15.0,0.7647544195674196,7.0,2.0,2.0,11.0,317.0,13.0,1001.0,0.0,0.0,0.0,0.0,0.0,0.0,0.0,0.0,0.0,0.0,0.0,0.0,0.0,0.0,0.0,0.0,0.0,0.0,0.0,0.0,0.0,0.0,0.0,0.0,0.0,0.0,2020-12-17 14:00:00,13421.602,3.728222777777778,4.133333333333334,6.0
P002,1.0,0.0,24.98333333333333,0.0,0.0,0.0,0.0,0.0,0.0,0.0,34.06298800000001,22.0,1667.6409549999996,35.0,468.3130966424942,397.0,132.288,397.0,468.3130966424942,397.0,0.0,397.0,0.0,397.0,0.0,397.0,0.0,397.0,132.288,397.0,0.0,397.0,0.0,397.0,0.0,397.0,0.0,397.0,0.0760854685335744,10.0,2.0,3.0,392.0,775.0,14.0,1146.0,0.0,0.0,0.0,0.0,0.0,0.0,0.0,0.0,0.0,0.0,2.0,2.0,0.0,271.0,56.0,0.0,0.0,0.0,0.0,0.0,0.0,0.0,0.0,0.0,,0.0,2020-12-17 15:00:00,13421.602,3.728222777777778,4.133333333333334,6.0
P002,3.0,2.0166666666666666,52.0,0.0,0.0,0.0,0.0,4.016666666666667,0.0,0.0,0.0,0.0,245.953005,3.0,0.0,3.0,0.0,3.0,0.0,3.0,0.0,3.0,0.0,3.0,0.0,3.0,0.0,3.0,0.0,3.0,0.0,3.0,0.0,3.0,0.0,3.0,0.0,3.0,0.0,0.0,0.0,0.0,3.0,0.0,0.0,673.0,245.672006,2.0,0.0,0.0,0.0,0.0,0.0,0.0,0.0,0.0,2.0,2.0,0.0,129.0,207.0,1.0,373.0,0.0,0.0,0.0,0.0,0.0,0.0,0.0,0.0,,2020-12-17 17:00:00,13421.602,3.728222777777778,4.133333333333334,6.0
P002,1.0,0.0,0.0,0.0,0.0,0.0,0.0,52.66666666666666,0.0,0.0,0.256,7.0,187.913999,27.0,27.3731826543808,49.0,9.004,49.0,27.3731826543808,49.0,0.0,49.0,0.0,49.0,0.0,49.0,0.0,49.0,9.004,49.0,0.0,49.0,0.0,49.0,0.0,49.0,0.0,49.0,0.3982187650590406,6.0,3.0,2.0,44.0,174.0,12.0,2371.0,0.017999,1.0,0.0,0.0,0.0,0.0,0.0,0.0,0.0,4.0,5.0,1.0,152.0,1313.0,36.0,0.0,0.0,0.0,0.0,0.0,0.0,0.0,0.0,0.0,1.0,0.0,2020-12-17 18:00:00,13421.602,3.728222777777778,4.133333333333334,6.0
P002,1.0,0.0,0.0,0.0,0.0,0.0,0.0,36.516666666666666,0.0,0.0,0.0,0.0,0.0,0.0,0.0,0.0,0.0,0.0,0.0,0.0,0.0,0.0,0.0,0.0,0.0,0.0,0.0,0.0,0.0,0.0,0.0,0.0,0.0,0.0,0.0,0.0,0.0,0.0,0.0,0.0,0.0,0.0,0.0,0.0,0.0,0.0,0.0,0.0,0.0,0.0,0.0,0.0,0.0,0.0,0.0,0.0,0.0,0.0,0.0,0.0,0.0,0.0,0.0,0.0,0.0,0.0,0.0,0.0,0.0,0.0,0.0,1.0,2020-12-17 19:00:00,13421.602,3.728222777777778,4.133333333333334,6.0
P002,1.0,0.0,0.0,0.0,0.0,0.0,0.0,40.55,0.0,0.0,0.0,0.0,0.0,0.0,0.0,2.0,0.0,2.0,0.0,2.0,0.0,2.0,0.0,2.0,0.0,2.0,0.0,2.0,0.0,2.0,0.0,2.0,0.0,2.0,0.0,2.0,0.0,2.0,0.6931471805599453,1.0,1.0,1.0,0.0,0.0,8.0,0.0,0.0,0.0,0.0,0.0,0.0,0.0,0.0,0.0,0.0,0.0,0.0,0.0,0.0,0.0,0.0,0.0,0.0,0.0,0.0,0.0,0.0,0.0,0.0,0.0,,0.0,2020-12-17 20:00:00,13421.602,3.728222777777778,4.133333333333334,6.0
P002,1.0,51.016666666666666,0.0,0.0,0.0,0.0,0.0,0.0,0.0,0.0,1105.003974,31.0,1379.902967,63.0,785.888950586319,670.0,215.458,670.0,710.2445954084396,670.0,0.0,670.0,0.0,670.0,0.0,670.0,0.0,670.0,144.083,670.0,0.0,670.0,0.0,670.0,0.0,670.0,0.0,670.0,0.1792564600887837,40.0,12.0,12.0,646.0,755.0,195.0,2426.0,0.0,0.0,0.0,0.0,0.0,0.0,0.0,0.0,0.0,0.0,6.0,6.0,0.0,457.0,1021.0,2.0,1369.0,0.0,0.0,0.0,9.0,9.0,2.0,27.0,0.0,,2020-12-18 09:00:00,10753.312,2.987031111111111,5.0,6.5
P002,0.0,0.0,0.0,0.0,0.0,0.0,0.0,0.0,0.0,0.0,1910.719015,13.0,2176.777024,17.0,70.19348883628845,101.0,34.946,101.0,70.19348883628845,101.0,0.0,101.0,0.0,101.0,0.0,101.0,0.0,101.0,34.946,101.0,0.0,101.0,0.0,101.0,0.0,101.0,0.0,101.0,0.4985190474380598,23.0,7.0,7.0,87.0,1093.0,16.0,1023.0,258.60501,1.0,0.0,0.0,0.0,0.0,0.0,0.0,0.0,0.0,0.0,0.0,0.0,0.0,0.0,0.0,0.0,0.0,0.0,0.0,2.0,2.0,0.0,0.0,0.0,0.0,2020-12-18 10:00:00,10753.312,2.987031111111111,5.0,6.5
P002,2.0,44.53333333333333,0.0,0.0,12.083333333333334,0.0,0.0,0.0,0.004,1.0,268.711986,47.0,1534.542,82.0,561.657944560051,594.0,181.319,594.0,536.7256903648376,594.0,0.0,594.0,0.0,594.0,0.0,594.0,0.0,594.0,173.284,594.0,0.0,594.0,0.0,594.0,0.0,594.0,0.0,594.0,0.2350070906118511,40.0,15.0,15.0,564.0,1963.0,466.0,759.0,0.075999,3.0,0.0,0.0,0.0,0.0,0.0,0.0,0.0,0.0,2.0,4.0,0.0,320.0,719.0,3.0,1538.0,0.0,0.0,0.0,1.0,1.0,1.0,21.0,,0.0,2020-12-18 11:00:00,10753.312,2.987031111111111,5.0,6.5
P002,1.0,0.0,0.0,0.0,58.05,0.0,0.0,0.0,0.0,0.0,281.0799899999999,38.0,297.327986,65.0,286.49752855300903,360.0,116.164,360.0,280.50682377815247,360.0,0.0,360.0,0.0,360.0,0.0,360.0,0.0,360.0,114.725,360.0,0.0,360.0,0.0,360.0,0.0,360.0,0.0,360.0,0.1461846336902896,12.0,5.0,5.0,350.0,1054.0,78.0,1252.0,0.012,2.0,0.0,0.0,0.0,0.0,0.0,0.0,0.0,0.0,1.0,1.0,0.0,0.0,213.0,0.0,0.0,0.0,0.0,0.0,0.0,0.0,0.0,0.0,0.0,,2020-12-18 12:00:00,10753.312,2.987031111111111,5.0,6.5
P002,1.0,0.0,0.0,0.0,56.45,0.0,0.0,0.0,0.0,0.0,365.194003,23.0,2143.049982,39.0,80.21714699268341,117.0,35.817,117.0,6.841619253158569,117.0,0.0,117.0,0.0,117.0,0.0,117.0,0.0,117.0,10.192,117.0,0.0,117.0,0.0,117.0,0.0,117.0,0.0,117.0,0.3765133334864916,17.0,5.0,6.0,106.0,1596.0,38.0,1049.0,0.0,0.0,0.0,0.0,0.0,0.0,0.0,0.0,0.0,0.0,0.0,0.0,0.0,0.0,0.0,0.0,0.0,0.0,0.0,0.0,0.0,0.0,0.0,0.0,,0.0,2020-12-18 13:00:00,10753.312,2.987031111111111,5.0,6.5
P002,1.0,0.0,0.0,0.0,39.46666666666667,0.0,0.0,0.0,0.0,0.0,0.110998,5.0,462.805003,10.0,14.242640614509584,26.0,8.072,26.0,0.0,26.0,0.0,26.0,0.0,26.0,0.0,26.0,0.0,26.0,0.0,26.0,0.0,26.0,0.0,26.0,0.0,26.0,0.0,26.0,0.1630236294943659,1.0,1.0,0.0,25.0,0.0,0.0,889.0,0.0,0.0,0.0,0.0,0.0,0.0,0.0,0.0,0.0,0.0,0.0,0.0,0.0,0.0,0.0,0.0,0.0,0.0,0.0,0.0,0.0,0.0,0.0,0.0,0.0,,2020-12-18 14:00:00,10753.312,2.987031111111111,5.0,6.5
P002,1.0,0.0,0.0,0.0,51.41666666666666,0.0,0.0,0.0,0.0,0.0,0.0,0.0,0.0,0.0,0.0,0.0,0.0,0.0,0.0,0.0,0.0,0.0,0.0,0.0,0.0,0.0,0.0,0.0,0.0,0.0,0.0,0.0,0.0,0.0,0.0,0.0,0.0,0.0,0.0,0.0,0.0,0.0,0.0,0.0,0.0,0.0,0.0,0.0,0.0,0.0,0.0,0.0,0.0,0.0,0.0,0.0,0.0,0.0,0.0,0.0,0.0,0.0,0.0,0.0,0.0,0.0,0.0,0.0,0.0,0.0,0.0,0.0,2020-12-18 15:00:00,10753.312,2.987031111111111,5.0,6.5
P002,1.0,0.0,0.0,0.0,55.81666666666667,0.0,0.0,0.0,0.0,0.0,0.0,0.0,0.0,0.0,0.0,0.0,0.0,0.0,0.0,0.0,0.0,0.0,0.0,0.0,0.0,0.0,0.0,0.0,0.0,0.0,0.0,0.0,0.0,0.0,0.0,0.0,0.0,0.0,0.0,0.0,0.0,0.0,0.0,0.0,0.0,0.0,0.0,0.0,0.0,0.0,0.0,0.0,0.0,0.0,0.0,0.0,0.0,0.0,0.0,0.0,0.0,0.0,0.0,0.0,0.0,0.0,0.0,0.0,0.0,0.0,0.0,0.0,2020-12-18 16:00:00,10753.312,2.987031111111111,5.0,6.5
P002,1.0,0.0,0.0,0.0,55.88333333333333,0.0,0.0,0.0,0.0,0.0,0.0,0.0,0.0,0.0,0.0,0.0,0.0,0.0,0.0,0.0,0.0,0.0,0.0,0.0,0.0,0.0,0.0,0.0,0.0,0.0,0.0,0.0,0.0,0.0,0.0,0.0,0.0,0.0,0.0,0.0,0.0,0.0,0.0,0.0,0.0,0.0,0.0,0.0,0.0,0.0,0.0,0.0,0.0,0.0,0.0,0.0,0.0,0.0,0.0,0.0,0.0,0.0,0.0,0.0,0.0,0.0,0.0,0.0,0.0,0.0,0.0,0.0,2020-12-18 17:00:00,10753.312,2.987031111111111,5.0,6.5
P002,1.0,0.0,0.0,0.0,55.95,0.0,0.0,0.0,0.0,0.0,0.0,0.0,39.898,1.0,0.0,1.0,0.0,1.0,0.0,1.0,0.0,1.0,0.0,1.0,0.0,1.0,0.0,1.0,0.0,1.0,0.0,1.0,0.0,1.0,0.0,1.0,0.0,1.0,0.0,0.0,0.0,0.0,1.0,0.0,0.0,1.0,0.0,0.0,0.0,0.0,0.0,0.0,0.0,0.0,0.0,0.0,0.0,0.0,0.0,0.0,0.0,0.0,0.0,0.0,0.0,0.0,0.0,0.0,0.0,0.0,,0.0,2020-12-18 18:00:00,10753.312,2.987031111111111,5.0,6.5
P002,1.0,0.0,0.0,0.0,55.88333333333333,0.0,0.0,0.0,0.0,0.0,0.0,0.0,0.0,0.0,0.0,0.0,0.0,0.0,0.0,0.0,0.0,0.0,0.0,0.0,0.0,0.0,0.0,0.0,0.0,0.0,0.0,0.0,0.0,0.0,0.0,0.0,0.0,0.0,0.0,0.0,0.0,0.0,0.0,0.0,0.0,0.0,0.0,0.0,0.0,0.0,0.0,0.0,0.0,0.0,0.0,0.0,0.0,0.0,0.0,0.0,0.0,0.0,0.0,0.0,0.0,0.0,0.0,0.0,0.0,0.0,0.0,,2020-12-18 19:00:00,10753.312,2.987031111111111,5.0,6.5
P002,1.0,0.0,0.0,0.0,55.9,0.0,0.0,0.0,0.0,0.0,0.0,0.0,0.0,0.0,0.0,0.0,0.0,0.0,0.0,0.0,0.0,0.0,0.0,0.0,0.0,0.0,0.0,0.0,0.0,0.0,0.0,0.0,0.0,0.0,0.0,0.0,0.0,0.0,0.0,0.0,0.0,0.0,0.0,0.0,0.0,0.0,0.0,0.0,0.0,0.0,0.0,0.0,0.0,0.0,0.0,0.0,0.0,0.0,0.0,0.0,0.0,0.0,0.0,0.0,0.0,0.0,0.0,0.0,0.0,0.0,0.0,0.0,2020-12-18 20:00:00,10753.312,2.987031111111111,5.0,6.5
P002,1.0,0.0,0.0,0.0,55.91666666666666,0.0,0.0,0.0,0.0,0.0,0.0,0.0,0.0,0.0,0.0,0.0,0.0,0.0,0.0,0.0,0.0,0.0,0.0,0.0,0.0,0.0,0.0,0.0,0.0,0.0,0.0,0.0,0.0,0.0,0.0,0.0,0.0,0.0,0.0,0.0,0.0,0.0,0.0,0.0,0.0,0.0,0.0,0.0,0.0,0.0,0.0,0.0,0.0,0.0,0.0,0.0,0.0,0.0,0.0,0.0,0.0,0.0,0.0,0.0,0.0,0.0,0.0,0.0,0.0,0.0,,0.0,2020-12-18 21:00:00,10753.312,2.987031111111111,5.0,6.5
P002,1.0,56.38333333333333,0.0,0.0,0.0,0.0,0.0,0.0,0.0,0.0,0.0,0.0,175.029001,7.0,21.974836945533752,20.0,3.021,20.0,0.0,20.0,0.0,20.0,0.0,20.0,0.0,20.0,0.0,20.0,0.0,20.0,0.0,20.0,0.0,20.0,0.0,20.0,0.0,20.0,0.1985152433458726,1.0,1.0,0.0,19.0,0.0,0.0,2135.0,0.0,0.0,0.0,0.0,0.0,0.0,0.0,0.0,0.0,0.0,0.0,0.0,0.0,0.0,0.0,0.0,0.0,0.0,0.0,0.0,0.0,0.0,0.0,0.0,0.0,,2020-12-19 09:00:00,8360.058,2.3222383333333334,5.666666666666667,6.833333333333333
P002,1.0,58.9,0.0,0.0,0.0,0.0,0.0,0.0,0.0,0.0,747.681003,22.0,2562.373,33.0,702.0270574092865,673.0,213.173,673.0,702.0270574092865,673.0,0.0,673.0,0.0,673.0,0.0,673.0,0.0,673.0,213.173,673.0,0.0,673.0,0.0,673.0,0.0,673.0,0.0,673.0,0.196102500959476,38.0,13.0,14.0,646.0,1234.0,144.0,664.0,0.0,0.0,0.0,0.0,0.0,0.0,0.0,0.0,0.0,0.0,1.0,2.0,0.0,21.0,339.0,0.0,0.0,0.0,0.0,0.0,0.0,0.0,0.0,0.0,0.0,0.0,2020-12-19 10:00:00,8360.058,2.3222383333333334,5.666666666666667,6.833333333333333
P002,5.0,17.4,16.35,10.266666666666667,0.0,0.0,0.0,13.616666666666667,162.983995,5.0,765.9129910000001,41.0,2228.752976,64.0,201.843474984169,248.0,50.206,248.0,201.843474984169,248.0,0.0,248.0,0.0,248.0,0.0,248.0,0.0,248.0,50.206,248.0,0.0,248.0,0.0,248.0,0.0,248.0,0.0,248.0,0.4524281580259841,48.0,14.0,16.0,218.0,1779.0,687.0,873.0,0.0,0.0,0.0,0.0,0.0,0.0,0.0,0.0,0.0,1.0,4.0,2.0,112.0,864.0,1303.0,0.0,0.0,0.0,0.0,0.0,0.0,0.0,0.0,0.0,,0.0,2020-12-19 11:00:00,8360.058,2.3222383333333334,5.666666666666667,6.833333333333333
P002,1.0,0.0,0.0,0.0,0.0,0.0,0.0,55.45,0.0,0.0,0.0,0.0,0.0,0.0,0.0,0.0,0.0,0.0,0.0,0.0,0.0,0.0,0.0,0.0,0.0,0.0,0.0,0.0,0.0,0.0,0.0,0.0,0.0,0.0,0.0,0.0,0.0,0.0,0.0,0.0,0.0,0.0,0.0,0.0,0.0,0.0,0.0,0.0,0.0,0.0,0.0,0.0,0.0,0.0,0.0,0.0,0.0,0.0,0.0,0.0,0.0,0.0,0.0,0.0,0.0,0.0,0.0,0.0,0.0,0.0,0.0,,2020-12-19 16:00:00,8360.058,2.3222383333333334,5.666666666666667,6.833333333333333
P002,1.0,0.0,0.0,0.0,0.0,0.0,0.0,53.98333333333333,0.019999,1.0,0.4099899999999999,21.0,816.0009800000001,43.0,619.5903989076614,428.0,186.723,428.0,269.8649057149887,428.0,0.0,428.0,0.0,428.0,0.0,428.0,0.0,428.0,79.682,428.0,0.0,428.0,0.0,428.0,0.0,428.0,0.0,428.0,0.0164905468700615,1.0,0.0,1.0,427.0,0.0,2.0,2778.0,0.0,0.0,0.0,0.0,0.0,0.0,0.0,0.0,0.0,0.0,0.0,0.0,0.0,0.0,0.0,0.0,0.0,0.0,0.0,0.0,0.0,0.0,0.0,0.0,0.0,0.0,2020-12-19 17:00:00,8360.058,2.3222383333333334,5.666666666666667,6.833333333333333
P002,1.0,0.0,0.0,0.0,0.0,0.0,0.0,57.98333333333333,0.0,0.0,0.031999,2.0,8.205997000000002,7.0,33.12124681472778,30.0,10.702,30.0,0.0,30.0,0.0,30.0,0.0,30.0,0.0,30.0,0.0,30.0,0.0,30.0,0.0,30.0,0.0,30.0,0.0,30.0,0.0,30.0,0.0,0.0,0.0,0.0,30.0,0.0,0.0,122.0,0.0,0.0,0.0,0.0,0.0,0.0,0.0,0.0,0.0,0.0,0.0,0.0,0.0,0.0,0.0,0.0,0.0,0.0,0.0,0.0,0.0,0.0,0.0,0.0,0.0,0.0,2020-12-19 18:00:00,8360.058,2.3222383333333334,5.666666666666667,6.833333333333333
P002,1.0,0.0,0.0,0.0,0.0,0.0,0.0,57.61666666666667,0.0,0.0,0.0,0.0,0.0,0.0,0.0,0.0,0.0,0.0,0.0,0.0,0.0,0.0,0.0,0.0,0.0,0.0,0.0,0.0,0.0,0.0,0.0,0.0,0.0,0.0,0.0,0.0,0.0,0.0,0.0,0.0,0.0,0.0,0.0,0.0,0.0,0.0,0.0,0.0,0.0,0.0,0.0,0.0,0.0,0.0,0.0,0.0,0.0,0.0,0.0,0.0,0.0,0.0,0.0,0.0,0.0,0.0,0.0,0.0,0.0,0.0,0.0,0.0,2020-12-19 19:00:00,8360.058,2.3222383333333334,5.666666666666667,6.833333333333333
P002,1.0,0.0,0.0,0.0,0.0,0.0,0.0,58.18333333333333,0.0,0.0,0.0,0.0,0.0,0.0,0.0,0.0,0.0,0.0,0.0,0.0,0.0,0.0,0.0,0.0,0.0,0.0,0.0,0.0,0.0,0.0,0.0,0.0,0.0,0.0,0.0,0.0,0.0,0.0,0.0,0.0,0.0,0.0,0.0,0.0,0.0,0.0,0.0,0.0,0.0,0.0,0.0,0.0,0.0,0.0,0.0,0.0,0.0,0.0,0.0,0.0,0.0,0.0,0.0,0.0,0.0,0.0,0.0,0.0,0.0,0.0,,0.0,2020-12-19 20:00:00,8360.058,2.3222383333333334,5.666666666666667,6.833333333333333
P002,1.0,0.0,58.833333333333336,0.0,0.0,0.0,0.0,0.0,0.0,0.0,37.446999,4.0,107.261996,10.0,0.0,15.0,0.0,15.0,0.0,15.0,0.0,15.0,0.0,15.0,0.0,15.0,0.0,15.0,0.0,15.0,0.0,15.0,0.0,15.0,0.0,15.0,0.0,15.0,0.8608513906312316,7.0,3.0,2.0,10.0,62.0,1078.0,1093.0,0.0,0.0,0.0,0.0,0.0,0.0,0.0,0.0,0.0,0.0,0.0,0.0,0.0,0.0,0.0,0.0,0.0,0.0,0.0,0.0,0.0,0.0,0.0,0.0,0.0,,2020-12-20 09:00:00,30874.157,8.576154722222222,23.25,3.533333333333333
P002,1.0,0.0,53.583333333333336,0.0,0.0,0.0,0.0,0.0,0.0,0.0,0.0,0.0,2526.1810049999995,9.0,0.0,16.0,0.0,16.0,0.0,16.0,0.0,16.0,0.0,16.0,0.0,16.0,0.0,16.0,0.0,16.0,0.0,16.0,0.0,16.0,0.0,16.0,0.0,16.0,0.9840865030829146,11.0,3.0,4.0,9.0,1422.0,287.0,852.0,0.0,0.0,0.0,0.0,0.0,0.0,0.0,0.0,0.0,0.0,1.0,1.0,0.0,0.0,146.0,0.0,0.0,0.0,0.0,0.0,0.0,0.0,0.0,0.0,,0.0,2020-12-20 10:00:00,30874.157,8.576154722222222,23.25,3.533333333333333
P002,1.0,0.0,0.0,0.0,0.0,0.0,0.0,58.91666666666666,0.0,0.0,0.282998,4.0,8.527992,13.0,76.13620901107788,77.0,18.135,77.0,60.718098521232605,77.0,0.0,77.0,0.0,77.0,0.0,77.0,0.0,77.0,13.965,77.0,0.0,77.0,0.0,77.0,0.0,77.0,0.0,77.0,0.2840379959279669,8.0,3.0,2.0,72.0,6.0,11.0,2476.0,0.0,0.0,0.0,0.0,0.0,0.0,0.0,0.0,0.0,0.0,0.0,0.0,0.0,0.0,0.0,0.0,0.0,0.0,0.0,0.0,0.0,0.0,0.0,0.0,1.0,,2020-12-20 18:00:00,30874.157,8.576154722222222,23.25,3.533333333333333
P002,1.0,0.0,0.0,0.0,0.0,0.0,0.0,58.0,0.0,0.0,0.0,0.0,0.0,0.0,0.0,0.0,0.0,0.0,0.0,0.0,0.0,0.0,0.0,0.0,0.0,0.0,0.0,0.0,0.0,0.0,0.0,0.0,0.0,0.0,0.0,0.0,0.0,0.0,0.0,0.0,0.0,0.0,0.0,0.0,0.0,0.0,0.0,0.0,0.0,0.0,0.0,0.0,0.0,0.0,0.0,0.0,0.0,0.0,0.0,0.0,0.0,0.0,0.0,0.0,0.0,0.0,0.0,0.0,0.0,0.0,0.0,1.0,2020-12-20 19:00:00,30874.157,8.576154722222222,23.25,3.533333333333333
P002,1.0,0.0,0.0,0.0,0.0,0.0,0.0,58.06666666666667,0.0,0.0,0.0,0.0,0.0,0.0,0.0,0.0,0.0,0.0,0.0,0.0,0.0,0.0,0.0,0.0,0.0,0.0,0.0,0.0,0.0,0.0,0.0,0.0,0.0,0.0,0.0,0.0,0.0,0.0,0.0,0.0,0.0,0.0,0.0,0.0,0.0,0.0,0.0,0.0,0.0,0.0,0.0,0.0,0.0,0.0,0.0,0.0,0.0,0.0,0.0,0.0,0.0,0.0,0.0,0.0,0.0,0.0,0.0,0.0,0.0,0.0,,0.0,2020-12-20 20:00:00,30874.157,8.576154722222222,23.25,3.533333333333333
P002,3.0,25.4,3.433333333333333,30.183333333333334,0.0,0.0,0.0,0.0,0.0,0.0,1039.867991,29.0,2923.895001,42.0,133.9472669363022,187.0,32.504,187.0,133.9472669363022,187.0,0.0,187.0,0.0,187.0,0.0,187.0,0.0,187.0,32.504,187.0,0.0,187.0,0.0,187.0,0.0,187.0,0.0,187.0,0.5515786838452247,43.0,15.0,15.0,157.0,2597.0,690.0,270.0,0.0,0.0,0.0,0.0,0.0,0.0,0.0,0.0,0.0,0.0,2.0,3.0,0.0,1826.0,759.0,4.0,876.0,0.0,0.0,0.0,1.0,1.0,2.0,187.0,1.0,,2020-12-21 09:00:00,6732.205,1.8700569444444444,6.116666666666666,7.05
P002,2.0,7.816666666666666,49.25,0.0,0.0,0.0,0.0,0.0,0.0,0.0,581.819004,9.0,582.0269999999999,14.0,0.0,29.0,0.0,29.0,0.0,29.0,0.0,29.0,0.0,29.0,0.0,29.0,0.0,29.0,0.0,29.0,0.0,29.0,0.0,29.0,0.0,29.0,0.0,29.0,1.0499266578678703,20.0,7.0,8.0,14.0,269.0,61.0,1949.0,0.0,0.0,0.0,0.0,0.0,0.0,0.0,0.0,0.0,0.0,1.0,1.0,0.0,0.0,451.0,0.0,0.0,0.0,0.0,0.0,0.0,0.0,0.0,0.0,,1.0,2020-12-21 10:00:00,6732.205,1.8700569444444444,6.116666666666666,7.05
P002,1.0,0.0,58.18333333333333,0.0,0.0,0.0,0.0,0.0,0.0,0.0,2432.378042,16.0,2432.387041,17.0,121.08705365657806,120.0,32.378,120.0,121.08705365657806,120.0,0.0,120.0,0.0,120.0,0.0,120.0,0.0,120.0,32.378,120.0,0.0,120.0,0.0,120.0,0.0,120.0,0.0,120.0,0.1328197033449013,5.0,2.0,1.0,117.0,2414.0,0.0,1174.0,0.0,0.0,0.0,0.0,0.0,0.0,0.0,0.0,0.0,0.0,1.0,0.0,0.0,1.0,0.0,0.0,0.0,0.0,0.0,0.0,0.0,0.0,0.0,0.0,1.0,,2020-12-21 12:00:00,6732.205,1.8700569444444444,6.116666666666666,7.05
P002,1.0,0.0,55.56666666666667,0.0,0.0,0.0,0.0,0.0,0.0,0.0,0.0,0.0,0.0,0.0,0.0,0.0,0.0,0.0,0.0,0.0,0.0,0.0,0.0,0.0,0.0,0.0,0.0,0.0,0.0,0.0,0.0,0.0,0.0,0.0,0.0,0.0,0.0,0.0,0.0,0.0,0.0,0.0,0.0,0.0,0.0,0.0,0.0,0.0,0.0,0.0,0.0,0.0,0.0,0.0,0.0,0.0,0.0,0.0,0.0,0.0,0.0,0.0,0.0,0.0,0.0,0.0,0.0,0.0,0.0,0.0,,1.0,2020-12-21 13:00:00,6732.205,1.8700569444444444,6.116666666666666,7.05
P002,1.0,0.0,57.93333333333333,0.0,0.0,0.0,0.0,0.0,0.0,0.0,49.511997,7.0,240.135997,10.0,303.899741768837,235.0,52.371,235.0,303.899741768837,235.0,0.0,235.0,0.0,235.0,0.0,235.0,0.0,235.0,52.371,235.0,0.0,235.0,0.0,235.0,0.0,235.0,0.0,235.0,0.076481835047547,6.0,1.0,2.0,232.0,20.0,12.0,160.0,0.0,0.0,0.0,0.0,0.0,0.0,0.0,0.0,0.0,0.0,1.0,1.0,0.0,0.0,27.0,0.0,0.0,0.0,0.0,0.0,0.0,0.0,0.0,0.0,0.0,,2020-12-21 14:00:00,6732.205,1.8700569444444444,6.116666666666666,7.05
P002,1.0,0.0,57.91666666666666,0.0,0.0,0.0,0.0,0.0,0.017,1.0,31.493997,7.0,2211.138968,18.0,0.0,28.0,0.0,28.0,0.0,28.0,0.0,28.0,0.0,28.0,0.0,28.0,0.0,28.0,0.0,28.0,0.0,28.0,0.0,28.0,0.0,28.0,0.0,28.0,0.899309125658348,18.0,5.0,5.0,18.0,2121.0,525.0,171.0,0.0,0.0,0.0,0.0,0.0,0.0,0.0,0.0,0.0,0.0,0.0,1.0,0.0,0.0,1.0,0.0,0.0,0.0,0.0,0.0,0.0,0.0,0.0,0.0,,0.0,2020-12-21 15:00:00,6732.205,1.8700569444444444,6.116666666666666,7.05
P002,1.0,0.0,54.71666666666667,0.0,0.0,0.0,0.0,0.0,0.004999,1.0,0.0,0.0,504.648992,4.0,0.0,8.0,0.0,8.0,0.0,8.0,0.0,8.0,0.0,8.0,0.0,8.0,0.0,8.0,0.0,8.0,0.0,8.0,0.0,8.0,0.0,8.0,0.0,8.0,1.039720770839918,6.0,2.0,2.0,4.0,412.0,25.0,13.0,0.0,0.0,0.0,0.0,0.0,0.0,0.0,0.0,0.0,0.0,5.0,4.0,0.0,281.0,344.0,0.0,0.0,0.0,0.0,0.0,0.0,0.0,0.0,0.0,1.0,,2020-12-21 16:00:00,6732.205,1.8700569444444444,6.116666666666666,7.05
P002,1.0,0.0,58.25,0.0,0.0,0.0,0.0,0.0,2094.704,2.0,0.0,0.0,2094.7959990000004,4.0,0.0,8.0,0.0,8.0,0.0,8.0,0.0,8.0,0.0,8.0,0.0,8.0,0.0,8.0,0.0,8.0,0.0,8.0,0.0,8.0,0.0,8.0,0.0,8.0,1.039720770839918,6.0,2.0,2.0,4.0,83.0,15.0,1273.0,0.0,0.0,0.0,0.0,0.0,0.0,0.0,0.0,0.0,0.0,1.0,1.0,0.0,0.0,78.0,0.0,0.0,0.0,0.0,0.0,0.0,0.0,0.0,0.0,0.0,1.0,2020-12-21 17:00:00,6732.205,1.8700569444444444,6.116666666666666,7.05
P002,3.0,3.85,8.15,0.0,0.0,0.0,0.0,41.2,0.007,1.0,0.058999,3.0,868.5689970000001,7.0,52.891175746917725,115.0,56.74,115.0,52.891175746917725,115.0,0.0,115.0,0.0,115.0,0.0,115.0,0.0,115.0,56.74,115.0,0.0,115.0,0.0,115.0,0.0,115.0,0.0,115.0,0.0997597499763415,3.0,1.0,1.0,113.0,0.0,0.0,97.0,0.0,0.0,0.0,0.0,0.0,0.0,0.0,0.0,0.0,0.0,2.0,2.0,0.0,106.0,224.0,1.0,315.0,0.0,0.0,0.0,0.0,0.0,0.0,0.0,,0.0,2020-12-21 18:00:00,6732.205,1.8700569444444444,6.116666666666666,7.05
P002,1.0,0.0,0.0,0.0,0.0,0.0,0.0,58.016666666666666,0.0,0.0,127.624,1.0,2131.401984,40.0,4.4721360206604,53.0,1.679,53.0,0.0,53.0,0.0,53.0,0.0,53.0,0.0,53.0,0.0,53.0,0.0,53.0,0.0,53.0,0.0,53.0,0.0,53.0,0.0,53.0,0.6536905862796634,15.0,5.0,6.0,42.0,1424.0,26.0,1259.0,0.0,0.0,0.0,0.0,0.0,0.0,0.0,0.0,0.0,0.0,0.0,0.0,0.0,0.0,0.0,0.0,0.0,0.0,0.0,0.0,0.0,0.0,0.0,0.0,0.0,,2020-12-21 19:00:00,6732.205,1.8700569444444444,6.116666666666666,7.05
P002,1.0,0.0,0.0,0.0,0.0,0.0,0.0,56.03333333333333,0.0,0.0,0.0,0.0,232.15699,27.0,0.0,29.0,0.0,29.0,0.0,29.0,0.0,29.0,0.0,29.0,0.0,29.0,0.0,29.0,0.0,29.0,0.0,29.0,0.0,29.0,0.0,29.0,0.0,29.0,0.2987580581893401,2.0,1.0,1.0,27.0,0.0,1.0,240.0,0.0,0.0,0.0,0.0,0.0,0.0,0.0,0.0,0.0,0.0,0.0,0.0,0.0,0.0,0.0,0.0,0.0,0.0,0.0,0.0,0.0,0.0,0.0,0.0,,0.0,2020-12-21 20:00:00,6732.205,1.8700569444444444,6.116666666666666,7.05
P002,3.0,4.283333333333333,33.65,17.616666666666667,0.0,0.0,0.0,0.0,178.089002,4.0,0.0,0.0,184.993995,12.0,0.0,18.0,0.0,18.0,0.0,18.0,0.0,18.0,0.0,18.0,0.0,18.0,0.0,18.0,0.0,18.0,0.0,18.0,0.0,18.0,0.0,18.0,0.0,18.0,0.8675632284814612,8.0,3.0,3.0,12.0,471.0,9.0,1817.0,0.0,0.0,0.0,0.0,0.0,0.0,0.0,0.0,0.0,0.0,4.0,4.0,0.0,1816.0,724.0,1.0,85.0,0.0,0.0,0.0,0.0,0.0,0.0,0.0,0.0,,2020-12-22 10:00:00,12213.428,3.392618888888889,3.783333333333333,5.483333333333333
P002,1.0,0.0,58.11666666666667,0.0,0.0,0.0,0.0,0.0,0.0,0.0,0.0,0.0,1788.2190369999998,5.0,0.0,9.0,0.0,9.0,0.0,9.0,0.0,9.0,0.0,9.0,0.0,9.0,0.0,9.0,0.0,9.0,0.0,9.0,0.0,9.0,0.0,9.0,0.0,9.0,0.9950269901795212,5.0,2.0,2.0,5.0,419.0,25.0,1381.0,0.0,0.0,0.0,0.0,0.0,0.0,0.0,0.0,0.0,0.0,0.0,0.0,0.0,0.0,0.0,0.0,0.0,0.0,0.0,0.0,0.0,0.0,0.0,0.0,,0.0,2020-12-22 11:00:00,12213.428,3.392618888888889,3.783333333333333,5.483333333333333
P002,1.0,0.0,58.1,0.0,0.0,0.0,0.0,0.0,0.0,0.0,3053.732,1.0,3053.732,1.0,0.0,1.0,0.0,1.0,0.0,1.0,0.0,1.0,0.0,1.0,0.0,1.0,0.0,1.0,0.0,1.0,0.0,1.0,0.0,1.0,0.0,1.0,0.0,1.0,0.0,0.0,0.0,0.0,1.0,0.0,0.0,1.0,0.0,0.0,0.0,0.0,0.0,0.0,0.0,0.0,0.0,0.0,0.0,0.0,0.0,0.0,0.0,0.0,0.0,0.0,0.0,0.0,0.0,0.0,0.0,0.0,0.0,,2020-12-22 12:00:00,12213.428,3.392618888888889,3.783333333333333,5.483333333333333
P002,1.0,0.0,57.61666666666667,0.0,0.0,0.0,0.0,0.0,0.0,0.0,1691.101,1.0,1691.629996,7.0,0.0,9.0,0.0,9.0,0.0,9.0,0.0,9.0,0.0,9.0,0.0,9.0,0.0,9.0,0.0,9.0,0.0,9.0,0.0,9.0,0.0,9.0,0.0,9.0,0.6837389058487535,3.0,1.0,1.0,7.0,0.0,5.0,960.0,0.0,0.0,0.0,0.0,0.0,0.0,0.0,0.0,0.0,0.0,0.0,0.0,0.0,0.0,0.0,0.0,0.0,0.0,0.0,0.0,0.0,0.0,0.0,0.0,0.0,0.0,2020-12-22 13:00:00,12213.428,3.392618888888889,3.783333333333333,5.483333333333333
P002,1.0,0.0,56.16666666666666,0.0,0.0,0.0,0.0,0.0,0.0,0.0,0.0,0.0,0.0,0.0,0.0,0.0,0.0,0.0,0.0,0.0,0.0,0.0,0.0,0.0,0.0,0.0,0.0,0.0,0.0,0.0,0.0,0.0,0.0,0.0,0.0,0.0,0.0,0.0,0.0,0.0,0.0,0.0,0.0,0.0,0.0,0.0,0.0,0.0,0.0,0.0,0.0,0.0,0.0,0.0,0.0,0.0,0.0,0.0,0.0,0.0,0.0,0.0,0.0,0.0,0.0,0.0,0.0,0.0,0.0,0.0,,0.0,2020-12-22 14:00:00,12213.428,3.392618888888889,3.783333333333333,5.483333333333333
P002,2.0,0.0,8.45,0.0,0.0,0.0,0.0,49.48333333333333,0.0,0.0,0.298994,15.0,1592.0930340000002,29.0,276.24350452423096,233.0,80.819,233.0,276.24350452423096,233.0,0.0,233.0,0.0,233.0,0.0,233.0,0.0,233.0,80.819,233.0,0.0,233.0,0.0,233.0,0.0,233.0,0.0,233.0,0.1181074036569592,10.0,2.0,3.0,228.0,1570.0,34.0,319.0,0.086999,1.0,0.0,0.0,0.0,0.0,0.0,0.0,0.0,0.0,2.0,1.0,0.0,184.0,74.0,1.0,420.0,0.0,0.0,0.0,0.0,0.0,0.0,0.0,0.0,,2020-12-22 17:00:00,12213.428,3.392618888888889,3.783333333333333,5.483333333333333
P002,1.0,0.0,0.0,0.0,0.0,0.0,0.0,57.31666666666667,0.0,0.0,0.0,0.0,0.0,0.0,0.0,1.0,0.0,1.0,0.0,1.0,0.0,1.0,0.0,1.0,0.0,1.0,0.0,1.0,0.0,1.0,0.0,1.0,0.0,1.0,0.0,1.0,0.0,1.0,0.0,0.0,1.0,0.0,0.0,1.0,0.0,0.0,0.0,0.0,0.0,0.0,0.0,0.0,0.0,0.0,0.0,0.0,0.0,0.0,0.0,0.0,0.0,0.0,0.0,0.0,0.0,0.0,0.0,0.0,0.0,0.0,,0.0,2020-12-22 18:00:00,12213.428,3.392618888888889,3.783333333333333,5.483333333333333
P002,1.0,0.0,0.0,0.0,0.0,0.0,0.0,58.083333333333336,0.0,0.0,0.0,0.0,0.0,0.0,0.0,0.0,0.0,0.0,0.0,0.0,0.0,0.0,0.0,0.0,0.0,0.0,0.0,0.0,0.0,0.0,0.0,0.0,0.0,0.0,0.0,0.0,0.0,0.0,0.0,0.0,0.0,0.0,0.0,0.0,0.0,0.0,0.0,0.0,0.0,0.0,0.0,0.0,0.0,0.0,0.0,0.0,0.0,0.0,0.0,0.0,0.0,0.0,0.0,0.0,0.0,0.0,0.0,0.0,0.0,0.0,0.0,,2020-12-22 19:00:00,12213.428,3.392618888888889,3.783333333333333,5.483333333333333
P002,1.0,0.0,0.0,0.0,0.0,0.0,0.0,57.86666666666667,0.0,0.0,0.0,0.0,0.0,0.0,0.0,0.0,0.0,0.0,0.0,0.0,0.0,0.0,0.0,0.0,0.0,0.0,0.0,0.0,0.0,0.0,0.0,0.0,0.0,0.0,0.0,0.0,0.0,0.0,0.0,0.0,0.0,0.0,0.0,0.0,0.0,0.0,0.0,0.0,0.0,0.0,0.0,0.0,0.0,0.0,0.0,0.0,0.0,0.0,0.0,0.0,0.0,0.0,0.0,0.0,0.0,0.0,0.0,0.0,0.0,0.0,,0.0,2020-12-22 20:00:00,12213.428,3.392618888888889,3.783333333333333,5.483333333333333
P002,3.0,1.5833333333333333,15.683333333333334,38.21666666666667,0.0,0.0,0.0,0.0,1.357998,4.0,697.681007,19.0,701.8089990000001,34.0,661.2631894350052,499.0,140.712,499.0,645.3621428012848,499.0,0.0,499.0,0.0,499.0,0.0,499.0,0.0,499.0,137.231,499.0,0.0,499.0,0.0,499.0,0.0,499.0,0.0,499.0,0.1210797141205073,15.0,6.0,5.0,488.0,517.0,64.0,2242.0,0.0,0.0,0.0,0.0,0.0,0.0,0.0,0.0,0.0,0.0,2.0,2.0,0.0,1119.0,553.0,2.0,820.0,0.0,0.0,0.0,0.0,0.0,0.0,0.0,0.0,,2020-12-23 09:00:00,11533.602,3.2037783333333336,5.116666666666666,6.716666666666667
P002,1.0,0.0,56.75,0.0,0.0,0.0,0.0,0.0,0.0,0.0,0.0,0.0,201.746,1.0,0.0,3.0,0.0,3.0,0.0,3.0,0.0,3.0,0.0,3.0,0.0,3.0,0.0,3.0,0.0,3.0,0.0,3.0,0.0,3.0,0.0,3.0,0.0,3.0,1.0986122886681096,2.0,1.0,1.0,1.0,0.0,49.0,279.0,0.0,0.0,0.0,0.0,0.0,0.0,0.0,0.0,0.0,0.0,0.0,0.0,0.0,0.0,0.0,0.0,0.0,0.0,0.0,0.0,0.0,0.0,0.0,0.0,0.0,0.0,2020-12-23 10:00:00,11533.602,3.2037783333333336,5.116666666666666,6.716666666666667
P002,1.0,0.0,56.15,0.0,0.0,0.0,0.0,0.0,0.0,0.0,0.0,0.0,0.0,0.0,0.0,0.0,0.0,0.0,0.0,0.0,0.0,0.0,0.0,0.0,0.0,0.0,0.0,0.0,0.0,0.0,0.0,0.0,0.0,0.0,0.0,0.0,0.0,0.0,0.0,0.0,0.0,0.0,0.0,0.0,0.0,0.0,0.0,0.0,0.0,0.0,0.0,0.0,0.0,0.0,0.0,0.0,0.0,0.0,0.0,0.0,0.0,0.0,0.0,0.0,0.0,0.0,0.0,0.0,0.0,0.0,,0.0,2020-12-23 11:00:00,11533.602,3.2037783333333336,5.116666666666666,6.716666666666667
P002,1.0,0.0,57.13333333333333,0.0,0.0,0.0,0.0,0.0,0.0,0.0,23.794,1.0,2747.314998,9.0,0.0,15.0,0.0,15.0,0.0,15.0,0.0,15.0,0.0,15.0,0.0,15.0,0.0,15.0,0.0,15.0,0.0,15.0,0.0,15.0,0.0,15.0,0.0,15.0,0.9502705392332348,8.0,3.0,3.0,9.0,1587.0,21.0,266.0,0.0,0.0,0.0,0.0,0.0,0.0,0.0,0.0,0.0,0.0,1.0,0.0,0.0,0.0,0.0,1.0,651.0,0.0,0.0,0.0,0.0,0.0,0.0,0.0,0.0,,2020-12-23 12:00:00,11533.602,3.2037783333333336,5.116666666666666,6.716666666666667
P002,1.0,0.0,55.56666666666667,0.0,0.0,0.0,0.0,0.0,0.0,0.0,0.0,0.0,0.0,0.0,0.0,0.0,0.0,0.0,0.0,0.0,0.0,0.0,0.0,0.0,0.0,0.0,0.0,0.0,0.0,0.0,0.0,0.0,0.0,0.0,0.0,0.0,0.0,0.0,0.0,0.0,0.0,0.0,0.0,0.0,0.0,0.0,0.0,0.0,0.0,0.0,0.0,0.0,0.0,0.0,0.0,0.0,0.0,0.0,0.0,0.0,0.0,0.0,0.0,0.0,0.0,0.0,0.0,0.0,0.0,0.0,,0.0,2020-12-23 13:00:00,11533.602,3.2037783333333336,5.116666666666666,6.716666666666667
P002,1.0,0.0,54.15,0.0,0.0,0.0,0.0,0.0,1440.919,1.0,1888.902975,3.0,3329.9949720000004,8.0,0.0,10.0,0.0,10.0,0.0,10.0,0.0,10.0,0.0,10.0,0.0,10.0,0.0,10.0,0.0,10.0,0.0,10.0,0.0,10.0,0.0,10.0,0.0,10.0,0.639031859650177,3.0,1.0,1.0,8.0,0.0,0.0,1948.0,0.0,0.0,0.0,0.0,0.0,0.0,0.0,0.0,0.0,0.0,2.0,2.0,0.0,37.0,118.0,0.0,0.0,0.0,0.0,0.0,0.0,0.0,0.0,0.0,1.0,,2020-12-23 14:00:00,11533.602,3.2037783333333336,5.116666666666666,6.716666666666667
P002,1.0,0.0,56.96666666666667,0.0,0.0,0.0,0.0,0.0,0.0,0.0,0.0,0.0,0.0,0.0,0.0,0.0,0.0,0.0,0.0,0.0,0.0,0.0,0.0,0.0,0.0,0.0,0.0,0.0,0.0,0.0,0.0,0.0,0.0,0.0,0.0,0.0,0.0,0.0,0.0,0.0,0.0,0.0,0.0,0.0,0.0,0.0,0.0,0.0,0.0,0.0,0.0,0.0,0.0,0.0,0.0,0.0,1.0,0.0,0.0,0.0,0.0,1.0,2000.0,0.0,0.0,0.0,0.0,0.0,0.0,0.0,0.0,1.0,2020-12-23 15:00:00,11533.602,3.2037783333333336,5.116666666666666,6.716666666666667
P002,1.0,0.0,53.016666666666666,0.0,0.0,0.0,0.0,0.0,0.0,0.0,0.0,0.0,2138.36,2.0,0.0,4.0,0.0,4.0,0.0,4.0,0.0,4.0,0.0,4.0,0.0,4.0,0.0,4.0,0.0,4.0,0.0,4.0,0.0,4.0,0.0,4.0,0.0,4.0,1.039720770839918,3.0,1.0,1.0,2.0,0.0,6.0,309.0,0.0,0.0,0.0,0.0,0.0,0.0,0.0,0.0,0.0,0.0,0.0,0.0,0.0,0.0,0.0,0.0,0.0,0.0,0.0,0.0,0.0,0.0,0.0,0.0,0.0,0.0,2020-12-23 16:00:00,11533.602,3.2037783333333336,5.116666666666666,6.716666666666667
P002,1.0,0.0,56.03333333333333,0.0,0.0,0.0,0.0,0.0,0.0,0.0,0.0,0.0,0.0,0.0,0.0,0.0,0.0,0.0,0.0,0.0,0.0,0.0,0.0,0.0,0.0,0.0,0.0,0.0,0.0,0.0,0.0,0.0,0.0,0.0,0.0,0.0,0.0,0.0,0.0,0.0,0.0,0.0,0.0,0.0,0.0,0.0,0.0,0.0,0.0,0.0,0.0,0.0,0.0,0.0,0.0,0.0,0.0,0.0,0.0,0.0,0.0,0.0,0.0,0.0,0.0,0.0,0.0,0.0,0.0,0.0,0.0,0.0,2020-12-23 17:00:00,11533.602,3.2037783333333336,5.116666666666666,6.716666666666667
P002,3.0,3.616666666666666,21.133333333333333,0.0,0.0,0.0,0.0,33.85,0.0,0.0,0.2879969999999999,3.0,1123.1269900000002,17.0,58.213300585746765,65.0,19.772,65.0,0.0,65.0,0.0,65.0,0.0,65.0,0.0,65.0,0.0,65.0,0.0,65.0,0.0,65.0,0.0,65.0,0.0,65.0,0.0,65.0,0.5359610497090694,17.0,5.0,5.0,55.0,456.0,483.0,1023.0,125.894998,2.0,0.0,0.0,0.0,0.0,0.0,0.0,0.0,1.0,3.0,2.0,426.0,366.0,402.0,1.0,356.0,0.0,0.0,0.0,0.0,0.0,0.0,0.0,0.0,0.0,2020-12-23 18:00:00,11533.602,3.2037783333333336,5.116666666666666,6.716666666666667
P002,1.0,0.0,0.0,0.0,0.0,0.0,0.0,57.23333333333333,0.0,0.0,0.0,0.0,0.0,0.0,0.0,0.0,0.0,0.0,0.0,0.0,0.0,0.0,0.0,0.0,0.0,0.0,0.0,0.0,0.0,0.0,0.0,0.0,0.0,0.0,0.0,0.0,0.0,0.0,0.0,0.0,0.0,0.0,0.0,0.0,0.0,0.0,0.0,0.0,0.0,0.0,0.0,0.0,0.0,0.0,0.0,0.0,0.0,0.0,0.0,0.0,0.0,0.0,0.0,0.0,0.0,0.0,0.0,0.0,0.0,0.0,,0.0,2020-12-23 19:00:00,11533.602,3.2037783333333336,5.116666666666666,6.716666666666667
P002,1.0,0.0,54.21666666666667,0.0,0.0,0.0,0.0,0.0,0.0,0.0,2297.9069590000004,20.0,2570.1759570000004,23.0,23.53663110733032,61.0,9.126,61.0,23.53663110733032,61.0,0.0,61.0,0.0,61.0,0.0,61.0,0.0,61.0,9.126,61.0,0.0,61.0,0.0,61.0,0.0,61.0,0.0,61.0,0.4794668755303345,11.0,4.0,4.0,53.0,758.0,24.0,1685.0,0.0,0.0,0.0,0.0,0.0,0.0,0.0,0.0,0.0,0.0,2.0,2.0,0.0,2297.0,83.0,0.0,0.0,0.0,0.0,0.0,2.0,2.0,1.0,12.0,0.0,,2020-12-24 09:00:00,17293.892,4.803858888888889,3.5166666666666666,5.916666666666667
P002,1.0,0.0,53.56666666666667,0.0,0.0,0.0,0.0,0.0,0.0,0.0,0.0,0.0,2979.387999,3.0,0.0,8.0,0.0,8.0,0.0,8.0,0.0,8.0,0.0,8.0,0.0,8.0,0.0,8.0,0.0,8.0,0.0,8.0,0.0,8.0,0.0,8.0,0.0,8.0,1.0821955300387671,6.0,2.0,3.0,3.0,1109.0,148.0,189.0,0.0,0.0,0.0,0.0,0.0,0.0,0.0,0.0,0.0,0.0,0.0,0.0,0.0,0.0,0.0,0.0,0.0,0.0,0.0,0.0,0.0,0.0,0.0,0.0,0.0,0.0,2020-12-24 10:00:00,17293.892,4.803858888888889,3.5166666666666666,5.916666666666667
P002,1.0,0.0,59.16666666666666,0.0,0.0,0.0,0.0,0.0,0.0,0.0,0.0,0.0,0.016,1.0,0.0,2.0,0.0,2.0,0.0,2.0,0.0,2.0,0.0,2.0,0.0,2.0,0.0,2.0,0.0,2.0,0.0,2.0,0.0,2.0,0.0,2.0,0.0,2.0,0.6931471805599453,1.0,1.0,0.0,1.0,0.0,0.0,302.0,0.0,0.0,0.0,0.0,0.0,0.0,0.0,0.0,0.0,0.0,0.0,0.0,0.0,0.0,0.0,0.0,0.0,0.0,0.0,0.0,0.0,0.0,0.0,0.0,1.0,0.0,2020-12-24 11:00:00,17293.892,4.803858888888889,3.5166666666666666,5.916666666666667
P002,1.0,0.0,53.96666666666667,0.0,0.0,0.0,0.0,0.0,0.0,0.0,3342.968006,2.0,3342.989005,3.0,0.0,4.0,0.0,4.0,0.0,4.0,0.0,4.0,0.0,4.0,0.0,4.0,0.0,4.0,0.0,4.0,0.0,4.0,0.0,4.0,0.0,4.0,0.0,4.0,0.5623351446188083,2.0,0.0,1.0,3.0,0.0,1.0,309.0,0.0,0.0,0.0,0.0,0.0,0.0,0.0,0.0,0.0,0.0,0.0,0.0,0.0,0.0,0.0,0.0,0.0,0.0,0.0,0.0,0.0,0.0,0.0,0.0,,1.0,2020-12-24 12:00:00,17293.892,4.803858888888889,3.5166666666666666,5.916666666666667
P002,1.0,0.0,57.13333333333333,0.0,0.0,0.0,0.0,0.0,0.0,0.0,584.715,11.0,3039.641891,18.0,77.44606733322144,83.0,16.029,83.0,77.44606733322144,83.0,0.0,83.0,0.0,83.0,0.0,83.0,0.0,83.0,16.029,83.0,0.0,83.0,0.0,83.0,0.0,83.0,0.0,83.0,0.3096274606310278,9.0,3.0,3.0,77.0,3022.0,144.0,233.0,0.055,2.0,0.0,0.0,0.0,0.0,0.0,0.0,0.0,0.0,1.0,1.0,0.0,0.0,138.0,0.0,0.0,0.0,0.0,0.0,0.0,0.0,0.0,0.0,0.0,,2020-12-24 13:00:00,17293.892,4.803858888888889,3.5166666666666666,5.916666666666667
P002,4.0,18.7,23.23333333333333,7.683333333333334,0.0,0.0,0.0,7.616666666666666,0.245998,3.0,1071.9209590000005,15.0,2579.448934,44.0,249.92159640789032,281.0,46.386,281.0,225.2740374803543,281.0,0.0,281.0,0.0,281.0,0.0,281.0,0.0,281.0,39.063,281.0,0.0,281.0,0.0,281.0,0.0,281.0,0.0,281.0,0.5674123209763676,64.0,24.0,23.0,234.0,2494.0,168.0,755.0,0.0,0.0,0.0,0.0,0.0,0.0,0.0,0.0,0.0,0.0,1.0,5.0,0.0,166.0,929.0,4.0,1245.0,0.0,0.0,0.0,0.0,0.0,0.0,0.0,0.0,0.0,2020-12-24 14:00:00,17293.892,4.803858888888889,3.5166666666666666,5.916666666666667
P002,1.0,0.0,0.0,0.0,0.0,0.0,0.0,58.48333333333333,0.0,0.0,58.008997,7.0,58.07699499999999,11.0,128.54482674598694,101.0,19.317,101.0,128.54482674598694,101.0,0.0,101.0,0.0,101.0,0.0,101.0,0.0,101.0,19.317,101.0,0.0,101.0,0.0,101.0,0.0,101.0,0.0,101.0,0.1109931389865624,3.0,1.0,1.0,99.0,0.0,6.0,3344.0,0.0,0.0,0.0,0.0,0.0,0.0,0.0,0.0,0.0,0.0,2.0,1.0,0.0,35.0,66.0,0.0,0.0,0.0,0.0,0.0,0.0,0.0,0.0,0.0,,0.0,2020-12-24 15:00:00,17293.892,4.803858888888889,3.5166666666666666,5.916666666666667
P002,1.0,0.0,0.0,0.0,58.2,0.0,0.0,0.0,0.0,0.0,0.0,0.0,881.869,1.0,0.0,1.0,0.0,1.0,0.0,1.0,0.0,1.0,0.0,1.0,0.0,1.0,0.0,1.0,0.0,1.0,0.0,1.0,0.0,1.0,0.0,1.0,0.0,1.0,0.0,0.0,0.0,0.0,1.0,0.0,0.0,1.0,0.0,0.0,881.869,1.0,0.0,0.0,0.0,0.0,0.0,0.0,0.0,0.0,0.0,0.0,0.0,0.0,0.0,0.0,0.0,0.0,0.0,0.0,0.0,0.0,0.0,,2020-12-25 13:00:00,13839.127,3.844201944444445,3.716666666666667,5.65
P002,1.0,0.0,0.0,0.0,57.9,0.0,0.0,0.0,18.195,1.0,0.0,0.0,18.195,1.0,0.0,1.0,0.0,1.0,0.0,1.0,0.0,1.0,0.0,1.0,0.0,1.0,0.0,1.0,0.0,1.0,0.0,1.0,0.0,1.0,0.0,1.0,0.0,1.0,0.0,0.0,0.0,0.0,1.0,0.0,0.0,1.0,0.0,0.0,0.0,0.0,0.0,0.0,0.0,0.0,0.0,0.0,0.0,0.0,0.0,0.0,0.0,0.0,0.0,0.0,0.0,0.0,0.0,0.0,0.0,0.0,0.0,0.0,2020-12-25 14:00:00,13839.127,3.844201944444445,3.716666666666667,5.65
P002,1.0,0.0,0.0,0.0,57.73333333333333,0.0,0.0,0.0,0.0,0.0,1239.5199390000002,23.0,2679.101922,29.0,134.8415904045105,118.0,43.405,118.0,92.08865249156952,118.0,0.0,118.0,0.0,118.0,0.0,118.0,0.0,118.0,21.176,118.0,0.0,118.0,0.0,118.0,0.0,118.0,0.0,118.0,0.2039307707231333,10.0,2.0,3.0,113.0,2633.0,179.0,702.0,0.0,0.0,0.0,0.0,0.0,0.0,0.0,0.0,0.0,0.0,0.0,0.0,0.0,0.0,0.0,0.0,0.0,0.0,0.0,0.0,0.0,0.0,0.0,0.0,0.0,0.0,2020-12-25 15:00:00,13839.127,3.844201944444445,3.716666666666667,5.65
P002,1.0,0.0,0.0,0.0,54.85,0.0,0.0,0.0,0.0,0.0,0.0,0.0,1111.8240400000002,2.0,0.0,9.0,0.0,9.0,0.0,9.0,0.0,9.0,0.0,9.0,0.0,9.0,0.0,9.0,0.0,9.0,0.0,9.0,0.0,9.0,0.0,9.0,0.0,9.0,1.0608569471580214,8.0,4.0,3.0,2.0,1103.0,907.0,3.0,0.0,0.0,0.0,0.0,0.0,0.0,0.0,0.0,0.0,0.0,0.0,0.0,0.0,0.0,0.0,0.0,0.0,0.0,0.0,0.0,0.0,0.0,0.0,0.0,0.0,0.0,2020-12-25 16:00:00,13839.127,3.844201944444445,3.716666666666667,5.65
P002,1.0,0.0,0.0,0.0,55.13333333333333,0.0,0.0,0.0,0.0,0.0,0.050999,1.0,2697.377997,4.0,0.0,6.0,0.0,6.0,0.0,6.0,0.0,6.0,0.0,6.0,0.0,6.0,0.0,6.0,0.0,6.0,0.0,6.0,0.0,6.0,0.0,6.0,0.0,6.0,0.8675632284814612,2.0,1.0,1.0,4.0,0.0,11.0,770.0,0.0,0.0,0.0,0.0,0.0,0.0,0.0,0.0,0.0,0.0,1.0,0.0,0.0,0.0,0.0,1.0,542.0,0.0,0.0,0.0,0.0,0.0,0.0,0.0,,0.0,2020-12-25 17:00:00,13839.127,3.844201944444445,3.716666666666667,5.65
P002,1.0,0.0,0.0,0.0,40.85,0.0,0.0,0.0,0.0,0.0,0.0,0.0,0.0,0.0,0.0,0.0,0.0,0.0,0.0,0.0,0.0,0.0,0.0,0.0,0.0,0.0,0.0,0.0,0.0,0.0,0.0,0.0,0.0,0.0,0.0,0.0,0.0,0.0,0.0,0.0,0.0,0.0,0.0,0.0,0.0,0.0,0.0,0.0,0.0,0.0,0.0,0.0,0.0,0.0,0.0,0.0,0.0,0.0,0.0,0.0,0.0,0.0,0.0,0.0,0.0,0.0,0.0,0.0,0.0,0.0,0.0,,2020-12-25 19:00:00,13839.127,3.844201944444445,3.716666666666667,5.65
P002,0.0,0.0,0.0,0.0,0.0,0.0,0.0,0.0,0.0,0.0,0.0,0.0,0.0,0.0,0.0,0.0,0.0,0.0,0.0,0.0,0.0,0.0,0.0,0.0,0.0,0.0,0.0,0.0,0.0,0.0,0.0,0.0,0.0,0.0,0.0,0.0,0.0,0.0,0.0,0.0,0.0,0.0,0.0,0.0,0.0,0.0,0.0,0.0,0.0,0.0,0.0,0.0,0.0,0.0,0.0,0.0,0.0,0.0,0.0,0.0,0.0,0.0,0.0,0.0,0.0,0.0,0.0,0.0,0.0,0.0,0.0,0.0,2020-12-25 20:00:00,13839.127,3.844201944444445,3.716666666666667,5.65
P002,1.0,0.0,0.0,0.0,18.666666666666668,0.0,0.0,0.0,0.0,0.0,0.0,0.0,0.0,0.0,0.0,0.0,0.0,0.0,0.0,0.0,0.0,0.0,0.0,0.0,0.0,0.0,0.0,0.0,0.0,0.0,0.0,0.0,0.0,0.0,0.0,0.0,0.0,0.0,0.0,0.0,0.0,0.0,0.0,0.0,0.0,0.0,0.0,0.0,0.0,0.0,0.0,0.0,0.0,0.0,0.0,0.0,0.0,0.0,0.0,0.0,0.0,0.0,0.0,0.0,0.0,0.0,0.0,0.0,0.0,0.0,,0.0,2020-12-25 21:00:00,13839.127,3.844201944444445,3.716666666666667,5.65
P002,1.0,0.0,0.0,0.0,58.16666666666666,0.0,0.0,0.0,0.058999,2.0,44.26398400000001,41.0,1888.262979,77.0,769.5597941875458,803.0,453.949,803.0,618.7358210086823,803.0,0.0,803.0,0.0,803.0,0.0,803.0,0.0,803.0,413.909,803.0,0.0,803.0,0.0,803.0,0.0,803.0,0.0,803.0,0.1228357091506937,27.0,9.0,9.0,785.0,1231.0,71.0,1315.0,0.0,0.0,0.0,0.0,0.0,0.0,0.0,0.0,0.0,0.0,0.0,0.0,0.0,0.0,0.0,0.0,0.0,0.0,0.0,0.0,0.0,0.0,0.0,0.0,0.0,,2020-12-26 09:00:00,8791.368,2.4420466666666667,5.533333333333333,6.75
P002,1.0,0.0,0.0,0.0,55.9,0.0,0.0,0.0,1952.171038,3.0,1121.589,1.0,3073.760038,4.0,0.0,13.0,0.0,13.0,0.0,13.0,0.0,13.0,0.0,13.0,0.0,13.0,0.0,13.0,0.0,13.0,0.0,13.0,0.0,13.0,0.0,13.0,0.0,13.0,1.0928305535284886,11.0,4.0,5.0,4.0,1912.0,473.0,5.0,0.0,0.0,0.0,0.0,0.0,0.0,0.0,0.0,0.0,0.0,0.0,0.0,0.0,0.0,0.0,0.0,0.0,0.0,0.0,0.0,0.0,0.0,0.0,0.0,,0.0,2020-12-26 10:00:00,8791.368,2.4420466666666667,5.533333333333333,6.75
P002,1.0,0.0,0.0,0.0,56.56666666666667,0.0,0.0,0.0,0.0,0.0,12.697999,4.0,3362.233999,5.0,0.0,30.0,58.198,30.0,0.0,30.0,0.0,30.0,0.0,30.0,0.0,30.0,0.0,30.0,58.198,30.0,0.0,30.0,0.0,30.0,0.0,30.0,0.0,30.0,0.4850940913022115,5.0,2.0,2.0,26.0,12.0,1.0,141.0,0.0,0.0,0.0,0.0,0.0,0.0,0.0,0.0,0.0,0.0,0.0,0.0,0.0,0.0,0.0,0.0,0.0,0.0,0.0,0.0,0.0,0.0,0.0,0.0,0.0,,2020-12-26 12:00:00,8791.368,2.4420466666666667,5.533333333333333,6.75
P002,1.0,0.0,0.0,0.0,58.266666666666666,0.0,0.0,0.0,0.0,0.0,3105.925,1.0,3105.925,1.0,15.081908226013184,34.0,111.21,34.0,15.081908226013184,34.0,0.0,34.0,0.0,34.0,0.0,34.0,0.0,34.0,111.21,34.0,0.0,34.0,0.0,34.0,0.0,34.0,0.0,34.0,0.1326914208398717,2.0,0.0,1.0,33.0,0.0,2.0,492.0,0.0,0.0,0.0,0.0,0.0,0.0,0.0,0.0,0.0,0.0,0.0,0.0,0.0,0.0,0.0,0.0,0.0,0.0,0.0,0.0,0.0,0.0,0.0,0.0,0.0,0.0,2020-12-26 13:00:00,8791.368,2.4420466666666667,5.533333333333333,6.75
P002,1.0,0.0,0.0,0.0,56.63333333333333,0.0,0.0,0.0,0.0,0.0,186.080001,1.0,186.099,2.0,577.5755006074905,623.0,244.32,623.0,577.5755006074905,623.0,0.0,623.0,0.0,623.0,0.0,623.0,0.0,623.0,244.32,623.0,0.0,623.0,0.0,623.0,0.0,623.0,0.0,623.0,0.0335635801913295,5.0,2.0,1.0,620.0,184.0,7.0,532.0,0.0,0.0,0.0,0.0,0.0,0.0,0.0,0.0,0.0,0.0,0.0,0.0,0.0,0.0,0.0,0.0,0.0,0.0,0.0,0.0,0.0,0.0,0.0,0.0,,0.0,2020-12-26 14:00:00,8791.368,2.4420466666666667,5.533333333333333,6.75
P002,1.0,0.0,0.0,0.0,50.96666666666667,0.0,0.0,0.0,0.0,0.0,0.0,0.0,0.0,0.0,0.0,0.0,0.0,0.0,0.0,0.0,0.0,0.0,0.0,0.0,0.0,0.0,0.0,0.0,0.0,0.0,0.0,0.0,0.0,0.0,0.0,0.0,0.0,0.0,0.0,0.0,0.0,0.0,0.0,0.0,0.0,0.0,0.0,0.0,0.0,0.0,0.0,0.0,0.0,0.0,0.0,0.0,0.0,0.0,0.0,0.0,0.0,0.0,0.0,0.0,0.0,0.0,0.0,0.0,0.0,0.0,0.0,,2020-12-26 17:00:00,8791.368,2.4420466666666667,5.533333333333333,6.75
P002,1.0,0.0,0.0,0.0,53.5,0.0,0.0,0.0,0.0,0.0,0.0,0.0,0.0,0.0,0.0,0.0,0.0,0.0,0.0,0.0,0.0,0.0,0.0,0.0,0.0,0.0,0.0,0.0,0.0,0.0,0.0,0.0,0.0,0.0,0.0,0.0,0.0,0.0,0.0,0.0,0.0,0.0,0.0,0.0,0.0,0.0,0.0,0.0,0.0,0.0,0.0,0.0,0.0,0.0,0.0,0.0,0.0,0.0,0.0,0.0,0.0,0.0,0.0,0.0,0.0,0.0,0.0,0.0,0.0,0.0,1.0,0.0,2020-12-26 18:00:00,8791.368,2.4420466666666667,5.533333333333333,6.75
P002,1.0,0.0,0.0,0.0,58.21666666666667,0.0,0.0,0.0,0.0,0.0,0.0,0.0,0.0,0.0,0.0,0.0,0.0,0.0,0.0,0.0,0.0,0.0,0.0,0.0,0.0,0.0,0.0,0.0,0.0,0.0,0.0,0.0,0.0,0.0,0.0,0.0,0.0,0.0,0.0,0.0,0.0,0.0,0.0,0.0,0.0,0.0,0.0,0.0,0.0,0.0,0.0,0.0,0.0,0.0,0.0,0.0,0.0,0.0,0.0,0.0,0.0,0.0,0.0,0.0,0.0,0.0,0.0,0.0,0.0,0.0,,1.0,2020-12-26 19:00:00,8791.368,2.4420466666666667,5.533333333333333,6.75
P002,1.0,0.0,56.25,0.0,0.0,0.0,0.0,0.0,0.0,0.0,0.0,0.0,2448.461,1.0,0.0,5.0,0.0,5.0,0.0,5.0,0.0,5.0,0.0,5.0,0.0,5.0,0.0,5.0,0.0,5.0,0.0,5.0,0.0,5.0,0.0,5.0,0.0,5.0,1.0549201679861442,4.0,2.0,2.0,1.0,226.0,299.0,1.0,0.0,0.0,0.0,0.0,0.0,0.0,0.0,0.0,0.0,0.0,2.0,1.0,0.0,48.0,73.0,0.0,0.0,1.0,47.0,0.0,0.0,0.0,0.0,0.0,0.0,,2020-12-27 11:00:00,17539.239,4.872010833333333,2.95,5.383333333333334
P002,1.0,0.0,56.38333333333333,0.0,0.0,0.0,0.0,0.0,0.274997,8.0,0.434992,21.0,2849.892981,55.0,0.0,56.0,0.0,56.0,0.0,56.0,0.0,56.0,0.0,56.0,0.0,56.0,0.0,56.0,0.0,56.0,0.0,56.0,0.0,56.0,0.0,56.0,0.0,56.0,0.0895780266675439,2.0,0.0,1.0,55.0,0.0,1.0,558.0,0.0,0.0,0.0,0.0,0.0,0.0,0.0,0.0,0.0,0.0,0.0,0.0,0.0,0.0,0.0,0.0,0.0,0.0,0.0,0.0,0.0,0.0,0.0,0.0,,0.0,2020-12-27 12:00:00,17539.239,4.872010833333333,2.95,5.383333333333334
P002,1.0,0.0,58.1,0.0,0.0,0.0,0.0,0.0,0.037,2.0,0.0,0.0,0.039,3.0,0.0,4.0,0.0,4.0,0.0,4.0,0.0,4.0,0.0,4.0,0.0,4.0,0.0,4.0,0.0,4.0,0.0,4.0,0.0,4.0,0.0,4.0,0.0,4.0,0.5623351446188083,1.0,1.0,0.0,3.0,0.0,0.0,360.0,0.0,0.0,0.0,0.0,0.0,0.0,0.0,0.0,0.0,0.0,0.0,0.0,0.0,0.0,0.0,0.0,0.0,0.0,0.0,0.0,0.0,0.0,0.0,0.0,1.0,,2020-12-27 13:00:00,17539.239,4.872010833333333,2.95,5.383333333333334
P002,1.0,0.0,55.15,0.0,0.0,0.0,0.0,0.0,1878.228,3.0,0.128999,5.0,1880.1939990000003,14.0,0.0,16.0,0.0,16.0,0.0,16.0,0.0,16.0,0.0,16.0,0.0,16.0,0.0,16.0,0.0,16.0,0.0,16.0,0.0,16.0,0.0,16.0,0.0,16.0,0.4634135588264299,3.0,1.0,1.0,14.0,0.0,3.0,462.0,0.0,0.0,0.0,0.0,0.0,0.0,0.0,0.0,0.0,0.0,0.0,0.0,0.0,0.0,0.0,0.0,0.0,0.0,0.0,0.0,0.0,0.0,0.0,0.0,1.0,1.0,2020-12-27 14:00:00,17539.239,4.872010833333333,2.95,5.383333333333334
P002,1.0,0.0,57.833333333333336,0.0,0.0,0.0,0.0,0.0,0.0,0.0,144.93297499999997,43.0,545.876972,59.0,789.7106971740723,693.0,254.753,693.0,789.7106971740723,693.0,0.0,693.0,0.0,693.0,0.0,693.0,0.0,693.0,254.753,693.0,0.0,693.0,0.0,693.0,0.0,693.0,0.0,693.0,0.0395093289869442,7.0,2.0,2.0,689.0,220.0,5.0,2139.0,0.0,0.0,0.0,0.0,0.0,0.0,0.0,0.0,0.0,0.0,1.0,1.0,0.0,0.0,121.0,0.0,0.0,0.0,0.0,0.0,0.0,0.0,0.0,0.0,0.0,1.0,2020-12-27 15:00:00,17539.239,4.872010833333333,2.95,5.383333333333334
P002,2.0,1.6,52.96666666666667,0.0,0.0,0.0,0.0,0.0,0.0,0.0,0.0,0.0,3399.527999,4.0,20.11312234401703,21.0,4.693,21.0,0.0,21.0,0.0,21.0,0.0,21.0,0.0,21.0,0.0,21.0,0.0,21.0,0.0,21.0,0.0,21.0,0.0,21.0,0.0,21.0,0.3805062184775959,2.0,1.0,1.0,19.0,0.0,3.0,32.0,0.0,0.0,0.0,0.0,0.0,0.0,0.0,0.0,0.0,0.0,0.0,0.0,0.0,0.0,0.0,1.0,1.0,0.0,0.0,0.0,0.0,0.0,0.0,0.0,,0.0,2020-12-27 16:00:00,17539.239,4.872010833333333,2.95,5.383333333333334
P002,1.0,0.0,0.0,0.0,0.0,0.0,0.0,55.98333333333333,0.0,0.0,0.106,4.0,2328.192995,16.0,0.0,17.0,0.0,17.0,0.0,17.0,0.0,17.0,0.0,17.0,0.0,17.0,0.0,17.0,0.0,17.0,0.0,17.0,0.0,17.0,0.0,17.0,0.0,17.0,0.2237180760658337,2.0,0.0,1.0,16.0,0.0,3.0,1025.0,0.627995,8.0,0.0,0.0,0.0,0.0,0.0,0.0,0.0,0.0,0.0,0.0,0.0,0.0,0.0,0.0,0.0,0.0,0.0,0.0,0.0,0.0,0.0,0.0,0.0,,2020-12-27 18:00:00,17539.239,4.872010833333333,2.95,5.383333333333334
P002,1.0,0.0,0.0,0.0,0.0,0.0,0.0,56.96666666666667,0.0,0.0,0.0,0.0,0.072997,4.0,0.0,5.0,0.0,5.0,0.0,5.0,0.0,5.0,0.0,5.0,0.0,5.0,0.0,5.0,0.0,5.0,0.0,5.0,0.0,5.0,0.0,5.0,0.0,5.0,0.5004024235381879,1.0,1.0,0.0,4.0,0.0,0.0,194.0,0.018999,1.0,0.0,0.0,0.0,0.0,0.0,0.0,0.0,0.0,0.0,0.0,0.0,0.0,0.0,0.0,0.0,0.0,0.0,0.0,0.0,0.0,0.0,0.0,,0.0,2020-12-27 19:00:00,17539.239,4.872010833333333,2.95,5.383333333333334
P002,3.0,2.216666666666667,29.95,25.73333333333333,0.0,0.0,0.0,0.0,0.0,0.0,54.53299799999999,7.0,874.339966,20.0,0.0,27.0,0.0,27.0,0.0,27.0,0.0,27.0,0.0,27.0,0.0,27.0,0.0,27.0,0.0,27.0,0.0,27.0,0.0,27.0,0.0,27.0,0.0,27.0,0.7493309481686361,11.0,4.0,3.0,20.0,101.0,774.0,2389.0,0.211998,5.0,0.0,0.0,0.0,0.0,0.0,0.0,0.0,0.0,3.0,3.0,0.0,935.0,1161.0,0.0,0.0,0.0,0.0,0.0,1.0,1.0,1.0,747.0,0.0,,2020-12-28 09:00:00,23616.158,6.560043888888889,1.7666666666666666,5.05
P002,1.0,0.0,57.71666666666667,0.0,0.0,0.0,0.0,0.0,0.0,0.0,0.0,0.0,1437.885,1.0,0.0,3.0,0.0,3.0,0.0,3.0,0.0,3.0,0.0,3.0,0.0,3.0,0.0,3.0,0.0,3.0,0.0,3.0,0.0,3.0,0.0,3.0,0.0,3.0,1.0986122886681096,2.0,1.0,1.0,1.0,0.0,59.0,278.0,0.0,0.0,0.0,0.0,0.0,0.0,0.0,0.0,0.0,0.0,0.0,0.0,0.0,0.0,0.0,0.0,0.0,0.0,0.0,0.0,0.0,0.0,0.0,0.0,,0.0,2020-12-28 10:00:00,23616.158,6.560043888888889,1.7666666666666666,5.05
P002,1.0,0.0,56.65,0.0,0.0,0.0,0.0,0.0,0.0,0.0,3111.46599,26.0,3111.5589880000007,28.0,42.284698843956,61.0,16.256,61.0,42.284698843956,61.0,0.0,61.0,0.0,61.0,0.0,61.0,0.0,61.0,16.256,61.0,0.0,61.0,0.0,61.0,0.0,61.0,0.0,61.0,0.1670261725267957,3.0,1.0,1.0,59.0,0.0,4.0,458.0,0.0,0.0,0.0,0.0,0.0,0.0,0.0,0.0,0.0,0.0,0.0,0.0,0.0,0.0,0.0,0.0,0.0,0.0,0.0,0.0,0.0,0.0,0.0,0.0,0.0,,2020-12-28 15:00:00,23616.158,6.560043888888889,1.7666666666666666,5.05
P002,1.0,0.0,59.16666666666666,0.0,0.0,0.0,0.0,0.0,0.0,0.0,0.290996,15.0,1005.16998,36.0,477.4015516042709,396.0,102.585,396.0,392.49952459335327,396.0,0.0,396.0,0.0,396.0,0.0,396.0,0.0,396.0,88.2,396.0,0.0,396.0,0.0,396.0,0.0,396.0,0.0,396.0,0.112827275237336,13.0,4.0,4.0,388.0,1001.0,542.0,1189.0,0.0,0.0,0.0,0.0,0.0,0.0,0.0,0.0,0.0,0.0,1.0,1.0,0.0,0.0,47.0,0.0,0.0,0.0,0.0,0.0,0.0,0.0,0.0,0.0,,0.0,2020-12-28 16:00:00,23616.158,6.560043888888889,1.7666666666666666,5.05
P002,1.0,0.0,54.38333333333333,0.0,0.0,0.0,0.0,0.0,0.0,0.0,0.0,0.0,0.0,0.0,0.0,0.0,0.0,0.0,0.0,0.0,0.0,0.0,0.0,0.0,0.0,0.0,0.0,0.0,0.0,0.0,0.0,0.0,0.0,0.0,0.0,0.0,0.0,0.0,0.0,0.0,0.0,0.0,0.0,0.0,0.0,0.0,0.0,0.0,0.0,0.0,0.0,0.0,0.0,0.0,0.0,0.0,0.0,0.0,0.0,0.0,0.0,0.0,0.0,0.0,0.0,0.0,0.0,0.0,0.0,0.0,0.0,,2020-12-28 17:00:00,23616.158,6.560043888888889,1.7666666666666666,5.05
P002,3.0,2.533333333333333,29.5,0.0,0.0,0.0,0.0,23.916666666666668,0.6929850000000001,22.0,0.008,1.0,1507.174984,40.0,8.162277698516846,54.0,4.481,54.0,0.0,54.0,0.0,54.0,0.0,54.0,0.0,54.0,0.0,54.0,0.0,54.0,0.0,54.0,0.0,54.0,0.0,54.0,0.0,54.0,0.5650548049658586,15.0,4.0,5.0,45.0,461.0,48.0,592.0,0.902998,6.0,0.0,0.0,0.0,0.0,0.0,0.0,0.0,0.0,3.0,3.0,0.0,80.0,311.0,1.0,305.0,0.0,0.0,0.0,0.0,0.0,0.0,0.0,0.0,0.0,2020-12-28 18:00:00,23616.158,6.560043888888889,1.7666666666666666,5.05
P002,1.0,0.0,0.0,0.0,0.0,0.0,0.0,56.833333333333336,0.0,0.0,0.0,0.0,0.111999,2.0,0.0,2.0,0.0,2.0,0.0,2.0,0.0,2.0,0.0,2.0,0.0,2.0,0.0,2.0,0.0,2.0,0.0,2.0,0.0,2.0,0.0,2.0,0.0,2.0,0.0,0.0,0.0,0.0,2.0,0.0,0.0,4.0,0.0,0.0,0.0,0.0,0.0,0.0,0.0,0.0,0.0,0.0,0.0,0.0,0.0,0.0,0.0,0.0,0.0,0.0,0.0,0.0,0.0,0.0,0.0,0.0,,0.0,2020-12-28 19:00:00,23616.158,6.560043888888889,1.7666666666666666,5.05
P002,1.0,0.0,0.0,0.0,0.0,0.0,0.0,57.3,0.0,0.0,0.0,0.0,0.0,0.0,0.0,0.0,0.0,0.0,0.0,0.0,0.0,0.0,0.0,0.0,0.0,0.0,0.0,0.0,0.0,0.0,0.0,0.0,0.0,0.0,0.0,0.0,0.0,0.0,0.0,0.0,0.0,0.0,0.0,0.0,0.0,0.0,0.0,0.0,0.0,0.0,0.0,0.0,0.0,0.0,0.0,0.0,0.0,0.0,0.0,0.0,0.0,0.0,0.0,0.0,0.0,0.0,0.0,0.0,0.0,0.0,0.0,,2020-12-28 20:00:00,23616.158,6.560043888888889,1.7666666666666666,5.05
P002,1.0,0.0,0.0,0.0,0.0,0.0,0.0,57.11666666666667,0.0,0.0,0.0,0.0,0.0,0.0,0.0,0.0,0.0,0.0,0.0,0.0,0.0,0.0,0.0,0.0,0.0,0.0,0.0,0.0,0.0,0.0,0.0,0.0,0.0,0.0,0.0,0.0,0.0,0.0,0.0,0.0,0.0,0.0,0.0,0.0,0.0,0.0,0.0,0.0,0.0,0.0,0.0,0.0,0.0,0.0,0.0,0.0,0.0,0.0,0.0,0.0,0.0,0.0,0.0,0.0,0.0,0.0,0.0,0.0,0.0,0.0,,0.0,2020-12-28 21:00:00,23616.158,6.560043888888889,1.7666666666666666,5.05
P002,3.0,1.95,40.4,14.516666666666667,0.0,0.0,0.0,0.0,0.007,1.0,181.896998,7.0,2496.699924,34.0,25.05252420902252,75.0,6.09,75.0,25.05252420902252,75.0,0.0,75.0,0.0,75.0,0.0,75.0,0.0,75.0,6.09,75.0,0.0,75.0,0.0,75.0,0.0,75.0,0.0,75.0,0.5807646504489612,18.0,6.0,7.0,62.0,2256.0,80.0,646.0,0.649997,7.0,0.0,0.0,0.0,0.0,0.0,0.0,0.0,0.0,2.0,2.0,0.0,2063.0,553.0,0.0,0.0,0.0,0.0,0.0,0.0,0.0,0.0,0.0,0.0,,2020-12-29 09:00:00,13982.285,3.883968055555556,4.45,6.383333333333334
P002,3.0,4.033333333333333,43.4,10.633333333333333,0.0,0.0,0.0,0.0,0.163,3.0,0.0,0.0,461.337005,9.0,0.0,13.0,0.0,13.0,0.0,13.0,0.0,13.0,0.0,13.0,0.0,13.0,0.0,13.0,0.0,13.0,0.0,13.0,0.0,13.0,0.0,13.0,0.0,13.0,0.8305178252872478,6.0,2.0,2.0,9.0,403.0,11.0,1108.0,0.0,0.0,0.0,0.0,0.0,0.0,0.0,0.0,0.0,0.0,1.0,1.0,0.0,0.0,526.0,0.0,0.0,0.0,0.0,0.0,0.0,0.0,0.0,0.0,0.0,0.0,2020-12-29 10:00:00,13982.285,3.883968055555556,4.45,6.383333333333334
P002,1.0,0.0,56.68333333333333,0.0,0.0,0.0,0.0,0.0,0.0,0.0,1476.428,3.0,1476.428,3.0,38.69618618488312,37.0,8.517,37.0,38.69618618488312,37.0,0.0,37.0,0.0,37.0,0.0,37.0,0.0,37.0,8.517,37.0,0.0,37.0,0.0,37.0,0.0,37.0,0.0,37.0,0.486980612192455,5.0,3.0,2.0,32.0,1912.0,37.0,311.0,0.0,0.0,0.0,0.0,0.0,0.0,0.0,0.0,0.0,0.0,0.0,0.0,0.0,0.0,0.0,0.0,0.0,0.0,0.0,0.0,0.0,0.0,0.0,0.0,,0.0,2020-12-29 11:00:00,13982.285,3.883968055555556,4.45,6.383333333333334
P002,1.0,0.0,58.16666666666666,0.0,0.0,0.0,0.0,0.0,0.008,1.0,3057.900999,3.0,3315.578997,11.0,0.0,16.0,0.0,16.0,0.0,16.0,0.0,16.0,0.0,16.0,0.0,16.0,0.0,16.0,0.0,16.0,0.0,16.0,0.0,16.0,0.0,16.0,0.0,16.0,0.8314025204956377,8.0,2.0,3.0,11.0,278.0,17.0,77.0,0.0,0.0,0.0,0.0,0.0,0.0,0.0,0.0,0.0,0.0,1.0,1.0,0.0,0.0,168.0,0.0,0.0,0.0,0.0,0.0,0.0,0.0,0.0,0.0,1.0,,2020-12-29 12:00:00,13982.285,3.883968055555556,4.45,6.383333333333334
P002,1.0,0.0,54.266666666666666,0.0,0.0,0.0,0.0,0.0,0.0,0.0,16.025993,12.0,2441.3461019999995,19.0,276.0488201379776,244.0,78.179,244.0,276.0488201379776,244.0,0.0,244.0,0.0,244.0,0.0,244.0,0.0,244.0,78.179,244.0,0.0,244.0,0.0,244.0,0.0,244.0,0.0,244.0,0.1137382247245327,9.0,3.0,2.0,239.0,16.0,4.0,2509.0,0.0,0.0,0.0,0.0,0.0,0.0,0.0,0.0,0.0,0.0,1.0,1.0,0.0,0.0,211.0,0.0,0.0,0.0,0.0,0.0,0.0,0.0,0.0,0.0,0.0,1.0,2020-12-29 13:00:00,13982.285,3.883968055555556,4.45,6.383333333333334
P002,1.0,0.0,54.65,0.0,0.0,0.0,0.0,0.0,0.0,0.0,0.0,0.0,0.0,0.0,0.0,0.0,0.0,0.0,0.0,0.0,0.0,0.0,0.0,0.0,0.0,0.0,0.0,0.0,0.0,0.0,0.0,0.0,0.0,0.0,0.0,0.0,0.0,0.0,0.0,0.0,0.0,0.0,0.0,0.0,0.0,0.0,0.0,0.0,0.0,0.0,0.0,0.0,0.0,0.0,0.0,0.0,0.0,0.0,0.0,0.0,0.0,0.0,0.0,0.0,0.0,0.0,0.0,0.0,0.0,0.0,1.0,0.0,2020-12-29 14:00:00,13982.285,3.883968055555556,4.45,6.383333333333334
P002,1.0,0.0,59.833333333333336,0.0,0.0,0.0,0.0,0.0,0.0,0.0,3359.997946,33.0,3388.270945,36.0,282.20911180973053,295.0,82.7,295.0,282.20911180973053,295.0,0.0,295.0,0.0,295.0,0.0,295.0,0.0,295.0,82.7,295.0,0.0,295.0,0.0,295.0,0.0,295.0,0.0,295.0,0.2361347045967154,21.0,8.0,7.0,280.0,2747.0,38.0,183.0,0.0,0.0,0.0,0.0,0.0,0.0,0.0,0.0,0.0,0.0,1.0,1.0,0.0,0.0,183.0,0.0,0.0,0.0,0.0,0.0,0.0,0.0,0.0,0.0,,1.0,2020-12-29 15:00:00,13982.285,3.883968055555556,4.45,6.383333333333334
P002,1.0,0.0,0.0,0.0,0.0,0.0,0.0,52.73333333333333,0.0,0.0,0.0,0.0,0.0,0.0,0.0,2.0,0.0,2.0,0.0,2.0,0.0,2.0,0.0,2.0,0.0,2.0,0.0,2.0,0.0,2.0,0.0,2.0,0.0,2.0,0.0,2.0,0.0,2.0,0.6931471805599453,1.0,1.0,1.0,0.0,0.0,7.0,0.0,0.0,0.0,0.0,0.0,0.0,0.0,0.0,0.0,0.0,0.0,1.0,0.0,0.0,1.0,0.0,0.0,0.0,0.0,0.0,0.0,0.0,0.0,0.0,0.0,0.0,,2020-12-29 17:00:00,13982.285,3.883968055555556,4.45,6.383333333333334
P002,1.0,0.0,0.0,0.0,0.0,0.0,0.0,56.55,0.0,0.0,0.0,0.0,673.7769930000002,25.0,9.324555397033691,33.0,3.008,33.0,0.0,33.0,0.0,33.0,0.0,33.0,0.0,33.0,0.0,33.0,0.0,33.0,0.0,33.0,0.0,33.0,0.0,33.0,0.0,33.0,0.4533509617135248,6.0,2.0,2.0,29.0,1.0,10.0,862.0,2.078995,15.0,0.0,0.0,0.0,0.0,0.0,0.0,0.0,0.0,1.0,1.0,0.0,0.0,148.0,0.0,0.0,0.0,0.0,0.0,0.0,0.0,0.0,0.0,,0.0,2020-12-29 18:00:00,13982.285,3.883968055555556,4.45,6.383333333333334
P002,1.0,0.0,0.0,0.0,0.0,0.0,0.0,58.96666666666667,0.0,0.0,0.0,0.0,0.0,0.0,0.0,0.0,0.0,0.0,0.0,0.0,0.0,0.0,0.0,0.0,0.0,0.0,0.0,0.0,0.0,0.0,0.0,0.0,0.0,0.0,0.0,0.0,0.0,0.0,0.0,0.0,0.0,0.0,0.0,0.0,0.0,0.0,0.0,0.0,0.0,0.0,0.0,0.0,0.0,0.0,0.0,0.0,0.0,0.0,0.0,0.0,0.0,0.0,0.0,0.0,0.0,0.0,0.0,0.0,0.0,0.0,1.0,,2020-12-29 19:00:00,13982.285,3.883968055555556,4.45,6.383333333333334
P002,1.0,0.0,0.0,0.0,0.0,0.0,0.0,55.766666666666666,0.0,0.0,0.0,0.0,0.0,0.0,0.0,0.0,0.0,0.0,0.0,0.0,0.0,0.0,0.0,0.0,0.0,0.0,0.0,0.0,0.0,0.0,0.0,0.0,0.0,0.0,0.0,0.0,0.0,0.0,0.0,0.0,0.0,0.0,0.0,0.0,0.0,0.0,0.0,0.0,0.0,0.0,0.0,0.0,0.0,0.0,0.0,0.0,0.0,0.0,0.0,0.0,0.0,0.0,0.0,0.0,0.0,0.0,0.0,0.0,0.0,0.0,,1.0,2020-12-29 20:00:00,13982.285,3.883968055555556,4.45,6.383333333333334
P002,1.0,55.9,0.0,0.0,0.0,0.0,0.0,0.0,0.209996,5.0,34.265978000000004,53.0,154.532953,115.0,1780.5454540252686,1513.0,459.379,1513.0,1736.498328089714,1513.0,0.0,1513.0,0.0,1513.0,0.0,1513.0,0.0,1513.0,451.052,1513.0,0.0,1513.0,0.0,1513.0,0.0,1513.0,0.0,1513.0,0.0,0.0,0.0,0.0,1513.0,0.0,0.0,2834.0,1.194999,5.0,0.0,0.0,0.0,0.0,0.0,0.0,0.0,0.0,0.0,1.0,0.0,0.0,0.0,3.0,2957.0,0.0,0.0,0.0,2.0,2.0,0.0,0.0,1.0,,2020-12-31 09:00:00,10475.337,2.909815833333333,3.4166666666666665,4.883333333333333
P002,4.0,34.516666666666666,0.0,0.0,1.933333333333333,14.916666666666666,0.0,0.0,0.007,1.0,1827.115928,55.0,1939.907916,82.0,988.1497143507004,868.0,224.066,868.0,957.3638700246812,868.0,0.0,868.0,0.0,868.0,0.0,868.0,0.0,868.0,218.99,868.0,0.0,868.0,0.0,868.0,0.0,868.0,0.0,868.0,0.0992000126013315,19.0,8.0,7.0,853.0,1425.0,379.0,1397.0,0.0,0.0,0.0,0.0,0.0,0.0,0.0,0.0,0.0,0.0,5.0,4.0,0.0,447.0,1068.0,2.0,1405.0,0.0,0.0,0.0,1.0,1.0,1.0,88.0,,1.0,2020-12-31 10:00:00,10475.337,2.909815833333333,3.4166666666666665,4.883333333333333
P002,1.0,0.0,0.0,0.0,57.583333333333336,0.0,0.0,0.0,0.091997,7.0,0.196996,10.0,7.232978999999999,59.0,191.1686044931412,246.0,139.243,246.0,136.67993938922882,246.0,0.0,246.0,0.0,246.0,0.0,246.0,0.0,246.0,73.153,246.0,0.0,246.0,0.0,246.0,0.0,246.0,0.0,246.0,0.1129811611422324,7.0,3.0,2.0,241.0,47.0,10.0,1216.0,0.0,0.0,0.0,0.0,0.0,0.0,0.0,0.0,0.0,0.0,0.0,0.0,0.0,0.0,0.0,0.0,0.0,0.0,0.0,1.0,2.0,3.0,0.0,0.0,1.0,,2020-12-31 15:00:00,10475.337,2.909815833333333,3.4166666666666665,4.883333333333333
P002,1.0,0.0,0.0,0.0,54.31666666666667,0.0,0.0,0.0,0.0,0.0,0.0,0.0,845.221999,2.0,0.0,4.0,0.0,4.0,0.0,4.0,0.0,4.0,0.0,4.0,0.0,4.0,0.0,4.0,0.0,4.0,0.0,4.0,0.0,4.0,0.0,4.0,0.0,4.0,1.039720770839918,2.0,1.0,1.0,2.0,0.0,8.0,2.0,0.0,0.0,0.0,0.0,0.0,0.0,0.0,0.0,0.0,0.0,0.0,0.0,0.0,0.0,0.0,0.0,0.0,0.0,0.0,0.0,0.0,0.0,0.0,0.0,,1.0,2020-12-31 16:00:00,10475.337,2.909815833333333,3.4166666666666665,4.883333333333333
P002,1.0,0.0,0.0,0.0,56.23333333333333,0.0,0.0,0.0,0.0,0.0,0.0,0.0,0.0,0.0,0.0,0.0,0.0,0.0,0.0,0.0,0.0,0.0,0.0,0.0,0.0,0.0,0.0,0.0,0.0,0.0,0.0,0.0,0.0,0.0,0.0,0.0,0.0,0.0,0.0,0.0,0.0,0.0,0.0,0.0,0.0,0.0,0.0,0.0,0.0,0.0,0.0,0.0,0.0,0.0,0.0,0.0,0.0,0.0,0.0,0.0,0.0,0.0,0.0,0.0,0.0,0.0,0.0,0.0,0.0,0.0,0.0,,2020-12-31 17:00:00,10475.337,2.909815833333333,3.4166666666666665,4.883333333333333
P002,1.0,0.0,0.0,0.0,57.93333333333333,0.0,0.0,0.0,0.0,0.0,0.0,0.0,0.0,0.0,0.0,0.0,0.0,0.0,0.0,0.0,0.0,0.0,0.0,0.0,0.0,0.0,0.0,0.0,0.0,0.0,0.0,0.0,0.0,0.0,0.0,0.0,0.0,0.0,0.0,0.0,0.0,0.0,0.0,0.0,0.0,0.0,0.0,0.0,0.0,0.0,0.0,0.0,0.0,0.0,0.0,0.0,0.0,0.0,0.0,0.0,0.0,0.0,0.0,0.0,0.0,0.0,0.0,0.0,0.0,0.0,,0.0,2020-12-31 18:00:00,10475.337,2.909815833333333,3.4166666666666665,4.883333333333333
P002,1.0,0.0,0.0,0.0,55.833333333333336,0.0,0.0,0.0,0.0,0.0,0.0,0.0,0.0,0.0,0.0,0.0,0.0,0.0,0.0,0.0,0.0,0.0,0.0,0.0,0.0,0.0,0.0,0.0,0.0,0.0,0.0,0.0,0.0,0.0,0.0,0.0,0.0,0.0,0.0,0.0,0.0,0.0,0.0,0.0,0.0,0.0,0.0,0.0,0.0,0.0,0.0,0.0,0.0,0.0,0.0,0.0,0.0,0.0,0.0,0.0,0.0,0.0,0.0,0.0,0.0,0.0,0.0,0.0,0.0,0.0,0.0,,2020-12-31 20:00:00,10475.337,2.909815833333333,3.4166666666666665,4.883333333333333
P002,1.0,0.0,0.0,0.0,58.91666666666666,0.0,0.0,0.0,0.0,0.0,0.0,0.0,0.0,0.0,0.0,0.0,0.0,0.0,0.0,0.0,0.0,0.0,0.0,0.0,0.0,0.0,0.0,0.0,0.0,0.0,0.0,0.0,0.0,0.0,0.0,0.0,0.0,0.0,0.0,0.0,0.0,0.0,0.0,0.0,0.0,0.0,0.0,0.0,0.0,0.0,0.0,0.0,0.0,0.0,0.0,0.0,0.0,0.0,0.0,0.0,0.0,0.0,0.0,0.0,0.0,0.0,0.0,0.0,0.0,0.0,,0.0,2020-12-31 21:00:00,10475.337,2.909815833333333,3.4166666666666665,4.883333333333333
P002,1.0,0.0,0.0,0.0,0.0,59.03333333333333,0.0,0.0,0.0,0.0,1512.818976,38.0,2355.918981,52.0,1556.0695357322693,1332.0,521.315,1332.0,1509.3022348880768,1332.0,0.0,1332.0,0.0,1332.0,0.0,1332.0,0.0,1332.0,419.047,1332.0,0.0,1332.0,0.0,1332.0,0.0,1332.0,0.0,1332.0,0.0576410746762455,16.0,6.0,6.0,1320.0,640.0,61.0,1373.0,0.0,0.0,0.0,0.0,0.0,0.0,0.0,0.0,0.0,0.0,0.0,0.0,0.0,0.0,0.0,0.0,0.0,0.0,0.0,0.0,0.0,0.0,0.0,0.0,0.0,,2021-01-01 11:00:00,9579.953,2.6610980555555552,5.166666666666667,6.5
P002,1.0,0.0,0.0,0.0,0.0,55.9,0.0,0.0,0.0,0.0,0.5219910000000001,25.0,2294.146986,48.0,726.4483724832535,1558.0,525.224,1558.0,637.4875863790512,1558.0,0.0,1558.0,0.0,1558.0,0.0,1558.0,0.0,1558.0,500.266,1558.0,0.0,1558.0,0.0,1558.0,0.0,1558.0,0.0,1558.0,0.0395006495292945,12.0,4.0,5.0,1549.0,1918.0,20.0,1310.0,0.079,4.0,0.0,0.0,0.0,0.0,0.0,0.0,0.0,0.0,0.0,0.0,0.0,0.0,0.0,0.0,0.0,0.0,0.0,0.0,0.0,0.0,2.0,381.0,,0.0,2021-01-01 12:00:00,9579.953,2.6610980555555552,5.166666666666667,6.5
P002,1.0,0.0,0.0,0.0,0.0,54.25,0.0,0.0,0.0,0.0,0.663987,25.0,507.550985,43.0,54.64045822620392,147.0,103.392,147.0,48.47818052768707,147.0,0.0,147.0,0.0,147.0,0.0,147.0,0.0,147.0,60.758,147.0,0.0,147.0,0.0,147.0,0.0,147.0,0.0,147.0,0.3599396544509972,17.0,7.0,6.0,134.0,801.0,261.0,1453.0,0.0,0.0,0.0,0.0,0.0,0.0,0.0,0.0,0.0,0.0,0.0,0.0,0.0,0.0,0.0,0.0,0.0,0.0,0.0,0.0,10.0,10.0,3.0,651.0,0.0,,2021-01-01 13:00:00,9579.953,2.6610980555555552,5.166666666666667,6.5
P002,1.0,0.0,0.0,0.0,0.0,58.7,0.0,0.0,0.0,0.0,0.0,0.0,0.0,0.0,0.0,2.0,0.0,2.0,0.0,2.0,0.0,2.0,0.0,2.0,0.0,2.0,0.0,2.0,0.0,2.0,0.0,2.0,0.0,2.0,0.0,2.0,0.0,2.0,0.6931471805599453,1.0,1.0,1.0,0.0,0.0,4.0,0.0,0.0,0.0,0.0,0.0,0.0,0.0,0.0,0.0,0.0,0.0,0.0,0.0,0.0,0.0,0.0,0.0,0.0,0.0,0.0,0.0,0.0,0.0,0.0,0.0,,0.0,2021-01-01 14:00:00,9579.953,2.6610980555555552,5.166666666666667,6.5
P002,1.0,0.0,0.0,0.0,0.0,56.05,0.0,0.0,0.0,0.0,0.0,0.0,0.0,0.0,0.0,0.0,0.0,0.0,0.0,0.0,0.0,0.0,0.0,0.0,0.0,0.0,0.0,0.0,0.0,0.0,0.0,0.0,0.0,0.0,0.0,0.0,0.0,0.0,0.0,0.0,0.0,0.0,0.0,0.0,0.0,0.0,0.0,0.0,0.0,0.0,0.0,0.0,0.0,0.0,0.0,0.0,0.0,0.0,0.0,0.0,0.0,0.0,0.0,0.0,0.0,0.0,0.0,0.0,0.0,0.0,1.0,,2021-01-01 20:00:00,9579.953,2.6610980555555552,5.166666666666667,6.5
P002,1.0,0.0,0.0,0.0,0.0,57.88333333333333,0.0,0.0,0.0,0.0,0.0,0.0,1024.223,1.0,0.0,1.0,0.0,1.0,0.0,1.0,0.0,1.0,0.0,1.0,0.0,1.0,0.0,1.0,0.0,1.0,0.0,1.0,0.0,1.0,0.0,1.0,0.0,1.0,0.0,0.0,0.0,0.0,1.0,0.0,0.0,1.0,0.0,0.0,1024.223,1.0,0.0,0.0,0.0,0.0,0.0,0.0,0.0,0.0,0.0,0.0,0.0,0.0,0.0,0.0,0.0,0.0,0.0,0.0,0.0,0.0,,1.0,2021-01-01 21:00:00,9579.953,2.6610980555555552,5.166666666666667,6.5
P002,1.0,0.0,0.0,0.0,0.0,0.0,0.0,56.7,0.088999,6.0,1054.269015,19.0,1054.483013,36.0,0.0,41.0,0.0,41.0,0.0,41.0,0.0,41.0,0.0,41.0,0.0,41.0,0.0,41.0,0.0,41.0,0.0,41.0,0.0,41.0,0.0,41.0,0.0,41.0,0.4528693103251814,8.0,3.0,2.0,36.0,1051.0,7.0,2103.0,0.01,2.0,0.0,0.0,0.0,0.0,0.0,0.0,0.0,0.0,0.0,1.0,0.0,0.0,1.0,0.0,0.0,0.0,0.0,0.0,0.0,0.0,0.0,0.0,0.0,,2021-01-02 10:00:00,20749.003,5.7636119444444445,1.2333333333333334,4.116666666666666
P002,1.0,0.0,0.0,0.0,0.0,0.0,0.0,58.18333333333333,0.0,0.0,976.366018,19.0,2864.4550520000003,24.0,239.24702191352844,290.0,98.541,290.0,239.24702191352844,290.0,0.0,290.0,0.0,290.0,0.0,290.0,0.0,290.0,98.541,290.0,0.0,290.0,0.0,290.0,0.0,290.0,0.0,290.0,0.2517148339556624,23.0,8.0,8.0,274.0,2822.0,50.0,656.0,0.0,0.0,0.0,0.0,0.0,0.0,0.0,0.0,0.0,0.0,4.0,3.0,0.0,869.0,392.0,0.0,0.0,0.0,0.0,0.0,0.0,0.0,0.0,0.0,0.0,0.0,2021-01-02 11:00:00,20749.003,5.7636119444444445,1.2333333333333334,4.116666666666666
P002,1.0,0.0,0.0,0.0,0.0,0.0,0.0,53.66666666666666,172.51799499999998,3.0,1624.593991,16.0,1869.2109810000004,29.0,116.40738153457642,137.0,32.332,137.0,99.59482228755952,137.0,0.0,137.0,0.0,137.0,0.0,137.0,0.0,137.0,28.994,137.0,0.0,137.0,0.0,137.0,0.0,137.0,0.0,137.0,0.5848275450815809,32.0,11.0,13.0,113.0,1402.0,710.0,927.0,0.0,0.0,0.0,0.0,0.0,0.0,0.0,0.0,0.0,0.0,0.0,0.0,0.0,0.0,0.0,0.0,0.0,0.0,0.0,0.0,1.0,1.0,2.0,442.0,,0.0,2021-01-02 12:00:00,20749.003,5.7636119444444445,1.2333333333333334,4.116666666666666
P002,1.0,0.0,0.0,0.0,0.0,0.0,0.0,54.56666666666667,0.017,1.0,641.678973,29.0,2534.916972,58.0,94.14803290367126,189.0,33.584,189.0,74.76827764511108,189.0,0.0,189.0,0.0,189.0,0.0,189.0,0.0,189.0,27.503,189.0,0.0,189.0,0.0,189.0,0.0,189.0,0.0,189.0,0.3805062184775959,30.0,9.0,9.0,171.0,2173.0,40.0,1142.0,0.0,0.0,0.0,0.0,0.0,0.0,0.0,0.0,0.0,0.0,2.0,2.0,0.0,223.0,401.0,0.0,0.0,0.0,0.0,0.0,0.0,0.0,3.0,902.0,0.0,,2021-01-02 13:00:00,20749.003,5.7636119444444445,1.2333333333333334,4.116666666666666
P002,1.0,0.0,0.0,0.0,0.0,0.0,0.0,56.38333333333333,0.0,0.0,1.581997,7.0,508.682997,14.0,0.0,17.0,0.0,17.0,0.0,17.0,0.0,17.0,0.0,17.0,0.0,17.0,0.0,17.0,0.0,17.0,0.0,17.0,0.0,17.0,0.0,17.0,0.0,17.0,0.5783252866601273,4.0,2.0,1.0,14.0,501.0,0.0,1121.0,0.0,0.0,0.053999,3.0,0.0,0.0,0.0,0.0,0.0,0.0,0.0,0.0,0.0,0.0,0.0,0.0,0.0,0.0,0.0,0.0,0.0,0.0,0.0,0.0,0.0,0.0,2021-01-02 14:00:00,20749.003,5.7636119444444445,1.2333333333333334,4.116666666666666
P002,1.0,0.0,0.0,0.0,0.0,0.0,0.0,54.15,0.0,0.0,0.0,0.0,0.0,0.0,0.0,0.0,0.0,0.0,0.0,0.0,0.0,0.0,0.0,0.0,0.0,0.0,0.0,0.0,0.0,0.0,0.0,0.0,0.0,0.0,0.0,0.0,0.0,0.0,0.0,0.0,0.0,0.0,0.0,0.0,0.0,0.0,0.0,0.0,0.0,0.0,0.0,0.0,0.0,0.0,0.0,0.0,0.0,0.0,0.0,0.0,0.0,0.0,0.0,0.0,0.0,0.0,0.0,0.0,0.0,0.0,1.0,0.0,2021-01-02 15:00:00,20749.003,5.7636119444444445,1.2333333333333334,4.116666666666666
P002,1.0,0.0,0.0,0.0,0.0,0.0,0.0,56.81666666666667,1105.9259710000003,16.0,267.47699400000005,12.0,2073.7359570000003,66.0,158.72399604320526,205.0,89.638,205.0,0.0,205.0,0.0,205.0,0.0,205.0,0.0,205.0,0.0,205.0,0.0,205.0,0.0,205.0,0.0,205.0,0.0,205.0,0.0,205.0,0.1721910211481552,11.0,3.0,4.0,198.0,1329.0,14.0,2054.0,0.0,0.0,0.0,0.0,0.0,0.0,0.0,0.0,0.0,0.0,0.0,0.0,0.0,0.0,0.0,0.0,0.0,0.0,0.0,0.0,0.0,0.0,0.0,0.0,0.0,1.0,2021-01-02 16:00:00,20749.003,5.7636119444444445,1.2333333333333334,4.116666666666666
P002,1.0,0.0,0.0,0.0,0.0,0.0,0.0,56.46666666666667,0.0,0.0,0.0,0.0,463.055999,1.0,0.0,4.0,0.0,4.0,0.0,4.0,0.0,4.0,0.0,4.0,0.0,4.0,0.0,4.0,0.0,4.0,0.0,4.0,0.0,4.0,0.0,4.0,0.0,4.0,1.039720770839918,3.0,2.0,1.0,1.0,462.0,0.0,6.0,0.0,0.0,0.0,0.0,0.0,0.0,0.0,0.0,0.0,0.0,0.0,0.0,0.0,0.0,0.0,0.0,0.0,0.0,0.0,0.0,0.0,0.0,0.0,0.0,,0.0,2021-01-02 17:00:00,20749.003,5.7636119444444445,1.2333333333333334,4.116666666666666
P002,3.0,12.483333333333333,29.883333333333333,10.833333333333334,0.0,0.0,0.0,0.0,0.091997,3.0,1536.5609809999996,28.0,2191.378003,42.0,102.82309997081757,145.0,28.055,145.0,102.82309997081757,145.0,0.0,145.0,0.0,145.0,0.0,145.0,0.0,145.0,28.055,145.0,0.0,145.0,0.0,145.0,0.0,145.0,0.0,145.0,0.3208145729656713,17.0,5.0,6.0,134.0,1258.0,92.0,1568.0,0.0,0.0,0.0,0.0,0.0,0.0,0.0,0.0,0.0,0.0,2.0,2.0,0.0,177.0,505.0,1.0,343.0,0.0,0.0,0.0,1.0,1.0,3.0,1984.0,0.0,,2021-01-03 09:00:00,25826.004,7.17389,1.15,4.733333333333333
P002,1.0,0.0,57.516666666666666,0.0,0.0,0.0,0.0,0.0,0.0,0.0,0.0,0.0,1137.274998,2.0,0.0,6.0,0.0,6.0,0.0,6.0,0.0,6.0,0.0,6.0,0.0,6.0,0.0,6.0,0.0,6.0,0.0,6.0,0.0,6.0,0.0,6.0,0.0,6.0,1.0986122886681096,5.0,2.0,2.0,2.0,67.0,47.0,2.0,0.0,0.0,0.0,0.0,0.0,0.0,0.0,0.0,0.0,0.0,2.0,1.0,0.0,156.0,69.0,0.0,0.0,0.0,0.0,0.0,0.0,0.0,0.0,0.0,,0.0,2021-01-03 10:00:00,25826.004,7.17389,1.15,4.733333333333333
P002,1.0,0.0,59.3,0.0,0.0,0.0,0.0,0.0,0.0,0.0,1387.905029,1.0,1391.229028,2.0,0.0,5.0,0.0,5.0,0.0,5.0,0.0,5.0,0.0,5.0,0.0,5.0,0.0,5.0,0.0,5.0,0.0,5.0,0.0,5.0,0.0,5.0,0.0,5.0,1.0549201679861442,4.0,2.0,1.0,2.0,1387.0,3.0,24.0,0.0,0.0,0.0,0.0,0.0,0.0,0.0,0.0,0.0,0.0,2.0,1.0,0.0,706.0,26.0,0.0,0.0,0.0,0.0,0.0,0.0,0.0,0.0,0.0,1.0,,2021-01-03 14:00:00,25826.004,7.17389,1.15,4.733333333333333
P002,1.0,0.0,51.016666666666666,0.0,0.0,0.0,0.0,0.0,0.0,0.0,0.110998,3.0,786.5709979999999,4.0,0.0,6.0,0.0,6.0,0.0,6.0,0.0,6.0,0.0,6.0,0.0,6.0,0.0,6.0,0.0,6.0,0.0,6.0,0.0,6.0,0.0,6.0,0.0,6.0,0.8675632284814612,3.0,1.0,1.0,4.0,0.0,2.0,374.0,0.0,0.0,0.0,0.0,0.0,0.0,0.0,0.0,0.0,0.0,0.0,0.0,0.0,0.0,0.0,0.0,0.0,0.0,0.0,0.0,0.0,0.0,0.0,0.0,,1.0,2021-01-03 15:00:00,25826.004,7.17389,1.15,4.733333333333333
P002,1.0,0.0,54.45,0.0,0.0,0.0,0.0,0.0,0.0,0.0,0.0,0.0,0.0,0.0,0.0,0.0,0.0,0.0,0.0,0.0,0.0,0.0,0.0,0.0,0.0,0.0,0.0,0.0,0.0,0.0,0.0,0.0,0.0,0.0,0.0,0.0,0.0,0.0,0.0,0.0,0.0,0.0,0.0,0.0,0.0,0.0,0.0,0.0,0.0,0.0,0.0,0.0,0.0,0.0,0.0,0.0,0.0,0.0,0.0,0.0,0.0,0.0,0.0,0.0,0.0,0.0,0.0,0.0,0.0,0.0,0.0,,2021-01-03 16:00:00,25826.004,7.17389,1.15,4.733333333333333
P002,1.0,0.0,56.23333333333333,0.0,0.0,0.0,0.0,0.0,0.0,0.0,0.0,0.0,0.0,0.0,0.0,0.0,0.0,0.0,0.0,0.0,0.0,0.0,0.0,0.0,0.0,0.0,0.0,0.0,0.0,0.0,0.0,0.0,0.0,0.0,0.0,0.0,0.0,0.0,0.0,0.0,0.0,0.0,0.0,0.0,0.0,0.0,0.0,0.0,0.0,0.0,0.0,0.0,0.0,0.0,0.0,0.0,0.0,0.0,0.0,0.0,0.0,0.0,0.0,0.0,0.0,0.0,0.0,0.0,0.0,0.0,,0.0,2021-01-03 17:00:00,25826.004,7.17389,1.15,4.733333333333333
P002,1.0,0.0,57.95,0.0,0.0,0.0,0.0,0.0,0.0559999999999999,2.0,61.008994,16.0,2168.4620090000003,35.0,153.89416766166687,191.0,35.16,191.0,153.89416766166687,191.0,0.0,191.0,0.0,191.0,0.0,191.0,0.0,191.0,32.791,191.0,0.0,191.0,0.0,191.0,0.0,191.0,0.0,191.0,0.259969870257223,19.0,5.0,6.0,180.0,1582.0,38.0,1616.0,0.0,0.0,0.0,0.0,0.0,0.0,0.0,0.0,0.0,0.0,1.0,1.0,0.0,0.0,109.0,0.0,0.0,0.0,0.0,0.0,0.0,0.0,0.0,0.0,1.0,,2021-01-04 11:00:00,21803.9,6.056638888888889,2.2666666666666666,5.3
P002,3.0,18.1,26.6,0.0,0.0,0.0,0.0,12.233333333333333,312.513999,11.0,48.908992,21.0,1268.676974,120.0,46.689613580703735,235.0,42.761,235.0,0.0,235.0,0.0,235.0,0.0,235.0,0.0,235.0,0.0,235.0,1.675,235.0,0.0,235.0,0.0,235.0,0.0,235.0,0.0,235.0,0.3367727133537501,29.0,10.0,9.0,216.0,1145.0,170.0,1951.0,0.0,0.0,0.0,0.0,0.0,0.0,0.0,0.0,0.0,0.0,3.0,4.0,0.0,92.0,677.0,4.0,1093.0,0.0,0.0,0.0,2.0,2.0,2.0,1686.0,,1.0,2021-01-04 12:00:00,21803.9,6.056638888888889,2.2666666666666666,5.3
P002,1.0,0.0,0.0,0.0,0.0,0.0,0.0,59.23333333333333,0.0,0.0,0.0,0.0,0.0,0.0,0.0,0.0,0.0,0.0,0.0,0.0,0.0,0.0,0.0,0.0,0.0,0.0,0.0,0.0,0.0,0.0,0.0,0.0,0.0,0.0,0.0,0.0,0.0,0.0,0.0,0.0,0.0,0.0,0.0,0.0,0.0,0.0,0.0,0.0,0.0,0.0,0.0,0.0,0.0,0.0,0.0,0.0,0.0,0.0,0.0,0.0,0.0,0.0,0.0,0.0,0.0,0.0,0.0,0.0,0.0,0.0,1.0,,2021-01-04 16:00:00,21803.9,6.056638888888889,2.2666666666666666,5.3
P002,1.0,0.0,0.0,0.0,0.0,0.0,0.0,56.11666666666667,0.0,0.0,0.0,0.0,0.0,0.0,0.0,0.0,0.0,0.0,0.0,0.0,0.0,0.0,0.0,0.0,0.0,0.0,0.0,0.0,0.0,0.0,0.0,0.0,0.0,0.0,0.0,0.0,0.0,0.0,0.0,0.0,0.0,0.0,0.0,0.0,0.0,0.0,0.0,0.0,0.0,0.0,0.0,0.0,0.0,0.0,0.0,0.0,0.0,0.0,0.0,0.0,0.0,0.0,0.0,0.0,0.0,0.0,0.0,0.0,0.0,0.0,,1.0,2021-01-04 17:00:00,21803.9,6.056638888888889,2.2666666666666666,5.3
P002,1.0,0.0,0.0,0.0,0.0,0.0,0.0,58.05,1031.436,1.0,0.0,0.0,1031.436,1.0,0.0,1.0,0.0,1.0,0.0,1.0,0.0,1.0,0.0,1.0,0.0,1.0,0.0,1.0,0.0,1.0,0.0,1.0,0.0,1.0,0.0,1.0,0.0,1.0,0.0,0.0,0.0,0.0,1.0,0.0,0.0,1.0,0.0,0.0,0.0,0.0,0.0,0.0,0.0,0.0,0.0,0.0,0.0,0.0,0.0,0.0,0.0,0.0,0.0,0.0,0.0,0.0,0.0,0.0,0.0,0.0,1.0,,2021-01-04 18:00:00,21803.9,6.056638888888889,2.2666666666666666,5.3
P002,1.0,0.0,0.0,0.0,0.0,0.0,0.0,57.91666666666666,0.0,0.0,0.0,0.0,0.0,0.0,0.0,0.0,0.0,0.0,0.0,0.0,0.0,0.0,0.0,0.0,0.0,0.0,0.0,0.0,0.0,0.0,0.0,0.0,0.0,0.0,0.0,0.0,0.0,0.0,0.0,0.0,0.0,0.0,0.0,0.0,0.0,0.0,0.0,0.0,0.0,0.0,0.0,0.0,0.0,0.0,0.0,0.0,0.0,0.0,0.0,0.0,0.0,0.0,0.0,0.0,0.0,0.0,0.0,0.0,0.0,0.0,1.0,1.0,2021-01-04 19:00:00,21803.9,6.056638888888889,2.2666666666666666,5.3
P002,1.0,0.0,0.0,0.0,0.0,0.0,0.0,56.06666666666667,0.0,0.0,0.0,0.0,0.0,0.0,0.0,0.0,0.0,0.0,0.0,0.0,0.0,0.0,0.0,0.0,0.0,0.0,0.0,0.0,0.0,0.0,0.0,0.0,0.0,0.0,0.0,0.0,0.0,0.0,0.0,0.0,0.0,0.0,0.0,0.0,0.0,0.0,0.0,0.0,0.0,0.0,0.0,0.0,0.0,0.0,0.0,0.0,0.0,0.0,0.0,0.0,0.0,0.0,0.0,0.0,0.0,0.0,0.0,0.0,0.0,0.0,0.0,1.0,2021-01-04 20:00:00,21803.9,6.056638888888889,2.2666666666666666,5.3
P002,1.0,0.0,0.0,0.0,0.0,0.0,0.0,56.88333333333333,0.0,0.0,0.0,0.0,2727.179,1.0,0.0,2.0,0.0,2.0,0.0,2.0,0.0,2.0,0.0,2.0,0.0,2.0,0.0,2.0,0.0,2.0,0.0,2.0,0.0,2.0,0.0,2.0,0.0,2.0,0.6931471805599453,1.0,0.0,1.0,1.0,0.0,2.0,0.0,0.0,0.0,0.0,0.0,0.0,0.0,0.0,0.0,0.0,0.0,0.0,0.0,0.0,0.0,0.0,0.0,0.0,0.0,0.0,0.0,0.0,0.0,0.0,0.0,,0.0,2021-01-04 21:00:00,21803.9,6.056638888888889,2.2666666666666666,5.3
P002,1.0,0.0,0.0,0.0,0.0,0.0,0.0,55.16666666666666,0.008999,1.0,275.997004,11.0,302.41300099999995,20.0,382.49075746536255,320.0,83.803,320.0,337.7153791189194,320.0,0.0,320.0,0.0,320.0,0.0,320.0,0.0,320.0,76.193,320.0,0.0,320.0,0.0,320.0,0.0,320.0,0.0,320.0,0.1061301479587716,9.0,3.0,3.0,314.0,221.0,70.0,924.0,0.0,0.0,0.0,0.0,0.0,0.0,0.0,0.0,0.0,0.0,3.0,3.0,0.0,639.0,486.0,0.0,0.0,0.0,0.0,0.0,0.0,0.0,0.0,0.0,0.0,,2021-01-05 12:00:00,14318.386,3.977329444444445,0.3166666666666666,2.3
P002,1.0,0.0,0.0,0.0,0.0,0.0,0.0,57.55,0.0,0.0,147.195993,7.0,1533.100978,42.0,0.0,46.0,0.0,46.0,0.0,46.0,0.0,46.0,0.0,46.0,0.0,46.0,0.0,46.0,0.0,46.0,0.0,46.0,0.0,46.0,0.0,46.0,0.0,46.0,0.355712859746894,7.0,2.0,2.0,42.0,11.0,29.0,674.0,0.108999,1.0,0.0,0.0,0.0,0.0,0.0,0.0,0.0,0.0,0.0,0.0,0.0,0.0,0.0,0.0,0.0,0.0,0.0,0.0,0.0,0.0,0.0,0.0,,0.0,2021-01-05 13:00:00,14318.386,3.977329444444445,0.3166666666666666,2.3
P002,1.0,0.0,0.0,0.0,0.0,0.0,0.0,57.16666666666666,0.0,0.0,0.0,0.0,0.167999,3.0,0.0,4.0,0.0,4.0,0.0,4.0,0.0,4.0,0.0,4.0,0.0,4.0,0.0,4.0,0.0,4.0,0.0,4.0,0.0,4.0,0.0,4.0,0.0,4.0,0.5623351446188083,1.0,1.0,0.0,3.0,0.0,0.0,63.0,0.0,0.0,0.0,0.0,0.0,0.0,0.0,0.0,0.0,0.0,0.0,0.0,0.0,0.0,0.0,0.0,0.0,0.0,0.0,0.0,0.0,0.0,0.0,0.0,0.0,,2021-01-05 16:00:00,14318.386,3.977329444444445,0.3166666666666666,2.3
P002,1.0,0.0,0.0,0.0,0.0,0.0,0.0,56.43333333333333,0.0,0.0,0.0,0.0,510.659997,5.0,0.0,7.0,0.0,7.0,0.0,7.0,0.0,7.0,0.0,7.0,0.0,7.0,0.0,7.0,0.0,7.0,0.0,7.0,0.0,7.0,0.0,7.0,0.0,7.0,0.796311640173813,3.0,1.0,1.0,5.0,0.0,8.0,801.0,0.0,0.0,0.0,0.0,0.0,0.0,0.0,0.0,0.0,0.0,0.0,0.0,0.0,0.0,0.0,0.0,0.0,0.0,0.0,0.0,0.0,0.0,0.0,0.0,,0.0,2021-01-05 17:00:00,14318.386,3.977329444444445,0.3166666666666666,2.3
P002,1.0,0.0,0.0,0.0,0.0,0.0,0.0,53.833333333333336,0.0,0.0,0.0,0.0,0.0,0.0,0.0,0.0,0.0,0.0,0.0,0.0,0.0,0.0,0.0,0.0,0.0,0.0,0.0,0.0,0.0,0.0,0.0,0.0,0.0,0.0,0.0,0.0,0.0,0.0,0.0,0.0,0.0,0.0,0.0,0.0,0.0,0.0,0.0,0.0,0.0,0.0,0.0,0.0,0.0,0.0,0.0,0.0,0.0,0.0,0.0,0.0,0.0,0.0,0.0,0.0,0.0,0.0,0.0,0.0,0.0,0.0,0.0,,2021-01-05 19:00:00,14318.386,3.977329444444445,0.3166666666666666,2.3
P002,1.0,0.0,0.0,0.0,0.0,0.0,0.0,55.833333333333336,0.0,0.0,0.0,0.0,0.0,0.0,0.0,0.0,0.0,0.0,0.0,0.0,0.0,0.0,0.0,0.0,0.0,0.0,0.0,0.0,0.0,0.0,0.0,0.0,0.0,0.0,0.0,0.0,0.0,0.0,0.0,0.0,0.0,0.0,0.0,0.0,0.0,0.0,0.0,0.0,0.0,0.0,0.0,0.0,0.0,0.0,0.0,0.0,0.0,0.0,0.0,0.0,0.0,0.0,0.0,0.0,0.0,0.0,0.0,0.0,0.0,0.0,1.0,0.0,2021-01-05 20:00:00,14318.386,3.977329444444445,0.3166666666666666,2.3
P002,1.0,0.0,0.0,0.0,0.0,0.0,0.0,57.9,0.0,0.0,0.0,0.0,0.0,0.0,0.0,0.0,0.0,0.0,0.0,0.0,0.0,0.0,0.0,0.0,0.0,0.0,0.0,0.0,0.0,0.0,0.0,0.0,0.0,0.0,0.0,0.0,0.0,0.0,0.0,0.0,0.0,0.0,0.0,0.0,0.0,0.0,0.0,0.0,0.0,0.0,0.0,0.0,0.0,0.0,0.0,0.0,0.0,0.0,0.0,0.0,0.0,0.0,0.0,0.0,0.0,0.0,0.0,0.0,0.0,0.0,,1.0,2021-01-05 21:00:00,14318.386,3.977329444444445,0.3166666666666666,2.3
P002,2.0,0.0,38.78333333333333,19.95,0.0,0.0,0.0,0.0,0.070998,3.0,0.072999,4.0,2564.585922,36.0,7.285383224487305,42.0,3.32,42.0,0.0,42.0,0.0,42.0,0.0,42.0,0.0,42.0,0.0,42.0,0.0,42.0,0.0,42.0,0.0,42.0,0.0,42.0,0.0,42.0,0.3805062184775959,7.0,2.0,2.0,38.0,119.0,75.0,3304.0,0.0,0.0,0.0,0.0,0.0,0.0,0.0,0.0,0.0,0.0,2.0,3.0,0.0,1094.0,314.0,0.0,0.0,0.0,0.0,0.0,0.0,0.0,0.0,0.0,1.0,,2021-01-06 09:00:00,23506.861,6.529683611111111,0.2166666666666666,3.4833333333333334
P002,3.0,2.2,54.1,1.5166666666666666,0.0,0.0,0.0,0.0,0.0,0.0,0.164997,6.0,2111.90097,17.0,547.7119271755219,452.0,219.462,452.0,547.7119271755219,452.0,0.0,452.0,0.0,452.0,0.0,452.0,0.0,452.0,219.462,452.0,0.0,452.0,0.0,452.0,0.0,452.0,0.0,452.0,0.0682710669574756,9.0,3.0,2.0,447.0,1982.0,22.0,870.0,0.0,0.0,0.0,0.0,0.0,0.0,0.0,0.0,0.0,0.0,1.0,0.0,0.0,1.0,0.0,0.0,0.0,0.0,0.0,0.0,0.0,0.0,0.0,0.0,,1.0,2021-01-06 10:00:00,23506.861,6.529683611111111,0.2166666666666666,3.4833333333333334
P002,1.0,0.0,57.28333333333333,0.0,0.0,0.0,0.0,0.0,0.0,0.0,2396.106964,15.0,2874.0409640000003,16.0,19.42468309402465,34.0,5.098,34.0,19.42468309402465,34.0,0.0,34.0,0.0,34.0,0.0,34.0,0.0,34.0,5.098,34.0,0.0,34.0,0.0,34.0,0.0,34.0,0.0,34.0,0.5883193476480918,8.0,3.0,3.0,28.0,2389.0,41.0,475.0,0.0,0.0,0.0,0.0,0.0,0.0,0.0,0.0,0.0,0.0,0.0,0.0,0.0,0.0,0.0,0.0,0.0,0.0,0.0,0.0,0.0,0.0,0.0,0.0,0.0,,2021-01-06 11:00:00,23506.861,6.529683611111111,0.2166666666666666,3.4833333333333334
P002,3.0,4.583333333333333,48.333333333333336,0.0,0.0,0.0,0.0,4.183333333333334,0.055999,4.0,843.5869940000001,36.0,2902.905986,52.0,199.5565176010132,246.0,62.789,246.0,199.5565176010132,246.0,0.0,246.0,0.0,246.0,0.0,246.0,0.0,246.0,62.789,246.0,0.0,246.0,0.0,246.0,0.0,246.0,0.0,246.0,0.3253944379882781,34.0,9.0,10.0,227.0,816.0,75.0,648.0,0.244997,3.0,0.0,0.0,0.0,0.0,0.0,0.0,0.0,0.0,0.0,1.0,0.0,0.0,0.0,0.0,0.0,1.0,860.0,0.0,1.0,1.0,1.0,18.0,1.0,0.0,2021-01-06 12:00:00,23506.861,6.529683611111111,0.2166666666666666,3.4833333333333334
P003,1.0,0.0,0.0,0.0,15.766666666666667,0.0,0.0,0.0,0.0,0.0,0.09,4.0,1636.189968,8.0,0.0,18.0,0.0,18.0,0.0,18.0,0.0,18.0,0.0,18.0,0.0,18.0,0.0,18.0,0.0,18.0,0.0,18.0,0.0,18.0,0.0,18.0,0.0,18.0,1.0720433435750707,13.0,5.0,5.0,8.0,2515.0,357.0,25.0,0.0,0.0,0.0,0.0,0.0,0.0,0.0,0.0,0.0,0.0,1.0,1.0,0.0,0.0,74.0,0.0,0.0,0.0,0.0,0.0,0.0,0.0,0.0,0.0,1.0,,2020-12-07 10:00:00,,,,
P003,2.0,1.75,0.0,0.0,38.2,0.0,0.0,0.0,0.0,0.0,6.519933999999999,147.0,1095.718921,174.0,0.0,187.0,0.0,187.0,0.0,187.0,0.0,187.0,0.0,187.0,0.0,187.0,0.0,187.0,0.0,187.0,0.0,187.0,0.0,187.0,0.0,187.0,0.0,187.0,0.3003730557739257,19.0,6.0,7.0,174.0,976.0,90.0,2334.0,0.0,0.0,0.0,0.0,0.0,0.0,0.0,0.0,0.0,0.0,3.0,3.0,0.0,242.0,163.0,0.0,0.0,0.0,0.0,0.0,0.0,0.0,0.0,0.0,,1.0,2020-12-07 11:00:00,,,,
P003,4.0,8.15,0.0,3.3,9.566666666666666,0.0,0.0,12.75,0.0,0.0,104.075935,151.0,2025.650888,199.0,0.0,215.0,0.0,215.0,0.0,215.0,0.0,215.0,0.0,215.0,0.0,215.0,0.0,215.0,0.0,215.0,0.0,215.0,0.0,215.0,0.0,215.0,0.0,215.0,0.3165044244669588,30.0,8.0,8.0,199.0,1867.0,68.0,1561.0,0.0,0.0,0.0,0.0,0.0,0.0,0.0,0.0,0.0,2.0,3.0,1.0,664.0,235.0,114.0,0.0,0.0,0.0,0.0,0.0,1.0,1.0,4.0,264.0,1.0,,2020-12-07 12:00:00,,,,
P003,1.0,0.0,0.0,0.0,0.0,0.0,0.0,47.16666666666666,0.133996,4.0,1.884951,107.0,887.6859299999999,189.0,0.0,205.0,0.0,205.0,0.0,205.0,0.0,205.0,0.0,205.0,0.0,205.0,0.0,205.0,0.0,205.0,0.0,205.0,0.0,205.0,0.0,205.0,0.0,205.0,0.3280770498059702,32.0,8.0,8.0,189.0,872.0,14.0,2709.0,0.041,1.0,0.0,0.0,0.0,0.0,0.0,0.0,0.0,0.0,0.0,0.0,0.0,0.0,0.0,0.0,0.0,0.0,0.0,1.0,2.0,3.0,1.0,513.0,0.0,1.0,2020-12-07 13:00:00,,,,
P003,1.0,0.0,0.0,0.0,0.0,0.0,0.0,34.1,0.0,0.0,0.369985,20.0,1750.730008,38.0,0.0,43.0,0.0,43.0,0.0,43.0,0.0,43.0,0.0,43.0,0.0,43.0,0.0,43.0,0.0,43.0,0.0,43.0,0.0,43.0,0.0,43.0,0.0,43.0,0.4377023180952629,8.0,3.0,2.0,38.0,1745.0,4.0,1677.0,0.0439989999999999,2.0,0.0,0.0,0.0,0.0,0.0,0.0,0.0,0.0,0.0,0.0,0.0,0.0,0.0,0.0,0.0,0.0,0.0,0.0,0.0,0.0,0.0,0.0,,0.0,2020-12-07 14:00:00,,,,
P003,1.0,0.0,0.0,0.0,0.0,0.0,0.0,3.5166666666666666,0.060999,3.0,0.459987,24.0,1.324985,32.0,0.0,32.0,0.0,32.0,0.0,32.0,0.0,32.0,0.0,32.0,0.0,32.0,0.0,32.0,0.0,32.0,0.0,32.0,0.0,32.0,0.0,32.0,0.0,32.0,0.0,0.0,0.0,0.0,32.0,0.0,0.0,1806.0,0.0,0.0,0.0,0.0,0.0,0.0,0.0,0.0,0.0,0.0,0.0,0.0,0.0,0.0,0.0,0.0,0.0,0.0,0.0,0.0,0.0,0.0,0.0,0.0,1.0,,2020-12-07 16:00:00,,,,
P003,1.0,0.0,0.0,0.0,0.0,0.0,0.0,39.11666666666667,0.014999,1.0,697.3920019999998,70.0,770.752995,93.0,0.0,97.0,0.0,97.0,0.0,97.0,0.0,97.0,0.0,97.0,0.0,97.0,0.0,97.0,0.0,97.0,0.0,97.0,0.0,97.0,0.0,97.0,0.0,97.0,0.2004394157663458,7.0,2.0,2.0,93.0,765.0,16.0,1592.0,0.0,0.0,0.0,0.0,0.0,0.0,0.0,0.0,0.0,0.0,0.0,0.0,0.0,0.0,0.0,0.0,0.0,0.0,0.0,0.0,0.0,0.0,0.0,0.0,1.0,1.0,2020-12-07 17:00:00,,,,
P003,1.0,0.0,0.0,0.0,0.0,0.0,0.0,0.0,0.0,0.0,19.644977,58.0,20.409968000000006,84.0,0.0,85.0,0.0,85.0,0.0,85.0,0.0,85.0,0.0,85.0,0.0,85.0,0.0,85.0,0.0,85.0,0.0,85.0,0.0,85.0,0.0,85.0,0.0,85.0,0.0639617141039829,1.0,1.0,0.0,84.0,0.0,0.0,865.0,0.0,0.0,0.0,0.0,0.0,0.0,0.0,0.0,0.0,0.0,0.0,0.0,0.0,0.0,0.0,0.0,0.0,0.0,0.0,0.0,0.0,0.0,0.0,0.0,0.0,1.0,2020-12-07 18:00:00,,,,
P003,0.0,0.0,0.0,0.0,0.0,0.0,0.0,0.0,0.0,0.0,0.0,0.0,0.0,0.0,0.0,0.0,0.0,0.0,0.0,0.0,0.0,0.0,0.0,0.0,0.0,0.0,0.0,0.0,0.0,0.0,0.0,0.0,0.0,0.0,0.0,0.0,0.0,0.0,0.0,0.0,0.0,0.0,0.0,0.0,0.0,0.0,0.0,0.0,0.0,0.0,0.0,0.0,0.0,0.0,0.0,0.0,0.0,0.0,0.0,0.0,0.0,0.0,0.0,0.0,0.0,0.0,0.0,0.0,0.0,0.0,0.0,0.0,2020-12-07 19:00:00,,,,
P003,0.0,0.0,0.0,0.0,0.0,0.0,0.0,0.0,0.0,0.0,0.0,0.0,0.0,0.0,0.0,0.0,0.0,0.0,0.0,0.0,0.0,0.0,0.0,0.0,0.0,0.0,0.0,0.0,0.0,0.0,0.0,0.0,0.0,0.0,0.0,0.0,0.0,0.0,0.0,0.0,0.0,0.0,0.0,0.0,0.0,0.0,0.0,0.0,0.0,0.0,0.0,0.0,0.0,0.0,0.0,0.0,0.0,0.0,0.0,0.0,0.0,0.0,0.0,0.0,0.0,0.0,0.0,0.0,0.0,0.0,0.0,0.0,2020-12-07 20:00:00,,,,
P003,0.0,0.0,0.0,0.0,0.0,0.0,0.0,0.0,0.0,0.0,0.0,0.0,0.0,0.0,0.0,0.0,0.0,0.0,0.0,0.0,0.0,0.0,0.0,0.0,0.0,0.0,0.0,0.0,0.0,0.0,0.0,0.0,0.0,0.0,0.0,0.0,0.0,0.0,0.0,0.0,0.0,0.0,0.0,0.0,0.0,0.0,0.0,0.0,0.0,0.0,0.0,0.0,0.0,0.0,0.0,0.0,0.0,0.0,0.0,0.0,0.0,0.0,0.0,0.0,0.0,0.0,0.0,0.0,0.0,0.0,,0.0,2020-12-07 21:00:00,,,,
P003,1.0,0.0,0.0,0.0,0.0,0.0,0.0,0.0,1434.026034,15.0,0.490988,25.0,1454.2020169999996,54.0,0.0,63.0,0.0,63.0,0.0,63.0,0.0,63.0,0.0,63.0,0.0,63.0,0.0,63.0,0.0,63.0,0.0,63.0,0.0,63.0,0.0,63.0,0.0,63.0,0.508253686373741,17.0,4.0,5.0,54.0,1424.0,392.0,1741.0,0.0,0.0,0.0,0.0,0.0,0.0,0.0,0.0,0.0,0.0,1.0,0.0,0.0,1.0,0.0,0.0,0.0,0.0,0.0,0.0,0.0,0.0,0.0,0.0,0.0,,2020-12-08 10:00:00,,,,
P003,3.0,4.216666666666667,0.0,1.5,1.55,0.0,0.0,0.0,156.574005,1.0,1.422967,83.0,332.10396699999995,100.0,0.0,118.0,0.0,118.0,0.0,118.0,0.0,118.0,0.0,118.0,0.0,118.0,0.0,118.0,0.0,118.0,0.0,118.0,0.0,118.0,0.0,118.0,0.0,118.0,0.5328281753905708,27.0,9.0,9.0,100.0,663.0,318.0,430.0,0.0,0.0,0.0,0.0,0.0,0.0,0.0,0.0,0.0,0.0,1.0,1.0,0.0,0.0,420.0,0.0,0.0,0.0,0.0,0.0,0.0,0.0,0.0,0.0,1.0,0.0,2020-12-08 11:00:00,,,,
P003,1.0,0.0,0.0,0.0,0.0,0.0,0.0,0.0,0.141,4.0,1.358966,70.0,1988.473939,115.0,0.0,130.0,0.0,130.0,0.0,130.0,0.0,130.0,0.0,130.0,0.0,130.0,0.0,130.0,0.0,130.0,0.0,130.0,0.0,130.0,0.0,130.0,0.0,130.0,0.4373490801586622,25.0,8.0,7.0,115.0,1495.0,78.0,1196.0,1125.364992,6.0,0.0,0.0,0.0,0.0,0.0,0.0,0.0,0.0,0.0,0.0,0.0,0.0,0.0,0.0,0.0,0.0,0.0,0.0,0.0,0.0,0.0,0.0,1.0,1.0,2020-12-08 12:00:00,,,,
P003,3.0,15.1,0.0,0.0,2.9833333333333334,0.0,0.0,6.083333333333333,0.0,0.0,0.084997,4.0,1662.857988,33.0,0.0,42.0,0.0,42.0,0.0,42.0,0.0,42.0,0.0,42.0,0.0,42.0,0.0,42.0,0.0,42.0,0.0,42.0,0.0,42.0,0.0,42.0,0.0,42.0,0.6667858912585133,17.0,4.0,5.0,33.0,1239.0,11.0,1037.0,419.835998,3.0,0.0,0.0,0.0,0.0,0.0,0.0,0.0,1.0,2.0,1.0,338.0,284.0,50.0,0.0,0.0,0.0,0.0,0.0,0.0,0.0,0.0,0.0,,1.0,2020-12-08 13:00:00,,,,
P003,1.0,0.0,0.0,0.0,0.0,0.0,0.0,51.833333333333336,297.701003,20.0,0.750986,43.0,298.62798599999985,70.0,0.0,72.0,0.0,72.0,0.0,72.0,0.0,72.0,0.0,72.0,0.0,72.0,0.0,72.0,0.0,72.0,0.0,72.0,0.0,72.0,0.0,72.0,0.0,72.0,0.1461846336902896,3.0,1.0,1.0,70.0,289.0,5.0,2898.0,0.0,0.0,0.0,0.0,0.0,0.0,0.0,0.0,0.0,0.0,0.0,0.0,0.0,0.0,0.0,0.0,0.0,0.0,0.0,0.0,0.0,0.0,0.0,0.0,0.0,,2020-12-08 16:00:00,,,,
P003,1.0,0.0,0.0,0.0,0.0,0.0,0.0,53.43333333333333,1.163994,12.0,744.9809740000001,52.0,947.2079709999998,77.0,0.0,97.0,0.0,97.0,0.0,97.0,0.0,97.0,0.0,97.0,0.0,97.0,0.0,97.0,0.0,97.0,0.0,97.0,0.0,97.0,0.0,97.0,0.0,97.0,0.6517757275485935,38.0,10.0,10.0,77.0,965.0,28.0,2417.0,0.0,0.0,0.0,0.0,0.0,0.0,0.0,0.0,0.0,0.0,0.0,0.0,0.0,0.0,0.0,0.0,0.0,0.0,0.0,0.0,0.0,0.0,0.0,0.0,0.0,0.0,2020-12-08 17:00:00,,,,
P003,1.0,0.0,0.0,0.0,0.0,0.0,0.0,16.183333333333334,1.502998,7.0,0.1379949999999999,7.0,378.305983,18.0,0.0,21.0,0.0,21.0,0.0,21.0,0.0,21.0,0.0,21.0,0.0,21.0,0.0,21.0,0.0,21.0,0.0,21.0,0.0,21.0,0.0,21.0,0.0,21.0,0.5010469137590966,5.0,2.0,1.0,18.0,376.0,2.0,1904.0,0.0,0.0,0.0,0.0,0.0,0.0,0.0,0.0,0.0,0.0,0.0,0.0,0.0,0.0,0.0,0.0,0.0,0.0,0.0,0.0,0.0,0.0,0.0,0.0,,0.0,2020-12-08 18:00:00,,,,
P003,0.0,0.0,0.0,0.0,0.0,0.0,0.0,0.0,0.0,0.0,0.0,0.0,0.0,0.0,0.0,0.0,0.0,0.0,0.0,0.0,0.0,0.0,0.0,0.0,0.0,0.0,0.0,0.0,0.0,0.0,0.0,0.0,0.0,0.0,0.0,0.0,0.0,0.0,0.0,0.0,0.0,0.0,0.0,0.0,0.0,0.0,0.0,0.0,0.0,0.0,0.0,0.0,0.0,0.0,0.0,0.0,0.0,0.0,0.0,0.0,0.0,0.0,0.0,0.0,0.0,0.0,0.0,0.0,0.0,0.0,1.0,,2020-12-08 20:00:00,,,,
P003,0.0,0.0,0.0,0.0,0.0,0.0,0.0,0.0,0.0,0.0,0.0,0.0,0.0,0.0,0.0,0.0,0.0,0.0,0.0,0.0,0.0,0.0,0.0,0.0,0.0,0.0,0.0,0.0,0.0,0.0,0.0,0.0,0.0,0.0,0.0,0.0,0.0,0.0,0.0,0.0,0.0,0.0,0.0,0.0,0.0,0.0,0.0,0.0,0.0,0.0,0.0,0.0,0.0,0.0,0.0,0.0,0.0,0.0,0.0,0.0,0.0,0.0,0.0,0.0,0.0,0.0,0.0,0.0,0.0,0.0,,1.0,2020-12-08 21:00:00,,,,
P003,1.0,0.0,0.0,0.0,6.316666666666666,0.0,0.0,0.0,0.0,0.0,1.65097,82.0,2284.850984,118.0,0.0,133.0,0.0,133.0,0.0,133.0,0.0,133.0,0.0,133.0,0.0,133.0,0.0,133.0,0.0,133.0,0.0,133.0,0.0,133.0,0.0,133.0,0.0,133.0,0.4302161277422476,27.0,7.0,8.0,118.0,2143.0,43.0,1012.0,0.0,0.0,0.0,0.0,0.0,0.0,0.0,0.0,0.0,0.0,0.0,0.0,0.0,0.0,0.0,0.0,0.0,0.0,0.0,0.0,0.0,0.0,0.0,0.0,1.0,,2020-12-09 13:00:00,16495.214,4.582003888888889,3.4166666666666665,5.7
P003,3.0,4.533333333333333,0.0,0.0,3.0,0.0,0.0,7.35,0.0,0.0,447.918963,91.0,1429.9069349999995,130.0,0.0,150.0,0.0,150.0,0.0,150.0,0.0,150.0,0.0,150.0,0.0,150.0,0.0,150.0,0.0,150.0,0.0,150.0,0.0,150.0,0.0,150.0,0.0,150.0,0.4850940913022115,38.0,10.0,10.0,130.0,1400.0,70.0,1914.0,0.065999,2.0,0.1359989999999999,3.0,0.0,0.0,0.0,0.0,0.0,1.0,2.0,2.0,224.0,456.0,388.0,0.0,0.0,0.0,0.0,0.0,0.0,0.0,0.0,0.0,,1.0,2020-12-09 14:00:00,16495.214,4.582003888888889,3.4166666666666665,5.7
P003,1.0,0.0,0.0,0.0,0.0,0.0,0.0,10.15,0.7679940000000001,10.0,13.661982,41.0,14.915966,81.0,0.0,83.0,0.0,83.0,0.0,83.0,0.0,83.0,0.0,83.0,0.0,83.0,0.0,83.0,0.0,83.0,0.0,83.0,0.0,83.0,0.0,83.0,0.0,83.0,0.1302817942006034,3.0,1.0,1.0,81.0,0.0,3.0,717.0,0.0,0.0,0.186996,10.0,0.0,0.0,0.0,0.0,0.0,0.0,0.0,0.0,0.0,0.0,0.0,0.0,0.0,0.0,0.0,0.0,0.0,0.0,0.0,0.0,1.0,,2020-12-09 15:00:00,16495.214,4.582003888888889,3.4166666666666665,5.7
P003,1.0,0.0,0.0,0.0,0.0,0.0,0.0,0.0,0.065999,1.0,0.0,0.0,0.086998,2.0,0.0,2.0,0.0,2.0,0.0,2.0,0.0,2.0,0.0,2.0,0.0,2.0,0.0,2.0,0.0,2.0,0.0,2.0,0.0,2.0,0.0,2.0,0.0,2.0,0.0,0.0,0.0,0.0,2.0,0.0,0.0,3.0,0.0,0.0,0.0,0.0,0.0,0.0,0.0,0.0,0.0,0.0,0.0,0.0,0.0,0.0,0.0,0.0,0.0,0.0,0.0,0.0,0.0,0.0,0.0,0.0,0.0,1.0,2020-12-09 16:00:00,16495.214,4.582003888888889,3.4166666666666665,5.7
P003,1.0,0.0,0.0,0.0,0.0,0.0,0.0,47.083333333333336,4.179997,10.0,910.008,46.0,914.7389839999998,82.0,0.0,84.0,0.0,84.0,0.0,84.0,0.0,84.0,0.0,84.0,0.0,84.0,0.0,84.0,0.0,84.0,0.0,84.0,0.0,84.0,0.0,84.0,0.0,84.0,0.1290194384186856,4.0,1.0,1.0,82.0,907.0,3.0,933.0,0.0,0.0,0.0,0.0,0.0,0.0,0.0,0.0,0.0,0.0,0.0,0.0,0.0,0.0,0.0,0.0,0.0,0.0,0.0,0.0,0.0,0.0,0.0,0.0,1.0,0.0,2020-12-09 17:00:00,16495.214,4.582003888888889,3.4166666666666665,5.7
P003,0.0,0.0,0.0,0.0,0.0,0.0,0.0,0.0,0.0,0.0,0.0,0.0,0.080996,7.0,0.0,8.0,0.0,8.0,0.0,8.0,0.0,8.0,0.0,8.0,0.0,8.0,0.0,8.0,0.0,8.0,0.0,8.0,0.0,8.0,0.0,8.0,0.0,8.0,0.3767701612564367,1.0,1.0,0.0,7.0,0.0,0.0,30.0,0.0,0.0,0.0,0.0,0.0,0.0,0.0,0.0,0.0,0.0,0.0,0.0,0.0,0.0,0.0,0.0,0.0,0.0,0.0,0.0,0.0,0.0,0.0,0.0,0.0,1.0,2020-12-09 18:00:00,16495.214,4.582003888888889,3.4166666666666665,5.7
P003,0.0,0.0,0.0,0.0,0.0,0.0,0.0,0.0,0.0,0.0,0.0,0.0,0.0,0.0,0.0,0.0,0.0,0.0,0.0,0.0,0.0,0.0,0.0,0.0,0.0,0.0,0.0,0.0,0.0,0.0,0.0,0.0,0.0,0.0,0.0,0.0,0.0,0.0,0.0,0.0,0.0,0.0,0.0,0.0,0.0,0.0,0.0,0.0,0.0,0.0,0.0,0.0,0.0,0.0,0.0,0.0,0.0,0.0,0.0,0.0,0.0,0.0,0.0,0.0,0.0,0.0,0.0,0.0,0.0,0.0,1.0,0.0,2020-12-09 19:00:00,16495.214,4.582003888888889,3.4166666666666665,5.7
P003,0.0,0.0,0.0,0.0,0.0,0.0,0.0,0.0,0.0,0.0,0.0,0.0,0.0,0.0,0.0,0.0,0.0,0.0,0.0,0.0,0.0,0.0,0.0,0.0,0.0,0.0,0.0,0.0,0.0,0.0,0.0,0.0,0.0,0.0,0.0,0.0,0.0,0.0,0.0,0.0,0.0,0.0,0.0,0.0,0.0,0.0,0.0,0.0,0.0,0.0,0.0,0.0,0.0,0.0,0.0,0.0,0.0,0.0,0.0,0.0,0.0,0.0,0.0,0.0,0.0,0.0,0.0,0.0,0.0,0.0,0.0,1.0,2020-12-09 20:00:00,16495.214,4.582003888888889,3.4166666666666665,5.7
P003,0.0,0.0,0.0,0.0,0.0,0.0,0.0,0.0,0.0,0.0,0.0,0.0,0.0,0.0,0.0,0.0,0.0,0.0,0.0,0.0,0.0,0.0,0.0,0.0,0.0,0.0,0.0,0.0,0.0,0.0,0.0,0.0,0.0,0.0,0.0,0.0,0.0,0.0,0.0,0.0,0.0,0.0,0.0,0.0,0.0,0.0,0.0,0.0,0.0,0.0,0.0,0.0,0.0,0.0,0.0,0.0,0.0,0.0,0.0,0.0,0.0,0.0,0.0,0.0,0.0,0.0,0.0,0.0,0.0,0.0,,0.0,2020-12-09 21:00:00,16495.214,4.582003888888889,3.4166666666666665,5.7
P003,1.0,0.0,0.0,28.966666666666665,0.0,0.0,0.0,0.0,0.0,0.0,81.379967,73.0,2979.746943000001,99.0,0.0,116.0,0.0,116.0,0.0,116.0,0.0,116.0,0.0,116.0,0.0,116.0,0.0,116.0,0.0,116.0,0.0,116.0,0.0,116.0,0.0,116.0,0.0,116.0,0.5180089954788727,30.0,8.0,9.0,99.0,2856.0,56.0,605.0,0.0,0.0,0.0,0.0,0.0,0.0,0.0,0.0,0.0,0.0,1.0,1.0,0.0,0.0,43.0,0.0,0.0,0.0,0.0,0.0,0.0,0.0,0.0,0.0,0.0,,2020-12-10 10:00:00,13737.525,3.815979166666666,4.683333333333334,6.583333333333333
P003,0.0,0.0,0.0,0.0,0.0,0.0,0.0,0.0,0.0,0.0,17.60298,62.0,1808.887958,87.0,0.0,102.0,0.0,102.0,0.0,102.0,0.0,102.0,0.0,102.0,0.0,102.0,0.0,102.0,0.0,102.0,0.0,102.0,0.0,102.0,0.0,102.0,0.0,102.0,0.5191795809335391,28.0,8.0,7.0,87.0,1781.0,9.0,410.0,0.0,0.0,0.0,0.0,0.0,0.0,0.0,0.0,0.0,0.0,0.0,0.0,0.0,0.0,0.0,0.0,0.0,0.0,0.0,0.0,0.0,0.0,0.0,0.0,1.0,0.0,2020-12-10 11:00:00,13737.525,3.815979166666666,4.683333333333334,6.583333333333333
P003,2.0,2.1166666666666667,0.0,0.0,0.0,0.0,0.0,0.0,0.0,0.0,397.33197700000005,45.0,2919.563965,81.0,0.0,94.0,0.0,94.0,0.0,94.0,0.0,94.0,0.0,94.0,0.0,94.0,0.0,94.0,0.0,94.0,0.0,94.0,0.0,94.0,0.0,94.0,0.0,94.0,0.4973127675123117,25.0,6.0,7.0,81.0,2567.0,50.0,759.0,0.0,0.0,0.024999,2.0,0.0,0.0,0.0,0.0,0.0,0.0,2.0,2.0,0.0,76.0,97.0,0.0,0.0,0.0,0.0,0.0,0.0,0.0,0.0,0.0,1.0,1.0,2020-12-10 12:00:00,13737.525,3.815979166666666,4.683333333333334,6.583333333333333
P003,3.0,7.916666666666667,0.0,4.183333333333334,0.0,0.0,0.0,0.0,0.0,0.0,0.4369849999999999,25.0,2544.7609270000003,54.0,0.0,65.0,0.0,65.0,0.0,65.0,0.0,65.0,0.0,65.0,0.0,65.0,0.0,65.0,0.0,65.0,0.0,65.0,0.0,65.0,0.0,65.0,0.0,65.0,0.5712659638647194,20.0,6.0,5.0,54.0,2488.0,70.0,364.0,0.0,0.0,0.0,0.0,0.0,0.0,0.0,0.0,0.0,1.0,0.0,1.0,0.0,0.0,366.0,0.0,0.0,0.0,0.0,0.0,0.0,0.0,0.0,0.0,1.0,1.0,2020-12-10 13:00:00,13737.525,3.815979166666666,4.683333333333334,6.583333333333333
P003,1.0,0.0,0.0,0.0,0.0,0.0,0.0,26.133333333333333,0.0,0.0,0.0,0.0,0.0,0.0,0.0,0.0,0.0,0.0,0.0,0.0,0.0,0.0,0.0,0.0,0.0,0.0,0.0,0.0,0.0,0.0,0.0,0.0,0.0,0.0,0.0,0.0,0.0,0.0,0.0,0.0,0.0,0.0,0.0,0.0,0.0,0.0,0.0,0.0,0.0,0.0,0.0,0.0,0.0,0.0,0.0,0.0,1.0,0.0,0.0,1.0,0.0,0.0,0.0,0.0,0.0,0.0,0.0,0.0,0.0,0.0,0.0,1.0,2020-12-10 14:00:00,13737.525,3.815979166666666,4.683333333333334,6.583333333333333
P003,1.0,0.0,0.0,0.0,0.0,0.0,0.0,48.016666666666666,1.067994,9.0,0.409993,16.0,80.972987,27.0,0.0,29.0,0.0,29.0,0.0,29.0,0.0,29.0,0.0,29.0,0.0,29.0,0.0,29.0,0.0,29.0,0.0,29.0,0.0,29.0,0.0,29.0,0.0,29.0,0.2987580581893401,3.0,1.0,1.0,27.0,0.0,2.0,3392.0,0.0,0.0,0.0,0.0,0.0,0.0,0.0,0.0,0.0,0.0,0.0,0.0,0.0,0.0,0.0,0.0,0.0,0.0,0.0,0.0,0.0,0.0,0.0,0.0,,0.0,2020-12-10 15:00:00,13737.525,3.815979166666666,4.683333333333334,6.583333333333333
P003,1.0,0.0,0.0,0.0,0.0,0.0,0.0,0.0,0.0,0.0,0.078996,6.0,199.966996,8.0,0.0,10.0,0.0,10.0,0.0,10.0,0.0,10.0,0.0,10.0,0.0,10.0,0.0,10.0,0.0,10.0,0.0,10.0,0.0,10.0,0.0,10.0,0.0,10.0,0.639031859650177,3.0,1.0,1.0,8.0,0.0,1.0,40.0,0.0,0.0,0.0,0.0,0.0,0.0,0.0,0.0,0.0,0.0,0.0,0.0,0.0,0.0,0.0,0.0,0.0,0.0,0.0,0.0,0.0,0.0,0.0,0.0,0.0,,2020-12-10 16:00:00,13737.525,3.815979166666666,4.683333333333334,6.583333333333333
P003,1.0,0.0,0.0,0.0,0.0,0.0,0.0,0.0,0.0,0.0,0.0,0.0,0.0,0.0,0.0,2.0,0.0,2.0,0.0,2.0,0.0,2.0,0.0,2.0,0.0,2.0,0.0,2.0,0.0,2.0,0.0,2.0,0.0,2.0,0.0,2.0,0.0,2.0,0.6931471805599453,1.0,1.0,1.0,0.0,0.0,5.0,0.0,0.0,0.0,0.0,0.0,0.0,0.0,0.0,0.0,0.0,0.0,0.0,0.0,0.0,0.0,0.0,0.0,0.0,0.0,0.0,0.0,0.0,0.0,0.0,0.0,0.0,0.0,2020-12-10 17:00:00,13737.525,3.815979166666666,4.683333333333334,6.583333333333333
P003,1.0,0.0,0.0,0.0,0.0,0.0,0.0,7.35,0.0,0.0,0.832986,38.0,945.835986,60.0,0.0,65.0,0.0,65.0,0.0,65.0,0.0,65.0,0.0,65.0,0.0,65.0,0.0,65.0,0.0,65.0,0.0,65.0,0.0,65.0,0.0,65.0,0.0,65.0,0.3229595012733253,8.0,2.0,3.0,60.0,600.0,5.0,2071.0,0.015,2.0,0.0,0.0,0.0,0.0,0.0,0.0,0.0,0.0,0.0,0.0,0.0,0.0,0.0,0.0,0.0,0.0,0.0,0.0,0.0,0.0,0.0,0.0,0.0,0.0,2020-12-10 18:00:00,13737.525,3.815979166666666,4.683333333333334,6.583333333333333
P003,0.0,0.0,0.0,0.0,0.0,0.0,0.0,0.0,0.0,0.0,0.0,0.0,0.073998,5.0,0.0,6.0,0.0,6.0,0.0,6.0,0.0,6.0,0.0,6.0,0.0,6.0,0.0,6.0,0.0,6.0,0.0,6.0,0.0,6.0,0.0,6.0,0.0,6.0,0.4505612088663046,1.0,1.0,0.0,5.0,0.0,0.0,24.0,0.0,0.0,0.0,0.0,0.0,0.0,0.0,0.0,0.0,0.0,0.0,0.0,0.0,0.0,0.0,0.0,0.0,0.0,0.0,0.0,0.0,0.0,0.0,0.0,,0.0,2020-12-10 19:00:00,13737.525,3.815979166666666,4.683333333333334,6.583333333333333
P003,1.0,0.0,0.0,0.0,59.16666666666666,0.0,0.0,0.0,0.039997,3.0,408.876996,52.0,1890.894972,93.0,0.0,118.0,0.0,118.0,0.0,118.0,0.0,118.0,0.0,118.0,0.0,118.0,0.0,118.0,0.0,118.0,0.0,118.0,0.0,118.0,0.0,118.0,0.0,118.0,0.6631000964342344,44.0,12.0,13.0,93.0,1328.0,121.0,2031.0,0.0,0.0,15.410998,5.0,0.0,0.0,0.0,0.0,0.0,0.0,3.0,3.0,0.0,839.0,160.0,0.0,0.0,0.0,0.0,0.0,0.0,0.0,0.0,0.0,1.0,,2020-12-11 09:00:00,17255.019,4.7930608333333335,3.2,5.6
P003,3.0,7.716666666666667,0.0,0.0,37.35,0.0,0.0,1.5,3.250991,20.0,12.066968999999997,82.0,2616.7869280000004,134.0,0.0,162.0,0.0,162.0,0.0,162.0,0.0,162.0,0.0,162.0,0.0,162.0,0.0,162.0,0.0,162.0,0.0,162.0,0.0,162.0,0.0,162.0,0.0,162.0,0.5801633820061534,52.0,14.0,14.0,134.0,1534.0,87.0,658.0,0.0,0.0,41.244996,4.0,0.0,0.0,0.0,0.0,0.0,1.0,0.0,1.0,0.0,0.0,228.0,0.0,0.0,0.0,0.0,0.0,0.0,0.0,0.0,0.0,,1.0,2020-12-11 10:00:00,17255.019,4.7930608333333335,3.2,5.6
P003,1.0,0.0,0.0,0.0,51.583333333333336,0.0,0.0,0.0,0.0,0.0,324.4559600000001,85.0,2496.179986,117.0,0.0,134.0,0.0,134.0,0.0,134.0,0.0,134.0,0.0,134.0,0.0,134.0,0.0,134.0,0.0,134.0,0.0,134.0,0.0,134.0,0.0,134.0,0.0,134.0,0.4681017111389552,33.0,9.0,8.0,117.0,2326.0,62.0,1072.0,0.0,0.0,0.0,0.0,0.0,0.0,0.0,0.0,0.0,0.0,0.0,0.0,0.0,0.0,0.0,0.0,0.0,0.0,0.0,0.0,0.0,0.0,0.0,0.0,1.0,,2020-12-11 12:00:00,17255.019,4.7930608333333335,3.2,5.6
P003,1.0,0.0,0.0,0.0,58.28333333333333,0.0,0.0,0.0,0.0,0.0,14.768921999999996,167.0,2704.5349409999994,201.0,0.0,216.0,0.0,216.0,0.0,216.0,0.0,216.0,0.0,216.0,0.0,216.0,0.0,216.0,0.0,216.0,0.0,216.0,0.0,216.0,0.0,216.0,0.0,216.0,0.3001803063105533,28.0,8.0,7.0,201.0,2501.0,13.0,831.0,0.0,0.0,0.0,0.0,0.0,0.0,0.0,0.0,0.0,0.0,0.0,0.0,0.0,0.0,0.0,0.0,0.0,0.0,0.0,0.0,0.0,0.0,0.0,0.0,,1.0,2020-12-11 13:00:00,17255.019,4.7930608333333335,3.2,5.6
P003,3.0,5.4,0.0,0.0,4.8,0.0,0.0,47.833333333333336,0.142994,12.0,22.093903,218.0,1306.536858,262.0,0.0,279.0,0.0,279.0,0.0,279.0,0.0,279.0,0.0,279.0,0.0,279.0,0.0,279.0,0.0,279.0,0.0,279.0,0.0,279.0,0.0,279.0,0.0,279.0,0.271653310441896,31.0,9.0,8.0,262.0,1143.0,19.0,1883.0,0.0,0.0,0.0,0.0,0.0,0.0,0.0,0.0,0.0,1.0,1.0,2.0,315.0,0.0,318.0,0.0,0.0,0.0,0.0,0.0,0.0,0.0,0.0,0.0,0.0,,2020-12-11 14:00:00,17255.019,4.7930608333333335,3.2,5.6
P003,1.0,0.0,0.0,0.0,0.0,0.0,0.0,54.53333333333333,0.0579979999999999,2.0,0.166995,11.0,262.990993,14.0,0.0,15.0,0.0,15.0,0.0,15.0,0.0,15.0,0.0,15.0,0.0,15.0,0.0,15.0,0.0,15.0,0.0,15.0,0.0,15.0,0.0,15.0,0.0,15.0,0.2449300267946353,2.0,0.0,1.0,14.0,0.0,5.0,26.0,0.0,0.0,0.0,0.0,0.0,0.0,0.0,0.0,0.0,0.0,0.0,0.0,0.0,0.0,0.0,0.0,0.0,0.0,0.0,0.0,0.0,0.0,0.0,0.0,1.0,0.0,2020-12-11 15:00:00,17255.019,4.7930608333333335,3.2,5.6
P003,1.0,0.0,0.0,0.0,0.0,0.0,0.0,55.7,0.335999,2.0,0.0289999999999999,2.0,167.944995,10.0,0.0,13.0,0.0,13.0,0.0,13.0,0.0,13.0,0.0,13.0,0.0,13.0,0.0,13.0,0.0,13.0,0.0,13.0,0.0,13.0,0.0,13.0,0.0,13.0,0.6870920273799715,5.0,2.0,1.0,10.0,163.0,0.0,129.0,0.0,0.0,0.0,0.0,0.0,0.0,0.0,0.0,0.0,0.0,0.0,0.0,0.0,0.0,0.0,0.0,0.0,0.0,0.0,0.0,0.0,0.0,0.0,0.0,,1.0,2020-12-11 16:00:00,17255.019,4.7930608333333335,3.2,5.6
P003,1.0,0.0,0.0,0.0,0.0,0.0,0.0,57.25,0.043,1.0,15.815914,161.0,1704.892917,219.0,0.0,235.0,0.0,235.0,0.0,235.0,0.0,235.0,0.0,235.0,0.0,235.0,0.0,235.0,0.0,235.0,0.0,235.0,0.0,235.0,0.0,235.0,0.0,235.0,0.2958503077752609,31.0,8.0,8.0,219.0,1676.0,7.0,1338.0,0.269994,8.0,0.0,0.0,0.0,0.0,0.0,0.0,0.0,0.0,0.0,0.0,0.0,0.0,0.0,1.0,1.0,0.0,0.0,0.0,0.0,0.0,0.0,0.0,1.0,,2020-12-11 17:00:00,17255.019,4.7930608333333335,3.2,5.6
P003,1.0,0.0,0.0,0.0,0.0,0.0,0.0,54.95,0.0,0.0,0.521987,27.0,70.09598,59.0,0.0,63.0,0.0,63.0,0.0,63.0,0.0,63.0,0.0,63.0,0.0,63.0,0.0,63.0,0.0,63.0,0.0,63.0,0.0,63.0,0.0,63.0,0.0,63.0,0.2804792039680845,8.0,2.0,2.0,59.0,65.0,7.0,2720.0,0.671996,9.0,0.0,0.0,0.0,0.0,0.0,0.0,0.0,0.0,0.0,0.0,0.0,0.0,0.0,0.0,0.0,0.0,0.0,0.0,0.0,0.0,0.0,0.0,1.0,1.0,2020-12-11 18:00:00,17255.019,4.7930608333333335,3.2,5.6
P003,1.0,0.0,0.0,0.0,0.0,0.0,0.0,59.0,0.0,0.0,0.0,0.0,5.239999,2.0,0.0,5.0,0.0,5.0,0.0,5.0,0.0,5.0,0.0,5.0,0.0,5.0,0.0,5.0,0.0,5.0,0.0,5.0,0.0,5.0,0.0,5.0,0.0,5.0,1.0549201679861442,4.0,2.0,1.0,2.0,4.0,4.0,6.0,0.0,0.0,0.0,0.0,0.0,0.0,0.0,0.0,0.0,0.0,1.0,0.0,0.0,1.0,0.0,0.0,0.0,0.0,0.0,0.0,0.0,0.0,0.0,0.0,0.0,1.0,2020-12-11 19:00:00,17255.019,4.7930608333333335,3.2,5.6
P003,1.0,0.0,0.0,0.0,0.0,0.0,0.0,52.91666666666666,0.0,0.0,0.0,0.0,0.0,0.0,0.0,0.0,0.0,0.0,0.0,0.0,0.0,0.0,0.0,0.0,0.0,0.0,0.0,0.0,0.0,0.0,0.0,0.0,0.0,0.0,0.0,0.0,0.0,0.0,0.0,0.0,0.0,0.0,0.0,0.0,0.0,0.0,0.0,0.0,0.0,0.0,0.0,0.0,0.0,0.0,0.0,0.0,0.0,0.0,0.0,0.0,0.0,0.0,0.0,0.0,0.0,0.0,0.0,0.0,0.0,0.0,,0.0,2020-12-11 20:00:00,17255.019,4.7930608333333335,3.2,5.6
P003,1.0,0.0,0.0,0.0,0.0,0.0,0.0,56.2,0.1009999999999999,6.0,57.699949,99.0,1819.848948,119.0,0.0,128.0,0.0,128.0,0.0,128.0,0.0,128.0,0.0,128.0,0.0,128.0,0.0,128.0,0.0,128.0,0.0,128.0,0.0,128.0,0.0,128.0,0.0,128.0,0.3027485241780386,14.0,4.0,5.0,119.0,1591.0,145.0,1798.0,0.0,0.0,0.0,0.0,0.0,0.0,0.0,0.0,0.0,0.0,0.0,0.0,0.0,0.0,0.0,0.0,0.0,0.0,0.0,0.0,0.0,0.0,0.0,0.0,1.0,,2020-12-12 11:00:00,13622.865,3.7841291666666654,4.216666666666667,6.1
P003,1.0,0.0,0.0,0.0,0.0,0.0,0.0,50.7,0.065999,4.0,5.92598,50.0,1567.724897,79.0,0.0,84.0,0.0,84.0,0.0,84.0,0.0,84.0,0.0,84.0,0.0,84.0,0.0,84.0,0.0,84.0,0.0,84.0,0.0,84.0,0.0,84.0,0.0,84.0,0.2657154706049932,8.0,3.0,2.0,79.0,1529.0,30.0,1411.0,0.287998,9.0,0.0,0.0,0.0,0.0,0.0,0.0,0.0,0.0,0.0,0.0,0.0,0.0,0.0,0.0,0.0,0.0,0.0,0.0,0.0,0.0,0.0,0.0,0.0,1.0,2020-12-12 12:00:00,13622.865,3.7841291666666654,4.216666666666667,6.1
P003,1.0,0.0,0.0,0.0,0.0,0.0,0.0,55.98333333333333,0.0,0.0,2.067936,122.0,2582.935885,175.0,0.0,188.0,0.0,188.0,0.0,188.0,0.0,188.0,0.0,188.0,0.0,188.0,0.0,188.0,0.0,188.0,0.0,188.0,0.0,188.0,0.0,188.0,0.0,188.0,0.2991575304077657,23.0,6.0,7.0,175.0,1833.0,16.0,895.0,0.0,0.0,0.217993,15.0,0.0,0.0,0.0,0.0,0.0,0.0,0.0,0.0,0.0,0.0,0.0,0.0,0.0,0.0,0.0,0.0,0.0,0.0,0.0,0.0,0.0,0.0,2020-12-12 13:00:00,13622.865,3.7841291666666654,4.216666666666667,6.1
P003,1.0,0.0,0.0,0.0,0.0,0.0,0.0,59.03333333333333,0.123998,8.0,5.5929,197.0,2462.289852,245.0,0.0,265.0,0.0,265.0,0.0,265.0,0.0,265.0,0.0,265.0,0.0,265.0,0.0,265.0,0.0,265.0,0.0,265.0,0.0,265.0,0.0,265.0,0.0,265.0,0.3198809073321126,37.0,10.0,10.0,245.0,2418.0,52.0,917.0,0.0,0.0,0.0,0.0,0.0,0.0,0.0,0.0,0.0,0.0,0.0,0.0,0.0,0.0,0.0,0.0,0.0,0.0,0.0,0.0,0.0,0.0,0.0,0.0,0.0,0.0,2020-12-12 14:00:00,13622.865,3.7841291666666654,4.216666666666667,6.1
P003,1.0,0.0,0.0,0.0,0.0,0.0,0.0,58.4,0.0,0.0,0.0,0.0,0.0,0.0,0.0,0.0,0.0,0.0,0.0,0.0,0.0,0.0,0.0,0.0,0.0,0.0,0.0,0.0,0.0,0.0,0.0,0.0,0.0,0.0,0.0,0.0,0.0,0.0,0.0,0.0,0.0,0.0,0.0,0.0,0.0,0.0,0.0,0.0,0.0,0.0,0.0,0.0,0.0,0.0,0.0,0.0,0.0,0.0,0.0,0.0,0.0,0.0,0.0,0.0,0.0,0.0,0.0,0.0,0.0,0.0,,0.0,2020-12-12 15:00:00,13622.865,3.7841291666666654,4.216666666666667,6.1
P003,1.0,0.0,0.0,0.0,0.0,0.0,0.0,57.25,0.0,0.0,0.084999,4.0,0.292999,5.0,0.0,5.0,0.0,5.0,0.0,5.0,0.0,5.0,0.0,5.0,0.0,5.0,0.0,5.0,0.0,5.0,0.0,5.0,0.0,5.0,0.0,5.0,0.0,5.0,0.0,0.0,0.0,0.0,5.0,0.0,0.0,5.0,0.0,0.0,0.0,0.0,0.0,0.0,0.0,0.0,0.0,0.0,0.0,0.0,0.0,0.0,0.0,0.0,0.0,0.0,0.0,0.0,0.0,0.0,0.0,0.0,0.0,,2020-12-12 16:00:00,13622.865,3.7841291666666654,4.216666666666667,6.1
P003,1.0,0.0,0.0,0.0,0.0,0.0,0.0,59.1,0.0,0.0,0.0,0.0,0.0,0.0,0.0,0.0,0.0,0.0,0.0,0.0,0.0,0.0,0.0,0.0,0.0,0.0,0.0,0.0,0.0,0.0,0.0,0.0,0.0,0.0,0.0,0.0,0.0,0.0,0.0,0.0,0.0,0.0,0.0,0.0,0.0,0.0,0.0,0.0,0.0,0.0,0.0,0.0,0.0,0.0,0.0,0.0,0.0,0.0,0.0,0.0,0.0,0.0,0.0,0.0,0.0,0.0,0.0,0.0,0.0,0.0,,0.0,2020-12-12 17:00:00,13622.865,3.7841291666666654,4.216666666666667,6.1
P003,1.0,0.0,0.0,0.0,0.0,0.0,0.0,52.6,0.0,0.0,0.925965,60.0,265.14997,67.0,0.0,70.0,0.0,70.0,0.0,70.0,0.0,70.0,0.0,70.0,0.0,70.0,0.0,70.0,0.0,70.0,0.0,70.0,0.0,70.0,0.0,70.0,0.0,70.0,0.2041995297591501,4.0,2.0,1.0,67.0,262.0,960.0,485.0,0.0,0.0,0.0,0.0,0.0,0.0,0.0,0.0,0.0,0.0,0.0,0.0,0.0,0.0,0.0,0.0,0.0,0.0,0.0,0.0,0.0,0.0,0.0,0.0,1.0,,2020-12-12 19:00:00,13622.865,3.7841291666666654,4.216666666666667,6.1
P003,1.0,0.0,0.0,0.0,0.0,0.0,0.0,31.133333333333333,0.0,0.0,0.0,0.0,0.0,0.0,0.0,0.0,0.0,0.0,0.0,0.0,0.0,0.0,0.0,0.0,0.0,0.0,0.0,0.0,0.0,0.0,0.0,0.0,0.0,0.0,0.0,0.0,0.0,0.0,0.0,0.0,0.0,0.0,0.0,0.0,0.0,0.0,0.0,0.0,0.0,0.0,0.0,0.0,0.0,0.0,0.0,0.0,0.0,0.0,0.0,0.0,0.0,0.0,0.0,0.0,0.0,0.0,0.0,0.0,0.0,0.0,1.0,1.0,2020-12-12 20:00:00,13622.865,3.7841291666666654,4.216666666666667,6.1
P003,1.0,0.0,0.0,0.0,0.0,0.0,0.0,55.81666666666667,0.0,0.0,0.0,0.0,0.0,0.0,0.0,0.0,0.0,0.0,0.0,0.0,0.0,0.0,0.0,0.0,0.0,0.0,0.0,0.0,0.0,0.0,0.0,0.0,0.0,0.0,0.0,0.0,0.0,0.0,0.0,0.0,0.0,0.0,0.0,0.0,0.0,0.0,0.0,0.0,0.0,0.0,0.0,0.0,0.0,0.0,0.0,0.0,0.0,0.0,0.0,0.0,0.0,0.0,0.0,0.0,0.0,0.0,0.0,0.0,0.0,0.0,,1.0,2020-12-12 21:00:00,13622.865,3.7841291666666654,4.216666666666667,6.1
P003,1.0,0.0,0.0,0.0,0.0,0.0,0.0,48.86666666666667,0.0,0.0,0.0,0.0,3430.30998,3.0,0.0,11.0,0.0,11.0,0.0,11.0,0.0,11.0,0.0,11.0,0.0,11.0,0.0,11.0,0.0,11.0,0.0,11.0,0.0,11.0,0.0,11.0,0.0,11.0,1.0900596587107838,10.0,4.0,4.0,3.0,1906.0,858.0,9.0,0.0,0.0,0.0,0.0,0.0,0.0,0.0,0.0,0.0,0.0,0.0,0.0,0.0,0.0,0.0,0.0,0.0,0.0,0.0,0.0,0.0,0.0,0.0,0.0,1.0,,2020-12-13 10:00:00,16142.307,4.483974166666667,4.016666666666667,6.25
P003,1.0,0.0,0.0,0.0,0.0,0.0,0.0,28.716666666666665,0.147998,7.0,847.272964,67.0,2044.946958,96.0,0.0,108.0,0.0,108.0,0.0,108.0,0.0,108.0,0.0,108.0,0.0,108.0,0.0,108.0,0.0,108.0,0.0,108.0,0.0,108.0,0.0,108.0,0.0,108.0,0.4258484492385814,22.0,6.0,6.0,96.0,1776.0,19.0,960.0,0.061999,2.0,0.0,0.0,0.0,0.0,0.0,0.0,0.0,0.0,0.0,0.0,0.0,0.0,0.0,0.0,0.0,0.0,0.0,0.0,0.0,0.0,0.0,0.0,,1.0,2020-12-13 11:00:00,16142.307,4.483974166666667,4.016666666666667,6.25
P003,1.0,0.0,0.0,0.0,0.0,0.0,0.0,35.96666666666667,0.043999,4.0,3.070947,102.0,2416.84998,125.0,0.0,135.0,0.0,135.0,0.0,135.0,0.0,135.0,0.0,135.0,0.0,135.0,0.0,135.0,0.0,135.0,0.0,135.0,0.0,135.0,0.0,135.0,0.0,135.0,0.3153962874226617,16.0,5.0,5.0,125.0,2345.0,70.0,960.0,0.0,0.0,0.0,0.0,0.0,0.0,0.0,0.0,0.0,0.0,0.0,0.0,0.0,0.0,0.0,0.0,0.0,0.0,0.0,0.0,0.0,0.0,0.0,0.0,1.0,,2020-12-13 12:00:00,16142.307,4.483974166666667,4.016666666666667,6.25
P003,1.0,0.0,0.0,0.0,0.0,0.0,0.0,29.433333333333334,0.291993,19.0,0.8299690000000001,54.0,2524.016923,91.0,0.0,101.0,0.0,101.0,0.0,101.0,0.0,101.0,0.0,101.0,0.0,101.0,0.0,101.0,0.0,101.0,0.0,101.0,0.0,101.0,0.0,101.0,0.0,101.0,0.3915304750850776,19.0,5.0,5.0,91.0,2044.0,4.0,896.0,0.0,0.0,0.0,0.0,0.0,0.0,0.0,0.0,0.0,0.0,0.0,0.0,0.0,0.0,0.0,0.0,0.0,0.0,0.0,0.0,0.0,0.0,0.0,0.0,1.0,1.0,2020-12-13 13:00:00,16142.307,4.483974166666667,4.016666666666667,6.25
P003,1.0,0.0,0.0,0.0,0.0,0.0,0.0,40.16666666666666,0.0,0.0,0.3119909999999999,20.0,1856.253955,69.0,0.0,76.0,0.0,76.0,0.0,76.0,0.0,76.0,0.0,76.0,0.0,76.0,0.0,76.0,0.0,76.0,0.0,76.0,0.0,76.0,0.0,76.0,0.0,76.0,0.3702811938692943,11.0,3.0,4.0,69.0,980.0,12.0,535.0,1.457981,38.0,0.0,0.0,0.0,0.0,0.0,0.0,0.0,0.0,0.0,0.0,0.0,0.0,0.0,0.0,0.0,0.0,0.0,0.0,0.0,0.0,0.0,0.0,0.0,1.0,2020-12-13 14:00:00,16142.307,4.483974166666667,4.016666666666667,6.25
P003,1.0,0.0,0.0,0.0,0.0,0.0,0.0,59.15,0.0,0.0,0.0,0.0,0.0,0.0,0.0,0.0,0.0,0.0,0.0,0.0,0.0,0.0,0.0,0.0,0.0,0.0,0.0,0.0,0.0,0.0,0.0,0.0,0.0,0.0,0.0,0.0,0.0,0.0,0.0,0.0,0.0,0.0,0.0,0.0,0.0,0.0,0.0,0.0,0.0,0.0,0.0,0.0,0.0,0.0,0.0,0.0,0.0,0.0,0.0,0.0,0.0,0.0,0.0,0.0,0.0,0.0,0.0,0.0,0.0,0.0,,0.0,2020-12-13 15:00:00,16142.307,4.483974166666667,4.016666666666667,6.25
P003,1.0,0.0,0.0,0.0,0.0,0.0,0.0,53.45,0.0,0.0,0.262994,13.0,0.6419889999999999,21.0,0.0,21.0,0.0,21.0,0.0,21.0,0.0,21.0,0.0,21.0,0.0,21.0,0.0,21.0,0.0,21.0,0.0,21.0,0.0,21.0,0.0,21.0,0.0,21.0,0.0,0.0,0.0,0.0,21.0,0.0,0.0,1396.0,0.0,0.0,0.0,0.0,0.0,0.0,0.0,0.0,0.0,0.0,0.0,0.0,0.0,0.0,0.0,0.0,0.0,0.0,0.0,0.0,0.0,0.0,0.0,0.0,1.0,,2020-12-13 16:00:00,16142.307,4.483974166666667,4.016666666666667,6.25
P003,1.0,0.0,0.0,0.0,0.0,0.0,0.0,40.7,0.0,0.0,30.971881,256.0,490.9918579999999,287.0,0.0,293.0,0.0,293.0,0.0,293.0,0.0,293.0,0.0,293.0,0.0,293.0,0.0,293.0,0.0,293.0,0.0,293.0,0.0,293.0,0.0,293.0,0.0,293.0,0.1140870470545419,11.0,3.0,3.0,287.0,456.0,8.0,2039.0,0.0309979999999999,2.0,0.0,0.0,0.0,0.0,0.0,0.0,0.0,0.0,0.0,0.0,0.0,0.0,0.0,0.0,0.0,0.0,0.0,0.0,0.0,0.0,0.0,0.0,1.0,1.0,2020-12-13 17:00:00,16142.307,4.483974166666667,4.016666666666667,6.25
P003,1.0,0.0,0.0,0.0,0.0,0.0,0.0,12.083333333333334,0.0,0.0,0.444991,18.0,0.50299,21.0,0.0,22.0,0.0,22.0,0.0,22.0,0.0,22.0,0.0,22.0,0.0,22.0,0.0,22.0,0.0,22.0,0.0,22.0,0.0,22.0,0.0,22.0,0.0,22.0,0.1849073991677756,1.0,1.0,0.0,21.0,0.0,0.0,654.0,0.0,0.0,0.0,0.0,0.0,0.0,0.0,0.0,0.0,0.0,0.0,0.0,0.0,0.0,0.0,0.0,0.0,0.0,0.0,0.0,0.0,0.0,0.0,0.0,1.0,1.0,2020-12-13 18:00:00,16142.307,4.483974166666667,4.016666666666667,6.25
P003,0.0,0.0,0.0,0.0,0.0,0.0,0.0,0.0,0.0,0.0,0.0,0.0,0.0,0.0,0.0,0.0,0.0,0.0,0.0,0.0,0.0,0.0,0.0,0.0,0.0,0.0,0.0,0.0,0.0,0.0,0.0,0.0,0.0,0.0,0.0,0.0,0.0,0.0,0.0,0.0,0.0,0.0,0.0,0.0,0.0,0.0,0.0,0.0,0.0,0.0,0.0,0.0,0.0,0.0,0.0,0.0,0.0,0.0,0.0,0.0,0.0,0.0,0.0,0.0,0.0,0.0,0.0,0.0,0.0,0.0,,1.0,2020-12-13 19:00:00,16142.307,4.483974166666667,4.016666666666667,6.25
P003,0.0,0.0,0.0,0.0,0.0,0.0,0.0,0.0,0.0,0.0,0.0,0.0,0.0,0.0,0.0,0.0,0.0,0.0,0.0,0.0,0.0,0.0,0.0,0.0,0.0,0.0,0.0,0.0,0.0,0.0,0.0,0.0,0.0,0.0,0.0,0.0,0.0,0.0,0.0,0.0,0.0,0.0,0.0,0.0,0.0,0.0,0.0,0.0,0.0,0.0,0.0,0.0,0.0,0.0,0.0,0.0,0.0,0.0,0.0,0.0,0.0,0.0,0.0,0.0,0.0,0.0,0.0,0.0,0.0,0.0,1.0,,2020-12-13 20:00:00,16142.307,4.483974166666667,4.016666666666667,6.25
P003,0.0,0.0,0.0,0.0,0.0,0.0,0.0,0.0,0.0,0.0,0.0,0.0,0.0,0.0,0.0,0.0,0.0,0.0,0.0,0.0,0.0,0.0,0.0,0.0,0.0,0.0,0.0,0.0,0.0,0.0,0.0,0.0,0.0,0.0,0.0,0.0,0.0,0.0,0.0,0.0,0.0,0.0,0.0,0.0,0.0,0.0,0.0,0.0,0.0,0.0,0.0,0.0,0.0,0.0,0.0,0.0,0.0,0.0,0.0,0.0,0.0,0.0,0.0,0.0,0.0,0.0,0.0,0.0,0.0,0.0,,1.0,2020-12-13 21:00:00,16142.307,4.483974166666667,4.016666666666667,6.25
P003,1.0,0.0,0.0,0.0,0.0,0.0,0.0,0.0,0.0,0.0,0.801973,50.0,138.67197199999995,54.0,0.0,56.0,0.0,56.0,0.0,56.0,0.0,56.0,0.0,56.0,0.0,56.0,0.0,56.0,0.0,56.0,0.0,56.0,0.0,56.0,0.0,56.0,0.0,56.0,0.1788313601195989,3.0,1.0,1.0,54.0,0.0,4.0,333.0,0.0,0.0,0.0,0.0,0.0,0.0,0.0,0.0,0.0,0.0,0.0,0.0,0.0,0.0,0.0,0.0,0.0,0.0,0.0,0.0,0.0,0.0,0.0,0.0,1.0,,2020-12-14 10:00:00,23575.294,6.548692777777778,4.533333333333333,7.8
P003,0.0,0.0,0.0,0.0,0.0,0.0,0.0,0.0,0.0,0.0,0.0,0.0,0.0,0.0,0.0,0.0,0.0,0.0,0.0,0.0,0.0,0.0,0.0,0.0,0.0,0.0,0.0,0.0,0.0,0.0,0.0,0.0,0.0,0.0,0.0,0.0,0.0,0.0,0.0,0.0,0.0,0.0,0.0,0.0,0.0,0.0,0.0,0.0,0.0,0.0,0.0,0.0,0.0,0.0,0.0,0.0,0.0,0.0,0.0,0.0,0.0,0.0,0.0,0.0,0.0,0.0,0.0,0.0,0.0,0.0,0.0,1.0,2020-12-14 11:00:00,23575.294,6.548692777777778,4.533333333333333,7.8
P003,1.0,0.0,0.0,0.0,0.0,0.0,0.0,4.433333333333334,0.0,0.0,232.350929,130.0,2604.377921,145.0,0.0,151.0,0.0,151.0,0.0,151.0,0.0,151.0,0.0,151.0,0.0,151.0,0.0,151.0,0.0,151.0,0.0,151.0,0.0,151.0,0.0,151.0,0.0,151.0,0.1946436356030571,11.0,3.0,3.0,145.0,286.0,8.0,723.0,0.0,0.0,0.0,0.0,0.0,0.0,0.0,0.0,0.0,0.0,0.0,0.0,0.0,0.0,0.0,0.0,0.0,0.0,0.0,0.0,0.0,0.0,0.0,0.0,,0.0,2020-12-14 12:00:00,23575.294,6.548692777777778,4.533333333333333,7.8
P003,1.0,0.0,0.0,0.0,0.0,0.0,0.0,42.083333333333336,0.736981,37.0,31.610864000000003,290.0,836.711842,363.0,0.0,380.0,0.0,380.0,0.0,380.0,0.0,380.0,0.0,380.0,0.0,380.0,0.0,380.0,0.0,380.0,0.0,380.0,0.0,380.0,0.0,380.0,0.0,380.0,0.2136481412267328,31.0,8.0,9.0,363.0,553.0,34.0,2688.0,0.0,0.0,0.0,0.0,0.0,0.0,0.0,0.0,0.0,0.0,0.0,0.0,0.0,0.0,0.0,0.0,0.0,0.0,0.0,0.0,0.0,0.0,0.0,0.0,0.0,,2020-12-14 13:00:00,23575.294,6.548692777777778,4.533333333333333,7.8
P003,1.0,0.0,0.0,0.0,0.0,0.0,0.0,44.38333333333333,0.0,0.0,7.658929,145.0,1116.6638850000002,167.0,0.0,176.0,0.0,176.0,0.0,176.0,0.0,176.0,0.0,176.0,0.0,176.0,0.0,176.0,0.0,176.0,0.0,176.0,0.0,176.0,0.0,176.0,0.0,176.0,0.236976417309469,17.0,5.0,4.0,167.0,1101.0,4.0,2093.0,0.0,0.0,0.0,0.0,0.0,0.0,0.0,0.0,0.0,0.0,0.0,0.0,0.0,0.0,0.0,0.0,0.0,0.0,0.0,0.0,0.0,0.0,0.0,0.0,1.0,0.0,2020-12-14 14:00:00,23575.294,6.548692777777778,4.533333333333333,7.8
P003,1.0,0.0,0.0,0.0,0.0,0.0,0.0,55.63333333333333,0.0,0.0,90.069951,85.0,240.01094700000004,105.0,0.0,110.0,0.0,110.0,0.0,110.0,0.0,110.0,0.0,110.0,0.0,110.0,0.0,110.0,0.0,110.0,0.0,110.0,0.0,110.0,0.0,110.0,0.0,110.0,0.2154988385772873,9.0,2.0,3.0,105.0,177.0,1.0,416.0,0.0,0.0,0.0,0.0,0.0,0.0,0.0,0.0,0.0,0.0,0.0,0.0,0.0,0.0,0.0,0.0,0.0,0.0,0.0,0.0,0.0,0.0,0.0,0.0,1.0,1.0,2020-12-14 15:00:00,23575.294,6.548692777777778,4.533333333333333,7.8
P003,1.0,0.0,0.0,0.0,0.0,0.0,0.0,52.2,0.0,0.0,0.0,0.0,0.0,0.0,0.0,0.0,0.0,0.0,0.0,0.0,0.0,0.0,0.0,0.0,0.0,0.0,0.0,0.0,0.0,0.0,0.0,0.0,0.0,0.0,0.0,0.0,0.0,0.0,0.0,0.0,0.0,0.0,0.0,0.0,0.0,0.0,0.0,0.0,0.0,0.0,0.0,0.0,0.0,0.0,0.0,0.0,0.0,0.0,0.0,0.0,0.0,0.0,0.0,0.0,0.0,0.0,0.0,0.0,0.0,0.0,1.0,1.0,2020-12-14 16:00:00,23575.294,6.548692777777778,4.533333333333333,7.8
P003,1.0,0.0,0.0,0.0,0.0,0.0,0.0,40.53333333333333,0.0,0.0,1.6749539999999998,95.0,247.49393,132.0,0.0,138.0,0.0,138.0,0.0,138.0,0.0,138.0,0.0,138.0,0.0,138.0,0.0,138.0,0.0,138.0,0.0,138.0,0.0,138.0,0.0,138.0,0.0,138.0,0.2089817466542364,11.0,3.0,3.0,132.0,241.0,11.0,1306.0,0.003,2.0,0.0,0.0,0.0,0.0,0.0,0.0,0.0,0.0,0.0,0.0,0.0,0.0,0.0,0.0,0.0,0.0,0.0,0.0,0.0,0.0,0.0,0.0,1.0,1.0,2020-12-14 17:00:00,23575.294,6.548692777777778,4.533333333333333,7.8
P003,1.0,0.0,0.0,0.0,0.0,0.0,0.0,0.0,0.0,0.0,0.394993,14.0,406.618973,22.0,0.0,27.0,0.0,27.0,0.0,27.0,0.0,27.0,0.0,27.0,0.0,27.0,0.0,27.0,0.0,27.0,0.0,27.0,0.0,27.0,0.0,27.0,0.0,27.0,0.6037974141151747,9.0,3.0,2.0,22.0,404.0,5.0,1100.0,0.0,0.0,0.0,0.0,0.0,0.0,0.0,0.0,0.0,0.0,0.0,0.0,0.0,0.0,0.0,0.0,0.0,0.0,0.0,0.0,0.0,0.0,0.0,0.0,,1.0,2020-12-14 18:00:00,23575.294,6.548692777777778,4.533333333333333,7.8
P003,1.0,0.0,0.0,0.0,0.0,0.0,0.0,0.0,0.0,0.0,0.0,0.0,0.0,0.0,0.0,0.0,0.0,0.0,0.0,0.0,0.0,0.0,0.0,0.0,0.0,0.0,0.0,0.0,0.0,0.0,0.0,0.0,0.0,0.0,0.0,0.0,0.0,0.0,0.0,0.0,0.0,0.0,0.0,0.0,0.0,0.0,0.0,0.0,0.0,0.0,0.0,0.0,0.0,0.0,0.0,0.0,0.0,0.0,0.0,0.0,0.0,0.0,0.0,0.0,0.0,0.0,0.0,0.0,0.0,0.0,1.0,,2020-12-15 10:00:00,19130.436,5.314010000000001,3.183333333333333,5.833333333333333
P003,1.0,0.0,0.0,0.0,0.0,0.0,0.0,0.6833333333333333,1.084973,62.0,3.098946,102.0,16.938914000000004,175.0,5.0,187.0,6.904,187.0,5.0,187.0,0.0,187.0,0.0,187.0,0.0,187.0,0.0,187.0,6.904,187.0,0.0,187.0,0.0,187.0,0.0,187.0,0.0,187.0,0.0665854743974204,4.0,1.0,1.0,185.0,11.0,1.0,966.0,0.0,0.0,0.0,0.0,0.0,0.0,0.0,0.0,0.0,0.0,0.0,0.0,0.0,0.0,0.0,0.0,0.0,0.0,0.0,0.0,0.0,0.0,0.0,0.0,,1.0,2020-12-15 11:00:00,19130.436,5.314010000000001,3.183333333333333,5.833333333333333
P003,1.0,0.0,0.0,0.0,0.0,0.0,0.0,57.2,0.0589989999999999,3.0,29.664829,374.0,914.704821,419.0,1087.6073479652405,962.0,123.525,962.0,1057.9265711307526,962.0,0.0,962.0,0.0,962.0,0.0,962.0,0.0,962.0,122.2,962.0,0.0,962.0,0.0,962.0,0.0,962.0,0.0,962.0,0.1561250452377245,56.0,15.0,14.0,933.0,887.0,160.0,2538.0,0.065,2.0,0.0,0.0,0.0,0.0,0.0,0.0,0.0,0.0,0.0,0.0,0.0,0.0,0.0,0.0,0.0,0.0,0.0,0.0,0.0,0.0,0.0,0.0,0.0,,2020-12-15 13:00:00,19130.436,5.314010000000001,3.183333333333333,5.833333333333333
P003,1.0,0.0,0.0,0.0,0.0,0.0,0.0,59.2,0.0,0.0,106.63695599999998,93.0,514.6009340000002,127.0,542.2135263681412,349.0,37.054,349.0,521.9141092300415,349.0,0.0,349.0,0.0,349.0,0.0,349.0,0.0,349.0,30.925,349.0,0.0,349.0,0.0,349.0,0.0,349.0,0.0,349.0,0.1616986870998508,22.0,5.0,6.0,338.0,412.0,213.0,2831.0,0.0,0.0,0.0,0.0,0.0,0.0,0.0,0.0,0.0,0.0,1.0,1.0,0.0,0.0,150.0,0.0,0.0,0.0,0.0,0.0,0.0,0.0,0.0,0.0,,0.0,2020-12-15 14:00:00,19130.436,5.314010000000001,3.183333333333333,5.833333333333333
P003,1.0,0.0,0.0,0.0,0.0,0.0,0.0,51.25,0.0,0.0,16.77898,37.0,2067.3499510000006,60.0,127.1557159423828,109.0,15.42,109.0,0.0,109.0,0.0,109.0,0.0,109.0,0.0,109.0,0.0,109.0,0.0,109.0,0.0,109.0,0.0,109.0,0.0,109.0,0.0,109.0,0.3701438061955161,18.0,5.0,5.0,99.0,989.0,15.0,705.0,0.0,0.0,0.0,0.0,0.0,0.0,0.0,0.0,0.0,0.0,0.0,0.0,0.0,0.0,0.0,0.0,0.0,0.0,0.0,0.0,0.0,0.0,0.0,0.0,0.0,,2020-12-16 14:00:00,17879.905,4.966640277777778,3.533333333333333,6.016666666666667
P003,1.0,0.0,0.0,0.0,0.0,0.0,0.0,45.35,0.0,0.0,1483.984949,50.0,2983.8059450000005,71.0,1315.0040646791458,583.0,117.35,583.0,1117.41157245636,583.0,0.0,583.0,0.0,583.0,0.0,583.0,0.0,583.0,109.707,583.0,0.0,583.0,0.0,583.0,0.0,583.0,0.0,583.0,0.0126369280662783,2.0,0.0,1.0,582.0,0.0,32.0,1896.0,0.043999,2.0,0.0,0.0,0.0,0.0,0.0,0.0,0.0,0.0,0.0,0.0,0.0,0.0,0.0,0.0,0.0,0.0,0.0,0.0,0.0,0.0,0.0,0.0,0.0,0.0,2020-12-16 15:00:00,17879.905,4.966640277777778,3.533333333333333,6.016666666666667
P003,1.0,0.0,0.0,0.0,0.0,0.0,0.0,46.36666666666667,0.0,0.0,1.7379939999999998,16.0,2.2599870000000006,31.0,300.5458481311798,159.0,20.276,159.0,248.63796854019165,159.0,0.0,159.0,0.0,159.0,0.0,159.0,0.0,159.0,14.722,159.0,0.0,159.0,0.0,159.0,0.0,159.0,0.0,159.0,0.0,0.0,0.0,0.0,159.0,0.0,0.0,1850.0,0.058999,2.0,0.0,0.0,0.0,0.0,0.0,0.0,0.0,0.0,0.0,0.0,0.0,0.0,0.0,0.0,0.0,0.0,0.0,0.0,0.0,0.0,0.0,0.0,,0.0,2020-12-16 16:00:00,17879.905,4.966640277777778,3.533333333333333,6.016666666666667
P003,1.0,0.0,0.0,0.0,0.0,0.0,0.0,10.366666666666667,0.0,0.0,6.836981999999998,41.0,7.075978999999999,50.0,940.3481662273408,413.0,58.646,413.0,940.3481662273408,413.0,0.0,413.0,0.0,413.0,0.0,413.0,0.0,413.0,58.646,413.0,0.0,413.0,0.0,413.0,0.0,413.0,0.0,413.0,0.0170029926414083,1.0,1.0,0.0,412.0,0.0,0.0,710.0,0.0,0.0,0.0,0.0,0.0,0.0,0.0,0.0,0.0,0.0,0.0,0.0,0.0,0.0,0.0,0.0,0.0,0.0,0.0,0.0,0.0,0.0,0.0,0.0,1.0,,2020-12-17 10:00:00,17061.354,4.739265,3.75,6.116666666666666
P003,1.0,0.0,0.0,0.0,0.0,0.0,0.0,26.766666666666666,0.0,0.0,7.099956999999999,95.0,1613.9459519999998,105.0,0.0,110.0,0.0,110.0,0.0,110.0,0.0,110.0,0.0,110.0,0.0,110.0,0.0,110.0,0.0,110.0,0.0,110.0,0.0,110.0,0.0,110.0,0.0,110.0,0.2154988385772873,7.0,2.0,3.0,105.0,1213.0,75.0,1538.0,0.0,0.0,0.0,0.0,0.0,0.0,0.0,0.0,0.0,0.0,0.0,0.0,0.0,0.0,0.0,0.0,0.0,0.0,0.0,0.0,0.0,0.0,0.0,0.0,1.0,1.0,2020-12-17 11:00:00,17061.354,4.739265,3.75,6.116666666666666
P003,2.0,6.216666666666667,0.0,0.0,0.0,0.0,0.0,35.43333333333333,0.0,0.0,2.205943,119.0,989.766918,158.0,1416.560336947441,689.0,120.065,689.0,1241.3273808956146,689.0,0.0,689.0,0.0,689.0,0.0,689.0,0.0,689.0,111.094,689.0,0.0,689.0,0.0,689.0,0.0,689.0,0.0,689.0,0.1066223344914535,20.0,7.0,6.0,676.0,1516.0,269.0,1268.0,0.035999,1.0,0.115998,3.0,0.0,0.0,0.0,0.0,0.0,0.0,0.0,0.0,0.0,0.0,0.0,0.0,0.0,0.0,0.0,0.0,0.0,0.0,0.0,0.0,,1.0,2020-12-17 12:00:00,17061.354,4.739265,3.75,6.116666666666666
P003,1.0,0.0,0.0,0.0,0.0,0.0,0.0,56.95,0.0,0.0,406.228947,115.0,897.1309369999999,137.0,8626.582037091255,3602.0,709.48,3602.0,8582.764276504517,3602.0,0.0,3602.0,0.0,3602.0,0.0,3602.0,0.0,3602.0,706.613,3602.0,0.0,3602.0,0.0,3602.0,0.0,3602.0,0.0,3602.0,0.0228392920758785,22.0,5.0,6.0,3591.0,655.0,6.0,1527.0,0.098999,2.0,0.0,0.0,0.0,0.0,0.0,0.0,0.0,0.0,0.0,0.0,0.0,0.0,0.0,0.0,0.0,0.0,0.0,0.0,0.0,0.0,0.0,0.0,0.0,,2020-12-17 13:00:00,17061.354,4.739265,3.75,6.116666666666666
P003,1.0,0.0,0.0,0.0,0.0,0.0,0.0,50.266666666666666,0.0,0.0,0.213999,6.0,0.277999,7.0,0.0,7.0,0.0,7.0,0.0,7.0,0.0,7.0,0.0,7.0,0.0,7.0,0.0,7.0,0.0,7.0,0.0,7.0,0.0,7.0,0.0,7.0,0.0,7.0,0.0,0.0,0.0,0.0,7.0,0.0,0.0,12.0,0.0,0.0,0.0,0.0,0.0,0.0,0.0,0.0,0.0,0.0,0.0,0.0,0.0,0.0,0.0,0.0,0.0,0.0,0.0,0.0,0.0,0.0,0.0,0.0,1.0,0.0,2020-12-17 14:00:00,17061.354,4.739265,3.75,6.116666666666666
P003,1.0,0.0,0.0,0.0,0.0,0.0,0.0,43.06666666666667,0.0,0.0,13.443975,57.0,448.705971,88.0,93.37143456935884,121.0,8.201,121.0,0.0,121.0,0.0,121.0,33.43949592113495,121.0,0.0,121.0,0.0,121.0,0.0,121.0,0.0,121.0,4.553,121.0,0.0,121.0,0.0,121.0,0.2316676654828367,12.0,3.0,3.0,115.0,445.0,8.0,1225.0,0.0,0.0,0.267992,14.0,0.0,0.0,0.0,0.0,0.0,0.0,0.0,0.0,0.0,0.0,0.0,0.0,0.0,0.0,0.0,0.0,0.0,0.0,0.0,0.0,1.0,1.0,2020-12-17 15:00:00,17061.354,4.739265,3.75,6.116666666666666
P003,1.0,0.0,0.0,0.0,0.0,0.0,0.0,14.133333333333333,0.0,0.0,2.14197,57.0,5.252943000000001,119.0,840.3267830610275,396.0,186.676,396.0,485.2250682115555,396.0,0.0,396.0,103.45357513427734,396.0,0.0,396.0,0.0,396.0,23.464,396.0,0.0,396.0,3.123,396.0,0.0,396.0,0.0,396.0,0.100925880501805,9.0,4.0,3.0,389.0,19.0,10.0,1516.0,0.0,0.0,0.3849889999999999,24.0,0.0,0.0,0.0,0.0,0.0,0.0,0.0,0.0,0.0,0.0,0.0,0.0,0.0,0.0,0.0,0.0,0.0,0.0,0.0,0.0,,1.0,2020-12-17 16:00:00,17061.354,4.739265,3.75,6.116666666666666
P003,1.0,0.0,0.0,0.0,0.0,0.0,0.0,28.366666666666667,0.0,0.0,224.427947,107.0,2248.501932,132.0,1984.1662904024124,959.0,251.703,959.0,1952.3651857376096,959.0,0.0,959.0,0.0,959.0,0.0,959.0,0.0,959.0,249.716,959.0,0.0,959.0,0.0,959.0,0.0,959.0,0.0,959.0,0.1388480980844861,49.0,12.0,13.0,934.0,1569.0,106.0,1205.0,0.0,0.0,0.0,0.0,0.0,0.0,0.0,0.0,0.0,0.0,0.0,0.0,0.0,0.0,0.0,0.0,0.0,0.0,0.0,0.0,0.0,0.0,0.0,0.0,0.0,,2020-12-18 14:00:00,16067.698,4.463249444444444,4.033333333333333,6.266666666666667
P003,1.0,0.0,0.0,0.0,0.0,0.0,0.0,41.2,0.2819859999999999,24.0,1.926945,115.0,2117.6409670000003,176.0,1376.1879497766497,1100.0,328.522,1100.0,826.7331383228302,1100.0,0.0,1100.0,0.0,1100.0,0.0,1100.0,549.4548114538193,1100.0,217.072,1100.0,0.0,1100.0,0.0,1100.0,0.0,1100.0,111.45,1100.0,0.0770097300381629,27.0,7.0,7.0,1086.0,2107.0,13.0,1396.0,0.0,0.0,0.0,0.0,0.0,0.0,0.0,0.0,0.0,0.0,0.0,0.0,0.0,0.0,0.0,0.0,0.0,0.0,0.0,0.0,0.0,0.0,0.0,0.0,0.0,0.0,2020-12-18 15:00:00,16067.698,4.463249444444444,4.033333333333333,6.266666666666667
P003,1.0,0.0,0.0,0.0,0.0,0.0,0.0,25.48333333333333,0.0,0.0,0.412991,22.0,0.920976,55.0,1142.1182596683502,537.0,133.25,537.0,964.2068864107132,537.0,0.0,537.0,0.0,537.0,0.0,537.0,0.0,537.0,125.034,537.0,0.0,537.0,0.0,537.0,0.0,537.0,0.0,537.0,0.0135662316895912,1.0,1.0,0.0,536.0,0.0,0.0,3447.0,0.033998,2.0,0.0,0.0,0.0,0.0,0.0,0.0,0.0,0.0,0.0,0.0,0.0,0.0,0.0,0.0,0.0,0.0,0.0,0.0,0.0,0.0,0.0,0.0,,0.0,2020-12-18 16:00:00,16067.698,4.463249444444444,4.033333333333333,6.266666666666667
P003,1.0,0.0,0.0,0.0,0.0,0.0,0.0,49.06666666666667,0.247993,19.0,531.521957,160.0,532.012945,194.0,11075.183697342873,4892.0,970.479,4892.0,11071.183697342873,4892.0,0.0,4892.0,0.0,4892.0,0.0,4892.0,4.0,4892.0,970.017,4892.0,0.0,4892.0,0.0,4892.0,0.0,4892.0,0.462,4892.0,0.0242494778295192,28.0,8.0,8.0,4876.0,179.0,234.0,2813.0,0.0,0.0,0.0,0.0,0.0,0.0,0.0,0.0,0.0,0.0,0.0,0.0,0.0,0.0,0.0,0.0,0.0,0.0,0.0,0.0,0.0,0.0,0.0,0.0,0.0,,2020-12-19 12:00:00,23599.783,6.555495277777777,1.4333333333333331,4.716666666666667
P003,1.0,0.0,0.0,0.0,0.0,0.0,0.0,37.4,0.0,0.0,586.9509779999998,47.0,1804.383984,57.0,784.031183719635,371.0,49.461,371.0,784.031183719635,371.0,0.0,371.0,0.0,371.0,0.0,371.0,0.0,371.0,49.461,371.0,0.0,371.0,0.0,371.0,0.0,371.0,0.0,371.0,0.1426728925737127,17.0,5.0,5.0,361.0,1212.0,19.0,208.0,0.0,0.0,0.0,0.0,0.0,0.0,0.0,0.0,0.0,0.0,1.0,1.0,0.0,0.0,44.0,0.0,0.0,0.0,0.0,0.0,0.0,0.0,0.0,0.0,,0.0,2020-12-19 13:00:00,23599.783,6.555495277777777,1.4333333333333331,4.716666666666667
P003,0.0,0.0,0.0,0.0,0.0,0.0,0.0,0.0,0.160995,7.0,85.979955,101.0,1115.019928,174.0,840.6845489740372,584.0,81.32,584.0,829.6845489740372,584.0,0.0,584.0,0.0,584.0,0.0,584.0,0.0,584.0,79.735,584.0,0.0,584.0,0.0,584.0,0.0,584.0,0.0,584.0,0.186582942345661,41.0,11.0,11.0,562.0,730.0,191.0,1223.0,0.039,2.0,0.0,0.0,0.0,0.0,0.0,0.0,0.0,0.0,0.0,0.0,0.0,0.0,0.0,0.0,0.0,0.0,0.0,0.0,0.0,0.0,0.0,0.0,0.0,,2020-12-19 15:00:00,23599.783,6.555495277777777,1.4333333333333331,4.716666666666667
P003,1.0,0.0,0.0,0.0,0.0,0.0,0.0,52.23333333333333,0.0,0.0,3.466956,95.0,1358.796959,141.0,1309.4859768152237,699.0,145.886,699.0,1309.4859768152237,699.0,0.0,699.0,0.0,699.0,0.0,699.0,0.0,699.0,145.886,699.0,0.0,699.0,0.0,699.0,0.0,699.0,0.0,699.0,0.0848787610424629,17.0,5.0,5.0,689.0,1154.0,13.0,2005.0,0.0,0.0,0.0,0.0,0.0,0.0,0.0,0.0,0.0,0.0,0.0,0.0,0.0,0.0,0.0,0.0,0.0,0.0,0.0,0.0,0.0,0.0,0.0,0.0,0.0,0.0,2020-12-19 16:00:00,23599.783,6.555495277777777,1.4333333333333331,4.716666666666667
P003,0.0,0.0,0.0,0.0,0.0,0.0,0.0,0.0,0.0,0.0,0.0,0.0,0.0,0.0,0.0,0.0,0.0,0.0,0.0,0.0,0.0,0.0,0.0,0.0,0.0,0.0,0.0,0.0,0.0,0.0,0.0,0.0,0.0,0.0,0.0,0.0,0.0,0.0,0.0,0.0,0.0,0.0,0.0,0.0,0.0,0.0,0.0,0.0,0.0,0.0,0.0,0.0,0.0,0.0,0.0,0.0,0.0,0.0,0.0,0.0,0.0,0.0,0.0,0.0,0.0,0.0,0.0,0.0,0.0,0.0,0.0,0.0,2020-12-19 17:00:00,23599.783,6.555495277777777,1.4333333333333331,4.716666666666667
P003,1.0,0.0,0.0,0.0,0.0,0.0,0.0,0.0,0.0,0.0,0.369989,21.0,3180.46697,29.0,0.0,32.0,0.0,32.0,0.0,32.0,0.0,32.0,0.0,32.0,0.0,32.0,0.0,32.0,0.0,32.0,0.0,32.0,0.0,32.0,0.0,32.0,0.0,32.0,0.3708023580894878,6.0,1.0,2.0,29.0,420.0,2.0,413.0,0.0,0.0,0.0,0.0,0.0,0.0,0.0,0.0,0.0,0.0,0.0,0.0,0.0,0.0,0.0,0.0,0.0,0.0,0.0,0.0,0.0,0.0,0.0,0.0,,0.0,2020-12-19 18:00:00,23599.783,6.555495277777777,1.4333333333333331,4.716666666666667
P003,0.0,0.0,0.0,0.0,0.0,0.0,0.0,0.0,0.0,0.0,0.0,0.0,0.0,0.0,0.0,0.0,0.0,0.0,0.0,0.0,0.0,0.0,0.0,0.0,0.0,0.0,0.0,0.0,0.0,0.0,0.0,0.0,0.0,0.0,0.0,0.0,0.0,0.0,0.0,0.0,0.0,0.0,0.0,0.0,0.0,0.0,0.0,0.0,0.0,0.0,0.0,0.0,0.0,0.0,0.0,0.0,0.0,0.0,0.0,0.0,0.0,0.0,0.0,0.0,0.0,0.0,0.0,0.0,0.0,0.0,1.0,,2020-12-20 11:00:00,15037.36,4.177044444444444,3.8166666666666655,5.9
P003,1.0,0.0,0.0,0.0,0.0,0.0,0.0,12.0,0.0,0.0,477.535981,60.0,2519.9909820000003,77.0,2679.1103501319885,1370.0,241.727,1370.0,2625.0074801445007,1370.0,0.0,1370.0,0.0,1370.0,0.0,1370.0,0.0,1370.0,239.204,1370.0,0.0,1370.0,0.0,1370.0,0.0,1370.0,0.0,1370.0,0.0219794381354375,8.0,2.0,2.0,1366.0,126.0,78.0,1320.0,0.0,0.0,0.0,0.0,0.0,0.0,0.0,0.0,0.0,0.0,0.0,0.0,0.0,0.0,0.0,0.0,0.0,0.0,0.0,0.0,0.0,0.0,0.0,0.0,1.0,1.0,2020-12-20 12:00:00,15037.36,4.177044444444444,3.8166666666666655,5.9
P003,1.0,0.0,0.0,0.0,0.0,0.0,0.0,25.53333333333333,0.0,0.0,1.984969,55.0,2275.9709419999995,76.0,793.4903682470322,393.0,318.804,393.0,579.5633616447449,393.0,0.0,393.0,0.0,393.0,0.0,393.0,0.0,393.0,46.701,393.0,0.0,393.0,0.0,393.0,0.0,393.0,0.0,393.0,0.1361714948704611,15.0,5.0,5.0,383.0,1591.0,7.0,1029.0,0.0,0.0,0.0,0.0,0.0,0.0,0.0,0.0,0.0,0.0,0.0,0.0,0.0,0.0,0.0,0.0,0.0,0.0,0.0,0.0,0.0,0.0,0.0,0.0,0.0,1.0,2020-12-20 13:00:00,15037.36,4.177044444444444,3.8166666666666655,5.9
P003,1.0,0.0,0.0,0.0,0.0,0.0,0.0,57.21666666666667,0.0,0.0,4.889942999999998,119.0,517.8499280000001,164.0,12027.008159518242,4804.0,767.165,4804.0,11884.917201757433,4804.0,0.0,4804.0,0.0,4804.0,0.0,4804.0,0.0,4804.0,759.739,4804.0,0.0,4804.0,0.0,4804.0,0.0,4804.0,0.0,4804.0,0.0119680084463595,12.0,3.0,4.0,4797.0,278.0,13.0,3160.0,0.0,0.0,0.0,0.0,0.0,0.0,0.0,0.0,0.0,0.0,0.0,0.0,0.0,0.0,0.0,0.0,0.0,0.0,0.0,0.0,0.0,0.0,0.0,0.0,,0.0,2020-12-20 14:00:00,15037.36,4.177044444444444,3.8166666666666655,5.9
P003,1.0,0.0,0.0,0.0,0.0,0.0,0.0,40.93333333333333,0.0,0.0,7.163961,74.0,158.30096,94.0,115.86990749835968,143.0,12.363,143.0,48.17556989192963,143.0,0.0,143.0,0.0,143.0,0.0,143.0,0.0,143.0,9.306,143.0,0.0,143.0,0.0,143.0,0.0,143.0,0.0,143.0,0.083298164921993,3.0,1.0,1.0,141.0,149.0,0.0,3281.0,0.0,0.0,0.0,0.0,0.0,0.0,0.0,0.0,0.0,0.0,0.0,0.0,0.0,0.0,0.0,0.0,0.0,0.0,0.0,0.0,0.0,0.0,0.0,0.0,1.0,,2020-12-20 15:00:00,15037.36,4.177044444444444,3.8166666666666655,5.9
P003,1.0,0.0,0.0,0.0,0.0,0.0,0.0,30.466666666666665,0.0,0.0,0.405995,12.0,2099.749,18.0,458.3684532642365,205.0,37.067,205.0,458.3684532642365,205.0,0.0,205.0,0.0,205.0,0.0,205.0,0.0,205.0,37.067,205.0,0.0,205.0,0.0,205.0,0.0,205.0,0.0,205.0,0.1524766432741026,10.0,3.0,3.0,199.0,2096.0,9.0,109.0,0.0,0.0,0.0,0.0,0.0,0.0,0.0,0.0,0.0,0.0,0.0,0.0,0.0,0.0,0.0,0.0,0.0,0.0,0.0,0.0,0.0,0.0,0.0,0.0,1.0,1.0,2020-12-20 16:00:00,15037.36,4.177044444444444,3.8166666666666655,5.9
P003,1.0,0.0,0.0,0.0,0.0,0.0,0.0,15.483333333333333,0.0,0.0,3.0779879999999995,39.0,3.1759859999999995,43.0,21.94639265537262,57.0,75.663,57.0,21.94639265537262,57.0,0.0,57.0,0.0,57.0,0.0,57.0,0.0,57.0,75.663,57.0,0.0,57.0,0.0,57.0,0.0,57.0,0.0,57.0,0.0883197822000176,1.0,1.0,0.0,56.0,0.0,0.0,148.0,0.0,0.0,0.0,0.0,0.0,0.0,0.0,0.0,0.0,0.0,0.0,0.0,0.0,0.0,0.0,0.0,0.0,0.0,0.0,0.0,0.0,0.0,0.0,0.0,1.0,1.0,2020-12-20 17:00:00,15037.36,4.177044444444444,3.8166666666666655,5.9
P003,0.0,0.0,0.0,0.0,0.0,0.0,0.0,0.0,0.0,0.0,0.132997,8.0,2795.8649950000004,12.0,0.0,16.0,0.0,16.0,0.0,16.0,0.0,16.0,0.0,16.0,0.0,16.0,0.0,16.0,0.0,16.0,0.0,16.0,0.0,16.0,0.0,16.0,0.0,16.0,0.7356219397587946,4.0,2.0,2.0,12.0,578.0,3.0,76.0,0.0,0.0,0.0,0.0,0.0,0.0,0.0,0.0,0.0,0.0,0.0,0.0,0.0,0.0,0.0,0.0,0.0,0.0,0.0,0.0,0.0,0.0,0.0,0.0,,1.0,2020-12-20 18:00:00,15037.36,4.177044444444444,3.8166666666666655,5.9
P003,1.0,0.0,0.0,0.0,0.0,0.0,0.0,57.48333333333333,0.0,0.0,1496.369016,47.0,1574.998004,73.0,208.2860074043274,179.0,25.388,179.0,208.2860074043274,179.0,0.0,179.0,0.0,179.0,0.0,179.0,0.0,179.0,25.388,179.0,0.0,179.0,0.0,179.0,0.0,179.0,0.0,179.0,0.1462810388549881,10.0,3.0,2.0,174.0,1570.0,114.0,1322.0,0.0,0.0,0.0,0.0,0.0,0.0,0.0,0.0,0.0,0.0,0.0,0.0,0.0,0.0,0.0,0.0,0.0,0.0,0.0,0.0,0.0,0.0,0.0,0.0,0.0,,2020-12-21 12:00:00,26616.018,7.393338333333333,4.083333333333333,7.783333333333333
P003,1.0,0.0,0.0,0.0,0.0,0.0,0.0,26.166666666666668,0.0,0.0,0.0,0.0,0.0,0.0,0.0,0.0,0.0,0.0,0.0,0.0,0.0,0.0,0.0,0.0,0.0,0.0,0.0,0.0,0.0,0.0,0.0,0.0,0.0,0.0,0.0,0.0,0.0,0.0,0.0,0.0,0.0,0.0,0.0,0.0,0.0,0.0,0.0,0.0,0.0,0.0,0.0,0.0,0.0,0.0,0.0,0.0,0.0,0.0,0.0,0.0,0.0,0.0,0.0,0.0,0.0,0.0,0.0,0.0,0.0,0.0,,0.0,2020-12-21 13:00:00,26616.018,7.393338333333333,4.083333333333333,7.783333333333333
P003,1.0,0.0,0.0,0.0,0.0,0.0,0.0,57.0,0.0,0.0,1.458966,81.0,1.623962,93.0,17.766031861305237,98.0,1.277,98.0,0.0,98.0,0.0,98.0,0.0,98.0,0.0,98.0,0.0,98.0,0.0,98.0,0.0,98.0,0.0,98.0,0.0,98.0,0.0,98.0,0.0,0.0,0.0,0.0,98.0,0.0,0.0,2716.0,0.0,0.0,0.0,0.0,0.0,0.0,0.0,0.0,0.0,0.0,0.0,0.0,0.0,0.0,0.0,0.0,0.0,0.0,0.0,0.0,0.0,0.0,0.0,0.0,0.0,,2020-12-21 15:00:00,26616.018,7.393338333333333,4.083333333333333,7.783333333333333
P003,1.0,0.0,0.0,0.0,0.0,0.0,0.0,53.36666666666667,0.0,0.0,44.152961,81.0,1846.487941,123.0,0.0,132.0,0.0,132.0,0.0,132.0,0.0,132.0,0.0,132.0,0.0,132.0,0.0,132.0,0.0,132.0,0.0,132.0,0.0,132.0,0.0,132.0,0.0,132.0,0.295748568666239,17.0,5.0,4.0,123.0,1838.0,93.0,925.0,0.043998,3.0,0.0,0.0,0.0,0.0,0.0,0.0,0.0,0.0,0.0,0.0,0.0,0.0,0.0,0.0,0.0,0.0,0.0,0.0,0.0,0.0,0.0,0.0,,0.0,2020-12-21 16:00:00,26616.018,7.393338333333333,4.083333333333333,7.783333333333333
P003,0.0,0.0,0.0,0.0,0.0,0.0,0.0,0.0,0.0,0.0,0.0,0.0,0.0,0.0,0.0,0.0,0.0,0.0,0.0,0.0,0.0,0.0,0.0,0.0,0.0,0.0,0.0,0.0,0.0,0.0,0.0,0.0,0.0,0.0,0.0,0.0,0.0,0.0,0.0,0.0,0.0,0.0,0.0,0.0,0.0,0.0,0.0,0.0,0.0,0.0,0.0,0.0,0.0,0.0,0.0,0.0,0.0,0.0,0.0,0.0,0.0,0.0,0.0,0.0,0.0,0.0,0.0,0.0,0.0,0.0,0.0,,2020-12-21 19:00:00,26616.018,7.393338333333333,4.083333333333333,7.783333333333333
P003,0.0,0.0,0.0,0.0,0.0,0.0,0.0,0.0,0.0,0.0,0.0,0.0,0.0,0.0,0.0,0.0,0.0,0.0,0.0,0.0,0.0,0.0,0.0,0.0,0.0,0.0,0.0,0.0,0.0,0.0,0.0,0.0,0.0,0.0,0.0,0.0,0.0,0.0,0.0,0.0,0.0,0.0,0.0,0.0,0.0,0.0,0.0,0.0,0.0,0.0,0.0,0.0,0.0,0.0,0.0,0.0,0.0,0.0,0.0,0.0,0.0,0.0,0.0,0.0,0.0,0.0,0.0,0.0,0.0,0.0,0.0,0.0,2020-12-21 20:00:00,26616.018,7.393338333333333,4.083333333333333,7.783333333333333
P003,0.0,0.0,0.0,0.0,0.0,0.0,0.0,0.0,0.0,0.0,0.0,0.0,0.0,0.0,0.0,0.0,0.0,0.0,0.0,0.0,0.0,0.0,0.0,0.0,0.0,0.0,0.0,0.0,0.0,0.0,0.0,0.0,0.0,0.0,0.0,0.0,0.0,0.0,0.0,0.0,0.0,0.0,0.0,0.0,0.0,0.0,0.0,0.0,0.0,0.0,0.0,0.0,0.0,0.0,0.0,0.0,0.0,0.0,0.0,0.0,0.0,0.0,0.0,0.0,0.0,0.0,0.0,0.0,0.0,0.0,,0.0,2020-12-21 21:00:00,26616.018,7.393338333333333,4.083333333333333,7.783333333333333
P003,3.0,12.383333333333333,0.0,0.0,1.5833333333333333,0.0,0.0,4.333333333333333,5.203976,42.0,574.9509400000002,163.0,1606.712878,253.0,834.88088285923,626.0,75.705,626.0,447.0313962697983,626.0,0.0,626.0,0.0,626.0,0.0,626.0,323.3559294939041,626.0,49.529,626.0,0.0,626.0,0.0,626.0,0.0,626.0,20.029,626.0,0.1828778512522855,44.0,11.0,12.0,603.0,1327.0,34.0,1831.0,0.024,1.0,0.0,0.0,0.0,0.0,0.0,0.0,0.0,0.0,1.0,1.0,0.0,0.0,157.0,2.0,796.0,1.0,47.0,0.0,0.0,0.0,0.0,0.0,0.0,,2020-12-22 13:00:00,11890.087,3.3028019444444445,4.85,6.5
P003,0.0,0.0,0.0,0.0,0.0,0.0,0.0,0.0,0.317994,18.0,0.953978,44.0,2273.9948580000005,76.0,0.0,80.0,0.0,80.0,0.0,80.0,0.0,80.0,0.0,80.0,0.0,80.0,0.0,80.0,0.0,80.0,0.0,80.0,0.0,80.0,0.0,80.0,0.0,80.0,0.2331726023738698,7.0,2.0,2.0,76.0,2270.0,362.0,449.0,0.062,2.0,0.0,0.0,0.0,0.0,0.0,0.0,0.0,0.0,0.0,0.0,0.0,0.0,0.0,0.0,0.0,0.0,0.0,0.0,0.0,0.0,0.0,0.0,,0.0,2020-12-22 14:00:00,11890.087,3.3028019444444445,4.85,6.5
P003,0.0,0.0,0.0,0.0,0.0,0.0,0.0,0.0,0.0,0.0,13.073967,74.0,1082.3429130000002,130.0,13852.803177952766,6795.0,1452.455,6795.0,13562.619845986366,6795.0,66.37587797641754,6795.0,0.0,6795.0,0.0,6795.0,0.0,6795.0,1426.264,6795.0,15.716,6795.0,0.0,6795.0,0.0,6795.0,0.0,6795.0,0.0240378781843454,42.0,11.0,11.0,6773.0,1069.0,48.0,2400.0,0.296996,11.0,0.0,0.0,0.0,0.0,0.0,0.0,0.0,0.0,0.0,0.0,0.0,0.0,0.0,0.0,0.0,0.0,0.0,0.0,0.0,0.0,0.0,0.0,0.0,,2020-12-22 15:00:00,11890.087,3.3028019444444445,4.85,6.5
P003,0.0,0.0,0.0,0.0,0.0,0.0,0.0,0.0,0.0,0.0,0.7239869999999999,28.0,2448.284044,45.0,0.0,58.0,0.0,58.0,0.0,58.0,0.0,58.0,0.0,58.0,0.0,58.0,0.0,58.0,0.0,58.0,0.0,58.0,0.0,58.0,0.0,58.0,0.0,58.0,0.6867923226426278,22.0,7.0,6.0,45.0,2440.0,20.0,306.0,0.015,2.0,0.0,0.0,0.0,0.0,0.0,0.0,0.0,0.0,0.0,0.0,0.0,0.0,0.0,0.0,0.0,0.0,0.0,0.0,0.0,0.0,0.0,0.0,,0.0,2020-12-22 16:00:00,11890.087,3.3028019444444445,4.85,6.5
P003,0.0,0.0,0.0,0.0,0.0,0.0,0.0,0.0,0.0,0.0,0.0,0.0,0.0,0.0,0.0,0.0,0.0,0.0,0.0,0.0,0.0,0.0,0.0,0.0,0.0,0.0,0.0,0.0,0.0,0.0,0.0,0.0,0.0,0.0,0.0,0.0,0.0,0.0,0.0,0.0,0.0,0.0,0.0,0.0,0.0,0.0,0.0,0.0,0.0,0.0,0.0,0.0,0.0,0.0,0.0,0.0,0.0,0.0,0.0,0.0,0.0,0.0,0.0,0.0,0.0,0.0,0.0,0.0,0.0,0.0,0.0,,2020-12-22 17:00:00,11890.087,3.3028019444444445,4.85,6.5
P003,0.0,0.0,0.0,0.0,0.0,0.0,0.0,0.0,0.0,0.0,0.1689959999999999,7.0,2031.725015,25.0,206.64126527309412,108.0,306.512,108.0,0.0,108.0,6.0,108.0,0.0,108.0,0.0,108.0,0.0,108.0,6.21,108.0,120.464,108.0,0.0,108.0,0.0,108.0,0.0,108.0,0.1840826879303073,6.0,2.0,2.0,104.0,655.0,15.0,591.0,0.052999,3.0,0.0,0.0,0.0,0.0,0.0,0.0,0.0,0.0,0.0,0.0,0.0,0.0,0.0,0.0,0.0,0.0,0.0,0.0,0.0,0.0,0.0,0.0,,0.0,2020-12-22 18:00:00,11890.087,3.3028019444444445,4.85,6.5
P003,0.0,0.0,0.0,0.0,0.0,0.0,0.0,0.0,0.0,0.0,578.769967,105.0,2698.487958000001,118.0,4133.038526892662,1831.0,251.112,1831.0,4133.038526892662,1831.0,0.0,1831.0,0.0,1831.0,0.0,1831.0,0.0,1831.0,251.112,1831.0,0.0,1831.0,0.0,1831.0,0.0,1831.0,0.0,1831.0,0.0311267521413802,15.0,4.0,4.0,1823.0,334.0,17.0,1724.0,0.0,0.0,0.0,0.0,0.0,0.0,0.0,0.0,0.0,0.0,0.0,0.0,0.0,0.0,0.0,0.0,0.0,0.0,0.0,0.0,2.0,2.0,0.0,0.0,0.0,,2020-12-23 12:00:00,25907.633,7.196564722222223,2.716666666666667,6.316666666666666
P003,0.0,0.0,0.0,0.0,0.0,0.0,0.0,0.0,0.046998,2.0,6.554953,109.0,2066.286878,162.0,2411.4385991096497,1011.0,147.753,1011.0,2204.222855091095,1011.0,0.0,1011.0,0.0,1011.0,0.0,1011.0,0.0,1011.0,139.019,1011.0,0.0,1011.0,0.0,1011.0,0.0,1011.0,0.0,1011.0,0.0776332035727992,26.0,6.0,7.0,998.0,1990.0,7.0,1539.0,0.061,1.0,0.0,0.0,0.0,0.0,0.0,0.0,0.0,0.0,0.0,0.0,0.0,0.0,0.0,0.0,0.0,0.0,0.0,0.0,0.0,0.0,0.0,0.0,0.0,0.0,2020-12-23 13:00:00,25907.633,7.196564722222223,2.716666666666667,6.316666666666666
P003,0.0,0.0,0.0,0.0,0.0,0.0,0.0,0.0,0.0,0.0,7.759956999999998,102.0,217.319936,148.0,2382.505972146988,1089.0,384.333,1089.0,1885.4662872552872,1089.0,6.0,1089.0,0.0,1089.0,0.0,1089.0,0.0,1089.0,118.663,1089.0,38.685,1089.0,0.0,1089.0,0.0,1089.0,0.0,1089.0,0.0323888414686065,8.0,3.0,2.0,1084.0,199.0,931.0,2279.0,190.561993,6.0,0.0,0.0,0.0,0.0,0.0,0.0,0.0,0.0,0.0,0.0,0.0,0.0,0.0,0.0,0.0,0.0,0.0,0.0,0.0,0.0,0.0,0.0,0.0,0.0,2020-12-23 14:00:00,25907.633,7.196564722222223,2.716666666666667,6.316666666666666
P003,0.0,0.0,0.0,0.0,0.0,0.0,0.0,0.0,0.0,0.0,0.563983,33.0,3395.4899880000003,52.0,459.6692099571228,273.0,33.057,273.0,459.6692099571228,273.0,0.0,273.0,0.0,273.0,0.0,273.0,0.0,273.0,33.057,273.0,0.0,273.0,0.0,273.0,0.0,273.0,0.0,273.0,0.1037331797855685,9.0,2.0,3.0,268.0,867.0,9.0,196.0,0.0,0.0,0.0,0.0,0.0,0.0,0.0,0.0,0.0,0.0,0.0,0.0,0.0,0.0,0.0,0.0,0.0,0.0,0.0,0.0,0.0,0.0,0.0,0.0,0.0,0.0,2020-12-23 15:00:00,25907.633,7.196564722222223,2.716666666666667,6.316666666666666
P003,0.0,0.0,0.0,0.0,0.0,0.0,0.0,0.0,0.0,0.0,0.822983,40.0,2723.2999710000004,63.0,20.692582368850708,82.0,91.338,82.0,14.692582368850708,82.0,6.0,82.0,0.0,82.0,0.0,82.0,0.0,82.0,2.443,82.0,88.895,82.0,0.0,82.0,0.0,82.0,0.0,82.0,0.4214033178681236,16.0,5.0,4.0,73.0,2716.0,10.0,588.0,0.083998,5.0,0.0,0.0,0.0,0.0,0.0,0.0,0.0,0.0,0.0,0.0,0.0,0.0,0.0,0.0,0.0,0.0,0.0,0.0,0.0,0.0,0.0,0.0,,0.0,2020-12-23 16:00:00,25907.633,7.196564722222223,2.716666666666667,6.316666666666666
P003,0.0,0.0,0.0,0.0,0.0,0.0,0.0,0.0,0.0,0.0,0.3859939999999999,12.0,2716.498959,31.0,87.9853446483612,74.0,407.757,74.0,43.84882378578186,74.0,6.0,74.0,0.0,74.0,0.0,74.0,0.0,74.0,21.553,74.0,383.815,74.0,0.0,74.0,0.0,74.0,0.0,74.0,0.2927748223347762,10.0,2.0,3.0,69.0,2016.0,20.0,694.0,0.578997,5.0,0.0359989999999999,2.0,0.0,0.0,0.0,0.0,0.0,0.0,0.0,0.0,0.0,0.0,0.0,0.0,0.0,0.0,0.0,0.0,0.0,0.0,0.0,0.0,0.0,,2020-12-23 18:00:00,25907.633,7.196564722222223,2.716666666666667,6.316666666666666
P003,0.0,0.0,0.0,0.0,0.0,0.0,0.0,0.0,0.0,0.0,0.0,0.0,0.028,1.0,0.0,2.0,0.0,2.0,0.0,2.0,0.0,2.0,0.0,2.0,0.0,2.0,0.0,2.0,0.0,2.0,0.0,2.0,0.0,2.0,0.0,2.0,0.0,2.0,0.6931471805599453,1.0,1.0,0.0,1.0,0.0,0.0,4.0,0.0,0.0,0.0,0.0,0.0,0.0,0.0,0.0,0.0,0.0,0.0,0.0,0.0,0.0,0.0,0.0,0.0,0.0,0.0,0.0,0.0,0.0,0.0,0.0,0.0,0.0,2020-12-23 19:00:00,25907.633,7.196564722222223,2.716666666666667,6.316666666666666
P003,0.0,0.0,0.0,0.0,0.0,0.0,0.0,0.0,0.0,0.0,0.0,0.0,0.0,0.0,0.0,0.0,0.0,0.0,0.0,0.0,0.0,0.0,0.0,0.0,0.0,0.0,0.0,0.0,0.0,0.0,0.0,0.0,0.0,0.0,0.0,0.0,0.0,0.0,0.0,0.0,0.0,0.0,0.0,0.0,0.0,0.0,0.0,0.0,0.0,0.0,0.0,0.0,0.0,0.0,0.0,0.0,0.0,0.0,0.0,0.0,0.0,0.0,0.0,0.0,0.0,0.0,0.0,0.0,0.0,0.0,,0.0,2020-12-23 20:00:00,25907.633,7.196564722222223,2.716666666666667,6.316666666666666
P003,3.0,9.85,0.0,11.483333333333333,0.0,0.0,0.0,27.766666666666666,0.0,0.0,49.48699500000001,13.0,1624.230046,62.0,741.291105389595,801.0,665.693,801.0,417.9705030918121,801.0,24.0,801.0,0.0,801.0,0.0,801.0,0.0,801.0,103.405,801.0,51.079,801.0,0.0,801.0,0.0,801.0,313.122,801.0,0.0757822059590518,17.0,5.0,5.0,791.0,1538.0,41.0,1915.0,18.901998,13.0,0.0,0.0,0.0,0.0,0.0,0.0,0.0,2.0,2.0,2.0,410.0,446.0,317.0,0.0,0.0,0.0,0.0,0.0,1.0,1.0,1.0,24.0,1.0,,2020-12-24 09:00:00,23804.574,6.612381666666667,4.6,7.9
P003,1.0,0.0,0.0,0.0,0.0,0.0,0.0,0.0,0.0,0.0,24.039989,35.0,3290.1579800000004,47.0,1019.9948011636734,446.0,85.877,446.0,1019.9948011636734,446.0,0.0,446.0,0.0,446.0,0.0,446.0,0.0,446.0,85.877,446.0,0.0,446.0,0.0,446.0,0.0,446.0,0.0,446.0,0.1794698390098648,27.0,8.0,8.0,430.0,3101.0,43.0,389.0,0.0,0.0,0.0,0.0,0.0,0.0,0.0,0.0,0.0,0.0,0.0,0.0,0.0,0.0,0.0,0.0,0.0,0.0,0.0,0.0,0.0,0.0,0.0,0.0,1.0,1.0,2020-12-24 10:00:00,23804.574,6.612381666666667,4.6,7.9
P003,1.0,0.0,0.0,0.0,0.0,0.0,0.0,0.0,0.0,0.0,0.4489849999999999,26.0,1292.337947,28.0,0.0,33.0,0.0,33.0,0.0,33.0,0.0,33.0,0.0,33.0,0.0,33.0,0.0,33.0,0.0,33.0,0.0,33.0,0.0,33.0,0.0,33.0,0.0,33.0,0.5272997580716339,6.0,3.0,2.0,28.0,1818.0,37.0,184.0,0.0,0.0,0.0,0.0,0.0,0.0,0.0,0.0,0.0,0.0,0.0,0.0,0.0,0.0,0.0,0.0,0.0,0.0,0.0,0.0,0.0,0.0,0.0,0.0,,1.0,2020-12-24 11:00:00,23804.574,6.612381666666667,4.6,7.9
P003,0.0,0.0,0.0,0.0,0.0,0.0,0.0,0.0,0.0,0.0,525.782993,10.0,2794.926990000001,19.0,89.54318952560425,58.0,5.198,58.0,0.0,58.0,0.0,58.0,0.0,58.0,0.0,58.0,0.0,58.0,0.0,58.0,0.0,58.0,0.0,58.0,0.0,58.0,0.0,58.0,0.1738965505262752,4.0,1.0,1.0,56.0,524.0,0.0,244.0,0.0,0.0,0.0,0.0,0.0,0.0,0.0,0.0,0.0,0.0,0.0,0.0,0.0,0.0,0.0,0.0,0.0,0.0,0.0,0.0,0.0,0.0,0.0,0.0,1.0,,2020-12-24 12:00:00,23804.574,6.612381666666667,4.6,7.9
P003,0.0,0.0,0.0,0.0,0.0,0.0,0.0,0.0,0.0,0.0,1572.284985,34.0,2700.140941,67.0,0.0,75.0,0.0,75.0,0.0,75.0,0.0,75.0,0.0,75.0,0.0,75.0,0.0,75.0,0.0,75.0,0.0,75.0,0.0,75.0,0.0,75.0,0.0,75.0,0.4134246416942591,14.0,4.0,4.0,67.0,1122.0,8.0,765.0,0.159999,8.0,0.0,0.0,0.0,0.0,0.0,0.0,0.0,0.0,0.0,0.0,0.0,0.0,0.0,0.0,0.0,0.0,0.0,0.0,0.0,0.0,0.0,0.0,1.0,1.0,2020-12-24 13:00:00,23804.574,6.612381666666667,4.6,7.9
P003,1.0,0.0,0.0,0.0,0.0,0.0,0.0,4.066666666666666,0.0,0.0,3.03196,104.0,1920.409947,142.0,95.94704592227936,187.0,6.866,187.0,21.13274574279785,187.0,0.0,187.0,0.0,187.0,0.0,187.0,0.0,187.0,1.839,187.0,0.0,187.0,0.0,187.0,0.0,187.0,0.0,187.0,0.3003730557739257,24.0,6.0,7.0,174.0,1378.0,20.0,1670.0,0.010999,2.0,0.0,0.0,0.0,0.0,0.0,0.0,0.0,0.0,0.0,0.0,0.0,0.0,0.0,0.0,0.0,0.0,0.0,0.0,0.0,0.0,0.0,0.0,0.0,1.0,2020-12-24 14:00:00,23804.574,6.612381666666667,4.6,7.9
P003,1.0,0.0,0.0,0.0,0.0,0.0,0.0,40.03333333333333,0.0,0.0,0.539985,24.0,216.745975,33.0,211.00976264476776,111.0,15.829,111.0,34.63829338550568,111.0,0.0,111.0,0.0,111.0,0.0,111.0,0.0,111.0,5.693,111.0,0.0,111.0,0.0,111.0,0.0,111.0,0.0,111.0,0.1027111097539858,4.0,1.0,1.0,109.0,215.0,23.0,3017.0,0.0,0.0,0.0,0.0,0.0,0.0,0.0,0.0,0.0,0.0,0.0,0.0,0.0,0.0,0.0,0.0,0.0,0.0,0.0,0.0,0.0,0.0,0.0,0.0,,0.0,2020-12-24 15:00:00,23804.574,6.612381666666667,4.6,7.9
P003,0.0,0.0,0.0,0.0,0.0,0.0,0.0,0.0,0.0,0.0,0.500986,31.0,2503.373945,56.0,6.0,64.0,388.557,64.0,0.0,64.0,6.0,64.0,0.0,64.0,0.0,64.0,0.0,64.0,0.0,64.0,388.557,64.0,0.0,64.0,0.0,64.0,0.0,64.0,0.3267449518352708,8.0,2.0,3.0,59.0,1087.0,22.0,889.0,2.02899,20.0,0.0,0.0,0.0,0.0,0.0,0.0,0.0,0.0,0.0,0.0,0.0,0.0,0.0,0.0,0.0,0.0,0.0,0.0,0.0,0.0,0.0,0.0,0.0,,2020-12-24 17:00:00,23804.574,6.612381666666667,4.6,7.9
P003,0.0,0.0,0.0,0.0,0.0,0.0,0.0,0.0,0.0,0.0,0.0,0.0,0.122,4.0,0.0,4.0,0.0,4.0,0.0,4.0,0.0,4.0,0.0,4.0,0.0,4.0,0.0,4.0,0.0,4.0,0.0,4.0,0.0,4.0,0.0,4.0,0.0,4.0,0.0,0.0,0.0,0.0,4.0,0.0,0.0,10.0,0.012,1.0,0.084,2.0,0.0,0.0,0.0,0.0,0.0,0.0,0.0,0.0,0.0,0.0,0.0,1.0,1.0,0.0,0.0,0.0,0.0,0.0,0.0,0.0,0.0,0.0,2020-12-24 18:00:00,23804.574,6.612381666666667,4.6,7.9
P003,0.0,0.0,0.0,0.0,0.0,0.0,0.0,0.0,0.0,0.0,0.5539879999999999,33.0,0.651987,38.0,0.0,39.0,0.0,39.0,0.0,39.0,0.0,39.0,0.0,39.0,0.0,39.0,0.0,39.0,0.0,39.0,0.0,39.0,0.0,39.0,0.0,39.0,0.0,39.0,0.1192469263962449,1.0,1.0,0.0,38.0,0.0,0.0,175.0,0.041,1.0,0.0,0.0,0.0,0.0,0.0,0.0,0.0,0.0,2.0,0.0,0.0,183.0,0.0,1.0,1086.0,0.0,0.0,0.0,0.0,0.0,0.0,0.0,0.0,0.0,2020-12-24 19:00:00,23804.574,6.612381666666667,4.6,7.9
P003,0.0,0.0,0.0,0.0,0.0,0.0,0.0,0.0,0.0,0.0,0.0,0.0,0.0,0.0,0.0,0.0,0.0,0.0,0.0,0.0,0.0,0.0,0.0,0.0,0.0,0.0,0.0,0.0,0.0,0.0,0.0,0.0,0.0,0.0,0.0,0.0,0.0,0.0,0.0,0.0,0.0,0.0,0.0,0.0,0.0,0.0,0.0,0.0,0.0,0.0,0.0,0.0,0.0,0.0,0.0,0.0,0.0,0.0,0.0,0.0,0.0,0.0,0.0,0.0,0.0,0.0,0.0,0.0,0.0,0.0,,0.0,2020-12-24 20:00:00,23804.574,6.612381666666667,4.6,7.9
P003,0.0,0.0,0.0,0.0,0.0,0.0,0.0,0.0,0.0,0.0,0.195994,12.0,545.561993,15.0,221.44038426876068,109.0,25.579,109.0,221.44038426876068,109.0,0.0,109.0,0.0,109.0,0.0,109.0,0.0,109.0,25.579,109.0,0.0,109.0,0.0,109.0,0.0,109.0,0.0,109.0,0.1827384740752012,5.0,2.0,2.0,105.0,1312.0,5.0,81.0,0.0,0.0,0.0,0.0,0.0,0.0,0.0,0.0,0.0,0.0,0.0,0.0,0.0,0.0,0.0,0.0,0.0,0.0,0.0,0.0,0.0,0.0,0.0,0.0,0.0,,2020-12-25 10:00:00,20693.876,5.748298888888889,4.283333333333333,7.166666666666667
P003,1.0,0.0,0.0,0.0,0.0,0.0,0.0,0.0,0.0,0.0,0.0,0.0,0.0,0.0,0.0,0.0,0.0,0.0,0.0,0.0,0.0,0.0,0.0,0.0,0.0,0.0,0.0,0.0,0.0,0.0,0.0,0.0,0.0,0.0,0.0,0.0,0.0,0.0,0.0,0.0,0.0,0.0,0.0,0.0,0.0,0.0,0.0,0.0,0.0,0.0,0.0,0.0,0.0,0.0,0.0,0.0,0.0,0.0,0.0,0.0,0.0,0.0,0.0,0.0,0.0,0.0,0.0,0.0,0.0,0.0,,0.0,2020-12-25 11:00:00,20693.876,5.748298888888889,4.283333333333333,7.166666666666667
P003,0.0,0.0,0.0,0.0,0.0,0.0,0.0,0.0,0.0,0.0,1548.761962,1.0,3001.927962,2.0,0.0,2.0,0.0,2.0,0.0,2.0,0.0,2.0,0.0,2.0,0.0,2.0,0.0,2.0,0.0,2.0,0.0,2.0,0.0,2.0,0.0,2.0,0.0,2.0,0.0,0.0,0.0,0.0,2.0,0.0,0.0,1549.0,0.0,0.0,0.0,0.0,0.0,0.0,0.0,0.0,0.0,0.0,0.0,0.0,0.0,0.0,0.0,0.0,0.0,0.0,0.0,0.0,0.0,0.0,0.0,0.0,0.0,,2020-12-25 12:00:00,20693.876,5.748298888888889,4.283333333333333,7.166666666666667
P003,1.0,0.0,0.0,0.0,0.0,0.0,0.0,21.85,0.072999,3.0,2052.4479260000003,154.0,2067.7789180000004,181.0,5903.027730822563,2575.0,538.665,2575.0,5695.938442349434,2575.0,0.0,2575.0,0.0,2575.0,0.0,2575.0,174.968536734581,2575.0,522.698,2575.0,0.0,2575.0,0.0,2575.0,0.0,2575.0,12.565,2575.0,0.0097758337189489,6.0,1.0,2.0,2572.0,14.0,1.0,1553.0,0.0,0.0,0.0,0.0,0.0,0.0,0.0,0.0,0.0,0.0,0.0,0.0,0.0,0.0,0.0,0.0,0.0,0.0,0.0,0.0,0.0,0.0,0.0,0.0,0.0,0.0,2020-12-25 13:00:00,20693.876,5.748298888888889,4.283333333333333,7.166666666666667
P003,1.0,0.0,0.0,0.0,0.0,0.0,0.0,30.4,0.0,0.0,1.013979,53.0,1278.489959,84.0,5228.072620272636,1997.0,451.912,1997.0,5181.860012292862,1997.0,0.0,1997.0,0.0,1997.0,0.0,1997.0,0.0,1997.0,448.094,1997.0,0.0,1997.0,0.0,1997.0,0.0,1997.0,0.0,1997.0,0.0379395678858687,19.0,6.0,5.0,1986.0,1268.0,8.0,1769.0,0.096999,3.0,0.0,0.0,0.0,0.0,0.0,0.0,0.0,0.0,0.0,0.0,0.0,0.0,0.0,0.0,0.0,0.0,0.0,0.0,0.0,0.0,0.0,0.0,0.0,0.0,2020-12-25 14:00:00,20693.876,5.748298888888889,4.283333333333333,7.166666666666667
P003,1.0,0.0,0.0,0.0,0.0,0.0,0.0,48.13333333333333,0.0,0.0,0.862977,44.0,2364.0310200000004,71.0,0.0,91.0,0.0,91.0,0.0,91.0,0.0,91.0,0.0,91.0,0.0,91.0,0.0,91.0,0.0,91.0,0.0,91.0,0.0,91.0,0.0,91.0,0.0,91.0,0.678969691903506,37.0,10.0,10.0,71.0,2137.0,170.0,442.0,0.091,2.0,0.0,0.0,0.0,0.0,0.0,0.0,0.0,0.0,2.0,2.0,0.0,74.0,89.0,0.0,0.0,0.0,0.0,0.0,0.0,0.0,0.0,0.0,,0.0,2020-12-25 15:00:00,20693.876,5.748298888888889,4.283333333333333,7.166666666666667
P003,0.0,0.0,0.0,0.0,0.0,0.0,0.0,0.0,0.0,0.0,0.0,0.0,0.0,0.0,0.0,0.0,0.0,0.0,0.0,0.0,0.0,0.0,0.0,0.0,0.0,0.0,0.0,0.0,0.0,0.0,0.0,0.0,0.0,0.0,0.0,0.0,0.0,0.0,0.0,0.0,0.0,0.0,0.0,0.0,0.0,0.0,0.0,0.0,0.0,0.0,0.0,0.0,0.0,0.0,0.0,0.0,0.0,0.0,0.0,0.0,0.0,0.0,0.0,0.0,0.0,0.0,0.0,0.0,0.0,0.0,0.0,,2020-12-25 16:00:00,20693.876,5.748298888888889,4.283333333333333,7.166666666666667
P003,0.0,0.0,0.0,0.0,0.0,0.0,0.0,0.0,0.0,0.0,0.0,0.0,0.0,0.0,0.0,0.0,0.0,0.0,0.0,0.0,0.0,0.0,0.0,0.0,0.0,0.0,0.0,0.0,0.0,0.0,0.0,0.0,0.0,0.0,0.0,0.0,0.0,0.0,0.0,0.0,0.0,0.0,0.0,0.0,0.0,0.0,0.0,0.0,0.0,0.0,0.0,0.0,0.0,0.0,0.0,0.0,0.0,0.0,0.0,0.0,0.0,0.0,0.0,0.0,0.0,0.0,0.0,0.0,0.0,0.0,,0.0,2020-12-25 17:00:00,20693.876,5.748298888888889,4.283333333333333,7.166666666666667
P003,1.0,0.0,0.0,0.0,0.0,0.0,0.0,0.0,0.0,0.0,0.697985,34.0,2929.6059750000004,45.0,547.2390465736389,256.0,39.777,256.0,526.2714525461197,256.0,0.0,256.0,0.0,256.0,0.0,256.0,0.0,256.0,37.986,256.0,0.0,256.0,0.0,256.0,0.0,256.0,0.0,256.0,0.1920292532151005,17.0,5.0,5.0,246.0,1456.0,44.0,362.0,0.0,0.0,0.0,0.0,0.0,0.0,0.0,0.0,0.0,0.0,0.0,0.0,0.0,0.0,0.0,0.0,0.0,0.0,0.0,0.0,0.0,0.0,0.0,0.0,0.0,,2020-12-26 12:00:00,22356.841,6.210233611111112,4.533333333333333,7.633333333333333
P003,1.0,0.0,0.0,0.0,0.0,0.0,0.0,0.0,0.0,0.0,0.91497,46.0,1922.995954000001,55.0,1455.42089676857,580.0,99.025,580.0,1455.42089676857,580.0,0.0,580.0,0.0,580.0,0.0,580.0,0.0,580.0,99.025,580.0,0.0,580.0,0.0,580.0,0.0,580.0,0.0,580.0,0.0823421415435624,13.0,4.0,4.0,572.0,760.0,12.0,291.0,0.0,0.0,0.0,0.0,0.0,0.0,0.0,0.0,0.0,0.0,0.0,0.0,0.0,0.0,0.0,0.0,0.0,0.0,0.0,0.0,0.0,0.0,0.0,0.0,,0.0,2020-12-26 13:00:00,22356.841,6.210233611111112,4.533333333333333,7.633333333333333
P003,1.0,0.0,0.0,0.0,0.0,0.0,0.0,11.25,0.0,0.0,746.5029949999998,23.0,1351.637998,38.0,784.5266027450562,348.0,81.017,348.0,625.7737950086594,348.0,16.408327102661133,348.0,0.0,348.0,0.0,348.0,142.34448063373566,348.0,35.064,348.0,40.032,348.0,0.0,348.0,0.0,348.0,5.921,348.0,0.1253867761065733,15.0,4.0,4.0,340.0,602.0,262.0,1600.0,0.0,0.0,0.0,0.0,0.0,0.0,0.0,0.0,0.0,0.0,1.0,0.0,0.0,0.0,0.0,1.0,901.0,0.0,0.0,0.0,0.0,0.0,0.0,0.0,0.0,,2020-12-26 15:00:00,22356.841,6.210233611111112,4.533333333333333,7.633333333333333
P003,0.0,0.0,0.0,0.0,0.0,0.0,0.0,0.0,0.0,0.0,0.0,0.0,0.0,0.0,0.0,0.0,0.0,0.0,0.0,0.0,0.0,0.0,0.0,0.0,0.0,0.0,0.0,0.0,0.0,0.0,0.0,0.0,0.0,0.0,0.0,0.0,0.0,0.0,0.0,0.0,0.0,0.0,0.0,0.0,0.0,0.0,0.0,0.0,0.0,0.0,0.0,0.0,0.0,0.0,0.0,0.0,0.0,0.0,0.0,0.0,0.0,0.0,0.0,0.0,0.0,0.0,0.0,0.0,0.0,0.0,0.0,0.0,2020-12-26 16:00:00,22356.841,6.210233611111112,4.533333333333333,7.633333333333333
P003,1.0,0.0,0.0,0.0,0.0,0.0,0.0,0.0,0.0,0.0,0.0,0.0,0.0,0.0,0.0,0.0,0.0,0.0,0.0,0.0,0.0,0.0,0.0,0.0,0.0,0.0,0.0,0.0,0.0,0.0,0.0,0.0,0.0,0.0,0.0,0.0,0.0,0.0,0.0,0.0,0.0,0.0,0.0,0.0,0.0,0.0,0.0,0.0,0.0,0.0,0.0,0.0,0.0,0.0,0.0,0.0,0.0,0.0,0.0,0.0,0.0,0.0,0.0,0.0,0.0,0.0,0.0,0.0,0.0,0.0,,0.0,2020-12-26 17:00:00,22356.841,6.210233611111112,4.533333333333333,7.633333333333333
P003,0.0,0.0,0.0,0.0,0.0,0.0,0.0,0.0,0.0,0.0,0.883976,51.0,998.565994,73.0,53.34608948230744,95.0,233.219,95.0,0.0,95.0,14.408327102661133,95.0,0.0,95.0,0.0,95.0,0.0,95.0,0.0,95.0,231.335,95.0,0.0,95.0,0.0,95.0,0.0,95.0,0.2416137173179295,8.0,2.0,3.0,90.0,993.0,7.0,1584.0,918.608026,7.0,0.0,0.0,0.0,0.0,0.0,0.0,0.0,0.0,0.0,0.0,0.0,0.0,0.0,0.0,0.0,0.0,0.0,0.0,0.0,0.0,0.0,0.0,0.0,,2020-12-26 18:00:00,22356.841,6.210233611111112,4.533333333333333,7.633333333333333
P003,1.0,0.0,0.0,0.0,0.0,0.0,0.0,5.95,0.0,0.0,0.510983,28.0,193.437984,42.0,6.0,48.0,182.573,48.0,0.0,48.0,6.0,48.0,0.0,48.0,0.0,48.0,0.0,48.0,0.0,48.0,182.573,48.0,0.0,48.0,0.0,48.0,0.0,48.0,0.2735737942248851,5.0,2.0,1.0,45.0,191.0,8.0,761.0,0.423,6.0,0.0,0.0,0.0,0.0,0.0,0.0,0.0,0.0,0.0,0.0,0.0,0.0,0.0,0.0,0.0,0.0,0.0,0.0,0.0,0.0,0.0,0.0,,0.0,2020-12-26 19:00:00,22356.841,6.210233611111112,4.533333333333333,7.633333333333333
P003,0.0,0.0,0.0,0.0,0.0,0.0,0.0,0.0,0.0,0.0,0.0,0.0,0.0,0.0,0.0,0.0,0.0,0.0,0.0,0.0,0.0,0.0,0.0,0.0,0.0,0.0,0.0,0.0,0.0,0.0,0.0,0.0,0.0,0.0,0.0,0.0,0.0,0.0,0.0,0.0,0.0,0.0,0.0,0.0,0.0,0.0,0.0,0.0,0.0,0.0,0.0,0.0,0.0,0.0,0.0,0.0,0.0,0.0,0.0,0.0,0.0,0.0,0.0,0.0,0.0,0.0,0.0,0.0,0.0,0.0,0.0,,2020-12-26 20:00:00,22356.841,6.210233611111112,4.533333333333333,7.633333333333333
P003,0.0,0.0,0.0,0.0,0.0,0.0,0.0,0.0,0.0,0.0,0.0,0.0,0.0,0.0,0.0,0.0,0.0,0.0,0.0,0.0,0.0,0.0,0.0,0.0,0.0,0.0,0.0,0.0,0.0,0.0,0.0,0.0,0.0,0.0,0.0,0.0,0.0,0.0,0.0,0.0,0.0,0.0,0.0,0.0,0.0,0.0,0.0,0.0,0.0,0.0,0.0,0.0,0.0,0.0,0.0,0.0,0.0,0.0,0.0,0.0,0.0,0.0,0.0,0.0,0.0,0.0,0.0,0.0,0.0,0.0,,0.0,2020-12-26 21:00:00,22356.841,6.210233611111112,4.533333333333333,7.633333333333333
P003,1.0,0.0,0.0,0.0,0.0,0.0,0.0,36.98333333333333,0.0,0.0,0.0,0.0,2588.375,1.0,0.0,7.0,0.0,7.0,0.0,7.0,0.0,7.0,0.0,7.0,0.0,7.0,0.0,7.0,0.0,7.0,0.0,7.0,0.0,7.0,0.0,7.0,0.0,7.0,1.0042424730540764,6.0,3.0,3.0,1.0,745.0,32.0,3.0,0.0,0.0,0.0,0.0,0.0,0.0,0.0,0.0,0.0,0.0,0.0,0.0,0.0,0.0,0.0,0.0,0.0,0.0,0.0,0.0,0.0,0.0,0.0,0.0,0.0,,2020-12-27 10:00:00,14305.496,3.9737488888888888,4.516666666666667,6.5
P003,1.0,0.0,0.0,0.0,0.0,0.0,0.0,20.183333333333334,0.0,0.0,0.6679820000000001,41.0,3040.3850139999995,52.0,14.034387707710266,65.0,2.937,65.0,14.034387707710266,65.0,0.0,65.0,0.0,65.0,0.0,65.0,0.0,65.0,2.937,65.0,0.0,65.0,0.0,65.0,0.0,65.0,0.0,65.0,0.3718275326272354,10.0,3.0,3.0,59.0,1742.0,33.0,228.0,0.0,0.0,0.0,0.0,0.0,0.0,0.0,0.0,0.0,0.0,0.0,0.0,0.0,0.0,0.0,0.0,0.0,0.0,0.0,0.0,0.0,0.0,0.0,0.0,,0.0,2020-12-27 11:00:00,14305.496,3.9737488888888888,4.516666666666667,6.5
P003,1.0,0.0,0.0,0.0,0.0,0.0,0.0,8.433333333333334,0.0,0.0,1761.898946,28.0,2657.694947,42.0,152.32885777950287,107.0,417.103,107.0,152.32885777950287,107.0,0.0,107.0,0.0,107.0,0.0,107.0,0.0,107.0,417.103,107.0,0.0,107.0,0.0,107.0,0.0,107.0,0.0,107.0,0.2548956949013841,10.0,3.0,3.0,101.0,1948.0,121.0,535.0,0.0,0.0,0.0,0.0,0.0,0.0,0.0,0.0,0.0,0.0,0.0,0.0,0.0,0.0,0.0,0.0,0.0,0.0,0.0,0.0,0.0,0.0,0.0,0.0,0.0,,2020-12-27 12:00:00,14305.496,3.9737488888888888,4.516666666666667,6.5
P003,0.0,0.0,0.0,0.0,0.0,0.0,0.0,0.0,0.0,0.0,5.097983,34.0,2936.437949,54.0,172.06705904006958,123.0,50.049,123.0,0.0,123.0,0.0,123.0,0.0,123.0,0.0,123.0,0.0,123.0,0.0,123.0,0.0,123.0,0.0,123.0,0.0,123.0,0.0,123.0,0.2572455222112614,14.0,3.0,4.0,116.0,2927.0,5.0,600.0,0.0,0.0,0.0,0.0,0.0,0.0,0.0,0.0,0.0,0.0,0.0,0.0,0.0,0.0,0.0,0.0,0.0,0.0,0.0,0.0,0.0,0.0,0.0,0.0,,0.0,2020-12-27 13:00:00,14305.496,3.9737488888888888,4.516666666666667,6.5
P003,2.0,3.3,0.0,0.0,0.0,0.0,0.0,41.25,0.0,0.0,64.87392100000001,165.0,463.8568609999999,331.0,5555.331692814827,2475.0,488.464,2475.0,4413.046082735062,2475.0,0.0,2475.0,584.7423914670944,2475.0,0.0,2475.0,0.0,2475.0,329.146,2475.0,0.0,2475.0,43.776,2475.0,0.0,2475.0,0.0,2475.0,0.0340354329011254,23.0,6.0,6.0,2463.0,414.0,40.0,3124.0,0.0,0.0,1.3389649999999995,76.0,0.0,0.0,0.0,0.0,0.0,0.0,0.0,0.0,0.0,0.0,0.0,0.0,0.0,0.0,0.0,0.0,0.0,0.0,0.0,0.0,0.0,,2020-12-27 14:00:00,14305.496,3.9737488888888888,4.516666666666667,6.5
P003,0.0,0.0,0.0,0.0,0.0,0.0,0.0,0.0,0.0,0.0,0.661986,28.0,1.241984,39.0,71.13587558269501,63.0,79.416,63.0,0.0,63.0,13.816654205322266,63.0,0.0,63.0,0.0,63.0,0.0,63.0,0.0,63.0,76.911,63.0,0.0,63.0,0.0,63.0,0.0,63.0,0.0,0.0,0.0,0.0,63.0,0.0,0.0,769.0,0.507,4.0,0.0,0.0,0.0,0.0,0.0,0.0,0.0,0.0,0.0,0.0,0.0,0.0,0.0,0.0,0.0,0.0,0.0,0.0,0.0,0.0,0.0,0.0,0.0,0.0,2020-12-27 15:00:00,14305.496,3.9737488888888888,4.516666666666667,6.5
P003,1.0,0.0,0.0,0.0,0.0,0.0,0.0,0.0,0.0,0.0,4.67499,21.0,5.035984000000001,40.0,311.02855229377747,165.0,541.278,165.0,0.0,165.0,0.0,165.0,0.0,165.0,0.0,165.0,0.0,165.0,0.0,165.0,0.0,165.0,0.0,165.0,0.0,165.0,0.0,165.0,0.0,0.0,0.0,0.0,165.0,0.0,0.0,2211.0,0.023,1.0,0.0,0.0,0.0,0.0,0.0,0.0,0.0,0.0,1.0,1.0,0.0,0.0,31.0,0.0,0.0,0.0,0.0,0.0,0.0,0.0,0.0,0.0,0.0,0.0,2020-12-27 16:00:00,14305.496,3.9737488888888888,4.516666666666667,6.5
P003,1.0,0.0,0.0,0.0,0.0,0.0,0.0,46.15,0.0,0.0,4.534938999999999,119.0,14.195894,227.0,862.6431083679199,512.0,114.329,512.0,182.4654597043991,512.0,0.0,512.0,312.02622067928314,512.0,0.0,512.0,0.0,512.0,43.285,512.0,0.0,512.0,15.314,512.0,0.0,512.0,0.0,512.0,0.0,0.0,0.0,0.0,512.0,0.0,0.0,3236.0,0.0,0.0,1.252977,58.0,0.0,0.0,0.0,0.0,0.0,0.0,0.0,0.0,0.0,0.0,0.0,0.0,0.0,0.0,0.0,0.0,0.0,0.0,0.0,0.0,0.0,0.0,2020-12-27 17:00:00,14305.496,3.9737488888888888,4.516666666666667,6.5
P003,0.0,0.0,0.0,0.0,0.0,0.0,0.0,0.0,0.0,0.0,1.5919690000000002,72.0,101.096963,89.0,202.98029589653007,148.0,9.804,148.0,0.0,148.0,0.0,148.0,0.0,148.0,0.0,148.0,0.0,148.0,0.0,148.0,0.0,148.0,0.0,148.0,0.0,148.0,0.0,148.0,0.0809516874842696,3.0,1.0,1.0,146.0,98.0,0.0,3493.0,0.0,0.0,0.0,0.0,0.0,0.0,0.0,0.0,0.0,0.0,0.0,0.0,0.0,0.0,0.0,0.0,0.0,0.0,0.0,0.0,0.0,0.0,0.0,0.0,0.0,0.0,2020-12-27 18:00:00,14305.496,3.9737488888888888,4.516666666666667,6.5
P003,0.0,0.0,0.0,0.0,0.0,0.0,0.0,0.0,0.0,0.0,15.199994999999998,20.0,846.151983,85.0,215.0117641687393,165.0,43.89,165.0,77.81916189193726,165.0,66.22920835018158,165.0,0.0,165.0,0.0,165.0,0.0,165.0,6.144,165.0,34.317,165.0,0.0,165.0,0.0,165.0,0.0,165.0,0.1561882516912682,7.0,3.0,2.0,160.0,824.0,15.0,2026.0,1.869989,36.0,0.032999,1.0,0.0,0.0,0.0,0.0,0.0,0.0,1.0,0.0,0.0,0.0,0.0,1.0,1010.0,0.0,0.0,0.0,0.0,0.0,0.0,0.0,0.0,0.0,2020-12-27 19:00:00,14305.496,3.9737488888888888,4.516666666666667,6.5
P003,0.0,0.0,0.0,0.0,0.0,0.0,0.0,0.0,0.0,0.0,0.0,0.0,0.0,0.0,0.0,0.0,0.0,0.0,0.0,0.0,0.0,0.0,0.0,0.0,0.0,0.0,0.0,0.0,0.0,0.0,0.0,0.0,0.0,0.0,0.0,0.0,0.0,0.0,0.0,0.0,0.0,0.0,0.0,0.0,0.0,0.0,0.0,0.0,0.0,0.0,0.0,0.0,0.0,0.0,0.0,0.0,0.0,0.0,0.0,0.0,0.0,0.0,0.0,0.0,0.0,0.0,0.0,0.0,0.0,0.0,0.0,0.0,2020-12-27 20:00:00,14305.496,3.9737488888888888,4.516666666666667,6.5
P003,0.0,0.0,0.0,0.0,0.0,0.0,0.0,0.0,0.0,0.0,0.0,0.0,0.0,0.0,0.0,0.0,0.0,0.0,0.0,0.0,0.0,0.0,0.0,0.0,0.0,0.0,0.0,0.0,0.0,0.0,0.0,0.0,0.0,0.0,0.0,0.0,0.0,0.0,0.0,0.0,0.0,0.0,0.0,0.0,0.0,0.0,0.0,0.0,0.0,0.0,0.0,0.0,0.0,0.0,0.0,0.0,0.0,0.0,0.0,0.0,0.0,0.0,0.0,0.0,0.0,0.0,0.0,0.0,0.0,0.0,,0.0,2020-12-27 21:00:00,14305.496,3.9737488888888888,4.516666666666667,6.5
P003,1.0,0.0,0.0,0.0,0.0,0.0,0.0,22.183333333333334,0.8979720000000001,49.0,1.302972,63.0,506.23593299999993,131.0,547.1760469675064,375.0,56.159,375.0,483.2748620510101,375.0,0.0,375.0,0.0,375.0,0.0,375.0,7.0,375.0,50.709,375.0,0.0,375.0,0.0,375.0,0.0,375.0,0.304,375.0,0.0664365487714822,7.0,2.0,2.0,371.0,502.0,1018.0,1447.0,0.0,0.0,0.0,0.0,0.0,0.0,0.0,0.0,0.0,0.0,0.0,0.0,0.0,0.0,0.0,0.0,0.0,0.0,0.0,0.0,0.0,0.0,0.0,0.0,1.0,,2020-12-28 10:00:00,27368.824,7.602451111111111,4.283333333333333,8.083333333333334
P003,1.0,0.0,0.0,0.0,0.0,0.0,0.0,0.0,0.0,0.0,0.448994,20.0,1345.9879969999995,39.0,836.7183635234833,340.0,45.474,340.0,356.56609547138214,340.0,0.0,340.0,0.0,340.0,0.0,340.0,0.0,340.0,17.722,340.0,0.0,340.0,0.0,340.0,0.0,340.0,0.0,340.0,0.2223810182467009,29.0,8.0,8.0,324.0,1338.0,1334.0,851.0,0.0,0.0,0.0,0.0,0.0,0.0,0.0,0.0,0.0,0.0,0.0,0.0,0.0,0.0,0.0,0.0,0.0,0.0,0.0,0.0,0.0,0.0,0.0,0.0,,1.0,2020-12-28 11:00:00,27368.824,7.602451111111111,4.283333333333333,8.083333333333334
P003,1.0,0.0,0.0,0.0,0.0,0.0,0.0,0.0,0.0,0.0,0.040998,2.0,1066.811002,17.0,111.006538271904,74.0,7.625,74.0,0.0,74.0,0.0,74.0,0.0,74.0,0.0,74.0,0.0,74.0,0.0,74.0,0.0,74.0,0.0,74.0,0.0,74.0,0.0,74.0,0.8734919033139443,40.0,13.0,12.0,49.0,1050.0,1270.0,980.0,0.0,0.0,0.0,0.0,0.0,0.0,0.0,0.0,0.0,0.0,0.0,0.0,0.0,0.0,0.0,0.0,0.0,0.0,0.0,0.0,2.0,2.0,0.0,0.0,0.0,,2020-12-28 12:00:00,27368.824,7.602451111111111,4.283333333333333,8.083333333333334
P003,0.0,0.0,0.0,0.0,0.0,0.0,0.0,0.0,0.0,0.0,3.0059430000000003,152.0,2158.742924,199.0,4444.550654411316,1947.0,377.528,1947.0,4219.841997146606,1947.0,0.0,1947.0,0.0,1947.0,0.0,1947.0,0.0,1947.0,344.219,1947.0,0.0,1947.0,0.0,1947.0,0.0,1947.0,0.0,1947.0,0.0723528090309607,43.0,11.0,12.0,1924.0,1609.0,36.0,1426.0,0.125999,4.0,0.0,0.0,0.0,0.0,0.0,0.0,0.0,0.0,0.0,0.0,0.0,0.0,0.0,0.0,0.0,0.0,0.0,0.0,0.0,0.0,0.0,0.0,0.0,0.0,2020-12-28 13:00:00,27368.824,7.602451111111111,4.283333333333333,8.083333333333334
P003,2.0,2.4,0.0,0.0,0.0,0.0,0.0,34.233333333333334,0.0,0.0,2.846969,65.0,173.06395899999995,75.0,9397.186209440231,4250.0,801.773,4250.0,9397.186209440231,4250.0,0.0,4250.0,0.0,4250.0,0.0,4250.0,0.0,4250.0,801.773,4250.0,0.0,4250.0,0.0,4250.0,0.0,4250.0,0.0,4250.0,0.0081515824427465,8.0,2.0,2.0,4246.0,167.0,2.0,2915.0,0.0,0.0,0.004999,1.0,0.0,0.0,0.0,0.0,0.0,0.0,0.0,0.0,0.0,0.0,0.0,0.0,0.0,0.0,0.0,0.0,0.0,0.0,0.0,0.0,0.0,0.0,2020-12-28 14:00:00,27368.824,7.602451111111111,4.283333333333333,8.083333333333334
P003,1.0,0.0,0.0,0.0,0.0,0.0,0.0,0.0,0.0,0.0,6.4079060000000005,187.0,144.64789199999998,233.0,703.0643584728241,513.0,50.74,513.0,678.3303245306015,513.0,0.0,513.0,0.0,513.0,0.0,513.0,0.0,513.0,48.447,513.0,0.0,513.0,0.0,513.0,0.0,513.0,0.0,513.0,0.028219586702752,4.0,1.0,1.0,511.0,136.0,3.0,2776.0,0.0,0.0,0.0,0.0,0.0,0.0,0.0,0.0,0.0,0.0,0.0,0.0,0.0,0.0,0.0,0.0,0.0,0.0,0.0,0.0,0.0,0.0,0.0,0.0,,0.0,2020-12-28 15:00:00,27368.824,7.602451111111111,4.283333333333333,8.083333333333334
P003,1.0,0.0,0.0,0.0,0.0,0.0,0.0,45.71666666666667,0.0,0.0,24.320913,177.0,212.815896,208.0,1380.5865523815155,938.0,217.444,938.0,1380.5865523815155,938.0,0.0,938.0,0.0,938.0,0.0,938.0,0.0,938.0,217.444,938.0,0.0,938.0,0.0,938.0,0.0,938.0,0.0,938.0,0.0167221387897789,4.0,1.0,1.0,936.0,187.0,0.0,2491.0,0.011,2.0,0.0,0.0,0.0,0.0,0.0,0.0,0.0,0.0,0.0,0.0,0.0,0.0,0.0,0.0,0.0,0.0,0.0,0.0,0.0,0.0,0.0,0.0,0.0,,2020-12-28 16:00:00,27368.824,7.602451111111111,4.283333333333333,8.083333333333334
P003,1.0,0.0,0.0,0.0,0.0,0.0,0.0,33.05,0.079999,4.0,17.966952000000003,103.0,1308.50885,241.0,613.0164390802383,478.0,101.843,478.0,232.64657843112943,478.0,13.507346630096436,478.0,156.10193979740143,478.0,0.0,478.0,46.687965869903564,478.0,16.567,478.0,12.833,478.0,10.276,478.0,0.0,478.0,48.158,478.0,0.1161012312073562,18.0,5.0,5.0,468.0,1283.0,43.0,1963.0,0.8609979999999999,8.0,1.01897,64.0,0.0,0.0,0.0,0.0,0.0,0.0,0.0,0.0,0.0,0.0,0.0,0.0,0.0,0.0,0.0,0.0,0.0,0.0,0.0,0.0,0.0,0.0,2020-12-28 17:00:00,27368.824,7.602451111111111,4.283333333333333,8.083333333333334
P003,0.0,0.0,0.0,0.0,0.0,0.0,0.0,0.0,0.0,0.0,0.0,0.0,21.505998,7.0,14.142135620117188,13.0,2.72,13.0,0.0,13.0,0.0,13.0,0.0,13.0,0.0,13.0,0.0,13.0,0.0,13.0,0.0,13.0,0.0,13.0,0.0,13.0,0.0,13.0,0.6870920273799715,5.0,2.0,1.0,10.0,19.0,1.0,25.0,0.039999,1.0,0.0,0.0,0.0,0.0,0.0,0.0,0.0,0.0,0.0,0.0,0.0,0.0,0.0,0.0,0.0,0.0,0.0,0.0,0.0,0.0,0.0,0.0,,0.0,2020-12-28 18:00:00,27368.824,7.602451111111111,4.283333333333333,8.083333333333334
P003,1.0,0.0,0.0,0.0,0.0,0.0,0.0,0.0,0.0,0.0,136.34399199999996,20.0,2775.931985,35.0,54.66588842868805,67.0,3.213,67.0,0.0,67.0,0.0,67.0,0.0,67.0,0.0,67.0,0.0,67.0,0.0,67.0,0.0,67.0,0.0,67.0,0.0,67.0,0.0,67.0,0.5941786071742114,19.0,6.0,6.0,55.0,2480.0,154.0,347.0,0.0,0.0,0.0,0.0,0.0,0.0,0.0,0.0,0.0,0.0,0.0,0.0,0.0,0.0,0.0,0.0,0.0,0.0,0.0,0.0,0.0,0.0,0.0,0.0,0.0,,2020-12-29 09:00:00,22467.092,6.240858888888889,4.783333333333333,7.916666666666667
P003,1.0,0.0,0.0,0.0,0.0,0.0,0.0,39.93333333333333,0.0,0.0,0.0,0.0,3280.759,6.0,131.0128457546234,58.0,9.104,58.0,0.0,58.0,0.0,58.0,0.0,58.0,0.0,58.0,0.0,58.0,0.0,58.0,0.0,58.0,0.0,58.0,0.0,58.0,0.0,58.0,0.6532254610768498,16.0,6.0,6.0,46.0,2843.0,282.0,109.0,0.0,0.0,0.0,0.0,0.0,0.0,0.0,0.0,0.0,0.0,0.0,0.0,0.0,0.0,0.0,0.0,0.0,0.0,0.0,0.0,0.0,0.0,0.0,0.0,0.0,0.0,2020-12-29 10:00:00,22467.092,6.240858888888889,4.783333333333333,7.916666666666667
P003,1.0,0.0,0.0,0.0,0.0,0.0,0.0,0.0,0.0,0.0,0.0,0.0,1645.998959,6.0,53.0576069355011,30.0,2.341,30.0,0.0,30.0,0.0,30.0,0.0,30.0,0.0,30.0,0.0,30.0,0.0,30.0,0.0,30.0,0.0,30.0,0.0,30.0,0.0,30.0,0.9502705392332348,18.0,6.0,6.0,18.0,1500.0,703.0,321.0,0.0,0.0,0.0,0.0,0.0,0.0,0.0,0.0,0.0,0.0,0.0,0.0,0.0,0.0,0.0,0.0,0.0,0.0,0.0,0.0,0.0,0.0,0.0,0.0,,0.0,2020-12-29 11:00:00,22467.092,6.240858888888889,4.783333333333333,7.916666666666667
P003,1.0,0.0,0.0,0.0,0.0,0.0,0.0,12.95,0.0,0.0,0.0,0.0,1871.344013,9.0,0.0,19.0,0.0,19.0,0.0,19.0,0.0,19.0,0.0,19.0,0.0,19.0,0.0,19.0,0.0,19.0,0.0,19.0,0.0,19.0,0.0,19.0,0.0,19.0,1.0565758044102838,16.0,5.0,5.0,9.0,1833.0,339.0,82.0,0.045,1.0,0.0,0.0,0.0,0.0,0.0,0.0,0.0,0.0,0.0,0.0,0.0,0.0,0.0,0.0,0.0,0.0,0.0,0.0,0.0,0.0,0.0,0.0,0.0,,2020-12-29 13:00:00,22467.092,6.240858888888889,4.783333333333333,7.916666666666667
P003,1.0,0.0,0.0,0.0,0.0,0.0,0.0,0.0,0.0,0.0,1.237981,44.0,2837.0299400000004,56.0,1102.7327902317047,788.0,238.454,788.0,1102.7327902317047,788.0,0.0,788.0,0.0,788.0,0.0,788.0,0.0,788.0,238.454,788.0,0.0,788.0,0.0,788.0,0.0,788.0,0.0,788.0,0.0768234516153287,17.0,5.0,5.0,778.0,2138.0,18.0,753.0,0.039999,1.0,0.0,0.0,0.0,0.0,0.0,0.0,0.0,0.0,0.0,0.0,0.0,0.0,0.0,0.0,0.0,0.0,0.0,0.0,0.0,0.0,0.0,0.0,1.0,0.0,2020-12-29 14:00:00,22467.092,6.240858888888889,4.783333333333333,7.916666666666667
P003,1.0,0.0,0.0,0.0,0.0,0.0,0.0,12.866666666666667,0.0,0.0,24.932968,72.0,645.578937,104.0,735.4398596286774,447.0,60.068,447.0,615.2203116416931,447.0,0.0,447.0,0.0,447.0,0.0,447.0,0.0,447.0,52.78,447.0,0.0,447.0,0.0,447.0,0.0,447.0,0.0,447.0,0.1226364796670053,19.0,5.0,5.0,437.0,588.0,21.0,2116.0,0.0,0.0,0.0,0.0,0.0,0.0,0.0,0.0,0.0,0.0,1.0,1.0,0.0,0.0,158.0,0.0,0.0,0.0,0.0,0.0,0.0,0.0,0.0,0.0,0.0,1.0,2020-12-29 15:00:00,22467.092,6.240858888888889,4.783333333333333,7.916666666666667
P003,1.0,0.0,0.0,0.0,0.0,0.0,0.0,48.06666666666667,0.0,0.0,2.76397,65.0,1229.5639520000009,91.0,0.0,102.0,0.0,102.0,0.0,102.0,0.0,102.0,0.0,102.0,0.0,102.0,0.0,102.0,0.0,102.0,0.0,102.0,0.0,102.0,0.0,102.0,0.0,102.0,0.4162869165139555,21.0,5.0,6.0,91.0,796.0,16.0,686.0,0.0,0.0,0.0,0.0,0.0,0.0,0.0,0.0,0.0,0.0,0.0,0.0,0.0,0.0,0.0,1.0,1.0,0.0,0.0,0.0,2.0,2.0,0.0,0.0,,0.0,2020-12-29 16:00:00,22467.092,6.240858888888889,4.783333333333333,7.916666666666667
P003,1.0,0.0,0.0,0.0,0.0,0.0,0.0,0.0,0.0,0.0,0.7869809999999999,40.0,157.23395999999997,84.0,625.1988717317581,301.0,104.527,301.0,0.0,301.0,0.0,301.0,0.0,301.0,0.0,301.0,0.0,301.0,0.0,301.0,0.0,301.0,0.0,301.0,0.0,301.0,0.0,301.0,0.0445433928425128,4.0,1.0,1.0,299.0,155.0,300.0,2535.0,0.0,0.0,0.0,0.0,0.0,0.0,0.0,0.0,0.0,0.0,1.0,0.0,0.0,1.0,0.0,0.0,0.0,0.0,0.0,0.0,0.0,0.0,0.0,0.0,0.0,,2020-12-29 17:00:00,22467.092,6.240858888888889,4.783333333333333,7.916666666666667
P003,1.0,0.0,0.0,0.0,0.0,0.0,0.0,11.933333333333334,0.0,0.0,19.993964,66.0,370.450947,106.0,177.87244987487793,179.0,31.793,179.0,0.0,179.0,0.0,179.0,0.0,179.0,0.0,179.0,0.0,179.0,0.0,179.0,0.0,179.0,0.0,179.0,0.0,179.0,0.0,179.0,0.2135599787406769,15.0,4.0,4.0,171.0,364.0,87.0,3117.0,0.028998,2.0,0.0,0.0,0.0,0.0,0.0,0.0,0.0,0.0,0.0,0.0,0.0,0.0,0.0,0.0,0.0,0.0,0.0,0.0,0.0,0.0,0.0,0.0,0.0,0.0,2020-12-29 18:00:00,22467.092,6.240858888888889,4.783333333333333,7.916666666666667
P003,1.0,0.0,0.0,0.0,0.0,0.0,0.0,0.0,0.0,0.0,482.076986,4.0,531.734983,14.0,6.0,24.0,486.614,24.0,0.0,24.0,6.0,24.0,0.0,24.0,0.0,24.0,0.0,24.0,0.0,24.0,486.614,24.0,0.0,24.0,0.0,24.0,0.0,24.0,0.8028187820379636,11.0,4.0,3.0,17.0,526.0,791.0,1245.0,49.617998,8.0,0.0,0.0,0.0,0.0,0.0,0.0,0.0,0.0,0.0,0.0,0.0,0.0,0.0,0.0,0.0,0.0,0.0,0.0,0.0,0.0,0.0,0.0,,0.0,2020-12-29 19:00:00,22467.092,6.240858888888889,4.783333333333333,7.916666666666667
P003,0.0,0.0,0.0,0.0,0.0,0.0,0.0,0.0,0.0,0.0,373.867991,20.0,2332.940005,40.0,37.960851430892944,68.0,37.133,68.0,0.0,68.0,0.0,68.0,0.0,68.0,0.0,68.0,0.0,68.0,0.0,68.0,0.0,68.0,0.0,68.0,0.0,68.0,0.0,68.0,0.5540419898215745,20.0,5.0,6.0,57.0,2192.0,355.0,536.0,0.029,2.0,0.0,0.0,0.0,0.0,0.0,0.0,0.0,0.0,0.0,0.0,0.0,0.0,0.0,0.0,0.0,0.0,0.0,0.0,0.0,0.0,0.0,0.0,0.0,,2020-12-30 12:00:00,23934.646,6.648512777777778,3.4,6.733333333333333
P003,1.0,0.0,0.0,0.0,0.0,0.0,0.0,52.03333333333333,0.0,0.0,2.141936,123.0,1238.042869,194.0,5909.276579976082,2820.0,523.661,2820.0,5769.495114326477,2820.0,125.75336050987244,2820.0,0.0,2820.0,0.0,2820.0,0.0,2820.0,505.994,2820.0,14.922,2820.0,0.0,2820.0,0.0,2820.0,0.0,2820.0,0.0568574248661065,47.0,13.0,12.0,2795.0,1216.0,203.0,2049.0,0.407986,30.0,0.0,0.0,0.0,0.0,0.0,0.0,0.0,0.0,1.0,1.0,0.0,0.0,27.0,0.0,0.0,0.0,0.0,0.0,0.0,0.0,0.0,0.0,0.0,0.0,2020-12-30 13:00:00,23934.646,6.648512777777778,3.4,6.733333333333333
P003,1.0,0.0,0.0,0.0,0.0,0.0,0.0,32.95,0.0,0.0,5.1939530000000005,114.0,1604.3069169999997,161.0,1213.6884096860886,638.0,78.215,638.0,1117.9644635915756,638.0,0.0,638.0,0.0,638.0,0.0,638.0,0.0,638.0,72.76,638.0,0.0,638.0,0.0,638.0,0.0,638.0,0.0,638.0,0.1135628774764412,26.0,6.0,7.0,625.0,1461.0,14.0,1791.0,0.0,0.0,0.0,0.0,0.0,0.0,0.0,0.0,0.0,0.0,1.0,1.0,0.0,0.0,187.0,0.0,0.0,0.0,0.0,0.0,0.0,0.0,0.0,0.0,0.0,0.0,2020-12-30 14:00:00,23934.646,6.648512777777778,3.4,6.733333333333333
P003,1.0,0.0,0.0,0.0,0.0,0.0,0.0,22.0,0.0,0.0,0.866985,42.0,1904.105989,57.0,12047.444034695623,4942.0,1070.803,4942.0,12047.444034695623,4942.0,0.0,4942.0,0.0,4942.0,0.0,4942.0,0.0,4942.0,1070.803,4942.0,0.0,4942.0,0.0,4942.0,0.0,4942.0,0.0,4942.0,0.0102059560627858,11.0,3.0,3.0,4936.0,1897.0,6.0,1367.0,0.0,0.0,0.0,0.0,0.0,0.0,0.0,0.0,0.0,0.0,1.0,0.0,0.0,0.0,0.0,1.0,995.0,0.0,0.0,0.0,0.0,0.0,0.0,0.0,1.0,0.0,2020-12-30 15:00:00,23934.646,6.648512777777778,3.4,6.733333333333333
P003,1.0,0.0,0.0,0.0,0.0,0.0,0.0,40.66666666666666,0.0,0.0,2.043956,91.0,2398.184936,111.0,5143.273057103157,2246.0,453.951,2246.0,5143.273057103157,2246.0,0.0,2246.0,0.0,2246.0,0.0,2246.0,0.0,2246.0,453.951,2246.0,0.0,2246.0,0.0,2246.0,0.0,2246.0,0.0,2246.0,0.0395860002949032,25.0,7.0,6.0,2233.0,2388.0,13.0,943.0,0.0,0.0,0.0,0.0,0.0,0.0,0.0,0.0,0.0,0.0,0.0,0.0,0.0,0.0,0.0,0.0,0.0,0.0,0.0,0.0,0.0,0.0,0.0,0.0,0.0,1.0,2020-12-30 16:00:00,23934.646,6.648512777777778,3.4,6.733333333333333
P003,1.0,0.0,0.0,0.0,0.0,0.0,0.0,0.0,0.0,0.0,0.183999,4.0,3412.153023,7.0,0.0,11.0,0.0,11.0,0.0,11.0,0.0,11.0,0.0,11.0,0.0,11.0,0.0,11.0,0.0,11.0,0.0,11.0,0.0,11.0,0.0,11.0,0.0,11.0,0.9075352941050092,6.0,2.0,2.0,7.0,643.0,7.0,31.0,0.0,0.0,0.0,0.0,0.0,0.0,0.0,0.0,0.0,0.0,0.0,0.0,0.0,0.0,0.0,0.0,0.0,0.0,0.0,0.0,0.0,0.0,0.0,0.0,0.0,0.0,2020-12-30 17:00:00,23934.646,6.648512777777778,3.4,6.733333333333333
P003,1.0,0.0,0.0,0.0,0.0,0.0,0.0,45.333333333333336,0.0,0.0,2.225964,82.0,1409.4959439999998,113.0,876.7185502052307,475.0,242.331,475.0,808.1343044042587,475.0,0.0,475.0,0.0,475.0,0.0,475.0,0.0,475.0,55.672,475.0,0.0,475.0,0.0,475.0,0.0,475.0,0.0,475.0,0.1533374568594215,20.0,7.0,7.0,461.0,841.0,31.0,1831.0,0.0,0.0,0.0,0.0,0.0,0.0,0.0,0.0,0.0,0.0,0.0,0.0,0.0,0.0,0.0,0.0,0.0,0.0,0.0,0.0,0.0,0.0,0.0,0.0,0.0,0.0,2020-12-30 18:00:00,23934.646,6.648512777777778,3.4,6.733333333333333
P003,0.0,0.0,0.0,0.0,0.0,0.0,0.0,0.0,0.0,0.0,0.4689869999999999,23.0,3051.938964,40.0,2587.7966363430023,978.0,172.835,978.0,2587.7966363430023,978.0,0.0,978.0,0.0,978.0,0.0,978.0,0.0,978.0,172.835,978.0,0.0,978.0,0.0,978.0,0.0,978.0,0.0,978.0,0.1139596974827055,34.0,10.0,10.0,958.0,3016.0,177.0,373.0,0.0,0.0,0.0,0.0,0.0,0.0,0.0,0.0,0.0,0.0,0.0,0.0,0.0,0.0,0.0,0.0,0.0,0.0,0.0,0.0,0.0,0.0,0.0,0.0,0.0,0.0,2020-12-30 19:00:00,23934.646,6.648512777777778,3.4,6.733333333333333
P003,0.0,0.0,0.0,0.0,0.0,0.0,0.0,0.0,0.0,0.0,0.0,0.0,0.0,0.0,0.0,0.0,0.0,0.0,0.0,0.0,0.0,0.0,0.0,0.0,0.0,0.0,0.0,0.0,0.0,0.0,0.0,0.0,0.0,0.0,0.0,0.0,0.0,0.0,0.0,0.0,0.0,0.0,0.0,0.0,0.0,0.0,0.0,0.0,0.0,0.0,0.0,0.0,0.0,0.0,0.0,0.0,0.0,0.0,0.0,0.0,0.0,0.0,0.0,0.0,0.0,0.0,0.0,0.0,0.0,0.0,,0.0,2020-12-30 20:00:00,23934.646,6.648512777777778,3.4,6.733333333333333
P003,1.0,0.0,0.0,0.0,0.0,0.0,0.0,0.0,0.0,0.0,15.93395,113.0,1841.671944,179.0,1262.463073015213,733.0,99.558,733.0,1262.463073015213,733.0,0.0,733.0,0.0,733.0,0.0,733.0,0.0,733.0,99.558,733.0,0.0,733.0,0.0,733.0,0.0,733.0,0.0,733.0,0.0454113303800871,10.0,2.0,3.0,728.0,1686.0,10.0,1726.0,0.0,0.0,0.0,0.0,0.0,0.0,0.0,0.0,0.0,0.0,0.0,0.0,0.0,0.0,0.0,0.0,0.0,0.0,0.0,0.0,0.0,0.0,0.0,0.0,1.0,,2020-12-31 10:00:00,22542.958,6.261932777777777,4.7,7.833333333333333
P003,1.0,0.0,0.0,0.0,0.0,0.0,0.0,0.0,0.0,0.0,0.434995,13.0,834.7299559999999,50.0,575.6259768009186,335.0,41.448,335.0,575.6259768009186,335.0,0.0,335.0,0.0,335.0,0.0,335.0,0.0,335.0,41.448,335.0,0.0,335.0,0.0,335.0,0.0,335.0,0.0,335.0,0.1421278054603,15.0,5.0,4.0,326.0,824.0,466.0,1175.0,0.089997,6.0,0.0,0.0,0.0,0.0,0.0,0.0,0.0,0.0,0.0,0.0,0.0,0.0,0.0,0.0,0.0,0.0,0.0,0.0,0.0,0.0,0.0,0.0,,1.0,2020-12-31 11:00:00,22542.958,6.261932777777777,4.7,7.833333333333333
P003,2.0,2.533333333333333,0.0,0.0,0.0,0.0,0.0,28.883333333333333,0.0,0.0,51.093929,173.0,2115.6409189999995,192.0,5539.845696330071,2775.0,767.095,2775.0,5523.93450653553,2775.0,0.0,2775.0,0.0,2775.0,0.0,2775.0,0.0,2775.0,765.764,2775.0,0.0,2775.0,0.0,2775.0,0.0,2775.0,0.0,2775.0,0.0477276298446405,36.0,10.0,10.0,2755.0,549.0,48.0,1463.0,1448.988,1.0,0.0,0.0,0.0,0.0,0.0,0.0,0.0,0.0,0.0,0.0,0.0,0.0,0.0,0.0,0.0,0.0,0.0,0.0,0.0,0.0,0.0,0.0,0.0,,2020-12-31 12:00:00,22542.958,6.261932777777777,4.7,7.833333333333333
P003,0.0,0.0,0.0,0.0,0.0,0.0,0.0,0.0,0.0,0.0,3.108928,166.0,2294.22089,226.0,1956.282047867775,1158.0,190.999,1158.0,1863.1593893766403,1158.0,0.0,1158.0,0.0,1158.0,0.0,1158.0,0.0,1158.0,139.431,1158.0,0.0,1158.0,0.0,1158.0,0.0,1158.0,0.0,1158.0,0.1306474168052689,53.0,14.0,14.0,1130.0,2243.0,24.0,1056.0,0.0,0.0,0.0,0.0,0.0,0.0,0.0,0.0,0.0,0.0,0.0,0.0,0.0,0.0,0.0,0.0,0.0,0.0,0.0,0.0,0.0,0.0,0.0,0.0,0.0,0.0,2020-12-31 13:00:00,22542.958,6.261932777777777,4.7,7.833333333333333
P003,0.0,0.0,0.0,0.0,0.0,0.0,0.0,0.0,0.0,0.0,0.227999,6.0,3401.061998,8.0,0.0,10.0,0.0,10.0,0.0,10.0,0.0,10.0,0.0,10.0,0.0,10.0,0.0,10.0,0.0,10.0,0.0,10.0,0.0,10.0,0.0,10.0,0.0,10.0,0.639031859650177,3.0,1.0,1.0,8.0,0.0,1.0,42.0,0.0,0.0,0.0,0.0,0.0,0.0,0.0,0.0,0.0,0.0,0.0,0.0,0.0,0.0,0.0,0.0,0.0,0.0,0.0,0.0,0.0,0.0,0.0,0.0,,0.0,2020-12-31 14:00:00,22542.958,6.261932777777777,4.7,7.833333333333333
P003,0.0,0.0,0.0,0.0,0.0,0.0,0.0,0.0,0.0,0.0,4.445922,157.0,2389.440879,200.0,2048.532928466797,1105.0,288.051,1105.0,2010.6355422735207,1105.0,0.0,1105.0,0.0,1105.0,0.0,1105.0,0.0,1105.0,284.668,1105.0,0.0,1105.0,0.0,1105.0,0.0,1105.0,0.0,1105.0,0.1549565916595878,59.0,16.0,17.0,1072.0,2119.0,128.0,1133.0,206.627998,4.0,0.0,0.0,0.0,0.0,0.0,0.0,0.0,0.0,0.0,0.0,0.0,0.0,0.0,0.0,0.0,0.0,0.0,0.0,0.0,0.0,0.0,0.0,0.0,,2020-12-31 15:00:00,22542.958,6.261932777777777,4.7,7.833333333333333
P003,1.0,0.0,0.0,0.0,0.0,0.0,0.0,21.78333333333333,0.0,0.0,66.15494400000001,124.0,3011.557886,146.0,2088.1785128116608,990.0,151.449,990.0,2088.1785128116608,990.0,0.0,990.0,0.0,990.0,0.0,990.0,0.0,990.0,151.449,990.0,0.0,990.0,0.0,990.0,0.0,990.0,0.0,990.0,0.0580262059162403,17.0,5.0,4.0,981.0,2880.0,38.0,641.0,0.0,0.0,0.0,0.0,0.0,0.0,0.0,0.0,0.0,0.0,0.0,0.0,0.0,0.0,0.0,0.0,0.0,0.0,0.0,0.0,0.0,0.0,0.0,0.0,0.0,0.0,2020-12-31 16:00:00,22542.958,6.261932777777777,4.7,7.833333333333333
P003,1.0,0.0,0.0,0.0,0.0,0.0,0.0,27.883333333333333,0.0,0.0,101.359922,200.0,617.629902,258.0,7283.943323016167,3487.0,624.757,3487.0,7005.409958481789,3487.0,0.0,3487.0,0.0,3487.0,0.0,3487.0,0.0,3487.0,597.474,3487.0,0.0,3487.0,0.0,3487.0,0.0,3487.0,0.0,3487.0,0.0324637006122334,30.0,8.0,8.0,3471.0,600.0,61.0,2297.0,0.061999,1.0,0.0,0.0,0.0,0.0,0.0,0.0,0.0,0.0,1.0,0.0,0.0,0.0,0.0,1.0,500.0,0.0,0.0,0.0,0.0,0.0,0.0,0.0,0.0,0.0,2020-12-31 17:00:00,22542.958,6.261932777777777,4.7,7.833333333333333
P003,0.0,0.0,0.0,0.0,0.0,0.0,0.0,0.0,0.0,0.0,3.017954,94.0,2564.127969,125.0,1919.4204903841016,966.0,165.891,966.0,1919.4204903841016,966.0,0.0,966.0,0.0,966.0,0.0,966.0,0.0,966.0,165.891,966.0,0.0,966.0,0.0,966.0,0.0,966.0,0.0,966.0,0.0958243414260432,31.0,8.0,8.0,950.0,1980.0,24.0,760.0,0.0,0.0,0.0,0.0,0.0,0.0,0.0,0.0,0.0,0.0,0.0,0.0,0.0,0.0,0.0,0.0,0.0,0.0,0.0,0.0,0.0,0.0,0.0,0.0,,0.0,2020-12-31 18:00:00,22542.958,6.261932777777777,4.7,7.833333333333333
P003,1.0,0.0,0.0,0.0,0.0,0.0,0.0,42.98333333333333,0.0,0.0,0.218993,12.0,2986.821007,15.0,0.0,19.0,0.0,19.0,0.0,19.0,0.0,19.0,0.0,19.0,0.0,19.0,0.0,19.0,0.0,19.0,0.0,19.0,0.0,19.0,0.0,19.0,0.0,19.0,0.6605788876520756,6.0,2.0,2.0,15.0,431.0,2410.0,39.0,0.0,0.0,0.0,0.0,0.0,0.0,0.0,0.0,0.0,0.0,0.0,0.0,0.0,0.0,0.0,0.0,0.0,0.0,0.0,0.0,0.0,0.0,0.0,0.0,0.0,,2021-01-01 12:00:00,18508.938,5.141371666666666,4.983333333333333,7.566666666666666
P003,1.0,0.0,0.0,0.0,0.0,0.0,0.0,48.266666666666666,0.0,0.0,0.536989,26.0,2638.3299550000006,42.0,0.0,55.0,0.0,55.0,0.0,55.0,0.0,55.0,0.0,55.0,0.0,55.0,0.0,55.0,0.0,55.0,0.0,55.0,0.0,55.0,0.0,55.0,0.0,55.0,0.7099867883841618,23.0,6.0,7.0,42.0,2347.0,28.0,627.0,0.0,0.0,0.0,0.0,0.0,0.0,0.0,0.0,0.0,0.0,0.0,0.0,0.0,0.0,0.0,0.0,0.0,0.0,0.0,0.0,2.0,2.0,0.0,0.0,0.0,0.0,2021-01-01 13:00:00,18508.938,5.141371666666666,4.983333333333333,7.566666666666666
P003,1.0,0.0,0.0,0.0,0.0,0.0,0.0,37.66666666666666,0.763982,45.0,230.5469429999999,114.0,993.295889,221.0,6250.835871934891,2816.0,621.239,2816.0,6149.5214368104935,2816.0,0.0,2816.0,0.0,2816.0,0.0,2816.0,101.31443512439728,2816.0,609.355,2816.0,0.0,2816.0,0.0,2816.0,0.0,2816.0,11.884,2816.0,0.0588461675517265,46.0,13.0,13.0,2790.0,975.0,589.0,1498.0,0.0,0.0,0.0,0.0,0.0,0.0,0.0,0.0,0.0,0.0,0.0,0.0,0.0,0.0,0.0,0.0,0.0,0.0,0.0,4.0,4.0,8.0,0.0,0.0,,0.0,2021-01-01 14:00:00,18508.938,5.141371666666666,4.983333333333333,7.566666666666666
P003,1.0,0.0,0.0,0.0,0.0,0.0,0.0,20.98333333333333,0.0,0.0,5.602979999999999,55.0,1869.994972,80.0,282.92979753017426,212.0,47.682,212.0,282.92979753017426,212.0,0.0,212.0,0.0,212.0,0.0,212.0,0.0,212.0,47.682,212.0,0.0,212.0,0.0,212.0,0.0,212.0,0.0,212.0,0.2567533174062389,23.0,6.0,6.0,200.0,1852.0,22.0,436.0,0.029999,1.0,0.0,0.0,0.0,0.0,0.0,0.0,0.0,0.0,0.0,0.0,0.0,0.0,0.0,0.0,0.0,0.0,0.0,0.0,0.0,0.0,0.0,0.0,0.0,,2021-01-01 15:00:00,18508.938,5.141371666666666,4.983333333333333,7.566666666666666
P003,1.0,0.0,0.0,0.0,0.0,0.0,0.0,15.733333333333333,0.0,0.0,0.3129889999999999,19.0,0.5049819999999999,30.0,58.68058168888092,44.0,2.015,44.0,0.0,44.0,0.0,44.0,0.0,44.0,0.0,44.0,0.0,44.0,0.0,44.0,0.0,44.0,0.0,44.0,0.0,44.0,0.0,44.0,0.0,0.0,0.0,0.0,44.0,0.0,0.0,863.0,0.0,0.0,0.0,0.0,0.0,0.0,0.0,0.0,0.0,0.0,0.0,0.0,0.0,0.0,0.0,0.0,0.0,0.0,0.0,0.0,0.0,0.0,0.0,0.0,,0.0,2021-01-01 16:00:00,18508.938,5.141371666666666,4.983333333333333,7.566666666666666
P003,0.0,0.0,0.0,0.0,0.0,0.0,0.0,0.0,0.0,0.0,0.0,0.0,0.0,0.0,0.0,0.0,0.0,0.0,0.0,0.0,0.0,0.0,0.0,0.0,0.0,0.0,0.0,0.0,0.0,0.0,0.0,0.0,0.0,0.0,0.0,0.0,0.0,0.0,0.0,0.0,0.0,0.0,0.0,0.0,0.0,0.0,0.0,0.0,0.0,0.0,0.0,0.0,0.0,0.0,0.0,0.0,0.0,0.0,0.0,0.0,0.0,0.0,0.0,0.0,0.0,0.0,0.0,0.0,0.0,0.0,0.0,,2021-01-01 19:00:00,18508.938,5.141371666666666,4.983333333333333,7.566666666666666
P003,0.0,0.0,0.0,0.0,0.0,0.0,0.0,0.0,0.0,0.0,0.0,0.0,0.0,0.0,0.0,0.0,0.0,0.0,0.0,0.0,0.0,0.0,0.0,0.0,0.0,0.0,0.0,0.0,0.0,0.0,0.0,0.0,0.0,0.0,0.0,0.0,0.0,0.0,0.0,0.0,0.0,0.0,0.0,0.0,0.0,0.0,0.0,0.0,0.0,0.0,0.0,0.0,0.0,0.0,0.0,0.0,0.0,0.0,0.0,0.0,0.0,0.0,0.0,0.0,0.0,0.0,0.0,0.0,0.0,0.0,0.0,0.0,2021-01-01 20:00:00,18508.938,5.141371666666666,4.983333333333333,7.566666666666666
P003,0.0,0.0,0.0,0.0,0.0,0.0,0.0,0.0,0.0,0.0,0.0,0.0,0.0,0.0,0.0,0.0,0.0,0.0,0.0,0.0,0.0,0.0,0.0,0.0,0.0,0.0,0.0,0.0,0.0,0.0,0.0,0.0,0.0,0.0,0.0,0.0,0.0,0.0,0.0,0.0,0.0,0.0,0.0,0.0,0.0,0.0,0.0,0.0,0.0,0.0,0.0,0.0,0.0,0.0,0.0,0.0,0.0,0.0,0.0,0.0,0.0,0.0,0.0,0.0,0.0,0.0,0.0,0.0,0.0,0.0,,0.0,2021-01-01 21:00:00,18508.938,5.141371666666666,4.983333333333333,7.566666666666666
P003,1.0,0.0,0.0,0.0,0.0,0.0,0.0,0.0,0.0,0.0,0.475983,26.0,2281.317963,33.0,0.0,37.0,0.0,37.0,0.0,37.0,0.0,37.0,0.0,37.0,0.0,37.0,0.0,37.0,0.0,37.0,0.0,37.0,0.0,37.0,0.0,37.0,0.0,37.0,0.417476338302775,6.0,2.0,2.0,33.0,976.0,27.0,229.0,0.0,0.0,0.0,0.0,0.0,0.0,0.0,0.0,0.0,0.0,0.0,0.0,0.0,0.0,0.0,0.0,0.0,0.0,0.0,0.0,0.0,0.0,0.0,0.0,0.0,,2021-01-02 11:00:00,8215.462,2.2820727777777776,5.216666666666667,6.35
P003,0.0,0.0,0.0,0.0,0.0,0.0,0.0,0.0,0.0,0.0,3021.496,1.0,3021.496,1.0,0.0,1.0,0.0,1.0,0.0,1.0,0.0,1.0,0.0,1.0,0.0,1.0,0.0,1.0,0.0,1.0,0.0,1.0,0.0,1.0,0.0,1.0,0.0,1.0,0.0,0.0,0.0,0.0,1.0,0.0,0.0,1.0,0.0,0.0,0.0,0.0,0.0,0.0,0.0,0.0,0.0,0.0,0.0,0.0,0.0,0.0,0.0,0.0,0.0,0.0,0.0,0.0,0.0,0.0,0.0,0.0,0.0,0.0,2021-01-02 12:00:00,8215.462,2.2820727777777776,5.216666666666667,6.35
P003,1.0,0.0,0.0,0.0,0.0,0.0,0.0,3.883333333333333,0.0,0.0,2104.4409720000003,75.0,2386.6239710000004,94.0,2801.0396169424057,1153.0,192.881,1153.0,2801.0396169424057,1153.0,0.0,1153.0,0.0,1153.0,0.0,1153.0,0.0,1153.0,192.881,1153.0,0.0,1153.0,0.0,1153.0,0.0,1153.0,0.0,1153.0,0.0255168732868733,7.0,2.0,2.0,1149.0,280.0,9.0,481.0,0.0829979999999999,2.0,0.0,0.0,0.0,0.0,0.0,0.0,0.0,0.0,0.0,0.0,0.0,0.0,0.0,0.0,0.0,0.0,0.0,0.0,0.0,0.0,0.0,0.0,0.0,0.0,2021-01-02 13:00:00,8215.462,2.2820727777777776,5.216666666666667,6.35
P003,1.0,0.0,0.0,0.0,0.0,0.0,0.0,28.616666666666667,0.0,0.0,2.3959460000000004,126.0,1611.41293,167.0,12686.557396888731,5254.0,1174.476,5254.0,12420.261485815048,5254.0,0.0,5254.0,0.0,5254.0,0.0,5254.0,0.0,5254.0,1163.753,5254.0,0.0,5254.0,0.0,5254.0,0.0,5254.0,0.0,5254.0,0.0240191432049177,33.0,8.0,9.0,5237.0,1560.0,29.0,1972.0,0.0,0.0,0.0,0.0,0.0,0.0,0.0,0.0,0.0,0.0,0.0,0.0,0.0,0.0,0.0,0.0,0.0,0.0,0.0,0.0,0.0,0.0,0.0,0.0,,0.0,2021-01-02 14:00:00,8215.462,2.2820727777777776,5.216666666666667,6.35
P003,0.0,0.0,0.0,0.0,0.0,0.0,0.0,0.0,0.0,0.0,0.0,0.0,0.0,0.0,0.0,0.0,0.0,0.0,0.0,0.0,0.0,0.0,0.0,0.0,0.0,0.0,0.0,0.0,0.0,0.0,0.0,0.0,0.0,0.0,0.0,0.0,0.0,0.0,0.0,0.0,0.0,0.0,0.0,0.0,0.0,0.0,0.0,0.0,0.0,0.0,0.0,0.0,0.0,0.0,0.0,0.0,0.0,0.0,0.0,0.0,0.0,0.0,0.0,0.0,0.0,0.0,0.0,0.0,0.0,0.0,0.0,,2021-01-02 16:00:00,8215.462,2.2820727777777776,5.216666666666667,6.35
P003,1.0,0.0,0.0,0.0,0.0,0.0,0.0,23.85,0.0,0.0,0.748982,34.0,1757.447958,52.0,431.5829373598099,216.0,40.423,216.0,294.23255717754364,216.0,0.0,216.0,0.0,216.0,0.0,216.0,0.0,216.0,31.916,216.0,0.0,216.0,0.0,216.0,0.0,216.0,0.0,216.0,0.2195521581703006,17.0,5.0,5.0,206.0,657.0,10.0,1631.0,0.020999,2.0,0.0,0.0,0.0,0.0,0.0,0.0,0.0,0.0,0.0,0.0,0.0,0.0,0.0,0.0,0.0,0.0,0.0,0.0,0.0,0.0,0.0,0.0,,0.0,2021-01-02 17:00:00,8215.462,2.2820727777777776,5.216666666666667,6.35
P003,0.0,0.0,0.0,0.0,0.0,0.0,0.0,0.0,0.0,0.0,0.0,0.0,0.0,0.0,0.0,0.0,0.0,0.0,0.0,0.0,0.0,0.0,0.0,0.0,0.0,0.0,0.0,0.0,0.0,0.0,0.0,0.0,0.0,0.0,0.0,0.0,0.0,0.0,0.0,0.0,0.0,0.0,0.0,0.0,0.0,0.0,0.0,0.0,0.0,0.0,0.0,0.0,0.0,0.0,0.0,0.0,0.0,0.0,0.0,0.0,0.0,0.0,0.0,0.0,0.0,0.0,0.0,0.0,0.0,0.0,0.0,,2021-01-02 19:00:00,8215.462,2.2820727777777776,5.216666666666667,6.35
P003,0.0,0.0,0.0,0.0,0.0,0.0,0.0,0.0,0.0,0.0,0.0,0.0,0.0,0.0,0.0,0.0,0.0,0.0,0.0,0.0,0.0,0.0,0.0,0.0,0.0,0.0,0.0,0.0,0.0,0.0,0.0,0.0,0.0,0.0,0.0,0.0,0.0,0.0,0.0,0.0,0.0,0.0,0.0,0.0,0.0,0.0,0.0,0.0,0.0,0.0,0.0,0.0,0.0,0.0,0.0,0.0,0.0,0.0,0.0,0.0,0.0,0.0,0.0,0.0,0.0,0.0,0.0,0.0,0.0,0.0,,0.0,2021-01-02 20:00:00,8215.462,2.2820727777777776,5.216666666666667,6.35
P003,1.0,0.0,0.0,0.0,0.0,0.0,0.0,46.833333333333336,0.0,0.0,0.38699,26.0,1474.9190210000002,43.0,359.6801383495331,201.0,29.044,201.0,291.9786274433136,201.0,0.0,201.0,0.0,201.0,0.0,201.0,0.0,201.0,25.333,201.0,0.0,201.0,0.0,201.0,0.0,201.0,0.0,201.0,0.232267077804114,18.0,5.0,5.0,191.0,2657.0,38.0,685.0,0.0,0.0,0.0,0.0,0.0,0.0,0.0,0.0,0.0,0.0,0.0,0.0,0.0,0.0,0.0,0.0,0.0,0.0,0.0,0.0,0.0,0.0,0.0,0.0,1.0,,2021-01-03 10:00:00,16810.379,4.669549722222222,3.8166666666666655,6.15
P003,1.0,0.0,0.0,0.0,0.0,0.0,0.0,23.716666666666665,0.0,0.0,0.991981,53.0,6.33396,106.0,244.64627468585968,204.0,17.033,204.0,199.0549293756485,204.0,0.0,204.0,0.0,204.0,0.0,204.0,0.0,204.0,14.778,204.0,0.0,204.0,0.0,204.0,0.0,204.0,0.0,204.0,0.0860093032511079,4.0,2.0,1.0,201.0,1.0,2.0,553.0,0.177998,6.0,0.0,0.0,0.0,0.0,0.0,0.0,0.0,0.0,0.0,0.0,0.0,0.0,0.0,0.0,0.0,0.0,0.0,0.0,0.0,0.0,0.0,0.0,1.0,1.0,2021-01-03 11:00:00,16810.379,4.669549722222222,3.8166666666666655,6.15
P003,0.0,0.0,0.0,0.0,0.0,0.0,0.0,0.0,0.0,0.0,3467.307987,28.0,3467.3329870000007,29.0,7.0,39.0,25.343,39.0,7.0,39.0,0.0,39.0,0.0,39.0,0.0,39.0,0.0,39.0,25.343,39.0,0.0,39.0,0.0,39.0,0.0,39.0,0.0,39.0,0.1192469263962449,2.0,0.0,1.0,38.0,0.0,1.0,619.0,0.0,0.0,0.0,0.0,0.0,0.0,0.0,0.0,0.0,0.0,0.0,0.0,0.0,0.0,0.0,0.0,0.0,0.0,0.0,0.0,0.0,0.0,0.0,0.0,,1.0,2021-01-03 12:00:00,16810.379,4.669549722222222,3.8166666666666655,6.15
P003,1.0,0.0,0.0,0.0,0.0,0.0,0.0,38.56666666666667,0.2039969999999999,8.0,4.567936,162.0,479.890923,222.0,2930.47743844986,1373.0,284.244,1373.0,2675.027699828148,1373.0,0.0,1373.0,0.0,1373.0,0.0,1373.0,68.61403965950012,1373.0,264.028,1373.0,0.0,1373.0,0.0,1373.0,0.0,1373.0,5.497,1373.0,0.0219377950308069,8.0,2.0,2.0,1369.0,472.0,8.0,3120.0,0.0,0.0,0.0,0.0,0.0,0.0,0.0,0.0,0.0,0.0,0.0,0.0,0.0,0.0,0.0,0.0,0.0,0.0,0.0,0.0,0.0,0.0,0.0,0.0,1.0,,2021-01-03 13:00:00,16810.379,4.669549722222222,3.8166666666666655,6.15
P003,1.0,0.0,0.0,0.0,0.0,0.0,0.0,0.0,0.0,0.0,0.152994,7.0,597.002958,39.0,130.96683990955353,89.0,7.896,89.0,130.96683990955353,89.0,0.0,89.0,0.0,89.0,0.0,89.0,0.0,89.0,7.896,89.0,0.0,89.0,0.0,89.0,0.0,89.0,0.0,89.0,0.1688592704184144,5.0,2.0,1.0,86.0,594.0,3.0,1095.0,0.0,0.0,0.0,0.0,0.0,0.0,0.0,0.0,0.0,0.0,0.0,0.0,0.0,0.0,0.0,0.0,0.0,0.0,0.0,0.0,0.0,0.0,0.0,0.0,,1.0,2021-01-03 14:00:00,16810.379,4.669549722222222,3.8166666666666655,6.15
P003,0.0,0.0,0.0,0.0,0.0,0.0,0.0,0.0,0.0,0.0,0.0,0.0,2375.4719979999995,7.0,0.0,13.0,0.0,13.0,0.0,13.0,0.0,13.0,0.0,13.0,0.0,13.0,0.0,13.0,0.0,13.0,0.0,13.0,0.0,13.0,0.0,13.0,0.0,13.0,1.0100997593541636,8.0,3.0,3.0,7.0,3.0,10.0,50.0,0.0,0.0,0.0,0.0,0.0,0.0,0.0,0.0,0.0,0.0,0.0,0.0,0.0,0.0,0.0,0.0,0.0,0.0,0.0,0.0,0.0,0.0,0.0,0.0,0.0,,2021-01-03 15:00:00,16810.379,4.669549722222222,3.8166666666666655,6.15
P003,1.0,0.0,0.0,0.0,0.0,0.0,0.0,0.0,0.0,0.0,0.0,0.0,3285.865,1.0,0.0,3.0,0.0,3.0,0.0,3.0,0.0,3.0,0.0,3.0,0.0,3.0,0.0,3.0,0.0,3.0,0.0,3.0,0.0,3.0,0.0,3.0,0.0,3.0,1.0986122886681096,2.0,1.0,1.0,1.0,0.0,4.0,2.0,0.0,0.0,0.0,0.0,0.0,0.0,0.0,0.0,0.0,0.0,0.0,0.0,0.0,0.0,0.0,0.0,0.0,0.0,0.0,0.0,0.0,0.0,0.0,0.0,0.0,0.0,2021-01-03 16:00:00,16810.379,4.669549722222222,3.8166666666666655,6.15
P003,1.0,0.0,0.0,0.0,0.0,0.0,0.0,0.0,0.0,0.0,0.740975,41.0,2937.126974,47.0,0.0,51.0,0.0,51.0,0.0,51.0,0.0,51.0,0.0,51.0,0.0,51.0,0.0,51.0,0.0,51.0,0.0,51.0,0.0,51.0,0.0,51.0,0.0,51.0,0.3292859071829035,7.0,2.0,2.0,47.0,165.0,6.0,252.0,0.0,0.0,0.0,0.0,0.0,0.0,0.0,0.0,0.0,0.0,0.0,0.0,0.0,0.0,0.0,0.0,0.0,0.0,0.0,0.0,0.0,0.0,0.0,0.0,1.0,0.0,2021-01-03 17:00:00,16810.379,4.669549722222222,3.8166666666666655,6.15
P003,0.0,0.0,0.0,0.0,0.0,0.0,0.0,0.0,0.0,0.0,0.070999,4.0,1841.989989,10.0,0.0,14.0,0.0,14.0,0.0,14.0,0.0,14.0,0.0,14.0,0.0,14.0,0.0,14.0,0.0,14.0,0.0,14.0,0.0,14.0,0.0,14.0,0.0,14.0,0.796311640173813,6.0,2.0,2.0,10.0,1298.0,8.0,276.0,0.0,0.0,0.0,0.0,0.0,0.0,0.0,0.0,0.0,0.0,0.0,0.0,0.0,0.0,0.0,0.0,0.0,0.0,0.0,0.0,0.0,0.0,0.0,0.0,,1.0,2021-01-03 18:00:00,16810.379,4.669549722222222,3.8166666666666655,6.15
P003,0.0,0.0,0.0,0.0,0.0,0.0,0.0,0.0,0.0,0.0,1680.999975,6.0,2949.153974,9.0,0.0,11.0,0.0,11.0,0.0,11.0,0.0,11.0,0.0,11.0,0.0,11.0,0.0,11.0,0.0,11.0,0.0,11.0,0.0,11.0,0.0,11.0,0.0,11.0,0.6001660731596457,4.0,1.0,1.0,9.0,1680.0,2.0,47.0,0.0,0.0,0.0,0.0,0.0,0.0,0.0,0.0,0.0,0.0,0.0,0.0,0.0,0.0,0.0,0.0,0.0,0.0,0.0,0.0,0.0,0.0,0.0,0.0,0.0,,2021-01-04 12:00:00,24476.397,6.7989991666666665,3.1666666666666665,6.566666666666666
P003,0.0,0.0,0.0,0.0,0.0,0.0,0.0,0.0,0.0,0.0,1782.448,1.0,1782.448,1.0,0.0,3.0,0.0,3.0,0.0,3.0,0.0,3.0,0.0,3.0,0.0,3.0,0.0,3.0,0.0,3.0,0.0,3.0,0.0,3.0,0.0,3.0,0.0,3.0,1.0986122886681096,2.0,1.0,1.0,1.0,0.0,8.0,1.0,0.0,0.0,0.0,0.0,0.0,0.0,0.0,0.0,0.0,0.0,0.0,0.0,0.0,0.0,0.0,0.0,0.0,0.0,0.0,0.0,0.0,0.0,0.0,0.0,1.0,0.0,2021-01-04 13:00:00,24476.397,6.7989991666666665,3.1666666666666665,6.566666666666666
P003,1.0,0.0,0.0,0.0,0.0,0.0,0.0,0.0,0.0,0.0,1092.3759799999996,44.0,2657.392964,56.0,523.2358701229095,268.0,46.987,268.0,523.2358701229095,268.0,0.0,268.0,0.0,268.0,0.0,268.0,0.0,268.0,46.987,268.0,0.0,268.0,0.0,268.0,0.0,268.0,0.0,268.0,0.1700510290674599,15.0,5.0,4.0,259.0,1957.0,9.0,376.0,0.0,0.0,0.0,0.0,0.0,0.0,0.0,0.0,0.0,0.0,0.0,0.0,0.0,0.0,0.0,0.0,0.0,0.0,0.0,0.0,0.0,0.0,0.0,0.0,,1.0,2021-01-04 14:00:00,24476.397,6.7989991666666665,3.1666666666666665,6.566666666666666
P003,0.0,0.0,0.0,0.0,0.0,0.0,0.0,0.0,0.0,0.0,20.508948,99.0,394.54493,144.0,212.89431941509247,244.0,15.761,244.0,176.43432712554932,244.0,0.0,244.0,0.0,244.0,0.0,244.0,0.0,244.0,13.35,244.0,0.0,244.0,0.0,244.0,0.0,244.0,0.0,244.0,0.02661932885159,2.0,0.0,1.0,243.0,0.0,4.0,3133.0,0.016,2.0,0.0,0.0,0.0,0.0,0.0,0.0,0.0,0.0,0.0,0.0,0.0,0.0,0.0,0.0,0.0,0.0,0.0,0.0,0.0,0.0,0.0,0.0,0.0,,2021-01-04 15:00:00,24476.397,6.7989991666666665,3.1666666666666665,6.566666666666666
P003,0.0,0.0,0.0,0.0,0.0,0.0,0.0,0.0,0.056999,2.0,24.486888,286.0,25.11787,324.0,4388.698105096817,2145.0,338.011,2145.0,4124.340287566185,2145.0,0.0,2145.0,0.0,2145.0,0.0,2145.0,0.0,2145.0,328.683,2145.0,0.0,2145.0,0.0,2145.0,0.0,2145.0,0.0,2145.0,0.0,0.0,0.0,0.0,2145.0,0.0,0.0,3141.0,0.0,0.0,0.0,0.0,0.0,0.0,0.0,0.0,0.0,0.0,0.0,0.0,0.0,0.0,0.0,0.0,0.0,0.0,0.0,0.0,0.0,0.0,0.0,0.0,,0.0,2021-01-04 16:00:00,24476.397,6.7989991666666665,3.1666666666666665,6.566666666666666
P003,0.0,0.0,0.0,0.0,0.0,0.0,0.0,0.0,0.0,0.0,0.222993,14.0,2328.735035,27.0,97.60589838027954,66.0,8.415,66.0,0.0,66.0,0.0,66.0,0.0,66.0,0.0,66.0,0.0,66.0,0.0,66.0,0.0,66.0,0.0,66.0,0.0,66.0,0.0,66.0,0.2138398613629944,5.0,2.0,1.0,63.0,2327.0,1.0,665.0,0.0,0.0,0.0,0.0,0.0,0.0,0.0,0.0,0.0,0.0,0.0,0.0,0.0,0.0,0.0,0.0,0.0,0.0,0.0,0.0,0.0,0.0,0.0,0.0,0.0,,2021-01-04 17:00:00,24476.397,6.7989991666666665,3.1666666666666665,6.566666666666666
P003,0.0,0.0,0.0,0.0,0.0,0.0,0.0,0.0,0.0,0.0,279.763993,37.0,2953.531981,49.0,14.142135620117188,60.0,1.984,60.0,0.0,60.0,0.0,60.0,0.0,60.0,0.0,60.0,0.0,60.0,0.0,60.0,0.0,60.0,0.0,60.0,0.0,60.0,0.0,60.0,0.4850940913022115,15.0,4.0,4.0,52.0,1571.0,77.0,338.0,0.0,0.0,0.0,0.0,0.0,0.0,0.0,0.0,0.0,0.0,0.0,0.0,0.0,0.0,0.0,0.0,0.0,0.0,0.0,0.0,0.0,0.0,0.0,0.0,0.0,0.0,2021-01-04 18:00:00,24476.397,6.7989991666666665,3.1666666666666665,6.566666666666666
P003,0.0,0.0,0.0,0.0,0.0,0.0,0.0,0.0,0.0,0.0,0.0,0.0,0.0,0.0,0.0,0.0,0.0,0.0,0.0,0.0,0.0,0.0,0.0,0.0,0.0,0.0,0.0,0.0,0.0,0.0,0.0,0.0,0.0,0.0,0.0,0.0,0.0,0.0,0.0,0.0,0.0,0.0,0.0,0.0,0.0,0.0,0.0,0.0,0.0,0.0,0.0,0.0,0.0,0.0,0.0,0.0,0.0,0.0,0.0,0.0,0.0,0.0,0.0,0.0,0.0,0.0,0.0,0.0,0.0,0.0,,0.0,2021-01-04 19:00:00,24476.397,6.7989991666666665,3.1666666666666665,6.566666666666666
P003,1.0,0.0,0.0,0.0,0.0,0.0,0.0,45.41666666666666,0.0,0.0,15.187967999999996,78.0,636.2559420000001,115.0,256.85782730579376,204.0,16.587,204.0,0.0,204.0,0.0,204.0,0.0,204.0,0.0,204.0,0.0,204.0,0.0,204.0,0.0,204.0,0.0,204.0,0.0,204.0,0.0,204.0,0.2644914396281835,19.0,6.0,6.0,192.0,1648.0,589.0,961.0,0.0,0.0,0.0,0.0,0.0,0.0,0.0,0.0,0.0,0.0,0.0,0.0,0.0,0.0,0.0,0.0,0.0,0.0,0.0,0.0,0.0,0.0,0.0,0.0,1.0,,2021-01-05 10:00:00,26251.838,7.2921772222222225,3.583333333333333,7.233333333333333
P003,1.0,0.0,0.0,0.0,0.0,0.0,0.0,32.8,0.234999,4.0,0.057996,5.0,0.426991,17.0,222.4310518503189,85.0,22.411,85.0,21.648385405540463,85.0,0.0,85.0,0.0,85.0,0.0,85.0,200.78266644477844,85.0,5.963,85.0,0.0,85.0,0.0,85.0,0.0,85.0,16.448,85.0,0.2633069976546135,5.0,3.0,2.0,80.0,948.0,280.0,805.0,0.0,0.0,0.0,0.0,0.0,0.0,0.0,0.0,0.0,0.0,0.0,0.0,0.0,0.0,0.0,0.0,0.0,0.0,0.0,0.0,0.0,0.0,0.0,0.0,0.0,1.0,2021-01-05 11:00:00,26251.838,7.2921772222222225,3.583333333333333,7.233333333333333
P003,1.0,0.0,0.0,0.0,0.0,0.0,0.0,32.36666666666667,0.0,0.0,0.6629769999999999,39.0,2628.721976,43.0,432.6941108703613,209.0,26.705,209.0,432.6941108703613,209.0,0.0,209.0,0.0,209.0,0.0,209.0,0.0,209.0,26.705,209.0,0.0,209.0,0.0,209.0,0.0,209.0,0.0,209.0,0.1079340871532633,6.0,2.0,2.0,205.0,6.0,18.0,445.0,0.0,0.0,0.0,0.0,0.0,0.0,0.0,0.0,0.0,0.0,0.0,0.0,0.0,0.0,0.0,0.0,0.0,0.0,0.0,0.0,0.0,0.0,0.0,0.0,,0.0,2021-01-05 12:00:00,26251.838,7.2921772222222225,3.583333333333333,7.233333333333333
P003,0.0,0.0,0.0,0.0,0.0,0.0,0.0,0.0,0.0,0.0,1420.295997,2.0,1420.295997,2.0,0.0,2.0,0.0,2.0,0.0,2.0,0.0,2.0,0.0,2.0,0.0,2.0,0.0,2.0,0.0,2.0,0.0,2.0,0.0,2.0,0.0,2.0,0.0,2.0,0.0,0.0,0.0,0.0,2.0,0.0,0.0,207.0,0.0,0.0,0.0,0.0,0.0,0.0,0.0,0.0,0.0,0.0,0.0,0.0,0.0,0.0,0.0,0.0,0.0,0.0,0.0,0.0,2.0,2.0,0.0,0.0,0.0,,2021-01-05 13:00:00,26251.838,7.2921772222222225,3.583333333333333,7.233333333333333
P003,0.0,0.0,0.0,0.0,0.0,0.0,0.0,0.0,0.0,0.0,0.0,0.0,0.0,0.0,0.0,0.0,0.0,0.0,0.0,0.0,0.0,0.0,0.0,0.0,0.0,0.0,0.0,0.0,0.0,0.0,0.0,0.0,0.0,0.0,0.0,0.0,0.0,0.0,0.0,0.0,0.0,0.0,0.0,0.0,0.0,0.0,0.0,0.0,0.0,0.0,0.0,0.0,0.0,0.0,0.0,0.0,0.0,0.0,0.0,0.0,0.0,0.0,0.0,0.0,0.0,0.0,0.0,0.0,0.0,0.0,,0.0,2021-01-05 14:00:00,26251.838,7.2921772222222225,3.583333333333333,7.233333333333333
P003,0.0,0.0,0.0,0.0,0.0,0.0,0.0,0.0,0.048,1.0,1541.6509880000003,37.0,2531.877973,49.0,137.37445032596588,98.0,15.136,98.0,96.60846590995789,98.0,0.0,98.0,0.0,98.0,0.0,98.0,0.0,98.0,13.226,98.0,0.0,98.0,0.0,98.0,0.0,98.0,0.0,98.0,0.2727611233591395,11.0,3.0,3.0,92.0,988.0,5.0,217.0,0.0,0.0,0.0,0.0,0.0,0.0,0.0,0.0,0.0,0.0,0.0,0.0,0.0,0.0,0.0,0.0,0.0,0.0,0.0,0.0,0.0,0.0,0.0,0.0,0.0,,2021-01-05 15:00:00,26251.838,7.2921772222222225,3.583333333333333,7.233333333333333
P003,0.0,0.0,0.0,0.0,0.0,0.0,0.0,0.0,0.0,0.0,0.417988,26.0,3378.664016,30.0,0.0,34.0,0.0,34.0,0.0,34.0,0.0,34.0,0.0,34.0,0.0,34.0,0.0,34.0,0.0,34.0,0.0,34.0,0.0,34.0,0.0,34.0,0.0,34.0,0.4437572842601484,7.0,2.0,2.0,30.0,890.0,4.0,73.0,0.0,0.0,0.0,0.0,0.0,0.0,0.0,0.0,0.0,0.0,0.0,0.0,0.0,0.0,0.0,0.0,0.0,0.0,0.0,0.0,0.0,0.0,0.0,0.0,,0.0,2021-01-05 16:00:00,26251.838,7.2921772222222225,3.583333333333333,7.233333333333333
P003,0.0,0.0,0.0,0.0,0.0,0.0,0.0,0.0,0.0,0.0,0.3889910000000001,20.0,1496.9219919999998,34.0,0.0,38.0,0.0,38.0,0.0,38.0,0.0,38.0,0.0,38.0,0.0,38.0,0.0,38.0,0.0,38.0,0.0,38.0,0.0,38.0,0.0,38.0,0.0,38.0,0.4094586186950892,7.0,2.0,2.0,34.0,545.0,5.0,232.0,0.0,0.0,0.0,0.0,0.0,0.0,0.0,0.0,0.0,0.0,0.0,0.0,0.0,0.0,0.0,0.0,0.0,0.0,0.0,0.0,0.0,0.0,0.0,0.0,0.0,,2021-01-05 17:00:00,26251.838,7.2921772222222225,3.583333333333333,7.233333333333333
P003,0.0,0.0,0.0,0.0,0.0,0.0,0.0,0.0,0.0,0.0,1.401998,4.0,2305.067012,27.0,108.39171087741852,82.0,6.541,82.0,0.0,82.0,0.0,82.0,0.0,82.0,0.0,82.0,0.0,82.0,0.0,82.0,0.0,82.0,0.0,82.0,0.0,82.0,0.0,82.0,0.517746313432646,22.0,6.0,6.0,70.0,1851.0,136.0,815.0,0.0,0.0,0.0,0.0,0.0,0.0,0.0,0.0,0.0,0.0,0.0,0.0,0.0,0.0,0.0,0.0,0.0,0.0,0.0,0.0,0.0,0.0,0.0,0.0,0.0,0.0,2021-01-05 18:00:00,26251.838,7.2921772222222225,3.583333333333333,7.233333333333333
P003,0.0,0.0,0.0,0.0,0.0,0.0,0.0,0.0,0.0,0.0,0.0,0.0,0.0,0.0,0.0,0.0,0.0,0.0,0.0,0.0,0.0,0.0,0.0,0.0,0.0,0.0,0.0,0.0,0.0,0.0,0.0,0.0,0.0,0.0,0.0,0.0,0.0,0.0,0.0,0.0,0.0,0.0,0.0,0.0,0.0,0.0,0.0,0.0,0.0,0.0,0.0,0.0,0.0,0.0,0.0,0.0,0.0,0.0,0.0,0.0,0.0,0.0,0.0,0.0,0.0,0.0,0.0,0.0,0.0,0.0,0.0,0.0,2021-01-05 19:00:00,26251.838,7.2921772222222225,3.583333333333333,7.233333333333333
P003,0.0,0.0,0.0,0.0,0.0,0.0,0.0,0.0,0.0,0.0,0.0,0.0,0.0,0.0,0.0,0.0,0.0,0.0,0.0,0.0,0.0,0.0,0.0,0.0,0.0,0.0,0.0,0.0,0.0,0.0,0.0,0.0,0.0,0.0,0.0,0.0,0.0,0.0,0.0,0.0,0.0,0.0,0.0,0.0,0.0,0.0,0.0,0.0,0.0,0.0,0.0,0.0,0.0,0.0,0.0,0.0,0.0,0.0,0.0,0.0,0.0,0.0,0.0,0.0,0.0,0.0,0.0,0.0,0.0,0.0,,0.0,2021-01-05 20:00:00,26251.838,7.2921772222222225,3.583333333333333,7.233333333333333
P004,1.0,0.0,0.0,0.0,0.0,0.0,0.0,0.0,0.0,0.0,100.250995,10.0,1504.7880260000002,15.0,0.0,26.0,0.0,26.0,0.0,26.0,0.0,26.0,0.0,26.0,0.0,26.0,0.0,26.0,0.0,26.0,0.0,26.0,0.0,26.0,0.0,26.0,0.0,26.0,0.9727696382494828,14.0,6.0,5.0,15.0,1481.0,20.0,995.0,0.0,0.0,0.0,0.0,0.0,0.0,0.0,0.0,0.0,0.0,0.0,0.0,0.0,0.0,0.0,0.0,0.0,0.0,0.0,0.0,0.0,0.0,0.0,0.0,1.0,,2020-12-07 12:00:00,,,,
P004,0.0,0.0,0.0,0.0,0.0,0.0,0.0,0.0,0.0,0.0,0.0,0.0,0.0,0.0,0.0,0.0,0.0,0.0,0.0,0.0,0.0,0.0,0.0,0.0,0.0,0.0,0.0,0.0,0.0,0.0,0.0,0.0,0.0,0.0,0.0,0.0,0.0,0.0,0.0,0.0,0.0,0.0,0.0,0.0,0.0,0.0,0.0,0.0,0.0,0.0,0.0,0.0,0.0,0.0,0.0,0.0,0.0,0.0,0.0,0.0,0.0,0.0,0.0,0.0,0.0,0.0,0.0,0.0,0.0,0.0,0.0,1.0,2020-12-07 13:00:00,,,,
P004,1.0,0.0,0.0,0.0,0.0,0.0,0.0,0.0,0.0,0.0,53.022992,10.0,3531.088991,12.0,0.0,22.0,0.0,22.0,0.0,22.0,0.0,22.0,0.0,22.0,0.0,22.0,0.0,22.0,0.0,22.0,0.0,22.0,0.0,22.0,0.0,22.0,0.0,22.0,1.0040761387311792,12.0,5.0,5.0,12.0,1892.0,12.0,55.0,0.0,0.0,0.0,0.0,0.0,0.0,0.0,0.0,0.0,0.0,3.0,0.0,0.0,1179.0,0.0,1.0,581.0,2.0,49.0,0.0,0.0,0.0,0.0,0.0,,0.0,2020-12-07 14:00:00,,,,
P004,1.0,0.0,56.38333333333333,0.0,0.0,0.0,0.0,0.0,0.0,0.0,3541.561023,4.0,3541.561023,4.0,0.0,9.0,0.0,9.0,0.0,9.0,0.0,9.0,0.0,9.0,0.0,9.0,0.0,9.0,0.0,9.0,0.0,9.0,0.0,9.0,0.0,9.0,0.0,9.0,1.0608569471580214,6.0,2.0,3.0,4.0,772.0,5.0,50.0,0.0,0.0,0.0,0.0,0.0,0.0,0.0,0.0,0.0,0.0,1.0,1.0,0.0,110.0,0.0,0.0,0.0,1.0,106.0,0.0,0.0,0.0,0.0,0.0,1.0,,2020-12-07 15:00:00,,,,
P004,3.0,18.766666666666666,3.0166666666666666,0.0,0.0,0.0,0.0,21.7,0.0589979999999999,4.0,86.46799200000001,12.0,2702.296915,97.0,0.0,105.0,0.0,105.0,0.0,105.0,0.0,105.0,0.0,105.0,0.0,105.0,0.0,105.0,0.0,105.0,0.0,105.0,0.0,105.0,0.0,105.0,0.0,105.0,0.3221763520262161,13.0,4.0,4.0,97.0,2672.0,28.0,734.0,0.134,3.0,0.0,0.0,0.0,0.0,0.0,0.0,0.0,2.0,2.0,2.0,321.0,106.0,1634.0,0.0,0.0,0.0,0.0,0.0,1.0,1.0,2.0,1996.0,0.0,1.0,2020-12-07 16:00:00,,,,
P004,0.0,0.0,0.0,0.0,0.0,0.0,0.0,0.0,0.0,0.0,0.0,0.0,0.108998,5.0,0.0,8.0,0.0,8.0,0.0,8.0,0.0,8.0,0.0,8.0,0.0,8.0,0.0,8.0,0.0,8.0,0.0,8.0,0.0,8.0,0.0,8.0,0.0,8.0,0.9002560512685369,3.0,2.0,1.0,5.0,4.0,6.0,685.0,0.052,2.0,0.0,0.0,0.0,0.0,0.0,0.0,0.0,0.0,0.0,0.0,0.0,0.0,0.0,0.0,0.0,0.0,0.0,0.0,0.0,0.0,0.0,0.0,1.0,0.0,2020-12-07 17:00:00,,,,
P004,0.0,0.0,0.0,0.0,0.0,0.0,0.0,0.0,0.0,0.0,0.0,0.0,0.0,0.0,0.0,2.0,0.0,2.0,0.0,2.0,0.0,2.0,0.0,2.0,0.0,2.0,0.0,2.0,0.0,2.0,0.0,2.0,0.0,2.0,0.0,2.0,0.0,2.0,0.6931471805599453,1.0,1.0,1.0,0.0,0.0,7.0,0.0,0.0,0.0,0.0,0.0,0.0,0.0,0.0,0.0,0.0,0.0,0.0,0.0,0.0,0.0,0.0,0.0,0.0,0.0,0.0,0.0,0.0,0.0,0.0,0.0,,1.0,2020-12-07 18:00:00,,,,
P004,0.0,0.0,0.0,0.0,0.0,0.0,0.0,0.0,0.0,0.0,0.0,0.0,0.0,0.0,0.0,0.0,0.0,0.0,0.0,0.0,0.0,0.0,0.0,0.0,0.0,0.0,0.0,0.0,0.0,0.0,0.0,0.0,0.0,0.0,0.0,0.0,0.0,0.0,0.0,0.0,0.0,0.0,0.0,0.0,0.0,0.0,0.0,0.0,0.0,0.0,0.0,0.0,0.0,0.0,0.0,0.0,0.0,0.0,0.0,0.0,0.0,0.0,0.0,0.0,0.0,0.0,0.0,0.0,0.0,0.0,1.0,,2020-12-07 20:00:00,,,,
P004,0.0,0.0,0.0,0.0,0.0,0.0,0.0,0.0,0.0,0.0,0.0,0.0,0.0,0.0,0.0,2.0,0.0,2.0,0.0,2.0,0.0,2.0,0.0,2.0,0.0,2.0,0.0,2.0,0.0,2.0,0.0,2.0,0.0,2.0,0.0,2.0,0.0,2.0,0.6931471805599453,1.0,1.0,1.0,0.0,0.0,6.0,0.0,0.0,0.0,0.0,0.0,0.0,0.0,0.0,0.0,0.0,0.0,0.0,0.0,0.0,0.0,0.0,0.0,0.0,0.0,0.0,0.0,0.0,0.0,0.0,0.0,,1.0,2020-12-07 21:00:00,,,,
P004,3.0,6.45,23.08333333333333,25.416666666666668,0.0,0.0,0.0,0.0,0.0,0.0,1803.016994,22.0,1814.500992,32.0,0.0,50.0,0.0,50.0,0.0,50.0,0.0,50.0,0.0,50.0,0.0,50.0,0.0,50.0,0.0,50.0,0.0,50.0,0.0,50.0,0.0,50.0,0.0,50.0,0.902951179795282,22.0,9.0,9.0,32.0,2822.0,90.0,663.0,0.0,0.0,0.0,0.0,0.0,0.0,0.0,0.0,0.0,0.0,5.0,4.0,0.0,2283.0,1075.0,0.0,0.0,0.0,0.0,0.0,2.0,2.0,0.0,0.0,0.0,,2020-12-08 09:00:00,,,,
P004,4.0,16.716666666666665,0.0,35.333333333333336,0.0,0.0,0.0,0.0,0.0,0.0,0.045999,3.0,2064.6890090000006,22.0,0.0,46.0,0.0,46.0,0.0,46.0,0.0,46.0,0.0,46.0,0.0,46.0,0.0,46.0,0.0,46.0,0.0,46.0,0.0,46.0,0.0,46.0,0.0,46.0,1.053843710210944,27.0,12.0,12.0,22.0,2578.0,357.0,260.0,0.0,0.0,0.0,0.0,0.0,0.0,0.0,0.0,0.0,0.0,2.0,5.0,0.0,629.0,824.0,6.0,2037.0,1.0,31.0,0.0,0.0,0.0,0.0,0.0,0.0,0.0,2020-12-08 10:00:00,,,,
P004,3.0,8.016666666666667,14.583333333333334,13.85,0.0,0.0,0.0,0.0,0.0,0.0,307.370004,11.0,1989.7750080000003,23.0,0.0,37.0,0.0,37.0,0.0,37.0,0.0,37.0,0.0,37.0,0.0,37.0,0.0,37.0,0.0,37.0,0.0,37.0,0.0,37.0,0.0,37.0,0.0,37.0,0.9255365868835534,17.0,7.0,7.0,23.0,2189.0,30.0,511.0,0.0,0.0,0.0,0.0,0.0,0.0,0.0,0.0,0.0,1.0,2.0,3.0,407.0,173.0,209.0,1.0,138.0,0.0,0.0,0.0,0.0,0.0,0.0,0.0,0.0,0.0,2020-12-08 11:00:00,,,,
P004,4.0,2.15,3.0,19.383333333333333,0.0,0.0,0.0,13.116666666666667,0.0,0.0,2734.157951,2.0,2980.851955,7.0,0.0,23.0,0.0,23.0,0.0,23.0,0.0,23.0,0.0,23.0,0.0,23.0,0.0,23.0,0.0,23.0,0.0,23.0,0.0,23.0,0.0,23.0,0.0,23.0,1.096692663308951,17.0,8.0,8.0,7.0,2492.0,86.0,460.0,0.0,0.0,0.0,0.0,0.0,0.0,0.0,0.0,0.0,3.0,3.0,4.0,1044.0,689.0,278.0,1.0,281.0,0.0,0.0,0.0,0.0,0.0,0.0,0.0,1.0,0.0,2020-12-08 12:00:00,,,,
P004,1.0,0.0,32.733333333333334,0.0,0.0,0.0,0.0,0.0,0.0,0.0,376.98300100000006,32.0,1322.5989860000002,69.0,0.0,86.0,0.0,86.0,0.0,86.0,0.0,86.0,0.0,86.0,0.0,86.0,0.0,86.0,0.0,86.0,0.0,86.0,0.0,86.0,0.0,86.0,0.0,86.0,0.6338368038503036,27.0,8.0,9.0,69.0,703.0,72.0,2272.0,0.0,0.0,0.0,0.0,0.0,0.0,0.0,0.0,0.0,0.0,1.0,1.0,0.0,0.0,67.0,0.0,0.0,0.0,0.0,0.0,0.0,0.0,0.0,0.0,,1.0,2020-12-08 13:00:00,,,,
P004,3.0,3.0166666666666666,26.9,0.0,0.0,0.0,0.0,6.95,0.0,0.0,577.057003,17.0,2237.499984,58.0,0.0,82.0,0.0,82.0,0.0,82.0,0.0,82.0,0.0,82.0,0.0,82.0,0.0,82.0,0.0,82.0,0.0,82.0,0.0,82.0,0.0,82.0,0.0,82.0,0.8074088301105418,32.0,12.0,12.0,58.0,1422.0,39.0,717.0,0.0,0.0,0.0,0.0,0.0,0.0,0.0,0.0,0.0,1.0,2.0,3.0,394.0,94.0,431.0,0.0,0.0,0.0,0.0,0.0,0.0,0.0,0.0,0.0,1.0,,2020-12-08 15:00:00,,,,
P004,1.0,0.0,0.0,0.0,0.0,0.0,0.0,29.7,0.0,0.0,16.239997,10.0,16.761988999999996,26.0,0.0,32.0,0.0,32.0,0.0,32.0,0.0,32.0,0.0,32.0,0.0,32.0,0.0,32.0,0.0,32.0,0.0,32.0,0.0,32.0,0.0,32.0,0.0,32.0,0.6125426615320018,6.0,3.0,3.0,26.0,7.0,13.0,1750.0,0.0,0.0,0.0,0.0,0.0,0.0,0.0,0.0,0.0,0.0,0.0,0.0,0.0,0.0,0.0,0.0,0.0,0.0,0.0,0.0,0.0,0.0,0.0,0.0,,1.0,2020-12-08 16:00:00,,,,
P004,1.0,0.0,0.0,0.0,0.0,0.0,0.0,0.0,0.0,0.0,0.0,0.0,0.0,0.0,0.0,0.0,0.0,0.0,0.0,0.0,0.0,0.0,0.0,0.0,0.0,0.0,0.0,0.0,0.0,0.0,0.0,0.0,0.0,0.0,0.0,0.0,0.0,0.0,0.0,0.0,0.0,0.0,0.0,0.0,0.0,0.0,0.0,0.0,0.0,0.0,0.0,0.0,0.0,0.0,0.0,0.0,0.0,0.0,0.0,0.0,0.0,0.0,0.0,0.0,0.0,0.0,0.0,0.0,0.0,0.0,1.0,,2020-12-08 18:00:00,,,,
P004,0.0,0.0,0.0,0.0,0.0,0.0,0.0,0.0,0.0,0.0,0.0,0.0,0.0,0.0,0.0,0.0,0.0,0.0,0.0,0.0,0.0,0.0,0.0,0.0,0.0,0.0,0.0,0.0,0.0,0.0,0.0,0.0,0.0,0.0,0.0,0.0,0.0,0.0,0.0,0.0,0.0,0.0,0.0,0.0,0.0,0.0,0.0,0.0,0.0,0.0,0.0,0.0,0.0,0.0,0.0,0.0,0.0,0.0,0.0,0.0,0.0,0.0,0.0,0.0,0.0,0.0,0.0,0.0,0.0,0.0,,1.0,2020-12-08 19:00:00,,,,
P004,1.0,0.0,0.0,0.0,0.0,0.0,0.0,11.583333333333334,0.0,0.0,0.259991,18.0,3263.2440210000004,30.0,0.0,41.0,0.0,41.0,0.0,41.0,0.0,41.0,0.0,41.0,0.0,41.0,0.0,41.0,0.0,41.0,0.0,41.0,0.0,41.0,0.0,41.0,0.0,41.0,0.7664094367676372,15.0,5.0,6.0,30.0,1128.0,65.0,2289.0,0.0,0.0,124.299,2.0,0.0,0.0,0.0,0.0,0.0,0.0,1.0,1.0,0.0,0.0,41.0,0.0,0.0,0.0,0.0,0.0,0.0,0.0,0.0,0.0,1.0,,2020-12-09 10:00:00,12231.333,3.3975925,3.4166666666666665,5.116666666666666
P004,1.0,0.0,0.0,0.0,0.0,0.0,0.0,0.0,0.0,0.0,525.295962,30.0,1543.9809960000002,40.0,0.0,49.0,0.0,49.0,0.0,49.0,0.0,49.0,0.0,49.0,0.0,49.0,0.0,49.0,0.0,49.0,0.0,49.0,0.0,49.0,0.0,49.0,0.0,49.0,0.6030948864533303,13.0,5.0,4.0,40.0,1533.0,4.0,155.0,288.618011,1.0,0.0,0.0,0.0,0.0,0.0,0.0,0.0,0.0,0.0,0.0,0.0,0.0,0.0,0.0,0.0,0.0,0.0,0.0,0.0,0.0,0.0,0.0,1.0,1.0,2020-12-09 11:00:00,12231.333,3.3975925,3.4166666666666665,5.116666666666666
P004,1.0,0.0,0.0,0.0,0.0,0.0,0.0,25.2,0.0,0.0,1778.152958,42.0,1778.5249499999998,59.0,0.0,65.0,0.0,65.0,0.0,65.0,0.0,65.0,0.0,65.0,0.0,65.0,0.0,65.0,0.0,65.0,0.0,65.0,0.0,65.0,0.0,65.0,0.0,65.0,0.3718275326272354,7.0,3.0,3.0,59.0,1293.0,3.0,1302.0,0.083997,6.0,0.0,0.0,0.0,0.0,0.0,0.0,0.0,0.0,0.0,0.0,0.0,0.0,0.0,0.0,0.0,0.0,0.0,0.0,0.0,0.0,0.0,0.0,0.0,1.0,2020-12-09 12:00:00,12231.333,3.3975925,3.4166666666666665,5.116666666666666
P004,1.0,0.0,0.0,0.0,0.0,0.0,0.0,9.033333333333331,0.0,0.0,1954.016997,8.0,3066.173998,35.0,0.0,60.0,0.0,60.0,0.0,60.0,0.0,60.0,0.0,60.0,0.0,60.0,0.0,60.0,0.0,60.0,0.0,60.0,0.0,60.0,0.0,60.0,0.0,60.0,0.9676711689456764,37.0,12.0,13.0,35.0,1064.0,247.0,205.0,0.0,0.0,0.0,0.0,0.0,0.0,0.0,0.0,0.0,0.0,1.0,2.0,0.0,0.0,523.0,1.0,179.0,0.0,0.0,0.0,0.0,0.0,0.0,0.0,0.0,0.0,2020-12-09 13:00:00,12231.333,3.3975925,3.4166666666666665,5.116666666666666
P004,0.0,0.0,0.0,0.0,0.0,0.0,0.0,0.0,0.0,0.0,1669.606972,6.0,2291.118959,25.0,0.0,36.0,0.0,36.0,0.0,36.0,0.0,36.0,0.0,36.0,0.0,36.0,0.0,36.0,0.0,36.0,0.0,36.0,0.0,36.0,0.0,36.0,0.0,36.0,0.8260288829215586,14.0,6.0,5.0,25.0,2285.0,18.0,1201.0,0.104999,5.0,0.0,0.0,0.0,0.0,0.0,0.0,0.0,0.0,0.0,0.0,0.0,0.0,0.0,0.0,0.0,0.0,0.0,0.0,0.0,0.0,0.0,0.0,0.0,0.0,2020-12-09 14:00:00,12231.333,3.3975925,3.4166666666666665,5.116666666666666
P004,1.0,0.0,0.0,0.0,0.0,0.0,0.0,55.23333333333333,0.0,0.0,246.471977,27.0,1758.3068999999996,69.0,0.0,84.0,0.0,84.0,0.0,84.0,0.0,84.0,0.0,84.0,0.0,84.0,0.0,84.0,0.0,84.0,0.0,84.0,0.0,84.0,0.0,84.0,0.0,84.0,0.5925995108190663,19.0,7.0,8.0,69.0,1624.0,16.0,1844.0,0.0,0.0,0.0,0.0,0.0,0.0,0.0,0.0,0.0,0.0,5.0,4.0,0.0,1884.0,327.0,1.0,930.0,0.0,0.0,0.0,0.0,0.0,0.0,0.0,,0.0,2020-12-09 15:00:00,12231.333,3.3975925,3.4166666666666665,5.116666666666666
P004,1.0,0.0,0.0,0.0,0.0,0.0,0.0,25.166666666666668,0.0,0.0,0.0,0.0,0.550996,12.0,0.0,12.0,0.0,12.0,0.0,12.0,0.0,12.0,0.0,12.0,0.0,12.0,0.0,12.0,0.0,12.0,0.0,12.0,0.0,12.0,0.0,12.0,0.0,12.0,0.0,0.0,0.0,0.0,12.0,0.0,0.0,295.0,0.354997,5.0,0.0,0.0,0.0,0.0,0.0,0.0,0.0,0.0,1.0,0.0,0.0,0.0,0.0,1.0,1238.0,0.0,0.0,0.0,0.0,0.0,0.0,0.0,1.0,,2020-12-09 16:00:00,12231.333,3.3975925,3.4166666666666665,5.116666666666666
P004,0.0,0.0,0.0,0.0,0.0,0.0,0.0,0.0,0.0,0.0,0.0,0.0,0.0,0.0,0.0,0.0,0.0,0.0,0.0,0.0,0.0,0.0,0.0,0.0,0.0,0.0,0.0,0.0,0.0,0.0,0.0,0.0,0.0,0.0,0.0,0.0,0.0,0.0,0.0,0.0,0.0,0.0,0.0,0.0,0.0,0.0,0.0,0.0,0.0,0.0,0.0,0.0,0.0,0.0,0.0,0.0,0.0,0.0,0.0,0.0,0.0,0.0,0.0,0.0,0.0,0.0,0.0,0.0,0.0,0.0,0.0,1.0,2020-12-09 17:00:00,12231.333,3.3975925,3.4166666666666665,5.116666666666666
P004,1.0,0.0,0.0,0.0,0.0,0.0,0.0,0.0,0.0,0.0,0.0,0.0,0.0,0.0,0.0,1.0,0.0,1.0,0.0,1.0,0.0,1.0,0.0,1.0,0.0,1.0,0.0,1.0,0.0,1.0,0.0,1.0,0.0,1.0,0.0,1.0,0.0,1.0,0.0,0.0,1.0,0.0,0.0,1.0,0.0,0.0,0.0,0.0,0.0,0.0,0.0,0.0,0.0,0.0,0.0,0.0,0.0,0.0,0.0,0.0,0.0,0.0,0.0,0.0,0.0,0.0,0.0,0.0,0.0,0.0,1.0,0.0,2020-12-09 18:00:00,12231.333,3.3975925,3.4166666666666665,5.116666666666666
P004,0.0,0.0,0.0,0.0,0.0,0.0,0.0,0.0,0.0,0.0,0.0,0.0,0.0,0.0,0.0,0.0,0.0,0.0,0.0,0.0,0.0,0.0,0.0,0.0,0.0,0.0,0.0,0.0,0.0,0.0,0.0,0.0,0.0,0.0,0.0,0.0,0.0,0.0,0.0,0.0,0.0,0.0,0.0,0.0,0.0,0.0,0.0,0.0,0.0,0.0,0.0,0.0,0.0,0.0,0.0,0.0,0.0,0.0,0.0,0.0,0.0,0.0,0.0,0.0,0.0,0.0,0.0,0.0,0.0,0.0,,1.0,2020-12-09 19:00:00,12231.333,3.3975925,3.4166666666666665,5.116666666666666
P004,4.0,1.5166666666666666,30.566666666666663,25.433333333333334,0.0,0.0,0.0,0.0,0.164993,9.0,1154.618978,34.0,3034.636985,61.0,0.0,77.0,0.0,77.0,0.0,77.0,0.0,77.0,0.0,77.0,0.0,77.0,0.0,77.0,0.0,77.0,0.0,77.0,0.0,77.0,0.0,77.0,0.0,77.0,0.6550473649517441,23.0,8.0,8.0,61.0,2550.0,14.0,557.0,1.236999,1.0,0.0,0.0,0.0,0.0,0.0,0.0,0.0,1.0,3.0,2.0,225.0,1954.0,707.0,0.0,0.0,0.0,0.0,0.0,0.0,0.0,0.0,0.0,0.0,,2020-12-10 09:00:00,20377.559,5.660433055555556,1.4833333333333334,4.316666666666666
P004,1.0,0.0,0.0,0.0,0.0,0.0,0.0,0.0,0.0,0.0,51.41,1.0,51.44899899999999,4.0,0.0,10.0,0.0,10.0,0.0,10.0,0.0,10.0,0.0,10.0,0.0,10.0,0.0,10.0,0.0,10.0,0.0,10.0,0.0,10.0,0.0,10.0,0.0,10.0,1.0888999753452238,6.0,3.0,3.0,4.0,1973.0,328.0,537.0,0.0,0.0,0.0,0.0,0.0,0.0,0.0,0.0,0.0,0.0,0.0,0.0,0.0,0.0,0.0,0.0,0.0,0.0,0.0,0.0,0.0,0.0,0.0,0.0,0.0,0.0,2020-12-10 10:00:00,20377.559,5.660433055555556,1.4833333333333334,4.316666666666666
P004,1.0,0.0,47.583333333333336,0.0,0.0,0.0,0.0,0.0,0.0,0.0,0.181997,9.0,922.063987,32.0,0.0,38.0,0.0,38.0,0.0,38.0,0.0,38.0,0.0,38.0,0.0,38.0,0.0,38.0,0.0,38.0,0.0,38.0,0.0,38.0,0.0,38.0,0.0,38.0,0.5456066170527041,7.0,3.0,3.0,32.0,409.0,74.0,2421.0,397.191998,3.0,1.8779980000000005,4.0,0.0,0.0,0.0,0.0,0.0,0.0,2.0,2.0,0.0,2368.0,104.0,0.0,0.0,1.0,136.0,0.0,0.0,0.0,0.0,0.0,0.0,0.0,2020-12-10 11:00:00,20377.559,5.660433055555556,1.4833333333333334,4.316666666666666
P004,1.0,0.0,1.65,0.0,0.0,0.0,0.0,0.0,0.0,0.0,410.125988,23.0,3138.2899580000003,27.0,0.0,45.0,0.0,45.0,0.0,45.0,0.0,45.0,0.0,45.0,0.0,45.0,0.0,45.0,0.0,45.0,0.0,45.0,0.0,45.0,0.0,45.0,0.0,45.0,0.9502705392332348,24.0,9.0,9.0,27.0,2584.0,27.0,145.0,0.0,0.0,0.0,0.0,0.0,0.0,0.0,0.0,0.0,0.0,0.0,0.0,0.0,0.0,0.0,0.0,0.0,0.0,0.0,0.0,0.0,0.0,0.0,0.0,,0.0,2020-12-10 12:00:00,20377.559,5.660433055555556,1.4833333333333334,4.316666666666666
P004,1.0,0.0,16.783333333333335,0.0,0.0,0.0,0.0,0.0,0.0,0.0,314.11899100000005,7.0,759.2329910000001,16.0,0.0,38.0,0.0,38.0,0.0,38.0,0.0,38.0,0.0,38.0,0.0,38.0,0.0,38.0,0.0,38.0,0.0,38.0,0.0,38.0,0.0,38.0,0.0,38.0,1.081925224005316,30.0,11.0,11.0,16.0,603.0,85.0,458.0,0.0,0.0,0.0,0.0,0.0,0.0,0.0,0.0,0.0,0.0,1.0,1.0,0.0,0.0,996.0,0.0,0.0,0.0,0.0,0.0,0.0,0.0,0.0,0.0,1.0,,2020-12-10 14:00:00,20377.559,5.660433055555556,1.4833333333333334,4.316666666666666
P004,0.0,0.0,0.0,0.0,0.0,0.0,0.0,0.0,0.0,0.0,0.0,0.0,0.0,0.0,0.0,0.0,0.0,0.0,0.0,0.0,0.0,0.0,0.0,0.0,0.0,0.0,0.0,0.0,0.0,0.0,0.0,0.0,0.0,0.0,0.0,0.0,0.0,0.0,0.0,0.0,0.0,0.0,0.0,0.0,0.0,0.0,0.0,0.0,0.0,0.0,0.0,0.0,0.0,0.0,0.0,0.0,0.0,0.0,0.0,0.0,0.0,0.0,0.0,0.0,0.0,0.0,0.0,0.0,0.0,0.0,0.0,1.0,2020-12-10 15:00:00,20377.559,5.660433055555556,1.4833333333333334,4.316666666666666
P004,3.0,13.666666666666666,3.033333333333333,0.0,0.0,0.0,0.0,5.45,0.0,0.0,2167.036,1.0,2167.086996,7.0,0.0,10.0,0.0,10.0,0.0,10.0,0.0,10.0,0.0,10.0,0.0,10.0,0.0,10.0,0.0,10.0,0.0,10.0,0.0,10.0,0.0,10.0,0.0,10.0,0.8018185525433373,3.0,1.0,2.0,7.0,159.0,11.0,503.0,0.013999,2.0,0.0,0.0,0.0,0.0,0.0,0.0,0.0,0.0,1.0,1.0,0.0,0.0,1086.0,0.0,0.0,0.0,0.0,0.0,0.0,0.0,0.0,0.0,,0.0,2020-12-10 16:00:00,20377.559,5.660433055555556,1.4833333333333334,4.316666666666666
P004,0.0,0.0,0.0,0.0,0.0,0.0,0.0,0.0,0.0,0.0,0.0,0.0,0.0,0.0,0.0,0.0,0.0,0.0,0.0,0.0,0.0,0.0,0.0,0.0,0.0,0.0,0.0,0.0,0.0,0.0,0.0,0.0,0.0,0.0,0.0,0.0,0.0,0.0,0.0,0.0,0.0,0.0,0.0,0.0,0.0,0.0,0.0,0.0,0.0,0.0,0.0,0.0,0.0,0.0,0.0,0.0,0.0,0.0,0.0,0.0,0.0,0.0,0.0,0.0,0.0,0.0,0.0,0.0,0.0,0.0,0.0,,2020-12-10 18:00:00,20377.559,5.660433055555556,1.4833333333333334,4.316666666666666
P004,1.0,0.0,0.0,0.0,0.0,0.0,0.0,0.0,0.0,0.0,0.0,0.0,0.0,0.0,0.0,1.0,0.0,1.0,0.0,1.0,0.0,1.0,0.0,1.0,0.0,1.0,0.0,1.0,0.0,1.0,0.0,1.0,0.0,1.0,0.0,1.0,0.0,1.0,0.0,0.0,1.0,0.0,0.0,1.0,0.0,0.0,0.0,0.0,0.0,0.0,0.0,0.0,0.0,0.0,0.0,0.0,0.0,0.0,0.0,0.0,0.0,0.0,0.0,0.0,0.0,0.0,0.0,0.0,0.0,0.0,1.0,0.0,2020-12-10 19:00:00,20377.559,5.660433055555556,1.4833333333333334,4.316666666666666
P004,0.0,0.0,0.0,0.0,0.0,0.0,0.0,0.0,0.0,0.0,0.0,0.0,0.0,0.0,0.0,0.0,0.0,0.0,0.0,0.0,0.0,0.0,0.0,0.0,0.0,0.0,0.0,0.0,0.0,0.0,0.0,0.0,0.0,0.0,0.0,0.0,0.0,0.0,0.0,0.0,0.0,0.0,0.0,0.0,0.0,0.0,0.0,0.0,0.0,0.0,0.0,0.0,0.0,0.0,0.0,0.0,0.0,0.0,0.0,0.0,0.0,0.0,0.0,0.0,0.0,0.0,0.0,0.0,0.0,0.0,,1.0,2020-12-10 20:00:00,20377.559,5.660433055555556,1.4833333333333334,4.316666666666666
P004,2.0,0.0,3.85,2.183333333333333,0.0,0.0,0.0,0.0,0.0,0.0,0.190993,16.0,2916.1910080000007,20.0,0.0,34.0,0.0,34.0,0.0,34.0,0.0,34.0,0.0,34.0,0.0,34.0,0.0,34.0,0.0,34.0,0.0,34.0,0.0,34.0,0.0,34.0,0.0,34.0,0.9629079493851552,15.0,7.0,7.0,20.0,1538.0,94.0,202.0,0.0,0.0,0.0,0.0,0.0,0.0,0.0,0.0,0.0,0.0,1.0,0.0,0.0,1.0,0.0,0.0,0.0,0.0,0.0,0.0,0.0,0.0,0.0,0.0,0.0,,2020-12-11 10:00:00,21552.694,5.986859444444445,3.533333333333333,6.533333333333333
P004,1.0,0.0,3.0166666666666666,0.0,0.0,0.0,0.0,0.0,0.0,0.0,739.355966,21.0,3245.023963,28.0,0.0,39.0,0.0,39.0,0.0,39.0,0.0,39.0,0.0,39.0,0.0,39.0,0.0,39.0,0.0,39.0,0.0,39.0,0.0,39.0,0.0,39.0,0.0,39.0,0.7892161932464531,12.0,5.0,6.0,28.0,2926.0,31.0,336.0,0.0,0.0,0.0,0.0,0.0,0.0,0.0,0.0,0.0,0.0,1.0,1.0,0.0,0.0,30.0,1.0,669.0,0.0,0.0,0.0,0.0,0.0,0.0,0.0,0.0,0.0,2020-12-11 11:00:00,21552.694,5.986859444444445,3.533333333333333,6.533333333333333
P004,1.0,0.0,34.7,0.0,0.0,0.0,0.0,0.0,0.0,0.0,4.204991,28.0,1305.4750279999998,44.0,0.0,53.0,0.0,53.0,0.0,53.0,0.0,53.0,0.0,53.0,0.0,53.0,0.0,53.0,0.0,53.0,0.0,53.0,0.0,53.0,0.0,53.0,0.0,53.0,0.5722407645133755,10.0,5.0,4.0,44.0,1259.0,44.0,2153.0,0.0,0.0,0.0,0.0,0.0,0.0,0.0,0.0,0.0,0.0,2.0,2.0,0.0,2000.0,103.0,0.0,0.0,0.0,0.0,0.0,0.0,0.0,0.0,0.0,1.0,0.0,2020-12-11 12:00:00,21552.694,5.986859444444445,3.533333333333333,6.533333333333333
P004,0.0,0.0,0.0,0.0,0.0,0.0,0.0,0.0,0.0,0.0,2420.8269250000003,168.0,2855.891923,184.0,0.0,199.0,0.0,199.0,0.0,199.0,0.0,199.0,0.0,199.0,0.0,199.0,0.0,199.0,0.0,199.0,0.0,199.0,0.0,199.0,0.0,199.0,0.0,199.0,0.3194099363984661,22.0,7.0,8.0,184.0,971.0,12.0,700.0,0.0,0.0,0.0,0.0,0.0,0.0,0.0,0.0,0.0,0.0,1.0,1.0,0.0,266.0,209.0,1.0,0.0,0.0,0.0,0.0,0.0,0.0,0.0,0.0,1.0,1.0,2020-12-11 13:00:00,21552.694,5.986859444444445,3.533333333333333,6.533333333333333
P004,0.0,0.0,0.0,0.0,0.0,0.0,0.0,0.0,0.0,0.0,507.0179339999999,197.0,2435.792941,233.0,0.0,266.0,0.0,266.0,0.0,266.0,0.0,266.0,0.0,266.0,0.0,266.0,0.0,266.0,0.0,266.0,0.0,266.0,0.0,266.0,0.0,266.0,0.0,266.0,0.4608722257531261,46.0,17.0,16.0,233.0,2405.0,16.0,970.0,0.0,0.0,0.052999,1.0,0.0,0.0,0.0,0.0,0.0,0.0,1.0,0.0,0.0,1.0,0.0,0.0,0.0,0.0,0.0,0.0,0.0,0.0,0.0,0.0,0.0,1.0,2020-12-11 14:00:00,21552.694,5.986859444444445,3.533333333333333,6.533333333333333
P004,1.0,0.0,0.0,0.0,0.0,0.0,0.0,0.0,0.0,0.0,684.7950069999999,24.0,3217.323013,33.0,0.0,45.0,0.0,45.0,0.0,45.0,0.0,45.0,0.0,45.0,0.0,45.0,0.0,45.0,0.0,45.0,0.0,45.0,0.0,45.0,0.0,45.0,0.0,45.0,0.7647544195674196,17.0,6.0,6.0,33.0,2393.0,5.0,123.0,0.0,0.0,0.0,0.0,0.0,0.0,0.0,0.0,0.0,0.0,0.0,0.0,0.0,0.0,0.0,0.0,0.0,0.0,0.0,0.0,0.0,0.0,0.0,0.0,1.0,0.0,2020-12-11 15:00:00,21552.694,5.986859444444445,3.533333333333333,6.533333333333333
P004,3.0,11.383333333333333,3.2,0.0,0.0,0.0,0.0,11.366666666666667,0.0,0.0,164.390998,7.0,1073.108976,29.0,0.0,38.0,0.0,38.0,0.0,38.0,0.0,38.0,0.0,38.0,0.0,38.0,0.0,38.0,0.0,38.0,0.0,38.0,0.0,38.0,0.0,38.0,0.0,38.0,0.7101138945617065,12.0,4.0,5.0,29.0,924.0,17.0,2506.0,0.072998,5.0,0.0,0.0,0.0,0.0,0.0,0.0,0.0,1.0,1.0,2.0,419.0,0.0,472.0,0.0,0.0,0.0,0.0,0.0,0.0,0.0,0.0,0.0,,1.0,2020-12-11 16:00:00,21552.694,5.986859444444445,3.533333333333333,6.533333333333333
P004,1.0,0.0,0.0,0.0,0.0,0.0,0.0,0.0,0.0,0.0,0.0,0.0,0.0,0.0,0.0,1.0,0.0,1.0,0.0,1.0,0.0,1.0,0.0,1.0,0.0,1.0,0.0,1.0,0.0,1.0,0.0,1.0,0.0,1.0,0.0,1.0,0.0,1.0,0.0,0.0,1.0,0.0,0.0,1.0,0.0,0.0,0.0,0.0,0.0,0.0,0.0,0.0,0.0,0.0,0.0,0.0,0.0,0.0,0.0,0.0,0.0,0.0,0.0,0.0,0.0,0.0,0.0,0.0,0.0,0.0,1.0,,2020-12-11 20:00:00,21552.694,5.986859444444445,3.533333333333333,6.533333333333333
P004,1.0,0.0,0.0,0.0,0.0,0.0,0.0,0.0,0.0,0.0,0.0,0.0,0.0,0.0,0.0,0.0,0.0,0.0,0.0,0.0,0.0,0.0,0.0,0.0,0.0,0.0,0.0,0.0,0.0,0.0,0.0,0.0,0.0,0.0,0.0,0.0,0.0,0.0,0.0,0.0,0.0,0.0,0.0,0.0,0.0,0.0,0.0,0.0,0.0,0.0,0.0,0.0,0.0,0.0,0.0,0.0,0.0,0.0,0.0,0.0,0.0,0.0,0.0,0.0,0.0,0.0,0.0,0.0,0.0,0.0,,1.0,2020-12-11 21:00:00,21552.694,5.986859444444445,3.533333333333333,6.533333333333333
P004,2.0,0.0,24.916666666666668,26.516666666666666,0.0,0.0,0.0,0.0,0.0,0.0,1046.942994,4.0,2995.474994,5.0,0.0,11.0,0.0,11.0,0.0,11.0,0.0,11.0,0.0,11.0,0.0,11.0,0.0,11.0,0.0,11.0,0.0,11.0,0.0,11.0,0.0,11.0,0.0,11.0,1.0670895187820832,7.0,3.0,3.0,5.0,971.0,75.0,27.0,0.0,0.0,0.0,0.0,0.0,0.0,0.0,0.0,0.0,0.0,1.0,1.0,0.0,0.0,141.0,0.0,0.0,0.0,0.0,0.0,0.0,0.0,0.0,0.0,0.0,,2020-12-12 12:00:00,16460.512,4.572364444444444,4.416666666666667,6.7
P004,1.0,0.0,55.516666666666666,0.0,0.0,0.0,0.0,0.0,78.93999699999999,3.0,2436.556975,69.0,2569.9929669999988,81.0,0.0,91.0,0.0,91.0,0.0,91.0,0.0,91.0,0.0,91.0,0.0,91.0,0.0,91.0,0.0,91.0,0.0,91.0,0.0,91.0,0.0,91.0,0.0,91.0,0.4224555432991738,15.0,5.0,5.0,81.0,308.0,7.0,710.0,0.004,1.0,0.0,0.0,0.0,0.0,0.0,0.0,0.0,0.0,0.0,0.0,0.0,0.0,0.0,0.0,0.0,0.0,0.0,0.0,0.0,0.0,0.0,0.0,1.0,0.0,2020-12-12 13:00:00,16460.512,4.572364444444444,4.416666666666667,6.7
P004,1.0,0.0,51.25,0.0,0.0,0.0,0.0,0.0,0.0,0.0,1269.11895,80.0,1532.563949,83.0,0.0,95.0,0.0,95.0,0.0,95.0,0.0,95.0,0.0,95.0,0.0,95.0,0.0,95.0,0.0,95.0,0.0,95.0,0.0,95.0,0.0,95.0,0.0,95.0,0.4668781118336536,16.0,6.0,6.0,83.0,1252.0,82.0,631.0,0.0,0.0,0.0,0.0,0.0,0.0,0.0,0.0,0.0,0.0,0.0,0.0,0.0,0.0,0.0,0.0,0.0,0.0,0.0,0.0,0.0,0.0,0.0,0.0,1.0,1.0,2020-12-12 14:00:00,16460.512,4.572364444444444,4.416666666666667,6.7
P004,1.0,0.0,50.46666666666667,0.0,0.0,0.0,0.0,0.0,0.0,0.0,1645.425018,25.0,1645.425018,25.0,0.0,33.0,0.0,33.0,0.0,33.0,0.0,33.0,0.0,33.0,0.0,33.0,0.0,33.0,0.0,33.0,0.0,33.0,0.0,33.0,0.0,33.0,0.0,33.0,0.7218939096281729,9.0,4.0,4.0,25.0,726.0,24.0,118.0,0.0,0.0,0.0,0.0,0.0,0.0,0.0,0.0,0.0,0.0,0.0,0.0,0.0,0.0,0.0,0.0,0.0,0.0,0.0,0.0,0.0,0.0,0.0,0.0,0.0,1.0,2020-12-12 15:00:00,16460.512,4.572364444444444,4.416666666666667,6.7
P004,4.0,6.383333333333334,5.1,0.0,1.55,0.0,0.0,37.86666666666667,0.0,0.0,124.327984,51.0,1732.067942,132.0,0.0,145.0,0.0,145.0,0.0,145.0,0.0,145.0,0.0,145.0,0.0,145.0,0.0,145.0,0.0,145.0,0.0,145.0,0.0,145.0,0.0,145.0,0.0,145.0,0.3636180069712194,18.0,6.0,7.0,132.0,1156.0,159.0,1523.0,0.0,0.0,0.527984,28.0,0.0,0.0,0.0,0.0,0.0,1.0,1.0,2.0,500.0,0.0,635.0,0.0,0.0,0.0,0.0,0.0,0.0,0.0,3.0,3112.0,0.0,0.0,2020-12-12 16:00:00,16460.512,4.572364444444444,4.416666666666667,6.7
P004,1.0,0.0,0.0,0.0,0.0,0.0,0.0,54.28333333333333,0.0,0.0,372.490993,23.0,1530.928996,50.0,0.0,53.0,0.0,53.0,0.0,53.0,0.0,53.0,0.0,53.0,0.0,53.0,0.0,53.0,0.0,53.0,0.0,53.0,0.0,53.0,0.0,53.0,0.0,53.0,0.2535476752025521,4.0,1.0,2.0,50.0,190.0,5.0,3351.0,191.725002,3.0,0.0,0.0,0.0,0.0,0.0,0.0,0.0,0.0,2.0,2.0,0.0,56.0,158.0,0.0,0.0,0.0,0.0,0.0,0.0,0.0,0.0,0.0,0.0,0.0,2020-12-12 17:00:00,16460.512,4.572364444444444,4.416666666666667,6.7
P004,1.0,0.0,0.0,0.0,0.0,0.0,0.0,55.46666666666667,0.0,0.0,0.0,0.0,0.2799999999999999,4.0,0.0,5.0,0.0,5.0,0.0,5.0,0.0,5.0,0.0,5.0,0.0,5.0,0.0,5.0,0.0,5.0,0.0,5.0,0.0,5.0,0.0,5.0,0.0,5.0,0.5004024235381879,1.0,1.0,0.0,4.0,0.0,0.0,522.0,0.014,2.0,0.0,0.0,0.0,0.0,0.0,0.0,0.0,0.0,1.0,0.0,0.0,0.0,0.0,1.0,859.0,0.0,0.0,0.0,0.0,0.0,0.0,0.0,0.0,0.0,2020-12-12 18:00:00,16460.512,4.572364444444444,4.416666666666667,6.7
P004,1.0,0.0,0.0,0.0,0.0,0.0,0.0,32.6,0.0,0.0,0.0,0.0,0.0,0.0,0.0,0.0,0.0,0.0,0.0,0.0,0.0,0.0,0.0,0.0,0.0,0.0,0.0,0.0,0.0,0.0,0.0,0.0,0.0,0.0,0.0,0.0,0.0,0.0,0.0,0.0,0.0,0.0,0.0,0.0,0.0,0.0,0.0,0.0,0.0,0.0,0.0,0.0,0.0,0.0,0.0,0.0,0.0,0.0,0.0,0.0,0.0,0.0,0.0,0.0,0.0,0.0,0.0,0.0,0.0,0.0,,0.0,2020-12-12 19:00:00,16460.512,4.572364444444444,4.416666666666667,6.7
P004,1.0,0.0,46.63333333333333,0.0,0.0,0.0,0.0,0.0,0.0,0.0,2879.713,4.0,3469.7230130000003,7.0,0.0,10.0,0.0,10.0,0.0,10.0,0.0,10.0,0.0,10.0,0.0,10.0,0.0,10.0,0.0,10.0,0.0,10.0,0.0,10.0,0.0,10.0,0.0,10.0,0.8018185525433373,4.0,1.0,2.0,7.0,587.0,421.0,129.0,0.0,0.0,0.0,0.0,0.0,0.0,0.0,0.0,0.0,0.0,1.0,0.0,0.0,1.0,0.0,0.0,0.0,0.0,0.0,0.0,0.0,0.0,0.0,0.0,0.0,,2020-12-13 10:00:00,14878.184,4.132828888888889,5.55,7.616666666666667
P004,1.0,0.0,14.583333333333334,0.0,0.0,0.0,0.0,0.0,0.083999,1.0,79.53398499999999,30.0,178.122984,35.0,0.0,40.0,0.0,40.0,0.0,40.0,0.0,40.0,0.0,40.0,0.0,40.0,0.0,40.0,0.0,40.0,0.0,40.0,0.0,40.0,0.0,40.0,0.0,40.0,0.4608966196325938,7.0,3.0,2.0,35.0,173.0,2.0,917.0,0.0,0.0,0.0,0.0,0.0,0.0,0.0,0.0,0.0,0.0,2.0,2.0,0.0,590.0,238.0,0.0,0.0,0.0,0.0,0.0,0.0,0.0,0.0,0.0,0.0,0.0,2020-12-13 11:00:00,14878.184,4.132828888888889,5.55,7.616666666666667
P004,0.0,0.0,0.0,0.0,0.0,0.0,0.0,0.0,0.101999,1.0,3103.734117,8.0,3357.9041140000004,13.0,0.0,21.0,0.0,21.0,0.0,21.0,0.0,21.0,0.0,21.0,0.0,21.0,0.0,21.0,0.0,21.0,0.0,21.0,0.0,21.0,0.0,21.0,0.0,21.0,0.928584507439656,11.0,4.0,4.0,13.0,3197.0,35.0,78.0,0.0,0.0,0.0,0.0,0.0,0.0,0.0,0.0,0.0,0.0,0.0,0.0,0.0,0.0,0.0,0.0,0.0,0.0,0.0,0.0,0.0,0.0,0.0,0.0,0.0,0.0,2020-12-13 12:00:00,14878.184,4.132828888888889,5.55,7.616666666666667
P004,1.0,0.0,0.0,0.0,0.0,0.0,0.0,0.0,0.0,0.0,110.671979,55.0,3114.714084,62.0,0.0,78.0,0.0,78.0,0.0,78.0,0.0,78.0,0.0,78.0,0.0,78.0,0.0,78.0,0.0,78.0,0.0,78.0,0.0,78.0,0.0,78.0,0.0,78.0,0.649613999257886,20.0,8.0,8.0,62.0,2931.0,22.0,430.0,0.0,0.0,0.0,0.0,0.0,0.0,0.0,0.0,0.0,0.0,1.0,1.0,0.0,0.0,28.0,0.0,0.0,0.0,0.0,0.0,0.0,0.0,0.0,0.0,1.0,0.0,2020-12-13 13:00:00,14878.184,4.132828888888889,5.55,7.616666666666667
P004,1.0,0.0,12.366666666666667,0.0,0.0,0.0,0.0,0.0,0.0,0.0,2331.0840550000003,12.0,2331.5990540000003,17.0,0.0,25.0,0.0,25.0,0.0,25.0,0.0,25.0,0.0,25.0,0.0,25.0,0.0,25.0,0.0,25.0,0.0,25.0,0.0,25.0,0.0,25.0,0.0,25.0,0.8486765553516089,9.0,4.0,4.0,17.0,1878.0,9.0,751.0,0.0,0.0,0.0,0.0,0.0,0.0,0.0,0.0,0.0,0.0,2.0,2.0,0.0,549.0,126.0,0.0,0.0,0.0,0.0,0.0,0.0,0.0,0.0,0.0,0.0,1.0,2020-12-13 14:00:00,14878.184,4.132828888888889,5.55,7.616666666666667
P004,0.0,0.0,0.0,0.0,0.0,0.0,0.0,0.0,0.0,0.0,131.45899100000003,26.0,1629.209946,35.0,0.0,39.0,0.0,39.0,0.0,39.0,0.0,39.0,0.0,39.0,0.0,39.0,0.0,39.0,0.0,39.0,0.0,39.0,0.0,39.0,0.0,39.0,0.0,39.0,0.4017726493509475,5.0,2.0,2.0,35.0,1496.0,1.0,321.0,0.016999,2.0,0.0,0.0,0.0,0.0,0.0,0.0,0.0,0.0,0.0,0.0,0.0,0.0,0.0,0.0,0.0,0.0,0.0,0.0,0.0,0.0,0.0,0.0,1.0,0.0,2020-12-13 15:00:00,14878.184,4.132828888888889,5.55,7.616666666666667
P004,2.0,0.0,11.583333333333334,0.0,0.0,0.0,0.0,18.616666666666667,0.0,0.0,712.3509739999998,68.0,1724.0929730000005,108.0,0.0,129.0,0.0,129.0,0.0,129.0,0.0,129.0,0.0,129.0,0.0,129.0,0.0,129.0,0.0,129.0,0.0,129.0,0.0,129.0,0.0,129.0,0.0,129.0,0.5569219279264918,29.0,10.0,11.0,108.0,1518.0,62.0,1829.0,0.038999,6.0,0.0,0.0,0.0,0.0,0.0,0.0,0.0,1.0,2.0,3.0,394.0,199.0,485.0,0.0,0.0,0.0,0.0,0.0,0.0,0.0,2.0,796.0,1.0,1.0,2020-12-13 16:00:00,14878.184,4.132828888888889,5.55,7.616666666666667
P004,1.0,0.0,0.0,0.0,0.0,0.0,0.0,0.0,0.0,0.0,0.053999,5.0,0.628995,13.0,0.0,13.0,0.0,13.0,0.0,13.0,0.0,13.0,0.0,13.0,0.0,13.0,0.0,13.0,0.0,13.0,0.0,13.0,0.0,13.0,0.0,13.0,0.0,13.0,0.0,0.0,0.0,0.0,13.0,0.0,0.0,1047.0,0.019999,2.0,0.0,0.0,0.0,0.0,0.0,0.0,0.0,0.0,0.0,0.0,0.0,0.0,0.0,0.0,0.0,0.0,0.0,0.0,0.0,0.0,0.0,0.0,0.0,1.0,2020-12-13 17:00:00,14878.184,4.132828888888889,5.55,7.616666666666667
P004,0.0,0.0,0.0,0.0,0.0,0.0,0.0,0.0,0.0,0.0,0.0,0.0,0.0,0.0,0.0,0.0,0.0,0.0,0.0,0.0,0.0,0.0,0.0,0.0,0.0,0.0,0.0,0.0,0.0,0.0,0.0,0.0,0.0,0.0,0.0,0.0,0.0,0.0,0.0,0.0,0.0,0.0,0.0,0.0,0.0,0.0,0.0,0.0,0.0,0.0,0.0,0.0,0.0,0.0,0.0,0.0,0.0,0.0,0.0,0.0,0.0,0.0,0.0,0.0,0.0,0.0,0.0,0.0,0.0,0.0,1.0,0.0,2020-12-13 18:00:00,14878.184,4.132828888888889,5.55,7.616666666666667
P004,0.0,0.0,0.0,0.0,0.0,0.0,0.0,0.0,0.0,0.0,0.0,0.0,0.128999,1.0,0.0,2.0,0.0,2.0,0.0,2.0,0.0,2.0,0.0,2.0,0.0,2.0,0.0,2.0,0.0,2.0,0.0,2.0,0.0,2.0,0.0,2.0,0.0,2.0,0.6931471805599453,1.0,1.0,0.0,1.0,0.0,0.0,4.0,0.0,0.0,0.0,0.0,0.0,0.0,0.0,0.0,0.0,0.0,0.0,0.0,0.0,0.0,0.0,0.0,0.0,0.0,0.0,0.0,0.0,0.0,0.0,0.0,,1.0,2020-12-13 19:00:00,14878.184,4.132828888888889,5.55,7.616666666666667
P004,0.0,0.0,0.0,0.0,0.0,0.0,0.0,0.0,0.0,0.0,0.0,0.0,0.0,0.0,0.0,0.0,0.0,0.0,0.0,0.0,0.0,0.0,0.0,0.0,0.0,0.0,0.0,0.0,0.0,0.0,0.0,0.0,0.0,0.0,0.0,0.0,0.0,0.0,0.0,0.0,0.0,0.0,0.0,0.0,0.0,0.0,0.0,0.0,0.0,0.0,0.0,0.0,0.0,0.0,0.0,0.0,0.0,0.0,0.0,0.0,0.0,0.0,0.0,0.0,0.0,0.0,0.0,0.0,0.0,0.0,0.0,,2020-12-14 09:00:00,24100.976,6.694715555555555,3.3,6.65
P004,2.0,1.7666666666666666,0.0,8.916666666666666,0.0,0.0,0.0,0.0,0.0,0.0,0.0,0.0,0.035999,1.0,0.0,11.0,0.0,11.0,0.0,11.0,0.0,11.0,0.0,11.0,0.0,11.0,0.0,11.0,0.0,11.0,0.0,11.0,0.0,11.0,0.0,11.0,0.0,11.0,0.9347698978582794,10.0,5.0,5.0,1.0,430.0,113.0,2.0,0.0,0.0,0.0,0.0,0.0,0.0,0.0,0.0,0.0,0.0,2.0,1.0,0.0,649.0,54.0,0.0,0.0,0.0,0.0,0.0,0.0,0.0,0.0,0.0,1.0,0.0,2020-12-14 10:00:00,24100.976,6.694715555555555,3.3,6.65
P004,2.0,0.0,0.0,50.93333333333333,0.0,0.0,0.0,3.0166666666666666,0.0,0.0,889.3739929999999,31.0,2905.8870300000003,84.0,0.0,119.0,0.0,119.0,0.0,119.0,0.0,119.0,0.0,119.0,0.0,119.0,0.0,119.0,0.0,119.0,0.0,119.0,0.0,119.0,0.0,119.0,0.0,119.0,0.8095442528264455,48.0,18.0,17.0,84.0,2836.0,46.0,682.0,411.310012,2.0,0.0,0.0,0.0,0.0,0.0,0.0,0.0,1.0,1.0,1.0,607.0,0.0,245.0,0.0,0.0,0.0,0.0,0.0,0.0,0.0,0.0,0.0,1.0,1.0,2020-12-14 11:00:00,24100.976,6.694715555555555,3.3,6.65
P004,1.0,0.0,0.0,0.0,0.0,0.0,0.0,27.23333333333333,0.0,0.0,1010.647968,33.0,1466.52297,43.0,0.0,49.0,0.0,49.0,0.0,49.0,0.0,49.0,0.0,49.0,0.0,49.0,0.0,49.0,0.0,49.0,0.0,49.0,0.0,49.0,0.0,49.0,0.0,49.0,0.4566513449099768,10.0,3.0,3.0,43.0,1388.0,3.0,1521.0,72.568999,2.0,0.0,0.0,0.0,0.0,0.0,0.0,0.0,0.0,0.0,0.0,0.0,0.0,0.0,0.0,0.0,0.0,0.0,0.0,1.0,1.0,1.0,2774.0,1.0,1.0,2020-12-14 12:00:00,24100.976,6.694715555555555,3.3,6.65
P004,1.0,0.0,0.0,0.0,0.0,0.0,0.0,7.633333333333334,0.0,0.0,1672.092974,12.0,1675.4199629999998,38.0,0.0,49.0,0.0,49.0,0.0,49.0,0.0,49.0,0.0,49.0,0.0,49.0,0.0,49.0,0.0,49.0,0.0,49.0,0.0,49.0,0.0,49.0,0.0,49.0,0.6872076359240655,16.0,5.0,6.0,38.0,845.0,61.0,783.0,0.5699960000000001,7.0,0.0,0.0,0.0,0.0,0.0,0.0,0.0,0.0,0.0,0.0,0.0,0.0,0.0,0.0,0.0,0.0,0.0,0.0,0.0,0.0,0.0,0.0,,1.0,2020-12-14 13:00:00,24100.976,6.694715555555555,3.3,6.65
P004,0.0,0.0,0.0,0.0,0.0,0.0,0.0,0.0,0.0,0.0,0.0,0.0,0.0,0.0,0.0,0.0,0.0,0.0,0.0,0.0,0.0,0.0,0.0,0.0,0.0,0.0,0.0,0.0,0.0,0.0,0.0,0.0,0.0,0.0,0.0,0.0,0.0,0.0,0.0,0.0,0.0,0.0,0.0,0.0,0.0,0.0,0.0,0.0,0.0,0.0,0.0,0.0,0.0,0.0,0.0,0.0,0.0,0.0,0.0,0.0,0.0,0.0,0.0,0.0,0.0,0.0,0.0,0.0,0.0,0.0,1.0,,2020-12-14 18:00:00,24100.976,6.694715555555555,3.3,6.65
P004,0.0,0.0,0.0,0.0,0.0,0.0,0.0,0.0,0.0,0.0,0.0,0.0,0.0,0.0,0.0,0.0,0.0,0.0,0.0,0.0,0.0,0.0,0.0,0.0,0.0,0.0,0.0,0.0,0.0,0.0,0.0,0.0,0.0,0.0,0.0,0.0,0.0,0.0,0.0,0.0,0.0,0.0,0.0,0.0,0.0,0.0,0.0,0.0,0.0,0.0,0.0,0.0,0.0,0.0,0.0,0.0,0.0,0.0,0.0,0.0,0.0,0.0,0.0,0.0,0.0,0.0,0.0,0.0,0.0,0.0,,1.0,2020-12-14 19:00:00,24100.976,6.694715555555555,3.3,6.65
P004,1.0,0.0,0.0,0.0,0.0,0.0,0.0,44.91666666666666,0.0,0.0,299.740962,60.0,842.47995,92.0,940.9562232494354,396.0,72.873,396.0,844.1130644083023,396.0,0.0,396.0,0.0,396.0,0.0,396.0,0.0,396.0,64.686,396.0,0.0,396.0,0.0,396.0,0.0,396.0,0.0,396.0,0.1460696908546427,16.0,6.0,5.0,385.0,775.0,9.0,2617.0,0.130999,5.0,0.162,1.0,0.0,0.0,0.0,0.0,0.0,0.0,0.0,0.0,0.0,0.0,0.0,0.0,0.0,0.0,0.0,0.0,0.0,0.0,0.0,0.0,1.0,,2020-12-15 10:00:00,15568.819,4.324671944444444,4.666666666666667,6.833333333333333
P004,1.0,0.0,0.0,0.0,0.0,0.0,0.0,32.28333333333333,0.0,0.0,6.195974,58.0,541.407968,80.0,1753.5915406942368,613.0,142.17,613.0,1609.332813620567,613.0,0.0,613.0,0.0,613.0,0.0,613.0,0.0,613.0,131.644,613.0,0.0,613.0,0.0,613.0,0.0,613.0,0.0,613.0,0.0618092264661883,8.0,3.0,3.0,607.0,198.0,8.0,2868.0,0.0,0.0,0.0,0.0,0.0,0.0,0.0,0.0,0.0,0.0,0.0,0.0,0.0,0.0,0.0,0.0,0.0,0.0,0.0,0.0,0.0,0.0,0.0,0.0,1.0,1.0,2020-12-15 11:00:00,15568.819,4.324671944444444,4.666666666666667,6.833333333333333
P004,0.0,0.0,0.0,0.0,0.0,0.0,0.0,0.0,0.0,0.0,2026.575991,16.0,2698.984984,32.0,259.34958481788635,127.0,20.709,127.0,259.34958481788635,127.0,0.0,127.0,0.0,127.0,0.0,127.0,0.0,127.0,20.709,127.0,0.0,127.0,0.0,127.0,0.0,127.0,0.0,127.0,0.4862076079811862,22.0,8.0,9.0,110.0,1848.0,32.0,786.0,1.0779999999999998,4.0,0.0,0.0,0.0,0.0,0.0,0.0,0.0,0.0,0.0,0.0,0.0,0.0,0.0,0.0,0.0,0.0,0.0,0.0,0.0,0.0,0.0,0.0,0.0,1.0,2020-12-15 12:00:00,15568.819,4.324671944444444,4.666666666666667,6.833333333333333
P004,0.0,0.0,0.0,0.0,0.0,0.0,0.0,0.0,0.0,0.0,2.058997,6.0,2704.8880239999994,14.0,158.39187943935394,83.0,13.474,83.0,0.0,83.0,0.0,83.0,0.0,83.0,0.0,83.0,0.0,83.0,0.0,83.0,0.0,83.0,0.0,83.0,0.0,83.0,0.0,83.0,0.3096274606310278,9.0,3.0,3.0,77.0,2695.0,4.0,862.0,0.0,0.0,0.0,0.0,0.0,0.0,0.0,0.0,0.0,0.0,0.0,0.0,0.0,0.0,0.0,0.0,0.0,0.0,0.0,0.0,0.0,0.0,0.0,0.0,,0.0,2020-12-15 13:00:00,15568.819,4.324671944444444,4.666666666666667,6.833333333333333
P004,1.0,0.0,0.0,0.0,0.0,0.0,0.0,18.966666666666665,0.0,0.0,485.324012,9.0,1742.2929829999998,25.0,108.3424665927887,75.0,13.576,75.0,108.3424665927887,75.0,0.0,75.0,0.0,75.0,0.0,75.0,0.0,75.0,13.576,75.0,0.0,75.0,0.0,75.0,0.0,75.0,0.0,75.0,0.6107408095183589,19.0,7.0,7.0,61.0,1053.0,10.0,2149.0,1.841998,4.0,0.0,0.0,0.0,0.0,0.0,0.0,0.0,0.0,2.0,2.0,0.0,1034.0,93.0,0.0,0.0,0.0,0.0,0.0,0.0,0.0,0.0,0.0,1.0,,2020-12-15 14:00:00,15568.819,4.324671944444444,4.666666666666667,6.833333333333333
P004,1.0,0.0,0.0,0.0,0.0,0.0,0.0,0.0,0.0,0.0,1253.6570030000005,15.0,1585.045998,25.0,668.978963971138,291.0,58.992,291.0,668.978963971138,291.0,0.0,291.0,0.0,291.0,0.0,291.0,0.0,291.0,58.992,291.0,0.0,291.0,0.0,291.0,0.0,291.0,0.0,291.0,0.1449664736251166,10.0,4.0,4.0,283.0,403.0,11.0,700.0,0.022999,2.0,0.0,0.0,0.0,0.0,0.0,0.0,0.0,0.0,0.0,0.0,0.0,0.0,0.0,0.0,0.0,0.0,0.0,0.0,0.0,0.0,0.0,0.0,,1.0,2020-12-15 15:00:00,15568.819,4.324671944444444,4.666666666666667,6.833333333333333
P004,0.0,0.0,0.0,0.0,0.0,0.0,0.0,0.0,0.0,0.0,2198.9689850000004,3.0,2199.0039850000003,4.0,0.0,11.0,0.0,11.0,0.0,11.0,0.0,11.0,0.0,11.0,0.0,11.0,0.0,11.0,0.0,11.0,0.0,11.0,0.0,11.0,0.0,11.0,0.0,11.0,1.0900596587107838,10.0,4.0,3.0,4.0,1134.0,275.0,110.0,0.0,0.0,0.0,0.0,0.0,0.0,0.0,0.0,0.0,0.0,0.0,0.0,0.0,0.0,0.0,0.0,0.0,0.0,0.0,0.0,0.0,0.0,0.0,0.0,0.0,,2020-12-15 16:00:00,15568.819,4.324671944444444,4.666666666666667,6.833333333333333
P004,1.0,0.0,0.0,0.0,0.0,0.0,0.0,0.0,0.028999,1.0,0.030999,1.0,1676.9719869999997,28.0,0.0,33.0,0.0,33.0,0.0,33.0,0.0,33.0,0.0,33.0,0.0,33.0,0.0,33.0,0.0,33.0,0.0,33.0,0.0,33.0,0.0,33.0,0.0,33.0,0.5272997580716339,9.0,2.0,3.0,28.0,254.0,964.0,655.0,0.029999,3.0,0.0,0.0,0.0,0.0,0.0,0.0,0.0,0.0,0.0,0.0,0.0,0.0,0.0,0.0,0.0,0.0,0.0,0.0,0.0,0.0,0.0,0.0,1.0,0.0,2020-12-15 17:00:00,15568.819,4.324671944444444,4.666666666666667,6.833333333333333
P004,0.0,0.0,0.0,0.0,0.0,0.0,0.0,0.0,0.0,0.0,0.0439989999999999,4.0,34.64897800000001,59.0,771.3626743555069,354.0,306.52,354.0,120.72241377830504,354.0,615.4492968320847,354.0,0.0,354.0,0.0,354.0,0.0,354.0,7.121,354.0,297.944,354.0,0.0,354.0,0.0,354.0,0.0,354.0,0.159863891225706,17.0,6.0,5.0,343.0,22.0,9.0,3253.0,0.013999,2.0,0.0,0.0,0.0,0.0,0.0,0.0,0.0,0.0,0.0,0.0,0.0,0.0,0.0,0.0,0.0,0.0,0.0,0.0,0.0,0.0,0.0,0.0,0.0,1.0,2020-12-15 18:00:00,15568.819,4.324671944444444,4.666666666666667,6.833333333333333
P004,0.0,0.0,0.0,0.0,0.0,0.0,0.0,0.0,0.0,0.0,0.0,0.0,0.0,0.0,0.0,0.0,0.0,0.0,0.0,0.0,0.0,0.0,0.0,0.0,0.0,0.0,0.0,0.0,0.0,0.0,0.0,0.0,0.0,0.0,0.0,0.0,0.0,0.0,0.0,0.0,0.0,0.0,0.0,0.0,0.0,0.0,0.0,0.0,0.0,0.0,0.0,0.0,0.0,0.0,0.0,0.0,0.0,0.0,0.0,0.0,0.0,0.0,0.0,0.0,0.0,0.0,0.0,0.0,0.0,0.0,0.0,0.0,2020-12-15 19:00:00,15568.819,4.324671944444444,4.666666666666667,6.833333333333333
P004,1.0,0.0,0.0,0.0,0.0,0.0,0.0,0.0,0.0,0.0,0.0,0.0,0.0,0.0,0.0,0.0,0.0,0.0,0.0,0.0,0.0,0.0,0.0,0.0,0.0,0.0,0.0,0.0,0.0,0.0,0.0,0.0,0.0,0.0,0.0,0.0,0.0,0.0,0.0,0.0,0.0,0.0,0.0,0.0,0.0,0.0,0.0,0.0,0.0,0.0,0.0,0.0,0.0,0.0,0.0,0.0,0.0,0.0,0.0,0.0,0.0,0.0,0.0,0.0,0.0,0.0,0.0,0.0,0.0,0.0,,0.0,2020-12-15 20:00:00,15568.819,4.324671944444444,4.666666666666667,6.833333333333333
P004,0.0,0.0,0.0,0.0,0.0,0.0,0.0,0.0,0.0,0.0,0.0,0.0,0.0,0.0,0.0,0.0,0.0,0.0,0.0,0.0,0.0,0.0,0.0,0.0,0.0,0.0,0.0,0.0,0.0,0.0,0.0,0.0,0.0,0.0,0.0,0.0,0.0,0.0,0.0,0.0,0.0,0.0,0.0,0.0,0.0,0.0,0.0,0.0,0.0,0.0,0.0,0.0,0.0,0.0,0.0,0.0,0.0,0.0,0.0,0.0,0.0,0.0,0.0,0.0,0.0,0.0,0.0,0.0,0.0,0.0,0.0,,2020-12-16 09:00:00,15615.778,4.337716111111111,2.65,4.816666666666666
P004,0.0,0.0,0.0,0.0,0.0,0.0,0.0,0.0,0.0,0.0,0.0,0.0,0.0,0.0,0.0,0.0,0.0,0.0,0.0,0.0,0.0,0.0,0.0,0.0,0.0,0.0,0.0,0.0,0.0,0.0,0.0,0.0,0.0,0.0,0.0,0.0,0.0,0.0,0.0,0.0,0.0,0.0,0.0,0.0,0.0,0.0,0.0,0.0,0.0,0.0,0.0,0.0,0.0,0.0,0.0,0.0,0.0,0.0,0.0,0.0,0.0,0.0,0.0,0.0,0.0,0.0,0.0,0.0,0.0,0.0,0.0,0.0,2020-12-16 10:00:00,15615.778,4.337716111111111,2.65,4.816666666666666
P004,0.0,0.0,0.0,0.0,0.0,0.0,0.0,0.0,0.0,0.0,0.0,0.0,0.0,0.0,0.0,0.0,0.0,0.0,0.0,0.0,0.0,0.0,0.0,0.0,0.0,0.0,0.0,0.0,0.0,0.0,0.0,0.0,0.0,0.0,0.0,0.0,0.0,0.0,0.0,0.0,0.0,0.0,0.0,0.0,0.0,0.0,0.0,0.0,0.0,0.0,0.0,0.0,0.0,0.0,0.0,0.0,0.0,0.0,0.0,0.0,0.0,0.0,0.0,0.0,0.0,0.0,0.0,0.0,0.0,0.0,,0.0,2020-12-16 11:00:00,15615.778,4.337716111111111,2.65,4.816666666666666
P004,1.0,0.0,0.0,52.583333333333336,0.0,0.0,0.0,0.0,0.0,0.0,0.0,0.0,0.0,0.0,0.0,0.0,0.0,0.0,0.0,0.0,0.0,0.0,0.0,0.0,0.0,0.0,0.0,0.0,0.0,0.0,0.0,0.0,0.0,0.0,0.0,0.0,0.0,0.0,0.0,0.0,0.0,0.0,0.0,0.0,0.0,0.0,0.0,0.0,0.0,0.0,0.0,0.0,0.0,0.0,0.0,0.0,0.0,0.0,0.0,0.0,0.0,0.0,0.0,0.0,0.0,0.0,0.0,0.0,0.0,0.0,0.0,,2020-12-17 19:00:00,20100.513,5.583475833333333,3.9166666666666665,6.7
P004,1.0,0.0,0.0,38.61666666666667,0.0,0.0,0.0,0.0,0.0,0.0,0.0,0.0,0.0,0.0,0.0,0.0,0.0,0.0,0.0,0.0,0.0,0.0,0.0,0.0,0.0,0.0,0.0,0.0,0.0,0.0,0.0,0.0,0.0,0.0,0.0,0.0,0.0,0.0,0.0,0.0,0.0,0.0,0.0,0.0,0.0,0.0,0.0,0.0,0.0,0.0,0.0,0.0,0.0,0.0,0.0,0.0,0.0,0.0,0.0,0.0,0.0,0.0,0.0,0.0,0.0,0.0,0.0,0.0,0.0,0.0,,0.0,2020-12-17 20:00:00,20100.513,5.583475833333333,3.9166666666666665,6.7
P004,2.0,2.0166666666666666,0.0,12.216666666666669,0.0,0.0,0.0,0.0,0.0,0.0,341.562996,32.0,810.144,63.0,442.9517217874527,295.0,54.875,295.0,321.1449728012085,295.0,0.0,295.0,0.0,295.0,0.0,295.0,0.0,295.0,45.462,295.0,0.0,295.0,0.0,295.0,0.0,295.0,0.0,295.0,0.3384602375150369,34.0,12.0,12.0,271.0,1250.0,98.0,1539.0,115.124001,5.0,0.0,0.0,0.0,0.0,0.0,0.0,0.0,0.0,0.0,0.0,0.0,0.0,0.0,0.0,0.0,0.0,0.0,0.0,3.0,3.0,1.0,94.0,0.0,,2020-12-18 08:00:00,,,,
P004,2.0,3.6,0.0,19.65,0.0,0.0,0.0,0.0,0.0,0.0,797.091958,85.0,1861.739925,120.0,1108.948898911476,551.0,203.295,551.0,1067.8462493419647,551.0,0.0,551.0,41.10264956951141,551.0,0.0,551.0,0.0,551.0,137.84,551.0,0.0,551.0,65.455,551.0,0.0,551.0,0.0,551.0,0.1033242665389625,13.0,5.0,5.0,541.0,1660.0,10.0,1453.0,0.0,0.0,32.727999,4.0,0.0,0.0,0.0,0.0,0.0,0.0,1.0,1.0,0.0,0.0,127.0,0.0,0.0,0.0,0.0,0.0,4.0,4.0,0.0,0.0,0.0,0.0,2020-12-18 09:00:00,,,,
P004,2.0,1.0333333333333334,0.0,13.766666666666667,0.0,0.0,0.0,0.0,0.004,1.0,153.031986,27.0,997.8729540000002,79.0,750.5282127857208,425.0,141.218,425.0,583.7865906953812,425.0,0.0,425.0,0.0,425.0,0.0,425.0,0.0,425.0,71.484,425.0,0.0,425.0,0.0,425.0,0.0,425.0,0.0,425.0,0.2047079715898565,27.0,9.0,9.0,407.0,971.0,6.0,1921.0,332.940995,8.0,0.0,0.0,0.0,0.0,0.0,0.0,0.0,0.0,2.0,2.0,0.0,865.0,180.0,0.0,0.0,0.0,0.0,0.0,0.0,0.0,0.0,0.0,,0.0,2020-12-18 10:00:00,,,,
P004,2.0,1.3666666666666667,0.0,47.41666666666666,0.0,0.0,0.0,0.0,0.0,0.0,73.214984,30.0,2938.966906,51.0,589.147962808609,314.0,50.186,314.0,519.8985153436661,314.0,0.0,314.0,0.0,314.0,0.0,314.0,0.0,314.0,46.913,314.0,0.0,314.0,0.0,314.0,0.0,314.0,0.0,314.0,0.1077929639723629,9.0,3.0,3.0,308.0,2885.0,1.0,535.0,0.226998,5.0,0.0,0.0,0.0,0.0,0.0,0.0,0.0,0.0,0.0,0.0,0.0,0.0,0.0,0.0,0.0,0.0,0.0,0.0,0.0,0.0,0.0,0.0,0.0,,2020-12-18 11:00:00,,,,
P004,2.0,43.86666666666667,0.0,8.35,0.0,0.0,0.0,0.0,4.128955,116.0,6.533949999999999,133.0,621.468899,267.0,680.8405519723892,516.0,60.484,516.0,680.8405519723892,516.0,0.0,516.0,0.0,516.0,0.0,516.0,0.0,516.0,60.484,516.0,0.0,516.0,0.0,516.0,0.0,516.0,0.0,516.0,0.0907289936621287,12.0,4.0,4.0,508.0,592.0,6.0,2601.0,0.021999,1.0,0.0,0.0,0.0,0.0,0.0,0.0,0.0,0.0,4.0,4.0,0.0,2122.0,214.0,0.0,0.0,0.0,0.0,0.0,0.0,0.0,0.0,0.0,0.0,0.0,2020-12-18 12:00:00,,,,
P004,2.0,2.683333333333333,0.0,41.88333333333333,0.0,0.0,0.0,0.0,0.0,0.0,1897.884967,21.0,2365.3969620000003,34.0,5999.992850184441,2613.0,991.871,2613.0,5999.992850184441,2613.0,0.0,2613.0,0.0,2613.0,0.0,2613.0,0.0,2613.0,991.871,2613.0,0.0,2613.0,0.0,2613.0,0.0,2613.0,0.0,2613.0,0.0393125809504703,20.0,8.0,7.0,2598.0,2346.0,10.0,1210.0,0.0,0.0,0.0,0.0,0.0,0.0,0.0,0.0,0.0,0.0,0.0,0.0,0.0,0.0,0.0,0.0,0.0,0.0,0.0,0.0,0.0,0.0,0.0,0.0,,0.0,2020-12-18 13:00:00,,,,
P004,0.0,0.0,0.0,0.0,0.0,0.0,0.0,0.0,0.0,0.0,456.838997,8.0,1137.827001,21.0,23.62573683261872,43.0,1.137,43.0,0.0,43.0,0.0,43.0,0.0,43.0,0.0,43.0,0.0,43.0,0.0,43.0,0.0,43.0,0.0,43.0,0.0,43.0,0.0,43.0,0.8214826899116978,19.0,6.0,7.0,30.0,585.0,6.0,2236.0,0.053998,5.0,0.0,0.0,0.0,0.0,0.0,0.0,0.0,0.0,0.0,0.0,0.0,0.0,0.0,0.0,0.0,0.0,0.0,0.0,0.0,0.0,0.0,0.0,0.0,,2020-12-18 14:00:00,,,,
P004,1.0,0.0,0.0,0.0,0.0,0.0,0.0,0.0,0.0,0.0,0.0,0.0,41.420995,10.0,0.0,12.0,0.0,12.0,0.0,12.0,0.0,12.0,0.0,12.0,0.0,12.0,0.0,12.0,0.0,12.0,0.0,12.0,0.0,12.0,0.0,12.0,0.0,12.0,0.5660857389596289,3.0,1.0,1.0,10.0,39.0,1.0,591.0,0.016999,3.0,0.0,0.0,0.0,0.0,0.0,0.0,0.0,0.0,0.0,0.0,0.0,0.0,0.0,0.0,0.0,0.0,0.0,0.0,0.0,0.0,0.0,0.0,0.0,0.0,2020-12-18 15:00:00,,,,
P004,1.0,0.0,0.0,0.0,0.0,0.0,0.0,0.0,0.0,0.0,0.059999,3.0,843.7989779999999,13.0,20.972692251205444,24.0,1.745,24.0,20.972692251205444,24.0,0.0,24.0,0.0,24.0,0.0,24.0,0.0,24.0,1.745,24.0,0.0,24.0,0.0,24.0,0.0,24.0,0.0,24.0,0.5660857389596289,5.0,2.0,2.0,20.0,838.0,4.0,346.0,0.541999,1.0,0.0,0.0,0.0,0.0,0.0,0.0,0.0,0.0,0.0,0.0,0.0,0.0,0.0,0.0,0.0,0.0,0.0,0.0,0.0,0.0,0.0,0.0,0.0,0.0,2020-12-18 16:00:00,,,,
P004,1.0,0.0,0.0,0.0,0.0,0.0,0.0,0.0,0.0,0.0,0.018,3.0,10.472999,11.0,82.52552127838135,37.0,8.118,37.0,82.52552127838135,37.0,0.0,37.0,0.0,37.0,0.0,37.0,0.0,37.0,8.118,37.0,0.0,37.0,0.0,37.0,0.0,37.0,0.0,37.0,0.0,0.0,0.0,0.0,37.0,0.0,0.0,1094.0,0.0,0.0,0.0,0.0,0.0,0.0,0.0,0.0,0.0,0.0,0.0,0.0,0.0,0.0,0.0,0.0,0.0,0.0,0.0,0.0,0.0,0.0,0.0,0.0,,0.0,2020-12-18 17:00:00,,,,
P004,1.0,27.933333333333334,0.0,0.0,0.0,0.0,0.0,0.0,0.0,0.0,0.003,1.0,2398.9060130000003,3.0,20.04575634002685,45.0,2.101,45.0,20.04575634002685,45.0,0.0,45.0,0.0,45.0,0.0,45.0,0.0,45.0,2.101,45.0,0.0,45.0,0.0,45.0,0.0,45.0,0.0,45.0,1.0549201679861442,37.0,18.0,18.0,9.0,1612.0,163.0,140.0,0.0,0.0,0.0,0.0,0.0,0.0,0.0,0.0,0.0,1.0,2.0,3.0,51.0,183.0,408.0,0.0,0.0,0.0,0.0,0.0,0.0,0.0,0.0,0.0,0.0,,2020-12-19 08:00:00,18758.711,5.210753055555555,3.283333333333333,5.883333333333333
P004,2.0,54.2,0.0,0.0,1.1666666666666667,0.0,0.0,0.0,0.0,0.0,0.091996,8.0,3407.645996,10.0,46.02339744567871,67.0,3.327,67.0,46.02339744567871,67.0,0.0,67.0,0.0,67.0,0.0,67.0,0.0,67.0,3.327,67.0,0.0,67.0,0.0,67.0,0.0,67.0,0.0,67.0,1.0951129476582977,42.0,21.0,21.0,25.0,2941.0,455.0,30.0,0.0,0.0,0.0,0.0,0.0,0.0,0.0,0.0,0.0,0.0,1.0,1.0,0.0,2618.0,0.0,0.0,0.0,0.0,0.0,0.0,0.0,0.0,0.0,0.0,0.0,0.0,2020-12-19 09:00:00,18758.711,5.210753055555555,3.283333333333333,5.883333333333333
P004,2.0,48.55,0.0,10.116666666666667,0.0,0.0,0.0,0.0,0.0,0.0,26.312981,49.0,736.0869890000001,76.0,777.2079437971115,377.0,64.197,377.0,762.2324885129929,377.0,0.0,377.0,0.0,377.0,0.0,377.0,0.0,377.0,63.005,377.0,0.0,377.0,0.0,377.0,0.0,377.0,0.0,377.0,0.1947594896820824,20.0,7.0,8.0,362.0,1561.0,30.0,1701.0,0.008999,3.0,17.597999,3.0,0.0,0.0,0.0,0.0,0.0,0.0,5.0,4.0,0.0,1083.0,444.0,4.0,1757.0,0.0,0.0,0.0,0.0,0.0,0.0,0.0,0.0,0.0,2020-12-19 10:00:00,18758.711,5.210753055555555,3.283333333333333,5.883333333333333
P004,2.0,38.85,0.0,16.116666666666667,0.0,0.0,0.0,0.0,0.0,0.0,184.23698600000003,25.0,1294.952967,50.0,1538.9150124788284,718.0,217.628,718.0,1294.5956466197968,718.0,157.20094799995422,718.0,0.0,718.0,0.0,718.0,0.0,718.0,199.899,718.0,12.293,718.0,0.0,718.0,0.0,718.0,0.0,718.0,0.1222462900886186,19.0,8.0,8.0,702.0,698.0,313.0,2449.0,1.580995,7.0,0.0,0.0,0.0,0.0,0.0,0.0,0.0,0.0,2.0,2.0,0.0,33.0,407.0,0.0,0.0,0.0,0.0,0.0,0.0,0.0,0.0,0.0,0.0,0.0,2020-12-19 11:00:00,18758.711,5.210753055555555,3.283333333333333,5.883333333333333
P004,0.0,0.0,0.0,0.0,0.0,0.0,0.0,0.0,0.0,0.0,15.258999,3.0,16.241998,4.0,230.73452651500705,94.0,14.242,94.0,230.73452651500705,94.0,0.0,94.0,0.0,94.0,0.0,94.0,0.0,94.0,14.242,94.0,0.0,94.0,0.0,94.0,0.0,94.0,0.0,94.0,0.0589144326609314,1.0,1.0,0.0,93.0,0.0,0.0,373.0,0.0,0.0,0.0,0.0,0.0,0.0,0.0,0.0,0.0,0.0,0.0,0.0,0.0,0.0,0.0,0.0,0.0,0.0,0.0,0.0,0.0,0.0,0.0,0.0,0.0,0.0,2020-12-19 12:00:00,18758.711,5.210753055555555,3.283333333333333,5.883333333333333
P004,0.0,0.0,0.0,0.0,0.0,0.0,0.0,0.0,0.0,0.0,0.0,0.0,0.0,0.0,0.0,0.0,0.0,0.0,0.0,0.0,0.0,0.0,0.0,0.0,0.0,0.0,0.0,0.0,0.0,0.0,0.0,0.0,0.0,0.0,0.0,0.0,0.0,0.0,0.0,0.0,0.0,0.0,0.0,0.0,0.0,0.0,0.0,0.0,0.0,0.0,0.0,0.0,0.0,0.0,0.0,0.0,0.0,0.0,0.0,0.0,0.0,0.0,0.0,0.0,0.0,0.0,0.0,0.0,0.0,0.0,,0.0,2020-12-19 13:00:00,18758.711,5.210753055555555,3.283333333333333,5.883333333333333
P004,0.0,0.0,0.0,0.0,0.0,0.0,0.0,0.0,0.0,0.0,0.0,0.0,0.128997,9.0,0.0,9.0,0.0,9.0,0.0,9.0,0.0,9.0,0.0,9.0,0.0,9.0,0.0,9.0,0.0,9.0,0.0,9.0,0.0,9.0,0.0,9.0,0.0,9.0,0.0,0.0,0.0,0.0,9.0,0.0,0.0,730.0,0.048,4.0,0.0,0.0,0.0,0.0,0.0,0.0,0.0,0.0,0.0,0.0,0.0,0.0,0.0,0.0,0.0,0.0,0.0,0.0,0.0,0.0,0.0,0.0,0.0,,2020-12-19 16:00:00,18758.711,5.210753055555555,3.283333333333333,5.883333333333333
P004,0.0,0.0,0.0,0.0,0.0,0.0,0.0,0.0,0.0,0.0,0.0,0.0,198.972982,32.0,409.50465404987335,172.0,36.343,172.0,0.0,172.0,409.50465404987335,172.0,0.0,172.0,0.0,172.0,0.0,172.0,0.0,172.0,36.343,172.0,0.0,172.0,0.0,172.0,0.0,172.0,0.0714146262405199,3.0,1.0,1.0,170.0,188.0,3.0,3242.0,192.540995,7.0,0.0,0.0,0.0,0.0,0.0,0.0,0.0,0.0,0.0,0.0,0.0,0.0,0.0,0.0,0.0,0.0,0.0,0.0,0.0,0.0,0.0,0.0,0.0,0.0,2020-12-19 17:00:00,18758.711,5.210753055555555,3.283333333333333,5.883333333333333
P004,0.0,0.0,0.0,0.0,0.0,0.0,0.0,0.0,0.0,0.0,0.0,0.0,0.0,0.0,0.0,0.0,0.0,0.0,0.0,0.0,0.0,0.0,0.0,0.0,0.0,0.0,0.0,0.0,0.0,0.0,0.0,0.0,0.0,0.0,0.0,0.0,0.0,0.0,0.0,0.0,0.0,0.0,0.0,0.0,0.0,0.0,0.0,0.0,0.0,0.0,0.0,0.0,0.0,0.0,0.0,0.0,0.0,0.0,0.0,0.0,0.0,0.0,0.0,0.0,0.0,0.0,0.0,0.0,0.0,0.0,0.0,0.0,2020-12-19 18:00:00,18758.711,5.210753055555555,3.283333333333333,5.883333333333333
P004,0.0,0.0,0.0,0.0,0.0,0.0,0.0,0.0,0.0,0.0,0.0,0.0,0.0,0.0,0.0,0.0,0.0,0.0,0.0,0.0,0.0,0.0,0.0,0.0,0.0,0.0,0.0,0.0,0.0,0.0,0.0,0.0,0.0,0.0,0.0,0.0,0.0,0.0,0.0,0.0,0.0,0.0,0.0,0.0,0.0,0.0,0.0,0.0,0.0,0.0,0.0,0.0,0.0,0.0,0.0,0.0,0.0,0.0,0.0,0.0,0.0,0.0,0.0,0.0,0.0,0.0,0.0,0.0,0.0,0.0,0.0,0.0,2020-12-19 19:00:00,18758.711,5.210753055555555,3.283333333333333,5.883333333333333
P004,1.0,0.0,0.0,0.0,0.0,0.0,0.0,0.0,0.048998,2.0,0.313997,7.0,0.513993,15.0,5.852349758148193,16.0,0.868,16.0,0.0,16.0,0.0,16.0,0.0,16.0,0.0,16.0,5.852349758148193,16.0,0.0,16.0,0.0,16.0,0.0,16.0,0.0,16.0,0.868,16.0,0.0,0.0,0.0,0.0,16.0,0.0,0.0,47.0,0.0,0.0,0.0,0.0,0.0,0.0,0.0,0.0,0.0,0.0,0.0,0.0,0.0,0.0,0.0,0.0,0.0,0.0,0.0,0.0,0.0,0.0,0.0,0.0,,0.0,2020-12-19 20:00:00,18758.711,5.210753055555555,3.283333333333333,5.883333333333333
P004,1.0,0.0,0.0,3.5,0.0,0.0,0.0,0.0,0.0,0.0,181.163988,6.0,1778.893986,12.0,252.17062187194824,113.0,25.005,113.0,252.17062187194824,113.0,0.0,113.0,0.0,113.0,0.0,113.0,0.0,113.0,25.005,113.0,0.0,113.0,0.0,113.0,0.0,113.0,0.0,113.0,0.1394308753646797,4.0,1.0,2.0,110.0,179.0,2.0,968.0,0.0,0.0,0.0,0.0,0.0,0.0,0.0,0.0,0.0,0.0,0.0,0.0,0.0,0.0,0.0,0.0,0.0,0.0,0.0,0.0,0.0,0.0,0.0,0.0,0.0,,2020-12-20 09:00:00,8963.973,2.4899925,4.516666666666667,5.766666666666667
P004,1.0,0.0,0.0,0.0,0.0,0.0,0.0,0.0,0.0,0.0,431.520996,10.0,652.878982,34.0,644.7748264074326,305.0,173.619,305.0,427.6292301416397,305.0,0.0,305.0,0.0,305.0,0.0,305.0,0.0,305.0,57.846,305.0,0.0,305.0,0.0,305.0,0.0,305.0,0.0,305.0,0.3703234013840673,36.0,14.0,14.0,277.0,1879.0,340.0,888.0,0.035998,4.0,0.0,0.0,0.0,0.0,0.0,0.0,0.0,0.0,0.0,0.0,0.0,0.0,0.0,0.0,0.0,0.0,0.0,0.0,0.0,0.0,0.0,0.0,0.0,0.0,2020-12-20 10:00:00,8963.973,2.4899925,4.516666666666667,5.766666666666667
P004,1.0,0.0,0.0,0.0,0.0,0.0,0.0,0.0,0.0,0.0,0.0,0.0,0.017999,4.0,696.8945499658585,241.0,221.761,241.0,12.0,241.0,0.0,241.0,0.0,241.0,0.0,241.0,582.1537584066391,241.0,1.049,241.0,0.0,241.0,0.0,241.0,0.0,241.0,216.054,241.0,0.0748935530137633,3.0,2.0,1.0,238.0,139.0,5.0,2781.0,0.006,1.0,0.0,0.0,0.0,0.0,0.0,0.0,0.0,0.0,0.0,0.0,0.0,0.0,0.0,0.0,0.0,0.0,0.0,0.0,4.0,4.0,0.0,0.0,0.0,0.0,2020-12-20 11:00:00,8963.973,2.4899925,4.516666666666667,5.766666666666667
P004,2.0,15.583333333333334,0.0,15.183333333333334,0.0,0.0,0.0,0.0,0.0,0.0,329.40199599999994,30.0,2608.655978,49.0,3159.661949276924,1322.0,472.673,1322.0,3159.661949276924,1322.0,0.0,1322.0,0.0,1322.0,0.0,1322.0,0.0,1322.0,472.673,1322.0,0.0,1322.0,0.0,1322.0,0.0,1322.0,0.0,1322.0,0.0454304364734912,11.0,4.0,5.0,1313.0,598.0,11.0,1324.0,0.017999,1.0,0.0,0.0,0.0,0.0,0.0,0.0,0.0,0.0,0.0,0.0,0.0,0.0,0.0,0.0,0.0,0.0,0.0,0.0,0.0,0.0,0.0,0.0,0.0,0.0,2020-12-20 12:00:00,8963.973,2.4899925,4.516666666666667,5.766666666666667
P004,1.0,52.15,0.0,0.0,0.0,0.0,0.0,0.0,0.0,0.0,2471.1270010000003,20.0,2886.595013,27.0,512.9582351446152,242.0,48.124,242.0,512.9582351446152,242.0,0.0,242.0,0.0,242.0,0.0,242.0,0.0,242.0,48.124,242.0,0.0,242.0,0.0,242.0,0.0,242.0,0.0,242.0,0.3798367483548196,31.0,12.0,11.0,219.0,2853.0,29.0,487.0,0.0,0.0,0.0,0.0,0.0,0.0,0.0,0.0,0.0,0.0,0.0,0.0,0.0,0.0,0.0,0.0,0.0,0.0,0.0,0.0,0.0,0.0,0.0,0.0,,0.0,2020-12-20 13:00:00,8963.973,2.4899925,4.516666666666667,5.766666666666667
P004,2.0,12.083333333333334,0.0,9.083333333333334,0.0,0.0,0.0,0.0,0.0,0.0,910.682982,35.0,1396.196967,91.0,1647.9535193443298,751.0,639.503,751.0,1474.8279612064362,751.0,100.9392569065094,751.0,0.0,751.0,0.0,751.0,0.0,751.0,624.191,751.0,9.674,751.0,0.0,751.0,0.0,751.0,0.0,751.0,0.1469379968311103,31.0,10.0,11.0,730.0,1249.0,15.0,1865.0,0.5319900000000001,22.0,0.0,0.0,0.0,0.0,0.0,0.0,0.0,0.0,0.0,0.0,0.0,0.0,0.0,0.0,0.0,0.0,0.0,0.0,0.0,0.0,0.0,0.0,0.0,,2020-12-20 14:00:00,8963.973,2.4899925,4.516666666666667,5.766666666666667
P004,2.0,3.15,0.0,7.2,0.0,0.0,0.0,0.0,0.0,0.0,447.634988,26.0,828.619968,56.0,1222.9395941495895,538.0,114.792,538.0,965.7613986730576,538.0,0.0,538.0,0.0,538.0,0.0,538.0,0.0,538.0,92.766,538.0,0.0,538.0,0.0,538.0,0.0,538.0,0.0,538.0,0.1223389476510556,18.0,6.0,6.0,526.0,809.0,16.0,2021.0,0.2039949999999999,11.0,0.0,0.0,0.0,0.0,0.0,0.0,0.0,0.0,0.0,0.0,0.0,0.0,0.0,0.0,0.0,0.0,0.0,0.0,0.0,0.0,0.0,0.0,0.0,0.0,2020-12-20 15:00:00,8963.973,2.4899925,4.516666666666667,5.766666666666667
P004,1.0,0.0,0.0,0.0,0.0,0.0,0.0,0.0,1.381999,1.0,0.014999,2.0,2.2909900000000003,19.0,274.8954174518585,109.0,36.127,109.0,0.0,109.0,214.7925075292588,109.0,0.0,109.0,0.0,109.0,0.0,109.0,0.0,109.0,27.546,109.0,0.0,109.0,0.0,109.0,0.0,109.0,0.0,0.0,0.0,0.0,109.0,0.0,0.0,2706.0,0.072996,6.0,0.0,0.0,0.0,0.0,0.0,0.0,0.0,0.0,0.0,0.0,0.0,0.0,0.0,0.0,0.0,0.0,0.0,0.0,0.0,0.0,0.0,0.0,0.0,0.0,2020-12-20 16:00:00,8963.973,2.4899925,4.516666666666667,5.766666666666667
P004,1.0,13.233333333333333,0.0,0.0,0.0,0.0,0.0,0.0,0.0,0.0,0.091995,6.0,520.501003,20.0,262.0622569322586,99.0,19.374,99.0,97.80958485603333,99.0,0.0,99.0,0.0,99.0,0.0,99.0,0.0,99.0,7.582,99.0,0.0,99.0,0.0,99.0,0.0,99.0,0.0,99.0,0.112827275237336,3.0,1.0,1.0,97.0,507.0,12.0,2106.0,0.0,0.0,0.0,0.0,0.0,0.0,0.0,0.0,0.0,0.0,0.0,0.0,0.0,0.0,0.0,0.0,0.0,0.0,0.0,0.0,0.0,0.0,0.0,0.0,,0.0,2020-12-20 17:00:00,8963.973,2.4899925,4.516666666666667,5.766666666666667
P004,0.0,0.0,0.0,0.0,0.0,0.0,0.0,0.0,0.0,0.0,0.0,0.0,0.012,1.0,55.47945213317871,17.0,4.197,17.0,0.0,17.0,0.0,17.0,0.0,17.0,0.0,17.0,0.0,17.0,0.0,17.0,0.0,17.0,0.0,17.0,0.0,17.0,0.0,17.0,0.2237180760658337,1.0,1.0,0.0,16.0,0.0,0.0,971.0,0.0,0.0,0.0,0.0,0.0,0.0,0.0,0.0,0.0,0.0,0.0,0.0,0.0,0.0,0.0,0.0,0.0,0.0,0.0,0.0,0.0,0.0,0.0,0.0,0.0,,2020-12-20 18:00:00,8963.973,2.4899925,4.516666666666667,5.766666666666667
P004,1.0,0.0,0.0,0.0,0.0,0.0,0.0,0.0,0.0,0.0,0.0,0.0,0.0,0.0,0.0,0.0,0.0,0.0,0.0,0.0,0.0,0.0,0.0,0.0,0.0,0.0,0.0,0.0,0.0,0.0,0.0,0.0,0.0,0.0,0.0,0.0,0.0,0.0,0.0,0.0,0.0,0.0,0.0,0.0,0.0,0.0,0.0,0.0,0.0,0.0,0.0,0.0,0.0,0.0,0.0,0.0,0.0,0.0,0.0,0.0,0.0,0.0,0.0,0.0,0.0,0.0,0.0,0.0,0.0,0.0,0.0,0.0,2020-12-20 19:00:00,8963.973,2.4899925,4.516666666666667,5.766666666666667
P004,1.0,0.0,0.0,3.6666666666666665,0.0,0.0,0.0,0.0,0.0,0.0,0.148996,11.0,2222.965985,31.0,528.725026011467,257.0,41.555,257.0,528.725026011467,257.0,0.0,257.0,0.0,257.0,0.0,257.0,0.0,257.0,41.555,257.0,0.0,257.0,0.0,257.0,0.0,257.0,0.0,257.0,0.2210240412602206,17.0,6.0,6.0,245.0,2186.0,326.0,224.0,0.0,0.0,0.0,0.0,0.0,0.0,0.0,0.0,0.0,0.0,0.0,0.0,0.0,0.0,0.0,0.0,0.0,0.0,0.0,0.0,0.0,0.0,0.0,0.0,,0.0,2020-12-20 20:00:00,8963.973,2.4899925,4.516666666666667,5.766666666666667
P004,0.0,0.0,0.0,0.0,0.0,0.0,0.0,0.0,0.0,0.0,1276.605976,4.0,1277.518975,5.0,62.03409254550934,27.0,4.771,27.0,62.03409254550934,27.0,0.0,27.0,0.0,27.0,0.0,27.0,0.0,27.0,4.771,27.0,0.0,27.0,0.0,27.0,0.0,27.0,0.0,27.0,0.6837389058487535,8.0,3.0,3.0,21.0,1005.0,10.0,637.0,0.0,0.0,0.0,0.0,0.0,0.0,0.0,0.0,0.0,0.0,0.0,0.0,0.0,0.0,0.0,0.0,0.0,0.0,0.0,0.0,0.0,0.0,0.0,0.0,0.0,,2020-12-21 09:00:00,7119.149,1.977541388888889,21.216666666666665,22.216666666666665
P004,3.0,7.083333333333333,20.58333333333333,0.0,0.0,0.0,0.0,3.0166666666666666,0.0,0.0,704.252008,22.0,2928.152007,24.0,768.7328300476074,364.0,59.56,364.0,768.7328300476074,364.0,0.0,364.0,0.0,364.0,0.0,364.0,0.0,364.0,59.56,364.0,0.0,364.0,0.0,364.0,0.0,364.0,0.0,364.0,0.1677602208200735,14.0,6.0,6.0,352.0,715.0,189.0,245.0,0.0,0.0,0.0,0.0,0.0,0.0,0.0,0.0,0.0,2.0,3.0,5.0,234.0,459.0,848.0,1.0,139.0,1.0,30.0,0.0,0.0,0.0,0.0,0.0,0.0,0.0,2020-12-21 10:00:00,7119.149,1.977541388888889,21.216666666666665,22.216666666666665
P004,1.0,0.0,0.0,0.0,0.0,0.0,0.0,7.816666666666666,0.0,0.0,727.0699999999999,11.0,994.386993,24.0,192.52065074443817,102.0,27.324,102.0,192.52065074443817,102.0,0.0,102.0,0.0,102.0,0.0,102.0,0.0,102.0,27.324,102.0,0.0,102.0,0.0,102.0,0.0,102.0,0.0,102.0,0.4162869165139555,16.0,5.0,6.0,91.0,818.0,11.0,896.0,104.419996,6.0,0.0,0.0,0.0,0.0,0.0,0.0,0.0,0.0,1.0,0.0,0.0,1.0,0.0,0.0,0.0,0.0,0.0,0.0,0.0,0.0,0.0,0.0,0.0,0.0,2020-12-21 11:00:00,7119.149,1.977541388888889,21.216666666666665,22.216666666666665
P004,1.0,0.0,0.0,0.0,0.0,0.0,0.0,22.366666666666667,0.0,0.0,796.697005,40.0,856.4169949999999,66.0,2244.862636446953,993.0,250.508,993.0,2221.7553273439407,993.0,0.0,993.0,0.0,993.0,0.0,993.0,0.0,993.0,249.228,993.0,0.0,993.0,0.0,993.0,0.0,993.0,0.0,993.0,0.035054292844752,7.0,3.0,2.0,988.0,792.0,2.0,1833.0,0.0,0.0,0.0,0.0,0.0,0.0,0.0,0.0,0.0,0.0,0.0,0.0,0.0,0.0,0.0,0.0,0.0,0.0,0.0,0.0,0.0,0.0,0.0,0.0,0.0,0.0,2020-12-21 12:00:00,7119.149,1.977541388888889,21.216666666666665,22.216666666666665
P004,1.0,0.0,0.0,0.0,0.0,0.0,0.0,36.73333333333333,0.0,0.0,304.277973,34.0,1308.0079559999997,63.0,704.0570540428162,370.0,56.06,370.0,704.0570540428162,370.0,0.0,370.0,0.0,370.0,0.0,370.0,0.0,370.0,56.06,370.0,0.0,370.0,0.0,370.0,0.0,370.0,0.0,370.0,0.2572251683967306,28.0,10.0,11.0,349.0,1220.0,52.0,2251.0,0.142999,6.0,0.0,0.0,0.0,0.0,0.0,0.0,0.0,0.0,1.0,1.0,0.0,0.0,79.0,0.0,0.0,0.0,0.0,0.0,0.0,0.0,0.0,0.0,,0.0,2020-12-21 13:00:00,7119.149,1.977541388888889,21.216666666666665,22.216666666666665
P004,1.0,0.0,0.0,0.0,0.0,0.0,0.0,7.3,0.0,0.0,0.089997,9.0,779.4309819999999,36.0,206.83174872398376,131.0,19.32,131.0,206.83174872398376,131.0,0.0,131.0,0.0,131.0,0.0,131.0,0.0,131.0,19.32,131.0,0.0,131.0,0.0,131.0,0.0,131.0,0.0,131.0,0.0895805280663752,3.0,1.0,1.0,129.0,172.0,1.0,1557.0,175.001004,7.0,0.0,0.0,0.0,0.0,0.0,0.0,0.0,0.0,1.0,0.0,0.0,0.0,0.0,1.0,903.0,0.0,0.0,0.0,0.0,0.0,0.0,0.0,0.0,,2020-12-21 14:00:00,7119.149,1.977541388888889,21.216666666666665,22.216666666666665
P004,0.0,0.0,0.0,0.0,0.0,0.0,0.0,0.0,0.0,0.0,0.0,0.0,0.0,0.0,0.0,0.0,0.0,0.0,0.0,0.0,0.0,0.0,0.0,0.0,0.0,0.0,0.0,0.0,0.0,0.0,0.0,0.0,0.0,0.0,0.0,0.0,0.0,0.0,0.0,0.0,0.0,0.0,0.0,0.0,0.0,0.0,0.0,0.0,0.0,0.0,0.0,0.0,0.0,0.0,0.0,0.0,0.0,0.0,0.0,0.0,0.0,0.0,0.0,0.0,0.0,0.0,0.0,0.0,0.0,0.0,1.0,0.0,2020-12-21 15:00:00,7119.149,1.977541388888889,21.216666666666665,22.216666666666665
P004,1.0,0.0,0.0,0.0,0.0,0.0,0.0,0.0,0.0,0.0,0.0,0.0,0.0,0.0,0.0,0.0,0.0,0.0,0.0,0.0,0.0,0.0,0.0,0.0,0.0,0.0,0.0,0.0,0.0,0.0,0.0,0.0,0.0,0.0,0.0,0.0,0.0,0.0,0.0,0.0,0.0,0.0,0.0,0.0,0.0,0.0,0.0,0.0,0.0,0.0,0.0,0.0,0.0,0.0,0.0,0.0,0.0,0.0,0.0,0.0,0.0,0.0,0.0,0.0,0.0,0.0,0.0,0.0,0.0,0.0,0.0,1.0,2020-12-21 16:00:00,7119.149,1.977541388888889,21.216666666666665,22.216666666666665
P004,0.0,0.0,0.0,0.0,0.0,0.0,0.0,0.0,0.0,0.0,0.0,0.0,0.0,0.0,0.0,0.0,0.0,0.0,0.0,0.0,0.0,0.0,0.0,0.0,0.0,0.0,0.0,0.0,0.0,0.0,0.0,0.0,0.0,0.0,0.0,0.0,0.0,0.0,0.0,0.0,0.0,0.0,0.0,0.0,0.0,0.0,0.0,0.0,0.0,0.0,0.0,0.0,0.0,0.0,0.0,0.0,0.0,0.0,0.0,0.0,0.0,0.0,0.0,0.0,0.0,0.0,0.0,0.0,0.0,0.0,,0.0,2020-12-21 17:00:00,7119.149,1.977541388888889,21.216666666666665,22.216666666666665
P004,0.0,0.0,0.0,0.0,0.0,0.0,0.0,0.0,0.0,0.0,0.0,0.0,0.0,0.0,0.0,0.0,0.0,0.0,0.0,0.0,0.0,0.0,0.0,0.0,0.0,0.0,0.0,0.0,0.0,0.0,0.0,0.0,0.0,0.0,0.0,0.0,0.0,0.0,0.0,0.0,0.0,0.0,0.0,0.0,0.0,0.0,0.0,0.0,0.0,0.0,0.0,0.0,0.0,0.0,0.0,0.0,0.0,0.0,0.0,0.0,0.0,0.0,0.0,0.0,0.0,0.0,0.0,0.0,0.0,0.0,0.0,,2020-12-21 18:00:00,7119.149,1.977541388888889,21.216666666666665,22.216666666666665
P004,1.0,0.0,0.0,0.0,0.0,0.0,0.0,0.0,0.0,0.0,0.0,0.0,0.0,0.0,0.0,0.0,0.0,0.0,0.0,0.0,0.0,0.0,0.0,0.0,0.0,0.0,0.0,0.0,0.0,0.0,0.0,0.0,0.0,0.0,0.0,0.0,0.0,0.0,0.0,0.0,0.0,0.0,0.0,0.0,0.0,0.0,0.0,0.0,0.0,0.0,0.0,0.0,0.0,0.0,0.0,0.0,0.0,0.0,0.0,0.0,0.0,0.0,0.0,0.0,0.0,0.0,0.0,0.0,0.0,0.0,,0.0,2020-12-21 19:00:00,7119.149,1.977541388888889,21.216666666666665,22.216666666666665
P004,3.0,3.0,0.0,3.4166666666666665,0.0,0.0,0.0,42.41666666666666,0.078997,7.0,1400.03497,49.0,2310.791968,70.0,1535.698487281799,714.0,170.203,714.0,1508.1191028356552,714.0,0.0,714.0,0.0,714.0,0.0,714.0,27.579384446144104,714.0,167.914,714.0,0.0,714.0,0.0,714.0,0.0,714.0,2.289,714.0,0.1289782216819516,22.0,8.0,9.0,697.0,2139.0,85.0,1289.0,0.0,0.0,0.0,0.0,0.0,0.0,0.0,0.0,0.0,2.0,1.0,2.0,340.0,0.0,52.0,0.0,0.0,0.0,0.0,0.0,0.0,0.0,0.0,0.0,0.0,,2020-12-22 08:00:00,6202.181,1.7228280555555555,3.2666666666666666,4.133333333333334
P004,2.0,1.6333333333333333,0.0,0.0,0.0,0.0,0.0,45.38333333333333,0.0,0.0,569.995021,22.0,2910.127985,29.0,1807.1496032476423,707.0,236.914,707.0,1807.1496032476423,707.0,0.0,707.0,0.0,707.0,0.0,707.0,0.0,707.0,236.914,707.0,0.0,707.0,0.0,707.0,0.0,707.0,0.0,707.0,0.1995746307413606,32.0,15.0,14.0,678.0,2647.0,260.0,490.0,0.0,0.0,0.0,0.0,0.0,0.0,0.0,0.0,0.0,1.0,3.0,2.0,226.0,1961.0,300.0,0.0,0.0,1.0,91.0,0.0,0.0,0.0,0.0,0.0,0.0,0.0,2020-12-22 09:00:00,6202.181,1.7228280555555555,3.2666666666666666,4.133333333333334
P004,1.0,0.0,0.0,0.0,0.0,0.0,0.0,28.0,0.0,0.0,0.0,0.0,0.0,0.0,0.0,22.0,0.0,22.0,0.0,22.0,0.0,22.0,0.0,22.0,0.0,22.0,0.0,22.0,0.0,22.0,0.0,22.0,0.0,22.0,0.0,22.0,0.0,22.0,0.6931471805599453,21.0,11.0,11.0,0.0,1567.0,435.0,0.0,0.0,0.0,0.0,0.0,0.0,0.0,0.0,0.0,0.0,1.0,2.0,2.0,63.0,50.0,162.0,0.0,0.0,0.0,0.0,0.0,0.0,0.0,0.0,0.0,0.0,0.0,2020-12-22 10:00:00,6202.181,1.7228280555555555,3.2666666666666666,4.133333333333334
P004,1.0,0.0,0.0,0.0,0.0,0.0,0.0,0.0,0.213997,7.0,194.23098,32.0,1288.779001,57.0,473.8807119131088,249.0,66.505,249.0,462.0874956846237,249.0,0.0,249.0,0.0,249.0,0.0,249.0,0.0,249.0,64.636,249.0,0.0,249.0,0.0,249.0,0.0,249.0,0.0,249.0,0.1118658354258904,7.0,2.0,3.0,244.0,891.0,3.0,2245.0,0.623999,5.0,0.0,0.0,0.0,0.0,0.0,0.0,0.0,0.0,0.0,0.0,0.0,0.0,0.0,0.0,0.0,0.0,0.0,0.0,0.0,0.0,0.0,0.0,0.0,0.0,2020-12-22 11:00:00,6202.181,1.7228280555555555,3.2666666666666666,4.133333333333334
P004,1.0,0.0,0.0,0.0,0.0,0.0,0.0,22.25,0.0,0.0,477.76299499999993,31.0,479.47799,45.0,1952.3825875520704,939.0,179.299,939.0,1952.3825875520704,939.0,0.0,939.0,0.0,939.0,0.0,939.0,0.0,939.0,179.299,939.0,0.0,939.0,0.0,939.0,0.0,939.0,0.0,939.0,0.066347537267478,12.0,5.0,5.0,929.0,439.0,16.0,2372.0,1.097998,6.0,0.0,0.0,0.0,0.0,0.0,0.0,0.0,0.0,1.0,1.0,0.0,0.0,165.0,0.0,0.0,0.0,0.0,0.0,0.0,0.0,0.0,0.0,,0.0,2020-12-22 12:00:00,6202.181,1.7228280555555555,3.2666666666666666,4.133333333333334
P004,1.0,0.0,0.0,0.0,0.0,0.0,0.0,53.73333333333333,0.0,0.0,1182.663956,43.0,1239.919934,92.0,122.54424262046814,149.0,17.602,149.0,122.54424262046814,149.0,0.0,149.0,0.0,149.0,0.0,149.0,0.0,149.0,17.602,149.0,0.0,149.0,0.0,149.0,0.0,149.0,0.0,149.0,0.3142902325949015,15.0,6.0,5.0,138.0,1068.0,21.0,2317.0,1.7759969999999998,11.0,0.0,0.0,0.0,0.0,0.0,0.0,0.0,0.0,1.0,0.0,0.0,1.0,0.0,0.0,0.0,0.0,0.0,0.0,0.0,0.0,0.0,0.0,1.0,,2020-12-22 14:00:00,6202.181,1.7228280555555555,3.2666666666666666,4.133333333333334
P004,1.0,0.0,0.0,0.0,0.0,0.0,0.0,38.3,0.076,2.0,1270.629003,40.0,1271.092994,72.0,1831.2619403600693,923.0,1087.52,923.0,1824.8477268219,923.0,6.414213538169861,923.0,0.0,923.0,0.0,923.0,0.0,923.0,323.212,923.0,764.308,923.0,0.0,923.0,0.0,923.0,0.0,923.0,0.1145473125954914,21.0,9.0,10.0,904.0,1031.0,49.0,2017.0,0.038,4.0,0.0,0.0,0.0,0.0,0.0,0.0,0.0,0.0,2.0,2.0,0.0,89.0,268.0,0.0,0.0,0.0,0.0,0.0,0.0,0.0,0.0,0.0,0.0,1.0,2020-12-22 15:00:00,6202.181,1.7228280555555555,3.2666666666666666,4.133333333333334
P004,0.0,0.0,0.0,0.0,0.0,0.0,0.0,0.0,0.0,0.0,0.0,0.0,0.0,0.0,0.0,0.0,0.0,0.0,0.0,0.0,0.0,0.0,0.0,0.0,0.0,0.0,0.0,0.0,0.0,0.0,0.0,0.0,0.0,0.0,0.0,0.0,0.0,0.0,0.0,0.0,0.0,0.0,0.0,0.0,0.0,0.0,0.0,0.0,0.0,0.0,0.0,0.0,0.0,0.0,0.0,0.0,0.0,0.0,0.0,0.0,0.0,0.0,0.0,0.0,0.0,0.0,0.0,0.0,0.0,0.0,0.0,0.0,2020-12-22 16:00:00,6202.181,1.7228280555555555,3.2666666666666666,4.133333333333334
P004,0.0,0.0,0.0,0.0,0.0,0.0,0.0,0.0,0.0,0.0,0.0,0.0,0.14,1.0,0.0,2.0,0.0,2.0,0.0,2.0,0.0,2.0,0.0,2.0,0.0,2.0,0.0,2.0,0.0,2.0,0.0,2.0,0.0,2.0,0.0,2.0,0.0,2.0,0.6931471805599453,1.0,1.0,0.0,1.0,0.0,0.0,3.0,0.0,0.0,0.0,0.0,0.0,0.0,0.0,0.0,0.0,0.0,0.0,0.0,0.0,0.0,0.0,0.0,0.0,0.0,0.0,0.0,0.0,0.0,0.0,0.0,1.0,0.0,2020-12-22 17:00:00,6202.181,1.7228280555555555,3.2666666666666666,4.133333333333334
P004,0.0,0.0,0.0,0.0,0.0,0.0,0.0,0.0,0.0,0.0,0.0,0.0,0.0,0.0,0.0,0.0,0.0,0.0,0.0,0.0,0.0,0.0,0.0,0.0,0.0,0.0,0.0,0.0,0.0,0.0,0.0,0.0,0.0,0.0,0.0,0.0,0.0,0.0,0.0,0.0,0.0,0.0,0.0,0.0,0.0,0.0,0.0,0.0,0.0,0.0,0.0,0.0,0.0,0.0,0.0,0.0,0.0,0.0,0.0,0.0,0.0,0.0,0.0,0.0,0.0,0.0,0.0,0.0,0.0,0.0,,1.0,2020-12-22 18:00:00,6202.181,1.7228280555555555,3.2666666666666666,4.133333333333334
P004,2.0,0.0,0.0,52.35,0.0,0.0,0.0,1.7166666666666666,0.0,0.0,59.264996,10.0,3390.281107,20.0,213.11992156505585,113.0,21.28,113.0,213.11992156505585,113.0,0.0,113.0,0.0,113.0,0.0,113.0,0.0,113.0,21.28,113.0,0.0,113.0,0.0,113.0,0.0,113.0,0.0,113.0,0.2443403937616094,9.0,3.0,3.0,107.0,3188.0,20.0,240.0,0.0,0.0,0.0,0.0,0.0,0.0,0.0,0.0,0.0,0.0,3.0,3.0,0.0,2718.0,528.0,1.0,124.0,0.0,0.0,0.0,0.0,0.0,0.0,0.0,0.0,,2020-12-23 09:00:00,5654.611,1.5707252777777778,6.283333333333333,7.066666666666666
P004,1.0,0.0,0.0,0.0,0.0,0.0,0.0,23.933333333333334,0.0,0.0,0.0,0.0,3171.367083,3.0,0.0,12.0,0.0,12.0,0.0,12.0,0.0,12.0,0.0,12.0,0.0,12.0,0.0,12.0,0.0,12.0,0.0,12.0,0.0,12.0,0.0,12.0,0.0,12.0,1.077556327066801,10.0,5.0,4.0,3.0,3122.0,48.0,302.0,0.0,0.0,0.0,0.0,0.0,0.0,0.0,0.0,0.0,0.0,2.0,2.0,0.0,138.0,52.0,0.0,0.0,0.0,0.0,0.0,0.0,0.0,0.0,0.0,,0.0,2020-12-23 10:00:00,5654.611,1.5707252777777778,6.283333333333333,7.066666666666666
P004,1.0,0.0,0.0,0.0,0.0,0.0,0.0,38.45,2.481997,11.0,927.996976,42.0,2495.031962,95.0,1684.1189069747925,766.0,184.216,766.0,1060.0799058675766,766.0,0.0,766.0,543.1637033224106,766.0,0.0,766.0,19.846816778182983,766.0,141.797,766.0,0.0,766.0,35.47,766.0,0.0,766.0,1.341,766.0,0.1556170404670493,31.0,11.0,12.0,743.0,1251.0,91.0,2088.0,0.5029980000000001,3.0,0.158999,3.0,0.0,0.0,0.0,0.0,0.0,0.0,1.0,1.0,0.0,0.0,36.0,0.0,0.0,0.0,0.0,0.0,3.0,3.0,0.0,0.0,0.0,,2020-12-23 11:00:00,5654.611,1.5707252777777778,6.283333333333333,7.066666666666666
P004,1.0,0.0,0.0,0.0,0.0,0.0,0.0,13.05,0.0,0.0,2300.512983,21.0,2301.766977,38.0,348.8593167066574,217.0,56.723,217.0,299.4785741567612,217.0,43.7238883972168,217.0,5.656854152679443,217.0,0.0,217.0,0.0,217.0,44.767,217.0,5.045,217.0,6.911,217.0,0.0,217.0,0.0,217.0,0.1046539433176608,6.0,2.0,2.0,213.0,2125.0,8.0,1155.0,0.008,1.0,0.018999,1.0,0.0,0.0,0.0,0.0,0.0,0.0,1.0,1.0,0.0,0.0,52.0,0.0,0.0,1.0,64.0,0.0,0.0,0.0,0.0,0.0,0.0,0.0,2020-12-23 12:00:00,5654.611,1.5707252777777778,6.283333333333333,7.066666666666666
P004,1.0,0.0,0.0,0.0,0.0,0.0,0.0,21.166666666666668,0.0,0.0,0.210995,14.0,152.26298499999996,31.0,702.7423748970032,299.0,76.156,299.0,365.1699839830399,299.0,337.5723909139633,299.0,0.0,299.0,0.0,299.0,0.0,299.0,28.31,299.0,47.846,299.0,0.0,299.0,0.0,299.0,0.0,299.0,0.1270217520768999,10.0,4.0,3.0,292.0,145.0,6.0,1496.0,0.097999,4.0,0.0,0.0,0.0,0.0,0.0,0.0,0.0,0.0,1.0,1.0,0.0,0.0,33.0,0.0,0.0,0.0,0.0,0.0,0.0,0.0,0.0,0.0,,0.0,2020-12-23 13:00:00,5654.611,1.5707252777777778,6.283333333333333,7.066666666666666
P004,1.0,0.0,0.0,0.0,0.0,0.0,0.0,0.0,0.0,0.0,0.0,0.0,1185.195,1.0,0.0,3.0,0.0,3.0,0.0,3.0,0.0,3.0,0.0,3.0,0.0,3.0,0.0,3.0,0.0,3.0,0.0,3.0,0.0,3.0,0.0,3.0,0.0,3.0,1.0986122886681096,2.0,1.0,1.0,1.0,0.0,2.0,4.0,0.0,0.0,0.0,0.0,0.0,0.0,0.0,0.0,0.0,0.0,0.0,0.0,0.0,0.0,0.0,0.0,0.0,0.0,0.0,0.0,0.0,0.0,0.0,0.0,0.0,,2020-12-23 14:00:00,5654.611,1.5707252777777778,6.283333333333333,7.066666666666666
P004,2.0,3.533333333333333,0.0,0.0,0.0,0.0,0.0,20.83333333333333,0.0,0.0,298.318993,24.0,1971.162986,70.0,555.3493634462357,330.0,180.599,330.0,517.7259641885757,330.0,0.0,330.0,0.0,330.0,0.0,330.0,0.0,330.0,175.12,330.0,0.0,330.0,0.0,330.0,0.0,330.0,0.0,330.0,0.143865480122995,14.0,4.0,5.0,321.0,229.0,9.0,1958.0,1.604998,10.0,0.0,0.0,0.0,0.0,0.0,0.0,0.0,0.0,1.0,1.0,0.0,0.0,255.0,0.0,0.0,0.0,0.0,0.0,0.0,0.0,0.0,0.0,0.0,0.0,2020-12-23 15:00:00,5654.611,1.5707252777777778,6.283333333333333,7.066666666666666
P004,2.0,12.5,0.0,0.0,0.0,0.0,0.0,23.633333333333333,2.3029720000000005,82.0,898.2579859999998,47.0,1012.5008659999996,342.0,780.3419207334518,650.0,684.827,650.0,700.0382255315781,650.0,0.0,650.0,35.632511377334595,650.0,0.0,650.0,29.0,650.0,678.558,650.0,0.0,650.0,1.323,650.0,0.0,650.0,3.201,650.0,0.097469758697708,15.0,6.0,5.0,639.0,1167.0,9.0,2169.0,0.352997,8.0,65.342985,34.0,0.0,0.0,0.0,0.0,0.0,0.0,1.0,1.0,0.0,0.0,129.0,0.0,0.0,0.0,0.0,0.0,5.0,5.0,0.0,0.0,0.0,0.0,2020-12-23 16:00:00,5654.611,1.5707252777777778,6.283333333333333,7.066666666666666
P004,1.0,0.0,0.0,0.0,0.0,0.0,0.0,9.75,0.0,0.0,355.21901,7.0,1125.022002,25.0,264.687611579895,100.0,16.776,100.0,245.83526182174683,100.0,0.0,100.0,0.0,100.0,0.0,100.0,0.0,100.0,15.564,100.0,0.0,100.0,0.0,100.0,0.0,100.0,0.0,100.0,0.3643643649912571,12.0,4.0,5.0,91.0,1056.0,14.0,2203.0,0.017,2.0,0.0,0.0,0.0,0.0,0.0,0.0,0.0,0.0,0.0,0.0,0.0,0.0,0.0,0.0,0.0,0.0,0.0,0.0,0.0,0.0,0.0,0.0,0.0,0.0,2020-12-23 17:00:00,5654.611,1.5707252777777778,6.283333333333333,7.066666666666666
P004,1.0,0.0,0.0,0.0,0.0,0.0,0.0,15.066666666666666,0.0,0.0,95.059997,1.0,95.262996,4.0,0.0,7.0,0.0,7.0,0.0,7.0,0.0,7.0,0.0,7.0,0.0,7.0,0.0,7.0,0.0,7.0,0.0,7.0,0.0,7.0,0.0,7.0,0.0,7.0,0.9556998911125344,3.0,2.0,1.0,4.0,91.0,4.0,598.0,0.0,0.0,0.0,0.0,0.0,0.0,0.0,0.0,0.0,0.0,0.0,0.0,0.0,0.0,0.0,0.0,0.0,0.0,0.0,0.0,0.0,0.0,0.0,0.0,0.0,0.0,2020-12-23 18:00:00,5654.611,1.5707252777777778,6.283333333333333,7.066666666666666
P004,0.0,0.0,0.0,0.0,0.0,0.0,0.0,0.0,0.0,0.0,0.0,0.0,0.0,0.0,0.0,0.0,0.0,0.0,0.0,0.0,0.0,0.0,0.0,0.0,0.0,0.0,0.0,0.0,0.0,0.0,0.0,0.0,0.0,0.0,0.0,0.0,0.0,0.0,0.0,0.0,0.0,0.0,0.0,0.0,0.0,0.0,0.0,0.0,0.0,0.0,0.0,0.0,0.0,0.0,0.0,0.0,0.0,0.0,0.0,0.0,0.0,0.0,0.0,0.0,0.0,0.0,0.0,0.0,0.0,0.0,,0.0,2020-12-23 19:00:00,5654.611,1.5707252777777778,6.283333333333333,7.066666666666666
P004,0.0,0.0,0.0,0.0,0.0,0.0,0.0,0.0,0.0,0.0,343.921008,4.0,3032.370014,19.0,21.50794529914856,43.0,1.632,43.0,0.0,43.0,0.0,43.0,0.0,43.0,0.0,43.0,0.0,43.0,0.0,43.0,0.0,43.0,0.0,43.0,0.0,43.0,0.0,43.0,0.9699922549085168,23.0,9.0,9.0,25.0,2501.0,35.0,370.0,0.0,0.0,0.0,0.0,0.0,0.0,0.0,0.0,0.0,0.0,0.0,0.0,0.0,0.0,0.0,0.0,0.0,0.0,0.0,0.0,2.0,2.0,0.0,0.0,0.0,,2020-12-24 09:00:00,21619.643,6.005456388888889,2.4166666666666665,5.416666666666667
P004,1.0,0.0,0.0,0.0,0.0,0.0,0.0,39.5,0.0,0.0,0.064999,3.0,3497.910941,9.0,1347.9259717464447,445.0,122.844,445.0,321.70402002334595,445.0,0.0,445.0,0.0,445.0,0.0,445.0,991.5482350587844,445.0,32.714,445.0,0.0,445.0,0.0,445.0,0.0,445.0,82.231,445.0,0.1025211110522356,10.0,4.0,4.0,437.0,1950.0,44.0,175.0,0.0,0.0,0.0,0.0,0.0,0.0,0.0,0.0,0.0,0.0,0.0,0.0,0.0,0.0,0.0,0.0,0.0,0.0,0.0,0.0,0.0,0.0,0.0,0.0,0.0,0.0,2020-12-24 10:00:00,21619.643,6.005456388888889,2.4166666666666665,5.416666666666667
P004,1.0,0.0,0.0,0.0,0.0,0.0,0.0,7.533333333333333,0.004999,1.0,1235.255998,3.0,2659.496960000001,54.0,765.086718082428,317.0,274.78,317.0,440.705841422081,317.0,0.0,317.0,0.0,317.0,0.0,317.0,250.1253879070282,317.0,27.253,317.0,0.0,317.0,0.0,317.0,0.0,317.0,242.589,317.0,0.3305884246444911,37.0,12.0,13.0,292.0,1396.0,20.0,925.0,0.0,0.0,0.0,0.0,0.0,0.0,0.0,0.0,0.0,0.0,2.0,2.0,0.0,76.0,46.0,0.0,0.0,0.0,0.0,0.0,0.0,0.0,0.0,0.0,,0.0,2020-12-24 11:00:00,21619.643,6.005456388888889,2.4166666666666665,5.416666666666667
P004,1.0,0.0,0.0,0.0,0.0,0.0,0.0,22.83333333333333,0.0,0.0,1381.928968,24.0,2071.312942,84.0,529.7178015708923,270.0,71.381,270.0,96.85453498363496,270.0,0.0,270.0,0.0,270.0,0.0,270.0,0.0,270.0,5.386,270.0,0.0,270.0,0.0,270.0,0.0,270.0,0.0,270.0,0.4559912187990478,47.0,17.0,16.0,237.0,2011.0,49.0,1462.0,0.0,0.0,0.0,0.0,0.0,0.0,0.0,0.0,0.0,0.0,0.0,0.0,0.0,0.0,0.0,0.0,0.0,0.0,0.0,0.0,0.0,0.0,0.0,0.0,0.0,,2020-12-24 12:00:00,21619.643,6.005456388888889,2.4166666666666665,5.416666666666667
P004,3.0,9.383333333333333,0.0,9.066666666666666,0.0,0.0,0.0,21.03333333333333,0.0,0.0,1907.982993,21.0,1908.186992,25.0,759.9793672561646,333.0,49.588,333.0,759.9793672561646,333.0,0.0,333.0,0.0,333.0,0.0,333.0,0.0,333.0,49.588,333.0,0.0,333.0,0.0,333.0,0.0,333.0,0.0,333.0,0.4820068118655525,51.0,22.0,22.0,289.0,1776.0,174.0,296.0,0.0,0.0,0.0,0.0,0.0,0.0,0.0,0.0,0.0,3.0,6.0,6.0,663.0,911.0,621.0,0.0,0.0,0.0,0.0,0.0,0.0,0.0,0.0,0.0,,0.0,2020-12-24 13:00:00,21619.643,6.005456388888889,2.4166666666666665,5.416666666666667
P004,1.0,0.0,0.0,0.0,0.0,0.0,0.0,10.916666666666666,0.0,0.0,3.1749820000000004,33.0,2433.7309909999994,62.0,193.50685167312625,144.0,381.306,144.0,193.50685167312625,144.0,0.0,144.0,0.0,144.0,0.0,144.0,0.0,144.0,381.306,144.0,0.0,144.0,0.0,144.0,0.0,144.0,0.0,144.0,0.2276021804861603,11.0,3.0,4.0,137.0,1357.0,3.0,1072.0,0.014999,3.0,0.0,0.0,0.0,0.0,0.0,0.0,0.0,0.0,0.0,0.0,0.0,0.0,0.0,0.0,0.0,0.0,0.0,0.0,0.0,0.0,0.0,0.0,0.0,,2020-12-24 14:00:00,21619.643,6.005456388888889,2.4166666666666665,5.416666666666667
P004,1.0,0.0,0.0,0.0,0.0,0.0,0.0,17.683333333333334,0.0,0.0,0.470995,26.0,140.39398100000005,63.0,833.6828659772873,382.0,313.176,382.0,337.6014060974121,382.0,496.0814598798752,382.0,0.0,382.0,0.0,382.0,0.0,382.0,198.692,382.0,114.484,382.0,0.0,382.0,0.0,382.0,0.0,382.0,0.0181782999069074,1.0,1.0,0.0,381.0,0.0,0.0,3090.0,2.501994,14.0,0.0,0.0,0.0,0.0,0.0,0.0,0.0,0.0,0.0,0.0,0.0,0.0,0.0,0.0,0.0,0.0,0.0,0.0,0.0,0.0,0.0,0.0,0.0,0.0,2020-12-24 15:00:00,21619.643,6.005456388888889,2.4166666666666665,5.416666666666667
P004,1.0,0.0,0.0,0.0,0.0,0.0,0.0,16.583333333333332,0.0,0.0,1.390993,19.0,2780.705089,30.0,1019.0205465555192,459.0,130.645,459.0,1019.0205465555192,459.0,0.0,459.0,0.0,459.0,0.0,459.0,0.0,459.0,130.645,459.0,0.0,459.0,0.0,459.0,0.0,459.0,0.0,459.0,0.2093400919780154,25.0,10.0,10.0,439.0,2579.0,27.0,639.0,0.0,0.0,0.0,0.0,0.0,0.0,0.0,0.0,0.0,0.0,0.0,0.0,0.0,0.0,0.0,0.0,0.0,0.0,0.0,0.0,0.0,0.0,0.0,0.0,0.0,0.0,2020-12-24 16:00:00,21619.643,6.005456388888889,2.4166666666666665,5.416666666666667
P004,1.0,0.0,0.0,0.0,0.0,0.0,0.0,0.0,0.0,0.0,82.404,1.0,82.404,1.0,0.0,3.0,0.0,3.0,0.0,3.0,0.0,3.0,0.0,3.0,0.0,3.0,0.0,3.0,0.0,3.0,0.0,3.0,0.0,3.0,0.0,3.0,0.0,3.0,1.0986122886681096,2.0,1.0,1.0,1.0,0.0,6.0,4.0,0.0,0.0,0.0,0.0,0.0,0.0,0.0,0.0,0.0,0.0,0.0,0.0,0.0,0.0,0.0,0.0,0.0,0.0,0.0,0.0,0.0,0.0,0.0,0.0,,0.0,2020-12-24 17:00:00,21619.643,6.005456388888889,2.4166666666666665,5.416666666666667
P004,1.0,0.0,0.0,0.0,0.0,0.0,0.0,3.5166666666666666,0.0,0.0,711.428,1.0,835.102986,33.0,0.0,47.0,0.0,47.0,0.0,47.0,0.0,47.0,0.0,47.0,0.0,47.0,0.0,47.0,0.0,47.0,0.0,47.0,0.0,47.0,0.0,47.0,0.0,47.0,0.8155201205362663,21.0,7.0,7.0,33.0,556.0,20.0,155.0,0.0,0.0,0.0,0.0,0.0,0.0,0.0,0.0,0.0,0.0,0.0,0.0,0.0,0.0,0.0,0.0,0.0,0.0,0.0,0.0,0.0,0.0,0.0,0.0,0.0,,2020-12-24 18:00:00,21619.643,6.005456388888889,2.4166666666666665,5.416666666666667
P004,1.0,0.0,0.0,0.0,0.0,0.0,0.0,0.0,0.0,0.0,0.0,0.0,0.0,0.0,0.0,0.0,0.0,0.0,0.0,0.0,0.0,0.0,0.0,0.0,0.0,0.0,0.0,0.0,0.0,0.0,0.0,0.0,0.0,0.0,0.0,0.0,0.0,0.0,0.0,0.0,0.0,0.0,0.0,0.0,0.0,0.0,0.0,0.0,0.0,0.0,0.0,0.0,0.0,0.0,0.0,0.0,0.0,0.0,0.0,0.0,0.0,0.0,0.0,0.0,0.0,0.0,0.0,0.0,0.0,0.0,,0.0,2020-12-24 19:00:00,21619.643,6.005456388888889,2.4166666666666665,5.416666666666667
P004,2.0,7.15,0.0,0.0,0.0,0.0,0.0,6.816666666666666,0.0,0.0,52.195995,7.0,834.014986,18.0,200.3474117517472,112.0,18.406,112.0,137.9121904373169,112.0,0.0,112.0,0.0,112.0,0.0,112.0,0.0,112.0,12.632,112.0,0.0,112.0,0.0,112.0,0.0,112.0,0.0,112.0,0.3068291534409705,10.0,4.0,4.0,104.0,816.0,15.0,1662.0,780.192993,1.0,0.0,0.0,0.0,0.0,0.0,0.0,0.0,2.0,1.0,1.0,251.0,0.0,93.0,0.0,0.0,1.0,31.0,0.0,0.0,0.0,0.0,0.0,0.0,,2020-12-25 11:00:00,23587.006,6.551946111111112,3.4333333333333336,6.716666666666667
P004,1.0,0.0,0.0,0.0,0.0,0.0,0.0,9.833333333333334,0.0,0.0,60.442,7.0,99.735996,16.0,470.65773701667786,253.0,64.063,253.0,428.7822291851044,253.0,0.0,253.0,0.0,253.0,0.0,253.0,0.0,253.0,61.209,253.0,0.0,253.0,0.0,253.0,0.0,253.0,0.0,253.0,0.0,0.0,0.0,0.0,253.0,0.0,0.0,1837.0,0.211,3.0,0.0,0.0,0.0,0.0,0.0,0.0,0.0,0.0,0.0,0.0,0.0,0.0,0.0,0.0,0.0,0.0,0.0,0.0,0.0,0.0,0.0,0.0,0.0,0.0,2020-12-25 12:00:00,23587.006,6.551946111111112,3.4333333333333336,6.716666666666667
P004,0.0,0.0,0.0,0.0,0.0,0.0,0.0,0.0,0.0,0.0,0.0,0.0,0.016,1.0,0.0,22.0,0.0,22.0,0.0,22.0,0.0,22.0,0.0,22.0,0.0,22.0,0.0,22.0,0.0,22.0,0.0,22.0,0.0,22.0,0.0,22.0,0.0,22.0,0.8454652292345644,21.0,11.0,10.0,1.0,2895.0,17.0,3.0,0.0,0.0,0.0,0.0,0.0,0.0,0.0,0.0,0.0,0.0,0.0,0.0,0.0,0.0,0.0,0.0,0.0,0.0,0.0,0.0,0.0,0.0,0.0,0.0,0.0,0.0,2020-12-25 13:00:00,23587.006,6.551946111111112,3.4333333333333336,6.716666666666667
P004,1.0,0.0,0.0,0.0,0.0,0.0,0.0,0.0,0.0,0.0,540.706006,9.0,2637.634995,33.0,186.84571039676663,108.0,15.876,108.0,143.12648713588715,108.0,0.0,108.0,0.0,108.0,0.0,108.0,0.0,108.0,13.221,108.0,0.0,108.0,0.0,108.0,0.0,108.0,0.0,108.0,0.4755344528635275,19.0,7.0,7.0,94.0,2091.0,16.0,219.0,0.150996,5.0,0.094999,2.0,0.0,0.0,0.0,0.0,0.0,0.0,0.0,0.0,0.0,0.0,0.0,0.0,0.0,0.0,0.0,0.0,0.0,0.0,0.0,0.0,,0.0,2020-12-25 14:00:00,23587.006,6.551946111111112,3.4333333333333336,6.716666666666667
P004,1.0,0.0,0.0,0.0,0.0,0.0,0.0,43.333333333333336,0.0,0.0,488.621974,51.0,1344.2869870000002,74.0,590.8114556074142,297.0,136.418,297.0,543.541011095047,297.0,0.0,297.0,0.0,297.0,0.0,297.0,0.0,297.0,132.85,297.0,0.0,297.0,0.0,297.0,0.0,297.0,0.0,297.0,0.15661097622424,13.0,4.0,5.0,288.0,1049.0,6.0,2277.0,0.048998,2.0,0.0,0.0,0.0,0.0,0.0,0.0,0.0,0.0,0.0,0.0,0.0,0.0,0.0,0.0,0.0,0.0,0.0,0.0,0.0,0.0,0.0,0.0,0.0,,2020-12-25 15:00:00,23587.006,6.551946111111112,3.4333333333333336,6.716666666666667
P004,1.0,0.0,0.0,0.0,0.0,0.0,0.0,28.48333333333333,0.0,0.0,621.939007,10.0,644.0010019999999,21.0,4933.979855656624,2120.0,747.448,2120.0,4874.688207983971,2120.0,0.0,2120.0,0.0,2120.0,0.0,2120.0,0.0,2120.0,742.748,2120.0,0.0,2120.0,0.0,2120.0,0.0,2120.0,0.0,2120.0,0.0,0.0,0.0,0.0,2120.0,0.0,0.0,2110.0,0.0,0.0,0.0,0.0,0.0,0.0,0.0,0.0,0.0,0.0,0.0,0.0,0.0,0.0,0.0,0.0,0.0,0.0,0.0,0.0,0.0,0.0,0.0,0.0,0.0,0.0,2020-12-25 16:00:00,23587.006,6.551946111111112,3.4333333333333336,6.716666666666667
P004,0.0,0.0,0.0,0.0,0.0,0.0,0.0,0.0,0.0,0.0,0.0,0.0,1.603997,3.0,0.0,3.0,0.0,3.0,0.0,3.0,0.0,3.0,0.0,3.0,0.0,3.0,0.0,3.0,0.0,3.0,0.0,3.0,0.0,3.0,0.0,3.0,0.0,3.0,0.0,0.0,0.0,0.0,3.0,0.0,0.0,3.0,1.574998,2.0,0.0,0.0,0.0,0.0,0.0,0.0,0.0,0.0,0.0,0.0,0.0,0.0,0.0,0.0,0.0,0.0,0.0,0.0,0.0,0.0,0.0,0.0,0.0,0.0,2020-12-25 17:00:00,23587.006,6.551946111111112,3.4333333333333336,6.716666666666667
P004,1.0,0.0,0.0,0.0,0.0,0.0,0.0,2.9166666666666665,0.0,0.0,0.040998,4.0,0.984982,43.0,962.1429324150084,403.0,209.989,403.0,299.5890684127808,403.0,662.5538640022278,403.0,0.0,403.0,0.0,403.0,0.0,403.0,30.556,403.0,179.433,403.0,0.0,403.0,0.0,403.0,0.0,403.0,0.0,0.0,0.0,0.0,403.0,0.0,0.0,2864.0,0.4309909999999999,14.0,0.223996,15.0,0.0,0.0,0.0,0.0,0.0,0.0,0.0,0.0,0.0,0.0,0.0,0.0,0.0,0.0,0.0,0.0,0.0,0.0,0.0,0.0,,0.0,2020-12-25 18:00:00,23587.006,6.551946111111112,3.4333333333333336,6.716666666666667
P004,1.0,0.0,0.0,0.0,0.0,0.0,0.0,33.68333333333333,19.871999,2.0,120.576994,21.0,325.651979,63.0,458.9820600748062,254.0,43.439,254.0,378.2246261835098,254.0,0.0,254.0,0.0,254.0,0.0,254.0,0.0,254.0,38.309,254.0,0.0,254.0,0.0,254.0,0.0,254.0,0.0,254.0,0.1449723242721024,11.0,3.0,4.0,247.0,75.0,5.0,2895.0,0.013999,2.0,0.0,0.0,0.0,0.0,0.0,0.0,0.0,0.0,0.0,0.0,0.0,0.0,0.0,0.0,0.0,0.0,0.0,0.0,0.0,0.0,0.0,0.0,0.0,,2020-12-26 09:00:00,24221.009,6.728058055555555,3.2666666666666666,6.633333333333333
P004,2.0,18.5,0.0,0.0,0.0,0.0,0.0,39.13333333333333,0.0,0.0,10.083989,20.0,419.169949,154.0,821.1214308738708,476.0,77.42,476.0,573.960800409317,476.0,0.0,476.0,0.0,476.0,0.0,476.0,0.0,476.0,45.843,476.0,0.0,476.0,0.0,476.0,0.0,476.0,0.0,476.0,0.1703858167752811,20.0,8.0,8.0,460.0,1761.0,94.0,1671.0,0.0,0.0,0.057,1.0,0.0,0.0,0.0,0.0,0.0,2.0,3.0,0.0,1050.0,92.0,0.0,0.0,0.0,1.0,42.0,0.0,0.0,0.0,0.0,0.0,,0.0,2020-12-26 10:00:00,24221.009,6.728058055555555,3.2666666666666666,6.633333333333333
P004,1.0,0.0,0.0,0.0,0.0,0.0,0.0,0.0,0.0,0.0,0.0,0.0,0.002,1.0,669.1353117227554,259.0,34.095,259.0,627.3007311820984,259.0,0.0,259.0,0.0,259.0,0.0,259.0,0.0,259.0,29.618,259.0,0.0,259.0,0.0,259.0,0.0,259.0,0.0,259.0,0.4065029092354547,28.0,14.0,13.0,232.0,3123.0,50.0,92.0,0.0,0.0,0.0,0.0,0.0,0.0,0.0,0.0,0.0,0.0,0.0,0.0,0.0,0.0,0.0,0.0,0.0,0.0,0.0,0.0,0.0,0.0,0.0,0.0,0.0,,2020-12-26 11:00:00,24221.009,6.728058055555555,3.2666666666666666,6.633333333333333
P004,1.0,0.0,0.0,0.0,0.0,0.0,0.0,43.333333333333336,0.0,0.0,356.00398700000005,4.0,2990.682987,5.0,271.452810049057,123.0,21.942,123.0,271.452810049057,123.0,0.0,123.0,0.0,123.0,0.0,123.0,0.0,123.0,21.942,123.0,0.0,123.0,0.0,123.0,0.0,123.0,0.0,123.0,0.3382883989591208,11.0,5.0,5.0,113.0,2531.0,24.0,26.0,0.0,0.0,0.0,0.0,0.0,0.0,0.0,0.0,0.0,0.0,0.0,0.0,0.0,0.0,0.0,0.0,0.0,0.0,0.0,0.0,0.0,0.0,0.0,0.0,1.0,0.0,2020-12-26 12:00:00,24221.009,6.728058055555555,3.2666666666666666,6.633333333333333
P004,1.0,0.0,0.0,0.0,0.0,0.0,0.0,10.2,0.0,0.0,1839.815,10.0,1839.830999,12.0,280.06696331501007,170.0,56.682,170.0,280.06696331501007,170.0,0.0,170.0,0.0,170.0,0.0,170.0,0.0,170.0,56.682,170.0,0.0,170.0,0.0,170.0,0.0,170.0,0.0,170.0,0.2223810182467009,11.0,4.0,4.0,162.0,963.0,13.0,225.0,0.0,0.0,0.0,0.0,0.0,0.0,0.0,0.0,0.0,0.0,0.0,0.0,0.0,0.0,0.0,0.0,0.0,0.0,0.0,0.0,0.0,0.0,0.0,0.0,,1.0,2020-12-26 13:00:00,24221.009,6.728058055555555,3.2666666666666666,6.633333333333333
P004,0.0,0.0,0.0,0.0,0.0,0.0,0.0,0.0,0.0,0.0,0.0,0.0,0.0,0.0,0.0,0.0,0.0,0.0,0.0,0.0,0.0,0.0,0.0,0.0,0.0,0.0,0.0,0.0,0.0,0.0,0.0,0.0,0.0,0.0,0.0,0.0,0.0,0.0,0.0,0.0,0.0,0.0,0.0,0.0,0.0,0.0,0.0,0.0,0.0,0.0,0.0,0.0,0.0,0.0,0.0,0.0,0.0,0.0,0.0,0.0,0.0,0.0,0.0,0.0,0.0,0.0,0.0,0.0,0.0,0.0,0.0,,2020-12-26 14:00:00,24221.009,6.728058055555555,3.2666666666666666,6.633333333333333
P004,0.0,0.0,0.0,0.0,0.0,0.0,0.0,0.0,0.0,0.0,0.0,0.0,0.0,0.0,0.0,0.0,0.0,0.0,0.0,0.0,0.0,0.0,0.0,0.0,0.0,0.0,0.0,0.0,0.0,0.0,0.0,0.0,0.0,0.0,0.0,0.0,0.0,0.0,0.0,0.0,0.0,0.0,0.0,0.0,0.0,0.0,0.0,0.0,0.0,0.0,0.0,0.0,0.0,0.0,0.0,0.0,0.0,0.0,0.0,0.0,0.0,0.0,0.0,0.0,0.0,0.0,0.0,0.0,0.0,0.0,0.0,0.0,2020-12-26 15:00:00,24221.009,6.728058055555555,3.2666666666666666,6.633333333333333
P004,1.0,0.0,0.0,0.0,0.0,0.0,0.0,7.866666666666666,0.0,0.0,2519.115999,2.0,2519.133998,3.0,0.0,7.0,0.0,7.0,0.0,7.0,0.0,7.0,0.0,7.0,0.0,7.0,0.0,7.0,0.0,7.0,0.0,7.0,0.0,7.0,0.0,7.0,0.0,7.0,1.078992207877583,4.0,2.0,2.0,3.0,72.0,7.0,273.0,0.0,0.0,0.0,0.0,0.0,0.0,0.0,0.0,0.0,0.0,2.0,1.0,0.0,262.0,38.0,0.0,0.0,1.0,75.0,0.0,0.0,0.0,0.0,0.0,0.0,0.0,2020-12-26 16:00:00,24221.009,6.728058055555555,3.2666666666666666,6.633333333333333
P004,0.0,0.0,0.0,0.0,0.0,0.0,0.0,0.0,0.0,0.0,2520.662,1.0,2520.715999,4.0,0.0,6.0,0.0,6.0,0.0,6.0,0.0,6.0,0.0,6.0,0.0,6.0,0.0,6.0,0.0,6.0,0.0,6.0,0.0,6.0,0.0,6.0,0.0,6.0,0.8675632284814612,2.0,1.0,1.0,4.0,0.0,1.0,151.0,0.0,0.0,0.0,0.0,0.0,0.0,0.0,0.0,0.0,0.0,0.0,0.0,0.0,0.0,0.0,0.0,0.0,0.0,0.0,0.0,0.0,0.0,0.0,0.0,,0.0,2020-12-26 17:00:00,24221.009,6.728058055555555,3.2666666666666666,6.633333333333333
P004,1.0,0.0,0.0,0.0,0.0,0.0,0.0,0.0,0.0,0.0,0.0,0.0,0.0,0.0,0.0,2.0,0.0,2.0,0.0,2.0,0.0,2.0,0.0,2.0,0.0,2.0,0.0,2.0,0.0,2.0,0.0,2.0,0.0,2.0,0.0,2.0,0.0,2.0,0.6931471805599453,1.0,1.0,1.0,0.0,0.0,8.0,0.0,0.0,0.0,0.0,0.0,0.0,0.0,0.0,0.0,0.0,0.0,0.0,0.0,0.0,0.0,0.0,0.0,0.0,0.0,0.0,0.0,0.0,0.0,0.0,0.0,0.0,,2020-12-26 18:00:00,24221.009,6.728058055555555,3.2666666666666666,6.633333333333333
P004,0.0,0.0,0.0,0.0,0.0,0.0,0.0,0.0,0.0,0.0,0.0,0.0,0.0,0.0,0.0,0.0,0.0,0.0,0.0,0.0,0.0,0.0,0.0,0.0,0.0,0.0,0.0,0.0,0.0,0.0,0.0,0.0,0.0,0.0,0.0,0.0,0.0,0.0,0.0,0.0,0.0,0.0,0.0,0.0,0.0,0.0,0.0,0.0,0.0,0.0,0.0,0.0,0.0,0.0,0.0,0.0,0.0,0.0,0.0,0.0,0.0,0.0,0.0,0.0,0.0,0.0,0.0,0.0,0.0,0.0,1.0,0.0,2020-12-26 19:00:00,24221.009,6.728058055555555,3.2666666666666666,6.633333333333333
P004,0.0,0.0,0.0,0.0,0.0,0.0,0.0,0.0,0.0,0.0,0.0,0.0,0.0,0.0,0.0,0.0,0.0,0.0,0.0,0.0,0.0,0.0,0.0,0.0,0.0,0.0,0.0,0.0,0.0,0.0,0.0,0.0,0.0,0.0,0.0,0.0,0.0,0.0,0.0,0.0,0.0,0.0,0.0,0.0,0.0,0.0,0.0,0.0,0.0,0.0,0.0,0.0,0.0,0.0,0.0,0.0,0.0,0.0,0.0,0.0,0.0,0.0,0.0,0.0,0.0,0.0,0.0,0.0,0.0,0.0,,1.0,2020-12-26 20:00:00,24221.009,6.728058055555555,3.2666666666666666,6.633333333333333
P004,1.0,0.0,0.0,0.0,0.0,0.0,0.0,0.0,0.0,0.0,0.003,1.0,3470.073993,4.0,347.076798081398,133.0,20.348,133.0,314.03760063648224,133.0,0.0,133.0,0.0,133.0,0.0,133.0,0.0,133.0,18.573,133.0,0.0,133.0,0.0,133.0,0.0,133.0,0.0,133.0,0.0,0.0,0.0,0.0,133.0,0.0,0.0,2231.0,0.0,0.0,0.0,0.0,0.0,0.0,0.0,0.0,0.0,0.0,0.0,0.0,0.0,0.0,0.0,0.0,0.0,0.0,0.0,0.0,0.0,0.0,0.0,0.0,0.0,,2020-12-27 10:00:00,18924.49,5.256802777777779,4.566666666666666,7.2
P004,0.0,0.0,0.0,0.0,0.0,0.0,0.0,0.0,0.0,0.0,0.0,0.0,0.0,0.0,46.91580891609192,12.0,1.577,12.0,0.0,12.0,0.0,12.0,0.0,12.0,0.0,12.0,0.0,12.0,0.0,12.0,0.0,12.0,0.0,12.0,0.0,12.0,0.0,12.0,0.0,0.0,0.0,0.0,12.0,0.0,0.0,1.0,0.0,0.0,0.0,0.0,0.0,0.0,0.0,0.0,0.0,0.0,0.0,0.0,0.0,0.0,0.0,0.0,0.0,0.0,0.0,0.0,0.0,0.0,0.0,0.0,1.0,0.0,2020-12-27 11:00:00,18924.49,5.256802777777779,4.566666666666666,7.2
P004,1.0,0.0,0.0,0.0,0.0,0.0,0.0,48.45,0.0,0.0,884.5829759999999,64.0,916.847969,79.0,2453.825841665268,1164.0,655.776,1164.0,1981.5053981542587,1164.0,472.3204435110092,1164.0,0.0,1164.0,0.0,1164.0,0.0,1164.0,188.942,1164.0,466.834,1164.0,0.0,1164.0,0.0,1164.0,0.0,1164.0,0.0253084201481565,7.0,2.0,2.0,1160.0,756.0,5.0,2675.0,23.193997000000003,4.0,0.0,0.0,0.0,0.0,0.0,0.0,0.0,0.0,0.0,0.0,0.0,0.0,0.0,0.0,0.0,0.0,0.0,0.0,0.0,0.0,0.0,0.0,,1.0,2020-12-27 12:00:00,18924.49,5.256802777777779,4.566666666666666,7.2
P004,1.0,0.0,0.0,0.0,0.0,0.0,0.0,21.6,0.0,0.0,576.480002,23.0,746.503993,37.0,1819.5237926244736,779.0,380.45,779.0,1791.4227234125135,779.0,28.10106921195984,779.0,0.0,779.0,0.0,779.0,0.0,779.0,173.714,779.0,206.736,779.0,0.0,779.0,0.0,779.0,0.0,779.0,0.0839054471095787,13.0,6.0,5.0,768.0,800.0,20.0,782.0,0.064998,6.0,0.0,0.0,0.0,0.0,0.0,0.0,0.0,0.0,0.0,0.0,0.0,0.0,0.0,0.0,0.0,0.0,0.0,0.0,0.0,0.0,0.0,0.0,0.0,,2020-12-27 13:00:00,18924.49,5.256802777777779,4.566666666666666,7.2
P004,1.0,0.0,0.0,0.0,0.0,0.0,0.0,7.4,0.0,0.0,3114.582998,10.0,3114.584998,11.0,0.0,17.0,0.0,17.0,0.0,17.0,0.0,17.0,0.0,17.0,0.0,17.0,0.0,17.0,0.0,17.0,0.0,17.0,0.0,17.0,0.0,17.0,0.0,17.0,0.8938885362449964,7.0,3.0,3.0,11.0,41.0,3.0,464.0,0.0,0.0,0.0,0.0,0.0,0.0,0.0,0.0,0.0,0.0,1.0,1.0,0.0,0.0,47.0,0.0,0.0,0.0,0.0,0.0,0.0,0.0,0.0,0.0,0.0,0.0,2020-12-27 14:00:00,18924.49,5.256802777777779,4.566666666666666,7.2
P004,1.0,0.0,0.0,0.0,0.0,0.0,0.0,57.45,0.0,0.0,1133.483,1.0,3383.262073,12.0,0.0,16.0,0.0,16.0,0.0,16.0,0.0,16.0,0.0,16.0,0.0,16.0,0.0,16.0,0.0,16.0,0.0,16.0,0.0,16.0,0.0,16.0,0.0,16.0,0.7356219397587946,6.0,2.0,2.0,12.0,2248.0,2.0,140.0,0.0,0.0,0.0,0.0,0.0,0.0,0.0,0.0,0.0,0.0,1.0,1.0,0.0,0.0,62.0,0.0,0.0,0.0,0.0,0.0,0.0,0.0,2.0,3316.0,0.0,0.0,2020-12-27 15:00:00,18924.49,5.256802777777779,4.566666666666666,7.2
P004,1.0,0.0,0.0,0.0,0.0,0.0,0.0,59.016666666666666,0.0,0.0,0.3259899999999999,20.0,208.350979,51.0,219.1613130569458,140.0,34.118,140.0,219.1613130569458,140.0,0.0,140.0,0.0,140.0,0.0,140.0,0.0,140.0,34.118,140.0,0.0,140.0,0.0,140.0,0.0,140.0,0.0,140.0,0.2066266588562272,6.0,3.0,3.0,134.0,2480.0,10.0,1004.0,0.0,0.0,0.0,0.0,0.0,0.0,0.0,0.0,0.0,0.0,1.0,1.0,0.0,0.0,48.0,0.0,0.0,0.0,0.0,0.0,0.0,0.0,0.0,0.0,1.0,0.0,2020-12-27 16:00:00,18924.49,5.256802777777779,4.566666666666666,7.2
P004,1.0,0.0,0.0,0.0,0.0,0.0,0.0,4.016666666666667,0.0,0.0,80.394993,17.0,113.238986,42.0,1007.0795258283616,472.0,283.075,472.0,428.6121114492416,472.0,578.4674143791199,472.0,0.0,472.0,0.0,472.0,0.0,472.0,67.293,472.0,215.782,472.0,0.0,472.0,0.0,472.0,0.0,472.0,0.0658393784700908,6.0,2.0,3.0,467.0,68.0,12.0,3351.0,0.237997,12.0,0.0,0.0,0.0,0.0,0.0,0.0,0.0,0.0,1.0,1.0,0.0,0.0,137.0,0.0,0.0,0.0,0.0,0.0,0.0,0.0,0.0,0.0,0.0,1.0,2020-12-27 17:00:00,18924.49,5.256802777777779,4.566666666666666,7.2
P004,1.0,0.0,0.0,0.0,0.0,0.0,0.0,17.566666666666666,0.0,0.0,0.122996,7.0,4.601989,27.0,2286.1837540864944,862.0,669.011,862.0,139.57639515399933,862.0,2065.417780280113,862.0,0.0,862.0,0.0,862.0,0.0,862.0,36.61,862.0,629.782,862.0,0.0,862.0,0.0,862.0,0.0,862.0,0.0,0.0,0.0,0.0,862.0,0.0,0.0,3423.0,0.123996,9.0,0.0,0.0,0.0,0.0,0.0,0.0,0.0,0.0,0.0,0.0,0.0,0.0,0.0,0.0,0.0,0.0,0.0,0.0,0.0,0.0,0.0,0.0,0.0,0.0,2020-12-27 18:00:00,18924.49,5.256802777777779,4.566666666666666,7.2
P004,0.0,0.0,0.0,0.0,0.0,0.0,0.0,0.0,0.0,0.0,0.004999,1.0,0.078998,4.0,313.3227037191391,146.0,186.979,146.0,0.0,146.0,313.3227037191391,146.0,0.0,146.0,0.0,146.0,0.0,146.0,0.0,146.0,186.979,146.0,0.0,146.0,0.0,146.0,0.0,146.0,0.0409600967016016,1.0,1.0,0.0,145.0,0.0,0.0,1862.0,0.025,1.0,0.0,0.0,0.0,0.0,0.0,0.0,0.0,0.0,0.0,0.0,0.0,0.0,0.0,0.0,0.0,0.0,0.0,0.0,0.0,0.0,0.0,0.0,,0.0,2020-12-27 19:00:00,18924.49,5.256802777777779,4.566666666666666,7.2
P004,4.0,4.983333333333333,0.0,32.85,0.0,0.0,0.0,6.483333333333333,0.193996,8.0,1323.5999490000002,66.0,1700.4589319999998,98.0,4011.833562135696,1556.0,420.838,1556.0,4011.833562135696,1556.0,0.0,1556.0,0.0,1556.0,0.0,1556.0,0.0,1556.0,420.838,1556.0,0.0,1556.0,0.0,1556.0,0.0,1556.0,0.0,1556.0,0.0644244016569123,23.0,8.0,8.0,1540.0,865.0,40.0,2112.0,0.0,0.0,0.0,0.0,0.0,0.0,0.0,0.0,0.0,2.0,4.0,5.0,561.0,1670.0,475.0,0.0,0.0,0.0,0.0,0.0,0.0,0.0,0.0,0.0,1.0,,2020-12-28 09:00:00,27302.893,7.584136944444444,3.55,7.35
P004,3.0,9.633333333333333,0.0,39.23333333333333,0.0,0.0,0.0,7.85,0.0,0.0,0.0,0.0,0.0,0.0,56.19250214099884,45.0,3.757,45.0,56.19250214099884,45.0,0.0,45.0,0.0,45.0,0.0,45.0,0.0,45.0,3.757,45.0,0.0,45.0,0.0,45.0,0.0,45.0,0.0,45.0,0.9950269901795212,20.0,10.0,10.0,25.0,2052.0,323.0,36.0,0.0,0.0,0.0,0.0,0.0,0.0,0.0,0.0,0.0,2.0,2.0,1.0,614.0,174.0,93.0,0.0,0.0,0.0,0.0,0.0,0.0,0.0,0.0,0.0,0.0,1.0,2020-12-28 10:00:00,27302.893,7.584136944444444,3.55,7.35
P004,1.0,0.0,0.0,0.0,0.0,0.0,0.0,0.0,0.0,0.0,0.0,0.0,852.333,1.0,0.0,1.0,0.0,1.0,0.0,1.0,0.0,1.0,0.0,1.0,0.0,1.0,0.0,1.0,0.0,1.0,0.0,1.0,0.0,1.0,0.0,1.0,0.0,1.0,0.0,0.0,0.0,0.0,1.0,0.0,0.0,1.0,0.0,0.0,0.0,0.0,0.0,0.0,0.0,0.0,0.0,0.0,0.0,0.0,0.0,0.0,0.0,0.0,0.0,0.0,0.0,0.0,0.0,0.0,0.0,0.0,1.0,0.0,2020-12-28 11:00:00,27302.893,7.584136944444444,3.55,7.35
P004,0.0,0.0,0.0,0.0,0.0,0.0,0.0,0.0,0.0,0.0,3395.843009,5.0,3396.849008,10.0,29.458040475845337,23.0,2.751,23.0,29.458040475845337,23.0,0.0,23.0,0.0,23.0,0.0,23.0,0.0,23.0,2.751,23.0,0.0,23.0,0.0,23.0,0.0,23.0,0.0,23.0,0.355712859746894,3.0,1.0,1.0,21.0,0.0,2.0,508.0,0.0,0.0,0.0,0.0,0.0,0.0,0.0,0.0,0.0,0.0,0.0,0.0,0.0,0.0,0.0,0.0,0.0,0.0,0.0,0.0,0.0,0.0,0.0,0.0,,1.0,2020-12-28 12:00:00,27302.893,7.584136944444444,3.55,7.35
P004,1.0,0.0,0.0,0.0,0.0,0.0,0.0,0.0,0.0,0.0,0.010999,1.0,450.971999,2.0,0.0,4.0,0.0,4.0,0.0,4.0,0.0,4.0,0.0,4.0,0.0,4.0,0.0,4.0,0.0,4.0,0.0,4.0,0.0,4.0,0.0,4.0,0.0,4.0,1.039720770839918,2.0,1.0,1.0,2.0,0.0,2.0,86.0,0.0,0.0,0.0,0.0,0.0,0.0,0.0,0.0,0.0,0.0,0.0,0.0,0.0,0.0,0.0,0.0,0.0,0.0,0.0,0.0,0.0,0.0,0.0,0.0,0.0,,2020-12-28 13:00:00,27302.893,7.584136944444444,3.55,7.35
P004,1.0,0.0,0.0,0.0,0.0,0.0,0.0,34.68333333333333,0.0,0.0,1163.2859870000002,36.0,1481.3739640000003,79.0,641.5421804189682,290.0,101.206,290.0,614.2567893266678,290.0,0.0,290.0,0.0,290.0,0.0,290.0,0.0,290.0,98.163,290.0,0.0,290.0,0.0,290.0,0.0,290.0,0.0,290.0,0.1874470143401753,17.0,5.0,6.0,279.0,913.0,6.0,1989.0,0.0,0.0,0.0,0.0,0.0,0.0,0.0,0.0,0.0,0.0,1.0,1.0,0.0,0.0,13.0,0.0,0.0,0.0,0.0,0.0,0.0,0.0,0.0,0.0,1.0,0.0,2020-12-28 14:00:00,27302.893,7.584136944444444,3.55,7.35
P004,1.0,0.0,0.0,0.0,0.0,0.0,0.0,29.23333333333333,0.0,0.0,39.152988,28.0,99.500979,53.0,1209.2146979570389,629.0,197.0,629.0,1209.2146979570389,629.0,0.0,629.0,0.0,629.0,0.0,629.0,0.0,629.0,197.0,629.0,0.0,629.0,0.0,629.0,0.0,629.0,0.0,629.0,0.0769659836167371,13.0,4.0,4.0,621.0,91.0,3.0,3177.0,0.0439989999999999,2.0,0.0,0.0,0.0,0.0,0.0,0.0,0.0,0.0,0.0,0.0,0.0,0.0,0.0,0.0,0.0,0.0,0.0,0.0,0.0,0.0,0.0,0.0,0.0,1.0,2020-12-28 15:00:00,27302.893,7.584136944444444,3.55,7.35
P004,1.0,0.0,0.0,0.0,0.0,0.0,0.0,52.18333333333333,0.0,0.0,0.0,0.0,0.4539959999999999,8.0,185.1718816757202,57.0,12.125,57.0,185.1718816757202,57.0,0.0,57.0,0.0,57.0,0.0,57.0,0.0,57.0,12.125,57.0,0.0,57.0,0.0,57.0,0.0,57.0,0.0,57.0,0.0883197822000176,1.0,1.0,0.0,56.0,0.0,0.0,1774.0,0.018,3.0,0.0,0.0,0.0,0.0,0.0,0.0,0.0,0.0,1.0,0.0,0.0,0.0,0.0,1.0,1047.0,0.0,0.0,0.0,0.0,0.0,0.0,0.0,1.0,0.0,2020-12-28 16:00:00,27302.893,7.584136944444444,3.55,7.35
P004,1.0,0.0,0.0,0.0,0.0,0.0,0.0,0.0,0.0,0.0,0.0,0.0,0.0,0.0,0.0,0.0,0.0,0.0,0.0,0.0,0.0,0.0,0.0,0.0,0.0,0.0,0.0,0.0,0.0,0.0,0.0,0.0,0.0,0.0,0.0,0.0,0.0,0.0,0.0,0.0,0.0,0.0,0.0,0.0,0.0,0.0,0.0,0.0,0.0,0.0,0.0,0.0,0.0,0.0,0.0,0.0,0.0,0.0,0.0,0.0,0.0,0.0,0.0,0.0,0.0,0.0,0.0,0.0,0.0,0.0,0.0,1.0,2020-12-28 17:00:00,27302.893,7.584136944444444,3.55,7.35
P004,1.0,0.0,0.0,0.0,0.0,0.0,0.0,0.0,0.0,0.0,0.0,0.0,0.0,0.0,0.0,0.0,0.0,0.0,0.0,0.0,0.0,0.0,0.0,0.0,0.0,0.0,0.0,0.0,0.0,0.0,0.0,0.0,0.0,0.0,0.0,0.0,0.0,0.0,0.0,0.0,0.0,0.0,0.0,0.0,0.0,0.0,0.0,0.0,0.0,0.0,0.0,0.0,0.0,0.0,0.0,0.0,0.0,0.0,0.0,0.0,0.0,0.0,0.0,0.0,0.0,0.0,0.0,0.0,0.0,0.0,0.0,0.0,2020-12-28 18:00:00,27302.893,7.584136944444444,3.55,7.35
P004,0.0,0.0,0.0,0.0,0.0,0.0,0.0,0.0,0.0,0.0,0.0,0.0,0.0,0.0,0.0,0.0,0.0,0.0,0.0,0.0,0.0,0.0,0.0,0.0,0.0,0.0,0.0,0.0,0.0,0.0,0.0,0.0,0.0,0.0,0.0,0.0,0.0,0.0,0.0,0.0,0.0,0.0,0.0,0.0,0.0,0.0,0.0,0.0,0.0,0.0,0.0,0.0,0.0,0.0,0.0,0.0,0.0,0.0,0.0,0.0,0.0,0.0,0.0,0.0,0.0,0.0,0.0,0.0,0.0,0.0,,0.0,2020-12-28 19:00:00,27302.893,7.584136944444444,3.55,7.35
P004,4.0,4.683333333333334,52.333333333333336,0.0,0.0,0.0,0.0,1.6666666666666667,0.0,0.0,64.446,1.0,64.446,1.0,520.6050297021866,218.0,55.125,218.0,520.6050297021866,218.0,0.0,218.0,0.0,218.0,0.0,218.0,0.0,218.0,55.125,218.0,0.0,218.0,0.0,218.0,0.0,218.0,0.0,218.0,0.0814057489883211,4.0,1.0,2.0,215.0,2.0,80.0,3433.0,0.0,0.0,0.0,0.0,0.0,0.0,0.0,0.0,0.0,4.0,7.0,5.0,144.0,1886.0,756.0,2.0,435.0,2.0,192.0,0.0,0.0,0.0,0.0,0.0,0.0,,2020-12-29 09:00:00,17700.081,4.916689166666666,4.566666666666666,7.016666666666667
P004,1.0,0.0,0.0,0.0,0.0,0.0,0.0,56.8,0.0,0.0,124.87198200000002,47.0,161.72296899999998,75.0,1715.30899643898,788.0,141.521,788.0,1577.6810925006866,788.0,0.0,788.0,0.0,788.0,0.0,788.0,0.0,788.0,134.038,788.0,0.0,788.0,0.0,788.0,0.0,788.0,0.0,788.0,0.0097320600298381,1.0,1.0,0.0,787.0,0.0,0.0,3459.0,0.0,0.0,0.0,0.0,0.0,0.0,0.0,0.0,0.0,0.0,2.0,1.0,0.0,1600.0,84.0,0.0,0.0,0.0,0.0,0.0,0.0,0.0,0.0,0.0,1.0,0.0,2020-12-29 10:00:00,17700.081,4.916689166666666,4.566666666666666,7.016666666666667
P004,1.0,0.0,0.0,0.0,0.0,0.0,0.0,1.6333333333333333,0.0,0.0,0.026998,3.0,3353.135995,11.0,91.73507916927338,58.0,12.984,58.0,91.73507916927338,58.0,0.0,58.0,0.0,58.0,0.0,58.0,0.0,58.0,12.984,58.0,0.0,58.0,0.0,58.0,0.0,58.0,0.0,58.0,0.2364840528066643,3.0,1.0,2.0,55.0,1149.0,96.0,212.0,0.0509989999999999,4.0,0.0,0.0,0.0,0.0,0.0,0.0,0.0,0.0,0.0,0.0,0.0,0.0,0.0,0.0,0.0,0.0,0.0,0.0,0.0,0.0,0.0,0.0,0.0,1.0,2020-12-29 11:00:00,17700.081,4.916689166666666,4.566666666666666,7.016666666666667
P004,1.0,0.0,0.0,0.0,0.0,0.0,0.0,24.45,0.0,0.0,30.442996,10.0,298.999978,24.0,482.7477385997772,191.0,39.993,191.0,411.84154856204987,191.0,70.90619003772736,191.0,0.0,191.0,0.0,191.0,0.0,191.0,33.082,191.0,6.911,191.0,0.0,191.0,0.0,191.0,0.0,191.0,0.0,0.0,0.0,0.0,191.0,0.0,0.0,3319.0,0.567998,5.0,0.0,0.0,0.0,0.0,0.0,0.0,0.0,0.0,0.0,0.0,0.0,0.0,0.0,0.0,0.0,0.0,0.0,0.0,0.0,0.0,0.0,0.0,0.0,0.0,2020-12-29 12:00:00,17700.081,4.916689166666666,4.566666666666666,7.016666666666667
P004,1.0,0.0,0.0,0.0,0.0,0.0,0.0,3.2,0.0,0.0,0.0449979999999999,4.0,0.502986,29.0,682.3620870113373,256.0,746.896,256.0,257.4080625772476,256.0,424.95402443408966,256.0,0.0,256.0,0.0,256.0,0.0,256.0,21.33,256.0,725.566,256.0,0.0,256.0,0.0,256.0,0.0,256.0,0.0,0.0,0.0,0.0,256.0,0.0,0.0,2887.0,0.147996,10.0,0.0,0.0,0.0,0.0,0.0,0.0,0.0,0.0,0.0,0.0,0.0,0.0,0.0,0.0,0.0,0.0,0.0,0.0,0.0,0.0,0.0,0.0,,0.0,2020-12-29 13:00:00,17700.081,4.916689166666666,4.566666666666666,7.016666666666667
P004,1.0,0.0,0.0,0.0,0.0,0.0,0.0,14.216666666666669,0.0,0.0,448.131981,49.0,448.228979,57.0,999.9762843847276,405.0,311.158,405.0,962.388281941414,405.0,0.0,405.0,0.0,405.0,0.0,405.0,37.5880024433136,405.0,167.979,405.0,0.0,405.0,0.0,405.0,0.0,405.0,143.179,405.0,0.110768404583641,12.0,4.0,4.0,397.0,433.0,4.0,2971.0,0.0,0.0,0.0,0.0,0.0,0.0,0.0,0.0,0.0,0.0,0.0,0.0,0.0,0.0,0.0,0.0,0.0,0.0,0.0,0.0,0.0,0.0,0.0,0.0,1.0,,2020-12-29 15:00:00,17700.081,4.916689166666666,4.566666666666666,7.016666666666667
P004,1.0,0.0,0.0,0.0,0.0,0.0,0.0,6.016666666666667,0.0,0.0,0.017999,2.0,54.30199,27.0,925.8777506351472,409.0,250.353,409.0,168.06220078468323,409.0,557.0940353870392,409.0,0.0,409.0,0.0,409.0,0.0,409.0,39.747,409.0,188.866,409.0,0.0,409.0,0.0,409.0,0.0,409.0,0.0342849201622732,3.0,1.0,1.0,407.0,48.0,2.0,2812.0,51.328996,10.0,0.0,0.0,0.0,0.0,0.0,0.0,0.0,0.0,1.0,1.0,0.0,0.0,52.0,0.0,0.0,0.0,0.0,0.0,0.0,0.0,0.0,0.0,1.0,1.0,2020-12-29 16:00:00,17700.081,4.916689166666666,4.566666666666666,7.016666666666667
P004,0.0,0.0,0.0,0.0,0.0,0.0,0.0,0.0,0.0,0.0,0.0,0.0,0.151996,7.0,0.0,7.0,0.0,7.0,0.0,7.0,0.0,7.0,0.0,7.0,0.0,7.0,0.0,7.0,0.0,7.0,0.0,7.0,0.0,7.0,0.0,7.0,0.0,7.0,0.0,0.0,0.0,0.0,7.0,0.0,0.0,2664.0,0.008,2.0,0.0,0.0,0.0,0.0,0.0,0.0,0.0,0.0,0.0,0.0,0.0,0.0,0.0,0.0,0.0,0.0,0.0,0.0,0.0,0.0,0.0,0.0,,1.0,2020-12-29 17:00:00,17700.081,4.916689166666666,4.566666666666666,7.016666666666667
P004,0.0,0.0,0.0,0.0,0.0,0.0,0.0,0.0,0.0,0.0,0.012,1.0,674.9429739999999,33.0,38.37146878242493,60.0,464.803,60.0,17.60521650314331,60.0,12.852349758148192,60.0,0.0,60.0,0.0,60.0,0.0,60.0,461.974,60.0,1.552,60.0,0.0,60.0,0.0,60.0,0.0,60.0,0.5257533242955894,13.0,5.0,4.0,51.0,665.0,6.0,2000.0,0.009,2.0,0.151997,6.0,0.0,0.0,0.0,0.0,0.0,0.0,0.0,0.0,0.0,0.0,0.0,0.0,0.0,0.0,0.0,0.0,0.0,0.0,0.0,0.0,0.0,,2020-12-29 18:00:00,17700.081,4.916689166666666,4.566666666666666,7.016666666666667
P004,0.0,0.0,0.0,0.0,0.0,0.0,0.0,0.0,0.0,0.0,0.0,0.0,0.0,0.0,0.0,12.0,0.0,12.0,0.0,12.0,0.0,12.0,0.0,12.0,0.0,12.0,0.0,12.0,0.0,12.0,0.0,12.0,0.0,12.0,0.0,12.0,0.0,12.0,0.6931471805599453,11.0,6.0,6.0,0.0,379.0,52.0,0.0,0.0,0.0,0.0,0.0,0.0,0.0,0.0,0.0,0.0,0.0,0.0,0.0,0.0,0.0,0.0,0.0,0.0,0.0,0.0,0.0,0.0,0.0,0.0,0.0,0.0,0.0,2020-12-29 19:00:00,17700.081,4.916689166666666,4.566666666666666,7.016666666666667
P004,1.0,0.0,0.0,0.0,0.0,0.0,0.0,0.0,0.0,0.0,0.0,0.0,0.0,0.0,0.0,0.0,0.0,0.0,0.0,0.0,0.0,0.0,0.0,0.0,0.0,0.0,0.0,0.0,0.0,0.0,0.0,0.0,0.0,0.0,0.0,0.0,0.0,0.0,0.0,0.0,0.0,0.0,0.0,0.0,0.0,0.0,0.0,0.0,0.0,0.0,0.0,0.0,0.0,0.0,0.0,0.0,0.0,0.0,0.0,0.0,0.0,0.0,0.0,0.0,0.0,0.0,0.0,0.0,0.0,0.0,,0.0,2020-12-29 20:00:00,17700.081,4.916689166666666,4.566666666666666,7.016666666666667
P004,1.0,0.0,0.0,0.0,0.0,0.0,0.0,20.4,0.0,0.0,0.0439969999999999,5.0,2.815993,12.0,612.669708609581,302.0,88.064,302.0,612.669708609581,302.0,0.0,302.0,0.0,302.0,0.0,302.0,0.0,302.0,88.064,302.0,0.0,302.0,0.0,302.0,0.0,302.0,0.0,302.0,0.0,0.0,0.0,0.0,302.0,0.0,0.0,3321.0,0.0,0.0,0.0,0.0,0.0,0.0,0.0,0.0,0.0,0.0,0.0,0.0,0.0,0.0,0.0,0.0,0.0,0.0,0.0,0.0,0.0,0.0,0.0,0.0,1.0,,2020-12-30 10:00:00,28216.085,7.837801388888889,1.6166666666666667,5.533333333333333
P004,1.0,0.0,0.0,0.0,0.0,0.0,0.0,10.916666666666666,0.0,0.0,0.782999,3.0,1.072998,5.0,333.9571018218994,125.0,29.906,125.0,333.9571018218994,125.0,0.0,125.0,0.0,125.0,0.0,125.0,0.0,125.0,29.906,125.0,0.0,125.0,0.0,125.0,0.0,125.0,0.0,125.0,0.3082431039023942,9.0,5.0,4.0,116.0,1406.0,44.0,1183.0,0.0,0.0,0.0,0.0,0.0,0.0,0.0,0.0,0.0,0.0,0.0,0.0,0.0,0.0,0.0,0.0,0.0,0.0,0.0,0.0,0.0,0.0,0.0,0.0,1.0,1.0,2020-12-30 11:00:00,28216.085,7.837801388888889,1.6166666666666667,5.533333333333333
P004,0.0,0.0,0.0,0.0,0.0,0.0,0.0,0.0,0.0,0.0,3424.140001,2.0,3443.948996,14.0,0.0,16.0,0.0,16.0,0.0,16.0,0.0,16.0,0.0,16.0,0.0,16.0,0.0,16.0,0.0,16.0,0.0,16.0,0.0,16.0,0.0,16.0,0.0,16.0,0.4634135588264299,3.0,1.0,1.0,14.0,0.0,19.0,547.0,0.0,0.0,16.521999,1.0,0.0,0.0,0.0,0.0,0.0,0.0,0.0,0.0,0.0,0.0,0.0,0.0,0.0,0.0,0.0,0.0,0.0,0.0,0.0,0.0,0.0,1.0,2020-12-30 12:00:00,28216.085,7.837801388888889,1.6166666666666667,5.533333333333333
P004,1.0,0.0,0.0,0.0,0.0,0.0,0.0,12.5,0.0,0.0,75.234989,20.0,190.249987,33.0,1352.836713552475,722.0,166.419,722.0,1332.82208609581,722.0,0.0,722.0,0.0,722.0,0.0,722.0,0.0,722.0,164.872,722.0,0.0,722.0,0.0,722.0,0.0,722.0,0.0,722.0,0.0105004602467759,1.0,0.0,1.0,721.0,0.0,2.0,3472.0,0.0,0.0,0.0,0.0,0.0,0.0,0.0,0.0,0.0,0.0,0.0,0.0,0.0,0.0,0.0,0.0,0.0,0.0,0.0,0.0,0.0,0.0,0.0,0.0,0.0,0.0,2020-12-30 13:00:00,28216.085,7.837801388888889,1.6166666666666667,5.533333333333333
P004,0.0,0.0,0.0,0.0,0.0,0.0,0.0,0.0,0.0,0.0,0.0,0.0,12.105997,10.0,4.354101896286011,12.0,1.302,12.0,4.354101896286011,12.0,0.0,12.0,0.0,12.0,0.0,12.0,0.0,12.0,1.302,12.0,0.0,12.0,0.0,12.0,0.0,12.0,0.0,12.0,0.0,0.0,0.0,0.0,12.0,0.0,0.0,2467.0,0.066999,4.0,0.0,0.0,0.0,0.0,0.0,0.0,0.0,0.0,0.0,0.0,0.0,0.0,0.0,0.0,0.0,0.0,0.0,0.0,0.0,0.0,0.0,0.0,1.0,0.0,2020-12-30 14:00:00,28216.085,7.837801388888889,1.6166666666666667,5.533333333333333
P004,0.0,0.0,0.0,0.0,0.0,0.0,0.0,0.0,0.0,0.0,193.107991,8.0,309.603987,27.0,378.32853841781616,164.0,22.24,164.0,0.0,164.0,378.32853841781616,164.0,0.0,164.0,0.0,164.0,0.0,164.0,0.0,164.0,22.24,164.0,0.0,164.0,0.0,164.0,0.0,164.0,0.2503343538660686,13.0,5.0,4.0,155.0,300.0,8.0,3249.0,0.053999,4.0,0.0,0.0,0.0,0.0,0.0,0.0,0.0,0.0,0.0,0.0,0.0,0.0,0.0,0.0,0.0,0.0,0.0,0.0,0.0,0.0,0.0,0.0,1.0,1.0,2020-12-30 15:00:00,28216.085,7.837801388888889,1.6166666666666667,5.533333333333333
P004,1.0,0.0,0.0,0.0,0.0,0.0,0.0,18.466666666666665,0.0,0.0,138.7,2.0,354.60899600000005,15.0,278.48525869846344,128.0,33.312,128.0,60.66294765472412,128.0,217.8223110437393,128.0,0.0,128.0,0.0,128.0,0.0,128.0,10.328,128.0,22.984,128.0,0.0,128.0,0.0,128.0,0.0,128.0,0.2494390894845424,8.0,3.0,4.0,121.0,196.0,19.0,3242.0,215.850999,6.0,0.0,0.0,0.0,0.0,0.0,0.0,0.0,0.0,1.0,1.0,0.0,0.0,53.0,0.0,0.0,0.0,0.0,0.0,0.0,0.0,0.0,0.0,0.0,1.0,2020-12-30 16:00:00,28216.085,7.837801388888889,1.6166666666666667,5.533333333333333
P004,0.0,0.0,0.0,0.0,0.0,0.0,0.0,0.0,0.0,0.0,0.013,3.0,0.35199,25.0,582.043803691864,348.0,204.32,348.0,77.80966317653656,348.0,428.327175617218,348.0,0.0,348.0,0.0,348.0,0.0,348.0,133.228,348.0,64.001,348.0,0.0,348.0,0.0,348.0,0.0,348.0,0.0,0.0,0.0,0.0,348.0,0.0,0.0,3504.0,0.036997,4.0,0.0,0.0,0.0,0.0,0.0,0.0,0.0,0.0,0.0,0.0,0.0,0.0,0.0,0.0,0.0,0.0,0.0,0.0,0.0,0.0,0.0,0.0,1.0,0.0,2020-12-30 17:00:00,28216.085,7.837801388888889,1.6166666666666667,5.533333333333333
P004,0.0,0.0,0.0,0.0,0.0,0.0,0.0,0.0,0.0,0.0,0.0,0.0,0.318997,7.0,0.0,8.0,0.0,8.0,0.0,8.0,0.0,8.0,0.0,8.0,0.0,8.0,0.0,8.0,0.0,8.0,0.0,8.0,0.0,8.0,0.0,8.0,0.0,8.0,0.3767701612564367,1.0,1.0,0.0,7.0,0.0,0.0,626.0,0.042999,3.0,0.046999,1.0,0.0,0.0,0.0,0.0,0.0,0.0,0.0,0.0,0.0,0.0,0.0,0.0,0.0,0.0,0.0,0.0,0.0,0.0,0.0,0.0,0.0,1.0,2020-12-30 18:00:00,28216.085,7.837801388888889,1.6166666666666667,5.533333333333333
P004,0.0,0.0,0.0,0.0,0.0,0.0,0.0,0.0,0.0,0.0,0.0,0.0,0.0,0.0,0.0,0.0,0.0,0.0,0.0,0.0,0.0,0.0,0.0,0.0,0.0,0.0,0.0,0.0,0.0,0.0,0.0,0.0,0.0,0.0,0.0,0.0,0.0,0.0,0.0,0.0,0.0,0.0,0.0,0.0,0.0,0.0,0.0,0.0,0.0,0.0,0.0,0.0,0.0,0.0,0.0,0.0,0.0,0.0,0.0,0.0,0.0,0.0,0.0,0.0,0.0,0.0,0.0,0.0,0.0,0.0,,0.0,2020-12-30 19:00:00,28216.085,7.837801388888889,1.6166666666666667,5.533333333333333
P004,2.0,0.0,0.0,7.316666666666666,0.0,0.0,0.0,0.0,0.0,0.0,647.833993,25.0,3072.947935,44.0,24.27079665660858,60.0,4.073,60.0,6.576473236083984,60.0,0.0,60.0,0.0,60.0,0.0,60.0,0.0,60.0,2.882,60.0,0.0,60.0,0.0,60.0,0.0,60.0,0.0,60.0,0.4399031334096615,11.0,3.0,4.0,53.0,1304.0,39.0,1827.0,0.0,0.0,0.0,0.0,0.0,0.0,0.0,0.0,0.0,0.0,0.0,0.0,0.0,0.0,0.0,0.0,0.0,0.0,0.0,0.0,2.0,2.0,0.0,0.0,0.0,,2020-12-31 09:00:00,17308.016,4.807782222222222,4.2,6.6
P004,3.0,9.583333333333334,0.0,44.73333333333333,0.0,0.0,0.0,0.0,0.0,0.0,0.062998,3.0,1923.209936,19.0,179.17202293872833,95.0,10.117,95.0,0.0,95.0,0.0,95.0,0.0,95.0,0.0,95.0,0.0,95.0,0.0,95.0,0.0,95.0,0.0,95.0,0.0,95.0,0.0,95.0,0.4382310233860443,15.0,6.0,5.0,84.0,1896.0,24.0,215.0,0.013,1.0,0.071,1.0,0.0,0.0,0.0,0.0,0.0,1.0,4.0,5.0,85.0,1067.0,1994.0,0.0,0.0,0.0,0.0,0.0,0.0,0.0,0.0,0.0,0.0,0.0,2020-12-31 10:00:00,17308.016,4.807782222222222,4.2,6.6
P004,3.0,19.25,0.0,36.7,0.0,0.0,0.0,0.0,0.0,0.0,168.06399800000003,11.0,3271.2529080000004,32.0,710.241081237793,304.0,67.994,304.0,397.5256477594376,304.0,0.0,304.0,312.7154334783554,304.0,0.0,304.0,0.0,304.0,52.21,304.0,0.0,304.0,15.784,304.0,0.0,304.0,0.0,304.0,0.2770267523847354,26.0,9.0,10.0,285.0,3001.0,27.0,328.0,0.0,0.0,371.640986,7.0,0.0,0.0,0.0,0.0,0.0,0.0,4.0,5.0,0.0,2100.0,706.0,2.0,432.0,0.0,0.0,0.0,0.0,0.0,0.0,0.0,,0.0,2020-12-31 11:00:00,17308.016,4.807782222222222,4.2,6.6
P004,2.0,21.25,0.0,15.766666666666667,0.0,0.0,0.0,0.0,0.004,1.0,898.83801,7.0,1944.811018,25.0,284.18494176864624,133.0,34.168,133.0,195.12747073173523,133.0,0.0,133.0,0.0,133.0,0.0,133.0,0.0,133.0,26.393,133.0,0.0,133.0,0.0,133.0,0.0,133.0,0.0,133.0,0.580209518933003,28.0,12.0,11.0,110.0,1904.0,34.0,781.0,0.008,1.0,0.0,0.0,0.0,0.0,0.0,0.0,0.0,0.0,2.0,2.0,0.0,69.0,77.0,1.0,41.0,3.0,300.0,0.0,0.0,0.0,0.0,0.0,0.0,,2020-12-31 12:00:00,17308.016,4.807782222222222,4.2,6.6
P004,1.0,0.0,0.0,4.583333333333333,0.0,0.0,0.0,0.0,0.0,0.0,1716.254983,13.0,1868.534983,17.0,145.81627428531647,77.0,19.601,77.0,145.81627428531647,77.0,0.0,77.0,0.0,77.0,0.0,77.0,0.0,77.0,19.601,77.0,0.0,77.0,0.0,77.0,0.0,77.0,0.0,77.0,0.3276762659843065,9.0,3.0,3.0,71.0,1714.0,7.0,206.0,0.0,0.0,0.0,0.0,0.0,0.0,0.0,0.0,0.0,0.0,0.0,0.0,0.0,0.0,0.0,0.0,0.0,0.0,0.0,0.0,0.0,0.0,0.0,0.0,0.0,0.0,2020-12-31 13:00:00,17308.016,4.807782222222222,4.2,6.6
P004,1.0,0.0,0.0,53.06666666666667,0.0,0.0,0.0,0.0,1.6019899999999998,24.0,836.8399819999997,34.0,2703.250962,91.0,322.58057057857513,246.0,633.647,246.0,276.43990755081177,246.0,0.0,246.0,0.0,246.0,0.0,246.0,0.0,246.0,631.393,246.0,0.0,246.0,0.0,246.0,0.0,246.0,0.0,246.0,0.2717730216748011,21.0,7.0,8.0,231.0,2353.0,21.0,908.0,0.088998,4.0,0.0,0.0,0.0,0.0,0.0,0.0,0.0,0.0,0.0,0.0,0.0,0.0,0.0,0.0,0.0,0.0,0.0,0.0,0.0,0.0,0.0,0.0,,0.0,2020-12-31 14:00:00,17308.016,4.807782222222222,4.2,6.6
P004,1.0,0.0,0.0,8.883333333333333,0.0,0.0,0.0,0.0,0.002,1.0,302.867989,30.0,854.2490039999999,48.0,367.8903075456619,203.0,55.023,203.0,342.6757379770279,203.0,0.0,203.0,0.0,203.0,0.0,203.0,0.0,203.0,53.666,203.0,0.0,203.0,0.0,203.0,0.0,203.0,0.0,203.0,0.2479997829488174,15.0,6.0,5.0,192.0,813.0,35.0,1514.0,0.0,0.0,0.0,0.0,0.0,0.0,0.0,0.0,0.0,0.0,0.0,0.0,0.0,0.0,0.0,0.0,0.0,0.0,0.0,0.0,0.0,0.0,0.0,0.0,0.0,,2020-12-31 15:00:00,17308.016,4.807782222222222,4.2,6.6
P004,1.0,0.0,0.0,1.6166666666666667,0.0,0.0,0.0,0.0,0.0,0.0,1500.755978,18.0,1693.265976,29.0,401.81356155872345,197.0,1535.611,197.0,401.81356155872345,197.0,0.0,197.0,0.0,197.0,0.0,197.0,0.0,197.0,1535.611,197.0,0.0,197.0,0.0,197.0,0.0,197.0,0.0,197.0,0.235936264392056,12.0,5.0,5.0,187.0,1490.0,8.0,301.0,0.0,0.0,0.0,0.0,0.0,0.0,0.0,0.0,0.0,0.0,0.0,0.0,0.0,0.0,0.0,0.0,0.0,0.0,0.0,0.0,0.0,0.0,0.0,0.0,1.0,0.0,2020-12-31 16:00:00,17308.016,4.807782222222222,4.2,6.6
P004,2.0,22.5,0.0,13.716666666666669,0.0,0.0,0.0,0.0,2.836997,17.0,929.162998,7.0,1217.0859509999996,128.0,985.3951752185822,460.0,3046.858,460.0,356.88460540771484,460.0,0.0,460.0,0.0,460.0,0.0,460.0,19.0,460.0,2958.066,460.0,0.0,460.0,0.0,460.0,0.0,460.0,1.018,460.0,0.1922938584605439,25.0,9.0,9.0,442.0,144.0,24.0,1949.0,0.0,0.0,0.0,0.0,0.0,0.0,0.0,0.0,0.0,0.0,0.0,0.0,0.0,0.0,0.0,0.0,0.0,0.0,0.0,0.0,0.0,0.0,0.0,0.0,1.0,1.0,2020-12-31 17:00:00,17308.016,4.807782222222222,4.2,6.6
P004,1.0,0.0,0.0,0.0,0.0,0.0,0.0,0.0,0.0,0.0,0.039,2.0,1086.444979,19.0,152.18781352043152,81.0,15.483,81.0,101.16525840759276,81.0,0.0,81.0,51.022555112838745,81.0,0.0,81.0,0.0,81.0,12.65,81.0,0.0,81.0,2.833,81.0,0.0,81.0,0.0,81.0,0.5801633820061534,18.0,7.0,7.0,67.0,661.0,11.0,322.0,558.217998,2.0,0.126998,6.0,0.0,0.0,0.0,0.0,0.0,0.0,0.0,0.0,0.0,0.0,0.0,0.0,0.0,0.0,0.0,0.0,0.0,0.0,0.0,0.0,,1.0,2020-12-31 18:00:00,17308.016,4.807782222222222,4.2,6.6
P004,3.0,5.366666666666666,0.0,0.0,0.0,0.0,0.0,15.7,0.155,4.0,353.45101000000005,17.0,2391.619006,32.0,578.878532409668,235.0,56.017,235.0,548.5134083032608,235.0,0.0,235.0,0.0,235.0,0.0,235.0,0.0,235.0,50.893,235.0,0.0,235.0,0.0,235.0,0.0,235.0,0.0,235.0,0.2670889221348068,18.0,7.0,7.0,221.0,2049.0,70.0,1341.0,172.79699599999998,2.0,0.0,0.0,0.0,0.0,0.0,0.0,0.0,1.0,2.0,2.0,31.0,826.0,262.0,0.0,0.0,1.0,138.0,0.0,0.0,0.0,0.0,0.0,0.0,,2021-01-01 09:00:00,9975.164,2.770878888888889,3.1666666666666665,4.55
P004,4.0,19.516666666666666,0.0,0.0,19.566666666666663,0.0,0.0,0.0,0.0,0.0,1156.744957,94.0,2255.414924,114.0,1945.784073472023,892.0,177.169,892.0,1945.784073472023,892.0,0.0,892.0,0.0,892.0,0.0,892.0,0.0,892.0,177.169,892.0,0.0,892.0,0.0,892.0,0.0,892.0,0.0,892.0,0.1794698390098648,41.0,16.0,16.0,860.0,2144.0,69.0,1379.0,182.898001,2.0,0.0,0.0,0.0,0.0,0.0,0.0,0.0,0.0,3.0,4.0,0.0,601.0,1020.0,0.0,0.0,0.0,0.0,0.0,0.0,0.0,0.0,0.0,0.0,0.0,2021-01-01 10:00:00,9975.164,2.770878888888889,3.1666666666666665,4.55
P004,1.0,0.0,0.0,0.0,0.0,0.0,0.0,8.15,0.0,0.0,0.231997,15.0,0.247995,17.0,148.04025506973267,81.0,23.698,81.0,148.04025506973267,81.0,0.0,81.0,0.0,81.0,0.0,81.0,0.0,81.0,23.698,81.0,0.0,81.0,0.0,81.0,0.0,81.0,0.0,81.0,0.0665216142537903,1.0,1.0,0.0,80.0,0.0,0.0,367.0,0.0,0.0,0.0,0.0,0.0,0.0,0.0,0.0,0.0,0.0,1.0,0.0,0.0,1.0,0.0,0.0,0.0,0.0,0.0,0.0,0.0,0.0,0.0,0.0,,0.0,2021-01-01 11:00:00,9975.164,2.770878888888889,3.1666666666666665,4.55
P004,1.0,0.0,0.0,0.0,0.0,0.0,0.0,0.0,0.029,2.0,0.064998,3.0,3522.617998,6.0,220.37717616558075,89.0,15.674,89.0,220.37717616558075,89.0,0.0,89.0,0.0,89.0,0.0,89.0,0.0,89.0,15.674,89.0,0.0,89.0,0.0,89.0,0.0,89.0,0.0,89.0,0.0616067104727896,1.0,0.0,1.0,88.0,0.0,1.0,23.0,0.0,0.0,0.0,0.0,0.0,0.0,0.0,0.0,0.0,0.0,0.0,0.0,0.0,0.0,0.0,0.0,0.0,0.0,0.0,0.0,0.0,0.0,0.0,0.0,0.0,,2021-01-01 12:00:00,9975.164,2.770878888888889,3.1666666666666665,4.55
P004,1.0,0.0,0.0,0.0,0.0,0.0,0.0,45.583333333333336,0.181996,7.0,1163.753022,8.0,1165.638015,23.0,1889.5246382951736,774.0,356.726,774.0,1683.1941829919815,774.0,0.0,774.0,0.0,774.0,0.0,774.0,164.70078206062317,774.0,298.535,774.0,0.0,774.0,0.0,774.0,0.0,774.0,56.028,774.0,0.0433585831802123,8.0,3.0,2.0,769.0,1162.0,20.0,2339.0,0.0,0.0,0.0,0.0,0.0,0.0,0.0,0.0,0.0,0.0,0.0,0.0,0.0,0.0,0.0,0.0,0.0,0.0,0.0,0.0,0.0,0.0,0.0,0.0,0.0,0.0,2021-01-01 13:00:00,9975.164,2.770878888888889,3.1666666666666665,4.55
P004,0.0,0.0,0.0,0.0,0.0,0.0,0.0,0.0,0.358994,13.0,1938.472019,10.0,2807.365983,29.0,20.312960386276245,51.0,1.682,51.0,0.0,51.0,0.0,51.0,0.0,51.0,0.0,51.0,0.0,51.0,0.0,51.0,0.0,51.0,0.0,51.0,0.0,51.0,0.0,51.0,0.83950706764576,22.0,8.0,8.0,35.0,2508.0,15.0,605.0,0.0,0.0,0.0,0.0,0.0,0.0,0.0,0.0,0.0,0.0,0.0,0.0,0.0,0.0,0.0,0.0,0.0,0.0,0.0,0.0,0.0,0.0,0.0,0.0,,0.0,2021-01-01 14:00:00,9975.164,2.770878888888889,3.1666666666666665,4.55
P004,1.0,0.0,0.0,0.0,0.0,0.0,0.0,0.0,1376.052919,157.0,204.604993,16.0,1936.539903,211.0,229.2653139829636,349.0,45.167,349.0,10.99918293952942,349.0,0.0,349.0,0.0,349.0,0.0,349.0,178.50665926933289,349.0,13.637,349.0,0.0,349.0,0.0,349.0,0.0,349.0,27.364,349.0,0.2885267241400066,34.0,11.0,12.0,326.0,1841.0,15.0,1506.0,141.483002,5.0,0.0,0.0,0.0,0.0,0.0,0.0,0.0,0.0,0.0,0.0,0.0,0.0,0.0,0.0,0.0,0.0,0.0,0.0,3.0,3.0,1.0,6.0,0.0,,2021-01-01 15:00:00,9975.164,2.770878888888889,3.1666666666666665,4.55
P004,0.0,0.0,0.0,0.0,0.0,0.0,0.0,0.0,0.0,0.0,2.121990000000001,21.0,150.41896699999998,73.0,775.4587079286575,334.0,94.007,334.0,522.724000453949,334.0,0.0,334.0,89.04937195777893,334.0,0.0,334.0,0.0,334.0,41.025,334.0,0.0,334.0,6.013,334.0,0.0,334.0,0.0,334.0,0.0407673112992328,3.0,1.0,1.0,332.0,145.0,1.0,2854.0,0.050999,4.0,0.492988,27.0,0.0,0.0,0.0,0.0,0.0,0.0,0.0,0.0,0.0,0.0,0.0,0.0,0.0,0.0,0.0,0.0,0.0,0.0,0.0,0.0,1.0,0.0,2021-01-01 16:00:00,9975.164,2.770878888888889,3.1666666666666665,4.55
P004,1.0,0.0,0.0,0.0,0.0,0.0,0.0,3.5,0.0,0.0,0.562989,18.0,5.582976000000001,56.0,651.905347943306,283.0,60.161,283.0,438.39104521274567,283.0,0.0,283.0,92.38970756530762,283.0,0.0,283.0,0.0,283.0,30.81,283.0,0.0,283.0,19.826,283.0,0.0,283.0,0.0,283.0,0.0654914798039804,4.0,2.0,1.0,280.0,2.0,1.0,1176.0,0.032,1.0,0.058997,4.0,0.0,0.0,0.0,0.0,0.0,0.0,0.0,0.0,0.0,0.0,0.0,0.0,0.0,0.0,0.0,2.0,1.0,3.0,0.0,0.0,1.0,1.0,2021-01-01 17:00:00,9975.164,2.770878888888889,3.1666666666666665,4.55
P004,1.0,0.0,0.0,0.0,0.0,0.0,0.0,0.0,0.0,0.0,0.0,0.0,0.0,0.0,0.0,0.0,0.0,0.0,0.0,0.0,0.0,0.0,0.0,0.0,0.0,0.0,0.0,0.0,0.0,0.0,0.0,0.0,0.0,0.0,0.0,0.0,0.0,0.0,0.0,0.0,0.0,0.0,0.0,0.0,0.0,0.0,0.0,0.0,0.0,0.0,0.0,0.0,0.0,0.0,0.0,0.0,0.0,0.0,0.0,0.0,0.0,0.0,0.0,0.0,0.0,0.0,0.0,0.0,0.0,0.0,,1.0,2021-01-01 18:00:00,9975.164,2.770878888888889,3.1666666666666665,4.55
P004,1.0,0.0,0.0,0.0,0.0,0.0,0.0,1.5166666666666666,0.0,0.0,2774.517998,4.0,2774.519998,5.0,442.4089184999466,177.0,203.458,177.0,442.4089184999466,177.0,0.0,177.0,0.0,177.0,0.0,177.0,0.0,177.0,203.458,177.0,0.0,177.0,0.0,177.0,0.0,177.0,0.0,177.0,0.0697229221974734,2.0,1.0,1.0,175.0,0.0,33.0,259.0,0.0,0.0,0.0,0.0,0.0,0.0,0.0,0.0,0.0,0.0,0.0,0.0,0.0,0.0,0.0,0.0,0.0,0.0,0.0,0.0,0.0,0.0,0.0,0.0,0.0,,2021-01-02 10:00:00,20188.288,5.607857777777778,3.3833333333333333,6.183333333333334
P004,1.0,0.0,0.0,0.0,0.0,0.0,0.0,16.266666666666666,0.291996,14.0,0.298,7.0,2708.1789979999994,25.0,122.48371434211732,90.0,6.97,90.0,122.48371434211732,90.0,0.0,90.0,0.0,90.0,0.0,90.0,0.0,90.0,6.97,90.0,0.0,90.0,0.0,90.0,0.0,90.0,0.0,90.0,0.3615726351677331,9.0,4.0,4.0,82.0,1576.0,9.0,424.0,0.0,0.0,0.0,0.0,0.0,0.0,0.0,0.0,0.0,0.0,0.0,0.0,0.0,0.0,0.0,0.0,0.0,0.0,0.0,0.0,0.0,0.0,0.0,0.0,0.0,0.0,2021-01-02 11:00:00,20188.288,5.607857777777778,3.3833333333333333,6.183333333333334
P004,1.0,0.0,0.0,0.0,0.0,0.0,0.0,0.0,191.044006,1.0,3026.469998,3.0,3217.670003,12.0,0.0,15.0,0.0,15.0,0.0,15.0,0.0,15.0,0.0,15.0,0.0,15.0,0.0,15.0,0.0,15.0,0.0,15.0,0.0,15.0,0.0,15.0,0.0,15.0,0.6277052571971504,4.0,1.0,2.0,12.0,187.0,5.0,53.0,0.125999,6.0,0.0,0.0,0.0,0.0,0.0,0.0,0.0,0.0,0.0,0.0,0.0,0.0,0.0,0.0,0.0,0.0,0.0,0.0,0.0,0.0,0.0,0.0,1.0,0.0,2021-01-02 12:00:00,20188.288,5.607857777777778,3.3833333333333333,6.183333333333334
P004,2.0,1.6833333333333331,0.0,0.0,0.0,0.0,0.0,25.666666666666668,0.0,0.0,326.525971,30.0,499.857971,47.0,570.4926860332489,278.0,57.422,278.0,570.4926860332489,278.0,0.0,278.0,0.0,278.0,0.0,278.0,0.0,278.0,57.422,278.0,0.0,278.0,0.0,278.0,0.0,278.0,0.0,278.0,0.1347606289104829,9.0,4.0,3.0,271.0,475.0,5.0,2077.0,0.5279969999999999,4.0,0.0,0.0,0.0,0.0,0.0,0.0,0.0,0.0,2.0,3.0,0.0,395.0,251.0,0.0,0.0,0.0,0.0,0.0,0.0,0.0,0.0,0.0,1.0,1.0,2021-01-02 13:00:00,20188.288,5.607857777777778,3.3833333333333333,6.183333333333334
P004,1.0,0.0,0.0,0.0,0.0,0.0,0.0,48.75,0.0,0.0,1082.570989,28.0,2750.148919,54.0,1158.140685915947,505.0,86.857,505.0,1158.140685915947,505.0,0.0,505.0,0.0,505.0,0.0,505.0,0.0,505.0,86.857,505.0,0.0,505.0,0.0,505.0,0.0,505.0,0.0,505.0,0.1109931389865624,14.0,5.0,5.0,495.0,2065.0,5.0,356.0,631.537967,12.0,0.0,0.0,0.0,0.0,0.0,0.0,0.0,0.0,1.0,0.0,0.0,1.0,0.0,0.0,0.0,0.0,0.0,0.0,0.0,0.0,0.0,0.0,1.0,1.0,2021-01-02 14:00:00,20188.288,5.607857777777778,3.3833333333333333,6.183333333333334
P004,1.0,0.0,0.0,0.0,0.0,0.0,0.0,30.15,0.0,0.0,1541.23901,16.0,2372.913009,22.0,839.2273008823395,448.0,114.276,448.0,795.6340873241425,448.0,0.0,448.0,0.0,448.0,0.0,448.0,0.0,448.0,111.714,448.0,0.0,448.0,0.0,448.0,0.0,448.0,0.0,448.0,0.1697790815178781,18.0,7.0,8.0,433.0,2225.0,28.0,517.0,0.006,1.0,0.0,0.0,0.0,0.0,0.0,0.0,0.0,0.0,0.0,0.0,0.0,0.0,0.0,0.0,0.0,0.0,0.0,0.0,0.0,0.0,0.0,0.0,1.0,1.0,2021-01-02 15:00:00,20188.288,5.607857777777778,3.3833333333333333,6.183333333333334
P004,1.0,0.0,0.0,0.0,0.0,0.0,0.0,49.1,0.0,0.0,231.43899200000004,26.0,321.73598,45.0,2080.995670080185,898.0,309.356,898.0,2060.4461817741394,898.0,20.54948830604553,898.0,0.0,898.0,0.0,898.0,0.0,898.0,240.841,898.0,68.515,898.0,0.0,898.0,0.0,898.0,0.0,898.0,0.0316471821915521,5.0,2.0,2.0,894.0,86.0,3.0,2847.0,0.014999,2.0,0.0,0.0,0.0,0.0,0.0,0.0,0.0,0.0,0.0,0.0,0.0,0.0,0.0,0.0,0.0,0.0,0.0,0.0,0.0,0.0,0.0,0.0,0.0,1.0,2021-01-02 16:00:00,20188.288,5.607857777777778,3.3833333333333333,6.183333333333334
P004,1.0,0.0,0.0,0.0,0.0,0.0,0.0,0.0,0.0,0.0,0.041999,3.0,31.593992,20.0,353.2697004079819,138.0,21.937,138.0,165.11878955364227,138.0,0.0,138.0,0.0,138.0,0.0,138.0,0.0,138.0,10.485,138.0,0.0,138.0,0.0,138.0,0.0,138.0,0.0,138.0,0.085796696315878,3.0,1.0,1.0,136.0,29.0,1.0,3213.0,0.020997,3.0,0.0,0.0,0.0,0.0,0.0,0.0,0.0,0.0,0.0,0.0,0.0,0.0,0.0,0.0,0.0,0.0,0.0,0.0,0.0,0.0,0.0,0.0,0.0,0.0,2021-01-02 17:00:00,20188.288,5.607857777777778,3.3833333333333333,6.183333333333334
P004,1.0,0.0,0.0,0.0,0.0,0.0,0.0,2.6666666666666665,0.0,0.0,0.016,2.0,0.8839980000000001,8.0,326.2575753927231,114.0,25.267,114.0,326.2575753927231,114.0,0.0,114.0,0.0,114.0,0.0,114.0,0.0,114.0,25.267,114.0,0.0,114.0,0.0,114.0,0.0,114.0,0.0,114.0,0.0,0.0,0.0,0.0,114.0,0.0,0.0,3473.0,0.0,0.0,0.0,0.0,0.0,0.0,0.0,0.0,0.0,0.0,0.0,0.0,0.0,0.0,0.0,0.0,0.0,0.0,0.0,0.0,0.0,0.0,0.0,0.0,,0.0,2021-01-02 18:00:00,20188.288,5.607857777777778,3.3833333333333333,6.183333333333334
P004,1.0,0.0,0.0,0.0,0.0,0.0,0.0,33.21666666666667,0.7719860000000001,24.0,66.30797700000001,44.0,68.91795699999999,79.0,1461.2306054830551,617.0,126.334,617.0,1336.6041227579117,617.0,0.0,617.0,0.0,617.0,0.0,617.0,49.12587320804596,617.0,113.846,617.0,0.0,617.0,0.0,617.0,0.0,617.0,5.895,617.0,0.0338427998479075,5.0,1.0,2.0,614.0,126.0,33.0,2925.0,0.0,0.0,0.0,0.0,0.0,0.0,0.0,0.0,0.0,0.0,0.0,0.0,0.0,0.0,0.0,0.0,0.0,0.0,0.0,0.0,0.0,0.0,0.0,0.0,0.0,,2021-01-03 09:00:00,25976.972,7.215825555555556,4.133333333333334,7.75
P004,1.0,0.0,0.0,0.0,0.0,0.0,0.0,48.86666666666667,0.008,1.0,2.622984,31.0,2.8819770000000005,48.0,2091.3332500457764,1006.0,430.315,1006.0,1734.49407351017,1006.0,72.31480026245117,1006.0,0.0,1006.0,0.0,1006.0,75.49045300483704,1006.0,393.28,1006.0,10.128,1006.0,0.0,1006.0,0.0,1006.0,8.681,1006.0,0.0,0.0,0.0,0.0,1006.0,0.0,0.0,2952.0,0.036998,2.0,0.0,0.0,0.0,0.0,0.0,0.0,0.0,0.0,0.0,0.0,0.0,0.0,0.0,0.0,0.0,0.0,0.0,0.0,0.0,0.0,0.0,0.0,1.0,0.0,2021-01-03 10:00:00,25976.972,7.215825555555556,4.133333333333334,7.75
P004,1.0,0.0,0.0,0.0,0.0,0.0,0.0,0.0,0.0,0.0,0.180991,12.0,5.326986000000001,20.0,500.9157367944717,326.0,96.858,326.0,242.43137574195865,326.0,258.4843610525131,326.0,0.0,326.0,0.0,326.0,0.0,326.0,17.034,326.0,79.824,326.0,0.0,326.0,0.0,326.0,0.0,326.0,0.0581612011150574,4.0,2.0,1.0,323.0,1.0,4.0,3028.0,4.943996,4.0,0.0,0.0,0.0,0.0,0.0,0.0,0.0,0.0,0.0,0.0,0.0,0.0,0.0,0.0,0.0,0.0,0.0,0.0,0.0,0.0,0.0,0.0,0.0,1.0,2021-01-03 11:00:00,25976.972,7.215825555555556,4.133333333333334,7.75
P004,1.0,0.0,0.0,0.0,0.0,0.0,0.0,56.8,0.0,0.0,84.33095299999998,97.0,84.567949,112.0,521.6142301559448,353.0,124.833,353.0,433.5330387353897,353.0,0.0,353.0,0.0,353.0,0.0,353.0,0.0,353.0,115.891,353.0,0.0,353.0,0.0,353.0,0.0,353.0,0.0,353.0,0.0194477345238628,1.0,0.0,1.0,352.0,0.0,2.0,3471.0,0.026999,2.0,0.0,0.0,0.0,0.0,0.0,0.0,0.0,0.0,0.0,0.0,0.0,0.0,0.0,0.0,0.0,0.0,0.0,0.0,0.0,0.0,0.0,0.0,0.0,0.0,2021-01-03 12:00:00,25976.972,7.215825555555556,4.133333333333334,7.75
P004,1.0,0.0,0.0,0.0,0.0,0.0,0.0,15.2,0.0,0.0,207.73997800000004,35.0,1711.402929,44.0,1141.6284886598587,523.0,124.952,523.0,1141.6284886598587,523.0,0.0,523.0,0.0,523.0,0.0,523.0,0.0,523.0,124.952,523.0,0.0,523.0,0.0,523.0,0.0,523.0,0.0,523.0,0.1499419253523135,17.0,8.0,7.0,508.0,1887.0,21.0,1299.0,0.011,2.0,0.0,0.0,0.0,0.0,0.0,0.0,0.0,0.0,0.0,0.0,0.0,0.0,0.0,0.0,0.0,0.0,0.0,0.0,0.0,0.0,0.0,0.0,1.0,0.0,2021-01-03 13:00:00,25976.972,7.215825555555556,4.133333333333334,7.75
P004,1.0,0.0,0.0,0.0,0.0,0.0,0.0,0.0,0.0,0.0,1763.4779360000002,15.0,1763.4909349999998,17.0,382.3741480112076,225.0,45.235,225.0,382.3741480112076,225.0,0.0,225.0,0.0,225.0,0.0,225.0,0.0,225.0,45.235,225.0,0.0,225.0,0.0,225.0,0.0,225.0,0.0,225.0,0.3057940763043185,17.0,8.0,8.0,209.0,2143.0,33.0,289.0,0.0,0.0,0.0,0.0,0.0,0.0,0.0,0.0,0.0,0.0,0.0,0.0,0.0,0.0,0.0,0.0,0.0,0.0,0.0,0.0,0.0,0.0,0.0,0.0,,1.0,2021-01-03 14:00:00,25976.972,7.215825555555556,4.133333333333334,7.75
P004,1.0,0.0,0.0,0.0,0.0,0.0,0.0,1.6666666666666667,0.0,0.0,0.079998,4.0,3340.925998,5.0,683.8390440940857,297.0,80.908,297.0,683.8390440940857,297.0,0.0,297.0,0.0,297.0,0.0,297.0,0.0,297.0,80.908,297.0,0.0,297.0,0.0,297.0,0.0,297.0,0.0,297.0,0.0225321439208077,1.0,0.0,1.0,296.0,0.0,1.0,256.0,0.0,0.0,0.0,0.0,0.0,0.0,0.0,0.0,0.0,0.0,0.0,0.0,0.0,0.0,0.0,0.0,0.0,0.0,0.0,0.0,0.0,0.0,0.0,0.0,0.0,,2021-01-03 15:00:00,25976.972,7.215825555555556,4.133333333333334,7.75
P004,1.0,0.0,0.0,0.0,0.0,0.0,0.0,0.0,0.0,0.0,1358.513943,3.0,1383.36193,39.0,199.21338188648224,114.0,38.897,114.0,112.27556765079498,114.0,0.0,114.0,0.0,114.0,0.0,114.0,0.0,114.0,30.432,114.0,0.0,114.0,0.0,114.0,0.0,114.0,0.0,114.0,0.1004802590519464,3.0,1.0,1.0,112.0,1355.0,2.0,2090.0,0.04,3.0,0.0,0.0,0.0,0.0,0.0,0.0,0.0,0.0,0.0,0.0,0.0,0.0,0.0,0.0,0.0,0.0,0.0,0.0,0.0,0.0,0.0,0.0,,0.0,2021-01-03 16:00:00,25976.972,7.215825555555556,4.133333333333334,7.75
P004,0.0,0.0,0.0,0.0,0.0,0.0,0.0,0.0,0.0,0.0,0.072999,2.0,0.372996,11.0,0.0,12.0,0.0,12.0,0.0,12.0,0.0,12.0,0.0,12.0,0.0,12.0,0.0,12.0,0.0,12.0,0.0,12.0,0.0,12.0,0.0,12.0,0.0,12.0,0.2868359830561607,1.0,1.0,0.0,11.0,0.0,0.0,1205.0,0.0,0.0,0.0,0.0,0.0,0.0,0.0,0.0,0.0,0.0,0.0,0.0,0.0,0.0,0.0,0.0,0.0,0.0,0.0,0.0,0.0,0.0,0.0,0.0,0.0,,2021-01-03 17:00:00,25976.972,7.215825555555556,4.133333333333334,7.75
P004,0.0,0.0,0.0,0.0,0.0,0.0,0.0,0.0,0.0,0.0,0.0,0.0,0.0,0.0,0.0,0.0,0.0,0.0,0.0,0.0,0.0,0.0,0.0,0.0,0.0,0.0,0.0,0.0,0.0,0.0,0.0,0.0,0.0,0.0,0.0,0.0,0.0,0.0,0.0,0.0,0.0,0.0,0.0,0.0,0.0,0.0,0.0,0.0,0.0,0.0,0.0,0.0,0.0,0.0,0.0,0.0,0.0,0.0,0.0,0.0,0.0,0.0,0.0,0.0,0.0,0.0,0.0,0.0,0.0,0.0,,0.0,2021-01-03 18:00:00,25976.972,7.215825555555556,4.133333333333334,7.75
P004,2.0,0.0,0.0,8.8,0.0,0.0,0.0,3.4833333333333334,0.0,0.0,0.3889869999999999,30.0,254.802984,39.0,867.5402904748917,510.0,336.267,510.0,867.5402904748917,510.0,0.0,510.0,0.0,510.0,0.0,510.0,0.0,510.0,336.267,510.0,0.0,510.0,0.0,510.0,0.0,510.0,0.0,510.0,0.1008577381690238,11.0,5.0,4.0,501.0,242.0,21.0,604.0,0.0,0.0,0.0,0.0,0.0,0.0,0.0,0.0,0.0,0.0,1.0,1.0,0.0,0.0,82.0,1.0,61.0,0.0,0.0,0.0,2.0,2.0,0.0,0.0,0.0,,2021-01-04 09:00:00,19608.144,5.446706666666667,4.55,7.283333333333333
P004,3.0,2.816666666666667,0.0,18.316666666666663,0.0,0.0,0.0,22.5,22.159998,2.0,6.255985,39.0,1776.897975,55.0,720.0007059574127,340.0,92.466,340.0,695.6554753780365,340.0,0.0,340.0,0.0,340.0,0.0,340.0,0.0,340.0,90.231,340.0,0.0,340.0,0.0,340.0,0.0,340.0,0.0,340.0,0.2845749242994412,26.0,11.0,11.0,318.0,2385.0,104.0,907.0,0.0,0.0,0.0,0.0,0.0,0.0,0.0,0.0,0.0,0.0,1.0,1.0,0.0,0.0,281.0,0.0,0.0,1.0,48.0,0.0,0.0,0.0,0.0,0.0,0.0,0.0,2021-01-04 10:00:00,19608.144,5.446706666666667,4.55,7.283333333333333
P004,1.0,0.0,0.0,0.0,0.0,0.0,0.0,3.1333333333333333,0.0,0.0,182.322993,3.0,3090.809993,5.0,274.28411877155304,98.0,15.894,98.0,274.28411877155304,98.0,0.0,98.0,0.0,98.0,0.0,98.0,0.0,98.0,15.894,98.0,0.0,98.0,0.0,98.0,0.0,98.0,0.0,98.0,0.2727611233591395,7.0,3.0,3.0,92.0,179.0,250.0,40.0,0.0,0.0,0.0,0.0,0.0,0.0,0.0,0.0,0.0,0.0,1.0,1.0,0.0,0.0,59.0,0.0,0.0,0.0,0.0,0.0,0.0,0.0,0.0,0.0,0.0,0.0,2021-01-04 11:00:00,19608.144,5.446706666666667,4.55,7.283333333333333
P004,1.0,0.0,0.0,0.0,0.0,0.0,0.0,0.0,0.0,0.0,3029.218997,5.0,3029.220997,6.0,0.0,8.0,0.0,8.0,0.0,8.0,0.0,8.0,0.0,8.0,0.0,8.0,0.0,8.0,0.0,8.0,0.0,8.0,0.0,8.0,0.0,8.0,0.0,8.0,0.7356219397587946,3.0,1.0,1.0,6.0,0.0,7.0,96.0,0.0,0.0,0.0,0.0,0.0,0.0,0.0,0.0,0.0,0.0,0.0,0.0,0.0,0.0,0.0,0.0,0.0,0.0,0.0,0.0,0.0,0.0,0.0,0.0,1.0,0.0,2021-01-04 12:00:00,19608.144,5.446706666666667,4.55,7.283333333333333
P004,1.0,0.0,0.0,0.0,0.0,0.0,0.0,0.0,0.0,0.0,0.059999,4.0,3368.806998,8.0,0.0,11.0,0.0,11.0,0.0,11.0,0.0,11.0,0.0,11.0,0.0,11.0,0.0,11.0,0.0,11.0,0.0,11.0,0.0,11.0,0.0,11.0,0.0,11.0,0.7595473914748635,5.0,1.0,2.0,8.0,0.0,2.0,206.0,0.0,0.0,0.0,0.0,0.0,0.0,0.0,0.0,0.0,0.0,0.0,0.0,0.0,0.0,0.0,0.0,0.0,0.0,0.0,0.0,0.0,0.0,0.0,0.0,,1.0,2021-01-04 13:00:00,19608.144,5.446706666666667,4.55,7.283333333333333
P004,1.0,0.0,0.0,0.0,0.0,0.0,0.0,0.0,0.0,0.0,0.0,0.0,0.0,0.0,0.0,0.0,0.0,0.0,0.0,0.0,0.0,0.0,0.0,0.0,0.0,0.0,0.0,0.0,0.0,0.0,0.0,0.0,0.0,0.0,0.0,0.0,0.0,0.0,0.0,0.0,0.0,0.0,0.0,0.0,0.0,0.0,0.0,0.0,0.0,0.0,0.0,0.0,0.0,0.0,0.0,0.0,0.0,0.0,0.0,0.0,0.0,0.0,0.0,0.0,0.0,0.0,0.0,0.0,0.0,0.0,1.0,,2021-01-04 18:00:00,19608.144,5.446706666666667,4.55,7.283333333333333
P004,0.0,0.0,0.0,0.0,0.0,0.0,0.0,0.0,0.0,0.0,0.0,0.0,0.0,0.0,0.0,0.0,0.0,0.0,0.0,0.0,0.0,0.0,0.0,0.0,0.0,0.0,0.0,0.0,0.0,0.0,0.0,0.0,0.0,0.0,0.0,0.0,0.0,0.0,0.0,0.0,0.0,0.0,0.0,0.0,0.0,0.0,0.0,0.0,0.0,0.0,0.0,0.0,0.0,0.0,0.0,0.0,0.0,0.0,0.0,0.0,0.0,0.0,0.0,0.0,0.0,0.0,0.0,0.0,0.0,0.0,,1.0,2021-01-04 19:00:00,19608.144,5.446706666666667,4.55,7.283333333333333
P004,3.0,9.633333333333333,0.0,21.816666666666663,0.0,0.0,0.0,10.216666666666669,92.175999,3.0,161.567992,20.0,1867.381016,34.0,3969.808518052101,1488.0,448.816,1488.0,3969.808518052101,1488.0,0.0,1488.0,0.0,1488.0,0.0,1488.0,0.0,1488.0,448.816,1488.0,0.0,1488.0,0.0,1488.0,0.0,1488.0,0.0,1488.0,0.1187477179593489,37.0,16.0,16.0,1456.0,1368.0,404.0,1329.0,0.0,0.0,0.0,0.0,0.0,0.0,0.0,0.0,0.0,0.0,2.0,2.0,0.0,1148.0,1278.0,0.0,0.0,0.0,0.0,0.0,1.0,1.0,1.0,366.0,0.0,,2021-01-05 09:00:00,21898.743,6.082984166666666,2.4166666666666665,5.45
P004,1.0,0.0,0.0,0.0,0.0,0.0,0.0,25.933333333333334,0.0,0.0,284.449987,15.0,2552.146978,35.0,58.01462745666504,67.0,12.566,67.0,46.0,67.0,0.0,67.0,0.0,67.0,0.0,67.0,0.0,67.0,4.44,67.0,0.0,67.0,0.0,67.0,0.0,67.0,0.0,67.0,0.7681368432794339,28.0,9.0,9.0,49.0,1554.0,28.0,407.0,0.0,0.0,0.0,0.0,0.0,0.0,0.0,0.0,0.0,0.0,0.0,0.0,0.0,0.0,0.0,0.0,0.0,0.0,0.0,0.0,0.0,0.0,0.0,0.0,0.0,0.0,2021-01-05 10:00:00,21898.743,6.082984166666666,2.4166666666666665,5.45
P004,1.0,0.0,0.0,0.0,0.0,0.0,0.0,37.45,0.0,0.0,358.42799,10.0,378.193983,23.0,228.1002695560456,113.0,42.922,113.0,122.91434741020204,113.0,0.0,113.0,0.0,113.0,0.0,113.0,0.0,113.0,36.053,113.0,0.0,113.0,0.0,113.0,0.0,113.0,0.0,113.0,0.1775691648608676,5.0,2.0,2.0,109.0,184.0,5.0,2623.0,0.034999,2.0,0.0,0.0,0.0,0.0,0.0,0.0,0.0,0.0,0.0,0.0,0.0,0.0,0.0,0.0,0.0,0.0,0.0,0.0,0.0,0.0,0.0,0.0,1.0,0.0,2021-01-05 11:00:00,21898.743,6.082984166666666,2.4166666666666665,5.45
P004,1.0,0.0,0.0,0.0,0.0,0.0,0.0,9.033333333333331,0.0,0.0,0.0,0.0,1691.0649959999998,11.0,0.0,12.0,0.0,12.0,0.0,12.0,0.0,12.0,0.0,12.0,0.0,12.0,0.0,12.0,0.0,12.0,0.0,12.0,0.0,12.0,0.0,12.0,0.0,12.0,0.2868359830561607,1.0,0.0,1.0,11.0,0.0,1.0,15.0,0.0,0.0,0.0,0.0,0.0,0.0,0.0,0.0,0.0,0.0,3.0,3.0,0.0,82.0,292.0,0.0,0.0,0.0,0.0,0.0,0.0,0.0,0.0,0.0,1.0,1.0,2021-01-05 12:00:00,21898.743,6.082984166666666,2.4166666666666665,5.45
P004,1.0,0.0,0.0,0.0,0.0,0.0,0.0,46.61666666666667,0.004,1.0,826.3999630000001,67.0,1915.715934,84.0,458.0707440376282,239.0,34.794,239.0,64.65115356445312,239.0,296.36655163764954,239.0,0.0,239.0,0.0,239.0,0.0,239.0,12.481,239.0,15.31,239.0,0.0,239.0,0.0,239.0,0.0,239.0,0.2920686996198627,21.0,8.0,8.0,223.0,1874.0,35.0,1403.0,0.057999,4.0,0.0,0.0,0.0,0.0,0.0,0.0,0.0,0.0,1.0,1.0,0.0,249.0,104.0,1.0,0.0,0.0,0.0,0.0,3.0,3.0,0.0,0.0,1.0,1.0,2021-01-05 13:00:00,21898.743,6.082984166666666,2.4166666666666665,5.45
P004,1.0,0.0,0.0,0.0,0.0,0.0,0.0,57.56666666666667,0.012,1.0,297.10199299999994,42.0,406.462973,96.0,666.7581745386124,399.0,84.294,399.0,666.7581745386124,399.0,0.0,399.0,0.0,399.0,0.0,399.0,0.0,399.0,84.294,399.0,0.0,399.0,0.0,399.0,0.0,399.0,0.0,399.0,0.2336282750700125,30.0,10.0,10.0,379.0,381.0,22.0,2547.0,0.004999,1.0,0.0,0.0,0.0,0.0,0.0,0.0,0.0,0.0,2.0,1.0,0.0,946.0,124.0,0.0,0.0,0.0,0.0,0.0,0.0,0.0,0.0,0.0,0.0,1.0,2021-01-05 14:00:00,21898.743,6.082984166666666,2.4166666666666665,5.45
P004,2.0,9.033333333333331,0.0,0.0,0.0,0.0,0.0,21.866666666666667,575.3310220000001,6.0,0.133997,15.0,1749.156989,51.0,359.1322298049927,184.0,32.76,184.0,288.624933719635,184.0,0.0,184.0,0.0,184.0,0.0,184.0,0.0,184.0,29.0,184.0,0.0,184.0,0.0,184.0,0.0,184.0,0.0,184.0,0.3218462120366003,19.0,7.0,7.0,170.0,1422.0,323.0,1291.0,0.0,0.0,0.0,0.0,0.0,0.0,0.0,0.0,0.0,0.0,1.0,1.0,0.0,0.0,659.0,0.0,0.0,0.0,0.0,0.0,0.0,0.0,0.0,0.0,0.0,0.0,2021-01-05 15:00:00,21898.743,6.082984166666666,2.4166666666666665,5.45
P004,0.0,0.0,0.0,0.0,0.0,0.0,0.0,0.0,0.0,0.0,0.024,1.0,1.872995,9.0,13.51462745666504,14.0,1.566,14.0,0.0,14.0,0.0,14.0,0.0,14.0,0.0,14.0,0.0,14.0,0.0,14.0,0.0,14.0,0.0,14.0,0.0,14.0,0.0,14.0,0.2573186405438316,1.0,1.0,0.0,13.0,0.0,0.0,1205.0,1.720999,2.0,0.0,0.0,0.0,0.0,0.0,0.0,0.0,0.0,0.0,0.0,0.0,0.0,0.0,0.0,0.0,0.0,0.0,0.0,0.0,0.0,0.0,0.0,,0.0,2021-01-05 16:00:00,21898.743,6.082984166666666,2.4166666666666665,5.45
P004,0.0,0.0,0.0,0.0,0.0,0.0,0.0,0.0,0.0,0.0,0.0,0.0,0.0,0.0,0.0,0.0,0.0,0.0,0.0,0.0,0.0,0.0,0.0,0.0,0.0,0.0,0.0,0.0,0.0,0.0,0.0,0.0,0.0,0.0,0.0,0.0,0.0,0.0,0.0,0.0,0.0,0.0,0.0,0.0,0.0,0.0,0.0,0.0,0.0,0.0,0.0,0.0,0.0,0.0,0.0,0.0,0.0,0.0,0.0,0.0,0.0,0.0,0.0,0.0,0.0,0.0,0.0,0.0,0.0,0.0,0.0,,2021-01-05 17:00:00,21898.743,6.082984166666666,2.4166666666666665,5.45
P004,0.0,0.0,0.0,0.0,0.0,0.0,0.0,0.0,0.0,0.0,0.0,0.0,0.0,0.0,0.0,0.0,0.0,0.0,0.0,0.0,0.0,0.0,0.0,0.0,0.0,0.0,0.0,0.0,0.0,0.0,0.0,0.0,0.0,0.0,0.0,0.0,0.0,0.0,0.0,0.0,0.0,0.0,0.0,0.0,0.0,0.0,0.0,0.0,0.0,0.0,0.0,0.0,0.0,0.0,0.0,0.0,0.0,0.0,0.0,0.0,0.0,0.0,0.0,0.0,0.0,0.0,0.0,0.0,0.0,0.0,,0.0,2021-01-05 18:00:00,21898.743,6.082984166666666,2.4166666666666665,5.45
P004,2.0,18.116666666666667,0.0,0.0,0.0,0.0,0.0,0.0,0.0,0.0,913.100025,4.0,913.912025,6.0,35.849854588508606,36.0,3.782,36.0,35.849854588508606,36.0,0.0,36.0,0.0,36.0,0.0,36.0,0.0,36.0,3.782,36.0,0.0,36.0,0.0,36.0,0.0,36.0,0.0,36.0,1.039720770839918,19.0,9.0,9.0,18.0,1557.0,70.0,905.0,0.0,0.0,0.0,0.0,0.0,0.0,0.0,0.0,0.0,0.0,2.0,2.0,0.0,58.0,608.0,1.0,558.0,0.0,0.0,0.0,0.0,0.0,0.0,0.0,0.0,,2021-01-06 09:00:00,27366.573,7.601825833333334,0.0333333333333333,3.8333333333333335
P004,5.0,8.333333333333334,3.05,3.583333333333333,2.083333333333333,0.0,0.0,8.9,0.0,0.0,1073.293988,20.0,2348.357945,25.0,906.1167265176772,371.0,135.992,371.0,856.9840458631516,371.0,0.0,371.0,0.0,371.0,0.0,371.0,0.0,371.0,129.284,371.0,0.0,371.0,0.0,371.0,0.0,371.0,0.0,371.0,0.2076498255975968,21.0,8.0,8.0,355.0,2280.0,82.0,280.0,0.0,0.0,0.0,0.0,0.0,0.0,0.0,0.0,0.0,0.0,2.0,2.0,0.0,31.0,1128.0,0.0,0.0,0.0,0.0,0.0,0.0,0.0,0.0,0.0,,0.0,2021-01-06 10:00:00,27366.573,7.601825833333334,0.0333333333333333,3.8333333333333335
P004,1.0,0.0,0.0,0.0,0.0,0.0,0.0,0.0,0.0,0.0,477.416,5.0,922.304984,21.0,152.68870294094086,66.0,17.912,66.0,143.274489402771,66.0,9.41421353816986,66.0,0.0,66.0,0.0,66.0,0.0,66.0,8.715,66.0,9.197,66.0,0.0,66.0,0.0,66.0,0.0,66.0,0.3676494774001422,8.0,3.0,3.0,60.0,437.0,13.0,473.0,0.056998,6.0,0.0,0.0,0.0,0.0,0.0,0.0,0.0,0.0,0.0,0.0,0.0,0.0,0.0,0.0,0.0,0.0,0.0,0.0,0.0,0.0,0.0,0.0,0.0,,2021-01-06 11:00:00,27366.573,7.601825833333334,0.0333333333333333,3.8333333333333335
P004,1.0,0.0,0.0,0.0,0.0,0.0,0.0,10.8,9.632999,3.0,114.358991,18.0,1542.2699940000002,56.0,607.2146006822586,337.0,58.605,337.0,485.4819071292877,337.0,116.2873511314392,337.0,0.0,337.0,0.0,337.0,0.0,337.0,47.509,337.0,10.385,337.0,0.0,337.0,0.0,337.0,0.0,337.0,0.3345382523696819,36.0,13.0,14.0,310.0,1414.0,26.0,1989.0,159.244005,6.0,0.007999,2.0,0.0,0.0,0.0,0.0,0.0,0.0,2.0,1.0,0.0,57.0,151.0,1.0,575.0,0.0,0.0,0.0,0.0,0.0,0.0,0.0,0.0,0.0,2021-01-06 12:00:00,27366.573,7.601825833333334,0.0333333333333333,3.8333333333333335
P004,0.0,0.0,0.0,0.0,0.0,0.0,0.0,0.0,0.0,0.0,0.091999,2.0,1233.515009,14.0,216.3897750377655,133.0,42.037,133.0,0.0,133.0,216.3897750377655,133.0,0.0,133.0,0.0,133.0,0.0,133.0,0.0,133.0,42.037,133.0,0.0,133.0,0.0,133.0,0.0,133.0,0.3423166933721588,14.0,6.0,5.0,122.0,1497.0,19.0,1750.0,0.018,3.0,0.0,0.0,0.0,0.0,0.0,0.0,0.0,0.0,0.0,0.0,0.0,0.0,0.0,0.0,0.0,0.0,0.0,0.0,0.0,0.0,0.0,0.0,0.0,0.0,2021-01-06 13:00:00,27366.573,7.601825833333334,0.0333333333333333,3.8333333333333335
P004,2.0,6.85,0.0,0.0,0.0,0.0,0.0,44.766666666666666,0.006,1.0,380.4159559999998,115.0,958.9739179999998,208.0,1215.7358009815216,675.0,384.301,675.0,1039.0438956022265,675.0,102.46539890766144,675.0,0.0,675.0,0.0,675.0,0.0,675.0,374.409,675.0,4.686,675.0,0.0,675.0,0.0,675.0,0.0,675.0,0.1601128289707068,28.0,10.0,11.0,654.0,585.0,21.0,2641.0,358.444991,22.0,0.132998,3.0,0.0,0.0,0.0,0.0,0.0,0.0,2.0,2.0,0.0,84.0,583.0,0.0,0.0,0.0,0.0,0.0,0.0,0.0,2.0,2562.0,0.0,0.0,2021-01-06 14:00:00,27366.573,7.601825833333334,0.0333333333333333,3.8333333333333335
P004,1.0,0.0,0.0,0.0,0.0,0.0,0.0,35.666666666666664,0.0,0.0,875.98498,27.0,1798.8909879999997,38.0,1041.1754884719849,544.0,127.227,544.0,1041.1754884719849,544.0,0.0,544.0,0.0,544.0,0.0,544.0,0.0,544.0,127.227,544.0,0.0,544.0,0.0,544.0,0.0,544.0,0.0,544.0,0.2450641191482755,37.0,15.0,14.0,515.0,1754.0,37.0,399.0,97.156998,3.0,804.0500129999999,2.0,0.0,0.0,0.0,0.0,0.0,0.0,2.0,2.0,0.0,82.0,493.0,0.0,0.0,0.0,0.0,0.0,0.0,0.0,0.0,0.0,1.0,0.0,2021-01-06 15:00:00,27366.573,7.601825833333334,0.0333333333333333,3.8333333333333335
P004,0.0,0.0,0.0,0.0,0.0,0.0,0.0,0.0,0.0,0.0,0.0,0.0,0.0,0.0,0.0,0.0,0.0,0.0,0.0,0.0,0.0,0.0,0.0,0.0,0.0,0.0,0.0,0.0,0.0,0.0,0.0,0.0,0.0,0.0,0.0,0.0,0.0,0.0,0.0,0.0,0.0,0.0,0.0,0.0,0.0,0.0,0.0,0.0,0.0,0.0,0.0,0.0,0.0,0.0,0.0,0.0,0.0,0.0,0.0,0.0,0.0,0.0,0.0,0.0,0.0,0.0,0.0,0.0,0.0,0.0,0.0,1.0,2021-01-06 16:00:00,27366.573,7.601825833333334,0.0333333333333333,3.8333333333333335
P004,0.0,0.0,0.0,0.0,0.0,0.0,0.0,0.0,0.0,0.0,0.0,0.0,0.0,0.0,0.0,0.0,0.0,0.0,0.0,0.0,0.0,0.0,0.0,0.0,0.0,0.0,0.0,0.0,0.0,0.0,0.0,0.0,0.0,0.0,0.0,0.0,0.0,0.0,0.0,0.0,0.0,0.0,0.0,0.0,0.0,0.0,0.0,0.0,0.0,0.0,0.0,0.0,0.0,0.0,0.0,0.0,0.0,0.0,0.0,0.0,0.0,0.0,0.0,0.0,0.0,0.0,0.0,0.0,0.0,0.0,,0.0,2021-01-06 17:00:00,27366.573,7.601825833333334,0.0333333333333333,3.8333333333333335
P005,0.0,0.0,0.0,0.0,0.0,0.0,0.0,0.0,0.0,0.0,0.201996,9.0,1319.8860420000003,13.0,0.0,16.0,0.0,16.0,0.0,16.0,0.0,16.0,0.0,16.0,0.0,16.0,0.0,16.0,0.0,16.0,0.0,16.0,0.0,16.0,0.0,16.0,0.0,16.0,0.6019239717322894,4.0,2.0,1.0,13.0,1314.0,4.0,410.0,0.0,0.0,0.0,0.0,0.0,0.0,0.0,0.0,0.0,0.0,0.0,0.0,0.0,0.0,0.0,0.0,0.0,0.0,0.0,0.0,0.0,0.0,0.0,0.0,1.0,,2020-12-07 15:00:00,,,,
P005,4.0,3.033333333333333,20.966666666666665,3.0,0.0,0.0,0.0,0.0,0.0,0.0,298.12400699999995,13.0,2897.547098,17.0,0.0,25.0,0.0,25.0,0.0,25.0,0.0,25.0,0.0,25.0,0.0,25.0,0.0,25.0,0.0,25.0,0.0,25.0,0.0,25.0,0.0,25.0,0.0,25.0,0.8486765553516089,13.0,4.0,4.0,17.0,2518.0,10.0,153.0,0.0,0.0,0.0,0.0,0.0,0.0,0.0,0.0,0.0,0.0,2.0,2.0,0.0,53.0,1106.0,0.0,0.0,0.0,0.0,0.0,0.0,0.0,0.0,0.0,,1.0,2020-12-07 16:00:00,,,,
P005,1.0,0.0,0.0,0.0,0.0,0.0,0.0,0.0,111.723999,3.0,0.075998,4.0,2863.383967,26.0,0.0,44.0,0.0,44.0,0.0,44.0,0.0,44.0,0.0,44.0,0.0,44.0,0.0,44.0,0.0,44.0,0.0,44.0,0.0,44.0,0.0,44.0,0.0,44.0,0.9600861707225684,31.0,9.0,9.0,26.0,1457.0,50.0,658.0,50.789996,4.0,0.0,0.0,0.0,0.0,0.0,0.0,0.0,0.0,0.0,0.0,0.0,0.0,0.0,0.0,0.0,0.0,0.0,0.0,0.0,0.0,0.0,0.0,0.0,,2020-12-07 19:00:00,,,,
P005,3.0,0.0,9.7,3.066666666666667,0.0,0.0,0.0,19.58333333333333,0.0,0.0,0.144997,7.0,1181.6779769999998,12.0,0.0,22.0,0.0,22.0,0.0,22.0,0.0,22.0,0.0,22.0,0.0,22.0,0.0,22.0,0.0,22.0,0.0,22.0,0.0,22.0,0.0,22.0,0.0,22.0,1.0040761387311792,14.0,5.0,5.0,12.0,1740.0,103.0,86.0,154.30299200000002,2.0,0.0,0.0,0.0,0.0,0.0,0.0,0.0,0.0,1.0,2.0,0.0,0.0,233.0,1.0,134.0,0.0,0.0,0.0,0.0,0.0,0.0,0.0,1.0,0.0,2020-12-07 20:00:00,,,,
P005,0.0,0.0,0.0,0.0,0.0,0.0,0.0,0.0,0.0,0.0,0.0,0.0,0.0,0.0,0.0,0.0,0.0,0.0,0.0,0.0,0.0,0.0,0.0,0.0,0.0,0.0,0.0,0.0,0.0,0.0,0.0,0.0,0.0,0.0,0.0,0.0,0.0,0.0,0.0,0.0,0.0,0.0,0.0,0.0,0.0,0.0,0.0,0.0,0.0,0.0,0.0,0.0,0.0,0.0,0.0,0.0,0.0,0.0,0.0,0.0,0.0,0.0,0.0,0.0,0.0,0.0,0.0,0.0,0.0,0.0,,1.0,2020-12-07 21:00:00,,,,
P005,3.0,9.95,6.483333333333333,11.4,0.0,0.0,0.0,0.0,0.0,0.0,0.126997,7.0,1581.793966,13.0,0.0,23.0,0.0,23.0,0.0,23.0,0.0,23.0,0.0,23.0,0.0,23.0,0.0,23.0,0.0,23.0,0.0,23.0,0.0,23.0,0.0,23.0,0.0,23.0,0.985984617175194,11.0,5.0,5.0,13.0,1641.0,138.0,60.0,0.0,0.0,0.0,0.0,0.0,0.0,0.0,0.0,0.0,0.0,3.0,4.0,0.0,137.0,427.0,1.0,609.0,0.0,0.0,0.0,0.0,0.0,0.0,0.0,0.0,,2020-12-08 09:00:00,,,,
P005,0.0,0.0,0.0,0.0,0.0,0.0,0.0,0.0,0.0,0.0,0.008999,1.0,446.672994,11.0,0.0,15.0,0.0,15.0,0.0,15.0,0.0,15.0,0.0,15.0,0.0,15.0,0.0,15.0,0.0,15.0,0.0,15.0,0.0,15.0,0.0,15.0,0.0,15.0,0.7647544195674196,7.0,2.0,2.0,11.0,67.0,2.0,60.0,0.0,0.0,0.0,0.0,0.0,0.0,0.0,0.0,0.0,0.0,0.0,0.0,0.0,0.0,0.0,0.0,0.0,0.0,0.0,0.0,0.0,0.0,0.0,0.0,,0.0,2020-12-08 10:00:00,,,,
P005,1.0,0.0,35.95,0.0,0.0,0.0,0.0,0.0,0.043,1.0,233.988983,23.0,2394.154985,51.0,0.0,73.0,0.0,73.0,0.0,73.0,0.0,73.0,0.0,73.0,0.0,73.0,0.0,73.0,0.0,73.0,0.0,73.0,0.0,73.0,0.0,73.0,0.0,73.0,0.820914190867504,33.0,11.0,11.0,51.0,2292.0,121.0,791.0,0.0,0.0,0.0,0.0,0.0,0.0,0.0,0.0,0.0,0.0,0.0,0.0,0.0,0.0,0.0,0.0,0.0,0.0,0.0,0.0,0.0,0.0,0.0,0.0,1.0,,2020-12-08 11:00:00,,,,
P005,3.0,1.5166666666666666,25.98333333333333,0.0,0.0,0.0,0.0,9.533333333333331,0.0,0.0,0.0,0.0,1278.533973,9.0,0.0,36.0,0.0,36.0,0.0,36.0,0.0,36.0,0.0,36.0,0.0,36.0,0.0,36.0,0.0,36.0,0.0,36.0,0.0,36.0,0.0,36.0,0.0,36.0,1.081681009077233,32.0,13.0,14.0,9.0,2184.0,297.0,713.0,0.004999,1.0,0.097,2.0,0.0,0.0,0.0,0.0,0.0,1.0,2.0,2.0,81.0,88.0,177.0,1.0,31.0,0.0,0.0,0.0,0.0,0.0,0.0,0.0,1.0,1.0,2020-12-08 12:00:00,,,,
P005,1.0,0.0,0.0,0.0,0.0,0.0,0.0,0.0,0.0,0.0,0.33399,15.0,1745.02394,49.0,0.0,62.0,0.0,62.0,0.0,62.0,0.0,62.0,0.0,62.0,0.0,62.0,0.0,62.0,0.0,62.0,0.0,62.0,0.0,62.0,0.0,62.0,0.0,62.0,0.6582453130099911,22.0,7.0,6.0,49.0,1728.0,22.0,1193.0,0.0,0.0,0.0,0.0,0.0,0.0,0.0,0.0,0.0,0.0,0.0,0.0,0.0,0.0,0.0,0.0,0.0,0.0,0.0,0.0,0.0,0.0,0.0,0.0,1.0,1.0,2020-12-08 13:00:00,,,,
P005,0.0,0.0,0.0,0.0,0.0,0.0,0.0,0.0,0.0,0.0,0.0,0.0,0.0,0.0,0.0,0.0,0.0,0.0,0.0,0.0,0.0,0.0,0.0,0.0,0.0,0.0,0.0,0.0,0.0,0.0,0.0,0.0,0.0,0.0,0.0,0.0,0.0,0.0,0.0,0.0,0.0,0.0,0.0,0.0,0.0,0.0,0.0,0.0,0.0,0.0,0.0,0.0,0.0,0.0,0.0,0.0,0.0,0.0,0.0,0.0,0.0,0.0,0.0,0.0,0.0,0.0,0.0,0.0,0.0,0.0,,1.0,2020-12-08 14:00:00,,,,
P005,0.0,0.0,0.0,0.0,0.0,0.0,0.0,0.0,0.0,0.0,0.0,0.0,0.0,0.0,0.0,0.0,0.0,0.0,0.0,0.0,0.0,0.0,0.0,0.0,0.0,0.0,0.0,0.0,0.0,0.0,0.0,0.0,0.0,0.0,0.0,0.0,0.0,0.0,0.0,0.0,0.0,0.0,0.0,0.0,0.0,0.0,0.0,0.0,0.0,0.0,0.0,0.0,0.0,0.0,0.0,0.0,0.0,0.0,0.0,0.0,0.0,0.0,0.0,0.0,0.0,0.0,0.0,0.0,0.0,0.0,0.0,,2020-12-08 15:00:00,,,,
P005,0.0,0.0,0.0,0.0,0.0,0.0,0.0,0.0,0.0,0.0,0.0,0.0,0.0,0.0,0.0,4.0,0.0,4.0,0.0,4.0,0.0,4.0,0.0,4.0,0.0,4.0,0.0,4.0,0.0,4.0,0.0,4.0,0.0,4.0,0.0,4.0,0.0,4.0,0.6931471805599453,3.0,2.0,2.0,0.0,793.0,14.0,0.0,0.0,0.0,0.0,0.0,0.0,0.0,0.0,0.0,0.0,0.0,0.0,0.0,0.0,0.0,0.0,0.0,0.0,0.0,0.0,0.0,0.0,0.0,0.0,0.0,0.0,0.0,2020-12-08 16:00:00,,,,
P005,0.0,0.0,0.0,0.0,0.0,0.0,0.0,0.0,0.0,0.0,0.0,0.0,0.0,0.0,0.0,0.0,0.0,0.0,0.0,0.0,0.0,0.0,0.0,0.0,0.0,0.0,0.0,0.0,0.0,0.0,0.0,0.0,0.0,0.0,0.0,0.0,0.0,0.0,0.0,0.0,0.0,0.0,0.0,0.0,0.0,0.0,0.0,0.0,0.0,0.0,0.0,0.0,0.0,0.0,0.0,0.0,0.0,0.0,0.0,0.0,0.0,0.0,0.0,0.0,0.0,0.0,0.0,0.0,0.0,0.0,0.0,0.0,2020-12-08 17:00:00,,,,
P005,1.0,0.0,0.0,0.0,0.0,0.0,0.0,0.0,0.0,0.0,0.0,0.0,0.0,0.0,0.0,0.0,0.0,0.0,0.0,0.0,0.0,0.0,0.0,0.0,0.0,0.0,0.0,0.0,0.0,0.0,0.0,0.0,0.0,0.0,0.0,0.0,0.0,0.0,0.0,0.0,0.0,0.0,0.0,0.0,0.0,0.0,0.0,0.0,0.0,0.0,0.0,0.0,0.0,0.0,0.0,0.0,0.0,0.0,0.0,0.0,0.0,0.0,0.0,0.0,0.0,0.0,0.0,0.0,0.0,0.0,,0.0,2020-12-08 18:00:00,,,,
P005,0.0,0.0,0.0,0.0,0.0,0.0,0.0,0.0,0.0,0.0,0.0,0.0,0.0,0.0,0.0,0.0,0.0,0.0,0.0,0.0,0.0,0.0,0.0,0.0,0.0,0.0,0.0,0.0,0.0,0.0,0.0,0.0,0.0,0.0,0.0,0.0,0.0,0.0,0.0,0.0,0.0,0.0,0.0,0.0,0.0,0.0,0.0,0.0,0.0,0.0,0.0,0.0,0.0,0.0,0.0,0.0,0.0,0.0,0.0,0.0,0.0,0.0,0.0,0.0,0.0,0.0,0.0,0.0,0.0,0.0,0.0,,2020-12-08 19:00:00,,,,
P005,1.0,0.0,0.0,0.0,0.0,0.0,0.0,16.533333333333335,2.956995,11.0,204.087985,21.0,2139.580972,64.0,0.0,72.0,0.0,72.0,0.0,72.0,0.0,72.0,0.0,72.0,0.0,72.0,0.0,72.0,0.0,72.0,0.0,72.0,0.0,72.0,0.0,72.0,0.0,72.0,0.4258484492385814,14.0,4.0,4.0,64.0,206.0,119.0,1009.0,0.0,0.0,0.0,0.0,0.0,0.0,0.0,0.0,0.0,0.0,0.0,0.0,0.0,0.0,0.0,0.0,0.0,0.0,0.0,0.0,0.0,0.0,0.0,0.0,1.0,0.0,2020-12-08 20:00:00,,,,
P005,3.0,13.483333333333333,0.0,0.0,0.0,1.5166666666666666,0.0,8.05,0.035,4.0,0.35899,19.0,2783.812989,42.0,0.0,47.0,0.0,47.0,0.0,47.0,0.0,47.0,0.0,47.0,0.0,47.0,0.0,47.0,0.0,47.0,0.0,47.0,0.0,47.0,0.0,47.0,0.0,47.0,0.4104825975605758,8.0,2.0,3.0,42.0,594.0,7.0,361.0,0.0,0.0,0.0,0.0,0.0,0.0,0.0,0.0,0.0,1.0,1.0,3.0,482.0,24.0,196.0,1.0,31.0,0.0,0.0,0.0,0.0,0.0,0.0,0.0,,1.0,2020-12-08 21:00:00,,,,
P005,0.0,0.0,0.0,0.0,0.0,0.0,0.0,0.0,26.378,1.0,0.116998,7.0,26.519997,10.0,0.0,12.0,0.0,12.0,0.0,12.0,0.0,12.0,0.0,12.0,0.0,12.0,0.0,12.0,0.0,12.0,0.0,12.0,0.0,12.0,0.0,12.0,0.0,12.0,0.5660857389596289,2.0,1.0,1.0,10.0,0.0,2.0,23.0,0.0,0.0,0.0,0.0,0.0,0.0,0.0,0.0,0.0,0.0,0.0,0.0,0.0,0.0,0.0,0.0,0.0,0.0,0.0,0.0,0.0,0.0,0.0,0.0,1.0,,2020-12-09 14:00:00,17026.825,4.729673611111111,5.6,7.966666666666667
P005,0.0,0.0,0.0,0.0,0.0,0.0,0.0,0.0,0.0,0.0,0.008999,1.0,3069.139044,6.0,0.0,10.0,0.0,10.0,0.0,10.0,0.0,10.0,0.0,10.0,0.0,10.0,0.0,10.0,0.0,10.0,0.0,10.0,0.0,10.0,0.0,10.0,0.0,10.0,0.9502705392332348,7.0,2.0,2.0,6.0,1742.0,7.0,255.0,0.010999,1.0,0.0,0.0,0.0,0.0,0.0,0.0,0.0,0.0,0.0,0.0,0.0,0.0,0.0,0.0,0.0,0.0,0.0,0.0,0.0,0.0,0.0,0.0,1.0,1.0,2020-12-09 15:00:00,17026.825,4.729673611111111,5.6,7.966666666666667
P005,0.0,0.0,0.0,0.0,0.0,0.0,0.0,0.0,0.0,0.0,0.204996,10.0,2318.293995,12.0,0.0,14.0,0.0,14.0,0.0,14.0,0.0,14.0,0.0,14.0,0.0,14.0,0.0,14.0,0.0,14.0,0.0,14.0,0.0,14.0,0.0,14.0,0.0,14.0,0.509137344082687,3.0,1.0,1.0,12.0,0.0,3.0,158.0,0.0,0.0,0.0,0.0,0.0,0.0,0.0,0.0,0.0,0.0,0.0,0.0,0.0,0.0,0.0,0.0,0.0,0.0,0.0,0.0,0.0,0.0,0.0,0.0,,1.0,2020-12-09 16:00:00,17026.825,4.729673611111111,5.6,7.966666666666667
P005,0.0,0.0,0.0,0.0,0.0,0.0,0.0,0.0,0.0,0.0,0.2029949999999999,11.0,2850.068028,17.0,0.0,29.0,0.0,29.0,0.0,29.0,0.0,29.0,0.0,29.0,0.0,29.0,0.0,29.0,0.0,29.0,0.0,29.0,0.0,29.0,0.0,29.0,0.0,29.0,0.9650289168936348,17.0,6.0,6.0,17.0,2775.0,14.0,88.0,0.0,0.0,0.0,0.0,0.0,0.0,0.0,0.0,0.0,0.0,0.0,0.0,0.0,0.0,0.0,0.0,0.0,0.0,0.0,0.0,0.0,0.0,0.0,0.0,0.0,,2020-12-09 17:00:00,17026.825,4.729673611111111,5.6,7.966666666666667
P005,1.0,0.0,13.733333333333333,0.0,0.0,0.0,0.0,0.0,0.0,0.0,1345.3429929999998,14.0,3006.2299940000003,21.0,0.0,33.0,0.0,33.0,0.0,33.0,0.0,33.0,0.0,33.0,0.0,33.0,0.0,33.0,0.0,33.0,0.0,33.0,0.0,33.0,0.0,33.0,0.0,33.0,0.9075352941050092,19.0,6.0,6.0,21.0,1863.0,14.0,75.0,0.0,0.0,0.0,0.0,0.0,0.0,0.0,0.0,0.0,0.0,0.0,0.0,0.0,0.0,0.0,0.0,0.0,0.0,0.0,0.0,0.0,0.0,0.0,0.0,1.0,0.0,2020-12-09 18:00:00,17026.825,4.729673611111111,5.6,7.966666666666667
P005,0.0,0.0,0.0,0.0,0.0,0.0,0.0,0.0,0.0,0.0,0.095998,5.0,1012.141018,10.0,0.0,16.0,0.0,16.0,0.0,16.0,0.0,16.0,0.0,16.0,0.0,16.0,0.0,16.0,0.0,16.0,0.0,16.0,0.0,16.0,0.0,16.0,0.0,16.0,0.9214934308679616,8.0,3.0,3.0,10.0,926.0,6.0,19.0,0.0,0.0,0.0,0.0,0.0,0.0,0.0,0.0,0.0,0.0,0.0,0.0,0.0,0.0,0.0,0.0,0.0,0.0,0.0,0.0,0.0,0.0,0.0,0.0,0.0,1.0,2020-12-09 19:00:00,17026.825,4.729673611111111,5.6,7.966666666666667
P005,0.0,0.0,0.0,0.0,0.0,0.0,0.0,0.0,0.0,0.0,0.0,0.0,0.0,0.0,0.0,0.0,0.0,0.0,0.0,0.0,0.0,0.0,0.0,0.0,0.0,0.0,0.0,0.0,0.0,0.0,0.0,0.0,0.0,0.0,0.0,0.0,0.0,0.0,0.0,0.0,0.0,0.0,0.0,0.0,0.0,0.0,0.0,0.0,0.0,0.0,0.0,0.0,0.0,0.0,0.0,0.0,0.0,0.0,0.0,0.0,0.0,0.0,0.0,0.0,0.0,0.0,0.0,0.0,0.0,0.0,0.0,0.0,2020-12-09 20:00:00,17026.825,4.729673611111111,5.6,7.966666666666667
P005,1.0,0.0,49.13333333333333,0.0,0.0,0.0,0.0,0.0,0.0,0.0,0.0,0.0,0.0,0.0,0.0,0.0,0.0,0.0,0.0,0.0,0.0,0.0,0.0,0.0,0.0,0.0,0.0,0.0,0.0,0.0,0.0,0.0,0.0,0.0,0.0,0.0,0.0,0.0,0.0,0.0,0.0,0.0,0.0,0.0,0.0,0.0,0.0,0.0,0.0,0.0,0.0,0.0,0.0,0.0,0.0,0.0,0.0,0.0,0.0,0.0,0.0,0.0,0.0,0.0,0.0,0.0,0.0,0.0,0.0,0.0,,0.0,2020-12-09 21:00:00,17026.825,4.729673611111111,5.6,7.966666666666667
P005,0.0,0.0,0.0,0.0,0.0,0.0,0.0,0.0,0.0,0.0,0.0,0.0,0.0,0.0,0.0,0.0,0.0,0.0,0.0,0.0,0.0,0.0,0.0,0.0,0.0,0.0,0.0,0.0,0.0,0.0,0.0,0.0,0.0,0.0,0.0,0.0,0.0,0.0,0.0,0.0,0.0,0.0,0.0,0.0,0.0,0.0,0.0,0.0,0.0,0.0,0.0,0.0,0.0,0.0,0.0,0.0,0.0,0.0,0.0,0.0,0.0,0.0,0.0,0.0,0.0,0.0,0.0,0.0,0.0,0.0,0.0,,2020-12-10 11:00:00,12851.27,3.5697972222222223,1.9166666666666663,3.7
P005,0.0,0.0,0.0,0.0,0.0,0.0,0.0,0.0,0.0,0.0,0.0,0.0,0.0,0.0,0.0,0.0,0.0,0.0,0.0,0.0,0.0,0.0,0.0,0.0,0.0,0.0,0.0,0.0,0.0,0.0,0.0,0.0,0.0,0.0,0.0,0.0,0.0,0.0,0.0,0.0,0.0,0.0,0.0,0.0,0.0,0.0,0.0,0.0,0.0,0.0,0.0,0.0,0.0,0.0,0.0,0.0,0.0,0.0,0.0,0.0,0.0,0.0,0.0,0.0,0.0,0.0,0.0,0.0,0.0,0.0,,0.0,2020-12-10 12:00:00,12851.27,3.5697972222222223,1.9166666666666663,3.7
P005,0.0,0.0,0.0,0.0,0.0,0.0,0.0,0.0,0.0,0.0,0.0,0.0,0.0,0.0,0.0,0.0,0.0,0.0,0.0,0.0,0.0,0.0,0.0,0.0,0.0,0.0,0.0,0.0,0.0,0.0,0.0,0.0,0.0,0.0,0.0,0.0,0.0,0.0,0.0,0.0,0.0,0.0,0.0,0.0,0.0,0.0,0.0,0.0,0.0,0.0,0.0,0.0,0.0,0.0,0.0,0.0,0.0,0.0,0.0,0.0,0.0,0.0,0.0,0.0,0.0,0.0,0.0,0.0,0.0,0.0,0.0,,2020-12-10 13:00:00,12851.27,3.5697972222222223,1.9166666666666663,3.7
P005,1.0,0.0,0.0,0.0,0.0,0.0,0.0,0.0,0.0,0.0,0.0,0.0,1153.653,2.0,0.0,4.0,0.0,4.0,0.0,4.0,0.0,4.0,0.0,4.0,0.0,4.0,0.0,4.0,0.0,4.0,0.0,4.0,0.0,4.0,0.0,4.0,0.0,4.0,1.039720770839918,2.0,1.0,1.0,2.0,0.0,56.0,176.0,0.0,0.0,0.0,0.0,0.0,0.0,0.0,0.0,0.0,0.0,0.0,0.0,0.0,0.0,0.0,0.0,0.0,0.0,0.0,0.0,0.0,0.0,0.0,0.0,,0.0,2020-12-10 14:00:00,12851.27,3.5697972222222223,1.9166666666666663,3.7
P005,1.0,0.0,28.03333333333333,0.0,0.0,0.0,0.0,0.0,0.0,0.0,1960.625986,12.0,1960.6439850000004,14.0,0.0,18.0,0.0,18.0,0.0,18.0,0.0,18.0,0.0,18.0,0.0,18.0,0.0,18.0,0.0,18.0,0.0,18.0,0.0,18.0,0.0,18.0,0.0,18.0,0.6837389058487535,7.0,2.0,2.0,14.0,1790.0,7.0,155.0,0.0,0.0,0.0,0.0,0.0,0.0,0.0,0.0,0.0,0.0,0.0,0.0,0.0,0.0,0.0,0.0,0.0,0.0,0.0,0.0,0.0,0.0,0.0,0.0,0.0,,2020-12-10 17:00:00,12851.27,3.5697972222222223,1.9166666666666663,3.7
P005,0.0,0.0,0.0,0.0,0.0,0.0,0.0,0.0,0.0,0.0,0.086994,6.0,3285.2089990000004,14.0,0.0,21.0,0.0,21.0,0.0,21.0,0.0,21.0,0.0,21.0,0.0,21.0,0.0,21.0,0.0,21.0,0.0,21.0,0.0,21.0,0.0,21.0,0.0,21.0,0.8641502031949702,13.0,3.0,4.0,14.0,507.0,14.0,40.0,0.064,2.0,0.0,0.0,0.0,0.0,0.0,0.0,0.0,0.0,0.0,0.0,0.0,0.0,0.0,0.0,0.0,0.0,0.0,0.0,0.0,0.0,0.0,0.0,,0.0,2020-12-10 18:00:00,12851.27,3.5697972222222223,1.9166666666666663,3.7
P005,3.0,1.5166666666666666,15.616666666666667,0.0,0.0,0.0,0.0,2.033333333333333,0.0,0.0,2942.901976,30.0,3251.09097,51.0,0.0,61.0,0.0,61.0,0.0,61.0,0.0,61.0,0.0,61.0,0.0,61.0,0.0,61.0,0.0,61.0,0.0,61.0,0.0,61.0,0.0,61.0,0.0,61.0,0.5597675298572191,17.0,5.0,5.0,51.0,1582.0,18.0,243.0,0.018,2.0,147.653994,9.0,0.0,0.0,0.0,0.0,0.0,0.0,1.0,2.0,0.0,0.0,229.0,1.0,149.0,0.0,0.0,0.0,0.0,0.0,0.0,0.0,1.0,,2020-12-11 12:00:00,14312.737,3.9757602777777774,4.283333333333333,6.266666666666667
P005,1.0,0.0,0.0,0.0,0.0,0.0,0.0,0.0,0.0,0.0,1003.264014,30.0,2231.665988,40.0,0.0,48.0,0.0,48.0,0.0,48.0,0.0,48.0,0.0,48.0,0.0,48.0,0.0,48.0,0.0,48.0,0.0,48.0,0.0,48.0,0.0,48.0,0.0,48.0,0.5660857389596289,12.0,4.0,4.0,40.0,2524.0,54.0,479.0,0.004,1.0,0.0,0.0,0.0,0.0,0.0,0.0,0.0,0.0,0.0,0.0,0.0,0.0,0.0,0.0,0.0,0.0,0.0,0.0,0.0,0.0,0.0,0.0,,1.0,2020-12-11 13:00:00,14312.737,3.9757602777777774,4.283333333333333,6.266666666666667
P005,0.0,0.0,0.0,0.0,0.0,0.0,0.0,0.0,0.0,0.0,0.0,0.0,0.0,0.0,0.0,0.0,0.0,0.0,0.0,0.0,0.0,0.0,0.0,0.0,0.0,0.0,0.0,0.0,0.0,0.0,0.0,0.0,0.0,0.0,0.0,0.0,0.0,0.0,0.0,0.0,0.0,0.0,0.0,0.0,0.0,0.0,0.0,0.0,0.0,0.0,0.0,0.0,0.0,0.0,0.0,0.0,0.0,0.0,0.0,0.0,0.0,0.0,0.0,0.0,0.0,0.0,0.0,0.0,0.0,0.0,0.0,,2020-12-11 16:00:00,14312.737,3.9757602777777774,4.283333333333333,6.266666666666667
P005,0.0,0.0,0.0,0.0,0.0,0.0,0.0,0.0,0.0,0.0,0.0,0.0,0.0,0.0,0.0,0.0,0.0,0.0,0.0,0.0,0.0,0.0,0.0,0.0,0.0,0.0,0.0,0.0,0.0,0.0,0.0,0.0,0.0,0.0,0.0,0.0,0.0,0.0,0.0,0.0,0.0,0.0,0.0,0.0,0.0,0.0,0.0,0.0,0.0,0.0,0.0,0.0,0.0,0.0,0.0,0.0,0.0,0.0,0.0,0.0,0.0,0.0,0.0,0.0,0.0,0.0,0.0,0.0,0.0,0.0,0.0,0.0,2020-12-11 17:00:00,14312.737,3.9757602777777774,4.283333333333333,6.266666666666667
P005,0.0,0.0,0.0,0.0,0.0,0.0,0.0,0.0,0.0,0.0,0.0,0.0,0.0,0.0,0.0,0.0,0.0,0.0,0.0,0.0,0.0,0.0,0.0,0.0,0.0,0.0,0.0,0.0,0.0,0.0,0.0,0.0,0.0,0.0,0.0,0.0,0.0,0.0,0.0,0.0,0.0,0.0,0.0,0.0,0.0,0.0,0.0,0.0,0.0,0.0,0.0,0.0,0.0,0.0,0.0,0.0,0.0,0.0,0.0,0.0,0.0,0.0,0.0,0.0,0.0,0.0,0.0,0.0,0.0,0.0,,0.0,2020-12-11 18:00:00,14312.737,3.9757602777777774,4.283333333333333,6.266666666666667
P005,2.0,0.0,49.0,3.533333333333333,0.0,0.0,0.0,0.0,0.0,0.0,285.580968,31.0,2251.592038,41.0,0.0,54.0,0.0,54.0,0.0,54.0,0.0,54.0,0.0,54.0,0.0,54.0,0.0,54.0,0.0,54.0,0.0,54.0,0.0,54.0,0.0,54.0,0.0,54.0,0.7180880726081236,20.0,7.0,6.0,41.0,2236.0,27.0,262.0,0.0,0.0,0.0,0.0,0.0,0.0,0.0,0.0,0.0,0.0,1.0,2.0,0.0,0.0,432.0,1.0,58.0,0.0,0.0,0.0,0.0,0.0,0.0,0.0,0.0,,2020-12-12 11:00:00,7384.876,2.0513544444444447,23.366666666666667,0.3833333333333333
P005,1.0,0.0,41.06666666666667,0.0,0.0,0.0,0.0,0.0,0.0,0.0,1842.327981,10.0,1842.430978,15.0,0.0,19.0,0.0,19.0,0.0,19.0,0.0,19.0,0.0,19.0,0.0,19.0,0.0,19.0,0.0,19.0,0.0,19.0,0.0,19.0,0.0,19.0,0.0,19.0,0.6605788876520756,7.0,2.0,2.0,15.0,398.0,1.0,71.0,0.056998,2.0,0.0,0.0,0.0,0.0,0.0,0.0,0.0,0.0,0.0,0.0,0.0,0.0,0.0,0.0,0.0,0.0,0.0,0.0,0.0,0.0,0.0,0.0,1.0,0.0,2020-12-12 12:00:00,7384.876,2.0513544444444447,23.366666666666667,0.3833333333333333
P005,1.0,0.0,33.46666666666667,0.0,0.0,0.0,0.0,0.0,0.0,0.0,0.0,0.0,0.0,0.0,0.0,0.0,0.0,0.0,0.0,0.0,0.0,0.0,0.0,0.0,0.0,0.0,0.0,0.0,0.0,0.0,0.0,0.0,0.0,0.0,0.0,0.0,0.0,0.0,0.0,0.0,0.0,0.0,0.0,0.0,0.0,0.0,0.0,0.0,0.0,0.0,0.0,0.0,0.0,0.0,0.0,0.0,0.0,0.0,0.0,0.0,0.0,0.0,0.0,0.0,0.0,0.0,0.0,0.0,0.0,0.0,0.0,1.0,2020-12-12 13:00:00,7384.876,2.0513544444444447,23.366666666666667,0.3833333333333333
P005,1.0,0.0,56.93333333333333,0.0,0.0,0.0,0.0,0.0,0.286991,18.0,1.491947,101.0,2284.603913,163.0,0.0,176.0,0.0,176.0,0.0,176.0,0.0,176.0,0.0,176.0,0.0,176.0,0.0,176.0,0.0,176.0,0.0,176.0,0.0,176.0,0.0,176.0,0.0,176.0,0.3144998439571416,24.0,6.0,7.0,163.0,2123.0,259.0,1057.0,450.945006,4.0,0.0,0.0,0.0,0.0,0.0,0.0,0.0,0.0,0.0,0.0,0.0,0.0,0.0,0.0,0.0,0.0,0.0,0.0,0.0,0.0,0.0,0.0,,0.0,2020-12-12 14:00:00,7384.876,2.0513544444444447,23.366666666666667,0.3833333333333333
P005,1.0,0.0,56.28333333333333,0.0,0.0,0.0,0.0,0.0,729.898986,11.0,495.105996,24.0,1225.060981,43.0,0.0,57.0,0.0,57.0,0.0,57.0,0.0,57.0,0.0,57.0,0.0,57.0,0.0,57.0,0.0,57.0,0.0,57.0,0.0,57.0,0.0,57.0,0.0,57.0,0.7277118457012594,23.0,7.0,7.0,43.0,1586.0,394.0,334.0,0.0,0.0,0.0,0.0,0.0,0.0,0.0,0.0,0.0,0.0,0.0,0.0,0.0,0.0,0.0,0.0,0.0,0.0,0.0,0.0,0.0,0.0,0.0,0.0,0.0,,2020-12-12 15:00:00,7384.876,2.0513544444444447,23.366666666666667,0.3833333333333333
P005,1.0,0.0,53.0,0.0,0.0,0.0,0.0,0.0,0.0,0.0,864.8779659999999,34.0,3085.6559210000005,39.0,0.0,48.0,0.0,48.0,0.0,48.0,0.0,48.0,0.0,48.0,0.0,48.0,0.0,48.0,0.0,48.0,0.0,48.0,0.0,48.0,0.0,48.0,0.0,48.0,0.6113828607890102,16.0,5.0,4.0,39.0,2665.0,10.0,273.0,0.0,0.0,0.0,0.0,0.0,0.0,0.0,0.0,0.0,0.0,0.0,0.0,0.0,0.0,0.0,0.0,0.0,0.0,0.0,0.0,0.0,0.0,0.0,0.0,0.0,0.0,2020-12-12 16:00:00,7384.876,2.0513544444444447,23.366666666666667,0.3833333333333333
P005,1.0,0.0,50.583333333333336,0.0,0.0,0.0,0.0,0.0,0.0,0.0,0.0,0.0,3333.320999,2.0,0.0,7.0,0.0,7.0,0.0,7.0,0.0,7.0,0.0,7.0,0.0,7.0,0.0,7.0,0.0,7.0,0.0,7.0,0.0,7.0,0.0,7.0,0.0,7.0,1.078992207877583,5.0,2.0,3.0,2.0,3112.0,20.0,11.0,0.061999,1.0,0.0,0.0,0.0,0.0,0.0,0.0,0.0,0.0,0.0,1.0,0.0,0.0,1.0,0.0,0.0,0.0,0.0,0.0,0.0,0.0,0.0,0.0,0.0,0.0,2020-12-12 17:00:00,7384.876,2.0513544444444447,23.366666666666667,0.3833333333333333
P005,2.0,19.35,0.0,0.0,0.0,0.0,0.0,37.333333333333336,0.132998,7.0,0.670985,40.0,1130.934957,75.0,0.0,92.0,0.0,92.0,0.0,92.0,0.0,92.0,0.0,92.0,0.0,92.0,0.0,92.0,0.0,92.0,0.0,92.0,0.0,92.0,0.0,92.0,0.0,92.0,0.6063302939546061,22.0,9.0,8.0,75.0,913.0,63.0,966.0,710.673,1.0,0.0,0.0,0.0,0.0,0.0,0.0,0.0,0.0,1.0,1.0,0.0,0.0,166.0,1.0,131.0,0.0,0.0,0.0,0.0,0.0,0.0,0.0,,0.0,2020-12-12 18:00:00,7384.876,2.0513544444444447,23.366666666666667,0.3833333333333333
P005,1.0,0.0,0.0,0.0,0.0,0.0,0.0,49.6,0.0,0.0,2070.616,2.0,3391.77301,9.0,0.0,13.0,0.0,13.0,0.0,13.0,0.0,13.0,0.0,13.0,0.0,13.0,0.0,13.0,0.0,13.0,0.0,13.0,0.0,13.0,0.0,13.0,0.0,13.0,0.8305178252872478,6.0,2.0,2.0,9.0,1181.0,141.0,46.0,0.0,0.0,0.0,0.0,0.0,0.0,0.0,0.0,0.0,0.0,0.0,0.0,0.0,0.0,0.0,0.0,0.0,0.0,0.0,0.0,0.0,0.0,0.0,0.0,1.0,,2020-12-13 10:00:00,25747.898,7.152193888888889,23.83333333333333,3.4166666666666665
P005,1.0,0.0,0.0,0.0,0.0,0.0,0.0,53.71666666666667,0.028999,1.0,0.255992,16.0,1847.218989,40.0,0.0,46.0,0.0,46.0,0.0,46.0,0.0,46.0,0.0,46.0,0.0,46.0,0.0,46.0,0.0,46.0,0.0,46.0,0.0,46.0,0.0,46.0,0.0,46.0,0.4776228769985274,9.0,3.0,3.0,40.0,1771.0,11.0,1166.0,0.0,0.0,0.2539929999999999,15.0,0.0,0.0,0.0,0.0,0.0,0.0,0.0,0.0,0.0,0.0,0.0,0.0,0.0,0.0,0.0,0.0,0.0,0.0,0.0,0.0,1.0,1.0,2020-12-13 11:00:00,25747.898,7.152193888888889,23.83333333333333,3.4166666666666665
P005,1.0,0.0,0.0,0.0,0.0,0.0,0.0,55.3,0.0,0.0,0.531989,26.0,2474.123022,45.0,0.0,53.0,0.0,53.0,0.0,53.0,0.0,53.0,0.0,53.0,0.0,53.0,0.0,53.0,0.0,53.0,0.0,53.0,0.0,53.0,0.0,53.0,0.0,53.0,0.5289680092384705,13.0,4.0,4.0,45.0,1482.0,50.0,1100.0,0.0,0.0,0.0,0.0,0.0,0.0,0.0,0.0,0.0,0.0,0.0,0.0,0.0,0.0,0.0,0.0,0.0,0.0,0.0,0.0,0.0,0.0,0.0,0.0,1.0,1.0,2020-12-13 12:00:00,25747.898,7.152193888888889,23.83333333333333,3.4166666666666665
P005,1.0,0.0,0.0,0.0,0.0,0.0,0.0,52.75,0.035999,1.0,934.744991,24.0,3002.6629649999995,37.0,0.0,42.0,0.0,42.0,0.0,42.0,0.0,42.0,0.0,42.0,0.0,42.0,0.0,42.0,0.0,42.0,0.0,42.0,0.0,42.0,0.0,42.0,0.0,42.0,0.4451435707843082,10.0,2.0,3.0,37.0,2065.0,11.0,531.0,0.0,0.0,0.0,0.0,0.0,0.0,0.0,0.0,0.0,0.0,0.0,0.0,0.0,0.0,0.0,0.0,0.0,0.0,0.0,0.0,0.0,0.0,0.0,0.0,1.0,1.0,2020-12-13 13:00:00,25747.898,7.152193888888889,23.83333333333333,3.4166666666666665
P005,1.0,0.0,0.0,0.0,0.0,0.0,0.0,56.18333333333333,0.059,1.0,55.94894,96.0,1408.5079509999996,127.0,0.0,135.0,0.0,135.0,0.0,135.0,0.0,135.0,0.0,135.0,0.0,135.0,0.0,135.0,0.0,135.0,0.0,135.0,0.0,135.0,0.0,135.0,0.0,135.0,0.2659998534813907,16.0,4.0,4.0,127.0,1347.0,8.0,2137.0,0.201994,13.0,0.0,0.0,0.0,0.0,0.0,0.0,0.0,0.0,0.0,0.0,0.0,0.0,0.0,0.0,0.0,0.0,0.0,0.0,0.0,0.0,0.0,0.0,,1.0,2020-12-13 14:00:00,25747.898,7.152193888888889,23.83333333333333,3.4166666666666665
P005,1.0,0.0,0.0,0.0,0.0,0.0,0.0,58.4,0.0,0.0,0.393993,19.0,852.320012,22.0,0.0,24.0,0.0,24.0,0.0,24.0,0.0,24.0,0.0,24.0,0.0,24.0,0.0,24.0,0.0,24.0,0.0,24.0,0.0,24.0,0.0,24.0,0.0,24.0,0.3445982481028228,4.0,1.0,1.0,22.0,851.0,2.0,1771.0,0.0,0.0,0.0,0.0,0.0,0.0,0.0,0.0,0.0,0.0,0.0,0.0,0.0,0.0,0.0,0.0,0.0,0.0,0.0,0.0,0.0,0.0,0.0,0.0,1.0,,2020-12-13 15:00:00,25747.898,7.152193888888889,23.83333333333333,3.4166666666666665
P005,1.0,0.0,0.0,0.0,0.0,0.0,0.0,57.1,0.0,0.0,154.71498200000002,23.0,1267.4059350000002,35.0,0.0,46.0,0.0,46.0,0.0,46.0,0.0,46.0,0.0,46.0,0.0,46.0,0.0,46.0,0.0,46.0,0.0,46.0,0.0,46.0,0.0,46.0,0.0,46.0,0.7148386023658708,21.0,6.0,5.0,35.0,1256.0,10.0,1545.0,0.0,0.0,0.0,0.0,0.0,0.0,0.0,0.0,0.0,0.0,0.0,0.0,0.0,0.0,0.0,0.0,0.0,0.0,0.0,0.0,0.0,0.0,0.0,0.0,1.0,1.0,2020-12-13 16:00:00,25747.898,7.152193888888889,23.83333333333333,3.4166666666666665
P005,1.0,0.0,0.0,0.0,0.0,0.0,0.0,54.56666666666667,0.0,0.0,0.047999,3.0,1316.6540180000002,14.0,0.0,20.0,0.0,20.0,0.0,20.0,0.0,20.0,0.0,20.0,0.0,20.0,0.0,20.0,0.0,20.0,0.0,20.0,0.0,20.0,0.0,20.0,0.0,20.0,0.818808456222877,11.0,3.0,3.0,14.0,1171.0,12.0,1024.0,0.017999,2.0,0.0,0.0,0.0,0.0,0.0,0.0,0.0,0.0,0.0,0.0,0.0,0.0,0.0,0.0,0.0,0.0,0.0,0.0,0.0,0.0,0.0,0.0,1.0,1.0,2020-12-13 17:00:00,25747.898,7.152193888888889,23.83333333333333,3.4166666666666665
P005,1.0,0.0,0.0,0.0,0.0,0.0,0.0,45.66666666666666,0.0,0.0,0.054997,4.0,339.428993,14.0,0.0,18.0,0.0,18.0,0.0,18.0,0.0,18.0,0.0,18.0,0.0,18.0,0.0,18.0,0.0,18.0,0.0,18.0,0.0,18.0,0.0,18.0,0.0,18.0,0.6837389058487535,5.0,2.0,2.0,14.0,0.0,1.0,109.0,0.0,0.0,0.0,0.0,0.0,0.0,0.0,0.0,0.0,0.0,0.0,0.0,0.0,0.0,0.0,0.0,0.0,0.0,0.0,0.0,0.0,0.0,0.0,0.0,0.0,1.0,2020-12-13 18:00:00,25747.898,7.152193888888889,23.83333333333333,3.4166666666666665
P005,1.0,0.0,0.0,0.0,0.0,0.0,0.0,51.78333333333333,0.0,0.0,0.0,0.0,0.0,0.0,0.0,0.0,0.0,0.0,0.0,0.0,0.0,0.0,0.0,0.0,0.0,0.0,0.0,0.0,0.0,0.0,0.0,0.0,0.0,0.0,0.0,0.0,0.0,0.0,0.0,0.0,0.0,0.0,0.0,0.0,0.0,0.0,0.0,0.0,0.0,0.0,0.0,0.0,0.0,0.0,0.0,0.0,0.0,0.0,0.0,0.0,0.0,0.0,0.0,0.0,0.0,0.0,0.0,0.0,0.0,0.0,,0.0,2020-12-13 19:00:00,25747.898,7.152193888888889,23.83333333333333,3.4166666666666665
P005,1.0,0.0,0.0,0.0,0.0,0.0,0.0,57.63333333333333,0.0,0.0,0.0,0.0,0.0,0.0,0.0,0.0,0.0,0.0,0.0,0.0,0.0,0.0,0.0,0.0,0.0,0.0,0.0,0.0,0.0,0.0,0.0,0.0,0.0,0.0,0.0,0.0,0.0,0.0,0.0,0.0,0.0,0.0,0.0,0.0,0.0,0.0,0.0,0.0,0.0,0.0,0.0,0.0,0.0,0.0,0.0,0.0,0.0,0.0,0.0,0.0,0.0,0.0,0.0,0.0,0.0,0.0,0.0,0.0,0.0,0.0,0.0,,2020-12-13 20:00:00,25747.898,7.152193888888889,23.83333333333333,3.4166666666666665
P005,1.0,0.0,0.0,0.0,0.0,0.0,0.0,44.23333333333333,0.0,0.0,0.0,0.0,0.0,0.0,0.0,0.0,0.0,0.0,0.0,0.0,0.0,0.0,0.0,0.0,0.0,0.0,0.0,0.0,0.0,0.0,0.0,0.0,0.0,0.0,0.0,0.0,0.0,0.0,0.0,0.0,0.0,0.0,0.0,0.0,0.0,0.0,0.0,0.0,0.0,0.0,0.0,0.0,0.0,0.0,0.0,0.0,0.0,0.0,0.0,0.0,0.0,0.0,0.0,0.0,0.0,0.0,0.0,0.0,0.0,0.0,,0.0,2020-12-13 21:00:00,25747.898,7.152193888888889,23.83333333333333,3.4166666666666665
P005,1.0,0.0,45.48333333333333,0.0,0.0,0.0,0.0,0.0,16.174996999999998,6.0,477.310989,11.0,2956.030982,41.0,0.0,67.0,0.0,67.0,0.0,67.0,0.0,67.0,0.0,67.0,0.0,67.0,0.0,67.0,0.0,67.0,0.0,67.0,0.0,67.0,0.0,67.0,0.0,67.0,0.9357054977947534,46.0,12.0,14.0,41.0,2627.0,88.0,429.0,0.0,0.0,0.0,0.0,0.0,0.0,0.0,0.0,0.0,0.0,0.0,0.0,0.0,0.0,0.0,0.0,0.0,0.0,0.0,0.0,0.0,0.0,0.0,0.0,0.0,,2020-12-14 09:00:00,12465.545,3.462651388888889,4.316666666666666,6.05
P005,1.0,0.0,56.28333333333333,0.0,0.0,0.0,0.0,0.0,0.0,0.0,0.065999,1.0,2227.4349810000003,5.0,0.0,8.0,0.0,8.0,0.0,8.0,0.0,8.0,0.0,8.0,0.0,8.0,0.0,8.0,0.0,8.0,0.0,8.0,0.0,8.0,0.0,8.0,0.0,8.0,0.9002560512685369,5.0,2.0,1.0,5.0,896.0,1.0,1907.0,0.0,0.0,0.0,0.0,0.0,0.0,0.0,0.0,0.0,0.0,0.0,0.0,0.0,0.0,0.0,0.0,0.0,0.0,0.0,0.0,0.0,0.0,0.0,0.0,1.0,0.0,2020-12-14 10:00:00,12465.545,3.462651388888889,4.316666666666666,6.05
P005,1.0,0.0,35.13333333333333,0.0,0.0,0.0,0.0,0.0,0.0,0.0,0.0,0.0,0.0,0.0,0.0,0.0,0.0,0.0,0.0,0.0,0.0,0.0,0.0,0.0,0.0,0.0,0.0,0.0,0.0,0.0,0.0,0.0,0.0,0.0,0.0,0.0,0.0,0.0,0.0,0.0,0.0,0.0,0.0,0.0,0.0,0.0,0.0,0.0,0.0,0.0,0.0,0.0,0.0,0.0,0.0,0.0,0.0,0.0,0.0,0.0,0.0,0.0,0.0,0.0,0.0,0.0,0.0,0.0,0.0,0.0,,1.0,2020-12-14 11:00:00,12465.545,3.462651388888889,4.316666666666666,6.05
P005,1.0,0.0,45.766666666666666,0.0,0.0,0.0,0.0,0.0,0.0,0.0,0.043,1.0,1246.418972,7.0,0.0,12.0,0.0,12.0,0.0,12.0,0.0,12.0,0.0,12.0,0.0,12.0,0.0,12.0,0.0,12.0,0.0,12.0,0.0,12.0,0.0,12.0,0.0,12.0,0.9596147939120492,9.0,2.0,3.0,7.0,788.0,61.0,37.0,448.429,2.0,0.0,0.0,0.0,0.0,0.0,0.0,0.0,0.0,0.0,0.0,0.0,0.0,0.0,0.0,0.0,0.0,0.0,0.0,0.0,0.0,0.0,0.0,0.0,,2020-12-14 14:00:00,12465.545,3.462651388888889,4.316666666666666,6.05
P005,1.0,0.0,50.28333333333333,0.0,0.0,0.0,0.0,0.0,0.0,0.0,40.014994,10.0,2713.820906,14.0,0.0,20.0,0.0,20.0,0.0,20.0,0.0,20.0,0.0,20.0,0.0,20.0,0.0,20.0,0.0,20.0,0.0,20.0,0.0,20.0,0.0,20.0,0.0,20.0,0.818808456222877,9.0,3.0,3.0,14.0,2663.0,17.0,205.0,0.007,1.0,0.0,0.0,0.0,0.0,0.0,0.0,0.0,0.0,0.0,0.0,0.0,0.0,0.0,0.0,0.0,0.0,0.0,0.0,0.0,0.0,0.0,0.0,0.0,0.0,2020-12-14 15:00:00,12465.545,3.462651388888889,4.316666666666666,6.05
P005,1.0,0.0,47.5,0.0,0.0,0.0,0.0,0.0,0.0,0.0,189.518996,9.0,189.537995,10.0,0.0,12.0,0.0,12.0,0.0,12.0,0.0,12.0,0.0,12.0,0.0,12.0,0.0,12.0,0.0,12.0,0.0,12.0,0.0,12.0,0.0,12.0,0.0,12.0,0.5660857389596289,3.0,1.0,1.0,10.0,0.0,2.0,13.0,0.0,0.0,0.0,0.0,0.0,0.0,0.0,0.0,0.0,0.0,0.0,0.0,0.0,0.0,0.0,0.0,0.0,0.0,0.0,0.0,0.0,0.0,0.0,0.0,0.0,0.0,2020-12-14 16:00:00,12465.545,3.462651388888889,4.316666666666666,6.05
P005,2.0,0.0,46.1,0.0,0.0,0.0,0.0,10.416666666666666,0.0,0.0,184.566993,18.0,3265.4969950000004,26.0,0.0,40.0,0.0,40.0,0.0,40.0,0.0,40.0,0.0,40.0,0.0,40.0,0.0,40.0,0.0,40.0,0.0,40.0,0.0,40.0,0.0,40.0,0.0,40.0,0.8900481522306134,20.0,7.0,7.0,26.0,1200.0,31.0,94.0,0.0,0.0,0.0,0.0,0.0,0.0,0.0,0.0,0.0,0.0,1.0,2.0,0.0,0.0,147.0,1.0,171.0,0.0,0.0,0.0,0.0,0.0,0.0,0.0,0.0,0.0,2020-12-14 17:00:00,12465.545,3.462651388888889,4.316666666666666,6.05
P005,1.0,0.0,0.0,0.0,0.0,0.0,0.0,57.016666666666666,0.0,0.0,0.8659760000000001,46.0,171.703975,56.0,0.0,58.0,0.0,58.0,0.0,58.0,0.0,58.0,0.0,58.0,0.0,58.0,0.0,58.0,0.0,58.0,0.0,58.0,0.0,58.0,0.0,58.0,0.0,58.0,0.1738965505262752,3.0,1.0,1.0,56.0,0.0,1.0,712.0,0.0,0.0,0.0,0.0,0.0,0.0,0.0,0.0,0.0,0.0,0.0,0.0,0.0,0.0,0.0,0.0,0.0,0.0,0.0,0.0,0.0,0.0,0.0,0.0,0.0,0.0,2020-12-14 18:00:00,12465.545,3.462651388888889,4.316666666666666,6.05
P005,1.0,0.0,0.0,0.0,0.0,0.0,0.0,41.18333333333333,0.0,0.0,0.0,0.0,0.0,0.0,0.0,0.0,0.0,0.0,0.0,0.0,0.0,0.0,0.0,0.0,0.0,0.0,0.0,0.0,0.0,0.0,0.0,0.0,0.0,0.0,0.0,0.0,0.0,0.0,0.0,0.0,0.0,0.0,0.0,0.0,0.0,0.0,0.0,0.0,0.0,0.0,0.0,0.0,0.0,0.0,0.0,0.0,0.0,0.0,0.0,0.0,0.0,0.0,0.0,0.0,0.0,0.0,0.0,0.0,0.0,0.0,,0.0,2020-12-14 19:00:00,12465.545,3.462651388888889,4.316666666666666,6.05
P005,0.0,0.0,0.0,0.0,0.0,0.0,0.0,0.0,0.0,0.0,0.0,0.0,0.0,0.0,0.0,0.0,0.0,0.0,0.0,0.0,0.0,0.0,0.0,0.0,0.0,0.0,0.0,0.0,0.0,0.0,0.0,0.0,0.0,0.0,0.0,0.0,0.0,0.0,0.0,0.0,0.0,0.0,0.0,0.0,0.0,0.0,0.0,0.0,0.0,0.0,0.0,0.0,0.0,0.0,0.0,0.0,0.0,0.0,0.0,0.0,0.0,0.0,0.0,0.0,0.0,0.0,0.0,0.0,2.0,84.0,1.0,,2020-12-15 09:00:00,17555.809,4.876613611111112,3.1166666666666667,5.55
P005,2.0,1.8,9.233333333333333,0.0,0.0,0.0,0.0,0.0,0.0,0.0,0.0,0.0,0.0,0.0,0.0,10.0,0.0,10.0,0.0,10.0,0.0,10.0,0.0,10.0,0.0,10.0,0.0,10.0,0.0,10.0,0.0,10.0,0.0,10.0,0.0,10.0,0.0,10.0,0.6931471805599453,9.0,5.0,5.0,0.0,2951.0,65.0,0.0,0.0,0.0,0.0,0.0,0.0,0.0,0.0,0.0,0.0,0.0,1.0,1.0,0.0,0.0,108.0,1.0,666.0,0.0,0.0,0.0,0.0,0.0,0.0,0.0,,1.0,2020-12-15 10:00:00,17555.809,4.876613611111112,3.1166666666666667,5.55
P005,2.0,1.5333333333333334,0.0,0.0,0.0,0.0,0.0,0.0,0.0,0.0,0.0,0.0,3551.12791,12.0,13.4164080619812,27.0,3.852,27.0,0.0,27.0,0.0,27.0,0.0,27.0,0.0,27.0,0.0,27.0,0.0,27.0,0.0,27.0,0.0,27.0,0.0,27.0,0.0,27.0,0.8655013604939206,14.0,4.0,5.0,18.0,3496.0,9.0,46.0,0.0,0.0,0.0,0.0,0.0,0.0,0.0,0.0,0.0,0.0,1.0,2.0,0.0,0.0,160.0,1.0,121.0,0.0,0.0,0.0,0.0,0.0,0.0,0.0,0.0,,2020-12-17 19:00:00,4891.738,1.3588161111111112,2.5,3.183333333333333
P005,1.0,0.0,0.0,0.0,0.0,0.0,0.0,0.0,0.0,0.0,0.089999,4.0,0.113998,7.0,0.0,8.0,0.0,8.0,0.0,8.0,0.0,8.0,0.0,8.0,0.0,8.0,0.0,8.0,0.0,8.0,0.0,8.0,0.0,8.0,0.0,8.0,0.0,8.0,0.3767701612564367,1.0,1.0,0.0,7.0,0.0,0.0,71.0,0.0,0.0,0.0,0.0,0.0,0.0,0.0,0.0,0.0,0.0,0.0,0.0,0.0,0.0,0.0,0.0,0.0,0.0,0.0,0.0,0.0,0.0,0.0,0.0,,0.0,2020-12-17 20:00:00,4891.738,1.3588161111111112,2.5,3.183333333333333
P005,2.0,2.3666666666666667,42.13333333333333,0.0,0.0,0.0,0.0,0.0,0.0,0.0,186.304973,52.0,1936.561991,63.0,0.0,81.0,0.0,81.0,0.0,81.0,0.0,81.0,0.0,81.0,0.0,81.0,0.0,81.0,0.0,81.0,0.0,81.0,0.0,81.0,0.0,81.0,0.0,81.0,0.6837389058487535,24.0,9.0,9.0,63.0,1753.0,225.0,1161.0,0.0,0.0,0.0,0.0,0.0,0.0,0.0,0.0,0.0,0.0,0.0,0.0,0.0,0.0,0.0,0.0,0.0,0.0,0.0,0.0,0.0,0.0,0.0,0.0,0.0,,2020-12-18 11:00:00,,,,
P005,0.0,0.0,0.0,0.0,0.0,0.0,0.0,0.0,0.644989,35.0,262.58099200000004,15.0,1673.4800019999998,66.0,0.0,74.0,0.912,74.0,0.0,74.0,0.0,74.0,0.0,74.0,0.0,74.0,0.0,74.0,0.0,74.0,0.0,74.0,0.0,74.0,0.0,74.0,0.0,74.0,0.3376029623395222,10.0,3.0,3.0,68.0,1407.0,21.0,544.0,0.0,0.0,0.0,0.0,0.0,0.0,0.0,0.0,0.0,0.0,0.0,0.0,0.0,0.0,0.0,0.0,0.0,0.0,0.0,0.0,2.0,2.0,1.0,7.0,0.0,0.0,2020-12-18 12:00:00,,,,
P005,0.0,0.0,0.0,0.0,0.0,0.0,0.0,0.0,0.078999,2.0,0.0,0.0,1080.0849989999997,4.0,0.0,6.0,0.0,6.0,0.0,6.0,0.0,6.0,0.0,6.0,0.0,6.0,0.0,6.0,0.0,6.0,0.0,6.0,0.0,6.0,0.0,6.0,0.0,6.0,0.8675632284814612,3.0,1.0,1.0,4.0,0.0,2.0,116.0,0.0,0.0,0.0,0.0,0.0,0.0,0.0,0.0,0.0,0.0,0.0,0.0,0.0,0.0,0.0,0.0,0.0,0.0,0.0,0.0,0.0,0.0,0.0,0.0,0.0,0.0,2020-12-18 13:00:00,,,,
P005,0.0,0.0,0.0,0.0,0.0,0.0,0.0,0.0,0.0,0.0,0.0,0.0,0.0,0.0,0.0,0.0,0.0,0.0,0.0,0.0,0.0,0.0,0.0,0.0,0.0,0.0,0.0,0.0,0.0,0.0,0.0,0.0,0.0,0.0,0.0,0.0,0.0,0.0,0.0,0.0,0.0,0.0,0.0,0.0,0.0,0.0,0.0,0.0,0.0,0.0,0.0,0.0,0.0,0.0,0.0,0.0,0.0,0.0,0.0,0.0,0.0,0.0,0.0,0.0,0.0,0.0,0.0,0.0,0.0,0.0,,0.0,2020-12-18 14:00:00,,,,
P005,3.0,3.2333333333333334,0.0,2.9833333333333334,0.0,0.0,0.0,3.2333333333333334,19.434995,7.0,0.362987,24.0,2469.81597,64.0,53.67707133293152,118.0,103.98,118.0,44.73279929161072,118.0,0.0,118.0,0.0,118.0,0.0,118.0,0.0,118.0,97.923,118.0,0.0,118.0,0.0,118.0,0.0,118.0,4.099,118.0,0.348951135874506,17.0,5.0,5.0,108.0,2073.0,17.0,949.0,0.0,0.0,0.162998,8.0,0.0,0.0,0.0,0.0,0.0,0.0,1.0,2.0,0.0,0.0,224.0,1.0,191.0,0.0,0.0,0.0,0.0,0.0,0.0,0.0,0.0,,2020-12-18 17:00:00,,,,
P005,0.0,0.0,0.0,0.0,0.0,0.0,0.0,0.0,0.0,0.0,0.0,0.0,0.0,0.0,0.0,0.0,0.0,0.0,0.0,0.0,0.0,0.0,0.0,0.0,0.0,0.0,0.0,0.0,0.0,0.0,0.0,0.0,0.0,0.0,0.0,0.0,0.0,0.0,0.0,0.0,0.0,0.0,0.0,0.0,0.0,0.0,0.0,0.0,0.0,0.0,0.0,0.0,0.0,0.0,0.0,0.0,0.0,0.0,0.0,0.0,0.0,0.0,0.0,0.0,0.0,0.0,0.0,0.0,0.0,0.0,0.0,0.0,2020-12-18 18:00:00,,,,
P005,0.0,0.0,0.0,0.0,0.0,0.0,0.0,0.0,0.0,0.0,0.0,0.0,0.0,0.0,0.0,0.0,0.0,0.0,0.0,0.0,0.0,0.0,0.0,0.0,0.0,0.0,0.0,0.0,0.0,0.0,0.0,0.0,0.0,0.0,0.0,0.0,0.0,0.0,0.0,0.0,0.0,0.0,0.0,0.0,0.0,0.0,0.0,0.0,0.0,0.0,0.0,0.0,0.0,0.0,0.0,0.0,0.0,0.0,0.0,0.0,0.0,0.0,0.0,0.0,0.0,0.0,0.0,0.0,0.0,0.0,0.0,0.0,2020-12-18 19:00:00,,,,
P005,0.0,0.0,0.0,0.0,0.0,0.0,0.0,0.0,0.0,0.0,0.0,0.0,0.0,0.0,0.0,0.0,0.0,0.0,0.0,0.0,0.0,0.0,0.0,0.0,0.0,0.0,0.0,0.0,0.0,0.0,0.0,0.0,0.0,0.0,0.0,0.0,0.0,0.0,0.0,0.0,0.0,0.0,0.0,0.0,0.0,0.0,0.0,0.0,0.0,0.0,0.0,0.0,0.0,0.0,0.0,0.0,0.0,0.0,0.0,0.0,0.0,0.0,0.0,0.0,0.0,0.0,0.0,0.0,0.0,0.0,,0.0,2020-12-18 20:00:00,,,,
P005,1.0,0.0,0.0,37.63333333333333,0.0,0.0,0.0,0.0,0.0,0.0,285.84998199999995,21.0,2510.553017,47.0,0.0,102.0,12.677,102.0,0.0,102.0,0.0,102.0,0.0,102.0,0.0,102.0,0.0,102.0,11.717,102.0,0.0,102.0,0.0,102.0,0.0,102.0,0.0,102.0,0.3590500694616939,14.0,5.0,4.0,93.0,1578.0,8.0,429.0,0.0,0.0,0.0,0.0,0.0,0.0,0.0,0.0,0.0,0.0,0.0,0.0,0.0,0.0,0.0,0.0,0.0,0.0,0.0,0.0,0.0,0.0,0.0,0.0,0.0,,2020-12-19 13:00:00,17910.074,4.975020555555556,5.016666666666667,7.5
P005,0.0,0.0,0.0,0.0,0.0,0.0,0.0,0.0,0.0,0.0,0.0,0.0,0.0,0.0,0.0,0.0,0.0,0.0,0.0,0.0,0.0,0.0,0.0,0.0,0.0,0.0,0.0,0.0,0.0,0.0,0.0,0.0,0.0,0.0,0.0,0.0,0.0,0.0,0.0,0.0,0.0,0.0,0.0,0.0,0.0,0.0,0.0,0.0,0.0,0.0,0.0,0.0,0.0,0.0,0.0,0.0,0.0,0.0,0.0,0.0,0.0,0.0,0.0,0.0,0.0,0.0,0.0,0.0,0.0,0.0,,0.0,2020-12-19 14:00:00,17910.074,4.975020555555556,5.016666666666667,7.5
P005,0.0,0.0,0.0,0.0,0.0,0.0,0.0,0.0,0.0,0.0,0.0,0.0,0.0,0.0,0.0,0.0,0.0,0.0,0.0,0.0,0.0,0.0,0.0,0.0,0.0,0.0,0.0,0.0,0.0,0.0,0.0,0.0,0.0,0.0,0.0,0.0,0.0,0.0,0.0,0.0,0.0,0.0,0.0,0.0,0.0,0.0,0.0,0.0,0.0,0.0,0.0,0.0,0.0,0.0,0.0,0.0,0.0,0.0,0.0,0.0,0.0,0.0,0.0,0.0,0.0,0.0,0.0,0.0,0.0,0.0,1.0,,2020-12-19 15:00:00,17910.074,4.975020555555556,5.016666666666667,7.5
P005,0.0,0.0,0.0,0.0,0.0,0.0,0.0,0.0,0.0,0.0,0.0,0.0,0.0,0.0,0.0,0.0,0.0,0.0,0.0,0.0,0.0,0.0,0.0,0.0,0.0,0.0,0.0,0.0,0.0,0.0,0.0,0.0,0.0,0.0,0.0,0.0,0.0,0.0,0.0,0.0,0.0,0.0,0.0,0.0,0.0,0.0,0.0,0.0,0.0,0.0,0.0,0.0,0.0,0.0,0.0,0.0,0.0,0.0,0.0,0.0,0.0,0.0,0.0,0.0,0.0,0.0,0.0,0.0,0.0,0.0,,1.0,2020-12-19 16:00:00,17910.074,4.975020555555556,5.016666666666667,7.5
P005,0.0,0.0,0.0,0.0,0.0,0.0,0.0,0.0,0.0,0.0,0.0,0.0,0.0,0.0,0.0,0.0,0.0,0.0,0.0,0.0,0.0,0.0,0.0,0.0,0.0,0.0,0.0,0.0,0.0,0.0,0.0,0.0,0.0,0.0,0.0,0.0,0.0,0.0,0.0,0.0,0.0,0.0,0.0,0.0,0.0,0.0,0.0,0.0,0.0,0.0,0.0,0.0,0.0,0.0,0.0,0.0,0.0,0.0,0.0,0.0,0.0,0.0,0.0,0.0,0.0,0.0,0.0,0.0,0.0,0.0,0.0,,2020-12-19 19:00:00,17910.074,4.975020555555556,5.016666666666667,7.5
P005,0.0,0.0,0.0,0.0,0.0,0.0,0.0,0.0,0.0,0.0,0.0,0.0,0.0,0.0,0.0,0.0,0.0,0.0,0.0,0.0,0.0,0.0,0.0,0.0,0.0,0.0,0.0,0.0,0.0,0.0,0.0,0.0,0.0,0.0,0.0,0.0,0.0,0.0,0.0,0.0,0.0,0.0,0.0,0.0,0.0,0.0,0.0,0.0,0.0,0.0,0.0,0.0,0.0,0.0,0.0,0.0,0.0,0.0,0.0,0.0,0.0,0.0,0.0,0.0,0.0,0.0,0.0,0.0,0.0,0.0,,0.0,2020-12-19 20:00:00,17910.074,4.975020555555556,5.016666666666667,7.5
P005,3.0,6.416666666666667,28.466666666666665,21.666666666666668,0.0,0.0,0.0,0.0,165.42,2.0,2273.5449579999995,63.0,2696.0999509999992,81.0,193.83868777751923,298.0,76.784,298.0,193.83868777751923,298.0,0.0,298.0,0.0,298.0,0.0,298.0,0.0,298.0,76.784,298.0,0.0,298.0,0.0,298.0,0.0,298.0,0.0,298.0,0.258206856934105,31.0,8.0,9.0,281.0,1938.0,19.0,897.0,0.0,0.0,0.0,0.0,0.0,0.0,0.0,0.0,0.0,0.0,1.0,1.0,0.0,0.0,95.0,2.0,1330.0,1.0,16.0,0.0,0.0,0.0,0.0,0.0,0.0,,2020-12-20 13:00:00,19984.534,5.551259444444445,2.9333333333333336,5.716666666666667
P005,1.0,0.0,13.666666666666666,0.0,0.0,0.0,0.0,0.0,0.0,0.0,639.2949620000002,52.0,1626.2459560000002,69.0,358.98186469078064,346.0,157.726,346.0,358.98186469078064,346.0,0.0,346.0,0.0,346.0,0.0,346.0,0.0,346.0,157.726,346.0,0.0,346.0,0.0,346.0,0.0,346.0,0.0,346.0,0.2507224513312262,36.0,10.0,9.0,327.0,1646.0,321.0,1269.0,0.0,0.0,0.057999,1.0,0.0,0.0,0.0,0.0,0.0,0.0,0.0,0.0,0.0,0.0,0.0,0.0,0.0,0.0,0.0,0.0,0.0,0.0,0.0,0.0,0.0,0.0,2020-12-20 14:00:00,19984.534,5.551259444444445,2.9333333333333336,5.716666666666667
P005,2.0,4.083333333333333,0.0,0.0,0.0,0.0,0.0,7.4,0.109997,4.0,675.730991,17.0,2114.4000220000003,33.0,95.97918260097504,113.0,33.196,113.0,95.97918260097504,113.0,0.0,113.0,0.0,113.0,0.0,113.0,0.0,113.0,33.196,113.0,0.0,113.0,0.0,113.0,0.0,113.0,0.0,113.0,0.4120932538300055,18.0,6.0,6.0,101.0,1420.0,19.0,681.0,0.0,0.0,0.0,0.0,0.0,0.0,0.0,0.0,0.0,0.0,1.0,2.0,0.0,0.0,183.0,1.0,137.0,0.0,0.0,0.0,0.0,0.0,0.0,0.0,1.0,0.0,2020-12-20 15:00:00,19984.534,5.551259444444445,2.9333333333333336,5.716666666666667
P005,1.0,0.0,0.0,0.0,0.0,0.0,0.0,22.6,0.076999,4.0,2720.454982,34.0,3273.611003,42.0,278.66431283950806,247.0,69.247,247.0,278.66431283950806,247.0,0.0,247.0,0.0,247.0,0.0,247.0,0.0,247.0,69.247,247.0,0.0,247.0,0.0,247.0,0.0,247.0,0.0,247.0,0.2848152362335978,25.0,8.0,8.0,231.0,1561.0,26.0,155.0,0.0,0.0,0.0,0.0,0.0,0.0,0.0,0.0,0.0,0.0,3.0,4.0,0.0,108.0,556.0,0.0,0.0,1.0,114.0,0.0,0.0,0.0,0.0,0.0,,1.0,2020-12-20 16:00:00,19984.534,5.551259444444445,2.9333333333333336,5.716666666666667
P005,2.0,3.4,0.0,0.0,0.0,0.0,0.0,29.35,0.0,0.0,401.8759749999999,32.0,1868.2359580000004,45.0,251.9528338909149,239.0,41.282,239.0,251.9528338909149,239.0,0.0,239.0,0.0,239.0,0.0,239.0,0.0,239.0,41.282,239.0,0.0,239.0,0.0,239.0,0.0,239.0,0.0,239.0,0.2487947749679452,18.0,6.0,7.0,226.0,1678.0,41.0,792.0,0.0,0.0,0.0,0.0,0.0,0.0,0.0,0.0,0.0,0.0,1.0,2.0,0.0,0.0,154.0,2.0,429.0,0.0,0.0,0.0,0.0,0.0,0.0,0.0,0.0,,2020-12-20 17:00:00,19984.534,5.551259444444445,2.9333333333333336,5.716666666666667
P005,0.0,0.0,0.0,0.0,0.0,0.0,0.0,0.0,0.0,0.0,0.0689969999999999,5.0,0.079997,7.0,0.0,10.0,0.0,10.0,0.0,10.0,0.0,10.0,0.0,10.0,0.0,10.0,0.0,10.0,0.0,10.0,0.0,10.0,0.0,10.0,0.0,10.0,0.0,10.0,0.8018185525433373,3.0,2.0,1.0,7.0,8.0,1.0,15.0,0.0,0.0,0.0,0.0,0.0,0.0,0.0,0.0,0.0,0.0,0.0,0.0,0.0,0.0,0.0,0.0,0.0,0.0,0.0,0.0,0.0,0.0,0.0,0.0,0.0,0.0,2020-12-20 18:00:00,19984.534,5.551259444444445,2.9333333333333336,5.716666666666667
P005,0.0,0.0,0.0,0.0,0.0,0.0,0.0,0.0,0.0,0.0,0.0,0.0,0.0,0.0,0.0,0.0,0.0,0.0,0.0,0.0,0.0,0.0,0.0,0.0,0.0,0.0,0.0,0.0,0.0,0.0,0.0,0.0,0.0,0.0,0.0,0.0,0.0,0.0,0.0,0.0,0.0,0.0,0.0,0.0,0.0,0.0,0.0,0.0,0.0,0.0,0.0,0.0,0.0,0.0,0.0,0.0,0.0,0.0,0.0,0.0,0.0,0.0,0.0,0.0,0.0,0.0,0.0,0.0,0.0,0.0,0.0,0.0,2020-12-20 19:00:00,19984.534,5.551259444444445,2.9333333333333336,5.716666666666667
P005,0.0,0.0,0.0,0.0,0.0,0.0,0.0,0.0,0.0,0.0,0.0,0.0,0.0,0.0,0.0,0.0,0.0,0.0,0.0,0.0,0.0,0.0,0.0,0.0,0.0,0.0,0.0,0.0,0.0,0.0,0.0,0.0,0.0,0.0,0.0,0.0,0.0,0.0,0.0,0.0,0.0,0.0,0.0,0.0,0.0,0.0,0.0,0.0,0.0,0.0,0.0,0.0,0.0,0.0,0.0,0.0,0.0,0.0,0.0,0.0,0.0,0.0,0.0,0.0,0.0,0.0,0.0,0.0,0.0,0.0,0.0,0.0,2020-12-20 20:00:00,19984.534,5.551259444444445,2.9333333333333336,5.716666666666667
P005,0.0,0.0,0.0,0.0,0.0,0.0,0.0,0.0,0.0,0.0,0.0,0.0,0.0,0.0,0.0,0.0,0.0,0.0,0.0,0.0,0.0,0.0,0.0,0.0,0.0,0.0,0.0,0.0,0.0,0.0,0.0,0.0,0.0,0.0,0.0,0.0,0.0,0.0,0.0,0.0,0.0,0.0,0.0,0.0,0.0,0.0,0.0,0.0,0.0,0.0,0.0,0.0,0.0,0.0,0.0,0.0,0.0,0.0,0.0,0.0,0.0,0.0,0.0,0.0,0.0,0.0,0.0,0.0,0.0,0.0,,0.0,2020-12-20 21:00:00,19984.534,5.551259444444445,2.9333333333333336,5.716666666666667
P005,0.0,0.0,0.0,0.0,0.0,0.0,0.0,0.0,0.0,0.0,0.0,0.0,0.0,0.0,0.0,0.0,0.0,0.0,0.0,0.0,0.0,0.0,0.0,0.0,0.0,0.0,0.0,0.0,0.0,0.0,0.0,0.0,0.0,0.0,0.0,0.0,0.0,0.0,0.0,0.0,0.0,0.0,0.0,0.0,0.0,0.0,0.0,0.0,0.0,0.0,0.0,0.0,0.0,0.0,0.0,0.0,0.0,0.0,0.0,0.0,0.0,0.0,0.0,0.0,0.0,0.0,0.0,0.0,0.0,0.0,0.0,,2020-12-20 22:00:00,19984.534,5.551259444444445,2.9333333333333336,5.716666666666667
P005,0.0,0.0,0.0,0.0,0.0,0.0,0.0,0.0,0.0,0.0,0.0,0.0,0.0,0.0,0.0,0.0,0.0,0.0,0.0,0.0,0.0,0.0,0.0,0.0,0.0,0.0,0.0,0.0,0.0,0.0,0.0,0.0,0.0,0.0,0.0,0.0,0.0,0.0,0.0,0.0,0.0,0.0,0.0,0.0,0.0,0.0,0.0,0.0,0.0,0.0,0.0,0.0,0.0,0.0,0.0,0.0,0.0,0.0,0.0,0.0,0.0,0.0,0.0,0.0,0.0,0.0,0.0,0.0,0.0,0.0,,0.0,2020-12-20 23:00:00,19984.534,5.551259444444445,2.9333333333333336,5.716666666666667
P005,1.0,0.0,23.6,0.0,0.0,0.0,0.0,0.0,0.0,0.0,0.0,0.0,0.008,1.0,0.0,5.0,0.0,5.0,0.0,5.0,0.0,5.0,0.0,5.0,0.0,5.0,0.0,5.0,0.0,5.0,0.0,5.0,0.0,5.0,0.0,5.0,0.0,5.0,1.0549201679861442,4.0,2.0,2.0,1.0,639.0,28.0,3.0,0.0,0.0,0.0,0.0,0.0,0.0,0.0,0.0,0.0,0.0,0.0,0.0,0.0,0.0,0.0,0.0,0.0,0.0,0.0,0.0,0.0,0.0,0.0,0.0,0.0,,2020-12-21 11:00:00,43447.275,12.0686875,22.8,4.85
P005,1.0,0.0,0.0,0.0,0.0,0.0,0.0,0.0,0.0,0.0,0.353996,7.0,3157.583966,14.0,66.83739531040192,75.0,16.693,75.0,66.83739531040192,75.0,0.0,75.0,0.0,75.0,0.0,75.0,0.0,75.0,16.693,75.0,0.0,75.0,0.0,75.0,0.0,75.0,0.0,75.0,0.5505734282909343,18.0,6.0,6.0,63.0,2600.0,49.0,167.0,0.0,0.0,0.0,0.0,0.0,0.0,0.0,0.0,0.0,0.0,0.0,0.0,0.0,0.0,0.0,0.0,0.0,0.0,0.0,0.0,0.0,0.0,0.0,0.0,,0.0,2020-12-21 12:00:00,43447.275,12.0686875,22.8,4.85
P005,0.0,0.0,0.0,0.0,0.0,0.0,0.0,0.0,0.0,0.0,0.0,0.0,0.0,0.0,0.0,0.0,0.0,0.0,0.0,0.0,0.0,0.0,0.0,0.0,0.0,0.0,0.0,0.0,0.0,0.0,0.0,0.0,0.0,0.0,0.0,0.0,0.0,0.0,0.0,0.0,0.0,0.0,0.0,0.0,0.0,0.0,0.0,0.0,0.0,0.0,0.0,0.0,0.0,0.0,0.0,0.0,0.0,0.0,0.0,0.0,0.0,0.0,0.0,0.0,0.0,0.0,0.0,0.0,0.0,0.0,0.0,,2020-12-21 19:00:00,43447.275,12.0686875,22.8,4.85
P005,0.0,0.0,0.0,0.0,0.0,0.0,0.0,0.0,0.0,0.0,0.0,0.0,0.0,0.0,0.0,0.0,0.0,0.0,0.0,0.0,0.0,0.0,0.0,0.0,0.0,0.0,0.0,0.0,0.0,0.0,0.0,0.0,0.0,0.0,0.0,0.0,0.0,0.0,0.0,0.0,0.0,0.0,0.0,0.0,0.0,0.0,0.0,0.0,0.0,0.0,0.0,0.0,0.0,0.0,0.0,0.0,0.0,0.0,0.0,0.0,0.0,0.0,0.0,0.0,0.0,0.0,0.0,0.0,0.0,0.0,0.0,0.0,2020-12-21 20:00:00,43447.275,12.0686875,22.8,4.85
P005,0.0,0.0,0.0,0.0,0.0,0.0,0.0,0.0,0.0,0.0,0.0,0.0,0.0,0.0,0.0,0.0,0.0,0.0,0.0,0.0,0.0,0.0,0.0,0.0,0.0,0.0,0.0,0.0,0.0,0.0,0.0,0.0,0.0,0.0,0.0,0.0,0.0,0.0,0.0,0.0,0.0,0.0,0.0,0.0,0.0,0.0,0.0,0.0,0.0,0.0,0.0,0.0,0.0,0.0,0.0,0.0,0.0,0.0,0.0,0.0,0.0,0.0,0.0,0.0,0.0,0.0,0.0,0.0,0.0,0.0,0.0,0.0,2020-12-21 21:00:00,43447.275,12.0686875,22.8,4.85
P005,0.0,0.0,0.0,0.0,0.0,0.0,0.0,0.0,0.0,0.0,0.0,0.0,0.0,0.0,0.0,0.0,0.0,0.0,0.0,0.0,0.0,0.0,0.0,0.0,0.0,0.0,0.0,0.0,0.0,0.0,0.0,0.0,0.0,0.0,0.0,0.0,0.0,0.0,0.0,0.0,0.0,0.0,0.0,0.0,0.0,0.0,0.0,0.0,0.0,0.0,0.0,0.0,0.0,0.0,0.0,0.0,0.0,0.0,0.0,0.0,0.0,0.0,0.0,0.0,0.0,0.0,0.0,0.0,0.0,0.0,0.0,0.0,2020-12-21 22:00:00,43447.275,12.0686875,22.8,4.85
P005,0.0,0.0,0.0,0.0,0.0,0.0,0.0,0.0,0.0,0.0,0.0,0.0,0.0,0.0,0.0,0.0,0.0,0.0,0.0,0.0,0.0,0.0,0.0,0.0,0.0,0.0,0.0,0.0,0.0,0.0,0.0,0.0,0.0,0.0,0.0,0.0,0.0,0.0,0.0,0.0,0.0,0.0,0.0,0.0,0.0,0.0,0.0,0.0,0.0,0.0,0.0,0.0,0.0,0.0,0.0,0.0,0.0,0.0,0.0,0.0,0.0,0.0,0.0,0.0,0.0,0.0,0.0,0.0,0.0,0.0,,0.0,2020-12-21 23:00:00,43447.275,12.0686875,22.8,4.85
P005,3.0,5.15,1.8166666666666669,29.766666666666666,0.0,0.0,0.0,0.0,0.0,0.0,0.0,0.0,3285.506035,2.0,23.38787972927093,20.0,10.622,20.0,23.38787972927093,20.0,0.0,20.0,0.0,20.0,0.0,20.0,0.0,20.0,10.622,20.0,0.0,20.0,0.0,20.0,0.0,20.0,0.0,20.0,0.9502705392332348,9.0,4.0,4.0,12.0,2145.0,151.0,256.0,0.0,0.0,0.0,0.0,0.0,0.0,0.0,0.0,0.0,0.0,3.0,3.0,0.0,286.0,1608.0,1.0,815.0,0.0,0.0,0.0,0.0,0.0,0.0,0.0,0.0,,2020-12-22 11:00:00,24786.432,6.885120000000001,3.1,6.55
P005,1.0,0.0,19.4,0.0,0.0,0.0,0.0,0.0,0.334994,16.0,0.323994,10.0,3238.089,40.0,0.0,54.0,0.0,54.0,0.0,54.0,0.0,54.0,0.0,54.0,0.0,54.0,0.0,54.0,0.0,54.0,0.0,54.0,0.0,54.0,0.0,54.0,0.0,54.0,0.7519855233914625,23.0,7.0,7.0,40.0,2634.0,55.0,235.0,0.0,0.0,0.0,0.0,0.0,0.0,0.0,0.0,0.0,0.0,1.0,1.0,0.0,0.0,325.0,1.0,909.0,0.0,0.0,0.0,0.0,0.0,0.0,0.0,,0.0,2020-12-22 12:00:00,24786.432,6.885120000000001,3.1,6.55
P005,3.0,0.0,4.016666666666667,2.95,0.0,0.0,0.0,3.7666666666666666,0.0,0.0,0.173996,13.0,2602.3719630000005,20.0,0.0,32.0,0.0,32.0,0.0,32.0,0.0,32.0,0.0,32.0,0.0,32.0,0.0,32.0,0.0,32.0,0.0,32.0,0.0,32.0,0.0,32.0,0.0,32.0,0.9214934308679616,16.0,6.0,6.0,20.0,2506.0,31.0,40.0,0.0,0.0,0.0,0.0,0.0,0.0,0.0,0.0,0.0,0.0,1.0,2.0,0.0,0.0,246.0,1.0,180.0,0.0,0.0,0.0,0.0,0.0,0.0,0.0,1.0,,2020-12-22 14:00:00,24786.432,6.885120000000001,3.1,6.55
P005,0.0,0.0,0.0,0.0,0.0,0.0,0.0,0.0,0.0,0.0,0.200992,17.0,2834.826982,22.0,137.0220810174942,143.0,54.0,143.0,137.0220810174942,143.0,0.0,143.0,0.0,143.0,0.0,143.0,0.0,143.0,54.0,143.0,0.0,143.0,0.0,143.0,0.0,143.0,0.0,143.0,0.147009207690635,7.0,2.0,2.0,139.0,375.0,4.0,323.0,0.0,0.0,0.0,0.0,0.0,0.0,0.0,0.0,0.0,0.0,0.0,0.0,0.0,0.0,0.0,0.0,0.0,0.0,0.0,0.0,0.0,0.0,0.0,0.0,,1.0,2020-12-22 15:00:00,24786.432,6.885120000000001,3.1,6.55
P005,1.0,0.0,0.0,0.0,0.0,0.0,0.0,1.6833333333333331,52.446999,4.0,12.131969999999995,59.0,2041.338955,86.0,799.2561898231506,725.0,219.827,725.0,773.8764345645905,725.0,0.0,725.0,0.0,725.0,0.0,725.0,0.0,725.0,212.205,725.0,0.0,725.0,0.0,725.0,0.0,725.0,0.0,725.0,0.0823421415435624,19.0,5.0,5.0,715.0,659.0,23.0,1132.0,0.008999,1.0,0.0,0.0,0.0,0.0,0.0,0.0,0.0,0.0,0.0,0.0,0.0,0.0,0.0,0.0,0.0,0.0,0.0,0.0,0.0,0.0,0.0,0.0,1.0,,2020-12-22 16:00:00,24786.432,6.885120000000001,3.1,6.55
P005,1.0,0.0,0.0,0.0,0.0,0.0,0.0,1.5833333333333333,0.0,0.0,0.05,1.0,1219.411,2.0,0.0,3.0,0.0,3.0,0.0,3.0,0.0,3.0,0.0,3.0,0.0,3.0,0.0,3.0,0.0,3.0,0.0,3.0,0.0,3.0,0.0,3.0,0.0,3.0,0.6365141682948128,2.0,0.0,1.0,2.0,0.0,4.0,1.0,0.0,0.0,0.0,0.0,0.0,0.0,0.0,0.0,0.0,0.0,0.0,0.0,0.0,0.0,0.0,0.0,0.0,0.0,0.0,0.0,0.0,0.0,0.0,0.0,,1.0,2020-12-22 17:00:00,24786.432,6.885120000000001,3.1,6.55
P005,0.0,0.0,0.0,0.0,0.0,0.0,0.0,0.0,0.0,0.0,0.0,0.0,436.735009,7.0,4.4721360206604,12.0,0.756,12.0,0.0,12.0,0.0,12.0,0.0,12.0,0.0,12.0,0.0,12.0,0.0,12.0,0.0,12.0,0.0,12.0,0.0,12.0,0.0,12.0,0.7214636866925116,5.0,2.0,1.0,9.0,435.0,1.0,17.0,0.0,0.0,0.0,0.0,0.0,0.0,0.0,0.0,0.0,0.0,0.0,0.0,0.0,0.0,0.0,0.0,0.0,0.0,0.0,0.0,0.0,0.0,0.0,0.0,0.0,,2020-12-22 18:00:00,24786.432,6.885120000000001,3.1,6.55
P005,0.0,0.0,0.0,0.0,0.0,0.0,0.0,0.0,0.0,0.0,0.0,0.0,0.0,0.0,0.0,0.0,0.0,0.0,0.0,0.0,0.0,0.0,0.0,0.0,0.0,0.0,0.0,0.0,0.0,0.0,0.0,0.0,0.0,0.0,0.0,0.0,0.0,0.0,0.0,0.0,0.0,0.0,0.0,0.0,0.0,0.0,0.0,0.0,0.0,0.0,0.0,0.0,0.0,0.0,0.0,0.0,0.0,0.0,0.0,0.0,0.0,0.0,0.0,0.0,0.0,0.0,0.0,0.0,0.0,0.0,0.0,0.0,2020-12-22 19:00:00,24786.432,6.885120000000001,3.1,6.55
P005,0.0,0.0,0.0,0.0,0.0,0.0,0.0,0.0,0.0,0.0,0.0,0.0,0.0,0.0,0.0,0.0,0.0,0.0,0.0,0.0,0.0,0.0,0.0,0.0,0.0,0.0,0.0,0.0,0.0,0.0,0.0,0.0,0.0,0.0,0.0,0.0,0.0,0.0,0.0,0.0,0.0,0.0,0.0,0.0,0.0,0.0,0.0,0.0,0.0,0.0,0.0,0.0,0.0,0.0,0.0,0.0,0.0,0.0,0.0,0.0,0.0,0.0,0.0,0.0,0.0,0.0,0.0,0.0,0.0,0.0,1.0,0.0,2020-12-22 20:00:00,24786.432,6.885120000000001,3.1,6.55
P005,0.0,0.0,0.0,0.0,0.0,0.0,0.0,0.0,0.0,0.0,0.0,0.0,0.0,0.0,0.0,0.0,0.0,0.0,0.0,0.0,0.0,0.0,0.0,0.0,0.0,0.0,0.0,0.0,0.0,0.0,0.0,0.0,0.0,0.0,0.0,0.0,0.0,0.0,0.0,0.0,0.0,0.0,0.0,0.0,0.0,0.0,0.0,0.0,0.0,0.0,0.0,0.0,0.0,0.0,0.0,0.0,0.0,0.0,0.0,0.0,0.0,0.0,0.0,0.0,0.0,0.0,0.0,0.0,0.0,0.0,1.0,1.0,2020-12-22 21:00:00,24786.432,6.885120000000001,3.1,6.55
P005,0.0,0.0,0.0,0.0,0.0,0.0,0.0,0.0,0.0,0.0,0.0,0.0,0.0,0.0,0.0,0.0,0.0,0.0,0.0,0.0,0.0,0.0,0.0,0.0,0.0,0.0,0.0,0.0,0.0,0.0,0.0,0.0,0.0,0.0,0.0,0.0,0.0,0.0,0.0,0.0,0.0,0.0,0.0,0.0,0.0,0.0,0.0,0.0,0.0,0.0,0.0,0.0,0.0,0.0,0.0,0.0,0.0,0.0,0.0,0.0,0.0,0.0,0.0,0.0,0.0,0.0,0.0,0.0,0.0,0.0,,1.0,2020-12-22 22:00:00,24786.432,6.885120000000001,3.1,6.55
P005,1.0,0.0,23.683333333333334,0.0,0.0,0.0,0.0,0.0,0.0,0.0,0.125994,8.0,1761.4560029999998,15.0,0.0,32.0,1.672,32.0,0.0,32.0,0.0,32.0,0.0,32.0,0.0,32.0,0.0,32.0,0.0,32.0,0.0,32.0,0.0,32.0,0.0,32.0,0.0,32.0,0.9214934308679616,16.0,6.0,6.0,20.0,1649.0,126.0,1673.0,267.212005,2.0,0.0,0.0,0.0,0.0,0.0,0.0,0.0,0.0,1.0,1.0,0.0,0.0,32.0,0.0,0.0,0.0,0.0,0.0,0.0,0.0,0.0,0.0,0.0,,2020-12-23 11:00:00,25941.092,7.205858888888889,3.783333333333333,7.383333333333334
P005,1.0,0.0,15.2,0.0,0.0,0.0,0.0,0.0,0.0,0.0,0.889977,55.0,2420.441961000001,77.0,17.981409549713135,121.0,7.035,121.0,0.0,121.0,0.0,121.0,0.0,121.0,0.0,121.0,0.0,121.0,0.0,121.0,0.0,121.0,0.0,121.0,0.0,121.0,0.0,121.0,0.6179183083409219,34.0,11.0,12.0,98.0,1893.0,39.0,388.0,1264.6249980000002,3.0,0.0,0.0,0.0,0.0,0.0,0.0,0.0,0.0,0.0,0.0,0.0,0.0,0.0,0.0,0.0,0.0,0.0,0.0,0.0,0.0,0.0,0.0,0.0,0.0,2020-12-23 12:00:00,25941.092,7.205858888888889,3.783333333333333,7.383333333333334
P005,1.0,0.0,54.43333333333333,0.0,0.0,0.0,0.0,0.0,0.0,0.0,0.0,0.0,3272.243945,2.0,176.7751054763794,132.0,22.553,132.0,176.7751054763794,132.0,0.0,132.0,0.0,132.0,0.0,132.0,0.0,132.0,22.553,132.0,0.0,132.0,0.0,132.0,0.0,132.0,0.0,132.0,0.4731220112891101,20.0,9.0,8.0,115.0,2941.0,199.0,120.0,0.0,0.0,0.0,0.0,0.0,0.0,0.0,0.0,0.0,0.0,0.0,0.0,0.0,0.0,0.0,0.0,0.0,0.0,0.0,0.0,0.0,0.0,0.0,0.0,0.0,0.0,2020-12-23 13:00:00,25941.092,7.205858888888889,3.783333333333333,7.383333333333334
P005,1.0,0.0,46.9,0.0,0.0,0.0,0.0,0.0,0.0,0.0,1.2469639999999995,61.0,2819.2739530000003,87.0,244.0980224609375,265.0,34.618,265.0,239.6258864402771,265.0,0.0,265.0,0.0,265.0,0.0,265.0,0.0,265.0,33.839,265.0,0.0,265.0,0.0,265.0,0.0,265.0,0.0,265.0,0.3436255741623828,40.0,11.0,11.0,243.0,2675.0,20.0,489.0,0.071,1.0,0.0,0.0,0.0,0.0,0.0,0.0,0.0,0.0,1.0,0.0,0.0,0.0,0.0,1.0,2336.0,0.0,0.0,0.0,0.0,0.0,0.0,0.0,,0.0,2020-12-23 14:00:00,25941.092,7.205858888888889,3.783333333333333,7.383333333333334
P005,2.0,0.0,15.583333333333334,0.0,0.0,0.0,0.0,5.616666666666666,0.0,0.0,0.0,0.0,0.0,0.0,0.0,0.0,0.0,0.0,0.0,0.0,0.0,0.0,0.0,0.0,0.0,0.0,0.0,0.0,0.0,0.0,0.0,0.0,0.0,0.0,0.0,0.0,0.0,0.0,0.0,0.0,0.0,0.0,0.0,0.0,0.0,0.0,0.0,0.0,0.0,0.0,0.0,0.0,0.0,0.0,0.0,0.0,1.0,2.0,0.0,0.0,414.0,1.0,142.0,0.0,0.0,0.0,0.0,0.0,0.0,0.0,0.0,,2020-12-23 15:00:00,25941.092,7.205858888888889,3.783333333333333,7.383333333333334
P005,1.0,0.0,0.0,0.0,0.0,0.0,0.0,0.0,0.0,0.0,1286.4679990000002,2.0,1286.5079970000002,8.0,4.4721360206604,12.0,0.846,12.0,0.0,12.0,0.0,12.0,0.0,12.0,0.0,12.0,0.0,12.0,0.0,12.0,0.0,12.0,0.0,12.0,0.0,12.0,0.0,12.0,0.5660857389596289,3.0,1.0,1.0,10.0,0.0,1.0,21.0,0.0,0.0,0.0,0.0,0.0,0.0,0.0,0.0,0.0,0.0,0.0,0.0,0.0,0.0,0.0,0.0,0.0,0.0,0.0,0.0,0.0,0.0,0.0,0.0,1.0,0.0,2020-12-23 16:00:00,25941.092,7.205858888888889,3.783333333333333,7.383333333333334
P005,0.0,0.0,0.0,0.0,0.0,0.0,0.0,0.0,0.0,0.0,0.0699969999999999,5.0,1016.823993,13.0,4.4721360206604,19.0,0.834,19.0,0.0,19.0,0.0,19.0,0.0,19.0,0.0,19.0,0.0,19.0,0.0,19.0,0.0,19.0,0.0,19.0,0.0,19.0,0.0,19.0,0.6605788876520756,7.0,2.0,2.0,15.0,14.0,3.0,501.0,0.0,0.0,0.0,0.0,0.0,0.0,0.0,0.0,0.0,0.0,0.0,0.0,0.0,0.0,0.0,0.0,0.0,0.0,0.0,0.0,0.0,0.0,0.0,0.0,,1.0,2020-12-23 17:00:00,25941.092,7.205858888888889,3.783333333333333,7.383333333333334
P005,0.0,0.0,0.0,0.0,0.0,0.0,0.0,0.0,0.0,0.0,0.0,0.0,0.0,0.0,0.0,0.0,0.0,0.0,0.0,0.0,0.0,0.0,0.0,0.0,0.0,0.0,0.0,0.0,0.0,0.0,0.0,0.0,0.0,0.0,0.0,0.0,0.0,0.0,0.0,0.0,0.0,0.0,0.0,0.0,0.0,0.0,0.0,0.0,0.0,0.0,0.0,0.0,0.0,0.0,0.0,0.0,0.0,0.0,0.0,0.0,0.0,0.0,0.0,0.0,0.0,0.0,0.0,0.0,0.0,0.0,0.0,,2020-12-23 18:00:00,25941.092,7.205858888888889,3.783333333333333,7.383333333333334
P005,0.0,0.0,0.0,0.0,0.0,0.0,0.0,0.0,0.0,0.0,0.0,0.0,0.0,0.0,0.0,0.0,0.0,0.0,0.0,0.0,0.0,0.0,0.0,0.0,0.0,0.0,0.0,0.0,0.0,0.0,0.0,0.0,0.0,0.0,0.0,0.0,0.0,0.0,0.0,0.0,0.0,0.0,0.0,0.0,0.0,0.0,0.0,0.0,0.0,0.0,0.0,0.0,0.0,0.0,0.0,0.0,0.0,0.0,0.0,0.0,0.0,0.0,0.0,0.0,0.0,0.0,0.0,0.0,0.0,0.0,0.0,0.0,2020-12-23 19:00:00,25941.092,7.205858888888889,3.783333333333333,7.383333333333334
P005,0.0,0.0,0.0,0.0,0.0,0.0,0.0,0.0,0.0,0.0,0.0,0.0,0.0,0.0,0.0,0.0,0.0,0.0,0.0,0.0,0.0,0.0,0.0,0.0,0.0,0.0,0.0,0.0,0.0,0.0,0.0,0.0,0.0,0.0,0.0,0.0,0.0,0.0,0.0,0.0,0.0,0.0,0.0,0.0,0.0,0.0,0.0,0.0,0.0,0.0,0.0,0.0,0.0,0.0,0.0,0.0,0.0,0.0,0.0,0.0,0.0,0.0,0.0,0.0,0.0,0.0,0.0,0.0,0.0,0.0,,0.0,2020-12-23 20:00:00,25941.092,7.205858888888889,3.783333333333333,7.383333333333334
P005,0.0,0.0,0.0,0.0,0.0,0.0,0.0,0.0,0.0,0.0,0.0,0.0,0.0,0.0,0.0,0.0,0.0,0.0,0.0,0.0,0.0,0.0,0.0,0.0,0.0,0.0,0.0,0.0,0.0,0.0,0.0,0.0,0.0,0.0,0.0,0.0,0.0,0.0,0.0,0.0,0.0,0.0,0.0,0.0,0.0,0.0,0.0,0.0,0.0,0.0,0.0,0.0,0.0,0.0,0.0,0.0,0.0,0.0,0.0,0.0,0.0,0.0,0.0,0.0,0.0,0.0,0.0,0.0,0.0,0.0,0.0,,2020-12-23 21:00:00,25941.092,7.205858888888889,3.783333333333333,7.383333333333334
P005,0.0,0.0,0.0,0.0,0.0,0.0,0.0,0.0,0.0,0.0,0.0,0.0,0.0,0.0,0.0,0.0,0.0,0.0,0.0,0.0,0.0,0.0,0.0,0.0,0.0,0.0,0.0,0.0,0.0,0.0,0.0,0.0,0.0,0.0,0.0,0.0,0.0,0.0,0.0,0.0,0.0,0.0,0.0,0.0,0.0,0.0,0.0,0.0,0.0,0.0,0.0,0.0,0.0,0.0,0.0,0.0,0.0,0.0,0.0,0.0,0.0,0.0,0.0,0.0,0.0,0.0,0.0,0.0,0.0,0.0,,0.0,2020-12-23 22:00:00,25941.092,7.205858888888889,3.783333333333333,7.383333333333334
P005,1.0,0.0,0.0,0.0,11.983333333333333,0.0,0.0,0.0,284.683002,2.0,0.463992,26.0,1009.5329829999998,34.0,473.8215469121933,386.0,67.23,386.0,41.7083466053009,386.0,0.0,386.0,0.0,386.0,0.0,386.0,432.1132003068924,386.0,8.634,386.0,0.0,386.0,0.0,386.0,0.0,386.0,58.596,386.0,0.1152146730058586,14.0,4.0,4.0,378.0,915.0,16.0,336.0,0.0,0.0,0.0,0.0,0.0,0.0,0.0,0.0,0.0,0.0,0.0,0.0,0.0,0.0,0.0,0.0,0.0,0.0,0.0,0.0,0.0,0.0,0.0,0.0,0.0,,2020-12-24 13:00:00,16992.094,4.720026111111111,3.2666666666666666,5.633333333333333
P005,0.0,0.0,0.0,0.0,0.0,0.0,0.0,0.0,0.0,0.0,0.0,0.0,0.0,0.0,0.0,10.0,0.0,10.0,0.0,10.0,0.0,10.0,0.0,10.0,0.0,10.0,0.0,10.0,0.0,10.0,0.0,10.0,0.0,10.0,0.0,10.0,0.0,10.0,0.6931471805599453,9.0,5.0,5.0,0.0,106.0,28.0,0.0,0.0,0.0,0.0,0.0,0.0,0.0,0.0,0.0,0.0,0.0,0.0,0.0,0.0,0.0,0.0,0.0,0.0,0.0,0.0,0.0,0.0,0.0,0.0,0.0,0.0,0.0,2020-12-24 14:00:00,16992.094,4.720026111111111,3.2666666666666666,5.633333333333333
P005,0.0,0.0,0.0,0.0,0.0,0.0,0.0,0.0,0.0,0.0,0.0,0.0,0.0,0.0,0.0,0.0,0.0,0.0,0.0,0.0,0.0,0.0,0.0,0.0,0.0,0.0,0.0,0.0,0.0,0.0,0.0,0.0,0.0,0.0,0.0,0.0,0.0,0.0,0.0,0.0,0.0,0.0,0.0,0.0,0.0,0.0,0.0,0.0,0.0,0.0,0.0,0.0,0.0,0.0,0.0,0.0,0.0,0.0,0.0,0.0,0.0,0.0,0.0,0.0,0.0,0.0,0.0,0.0,0.0,0.0,,0.0,2020-12-24 15:00:00,16992.094,4.720026111111111,3.2666666666666666,5.633333333333333
P005,0.0,0.0,0.0,0.0,0.0,0.0,0.0,0.0,0.0,0.0,0.0,0.0,0.0,0.0,0.0,0.0,0.0,0.0,0.0,0.0,0.0,0.0,0.0,0.0,0.0,0.0,0.0,0.0,0.0,0.0,0.0,0.0,0.0,0.0,0.0,0.0,0.0,0.0,0.0,0.0,0.0,0.0,0.0,0.0,0.0,0.0,0.0,0.0,0.0,0.0,0.0,0.0,0.0,0.0,0.0,0.0,0.0,0.0,0.0,0.0,0.0,0.0,0.0,0.0,0.0,0.0,0.0,0.0,0.0,0.0,0.0,,2020-12-24 16:00:00,16992.094,4.720026111111111,3.2666666666666666,5.633333333333333
P005,0.0,0.0,0.0,0.0,0.0,0.0,0.0,0.0,0.0,0.0,0.0,0.0,0.0,0.0,0.0,0.0,0.0,0.0,0.0,0.0,0.0,0.0,0.0,0.0,0.0,0.0,0.0,0.0,0.0,0.0,0.0,0.0,0.0,0.0,0.0,0.0,0.0,0.0,0.0,0.0,0.0,0.0,0.0,0.0,0.0,0.0,0.0,0.0,0.0,0.0,0.0,0.0,0.0,0.0,0.0,0.0,0.0,0.0,0.0,0.0,0.0,0.0,0.0,0.0,0.0,0.0,0.0,0.0,0.0,0.0,,0.0,2020-12-24 17:00:00,16992.094,4.720026111111111,3.2666666666666666,5.633333333333333
P005,0.0,0.0,0.0,0.0,0.0,0.0,0.0,0.0,0.0,0.0,0.0,0.0,0.0,0.0,0.0,0.0,0.0,0.0,0.0,0.0,0.0,0.0,0.0,0.0,0.0,0.0,0.0,0.0,0.0,0.0,0.0,0.0,0.0,0.0,0.0,0.0,0.0,0.0,0.0,0.0,0.0,0.0,0.0,0.0,0.0,0.0,0.0,0.0,0.0,0.0,0.0,0.0,0.0,0.0,0.0,0.0,0.0,0.0,0.0,0.0,0.0,0.0,0.0,0.0,0.0,0.0,0.0,0.0,0.0,0.0,0.0,,2020-12-24 18:00:00,16992.094,4.720026111111111,3.2666666666666666,5.633333333333333
P005,1.0,0.0,0.0,0.0,3.583333333333333,0.0,0.0,0.0,0.0,0.0,0.065,4.0,1182.7889840000005,10.0,0.0,20.0,0.0,20.0,0.0,20.0,0.0,20.0,0.0,20.0,0.0,20.0,0.0,20.0,0.0,20.0,0.0,20.0,0.0,20.0,0.0,20.0,0.0,20.0,1.039720770839918,13.0,5.0,5.0,10.0,1233.0,11.0,840.0,0.017999,1.0,0.0,0.0,0.0,0.0,0.0,0.0,0.0,0.0,0.0,0.0,0.0,0.0,0.0,0.0,0.0,0.0,0.0,0.0,0.0,0.0,0.0,0.0,,0.0,2020-12-24 19:00:00,16992.094,4.720026111111111,3.2666666666666666,5.633333333333333
P005,0.0,0.0,0.0,0.0,0.0,0.0,0.0,0.0,0.0,0.0,0.0,0.0,0.0,0.0,0.0,0.0,0.0,0.0,0.0,0.0,0.0,0.0,0.0,0.0,0.0,0.0,0.0,0.0,0.0,0.0,0.0,0.0,0.0,0.0,0.0,0.0,0.0,0.0,0.0,0.0,0.0,0.0,0.0,0.0,0.0,0.0,0.0,0.0,0.0,0.0,0.0,0.0,0.0,0.0,0.0,0.0,0.0,0.0,0.0,0.0,0.0,0.0,0.0,0.0,0.0,0.0,0.0,0.0,0.0,0.0,0.0,,2020-12-24 20:00:00,16992.094,4.720026111111111,3.2666666666666666,5.633333333333333
P005,0.0,0.0,0.0,0.0,0.0,0.0,0.0,0.0,0.0,0.0,0.0,0.0,0.0,0.0,0.0,0.0,0.0,0.0,0.0,0.0,0.0,0.0,0.0,0.0,0.0,0.0,0.0,0.0,0.0,0.0,0.0,0.0,0.0,0.0,0.0,0.0,0.0,0.0,0.0,0.0,0.0,0.0,0.0,0.0,0.0,0.0,0.0,0.0,0.0,0.0,0.0,0.0,0.0,0.0,0.0,0.0,0.0,0.0,0.0,0.0,0.0,0.0,0.0,0.0,0.0,0.0,0.0,0.0,0.0,0.0,,0.0,2020-12-24 21:00:00,16992.094,4.720026111111111,3.2666666666666666,5.633333333333333
P005,0.0,0.0,0.0,0.0,0.0,0.0,0.0,0.0,0.0,0.0,0.0,0.0,0.0,0.0,0.0,0.0,0.0,0.0,0.0,0.0,0.0,0.0,0.0,0.0,0.0,0.0,0.0,0.0,0.0,0.0,0.0,0.0,0.0,0.0,0.0,0.0,0.0,0.0,0.0,0.0,0.0,0.0,0.0,0.0,0.0,0.0,0.0,0.0,0.0,0.0,0.0,0.0,0.0,0.0,0.0,0.0,0.0,0.0,0.0,0.0,0.0,0.0,0.0,0.0,0.0,0.0,0.0,0.0,0.0,0.0,1.0,,2020-12-25 11:00:00,21284.428,5.912341111111111,2.4166666666666665,5.366666666666666
P005,0.0,0.0,0.0,0.0,0.0,0.0,0.0,0.0,0.0,0.0,0.0,0.0,0.0,0.0,0.0,0.0,0.0,0.0,0.0,0.0,0.0,0.0,0.0,0.0,0.0,0.0,0.0,0.0,0.0,0.0,0.0,0.0,0.0,0.0,0.0,0.0,0.0,0.0,0.0,0.0,0.0,0.0,0.0,0.0,0.0,0.0,0.0,0.0,0.0,0.0,0.0,0.0,0.0,0.0,0.0,0.0,0.0,0.0,0.0,0.0,0.0,0.0,0.0,0.0,0.0,0.0,0.0,0.0,0.0,0.0,,1.0,2020-12-25 12:00:00,21284.428,5.912341111111111,2.4166666666666665,5.366666666666666
P005,1.0,0.0,0.0,0.0,0.0,0.0,0.0,0.0,0.0,0.0,0.0,0.0,1696.044031,3.0,0.0,7.0,0.0,7.0,0.0,7.0,0.0,7.0,0.0,7.0,0.0,7.0,0.0,7.0,0.0,7.0,0.0,7.0,0.0,7.0,0.0,7.0,0.0,7.0,1.078992207877583,6.0,2.0,2.0,3.0,1507.0,202.0,5.0,1696.0380309999998,2.0,0.0,0.0,0.0,0.0,0.0,0.0,0.0,0.0,0.0,0.0,0.0,0.0,0.0,0.0,0.0,0.0,0.0,0.0,0.0,0.0,0.0,0.0,0.0,,2020-12-25 16:00:00,21284.428,5.912341111111111,2.4166666666666665,5.366666666666666
P005,1.0,0.0,0.0,0.0,42.2,0.0,0.0,0.0,0.0,0.0,0.684978,45.0,698.1749769999998,56.0,131.34711754322052,150.0,29.303,150.0,131.34711754322052,150.0,0.0,150.0,0.0,150.0,0.0,150.0,0.0,150.0,26.988,150.0,0.0,150.0,0.0,150.0,0.0,150.0,0.0,150.0,0.040048630190433,1.0,0.0,1.0,149.0,0.0,3.0,2362.0,0.0,0.0,0.0,0.0,0.0,0.0,0.0,0.0,0.0,0.0,0.0,0.0,0.0,0.0,0.0,0.0,0.0,0.0,0.0,0.0,0.0,0.0,0.0,0.0,,0.0,2020-12-25 17:00:00,21284.428,5.912341111111111,2.4166666666666665,5.366666666666666
P005,0.0,0.0,0.0,0.0,0.0,0.0,0.0,0.0,0.0,0.0,0.0,0.0,0.0,0.0,0.0,0.0,0.0,0.0,0.0,0.0,0.0,0.0,0.0,0.0,0.0,0.0,0.0,0.0,0.0,0.0,0.0,0.0,0.0,0.0,0.0,0.0,0.0,0.0,0.0,0.0,0.0,0.0,0.0,0.0,0.0,0.0,0.0,0.0,0.0,0.0,0.0,0.0,0.0,0.0,0.0,0.0,0.0,0.0,0.0,0.0,0.0,0.0,0.0,0.0,0.0,0.0,0.0,0.0,0.0,0.0,1.0,,2020-12-26 19:00:00,20666.98,5.740827777777778,4.633333333333333,7.516666666666667
P005,0.0,0.0,0.0,0.0,0.0,0.0,0.0,0.0,0.0,0.0,0.0,0.0,0.0,0.0,0.0,0.0,0.0,0.0,0.0,0.0,0.0,0.0,0.0,0.0,0.0,0.0,0.0,0.0,0.0,0.0,0.0,0.0,0.0,0.0,0.0,0.0,0.0,0.0,0.0,0.0,0.0,0.0,0.0,0.0,0.0,0.0,0.0,0.0,0.0,0.0,0.0,0.0,0.0,0.0,0.0,0.0,0.0,0.0,0.0,0.0,0.0,0.0,0.0,0.0,0.0,0.0,0.0,0.0,0.0,0.0,0.0,1.0,2020-12-26 20:00:00,20666.98,5.740827777777778,4.633333333333333,7.516666666666667
P005,0.0,0.0,0.0,0.0,0.0,0.0,0.0,0.0,0.0,0.0,0.0,0.0,0.0,0.0,0.0,0.0,0.0,0.0,0.0,0.0,0.0,0.0,0.0,0.0,0.0,0.0,0.0,0.0,0.0,0.0,0.0,0.0,0.0,0.0,0.0,0.0,0.0,0.0,0.0,0.0,0.0,0.0,0.0,0.0,0.0,0.0,0.0,0.0,0.0,0.0,0.0,0.0,0.0,0.0,0.0,0.0,0.0,0.0,0.0,0.0,0.0,0.0,0.0,0.0,0.0,0.0,0.0,0.0,0.0,0.0,0.0,0.0,2020-12-26 21:00:00,20666.98,5.740827777777778,4.633333333333333,7.516666666666667
P005,1.0,0.0,0.0,0.0,0.0,0.0,0.0,0.0,0.0,0.0,0.0,0.0,0.0,0.0,0.0,0.0,0.0,0.0,0.0,0.0,0.0,0.0,0.0,0.0,0.0,0.0,0.0,0.0,0.0,0.0,0.0,0.0,0.0,0.0,0.0,0.0,0.0,0.0,0.0,0.0,0.0,0.0,0.0,0.0,0.0,0.0,0.0,0.0,0.0,0.0,0.0,0.0,0.0,0.0,0.0,0.0,0.0,0.0,0.0,0.0,0.0,0.0,0.0,0.0,0.0,0.0,0.0,0.0,0.0,0.0,,0.0,2020-12-26 22:00:00,20666.98,5.740827777777778,4.633333333333333,7.516666666666667
P005,0.0,0.0,0.0,0.0,0.0,0.0,0.0,0.0,0.0,0.0,0.0,0.0,0.0,0.0,0.0,0.0,0.0,0.0,0.0,0.0,0.0,0.0,0.0,0.0,0.0,0.0,0.0,0.0,0.0,0.0,0.0,0.0,0.0,0.0,0.0,0.0,0.0,0.0,0.0,0.0,0.0,0.0,0.0,0.0,0.0,0.0,0.0,0.0,0.0,0.0,0.0,0.0,0.0,0.0,0.0,0.0,0.0,0.0,0.0,0.0,0.0,0.0,0.0,0.0,0.0,0.0,0.0,0.0,0.0,0.0,1.0,,2020-12-27 12:00:00,25240.2,7.011166666666667,3.1666666666666665,6.666666666666667
P005,3.0,13.166666666666666,13.316666666666666,0.0,0.0,0.0,0.0,0.0,0.0,0.0,0.170995,9.0,2621.802994,13.0,0.0,15.0,0.0,15.0,0.0,15.0,0.0,15.0,0.0,15.0,0.0,15.0,0.0,15.0,0.0,15.0,0.0,15.0,0.0,15.0,0.0,15.0,0.0,15.0,0.4850940913022115,3.0,1.0,1.0,13.0,0.0,5.0,27.0,0.0,0.0,0.0,0.0,0.0,0.0,0.0,0.0,0.0,0.0,2.0,1.0,0.0,292.0,334.0,1.0,1507.0,0.0,0.0,0.0,0.0,0.0,0.0,0.0,0.0,1.0,2020-12-27 13:00:00,25240.2,7.011166666666667,3.1666666666666665,6.666666666666667
P005,1.0,0.0,0.0,0.0,0.0,0.0,0.0,0.0,0.020999,2.0,19.628992,20.0,1360.703963,35.0,111.5662078857422,132.0,37.561,132.0,111.5662078857422,132.0,0.0,132.0,0.0,132.0,0.0,132.0,0.0,132.0,37.561,132.0,0.0,132.0,0.0,132.0,0.0,132.0,0.0,132.0,0.2706407936167974,11.0,4.0,4.0,124.0,1787.0,75.0,581.0,0.0,0.0,0.0,0.0,0.0,0.0,0.0,0.0,0.0,0.0,0.0,0.0,0.0,0.0,0.0,0.0,0.0,0.0,0.0,0.0,0.0,0.0,0.0,0.0,,0.0,2020-12-27 14:00:00,25240.2,7.011166666666667,3.1666666666666665,6.666666666666667
P005,0.0,0.0,0.0,0.0,0.0,0.0,0.0,0.0,0.0,0.0,0.0,0.0,0.0,0.0,0.0,0.0,0.0,0.0,0.0,0.0,0.0,0.0,0.0,0.0,0.0,0.0,0.0,0.0,0.0,0.0,0.0,0.0,0.0,0.0,0.0,0.0,0.0,0.0,0.0,0.0,0.0,0.0,0.0,0.0,0.0,0.0,0.0,0.0,0.0,0.0,0.0,0.0,0.0,0.0,0.0,0.0,0.0,0.0,0.0,0.0,0.0,0.0,0.0,0.0,0.0,0.0,0.0,0.0,0.0,0.0,1.0,,2020-12-27 18:00:00,25240.2,7.011166666666667,3.1666666666666665,6.666666666666667
P005,0.0,0.0,0.0,0.0,0.0,0.0,0.0,0.0,0.0,0.0,0.0,0.0,0.0,0.0,0.0,0.0,0.0,0.0,0.0,0.0,0.0,0.0,0.0,0.0,0.0,0.0,0.0,0.0,0.0,0.0,0.0,0.0,0.0,0.0,0.0,0.0,0.0,0.0,0.0,0.0,0.0,0.0,0.0,0.0,0.0,0.0,0.0,0.0,0.0,0.0,0.0,0.0,0.0,0.0,0.0,0.0,0.0,0.0,0.0,0.0,0.0,0.0,0.0,0.0,0.0,0.0,0.0,0.0,0.0,0.0,,1.0,2020-12-27 19:00:00,25240.2,7.011166666666667,3.1666666666666665,6.666666666666667
P005,0.0,0.0,0.0,0.0,0.0,0.0,0.0,0.0,0.0,0.0,0.125996,8.0,2738.776015,18.0,0.0,24.0,0.0,24.0,0.0,24.0,0.0,24.0,0.0,24.0,0.0,24.0,0.0,24.0,0.0,24.0,0.0,24.0,0.0,24.0,0.0,24.0,0.0,24.0,0.7356219397587946,8.0,3.0,3.0,18.0,923.0,34.0,102.0,0.0,0.0,0.0,0.0,0.0,0.0,0.0,0.0,0.0,0.0,0.0,0.0,0.0,0.0,0.0,0.0,0.0,0.0,0.0,0.0,0.0,0.0,0.0,0.0,1.0,,2020-12-27 22:00:00,25240.2,7.011166666666667,3.1666666666666665,6.666666666666667
P005,1.0,0.0,0.0,0.0,0.0,0.0,0.0,0.0,0.0,0.0,0.021999,1.0,1511.372057,7.0,0.0,13.0,0.0,13.0,0.0,13.0,0.0,13.0,0.0,13.0,0.0,13.0,0.0,13.0,0.0,13.0,0.0,13.0,0.0,13.0,0.0,13.0,0.0,13.0,1.0100997593541636,7.0,3.0,3.0,7.0,2041.0,15.0,1301.0,0.0,0.0,0.090999,1.0,0.0,0.0,0.0,0.0,0.0,0.0,0.0,1.0,0.0,0.0,1.0,0.0,0.0,0.0,0.0,0.0,0.0,0.0,0.0,0.0,,1.0,2020-12-27 23:00:00,25240.2,7.011166666666667,3.1666666666666665,6.666666666666667
P005,1.0,0.0,0.0,0.0,0.0,0.0,0.0,0.0,496.817988,3.0,2452.0659290000003,25.0,3425.353916,31.0,34.79026138782501,48.0,9.868,48.0,34.79026138782501,48.0,0.0,48.0,0.0,48.0,0.0,48.0,0.0,48.0,9.868,48.0,0.0,48.0,0.0,48.0,0.0,48.0,0.0,48.0,0.4634135588264299,11.0,3.0,3.0,42.0,2945.0,5.0,162.0,0.0,0.0,0.0,0.0,0.0,0.0,0.0,0.0,0.0,0.0,0.0,0.0,0.0,0.0,0.0,0.0,0.0,0.0,0.0,0.0,0.0,0.0,0.0,0.0,0.0,,2020-12-28 11:00:00,19672.009,5.464446944444444,2.533333333333333,5.266666666666667
P005,2.0,0.0,0.0,12.466666666666669,25.633333333333333,0.0,0.0,0.0,0.0,0.0,937.767,3.0,937.767,3.0,0.0,5.0,0.0,5.0,0.0,5.0,0.0,5.0,0.0,5.0,0.0,5.0,0.0,5.0,0.0,5.0,0.0,5.0,0.0,5.0,0.0,5.0,0.0,5.0,0.9502705392332348,3.0,1.0,1.0,3.0,0.0,1.0,15.0,0.0,0.0,0.0,0.0,0.0,0.0,0.0,0.0,0.0,0.0,2.0,0.0,0.0,537.0,0.0,2.0,2347.0,0.0,0.0,0.0,0.0,0.0,0.0,0.0,,0.0,2020-12-28 12:00:00,19672.009,5.464446944444444,2.533333333333333,5.266666666666667
P005,0.0,0.0,0.0,0.0,0.0,0.0,0.0,0.0,0.0,0.0,0.0,0.0,0.0,0.0,0.0,2.0,0.0,2.0,0.0,2.0,0.0,2.0,0.0,2.0,0.0,2.0,0.0,2.0,0.0,2.0,0.0,2.0,0.0,2.0,0.0,2.0,0.0,2.0,0.6931471805599453,1.0,1.0,1.0,0.0,0.0,4.0,0.0,0.0,0.0,0.0,0.0,0.0,0.0,0.0,0.0,0.0,0.0,0.0,0.0,0.0,0.0,0.0,0.0,0.0,0.0,0.0,0.0,0.0,0.0,0.0,0.0,0.0,,2020-12-28 21:00:00,19672.009,5.464446944444444,2.533333333333333,5.266666666666667
P005,0.0,0.0,0.0,0.0,0.0,0.0,0.0,0.0,0.0,0.0,0.0,0.0,0.0,0.0,0.0,0.0,0.0,0.0,0.0,0.0,0.0,0.0,0.0,0.0,0.0,0.0,0.0,0.0,0.0,0.0,0.0,0.0,0.0,0.0,0.0,0.0,0.0,0.0,0.0,0.0,0.0,0.0,0.0,0.0,0.0,0.0,0.0,0.0,0.0,0.0,0.0,0.0,0.0,0.0,0.0,0.0,0.0,0.0,0.0,0.0,0.0,0.0,0.0,0.0,0.0,0.0,0.0,0.0,0.0,0.0,1.0,0.0,2020-12-28 22:00:00,19672.009,5.464446944444444,2.533333333333333,5.266666666666667
P005,0.0,0.0,0.0,0.0,0.0,0.0,0.0,0.0,0.0,0.0,0.0,0.0,0.0,0.0,0.0,0.0,0.0,0.0,0.0,0.0,0.0,0.0,0.0,0.0,0.0,0.0,0.0,0.0,0.0,0.0,0.0,0.0,0.0,0.0,0.0,0.0,0.0,0.0,0.0,0.0,0.0,0.0,0.0,0.0,0.0,0.0,0.0,0.0,0.0,0.0,0.0,0.0,0.0,0.0,0.0,0.0,0.0,0.0,0.0,0.0,0.0,0.0,0.0,0.0,0.0,0.0,0.0,0.0,0.0,0.0,,1.0,2020-12-28 23:00:00,19672.009,5.464446944444444,2.533333333333333,5.266666666666667
P005,1.0,0.0,18.9,0.0,0.0,0.0,0.0,0.0,0.0,0.0,989.294975,3.0,1785.301961,6.0,76.09668755531311,57.0,20.028,57.0,76.09668755531311,57.0,0.0,57.0,0.0,57.0,0.0,57.0,0.0,57.0,20.028,57.0,0.0,57.0,0.0,57.0,0.0,57.0,0.0,57.0,0.4094586186950892,10.0,3.0,3.0,51.0,1639.0,201.0,782.0,0.0,0.0,0.0,0.0,0.0,0.0,0.0,0.0,0.0,0.0,0.0,0.0,0.0,0.0,0.0,0.0,0.0,0.0,0.0,0.0,0.0,0.0,0.0,0.0,0.0,,2020-12-29 11:00:00,17050.026,4.736118333333334,2.75,5.116666666666666
P005,1.0,0.0,14.7,0.0,0.0,0.0,0.0,0.0,0.079999,2.0,186.146988,20.0,1631.0409769999997,43.0,0.0,63.0,1.95,63.0,0.0,63.0,0.0,63.0,0.0,63.0,0.0,63.0,0.0,63.0,0.0,63.0,0.0,63.0,0.0,63.0,0.0,63.0,0.0,63.0,0.6837389058487535,21.0,7.0,7.0,49.0,1393.0,1261.0,543.0,0.0,0.0,0.0,0.0,0.0,0.0,0.0,0.0,0.0,0.0,0.0,0.0,0.0,0.0,0.0,0.0,0.0,0.0,0.0,0.0,0.0,0.0,0.0,0.0,,0.0,2020-12-29 12:00:00,17050.026,4.736118333333334,2.75,5.116666666666666
P005,1.0,0.0,40.73333333333333,0.0,0.0,0.0,0.0,0.0,0.0,0.0,891.101986,24.0,2636.129956,34.0,37.78739619255066,83.0,10.459,83.0,37.78739619255066,83.0,0.0,83.0,0.0,83.0,0.0,83.0,0.0,83.0,10.459,83.0,0.0,83.0,0.0,83.0,0.0,83.0,0.0,83.0,0.5706949342546066,24.0,7.0,7.0,69.0,2043.0,11.0,380.0,0.0,0.0,0.0,0.0,0.0,0.0,0.0,0.0,0.0,0.0,0.0,0.0,0.0,0.0,0.0,0.0,0.0,0.0,0.0,0.0,0.0,0.0,0.0,0.0,0.0,,2020-12-29 13:00:00,17050.026,4.736118333333334,2.75,5.116666666666666
P005,4.0,25.633333333333333,9.966666666666669,0.0,0.0,0.0,0.0,2.6166666666666667,0.0,0.0,0.0,0.0,1902.133002,2.0,0.0,6.0,0.0,6.0,0.0,6.0,0.0,6.0,0.0,6.0,0.0,6.0,0.0,6.0,0.0,6.0,0.0,6.0,0.0,6.0,0.0,6.0,0.0,6.0,1.0986122886681096,5.0,2.0,2.0,2.0,241.0,3.0,57.0,1902.133002,2.0,0.0,0.0,0.0,0.0,0.0,0.0,0.0,1.0,3.0,5.0,29.0,373.0,1932.0,0.0,0.0,2.0,84.0,0.0,0.0,0.0,0.0,0.0,,0.0,2020-12-29 14:00:00,17050.026,4.736118333333334,2.75,5.116666666666666
P005,0.0,0.0,0.0,0.0,0.0,0.0,0.0,0.0,0.0,0.0,0.0,0.0,0.0,0.0,0.0,0.0,0.0,0.0,0.0,0.0,0.0,0.0,0.0,0.0,0.0,0.0,0.0,0.0,0.0,0.0,0.0,0.0,0.0,0.0,0.0,0.0,0.0,0.0,0.0,0.0,0.0,0.0,0.0,0.0,0.0,0.0,0.0,0.0,0.0,0.0,0.0,0.0,0.0,0.0,0.0,0.0,0.0,0.0,0.0,0.0,0.0,0.0,0.0,0.0,0.0,0.0,0.0,0.0,0.0,0.0,1.0,,2020-12-29 18:00:00,17050.026,4.736118333333334,2.75,5.116666666666666
P005,0.0,0.0,0.0,0.0,0.0,0.0,0.0,0.0,0.0,0.0,0.0,0.0,0.0,0.0,0.0,0.0,0.0,0.0,0.0,0.0,0.0,0.0,0.0,0.0,0.0,0.0,0.0,0.0,0.0,0.0,0.0,0.0,0.0,0.0,0.0,0.0,0.0,0.0,0.0,0.0,0.0,0.0,0.0,0.0,0.0,0.0,0.0,0.0,0.0,0.0,0.0,0.0,0.0,0.0,0.0,0.0,0.0,0.0,0.0,0.0,0.0,0.0,0.0,0.0,0.0,0.0,0.0,0.0,0.0,0.0,,1.0,2020-12-29 19:00:00,17050.026,4.736118333333334,2.75,5.116666666666666
P005,0.0,0.0,0.0,0.0,0.0,0.0,0.0,0.0,0.0,0.0,0.0,0.0,0.0,0.0,0.0,0.0,0.0,0.0,0.0,0.0,0.0,0.0,0.0,0.0,0.0,0.0,0.0,0.0,0.0,0.0,0.0,0.0,0.0,0.0,0.0,0.0,0.0,0.0,0.0,0.0,0.0,0.0,0.0,0.0,0.0,0.0,0.0,0.0,0.0,0.0,0.0,0.0,0.0,0.0,0.0,0.0,0.0,0.0,0.0,0.0,0.0,0.0,0.0,0.0,0.0,0.0,0.0,0.0,0.0,0.0,0.0,,2020-12-29 20:00:00,17050.026,4.736118333333334,2.75,5.116666666666666
P005,0.0,0.0,0.0,0.0,0.0,0.0,0.0,0.0,0.0,0.0,0.0,0.0,0.0,0.0,0.0,0.0,0.0,0.0,0.0,0.0,0.0,0.0,0.0,0.0,0.0,0.0,0.0,0.0,0.0,0.0,0.0,0.0,0.0,0.0,0.0,0.0,0.0,0.0,0.0,0.0,0.0,0.0,0.0,0.0,0.0,0.0,0.0,0.0,0.0,0.0,0.0,0.0,0.0,0.0,0.0,0.0,0.0,0.0,0.0,0.0,0.0,0.0,0.0,0.0,0.0,0.0,0.0,0.0,0.0,0.0,,0.0,2020-12-29 21:00:00,17050.026,4.736118333333334,2.75,5.116666666666666
P005,3.0,9.833333333333334,0.0,6.133333333333334,0.0,0.0,0.0,0.0,0.0,0.0,0.0,0.0,2271.778,2.0,0.0,6.0,0.0,6.0,0.0,6.0,0.0,6.0,0.0,6.0,0.0,6.0,0.0,6.0,0.0,6.0,0.0,6.0,0.0,6.0,0.0,6.0,0.0,6.0,1.0986122886681096,5.0,2.0,2.0,2.0,0.0,9.0,3.0,0.0,0.0,0.0,0.0,0.0,0.0,0.0,0.0,0.0,1.0,1.0,2.0,33.0,0.0,471.0,1.0,442.0,0.0,0.0,0.0,0.0,0.0,0.0,0.0,0.0,,2020-12-30 11:00:00,11314.801,3.143000277777777,6.85,8.416666666666666
P005,2.0,0.0,10.233333333333333,0.0,0.0,0.0,0.0,39.05,0.0,0.0,0.028999,1.0,2956.627021,9.0,64.03125810623169,69.0,16.397,69.0,61.79519009590149,69.0,0.0,69.0,0.0,69.0,0.0,69.0,0.0,69.0,15.715,69.0,0.0,69.0,0.0,69.0,0.0,69.0,0.0,69.0,0.6450330658355161,18.0,7.0,7.0,55.0,2371.0,97.0,515.0,0.0,0.0,0.0,0.0,0.0,0.0,0.0,0.0,0.0,0.0,0.0,1.0,0.0,0.0,116.0,2.0,339.0,0.0,0.0,0.0,0.0,0.0,0.0,0.0,,0.0,2020-12-30 12:00:00,11314.801,3.143000277777777,6.85,8.416666666666666
P005,1.0,0.0,0.0,0.0,0.0,0.0,0.0,0.0,0.012,1.0,0.6589849999999999,32.0,2115.8559709999995,40.0,93.37825393676758,120.0,27.148,120.0,93.37825393676758,120.0,0.0,120.0,0.0,120.0,0.0,120.0,0.0,120.0,27.148,120.0,0.0,120.0,0.0,120.0,0.0,120.0,0.0,120.0,0.291139838831965,13.0,4.0,4.0,112.0,1527.0,13.0,246.0,0.003,1.0,0.0,0.0,0.0,0.0,0.0,0.0,0.0,0.0,0.0,0.0,0.0,0.0,0.0,0.0,0.0,0.0,0.0,0.0,0.0,0.0,0.0,0.0,1.0,,2020-12-30 16:00:00,11314.801,3.143000277777777,6.85,8.416666666666666
P005,1.0,0.0,0.0,0.0,0.0,0.0,0.0,33.43333333333333,0.0,0.0,1453.89,2.0,1453.91,5.0,0.0,9.0,0.0,9.0,0.0,9.0,0.0,9.0,0.0,9.0,0.0,9.0,0.0,9.0,0.0,9.0,0.0,9.0,0.0,9.0,0.0,9.0,0.0,9.0,0.9950269901795212,4.0,2.0,2.0,5.0,1061.0,8.0,44.0,0.012,1.0,0.0,0.0,0.0,0.0,0.0,0.0,0.0,0.0,0.0,0.0,0.0,0.0,0.0,1.0,1.0,0.0,0.0,0.0,0.0,0.0,0.0,0.0,,1.0,2020-12-30 17:00:00,11314.801,3.143000277777777,6.85,8.416666666666666
P005,0.0,0.0,0.0,0.0,0.0,0.0,0.0,0.0,0.0,0.0,0.0,0.0,0.0,0.0,0.0,0.0,0.0,0.0,0.0,0.0,0.0,0.0,0.0,0.0,0.0,0.0,0.0,0.0,0.0,0.0,0.0,0.0,0.0,0.0,0.0,0.0,0.0,0.0,0.0,0.0,0.0,0.0,0.0,0.0,0.0,0.0,0.0,0.0,0.0,0.0,0.0,0.0,0.0,0.0,0.0,0.0,0.0,0.0,0.0,0.0,0.0,0.0,0.0,0.0,0.0,0.0,0.0,0.0,0.0,0.0,0.0,,2020-12-30 20:00:00,11314.801,3.143000277777777,6.85,8.416666666666666
P005,1.0,0.0,0.0,0.0,0.0,0.0,0.0,0.0,0.0,0.0,30.395992,17.0,35.687988,27.0,449.9950174093247,418.0,76.27,418.0,445.52288138866425,418.0,0.0,418.0,0.0,418.0,0.0,418.0,0.0,418.0,75.411,418.0,0.0,418.0,0.0,418.0,0.0,418.0,0.0,418.0,0.0471515754509292,5.0,2.0,1.0,415.0,3.0,1.0,306.0,0.0,0.0,0.0,0.0,0.0,0.0,0.0,0.0,0.0,0.0,0.0,0.0,0.0,0.0,0.0,0.0,0.0,0.0,0.0,0.0,0.0,0.0,0.0,0.0,,0.0,2020-12-30 21:00:00,11314.801,3.143000277777777,6.85,8.416666666666666
P005,3.0,4.516666666666667,0.0,39.3,0.0,0.0,0.0,0.0,0.0,0.0,0.0,0.0,780.6359809999999,22.0,232.23258674144745,201.0,40.819,201.0,232.23258674144745,201.0,0.0,201.0,0.0,201.0,0.0,201.0,0.0,201.0,40.819,201.0,0.0,201.0,0.0,201.0,0.0,201.0,0.0,201.0,0.2842849236273048,22.0,6.0,7.0,188.0,2997.0,44.0,221.0,641.503981,20.0,0.0,0.0,0.0,0.0,0.0,0.0,0.0,0.0,3.0,3.0,0.0,302.0,773.0,0.0,0.0,0.0,0.0,0.0,0.0,0.0,0.0,0.0,0.0,,2020-12-31 11:00:00,20653.236,5.737010000000001,2.333333333333333,5.2
P005,0.0,0.0,0.0,0.0,0.0,0.0,0.0,0.0,0.0,0.0,0.017999,1.0,23.536999,3.0,0.0,6.0,0.0,6.0,0.0,6.0,0.0,6.0,0.0,6.0,0.0,6.0,0.0,6.0,0.0,6.0,0.0,6.0,0.0,6.0,0.0,6.0,0.0,6.0,1.0114042647073518,3.0,2.0,1.0,3.0,161.0,6.0,12.0,0.0,0.0,0.0,0.0,0.0,0.0,0.0,0.0,0.0,0.0,0.0,0.0,0.0,0.0,0.0,0.0,0.0,0.0,0.0,0.0,0.0,0.0,0.0,0.0,,0.0,2020-12-31 12:00:00,20653.236,5.737010000000001,2.333333333333333,5.2
P005,0.0,0.0,0.0,0.0,0.0,0.0,0.0,0.0,0.0,0.0,0.715975,45.0,1237.1609609999998,52.0,706.2355217933655,571.0,141.224,571.0,706.2355217933655,571.0,0.0,571.0,0.0,571.0,0.0,571.0,0.0,571.0,141.224,571.0,0.0,571.0,0.0,571.0,0.0,571.0,0.0,571.0,0.0656060015478704,11.0,3.0,3.0,565.0,926.0,23.0,243.0,0.0,0.0,0.0,0.0,0.0,0.0,0.0,0.0,0.0,0.0,0.0,0.0,0.0,0.0,0.0,0.0,0.0,0.0,0.0,0.0,0.0,0.0,0.0,0.0,0.0,,2020-12-31 15:00:00,20653.236,5.737010000000001,2.333333333333333,5.2
P005,1.0,0.0,0.0,0.0,0.0,0.0,0.0,0.0,0.0,0.0,1055.382002,7.0,1333.960997,18.0,13.4164080619812,30.0,4.56,30.0,0.0,30.0,0.0,30.0,0.0,30.0,0.0,30.0,0.0,30.0,0.0,30.0,0.0,30.0,0.0,30.0,0.0,30.0,0.0,30.0,0.4850940913022115,7.0,2.0,2.0,26.0,1053.0,45.0,57.0,0.0,0.0,0.0,0.0,0.0,0.0,0.0,0.0,0.0,0.0,0.0,0.0,0.0,0.0,0.0,0.0,0.0,0.0,0.0,0.0,0.0,0.0,0.0,0.0,,0.0,2020-12-31 16:00:00,20653.236,5.737010000000001,2.333333333333333,5.2
P005,0.0,0.0,0.0,0.0,0.0,0.0,0.0,0.0,0.0,0.0,0.0,0.0,0.0,0.0,0.0,0.0,0.0,0.0,0.0,0.0,0.0,0.0,0.0,0.0,0.0,0.0,0.0,0.0,0.0,0.0,0.0,0.0,0.0,0.0,0.0,0.0,0.0,0.0,0.0,0.0,0.0,0.0,0.0,0.0,0.0,0.0,0.0,0.0,0.0,0.0,0.0,0.0,0.0,0.0,0.0,0.0,0.0,0.0,0.0,0.0,0.0,0.0,0.0,0.0,0.0,0.0,0.0,0.0,0.0,0.0,0.0,,2020-12-31 18:00:00,20653.236,5.737010000000001,2.333333333333333,5.2
P005,0.0,0.0,0.0,0.0,0.0,0.0,0.0,0.0,0.0,0.0,0.0,0.0,0.0,0.0,0.0,0.0,0.0,0.0,0.0,0.0,0.0,0.0,0.0,0.0,0.0,0.0,0.0,0.0,0.0,0.0,0.0,0.0,0.0,0.0,0.0,0.0,0.0,0.0,0.0,0.0,0.0,0.0,0.0,0.0,0.0,0.0,0.0,0.0,0.0,0.0,0.0,0.0,0.0,0.0,0.0,0.0,0.0,0.0,0.0,0.0,0.0,0.0,0.0,0.0,0.0,0.0,0.0,0.0,0.0,0.0,0.0,0.0,2020-12-31 19:00:00,20653.236,5.737010000000001,2.333333333333333,5.2
P005,0.0,0.0,0.0,0.0,0.0,0.0,0.0,0.0,0.0,0.0,0.0,0.0,0.0,0.0,0.0,0.0,0.0,0.0,0.0,0.0,0.0,0.0,0.0,0.0,0.0,0.0,0.0,0.0,0.0,0.0,0.0,0.0,0.0,0.0,0.0,0.0,0.0,0.0,0.0,0.0,0.0,0.0,0.0,0.0,0.0,0.0,0.0,0.0,0.0,0.0,0.0,0.0,0.0,0.0,0.0,0.0,0.0,0.0,0.0,0.0,0.0,0.0,0.0,0.0,0.0,0.0,0.0,0.0,0.0,0.0,0.0,0.0,2020-12-31 20:00:00,20653.236,5.737010000000001,2.333333333333333,5.2
P005,0.0,0.0,0.0,0.0,0.0,0.0,0.0,0.0,0.0,0.0,0.0,0.0,581.415,1.0,0.0,1.0,0.0,1.0,0.0,1.0,0.0,1.0,0.0,1.0,0.0,1.0,0.0,1.0,0.0,1.0,0.0,1.0,0.0,1.0,0.0,1.0,0.0,1.0,0.0,0.0,0.0,0.0,1.0,0.0,0.0,1.0,0.0,0.0,0.0,0.0,0.0,0.0,0.0,0.0,0.0,0.0,0.0,0.0,0.0,0.0,0.0,0.0,0.0,0.0,0.0,0.0,0.0,0.0,0.0,0.0,,0.0,2020-12-31 21:00:00,20653.236,5.737010000000001,2.333333333333333,5.2
P005,0.0,0.0,0.0,0.0,0.0,0.0,0.0,0.0,0.0,0.0,0.0,0.0,0.0,0.0,0.0,0.0,0.0,0.0,0.0,0.0,0.0,0.0,0.0,0.0,0.0,0.0,0.0,0.0,0.0,0.0,0.0,0.0,0.0,0.0,0.0,0.0,0.0,0.0,0.0,0.0,0.0,0.0,0.0,0.0,0.0,0.0,0.0,0.0,0.0,0.0,0.0,0.0,0.0,0.0,0.0,0.0,0.0,0.0,0.0,0.0,0.0,0.0,0.0,0.0,0.0,0.0,0.0,0.0,0.0,0.0,0.0,,2020-12-31 22:00:00,20653.236,5.737010000000001,2.333333333333333,5.2
P005,0.0,0.0,0.0,0.0,0.0,0.0,0.0,0.0,0.0,0.0,0.0,0.0,0.0,0.0,0.0,0.0,0.0,0.0,0.0,0.0,0.0,0.0,0.0,0.0,0.0,0.0,0.0,0.0,0.0,0.0,0.0,0.0,0.0,0.0,0.0,0.0,0.0,0.0,0.0,0.0,0.0,0.0,0.0,0.0,0.0,0.0,0.0,0.0,0.0,0.0,0.0,0.0,0.0,0.0,0.0,0.0,0.0,0.0,0.0,0.0,0.0,0.0,0.0,0.0,0.0,0.0,0.0,0.0,0.0,0.0,,0.0,2020-12-31 23:00:00,20653.236,5.737010000000001,2.333333333333333,5.2
P005,1.0,0.0,45.4,0.0,0.0,0.0,0.0,0.0,0.0,0.0,2860.2909980000004,7.0,2860.295997,8.0,0.0,10.0,0.0,10.0,0.0,10.0,0.0,10.0,0.0,10.0,0.0,10.0,0.0,10.0,0.0,10.0,0.0,10.0,0.0,10.0,0.0,10.0,0.0,10.0,0.639031859650177,3.0,1.0,1.0,8.0,0.0,2.0,40.0,0.0,0.0,0.0,0.0,0.0,0.0,0.0,0.0,0.0,0.0,1.0,0.0,0.0,1.0,0.0,0.0,0.0,0.0,0.0,0.0,0.0,0.0,0.0,0.0,0.0,,2021-01-01 11:00:00,15232.941,4.2313725,6.366666666666666,8.483333333333333
P005,3.0,16.816666666666666,12.066666666666666,0.0,0.0,0.0,0.0,22.5,0.0,0.0,0.41799,22.0,3344.8330130000004,40.0,181.6944724321365,254.0,45.279,254.0,181.6944724321365,254.0,0.0,254.0,0.0,254.0,0.0,254.0,0.0,254.0,38.5,254.0,0.0,254.0,0.0,254.0,0.0,254.0,0.0,254.0,0.2651622501348479,22.0,7.0,8.0,239.0,3136.0,69.0,225.0,1822.947059,3.0,0.0,0.0,0.0,0.0,0.0,0.0,0.0,0.0,4.0,2.0,0.0,813.0,897.0,1.0,904.0,1.0,135.0,0.0,0.0,0.0,2.0,74.0,,0.0,2021-01-01 12:00:00,15232.941,4.2313725,6.366666666666666,8.483333333333333
P005,1.0,0.0,0.0,0.0,0.0,0.0,0.0,0.0,0.0,0.0,0.039,1.0,783.911,2.0,0.0,8.0,0.0,8.0,0.0,8.0,0.0,8.0,0.0,8.0,0.0,8.0,0.0,8.0,0.0,8.0,0.0,8.0,0.0,8.0,0.0,8.0,0.0,8.0,1.0821955300387671,6.0,3.0,3.0,2.0,729.0,50.0,10.0,0.0,0.0,0.0,0.0,0.0,0.0,0.0,0.0,0.0,0.0,0.0,0.0,0.0,0.0,0.0,0.0,0.0,0.0,0.0,0.0,0.0,0.0,0.0,0.0,0.0,,2021-01-02 12:00:00,34023.811,9.451058611111112,2.4333333333333336,7.166666666666667
P005,1.0,0.0,47.516666666666666,0.0,0.0,0.0,0.0,0.0,0.0,0.0,812.0109869999999,60.0,3312.926987,70.0,303.282657623291,316.0,83.556,316.0,303.282657623291,316.0,0.0,316.0,0.0,316.0,0.0,316.0,0.0,316.0,83.556,316.0,0.0,316.0,0.0,316.0,0.0,316.0,0.0,316.0,0.2689089308325822,33.0,9.0,10.0,297.0,3071.0,49.0,288.0,0.0,0.0,0.0,0.0,0.0,0.0,0.0,0.0,0.0,0.0,3.0,3.0,0.0,2398.0,207.0,0.0,0.0,0.0,0.0,0.0,0.0,0.0,0.0,0.0,,0.0,2021-01-02 13:00:00,34023.811,9.451058611111112,2.4333333333333336,7.166666666666667
P005,3.0,7.066666666666666,3.033333333333333,0.0,0.0,0.0,0.0,2.333333333333333,0.0,0.0,0.0,0.0,2779.979999,2.0,2.2360680103302,7.0,0.701,7.0,0.0,7.0,0.0,7.0,0.0,7.0,0.0,7.0,0.0,7.0,0.0,7.0,0.0,7.0,0.0,7.0,0.0,7.0,0.0,7.0,1.078992207877583,5.0,2.0,2.0,3.0,262.0,9.0,8.0,0.0,0.0,0.0,0.0,0.0,0.0,0.0,0.0,0.0,1.0,1.0,2.0,36.0,0.0,195.0,1.0,389.0,0.0,0.0,0.0,0.0,0.0,0.0,0.0,0.0,,2021-01-02 15:00:00,34023.811,9.451058611111112,2.4333333333333336,7.166666666666667
P005,0.0,0.0,0.0,0.0,0.0,0.0,0.0,0.0,0.0,0.0,0.006,1.0,3045.284024,14.0,8.9442720413208,32.0,2.611,32.0,0.0,32.0,0.0,32.0,0.0,32.0,0.0,32.0,0.0,32.0,0.0,32.0,0.0,32.0,0.0,32.0,0.0,32.0,0.0,32.0,0.9885660987714344,24.0,7.0,7.0,18.0,2082.0,39.0,237.0,0.0,0.0,0.0,0.0,0.0,0.0,0.0,0.0,0.0,0.0,0.0,0.0,0.0,0.0,0.0,0.0,0.0,0.0,0.0,0.0,0.0,0.0,0.0,0.0,,0.0,2021-01-02 16:00:00,34023.811,9.451058611111112,2.4333333333333336,7.166666666666667
P005,1.0,0.0,0.0,0.0,0.0,0.0,0.0,0.0,0.0,0.0,0.147994,10.0,1725.5059930000002,14.0,35.46673774719238,46.0,9.981,46.0,35.46673774719238,46.0,0.0,46.0,0.0,46.0,0.0,46.0,0.0,46.0,9.981,46.0,0.0,46.0,0.0,46.0,0.0,46.0,0.0,46.0,0.2089817466542364,2.0,1.0,1.0,44.0,0.0,1.0,1082.0,0.0,0.0,0.0,0.0,0.0,0.0,0.0,0.0,0.0,0.0,0.0,0.0,0.0,0.0,0.0,0.0,0.0,0.0,0.0,0.0,0.0,0.0,0.0,0.0,0.0,,2021-01-02 17:00:00,34023.811,9.451058611111112,2.4333333333333336,7.166666666666667
P005,0.0,0.0,0.0,0.0,0.0,0.0,0.0,0.0,0.0,0.0,0.111998,4.0,847.5809710000001,7.0,0.0,13.0,0.0,13.0,0.0,13.0,0.0,13.0,0.0,13.0,0.0,13.0,0.0,13.0,0.0,13.0,0.0,13.0,0.0,13.0,0.0,13.0,0.0,13.0,1.0100997593541636,8.0,3.0,3.0,7.0,536.0,8.0,139.0,0.0,0.0,0.0,0.0,0.0,0.0,0.0,0.0,0.0,0.0,0.0,0.0,0.0,0.0,0.0,0.0,0.0,0.0,0.0,0.0,0.0,0.0,0.0,0.0,,0.0,2021-01-02 18:00:00,34023.811,9.451058611111112,2.4333333333333336,7.166666666666667
P005,0.0,0.0,0.0,0.0,0.0,0.0,0.0,0.0,0.0,0.0,0.0,0.0,0.0,0.0,0.0,0.0,0.0,0.0,0.0,0.0,0.0,0.0,0.0,0.0,0.0,0.0,0.0,0.0,0.0,0.0,0.0,0.0,0.0,0.0,0.0,0.0,0.0,0.0,0.0,0.0,0.0,0.0,0.0,0.0,0.0,0.0,0.0,0.0,0.0,0.0,0.0,0.0,0.0,0.0,0.0,0.0,0.0,0.0,0.0,0.0,0.0,0.0,0.0,0.0,0.0,0.0,0.0,0.0,0.0,0.0,0.0,,2021-01-02 20:00:00,34023.811,9.451058611111112,2.4333333333333336,7.166666666666667
P005,1.0,0.0,0.0,0.0,0.0,0.0,0.0,0.0,0.0,0.0,0.0,0.0,0.0,0.0,0.0,0.0,0.0,0.0,0.0,0.0,0.0,0.0,0.0,0.0,0.0,0.0,0.0,0.0,0.0,0.0,0.0,0.0,0.0,0.0,0.0,0.0,0.0,0.0,0.0,0.0,0.0,0.0,0.0,0.0,0.0,0.0,0.0,0.0,0.0,0.0,0.0,0.0,0.0,0.0,0.0,0.0,0.0,0.0,0.0,0.0,0.0,0.0,0.0,0.0,0.0,0.0,0.0,0.0,0.0,0.0,0.0,0.0,2021-01-02 21:00:00,34023.811,9.451058611111112,2.4333333333333336,7.166666666666667
P005,0.0,0.0,0.0,0.0,0.0,0.0,0.0,0.0,0.0,0.0,0.0,0.0,0.0,0.0,0.0,0.0,0.0,0.0,0.0,0.0,0.0,0.0,0.0,0.0,0.0,0.0,0.0,0.0,0.0,0.0,0.0,0.0,0.0,0.0,0.0,0.0,0.0,0.0,0.0,0.0,0.0,0.0,0.0,0.0,0.0,0.0,0.0,0.0,0.0,0.0,0.0,0.0,0.0,0.0,0.0,0.0,0.0,0.0,0.0,0.0,0.0,0.0,0.0,0.0,0.0,0.0,0.0,0.0,0.0,0.0,,0.0,2021-01-02 22:00:00,34023.811,9.451058611111112,2.4333333333333336,7.166666666666667
P005,0.0,0.0,0.0,0.0,0.0,0.0,0.0,0.0,0.0,0.0,6.570994,15.0,2720.567954,34.0,8.9442720413208,46.0,2.171,46.0,0.0,46.0,0.0,46.0,0.0,46.0,0.0,46.0,0.0,46.0,0.0,46.0,0.0,46.0,0.0,46.0,0.0,46.0,0.0,46.0,0.5825842452160127,12.0,4.0,4.0,38.0,2282.0,6.0,87.0,0.0,0.0,0.0,0.0,0.0,0.0,0.0,0.0,0.0,0.0,0.0,0.0,0.0,0.0,0.0,0.0,0.0,0.0,0.0,0.0,0.0,0.0,0.0,0.0,0.0,,2021-01-03 11:00:00,27218.953,7.560820277777778,4.483333333333333,8.266666666666667
P005,0.0,0.0,0.0,0.0,0.0,0.0,0.0,0.0,0.0,0.0,0.0,0.0,0.0,0.0,0.0,0.0,0.0,0.0,0.0,0.0,0.0,0.0,0.0,0.0,0.0,0.0,0.0,0.0,0.0,0.0,0.0,0.0,0.0,0.0,0.0,0.0,0.0,0.0,0.0,0.0,0.0,0.0,0.0,0.0,0.0,0.0,0.0,0.0,0.0,0.0,0.0,0.0,0.0,0.0,0.0,0.0,0.0,0.0,0.0,0.0,0.0,0.0,0.0,0.0,0.0,0.0,0.0,0.0,0.0,0.0,0.0,0.0,2021-01-03 12:00:00,27218.953,7.560820277777778,4.483333333333333,8.266666666666667
P005,0.0,0.0,0.0,0.0,0.0,0.0,0.0,0.0,0.0,0.0,0.0,0.0,0.0,0.0,0.0,0.0,0.0,0.0,0.0,0.0,0.0,0.0,0.0,0.0,0.0,0.0,0.0,0.0,0.0,0.0,0.0,0.0,0.0,0.0,0.0,0.0,0.0,0.0,0.0,0.0,0.0,0.0,0.0,0.0,0.0,0.0,0.0,0.0,0.0,0.0,0.0,0.0,0.0,0.0,0.0,0.0,0.0,0.0,0.0,0.0,0.0,0.0,0.0,0.0,0.0,0.0,0.0,0.0,0.0,0.0,,0.0,2021-01-03 13:00:00,27218.953,7.560820277777778,4.483333333333333,8.266666666666667
P005,0.0,0.0,0.0,0.0,0.0,0.0,0.0,0.0,0.0,0.0,0.032,2.0,1281.4919990000003,4.0,0.0,8.0,0.0,8.0,0.0,8.0,0.0,8.0,0.0,8.0,0.0,8.0,0.0,8.0,0.0,8.0,0.0,8.0,0.0,8.0,0.0,8.0,0.0,8.0,1.039720770839918,5.0,2.0,2.0,4.0,0.0,26.0,166.0,0.0,0.0,0.0,0.0,0.0,0.0,0.0,0.0,0.0,0.0,0.0,0.0,0.0,0.0,0.0,0.0,0.0,0.0,0.0,0.0,0.0,0.0,0.0,0.0,0.0,,2021-01-03 17:00:00,27218.953,7.560820277777778,4.483333333333333,8.266666666666667
P005,0.0,0.0,0.0,0.0,0.0,0.0,0.0,0.0,0.0,0.0,0.074997,4.0,3187.766994,9.0,0.0,13.0,0.0,13.0,0.0,13.0,0.0,13.0,0.0,13.0,0.0,13.0,0.0,13.0,0.0,13.0,0.0,13.0,0.0,13.0,0.0,13.0,0.0,13.0,0.8305178252872478,7.0,2.0,2.0,9.0,44.0,17.0,102.0,0.0,0.0,0.071,1.0,0.0,0.0,0.0,0.0,0.0,0.0,0.0,0.0,0.0,0.0,0.0,0.0,0.0,0.0,0.0,0.0,0.0,0.0,0.0,0.0,0.0,0.0,2021-01-03 18:00:00,27218.953,7.560820277777778,4.483333333333333,8.266666666666667
P005,0.0,0.0,0.0,0.0,0.0,0.0,0.0,0.0,0.0,0.0,0.238998,10.0,816.8690169999999,19.0,0.0,22.0,0.0,22.0,0.0,22.0,0.0,22.0,0.0,22.0,0.0,22.0,0.0,22.0,0.0,22.0,0.0,22.0,0.0,22.0,0.0,22.0,0.0,22.0,0.4851045003909404,5.0,1.0,2.0,19.0,533.0,3.0,2020.0,0.0,0.0,0.0,0.0,0.0,0.0,0.0,0.0,0.0,0.0,0.0,0.0,0.0,0.0,0.0,0.0,0.0,0.0,0.0,0.0,0.0,0.0,0.0,0.0,,0.0,2021-01-03 19:00:00,27218.953,7.560820277777778,4.483333333333333,8.266666666666667
P005,0.0,0.0,0.0,0.0,0.0,0.0,0.0,0.0,0.0,0.0,0.0,0.0,0.0,0.0,0.0,0.0,0.0,0.0,0.0,0.0,0.0,0.0,0.0,0.0,0.0,0.0,0.0,0.0,0.0,0.0,0.0,0.0,0.0,0.0,0.0,0.0,0.0,0.0,0.0,0.0,0.0,0.0,0.0,0.0,0.0,0.0,0.0,0.0,0.0,0.0,0.0,0.0,0.0,0.0,0.0,0.0,0.0,0.0,0.0,0.0,0.0,0.0,0.0,0.0,0.0,0.0,0.0,0.0,0.0,0.0,0.0,,2021-01-03 22:00:00,27218.953,7.560820277777778,4.483333333333333,8.266666666666667
P005,0.0,0.0,0.0,0.0,0.0,0.0,0.0,0.0,0.0,0.0,0.0,0.0,0.0,0.0,0.0,0.0,0.0,0.0,0.0,0.0,0.0,0.0,0.0,0.0,0.0,0.0,0.0,0.0,0.0,0.0,0.0,0.0,0.0,0.0,0.0,0.0,0.0,0.0,0.0,0.0,0.0,0.0,0.0,0.0,0.0,0.0,0.0,0.0,0.0,0.0,0.0,0.0,0.0,0.0,0.0,0.0,0.0,0.0,0.0,0.0,0.0,0.0,0.0,0.0,0.0,0.0,0.0,0.0,0.0,0.0,,0.0,2021-01-03 23:00:00,27218.953,7.560820277777778,4.483333333333333,8.266666666666667
P005,2.0,12.883333333333333,21.35,0.0,0.0,0.0,0.0,0.0,0.0,0.0,117.025993,28.0,2095.719967,46.0,291.5035364627838,333.0,61.78,333.0,291.5035364627838,333.0,0.0,333.0,0.0,333.0,0.0,333.0,0.0,333.0,60.09,333.0,0.0,333.0,0.0,333.0,0.0,333.0,0.0,333.0,0.2477508274515358,31.0,9.0,9.0,315.0,1555.0,52.0,697.0,949.963967,3.0,0.0,0.0,0.0,0.0,0.0,0.0,0.0,0.0,0.0,0.0,0.0,0.0,0.0,0.0,0.0,0.0,0.0,0.0,0.0,0.0,0.0,0.0,0.0,,2021-01-04 11:00:00,20834.174,5.787270555555556,4.3,7.2
P005,1.0,0.0,37.65,0.0,0.0,0.0,0.0,0.0,0.037998,4.0,363.059996,14.0,2045.724954,22.0,119.1726678609848,116.0,25.544,116.0,0.0,116.0,0.0,116.0,0.0,116.0,0.0,116.0,119.1726678609848,116.0,0.0,116.0,0.0,116.0,0.0,116.0,0.0,116.0,25.544,116.0,0.2987580581893401,12.0,4.0,4.0,108.0,1661.0,33.0,453.0,0.0,0.0,0.0,0.0,0.0,0.0,0.0,0.0,0.0,0.0,0.0,0.0,0.0,0.0,0.0,0.0,0.0,0.0,0.0,0.0,0.0,0.0,0.0,0.0,,0.0,2021-01-04 12:00:00,20834.174,5.787270555555556,4.3,7.2
P005,3.0,8.6,12.916666666666666,0.0,0.0,0.0,0.0,6.133333333333334,0.0,0.0,0.0,0.0,2865.929985,5.0,6.708204030990601,12.0,1.43,12.0,0.0,12.0,0.0,12.0,0.0,12.0,0.0,12.0,0.0,12.0,0.0,12.0,0.0,12.0,0.0,12.0,0.0,12.0,0.0,12.0,0.8675632284814612,6.0,2.0,2.0,8.0,773.0,86.0,13.0,0.0,0.0,0.0,0.0,0.0,0.0,0.0,0.0,0.0,0.0,1.0,2.0,0.0,0.0,380.0,1.0,204.0,0.0,0.0,0.0,0.0,0.0,0.0,0.0,0.0,,2021-01-04 14:00:00,20834.174,5.787270555555556,4.3,7.2
P005,1.0,0.0,0.0,0.0,0.0,0.0,0.0,0.0,0.0,0.0,0.511991,21.0,543.8539789999999,54.0,40.26904535293579,78.0,12.898,78.0,0.0,78.0,0.0,78.0,0.0,78.0,0.0,78.0,0.0,78.0,0.0,78.0,0.0,78.0,0.0,78.0,0.0,78.0,0.0,78.0,0.4017726493509475,11.0,4.0,4.0,70.0,74.0,6.0,2068.0,0.129996,9.0,0.052999,1.0,0.0,0.0,0.0,0.0,0.0,0.0,0.0,0.0,0.0,0.0,0.0,0.0,0.0,0.0,0.0,0.0,0.0,0.0,0.0,0.0,,0.0,2021-01-04 15:00:00,20834.174,5.787270555555556,4.3,7.2
P005,0.0,0.0,0.0,0.0,0.0,0.0,0.0,0.0,0.0,0.0,0.0,0.0,0.0,0.0,0.0,2.0,0.0,2.0,0.0,2.0,0.0,2.0,0.0,2.0,0.0,2.0,0.0,2.0,0.0,2.0,0.0,2.0,0.0,2.0,0.0,2.0,0.0,2.0,0.6931471805599453,1.0,1.0,1.0,0.0,0.0,8.0,0.0,0.0,0.0,0.0,0.0,0.0,0.0,0.0,0.0,0.0,0.0,0.0,0.0,0.0,0.0,0.0,0.0,0.0,0.0,0.0,0.0,0.0,0.0,0.0,0.0,0.0,,2021-01-04 16:00:00,20834.174,5.787270555555556,4.3,7.2
P005,0.0,0.0,0.0,0.0,0.0,0.0,0.0,0.0,0.0,0.0,0.0,0.0,0.0,0.0,0.0,0.0,0.0,0.0,0.0,0.0,0.0,0.0,0.0,0.0,0.0,0.0,0.0,0.0,0.0,0.0,0.0,0.0,0.0,0.0,0.0,0.0,0.0,0.0,0.0,0.0,0.0,0.0,0.0,0.0,0.0,0.0,0.0,0.0,0.0,0.0,0.0,0.0,0.0,0.0,0.0,0.0,0.0,0.0,0.0,0.0,0.0,0.0,0.0,0.0,0.0,0.0,0.0,0.0,0.0,0.0,,0.0,2021-01-04 17:00:00,20834.174,5.787270555555556,4.3,7.2
P005,0.0,0.0,0.0,0.0,0.0,0.0,0.0,0.0,0.0,0.0,0.0,0.0,0.0,0.0,0.0,0.0,0.0,0.0,0.0,0.0,0.0,0.0,0.0,0.0,0.0,0.0,0.0,0.0,0.0,0.0,0.0,0.0,0.0,0.0,0.0,0.0,0.0,0.0,0.0,0.0,0.0,0.0,0.0,0.0,0.0,0.0,0.0,0.0,0.0,0.0,0.0,0.0,0.0,0.0,0.0,0.0,0.0,0.0,0.0,0.0,0.0,0.0,0.0,0.0,0.0,0.0,0.0,0.0,0.0,0.0,0.0,,2021-01-04 18:00:00,20834.174,5.787270555555556,4.3,7.2
P005,0.0,0.0,0.0,0.0,0.0,0.0,0.0,0.0,0.0,0.0,0.0,0.0,0.0,0.0,0.0,0.0,0.0,0.0,0.0,0.0,0.0,0.0,0.0,0.0,0.0,0.0,0.0,0.0,0.0,0.0,0.0,0.0,0.0,0.0,0.0,0.0,0.0,0.0,0.0,0.0,0.0,0.0,0.0,0.0,0.0,0.0,0.0,0.0,0.0,0.0,0.0,0.0,0.0,0.0,0.0,0.0,0.0,0.0,0.0,0.0,0.0,0.0,0.0,0.0,0.0,0.0,0.0,0.0,0.0,0.0,0.0,0.0,2021-01-04 19:00:00,20834.174,5.787270555555556,4.3,7.2
P005,0.0,0.0,0.0,0.0,0.0,0.0,0.0,0.0,0.0,0.0,0.0,0.0,0.0,0.0,0.0,0.0,0.0,0.0,0.0,0.0,0.0,0.0,0.0,0.0,0.0,0.0,0.0,0.0,0.0,0.0,0.0,0.0,0.0,0.0,0.0,0.0,0.0,0.0,0.0,0.0,0.0,0.0,0.0,0.0,0.0,0.0,0.0,0.0,0.0,0.0,0.0,0.0,0.0,0.0,0.0,0.0,0.0,0.0,0.0,0.0,0.0,0.0,0.0,0.0,0.0,0.0,0.0,0.0,0.0,0.0,0.0,0.0,2021-01-04 20:00:00,20834.174,5.787270555555556,4.3,7.2
P005,0.0,0.0,0.0,0.0,0.0,0.0,0.0,0.0,0.0,0.0,245.157987,17.0,413.301983,25.0,0.0,33.0,0.0,33.0,0.0,33.0,0.0,33.0,0.0,33.0,0.0,33.0,0.0,33.0,0.0,33.0,0.0,33.0,0.0,33.0,0.0,33.0,0.0,33.0,0.7218939096281729,11.0,4.0,4.0,25.0,251.0,10.0,1880.0,0.0,0.0,166.934,1.0,0.0,0.0,0.0,0.0,0.0,0.0,0.0,0.0,0.0,0.0,0.0,0.0,0.0,0.0,0.0,0.0,0.0,0.0,0.0,0.0,,0.0,2021-01-04 21:00:00,20834.174,5.787270555555556,4.3,7.2
P005,0.0,0.0,0.0,0.0,0.0,0.0,0.0,0.0,0.0,0.0,0.0,0.0,0.0,0.0,0.0,0.0,0.0,0.0,0.0,0.0,0.0,0.0,0.0,0.0,0.0,0.0,0.0,0.0,0.0,0.0,0.0,0.0,0.0,0.0,0.0,0.0,0.0,0.0,0.0,0.0,0.0,0.0,0.0,0.0,0.0,0.0,0.0,0.0,0.0,0.0,0.0,0.0,0.0,0.0,0.0,0.0,0.0,0.0,0.0,0.0,0.0,0.0,0.0,0.0,0.0,0.0,0.0,0.0,0.0,0.0,1.0,,2021-01-04 22:00:00,20834.174,5.787270555555556,4.3,7.2
P005,0.0,0.0,0.0,0.0,0.0,0.0,0.0,0.0,0.0,0.0,0.0,0.0,0.0,0.0,0.0,0.0,0.0,0.0,0.0,0.0,0.0,0.0,0.0,0.0,0.0,0.0,0.0,0.0,0.0,0.0,0.0,0.0,0.0,0.0,0.0,0.0,0.0,0.0,0.0,0.0,0.0,0.0,0.0,0.0,0.0,0.0,0.0,0.0,0.0,0.0,0.0,0.0,0.0,0.0,0.0,0.0,0.0,0.0,0.0,0.0,0.0,0.0,0.0,0.0,0.0,0.0,0.0,0.0,0.0,0.0,,1.0,2021-01-04 23:00:00,20834.174,5.787270555555556,4.3,7.2
P005,4.0,43.9,6.816666666666666,2.15,5.8,0.0,0.0,0.0,0.0,0.0,333.817989,20.0,3478.7190770000007,25.0,121.4019832611084,134.0,15.991,134.0,121.4019832611084,134.0,0.0,134.0,0.0,134.0,0.0,134.0,0.0,134.0,15.991,134.0,0.0,134.0,0.0,134.0,0.0,134.0,0.0,134.0,0.4876420047241185,26.0,9.0,9.0,116.0,3415.0,26.0,98.0,0.006,1.0,0.0,0.0,0.0,0.0,0.0,0.0,0.0,0.0,1.0,0.0,0.0,1.0,0.0,0.0,0.0,0.0,0.0,0.0,0.0,0.0,0.0,0.0,0.0,,2021-01-05 11:00:00,12839.218,3.566449444444445,5.433333333333334,7.216666666666667
P005,1.0,0.0,55.016666666666666,0.0,0.0,0.0,0.0,0.0,0.0,0.0,461.33199700000006,12.0,3403.91206,22.0,0.0,42.0,0.0,42.0,0.0,42.0,0.0,42.0,0.0,42.0,0.0,42.0,0.0,42.0,0.0,42.0,0.0,42.0,0.0,42.0,0.0,42.0,0.0,42.0,1.0220830508128,32.0,10.0,10.0,22.0,3259.0,35.0,91.0,0.0,0.0,0.0,0.0,0.0,0.0,0.0,0.0,0.0,0.0,1.0,1.0,0.0,0.0,469.0,0.0,0.0,0.0,0.0,0.0,0.0,0.0,0.0,0.0,0.0,0.0,2021-01-05 12:00:00,12839.218,3.566449444444445,5.433333333333334,7.216666666666667
P005,1.0,0.0,43.95,0.0,0.0,0.0,0.0,0.0,0.0,0.0,410.083998,11.0,1898.667998,13.0,18.55132818222046,30.0,2.435,30.0,18.55132818222046,30.0,0.0,30.0,0.0,30.0,0.0,30.0,0.0,30.0,2.435,30.0,0.0,30.0,0.0,30.0,0.0,30.0,0.0,30.0,0.8169527750340905,12.0,4.0,5.0,21.0,975.0,341.0,816.0,0.0,0.0,0.0,0.0,0.0,0.0,0.0,0.0,0.0,0.0,1.0,0.0,0.0,0.0,0.0,1.0,1342.0,0.0,0.0,0.0,0.0,0.0,0.0,0.0,0.0,0.0,2021-01-05 13:00:00,12839.218,3.566449444444445,5.433333333333334,7.216666666666667
P005,1.0,0.0,28.98333333333333,0.0,0.0,0.0,0.0,0.0,0.0,0.0,1395.989035,17.0,2139.5300370000004,21.0,54.59885597229004,56.0,10.24,56.0,54.59885597229004,56.0,0.0,56.0,0.0,56.0,0.0,56.0,0.0,56.0,10.24,56.0,0.0,56.0,0.0,56.0,0.0,56.0,0.0,56.0,0.4621336743439957,11.0,4.0,3.0,49.0,1629.0,54.0,1859.0,0.0,0.0,0.0,0.0,0.0,0.0,0.0,0.0,0.0,0.0,0.0,0.0,0.0,0.0,0.0,0.0,0.0,0.0,0.0,0.0,0.0,0.0,0.0,0.0,,0.0,2021-01-05 14:00:00,12839.218,3.566449444444445,5.433333333333334,7.216666666666667
P005,1.0,0.0,3.2666666666666666,0.0,0.0,0.0,0.0,0.0,0.0,0.0,99.315999,3.0,99.315999,3.0,0.0,7.0,0.0,7.0,0.0,7.0,0.0,7.0,0.0,7.0,0.0,7.0,0.0,7.0,0.0,7.0,0.0,7.0,0.0,7.0,0.0,7.0,0.0,7.0,1.078992207877583,5.0,2.0,2.0,3.0,76.0,4.0,3.0,0.0,0.0,0.0,0.0,0.0,0.0,0.0,0.0,0.0,0.0,1.0,1.0,0.0,0.0,285.0,0.0,0.0,0.0,0.0,0.0,0.0,0.0,0.0,0.0,0.0,,2021-01-05 15:00:00,12839.218,3.566449444444445,5.433333333333334,7.216666666666667
P005,0.0,0.0,0.0,0.0,0.0,0.0,0.0,0.0,0.0,0.0,0.0,0.0,0.0,0.0,0.0,0.0,0.0,0.0,0.0,0.0,0.0,0.0,0.0,0.0,0.0,0.0,0.0,0.0,0.0,0.0,0.0,0.0,0.0,0.0,0.0,0.0,0.0,0.0,0.0,0.0,0.0,0.0,0.0,0.0,0.0,0.0,0.0,0.0,0.0,0.0,0.0,0.0,0.0,0.0,0.0,0.0,0.0,0.0,0.0,0.0,0.0,0.0,0.0,0.0,0.0,0.0,0.0,0.0,0.0,0.0,0.0,0.0,2021-01-05 16:00:00,12839.218,3.566449444444445,5.433333333333334,7.216666666666667
P005,3.0,9.133333333333333,1.6,0.0,0.0,0.0,0.0,0.0,0.0,0.0,1166.1139950000002,13.0,2830.405978,26.0,8.7082040309906,33.0,135.396,33.0,4.2360680103302,33.0,0.0,33.0,0.0,33.0,0.0,33.0,0.0,33.0,134.47,33.0,0.0,33.0,0.0,33.0,0.0,33.0,0.0,33.0,0.3625010217396757,6.0,1.0,2.0,30.0,1663.0,14.0,680.0,0.0,0.0,0.0,0.0,0.0,0.0,0.0,0.0,0.0,0.0,1.0,2.0,0.0,0.0,325.0,1.0,191.0,0.0,0.0,0.0,0.0,0.0,0.0,0.0,0.0,0.0,2021-01-05 17:00:00,12839.218,3.566449444444445,5.433333333333334,7.216666666666667
P005,0.0,0.0,0.0,0.0,0.0,0.0,0.0,0.0,0.0,0.0,0.211995,11.0,0.231993,15.0,0.0,18.0,0.0,18.0,0.0,18.0,0.0,18.0,0.0,18.0,0.0,18.0,0.0,18.0,0.0,18.0,0.0,18.0,0.0,18.0,0.0,18.0,0.0,18.0,0.5566469035821068,3.0,2.0,1.0,15.0,4.0,10.0,1030.0,0.0,0.0,0.0,0.0,0.0,0.0,0.0,0.0,0.0,0.0,0.0,0.0,0.0,0.0,0.0,0.0,0.0,0.0,0.0,0.0,0.0,0.0,0.0,0.0,0.0,0.0,2021-01-05 18:00:00,12839.218,3.566449444444445,5.433333333333334,7.216666666666667
P005,0.0,0.0,0.0,0.0,0.0,0.0,0.0,0.0,0.0,0.0,0.0,0.0,0.0,0.0,0.0,0.0,0.0,0.0,0.0,0.0,0.0,0.0,0.0,0.0,0.0,0.0,0.0,0.0,0.0,0.0,0.0,0.0,0.0,0.0,0.0,0.0,0.0,0.0,0.0,0.0,0.0,0.0,0.0,0.0,0.0,0.0,0.0,0.0,0.0,0.0,0.0,0.0,0.0,0.0,0.0,0.0,0.0,0.0,0.0,0.0,0.0,0.0,0.0,0.0,0.0,0.0,0.0,0.0,0.0,0.0,,0.0,2021-01-05 19:00:00,12839.218,3.566449444444445,5.433333333333334,7.216666666666667
P005,0.0,0.0,0.0,0.0,0.0,0.0,0.0,0.0,0.0,0.0,0.0,0.0,0.0,0.0,0.0,0.0,0.0,0.0,0.0,0.0,0.0,0.0,0.0,0.0,0.0,0.0,0.0,0.0,0.0,0.0,0.0,0.0,0.0,0.0,0.0,0.0,0.0,0.0,0.0,0.0,0.0,0.0,0.0,0.0,0.0,0.0,0.0,0.0,0.0,0.0,0.0,0.0,0.0,0.0,0.0,0.0,0.0,0.0,0.0,0.0,0.0,0.0,0.0,0.0,0.0,0.0,0.0,0.0,0.0,0.0,0.0,,2021-01-05 21:00:00,12839.218,3.566449444444445,5.433333333333334,7.216666666666667
P005,0.0,0.0,0.0,0.0,0.0,0.0,0.0,0.0,0.0,0.0,0.0,0.0,0.0,0.0,0.0,0.0,0.0,0.0,0.0,0.0,0.0,0.0,0.0,0.0,0.0,0.0,0.0,0.0,0.0,0.0,0.0,0.0,0.0,0.0,0.0,0.0,0.0,0.0,0.0,0.0,0.0,0.0,0.0,0.0,0.0,0.0,0.0,0.0,0.0,0.0,0.0,0.0,0.0,0.0,0.0,0.0,0.0,0.0,0.0,0.0,0.0,0.0,0.0,0.0,0.0,0.0,0.0,0.0,0.0,0.0,0.0,0.0,2021-01-05 22:00:00,12839.218,3.566449444444445,5.433333333333334,7.216666666666667
P005,0.0,0.0,0.0,0.0,0.0,0.0,0.0,0.0,0.0,0.0,0.0,0.0,0.0,0.0,0.0,0.0,0.0,0.0,0.0,0.0,0.0,0.0,0.0,0.0,0.0,0.0,0.0,0.0,0.0,0.0,0.0,0.0,0.0,0.0,0.0,0.0,0.0,0.0,0.0,0.0,0.0,0.0,0.0,0.0,0.0,0.0,0.0,0.0,0.0,0.0,0.0,0.0,0.0,0.0,0.0,0.0,0.0,0.0,0.0,0.0,0.0,0.0,0.0,0.0,0.0,0.0,0.0,0.0,0.0,0.0,,0.0,2021-01-05 23:00:00,12839.218,3.566449444444445,5.433333333333334,7.216666666666667
P005,3.0,4.133333333333334,0.0,52.06666666666667,0.0,0.0,0.0,0.0,0.014999,2.0,29.962968,56.0,2344.058899,87.0,229.2985781431198,315.0,68.077,315.0,229.2985781431198,315.0,0.0,315.0,0.0,315.0,0.0,315.0,0.0,315.0,68.077,315.0,0.0,315.0,0.0,315.0,0.0,315.0,0.0,315.0,0.2004428384892325,21.0,7.0,6.0,302.0,2324.0,20.0,520.0,0.0,0.0,0.0,0.0,0.0,0.0,0.0,0.0,0.0,0.0,1.0,3.0,0.0,174.0,754.0,1.0,124.0,0.0,0.0,0.0,0.0,0.0,0.0,0.0,0.0,,2021-01-06 11:00:00,15505.947,4.3072075,1.7333333333333334,3.883333333333333
P005,2.0,4.133333333333334,0.0,0.0,0.0,0.0,0.0,9.866666666666667,0.066999,2.0,0.492986,31.0,2375.281981,49.0,1244.590760588646,980.0,184.393,980.0,1240.1186245679855,980.0,0.0,980.0,0.0,980.0,0.0,980.0,0.0,980.0,183.616,980.0,0.0,980.0,0.0,980.0,0.0,980.0,0.0,980.0,0.1043465064274119,24.0,9.0,9.0,962.0,1987.0,58.0,714.0,0.0,0.0,0.0,0.0,0.0,0.0,0.0,0.0,0.0,0.0,2.0,2.0,0.0,155.0,119.0,1.0,385.0,0.0,0.0,0.0,0.0,0.0,0.0,0.0,0.0,0.0,2021-01-06 12:00:00,15505.947,4.3072075,1.7333333333333334,3.883333333333333
P006,1.0,0.0,0.0,0.0,0.0,0.0,0.0,25.266666666666666,1218.11301,18.0,0.016,2.0,1631.00598,52.0,0.0,76.0,0.0,76.0,0.0,76.0,0.0,76.0,0.0,76.0,0.0,76.0,0.0,76.0,0.0,76.0,0.0,76.0,0.0,76.0,0.0,76.0,0.0,76.0,0.8425434329028281,39.0,12.0,12.0,52.0,2.0,58.0,2553.0,0.0,0.0,0.0,0.0,0.0,0.0,0.0,0.0,0.0,1.0,2.0,1.0,14.0,750.0,106.0,1.0,1126.0,0.0,0.0,0.0,0.0,0.0,0.0,0.0,0.0,,2020-12-08 10:00:00,,,,
P006,1.0,0.0,0.0,0.0,0.0,0.0,0.0,8.9,92.746996,6.0,0.182998,6.0,1530.2979899999998,33.0,0.0,43.0,0.0,43.0,0.0,43.0,0.0,43.0,0.0,43.0,0.0,43.0,0.0,43.0,0.0,43.0,0.0,43.0,0.0,43.0,0.0,43.0,0.0,43.0,0.7035459609787984,17.0,5.0,5.0,33.0,0.0,264.0,1149.0,0.0,0.0,0.0,0.0,0.0,0.0,0.0,0.0,0.0,0.0,1.0,1.0,0.0,0.0,111.0,0.0,0.0,0.0,0.0,0.0,0.0,0.0,0.0,0.0,1.0,0.0,2020-12-08 11:00:00,,,,
P006,0.0,0.0,0.0,0.0,0.0,0.0,0.0,0.0,2002.570997,5.0,1057.223021,2.0,3059.853018,8.0,0.0,16.0,0.0,16.0,0.0,16.0,0.0,16.0,0.0,16.0,0.0,16.0,0.0,16.0,0.0,16.0,0.0,16.0,0.0,16.0,0.0,16.0,0.0,16.0,1.039720770839918,12.0,4.0,4.0,8.0,1.0,20.0,1145.0,0.0,0.0,0.0,0.0,0.0,0.0,0.0,0.0,0.0,0.0,0.0,0.0,0.0,0.0,0.0,0.0,0.0,0.0,0.0,0.0,0.0,0.0,0.0,0.0,1.0,1.0,2020-12-08 12:00:00,,,,
P006,1.0,0.0,0.0,0.0,0.0,0.0,0.0,38.9,2739.602979,9.0,0.126994,9.0,2739.884965,29.0,0.0,39.0,0.0,39.0,0.0,39.0,0.0,39.0,0.0,39.0,0.0,39.0,0.0,39.0,0.0,39.0,0.0,39.0,0.0,39.0,0.0,39.0,0.0,39.0,0.7469986155155759,17.0,5.0,5.0,29.0,1.0,88.0,2291.0,0.0,0.0,0.0,0.0,0.0,0.0,0.0,0.0,0.0,0.0,2.0,2.0,0.0,2052.0,346.0,1.0,0.0,0.0,0.0,0.0,0.0,0.0,0.0,0.0,,1.0,2020-12-08 13:00:00,,,,
P006,1.0,0.0,0.0,0.0,0.0,0.0,0.0,3.733333333333333,495.66294199999993,90.0,0.45599,26.0,514.9239249999999,142.0,0.0,153.0,0.0,153.0,0.0,153.0,0.0,153.0,0.0,153.0,0.0,153.0,0.0,153.0,0.0,153.0,0.0,153.0,0.0,153.0,0.0,153.0,0.0,153.0,0.3080510680792468,19.0,6.0,5.0,142.0,0.0,27.0,2144.0,0.0,0.0,0.0,0.0,0.0,0.0,0.0,0.0,0.0,0.0,0.0,0.0,0.0,0.0,0.0,0.0,0.0,0.0,0.0,0.0,1.0,1.0,1.0,286.0,1.0,,2020-12-08 16:00:00,,,,
P006,0.0,0.0,0.0,0.0,0.0,0.0,0.0,0.0,3389.9599850000004,14.0,0.0,0.0,3389.9599850000004,14.0,0.0,40.0,0.0,40.0,0.0,40.0,0.0,40.0,0.0,40.0,0.0,40.0,0.0,40.0,0.0,40.0,0.0,40.0,0.0,40.0,0.0,40.0,0.0,40.0,1.097992306398597,39.0,13.0,13.0,14.0,1.0,76.0,3001.0,0.0,0.0,0.0,0.0,0.0,0.0,0.0,0.0,0.0,0.0,0.0,0.0,0.0,0.0,0.0,0.0,0.0,0.0,0.0,0.0,0.0,0.0,0.0,0.0,1.0,1.0,2020-12-08 17:00:00,,,,
P006,0.0,0.0,0.0,0.0,0.0,0.0,0.0,0.0,0.0,0.0,0.0,0.0,0.0,0.0,0.0,0.0,0.0,0.0,0.0,0.0,0.0,0.0,0.0,0.0,0.0,0.0,0.0,0.0,0.0,0.0,0.0,0.0,0.0,0.0,0.0,0.0,0.0,0.0,0.0,0.0,0.0,0.0,0.0,0.0,0.0,0.0,0.0,0.0,0.0,0.0,0.0,0.0,0.0,0.0,0.0,0.0,0.0,0.0,0.0,0.0,0.0,0.0,0.0,0.0,0.0,0.0,0.0,0.0,0.0,0.0,,1.0,2020-12-08 18:00:00,,,,
P006,0.0,0.0,0.0,0.0,0.0,0.0,0.0,0.0,0.0,0.0,0.0,0.0,0.0,0.0,0.0,0.0,0.0,0.0,0.0,0.0,0.0,0.0,0.0,0.0,0.0,0.0,0.0,0.0,0.0,0.0,0.0,0.0,0.0,0.0,0.0,0.0,0.0,0.0,0.0,0.0,0.0,0.0,0.0,0.0,0.0,0.0,0.0,0.0,0.0,0.0,0.0,0.0,0.0,0.0,0.0,0.0,0.0,0.0,0.0,0.0,0.0,0.0,0.0,0.0,0.0,0.0,0.0,0.0,0.0,0.0,0.0,,2020-12-08 19:00:00,,,,
P006,0.0,0.0,0.0,0.0,0.0,0.0,0.0,0.0,445.298,1.0,0.0,0.0,445.298,1.0,0.0,1.0,0.0,1.0,0.0,1.0,0.0,1.0,0.0,1.0,0.0,1.0,0.0,1.0,0.0,1.0,0.0,1.0,0.0,1.0,0.0,1.0,0.0,1.0,0.0,0.0,0.0,0.0,1.0,0.0,0.0,1.0,0.0,0.0,0.0,0.0,0.0,0.0,0.0,0.0,0.0,0.0,0.0,0.0,0.0,0.0,0.0,0.0,0.0,0.0,0.0,0.0,0.0,0.0,0.0,0.0,,0.0,2020-12-08 20:00:00,,,,
P006,1.0,0.0,0.0,0.0,0.0,0.0,0.0,31.133333333333333,125.243985,20.0,11.299992,15.0,2493.5289740000003,56.0,0.0,69.0,0.0,69.0,0.0,69.0,0.0,69.0,0.0,69.0,0.0,69.0,0.0,69.0,0.0,69.0,0.0,69.0,0.0,69.0,0.0,69.0,0.0,69.0,0.6139380619896668,16.0,6.0,7.0,56.0,267.0,238.0,2614.0,0.0,0.0,0.0,0.0,0.0,0.0,0.0,0.0,0.0,0.0,1.0,0.0,0.0,1.0,0.0,0.0,0.0,0.0,0.0,0.0,0.0,0.0,0.0,0.0,1.0,,2020-12-09 09:00:00,4632.476,1.2867988888888888,21.28333333333333,21.916666666666668
P006,0.0,0.0,0.0,0.0,0.0,0.0,0.0,0.0,948.822001,7.0,0.1139969999999999,7.0,1646.570991,27.0,0.0,45.0,0.0,45.0,0.0,45.0,0.0,45.0,0.0,45.0,0.0,45.0,0.0,45.0,0.0,45.0,0.0,45.0,0.0,45.0,0.0,45.0,0.0,45.0,0.9502705392332348,25.0,9.0,9.0,27.0,3049.0,125.0,210.0,0.0,0.0,0.0,0.0,0.0,0.0,0.0,0.0,0.0,0.0,0.0,0.0,0.0,0.0,0.0,0.0,0.0,0.0,0.0,0.0,0.0,0.0,0.0,0.0,,1.0,2020-12-09 10:00:00,4632.476,1.2867988888888888,21.28333333333333,21.916666666666668
P006,1.0,0.0,0.0,0.0,0.0,0.0,0.0,41.16666666666666,1608.851023,7.0,0.448994,19.0,2018.216017,43.0,0.0,50.0,0.0,50.0,0.0,50.0,0.0,50.0,0.0,50.0,0.0,50.0,0.0,50.0,0.0,50.0,0.0,50.0,0.0,50.0,0.0,50.0,0.0,50.0,0.5005706197220046,11.0,4.0,3.0,43.0,1252.0,16.0,1371.0,0.0,0.0,0.0,0.0,0.0,0.0,0.0,0.0,0.0,0.0,0.0,0.0,0.0,0.0,0.0,0.0,0.0,0.0,0.0,0.0,0.0,0.0,0.0,0.0,0.0,,2020-12-09 11:00:00,4632.476,1.2867988888888888,21.28333333333333,21.916666666666668
P006,1.0,0.0,0.0,0.0,0.0,0.0,0.0,0.0,86.717997,5.0,815.844017,7.0,2848.340013,16.0,0.0,30.0,0.0,30.0,0.0,30.0,0.0,30.0,0.0,30.0,0.0,30.0,0.0,30.0,0.0,30.0,0.0,30.0,0.0,30.0,0.0,30.0,0.0,30.0,1.0143919935751258,18.0,7.0,7.0,16.0,2179.0,510.0,289.0,0.0,0.0,0.0,0.0,0.0,0.0,0.0,0.0,0.0,0.0,1.0,0.0,0.0,0.0,0.0,1.0,994.0,0.0,0.0,0.0,0.0,0.0,0.0,0.0,,0.0,2020-12-09 12:00:00,4632.476,1.2867988888888888,21.28333333333333,21.916666666666668
P006,1.0,0.0,0.0,0.0,0.0,0.0,0.0,3.033333333333333,694.408988,19.0,1.0319679999999998,59.0,695.83195,104.0,0.0,109.0,0.0,109.0,0.0,109.0,0.0,109.0,0.0,109.0,0.0,109.0,0.0,109.0,0.0,109.0,0.0,109.0,0.0,109.0,0.0,109.0,0.0,109.0,0.2170471048178869,10.0,2.0,3.0,104.0,68.0,41.0,2875.0,0.0,0.0,0.0,0.0,0.0,0.0,0.0,0.0,0.0,0.0,0.0,0.0,0.0,0.0,0.0,0.0,0.0,0.0,0.0,0.0,0.0,0.0,0.0,0.0,0.0,,2020-12-09 13:00:00,4632.476,1.2867988888888888,21.28333333333333,21.916666666666668
P006,1.0,0.0,0.0,0.0,0.0,0.0,0.0,26.133333333333333,1634.528993,17.0,0.837982,41.0,1636.119956,106.0,0.0,120.0,0.0,120.0,0.0,120.0,0.0,120.0,0.0,120.0,0.0,120.0,0.0,120.0,0.0,120.0,0.0,120.0,0.0,120.0,0.0,120.0,0.0,120.0,0.4410976922599335,24.0,7.0,7.0,106.0,1600.0,70.0,1712.0,0.3059889999999999,20.0,0.0,0.0,0.0,0.0,0.0,0.0,0.0,0.0,0.0,0.0,0.0,0.0,0.0,0.0,0.0,0.0,0.0,0.0,0.0,0.0,0.0,0.0,,0.0,2020-12-09 14:00:00,4632.476,1.2867988888888888,21.28333333333333,21.916666666666668
P006,1.0,0.0,0.0,0.0,0.0,0.0,0.0,0.0,222.54599400000004,6.0,0.0,0.0,222.943991,13.0,0.0,20.0,0.0,20.0,0.0,20.0,0.0,20.0,0.0,20.0,0.0,20.0,0.0,20.0,0.0,20.0,0.0,20.0,0.0,20.0,0.0,20.0,0.0,20.0,0.8864644756797975,11.0,4.0,3.0,13.0,18.0,7.0,900.0,0.0,0.0,0.0,0.0,0.0,0.0,0.0,0.0,0.0,0.0,0.0,0.0,0.0,0.0,0.0,0.0,0.0,0.0,0.0,0.0,0.0,0.0,0.0,0.0,0.0,,2020-12-09 15:00:00,4632.476,1.2867988888888888,21.28333333333333,21.916666666666668
P006,0.0,0.0,0.0,0.0,0.0,0.0,0.0,0.0,0.0,0.0,0.0,0.0,0.0,0.0,0.0,0.0,0.0,0.0,0.0,0.0,0.0,0.0,0.0,0.0,0.0,0.0,0.0,0.0,0.0,0.0,0.0,0.0,0.0,0.0,0.0,0.0,0.0,0.0,0.0,0.0,0.0,0.0,0.0,0.0,0.0,0.0,0.0,0.0,0.0,0.0,0.0,0.0,0.0,0.0,0.0,0.0,0.0,0.0,0.0,0.0,0.0,0.0,0.0,0.0,0.0,0.0,0.0,0.0,0.0,0.0,1.0,0.0,2020-12-09 16:00:00,4632.476,1.2867988888888888,21.28333333333333,21.916666666666668
P006,0.0,0.0,0.0,0.0,0.0,0.0,0.0,0.0,0.0,0.0,0.0,0.0,0.0,0.0,0.0,0.0,0.0,0.0,0.0,0.0,0.0,0.0,0.0,0.0,0.0,0.0,0.0,0.0,0.0,0.0,0.0,0.0,0.0,0.0,0.0,0.0,0.0,0.0,0.0,0.0,0.0,0.0,0.0,0.0,0.0,0.0,0.0,0.0,0.0,0.0,0.0,0.0,0.0,0.0,0.0,0.0,0.0,0.0,0.0,0.0,0.0,0.0,0.0,0.0,0.0,0.0,0.0,0.0,0.0,0.0,0.0,1.0,2020-12-09 17:00:00,4632.476,1.2867988888888888,21.28333333333333,21.916666666666668
P006,0.0,0.0,0.0,0.0,0.0,0.0,0.0,0.0,0.0,0.0,0.0,0.0,0.0,0.0,0.0,0.0,0.0,0.0,0.0,0.0,0.0,0.0,0.0,0.0,0.0,0.0,0.0,0.0,0.0,0.0,0.0,0.0,0.0,0.0,0.0,0.0,0.0,0.0,0.0,0.0,0.0,0.0,0.0,0.0,0.0,0.0,0.0,0.0,0.0,0.0,0.0,0.0,0.0,0.0,0.0,0.0,0.0,0.0,0.0,0.0,0.0,0.0,0.0,0.0,0.0,0.0,0.0,0.0,0.0,0.0,,0.0,2020-12-09 18:00:00,4632.476,1.2867988888888888,21.28333333333333,21.916666666666668
P006,0.0,0.0,0.0,0.0,0.0,0.0,0.0,0.0,0.0,0.0,0.0,0.0,0.0,0.0,0.0,0.0,0.0,0.0,0.0,0.0,0.0,0.0,0.0,0.0,0.0,0.0,0.0,0.0,0.0,0.0,0.0,0.0,0.0,0.0,0.0,0.0,0.0,0.0,0.0,0.0,0.0,0.0,0.0,0.0,0.0,0.0,0.0,0.0,0.0,0.0,0.0,0.0,0.0,0.0,0.0,0.0,0.0,0.0,0.0,0.0,0.0,0.0,0.0,0.0,0.0,0.0,0.0,0.0,0.0,0.0,0.0,,2020-12-09 19:00:00,4632.476,1.2867988888888888,21.28333333333333,21.916666666666668
P006,0.0,0.0,0.0,0.0,0.0,0.0,0.0,0.0,0.0,0.0,0.0,0.0,0.0,0.0,0.0,0.0,0.0,0.0,0.0,0.0,0.0,0.0,0.0,0.0,0.0,0.0,0.0,0.0,0.0,0.0,0.0,0.0,0.0,0.0,0.0,0.0,0.0,0.0,0.0,0.0,0.0,0.0,0.0,0.0,0.0,0.0,0.0,0.0,0.0,0.0,0.0,0.0,0.0,0.0,0.0,0.0,0.0,0.0,0.0,0.0,0.0,0.0,0.0,0.0,0.0,0.0,0.0,0.0,0.0,0.0,1.0,0.0,2020-12-09 20:00:00,4632.476,1.2867988888888888,21.28333333333333,21.916666666666668
P006,1.0,0.0,0.0,0.0,0.0,0.0,0.0,1.5,0.0,0.0,2.775996,12.0,2863.985994,16.0,0.0,18.0,0.0,18.0,0.0,18.0,0.0,18.0,0.0,18.0,0.0,18.0,0.0,18.0,0.0,18.0,0.0,18.0,0.0,18.0,0.0,18.0,0.0,18.0,0.4258484492385814,2.0,1.0,1.0,16.0,0.0,5.0,196.0,0.0,0.0,0.0,0.0,0.0,0.0,0.0,0.0,0.0,0.0,1.0,1.0,0.0,0.0,122.0,0.0,0.0,0.0,0.0,0.0,0.0,0.0,0.0,0.0,,1.0,2020-12-09 21:00:00,4632.476,1.2867988888888888,21.28333333333333,21.916666666666668
P006,2.0,1.7833333333333334,52.96666666666667,0.0,0.0,0.0,0.0,0.0,3308.7669559999995,25.0,0.428992,18.0,3310.559944,57.0,0.0,71.0,0.0,71.0,0.0,71.0,0.0,71.0,0.0,71.0,0.0,71.0,0.0,71.0,0.0,71.0,0.0,71.0,0.0,71.0,0.0,71.0,0.0,71.0,0.6331493931914034,25.0,7.0,7.0,57.0,6.0,22.0,2331.0,0.0,0.0,0.079,1.0,0.0,0.0,0.0,0.0,0.0,0.0,1.0,1.0,0.0,3181.0,0.0,0.0,0.0,0.0,0.0,0.0,0.0,0.0,0.0,0.0,0.0,,2020-12-10 09:00:00,11831.792,3.286608888888889,2.9333333333333336,4.583333333333333
P006,2.0,0.0,43.21666666666667,0.0,0.0,0.0,0.0,14.466666666666669,2631.919021,23.0,103.791992,14.0,2737.684007,57.0,0.0,78.0,0.0,78.0,0.0,78.0,0.0,78.0,0.0,78.0,0.0,78.0,0.0,78.0,0.0,78.0,0.0,78.0,0.0,78.0,0.0,78.0,0.0,78.0,0.7688034267243112,37.0,10.0,11.0,57.0,1.0,153.0,3366.0,0.0,0.0,0.0,0.0,0.0,0.0,0.0,0.0,0.0,0.0,3.0,2.0,0.0,829.0,549.0,0.0,0.0,0.0,0.0,0.0,0.0,0.0,0.0,0.0,,0.0,2020-12-10 10:00:00,11831.792,3.286608888888889,2.9333333333333336,4.583333333333333
P006,1.0,0.0,25.2,0.0,0.0,0.0,0.0,0.0,3021.982022,7.0,0.175997,4.0,3023.944015,17.0,0.0,24.0,0.0,24.0,0.0,24.0,0.0,24.0,0.0,24.0,0.0,24.0,0.0,24.0,0.0,24.0,0.0,24.0,0.0,24.0,0.0,24.0,0.0,24.0,0.8028187820379636,12.0,4.0,3.0,17.0,1.0,11.0,3085.0,0.0,0.0,0.0,0.0,0.0,0.0,0.0,0.0,0.0,0.0,3.0,2.0,0.0,1728.0,103.0,1.0,741.0,0.0,0.0,0.0,0.0,0.0,0.0,0.0,1.0,,2020-12-10 11:00:00,11831.792,3.286608888888889,2.9333333333333336,4.583333333333333
P006,3.0,1.933333333333333,3.4,0.0,0.0,0.0,0.0,6.983333333333333,2417.353998,8.0,0.292995,13.0,2418.288989,30.0,0.0,35.0,0.0,35.0,0.0,35.0,0.0,35.0,0.0,35.0,0.0,35.0,0.0,35.0,0.0,35.0,0.0,35.0,0.0,35.0,0.0,35.0,0.0,35.0,0.5062608421468743,10.0,2.0,3.0,30.0,0.0,7.0,872.0,0.0,0.0,0.0,0.0,0.0,0.0,0.0,0.0,0.0,0.0,1.0,1.0,0.0,0.0,398.0,0.0,0.0,0.0,0.0,0.0,0.0,0.0,0.0,0.0,0.0,1.0,2020-12-10 12:00:00,11831.792,3.286608888888889,2.9333333333333336,4.583333333333333
P006,1.0,0.0,0.0,0.0,0.0,0.0,0.0,0.0,7.350988000000001,24.0,25.433966,83.0,57.87592199999999,191.0,0.0,191.0,0.0,191.0,0.0,191.0,0.0,191.0,0.0,191.0,0.0,191.0,0.0,191.0,0.0,191.0,0.0,191.0,0.0,191.0,0.0,191.0,0.0,191.0,0.0,0.0,0.0,0.0,191.0,0.0,0.0,3317.0,0.073,5.0,0.209996,9.0,0.0,0.0,0.0,0.0,0.0,0.0,0.0,0.0,0.0,0.0,0.0,1.0,1.0,0.0,0.0,0.0,0.0,0.0,0.0,0.0,,0.0,2020-12-10 13:00:00,11831.792,3.286608888888889,2.9333333333333336,4.583333333333333
P006,1.0,0.0,0.0,0.0,0.0,0.0,0.0,28.216666666666665,678.7410080000001,9.0,0.0,0.0,2343.1600580000004,12.0,0.0,29.0,0.0,29.0,0.0,29.0,0.0,29.0,0.0,29.0,0.0,29.0,0.0,29.0,0.0,29.0,0.0,29.0,0.0,29.0,0.0,29.0,0.0,29.0,1.0835222669892095,26.0,9.0,8.0,12.0,1.0,45.0,2370.0,0.0,0.0,0.0,0.0,0.0,0.0,0.0,0.0,0.0,0.0,1.0,0.0,0.0,1.0,0.0,0.0,0.0,0.0,0.0,0.0,0.0,0.0,0.0,0.0,0.0,,2020-12-10 14:00:00,11831.792,3.286608888888889,2.9333333333333336,4.583333333333333
P006,0.0,0.0,0.0,0.0,0.0,0.0,0.0,0.0,1926.687015,5.0,0.139995,8.0,1926.83601,15.0,0.0,23.0,0.0,23.0,0.0,23.0,0.0,23.0,0.0,23.0,0.0,23.0,0.0,23.0,0.0,23.0,0.0,23.0,0.0,23.0,0.0,23.0,0.0,23.0,0.8871851765599204,12.0,4.0,4.0,15.0,0.0,22.0,733.0,0.0,0.0,0.0,0.0,0.0,0.0,0.0,0.0,0.0,0.0,0.0,0.0,0.0,0.0,0.0,0.0,0.0,0.0,0.0,0.0,0.0,0.0,0.0,0.0,1.0,0.0,2020-12-10 15:00:00,11831.792,3.286608888888889,2.9333333333333336,4.583333333333333
P006,0.0,0.0,0.0,0.0,0.0,0.0,0.0,0.0,1905.270026,3.0,0.0,0.0,1905.270026,3.0,0.0,9.0,0.0,9.0,0.0,9.0,0.0,9.0,0.0,9.0,0.0,9.0,0.0,9.0,0.0,9.0,0.0,9.0,0.0,9.0,0.0,9.0,0.0,9.0,1.0986122886681096,8.0,3.0,3.0,3.0,0.0,18.0,1092.0,0.0,0.0,0.0,0.0,0.0,0.0,0.0,0.0,0.0,0.0,0.0,0.0,0.0,0.0,0.0,0.0,0.0,0.0,0.0,0.0,0.0,0.0,0.0,0.0,,1.0,2020-12-10 16:00:00,11831.792,3.286608888888889,2.9333333333333336,4.583333333333333
P006,0.0,0.0,0.0,0.0,0.0,0.0,0.0,0.0,1468.275,4.0,0.082999,2.0,1468.3579989999998,6.0,0.0,12.0,0.0,12.0,0.0,12.0,0.0,12.0,0.0,12.0,0.0,12.0,0.0,12.0,0.0,12.0,0.0,12.0,0.0,12.0,0.0,12.0,0.0,12.0,1.039720770839918,9.0,3.0,3.0,6.0,0.0,11.0,870.0,0.0,0.0,0.0,0.0,0.0,0.0,0.0,0.0,0.0,0.0,0.0,0.0,0.0,0.0,0.0,0.0,0.0,0.0,0.0,0.0,0.0,0.0,0.0,0.0,1.0,,2020-12-10 18:00:00,11831.792,3.286608888888889,2.9333333333333336,4.583333333333333
P006,0.0,0.0,0.0,0.0,0.0,0.0,0.0,0.0,0.0,0.0,0.0,0.0,0.0,0.0,0.0,0.0,0.0,0.0,0.0,0.0,0.0,0.0,0.0,0.0,0.0,0.0,0.0,0.0,0.0,0.0,0.0,0.0,0.0,0.0,0.0,0.0,0.0,0.0,0.0,0.0,0.0,0.0,0.0,0.0,0.0,0.0,0.0,0.0,0.0,0.0,0.0,0.0,0.0,0.0,0.0,0.0,0.0,0.0,0.0,0.0,0.0,0.0,0.0,0.0,0.0,0.0,0.0,0.0,0.0,0.0,,1.0,2020-12-10 19:00:00,11831.792,3.286608888888889,2.9333333333333336,4.583333333333333
P006,0.0,0.0,0.0,0.0,0.0,0.0,0.0,0.0,2008.650996,15.0,70.111999,2.0,2079.963974,63.0,0.0,85.0,0.0,85.0,0.0,85.0,0.0,85.0,0.0,85.0,0.0,85.0,0.0,85.0,0.0,85.0,0.0,85.0,0.0,85.0,0.0,85.0,0.0,85.0,0.7512255651464258,37.0,11.0,11.0,63.0,1.0,40.0,2611.0,0.0,0.0,0.0,0.0,0.0,0.0,0.0,0.0,0.0,0.0,0.0,0.0,0.0,0.0,0.0,0.0,0.0,0.0,0.0,0.0,0.0,0.0,0.0,0.0,1.0,,2020-12-11 09:00:00,23351.183,6.486439722222222,0.3,3.55
P006,3.0,2.283333333333333,1.4666666666666666,0.0,0.0,0.0,0.0,3.2333333333333334,2858.133963,28.0,105.76498999999998,21.0,2964.2919490000004,57.0,0.0,95.0,0.0,95.0,0.0,95.0,0.0,95.0,0.0,95.0,0.0,95.0,0.0,95.0,0.0,95.0,0.0,95.0,0.0,95.0,0.0,95.0,0.0,95.0,0.9502705392332348,60.0,19.0,19.0,57.0,13.0,135.0,2951.0,0.0,0.0,0.0,0.0,0.0,0.0,0.0,0.0,0.0,0.0,1.0,1.0,0.0,0.0,305.0,0.0,0.0,0.0,0.0,0.0,0.0,0.0,2.0,26.0,,1.0,2020-12-11 10:00:00,23351.183,6.486439722222222,0.3,3.55
P006,2.0,0.0,1.75,0.0,0.0,0.0,0.0,10.633333333333333,1310.692004,17.0,1.0709760000000002,60.0,1311.8049779999997,83.0,0.0,101.0,0.0,101.0,0.0,101.0,0.0,101.0,0.0,101.0,0.0,101.0,0.0,101.0,0.0,101.0,0.0,101.0,0.0,101.0,0.0,101.0,0.0,101.0,0.5922114788296795,29.0,9.0,9.0,83.0,0.0,119.0,1797.0,0.0,0.0,0.0,0.0,0.0,0.0,0.0,0.0,0.0,1.0,3.0,3.0,219.0,305.0,516.0,1.0,535.0,0.0,0.0,0.0,0.0,0.0,0.0,0.0,1.0,,2020-12-11 11:00:00,23351.183,6.486439722222222,0.3,3.55
P006,1.0,0.0,23.933333333333334,0.0,0.0,0.0,0.0,0.0,1232.801995,33.0,284.616992,49.0,1538.2839780000002,113.0,0.0,127.0,0.0,127.0,0.0,127.0,0.0,127.0,0.0,127.0,0.0,127.0,0.0,127.0,0.0,127.0,0.0,127.0,0.0,127.0,0.0,127.0,0.0,127.0,0.423418853377734,23.0,7.0,7.0,113.0,1.0,32.0,2345.0,7.135,1.0,0.0,0.0,0.0,0.0,0.0,0.0,0.0,0.0,2.0,2.0,0.0,1287.0,238.0,1.0,187.0,0.0,0.0,0.0,0.0,0.0,0.0,0.0,,1.0,2020-12-11 12:00:00,23351.183,6.486439722222222,0.3,3.55
P006,1.0,0.0,0.0,0.0,0.0,0.0,0.0,1.9833333333333327,1626.1850430000002,10.0,0.419992,18.0,1735.557029,53.0,0.0,68.0,0.0,68.0,0.0,68.0,0.0,68.0,0.0,68.0,0.0,68.0,0.0,68.0,0.0,68.0,0.0,68.0,0.0,68.0,0.0,68.0,0.0,68.0,0.6800610170130429,23.0,8.0,7.0,53.0,0.0,38.0,2346.0,0.0,0.0,0.0,0.0,0.0,0.0,0.0,0.0,0.0,0.0,0.0,0.0,0.0,0.0,0.0,0.0,0.0,0.0,0.0,0.0,0.0,0.0,0.0,0.0,0.0,,2020-12-11 15:00:00,23351.183,6.486439722222222,0.3,3.55
P006,0.0,0.0,0.0,0.0,0.0,0.0,0.0,0.0,0.0,0.0,0.0,0.0,0.0,0.0,0.0,0.0,0.0,0.0,0.0,0.0,0.0,0.0,0.0,0.0,0.0,0.0,0.0,0.0,0.0,0.0,0.0,0.0,0.0,0.0,0.0,0.0,0.0,0.0,0.0,0.0,0.0,0.0,0.0,0.0,0.0,0.0,0.0,0.0,0.0,0.0,0.0,0.0,0.0,0.0,0.0,0.0,0.0,0.0,0.0,0.0,0.0,0.0,0.0,0.0,0.0,0.0,0.0,0.0,0.0,0.0,,0.0,2020-12-11 16:00:00,23351.183,6.486439722222222,0.3,3.55
P006,0.0,0.0,0.0,0.0,0.0,0.0,0.0,0.0,702.942,2.0,0.0,0.0,702.942,2.0,0.0,6.0,0.0,6.0,0.0,6.0,0.0,6.0,0.0,6.0,0.0,6.0,0.0,6.0,0.0,6.0,0.0,6.0,0.0,6.0,0.0,6.0,0.0,6.0,1.0986122886681096,5.0,2.0,2.0,2.0,1.0,10.0,17.0,0.0,0.0,0.0,0.0,0.0,0.0,0.0,0.0,0.0,0.0,0.0,0.0,0.0,0.0,0.0,0.0,0.0,0.0,0.0,0.0,0.0,0.0,0.0,0.0,1.0,,2020-12-11 20:00:00,23351.183,6.486439722222222,0.3,3.55
P006,1.0,0.0,0.0,0.0,0.0,0.0,0.0,27.116666666666667,2785.524,3.0,0.6219870000000001,22.0,2787.217978,52.0,0.0,55.0,0.0,55.0,0.0,55.0,0.0,55.0,0.0,55.0,0.0,55.0,0.0,55.0,0.0,55.0,0.0,55.0,0.0,55.0,0.0,55.0,0.0,55.0,0.2464064992805779,5.0,1.0,2.0,52.0,0.0,18.0,745.0,0.0,0.0,0.0,0.0,0.0,0.0,0.0,0.0,0.0,0.0,0.0,0.0,0.0,0.0,0.0,0.0,0.0,0.0,0.0,0.0,0.0,0.0,0.0,0.0,,1.0,2020-12-11 21:00:00,23351.183,6.486439722222222,0.3,3.55
P006,1.0,0.0,0.0,0.0,0.0,0.0,0.0,6.733333333333333,764.59899,8.0,24.913999,3.0,3443.349048,16.0,0.0,36.0,0.0,36.0,0.0,36.0,0.0,36.0,0.0,36.0,0.0,36.0,0.0,36.0,0.0,36.0,0.0,36.0,0.0,36.0,0.0,36.0,0.0,36.0,1.0720433435750707,30.0,10.0,10.0,16.0,114.0,203.0,3176.0,0.0,0.0,0.0,0.0,0.0,0.0,0.0,0.0,0.0,0.0,2.0,2.0,0.0,16.0,178.0,0.0,0.0,0.0,0.0,0.0,0.0,0.0,0.0,0.0,1.0,,2020-12-12 09:00:00,8109.323,2.2525897222222224,5.133333333333334,6.25
P006,0.0,0.0,0.0,0.0,0.0,0.0,0.0,0.0,1723.184,2.0,0.123996,5.0,1723.307996,7.0,0.0,11.0,0.0,11.0,0.0,11.0,0.0,11.0,0.0,11.0,0.0,11.0,0.0,11.0,0.0,11.0,0.0,11.0,0.0,11.0,0.0,11.0,0.0,11.0,0.9075352941050092,6.0,2.0,2.0,7.0,0.0,19.0,1778.0,0.0,0.0,0.0,0.0,0.0,0.0,0.0,0.0,0.0,0.0,0.0,0.0,0.0,0.0,0.0,0.0,0.0,0.0,0.0,0.0,0.0,0.0,0.0,0.0,,1.0,2020-12-12 10:00:00,8109.323,2.2525897222222224,5.133333333333334,6.25
P006,1.0,0.0,0.0,0.0,0.0,0.0,0.0,0.0,2321.748006,6.0,774.5629929999999,18.0,3096.385996,30.0,0.0,39.0,0.0,39.0,0.0,39.0,0.0,39.0,0.0,39.0,0.0,39.0,0.0,39.0,0.0,39.0,0.0,39.0,0.0,39.0,0.0,39.0,0.0,39.0,0.6987337369882433,15.0,4.0,5.0,30.0,0.0,57.0,2819.0,0.0,0.0,0.0,0.0,0.0,0.0,0.0,0.0,0.0,0.0,0.0,0.0,0.0,0.0,0.0,0.0,0.0,0.0,0.0,0.0,0.0,0.0,0.0,0.0,0.0,,2020-12-12 11:00:00,8109.323,2.2525897222222224,5.133333333333334,6.25
P006,2.0,3.0,0.0,0.0,0.0,0.0,0.0,48.23333333333333,227.17299,19.0,257.327983,20.0,490.313957,75.0,0.0,80.0,0.0,80.0,0.0,80.0,0.0,80.0,0.0,80.0,0.0,80.0,0.0,80.0,0.0,80.0,0.0,80.0,0.0,80.0,0.0,80.0,0.0,80.0,0.2758548878945378,9.0,3.0,2.0,75.0,19.0,53.0,3478.0,0.0,0.0,0.0,0.0,0.0,0.0,0.0,0.0,0.0,0.0,1.0,1.0,0.0,0.0,566.0,0.0,0.0,0.0,0.0,0.0,1.0,1.0,2.0,1790.0,1.0,0.0,2020-12-12 12:00:00,8109.323,2.2525897222222224,5.133333333333334,6.25
P006,0.0,0.0,0.0,0.0,0.0,0.0,0.0,0.0,2575.518959,3.0,0.0,0.0,2885.390947,33.0,0.0,38.0,0.0,38.0,0.0,38.0,0.0,38.0,0.0,38.0,0.0,38.0,0.0,38.0,0.0,38.0,0.0,38.0,0.0,38.0,0.0,38.0,0.0,38.0,0.4779314030022261,9.0,2.0,3.0,33.0,0.0,12.0,3301.0,0.335996,13.0,21.518996,8.0,0.0,0.0,0.0,0.0,0.0,0.0,0.0,0.0,0.0,0.0,0.0,0.0,0.0,0.0,0.0,0.0,0.0,0.0,0.0,0.0,1.0,1.0,2020-12-12 13:00:00,8109.323,2.2525897222222224,5.133333333333334,6.25
P006,1.0,0.0,0.0,0.0,0.0,0.0,0.0,5.45,467.466985,11.0,1.1469710000000002,50.0,471.471937,103.0,0.0,106.0,0.0,106.0,0.0,106.0,0.0,106.0,0.0,106.0,0.0,106.0,0.0,106.0,0.0,106.0,0.0,106.0,0.0,106.0,0.0,106.0,0.0,106.0,0.1468034323311956,5.0,2.0,1.0,103.0,0.0,5.0,2552.0,1.556998,10.0,0.0,0.0,0.0,0.0,0.0,0.0,0.0,0.0,0.0,0.0,0.0,0.0,0.0,0.0,0.0,0.0,0.0,0.0,0.0,0.0,0.0,0.0,,1.0,2020-12-12 14:00:00,8109.323,2.2525897222222224,5.133333333333334,6.25
P006,1.0,0.0,0.0,0.0,0.0,0.0,0.0,0.0,2654.181,2.0,0.303994,9.0,2655.438992,15.0,0.0,17.0,0.0,17.0,0.0,17.0,0.0,17.0,0.0,17.0,0.0,17.0,0.0,17.0,0.0,17.0,0.0,17.0,0.0,17.0,0.0,17.0,0.0,17.0,0.4437572842601484,4.0,1.0,1.0,15.0,0.0,15.0,561.0,0.0,0.0,0.0,0.0,0.0,0.0,0.0,0.0,0.0,0.0,0.0,0.0,0.0,0.0,0.0,0.0,0.0,0.0,0.0,0.0,0.0,0.0,0.0,0.0,1.0,,2020-12-12 15:00:00,8109.323,2.2525897222222224,5.133333333333334,6.25
P006,1.0,0.0,0.0,0.0,0.0,0.0,0.0,12.85,1517.768999,3.0,14.712995,10.0,1594.3059889999995,24.0,0.0,28.0,0.0,28.0,0.0,28.0,0.0,28.0,0.0,28.0,0.0,28.0,0.0,28.0,0.0,28.0,0.0,28.0,0.0,28.0,0.0,28.0,0.0,28.0,0.509137344082687,6.0,2.0,2.0,24.0,1.0,14.0,1124.0,0.0,0.0,0.0,0.0,0.0,0.0,0.0,0.0,0.0,0.0,0.0,0.0,0.0,0.0,0.0,0.0,0.0,0.0,0.0,0.0,0.0,0.0,0.0,0.0,1.0,1.0,2020-12-12 16:00:00,8109.323,2.2525897222222224,5.133333333333334,6.25
P006,1.0,0.0,0.0,0.0,0.0,0.0,0.0,0.0,2583.657998,7.0,0.0,0.0,2583.657998,7.0,0.0,21.0,0.0,21.0,0.0,21.0,0.0,21.0,0.0,21.0,0.0,21.0,0.0,21.0,0.0,21.0,0.0,21.0,0.0,21.0,0.0,21.0,0.0,21.0,1.0986122886681096,20.0,7.0,7.0,7.0,0.0,39.0,22.0,0.0,0.0,0.0,0.0,0.0,0.0,0.0,0.0,0.0,0.0,0.0,0.0,0.0,0.0,0.0,0.0,0.0,0.0,0.0,0.0,0.0,0.0,0.0,0.0,1.0,1.0,2020-12-12 17:00:00,8109.323,2.2525897222222224,5.133333333333334,6.25
P006,0.0,0.0,0.0,0.0,0.0,0.0,0.0,0.0,0.0,0.0,0.0,0.0,0.0,0.0,0.0,0.0,0.0,0.0,0.0,0.0,0.0,0.0,0.0,0.0,0.0,0.0,0.0,0.0,0.0,0.0,0.0,0.0,0.0,0.0,0.0,0.0,0.0,0.0,0.0,0.0,0.0,0.0,0.0,0.0,0.0,0.0,0.0,0.0,0.0,0.0,0.0,0.0,0.0,0.0,0.0,0.0,0.0,0.0,0.0,0.0,0.0,0.0,0.0,0.0,0.0,0.0,0.0,0.0,0.0,0.0,,1.0,2020-12-12 18:00:00,8109.323,2.2525897222222224,5.133333333333334,6.25
P006,0.0,0.0,0.0,0.0,0.0,0.0,0.0,0.0,0.0,0.0,0.0,0.0,0.0,0.0,0.0,0.0,0.0,0.0,0.0,0.0,0.0,0.0,0.0,0.0,0.0,0.0,0.0,0.0,0.0,0.0,0.0,0.0,0.0,0.0,0.0,0.0,0.0,0.0,0.0,0.0,0.0,0.0,0.0,0.0,0.0,0.0,0.0,0.0,0.0,0.0,0.0,0.0,0.0,0.0,0.0,0.0,0.0,0.0,0.0,0.0,0.0,0.0,0.0,0.0,0.0,0.0,0.0,0.0,0.0,0.0,1.0,,2020-12-12 19:00:00,8109.323,2.2525897222222224,5.133333333333334,6.25
P006,0.0,0.0,0.0,0.0,0.0,0.0,0.0,0.0,0.0,0.0,0.0,0.0,0.0,0.0,0.0,0.0,0.0,0.0,0.0,0.0,0.0,0.0,0.0,0.0,0.0,0.0,0.0,0.0,0.0,0.0,0.0,0.0,0.0,0.0,0.0,0.0,0.0,0.0,0.0,0.0,0.0,0.0,0.0,0.0,0.0,0.0,0.0,0.0,0.0,0.0,0.0,0.0,0.0,0.0,0.0,0.0,0.0,0.0,0.0,0.0,0.0,0.0,0.0,0.0,0.0,0.0,0.0,0.0,0.0,0.0,,1.0,2020-12-12 20:00:00,8109.323,2.2525897222222224,5.133333333333334,6.25
P006,1.0,0.0,0.0,0.0,0.0,0.0,0.0,23.816666666666663,629.1050040000001,4.0,0.024999,2.0,629.165002,8.0,0.0,15.0,0.0,15.0,0.0,15.0,0.0,15.0,0.0,15.0,0.0,15.0,0.0,15.0,0.0,15.0,0.0,15.0,0.0,15.0,0.0,15.0,0.0,15.0,1.0096137581740383,11.0,4.0,3.0,8.0,0.0,23.0,639.0,0.0,0.0,0.0,0.0,0.0,0.0,0.0,0.0,0.0,0.0,1.0,1.0,0.0,0.0,110.0,0.0,0.0,0.0,0.0,0.0,0.0,0.0,0.0,0.0,1.0,,2020-12-13 09:00:00,9445.796,2.623832222222222,2.55,3.866666666666666
P006,1.0,0.0,0.0,0.0,0.0,0.0,0.0,40.7,707.278981,18.0,0.046,2.0,707.681976,33.0,0.0,43.0,0.0,43.0,0.0,43.0,0.0,43.0,0.0,43.0,0.0,43.0,0.0,43.0,0.0,43.0,0.0,43.0,0.0,43.0,0.0,43.0,0.0,43.0,0.7035459609787984,14.0,5.0,5.0,33.0,621.0,98.0,2661.0,0.0,0.0,0.0,0.0,0.0,0.0,0.0,0.0,0.0,0.0,0.0,0.0,0.0,0.0,0.0,0.0,0.0,0.0,0.0,0.0,0.0,0.0,0.0,0.0,1.0,1.0,2020-12-13 10:00:00,9445.796,2.623832222222222,2.55,3.866666666666666
P006,1.0,0.0,0.0,0.0,0.0,0.0,0.0,0.0,3469.9090020000003,4.0,0.0,0.0,3469.9340010000005,6.0,0.0,12.0,0.0,12.0,0.0,12.0,0.0,12.0,0.0,12.0,0.0,12.0,0.0,12.0,0.0,12.0,0.0,12.0,0.0,12.0,0.0,12.0,0.0,12.0,1.039720770839918,9.0,3.0,3.0,6.0,0.0,21.0,160.0,0.0,0.0,0.0,0.0,0.0,0.0,0.0,0.0,0.0,0.0,0.0,0.0,0.0,0.0,0.0,0.0,0.0,0.0,0.0,0.0,0.0,0.0,0.0,0.0,1.0,1.0,2020-12-13 11:00:00,9445.796,2.623832222222222,2.55,3.866666666666666
P006,1.0,0.0,0.0,0.0,0.0,0.0,0.0,13.1,1039.674978,5.0,21.058989,28.0,2833.078946,46.0,0.0,54.0,0.0,54.0,0.0,54.0,0.0,54.0,0.0,54.0,0.0,54.0,0.0,54.0,0.0,54.0,0.0,54.0,0.0,54.0,0.0,54.0,0.0,54.0,0.5221718405002467,13.0,4.0,4.0,46.0,0.0,777.0,2043.0,0.0,0.0,0.0,0.0,0.0,0.0,0.0,0.0,0.0,0.0,1.0,1.0,0.0,0.0,68.0,0.0,0.0,0.0,0.0,0.0,0.0,0.0,0.0,0.0,0.0,1.0,2020-12-13 12:00:00,9445.796,2.623832222222222,2.55,3.866666666666666
P006,1.0,0.0,0.0,0.0,0.0,0.0,0.0,0.0,1540.531976,15.0,0.609992,21.0,1541.59596,60.0,0.0,74.0,0.0,74.0,0.0,74.0,0.0,74.0,0.0,74.0,0.0,74.0,0.0,74.0,0.0,74.0,0.0,74.0,0.0,74.0,0.0,74.0,0.0,74.0,0.616181095635245,23.0,7.0,7.0,60.0,0.0,36.0,2353.0,0.0,0.0,0.0,0.0,0.0,0.0,0.0,0.0,0.0,0.0,0.0,0.0,0.0,0.0,0.0,0.0,0.0,0.0,0.0,0.0,0.0,0.0,0.0,0.0,0.0,0.0,2020-12-13 13:00:00,9445.796,2.623832222222222,2.55,3.866666666666666
P006,1.0,0.0,0.0,0.0,0.0,0.0,0.0,0.0,1.703999,1.0,0.0,0.0,1206.9679970000002,4.0,0.0,6.0,0.0,6.0,0.0,6.0,0.0,6.0,0.0,6.0,0.0,6.0,0.0,6.0,0.0,6.0,0.0,6.0,0.0,6.0,0.0,6.0,0.0,6.0,0.8675632284814612,4.0,1.0,1.0,4.0,0.0,14.0,68.0,0.0,0.0,0.0,0.0,0.0,0.0,0.0,0.0,0.0,0.0,0.0,0.0,0.0,0.0,0.0,0.0,0.0,0.0,0.0,0.0,0.0,0.0,0.0,0.0,,0.0,2020-12-13 14:00:00,9445.796,2.623832222222222,2.55,3.866666666666666
P006,0.0,0.0,0.0,0.0,0.0,0.0,0.0,0.0,2294.86294,14.0,155.525995,11.0,2450.50593,33.0,0.0,50.0,0.0,50.0,0.0,50.0,0.0,50.0,0.0,50.0,0.0,50.0,0.0,50.0,0.0,50.0,0.0,50.0,0.0,50.0,0.0,50.0,0.0,50.0,0.8761169442709758,28.0,8.0,9.0,33.0,101.0,181.0,2669.0,0.0,0.0,0.0,0.0,0.0,0.0,0.0,0.0,0.0,0.0,0.0,0.0,0.0,0.0,0.0,0.0,0.0,0.0,0.0,0.0,0.0,0.0,0.0,0.0,0.0,,2020-12-13 15:00:00,9445.796,2.623832222222222,2.55,3.866666666666666
P006,1.0,0.0,0.0,0.0,0.0,0.0,0.0,46.28333333333333,2737.193961,19.0,3.710978,38.0,2741.186935,72.0,0.0,92.0,0.0,92.0,0.0,92.0,0.0,92.0,0.0,92.0,0.0,92.0,0.0,92.0,0.0,92.0,0.0,92.0,0.0,92.0,0.0,92.0,0.0,92.0,0.6742705071682045,32.0,10.0,10.0,72.0,1.0,70.0,3254.0,0.0,0.0,0.0,0.0,0.0,0.0,0.0,0.0,0.0,0.0,0.0,0.0,0.0,0.0,0.0,0.0,0.0,0.0,0.0,0.0,0.0,0.0,0.0,0.0,1.0,0.0,2020-12-13 16:00:00,9445.796,2.623832222222222,2.55,3.866666666666666
P006,1.0,0.0,0.0,0.0,0.0,0.0,0.0,49.1,1208.922978,9.0,0.101,3.0,1210.050977,16.0,0.0,25.0,0.0,25.0,0.0,25.0,0.0,25.0,0.0,25.0,0.0,25.0,0.0,25.0,0.0,25.0,0.0,25.0,0.0,25.0,0.0,25.0,0.0,25.0,0.9007243623687382,14.0,5.0,4.0,16.0,0.0,37.0,1957.0,0.0,0.0,0.0,0.0,0.0,0.0,0.0,0.0,0.0,0.0,0.0,0.0,0.0,0.0,0.0,0.0,0.0,0.0,0.0,0.0,0.0,0.0,0.0,0.0,,1.0,2020-12-13 17:00:00,9445.796,2.623832222222222,2.55,3.866666666666666
P006,0.0,0.0,0.0,0.0,0.0,0.0,0.0,0.0,0.0,0.0,0.0,0.0,0.0,0.0,0.0,0.0,0.0,0.0,0.0,0.0,0.0,0.0,0.0,0.0,0.0,0.0,0.0,0.0,0.0,0.0,0.0,0.0,0.0,0.0,0.0,0.0,0.0,0.0,0.0,0.0,0.0,0.0,0.0,0.0,0.0,0.0,0.0,0.0,0.0,0.0,0.0,0.0,0.0,0.0,0.0,0.0,0.0,0.0,0.0,0.0,0.0,0.0,0.0,0.0,0.0,0.0,0.0,0.0,0.0,0.0,1.0,,2020-12-13 18:00:00,9445.796,2.623832222222222,2.55,3.866666666666666
P006,0.0,0.0,0.0,0.0,0.0,0.0,0.0,0.0,1116.8349990000002,2.0,0.0,0.0,1116.8349990000002,2.0,0.0,4.0,0.0,4.0,0.0,4.0,0.0,4.0,0.0,4.0,0.0,4.0,0.0,4.0,0.0,4.0,0.0,4.0,0.0,4.0,0.0,4.0,0.0,4.0,1.039720770839918,3.0,1.0,1.0,2.0,0.0,9.0,1.0,0.0,0.0,0.0,0.0,0.0,0.0,0.0,0.0,0.0,0.0,0.0,0.0,0.0,0.0,0.0,0.0,0.0,0.0,0.0,0.0,0.0,0.0,0.0,0.0,,1.0,2020-12-13 19:00:00,9445.796,2.623832222222222,2.55,3.866666666666666
P006,0.0,0.0,0.0,0.0,0.0,0.0,0.0,0.0,0.0,0.0,0.0,0.0,0.0,0.0,0.0,0.0,0.0,0.0,0.0,0.0,0.0,0.0,0.0,0.0,0.0,0.0,0.0,0.0,0.0,0.0,0.0,0.0,0.0,0.0,0.0,0.0,0.0,0.0,0.0,0.0,0.0,0.0,0.0,0.0,0.0,0.0,0.0,0.0,0.0,0.0,0.0,0.0,0.0,0.0,0.0,0.0,0.0,0.0,0.0,0.0,0.0,0.0,0.0,0.0,0.0,0.0,0.0,0.0,0.0,0.0,1.0,,2020-12-13 20:00:00,9445.796,2.623832222222222,2.55,3.866666666666666
P006,0.0,0.0,0.0,0.0,0.0,0.0,0.0,0.0,0.0,0.0,0.0,0.0,0.0,0.0,0.0,0.0,0.0,0.0,0.0,0.0,0.0,0.0,0.0,0.0,0.0,0.0,0.0,0.0,0.0,0.0,0.0,0.0,0.0,0.0,0.0,0.0,0.0,0.0,0.0,0.0,0.0,0.0,0.0,0.0,0.0,0.0,0.0,0.0,0.0,0.0,0.0,0.0,0.0,0.0,0.0,0.0,0.0,0.0,0.0,0.0,0.0,0.0,0.0,0.0,0.0,0.0,0.0,0.0,0.0,0.0,,1.0,2020-12-13 21:00:00,9445.796,2.623832222222222,2.55,3.866666666666666
P006,1.0,0.0,0.0,0.0,0.0,0.0,0.0,0.0,702.3210140000001,6.0,64.571999,2.0,2350.679017,10.0,0.0,20.0,0.0,20.0,0.0,20.0,0.0,20.0,0.0,20.0,0.0,20.0,0.0,20.0,0.0,20.0,0.0,20.0,0.0,20.0,0.0,20.0,0.0,20.0,1.039720770839918,17.0,5.0,5.0,10.0,0.0,67.0,2321.0,0.0,0.0,0.0,0.0,0.0,0.0,0.0,0.0,0.0,0.0,0.0,0.0,0.0,0.0,0.0,0.0,0.0,0.0,0.0,0.0,0.0,0.0,0.0,0.0,1.0,,2020-12-14 09:00:00,17248.655,4.791293055555555,2.716666666666667,5.1
P006,1.0,0.0,0.0,0.0,0.0,0.0,0.0,0.0,1326.837,2.0,0.146999,2.0,1326.983999,4.0,0.0,15.0,0.0,15.0,0.0,15.0,0.0,15.0,0.0,15.0,0.0,15.0,0.0,15.0,0.0,15.0,0.0,15.0,0.0,15.0,0.0,15.0,0.0,15.0,1.0851886129676505,13.0,5.0,6.0,4.0,713.0,177.0,1324.0,0.0,0.0,0.0,0.0,0.0,0.0,0.0,0.0,0.0,0.0,0.0,0.0,0.0,0.0,0.0,0.0,0.0,0.0,0.0,0.0,0.0,0.0,0.0,0.0,1.0,1.0,2020-12-14 10:00:00,17248.655,4.791293055555555,2.716666666666667,5.1
P006,1.0,0.0,0.0,0.0,0.0,0.0,0.0,25.53333333333333,0.0,0.0,0.189997,8.0,15.951995,15.0,0.0,21.0,0.0,21.0,0.0,21.0,0.0,21.0,0.0,21.0,0.0,21.0,0.0,21.0,0.0,21.0,0.0,21.0,0.0,21.0,0.0,21.0,0.0,21.0,0.796311640173813,7.0,3.0,3.0,15.0,900.0,54.0,1806.0,0.0,0.0,0.0,0.0,0.0,0.0,0.0,0.0,0.0,0.0,0.0,0.0,0.0,0.0,0.0,0.0,0.0,0.0,0.0,0.0,0.0,0.0,0.0,0.0,,1.0,2020-12-14 11:00:00,17248.655,4.791293055555555,2.716666666666667,5.1
P006,1.0,0.0,0.0,0.0,0.0,0.0,0.0,57.6,20.576994000000003,16.0,0.2499949999999999,13.0,51.798984,42.0,0.0,42.0,0.0,42.0,0.0,42.0,0.0,42.0,0.0,42.0,0.0,42.0,0.0,42.0,0.0,42.0,0.0,42.0,0.0,42.0,0.0,42.0,0.0,42.0,0.0,0.0,0.0,0.0,42.0,0.0,0.0,2966.0,0.0,0.0,0.0,0.0,0.0,0.0,0.0,0.0,0.0,0.0,1.0,1.0,0.0,0.0,182.0,0.0,0.0,0.0,0.0,0.0,0.0,0.0,0.0,0.0,0.0,,2020-12-14 15:00:00,17248.655,4.791293055555555,2.716666666666667,5.1
P006,1.0,0.0,0.0,0.0,0.0,0.0,0.0,51.833333333333336,14.309,2.0,0.0,0.0,14.97,3.0,0.0,6.0,0.0,6.0,0.0,6.0,0.0,6.0,0.0,6.0,0.0,6.0,0.0,6.0,0.0,6.0,0.0,6.0,0.0,6.0,0.0,6.0,0.0,6.0,1.0114042647073518,4.0,2.0,1.0,3.0,0.0,11.0,671.0,0.0,0.0,0.0,0.0,0.0,0.0,0.0,0.0,0.0,0.0,1.0,0.0,0.0,1.0,0.0,0.0,0.0,0.0,0.0,0.0,0.0,0.0,0.0,0.0,1.0,0.0,2020-12-14 16:00:00,17248.655,4.791293055555555,2.716666666666667,5.1
P006,2.0,1.8833333333333333,0.0,0.0,0.0,0.0,0.0,57.21666666666667,0.0,0.0,0.0,0.0,0.0,0.0,0.0,0.0,0.0,0.0,0.0,0.0,0.0,0.0,0.0,0.0,0.0,0.0,0.0,0.0,0.0,0.0,0.0,0.0,0.0,0.0,0.0,0.0,0.0,0.0,0.0,0.0,0.0,0.0,0.0,0.0,0.0,0.0,0.0,0.0,0.0,0.0,0.0,0.0,0.0,0.0,0.0,0.0,0.0,0.0,0.0,0.0,0.0,0.0,0.0,0.0,0.0,0.0,0.0,0.0,0.0,0.0,1.0,1.0,2020-12-14 17:00:00,17248.655,4.791293055555555,2.716666666666667,5.1
P006,1.0,0.0,0.0,0.0,0.0,0.0,0.0,57.1,0.0,0.0,0.0,0.0,3273.626,1.0,0.0,1.0,0.0,1.0,0.0,1.0,0.0,1.0,0.0,1.0,0.0,1.0,0.0,1.0,0.0,1.0,0.0,1.0,0.0,1.0,0.0,1.0,0.0,1.0,0.0,0.0,0.0,0.0,1.0,0.0,0.0,1.0,0.0,0.0,0.0,0.0,0.0,0.0,0.0,0.0,0.0,0.0,0.0,0.0,0.0,0.0,0.0,0.0,0.0,0.0,0.0,0.0,0.0,0.0,0.0,0.0,1.0,1.0,2020-12-14 18:00:00,17248.655,4.791293055555555,2.716666666666667,5.1
P006,1.0,0.0,0.0,0.0,0.0,0.0,0.0,56.16666666666666,0.0,0.0,0.0,0.0,0.0,0.0,0.0,0.0,0.0,0.0,0.0,0.0,0.0,0.0,0.0,0.0,0.0,0.0,0.0,0.0,0.0,0.0,0.0,0.0,0.0,0.0,0.0,0.0,0.0,0.0,0.0,0.0,0.0,0.0,0.0,0.0,0.0,0.0,0.0,0.0,0.0,0.0,0.0,0.0,0.0,0.0,0.0,0.0,0.0,0.0,0.0,0.0,0.0,0.0,0.0,0.0,0.0,0.0,0.0,0.0,0.0,0.0,,1.0,2020-12-14 19:00:00,17248.655,4.791293055555555,2.716666666666667,5.1
P006,0.0,0.0,0.0,0.0,0.0,0.0,0.0,0.0,0.0,0.0,0.0,0.0,0.0,0.0,0.0,0.0,0.0,0.0,0.0,0.0,0.0,0.0,0.0,0.0,0.0,0.0,0.0,0.0,0.0,0.0,0.0,0.0,0.0,0.0,0.0,0.0,0.0,0.0,0.0,0.0,0.0,0.0,0.0,0.0,0.0,0.0,0.0,0.0,0.0,0.0,0.0,0.0,0.0,0.0,0.0,0.0,0.0,0.0,0.0,0.0,0.0,0.0,0.0,0.0,0.0,0.0,0.0,0.0,0.0,0.0,1.0,,2020-12-15 09:00:00,13556.415,3.7656708333333335,4.3,6.183333333333334
P006,1.0,0.0,0.0,0.0,0.0,0.0,0.0,22.766666666666666,1677.450966,4.0,0.0839989999999999,5.0,1677.534965,9.0,208.5617333650589,85.0,51.466,85.0,208.5617333650589,85.0,0.0,85.0,0.0,85.0,0.0,85.0,0.0,85.0,51.466,85.0,0.0,85.0,0.0,85.0,0.0,85.0,0.0,85.0,0.3040859144091005,8.0,3.0,3.0,79.0,534.0,255.0,709.0,0.0,0.0,0.0,0.0,0.0,0.0,0.0,0.0,0.0,0.0,1.0,1.0,0.0,0.0,20.0,0.0,0.0,0.0,0.0,0.0,0.0,0.0,0.0,0.0,,1.0,2020-12-15 10:00:00,13556.415,3.7656708333333335,4.3,6.183333333333334
P006,1.0,0.0,0.0,0.0,0.0,0.0,0.0,24.23333333333333,1350.8979989999998,7.0,0.287996,12.0,1351.325993,26.0,3798.5776286125183,1067.0,367.303,1067.0,3798.5776286125183,1067.0,0.0,1067.0,0.0,1067.0,0.0,1067.0,0.0,1067.0,367.303,1067.0,0.0,1067.0,0.0,1067.0,0.0,1067.0,0.0,1067.0,0.0493537293890555,12.0,4.0,4.0,1059.0,115.0,14.0,1182.0,0.0,0.0,0.0,0.0,0.0,0.0,0.0,0.0,0.0,0.0,1.0,1.0,0.0,0.0,86.0,0.0,0.0,0.0,0.0,0.0,0.0,0.0,0.0,0.0,1.0,,2020-12-15 11:00:00,13556.415,3.7656708333333335,4.3,6.183333333333334
P006,1.0,0.0,0.0,0.0,0.0,0.0,0.0,15.833333333333334,2102.865999,2.0,940.523005,23.0,3043.907999,39.0,423.4948978424072,169.0,26.129,169.0,423.4948978424072,169.0,0.0,169.0,0.0,169.0,0.0,169.0,0.0,169.0,26.129,169.0,0.0,169.0,0.0,169.0,0.0,169.0,0.0,169.0,0.1532109907201577,8.0,2.0,3.0,164.0,921.0,24.0,256.0,0.032,1.0,0.0,0.0,0.0,0.0,0.0,0.0,0.0,0.0,0.0,0.0,0.0,0.0,0.0,0.0,0.0,0.0,0.0,0.0,0.0,0.0,0.0,0.0,,1.0,2020-12-15 12:00:00,13556.415,3.7656708333333335,4.3,6.183333333333334
P006,1.0,0.0,0.0,0.0,0.0,0.0,0.0,0.0,0.0,0.0,0.0,0.0,0.0,0.0,0.0,0.0,0.0,0.0,0.0,0.0,0.0,0.0,0.0,0.0,0.0,0.0,0.0,0.0,0.0,0.0,0.0,0.0,0.0,0.0,0.0,0.0,0.0,0.0,0.0,0.0,0.0,0.0,0.0,0.0,0.0,0.0,0.0,0.0,0.0,0.0,0.0,0.0,0.0,0.0,0.0,0.0,0.0,0.0,0.0,0.0,0.0,0.0,0.0,0.0,0.0,0.0,0.0,0.0,0.0,0.0,1.0,,2020-12-15 18:00:00,13556.415,3.7656708333333335,4.3,6.183333333333334
P006,0.0,0.0,0.0,0.0,0.0,0.0,0.0,0.0,0.0,0.0,0.0,0.0,0.0,0.0,0.0,0.0,0.0,0.0,0.0,0.0,0.0,0.0,0.0,0.0,0.0,0.0,0.0,0.0,0.0,0.0,0.0,0.0,0.0,0.0,0.0,0.0,0.0,0.0,0.0,0.0,0.0,0.0,0.0,0.0,0.0,0.0,0.0,0.0,0.0,0.0,0.0,0.0,0.0,0.0,0.0,0.0,0.0,0.0,0.0,0.0,0.0,0.0,0.0,0.0,0.0,0.0,0.0,0.0,0.0,0.0,,1.0,2020-12-15 19:00:00,13556.415,3.7656708333333335,4.3,6.183333333333334
P006,0.0,0.0,0.0,0.0,0.0,0.0,0.0,0.0,0.0,0.0,0.0,0.0,0.0,0.0,0.0,0.0,0.0,0.0,0.0,0.0,0.0,0.0,0.0,0.0,0.0,0.0,0.0,0.0,0.0,0.0,0.0,0.0,0.0,0.0,0.0,0.0,0.0,0.0,0.0,0.0,0.0,0.0,0.0,0.0,0.0,0.0,0.0,0.0,0.0,0.0,0.0,0.0,0.0,0.0,0.0,0.0,0.0,0.0,0.0,0.0,0.0,0.0,0.0,0.0,0.0,0.0,0.0,0.0,0.0,0.0,1.0,,2020-12-16 10:00:00,26317.679,7.310466388888889,1.1833333333333331,4.833333333333333
P006,0.0,0.0,0.0,0.0,0.0,0.0,0.0,0.0,0.0,0.0,0.0,0.0,0.0,0.0,0.0,0.0,0.0,0.0,0.0,0.0,0.0,0.0,0.0,0.0,0.0,0.0,0.0,0.0,0.0,0.0,0.0,0.0,0.0,0.0,0.0,0.0,0.0,0.0,0.0,0.0,0.0,0.0,0.0,0.0,0.0,0.0,0.0,0.0,0.0,0.0,0.0,0.0,0.0,0.0,0.0,0.0,0.0,0.0,0.0,0.0,0.0,0.0,0.0,0.0,0.0,0.0,0.0,0.0,0.0,0.0,,1.0,2020-12-16 11:00:00,26317.679,7.310466388888889,1.1833333333333331,4.833333333333333
P006,0.0,0.0,0.0,0.0,0.0,0.0,0.0,0.0,0.0,0.0,0.0,0.0,0.0,0.0,0.0,0.0,0.0,0.0,0.0,0.0,0.0,0.0,0.0,0.0,0.0,0.0,0.0,0.0,0.0,0.0,0.0,0.0,0.0,0.0,0.0,0.0,0.0,0.0,0.0,0.0,0.0,0.0,0.0,0.0,0.0,0.0,0.0,0.0,0.0,0.0,0.0,0.0,0.0,0.0,0.0,0.0,0.0,0.0,0.0,0.0,0.0,0.0,0.0,0.0,0.0,0.0,0.0,0.0,0.0,0.0,1.0,,2020-12-17 18:00:00,19369.49,5.3804138888888895,2.6166666666666667,5.3
P006,0.0,0.0,0.0,0.0,0.0,0.0,0.0,0.0,0.0,0.0,0.0,0.0,0.0,0.0,0.0,0.0,0.0,0.0,0.0,0.0,0.0,0.0,0.0,0.0,0.0,0.0,0.0,0.0,0.0,0.0,0.0,0.0,0.0,0.0,0.0,0.0,0.0,0.0,0.0,0.0,0.0,0.0,0.0,0.0,0.0,0.0,0.0,0.0,0.0,0.0,0.0,0.0,0.0,0.0,0.0,0.0,0.0,0.0,0.0,0.0,0.0,0.0,0.0,0.0,0.0,0.0,0.0,0.0,0.0,0.0,,1.0,2020-12-17 19:00:00,19369.49,5.3804138888888895,2.6166666666666667,5.3
P006,1.0,0.0,0.0,0.0,0.0,0.0,0.0,29.616666666666667,887.3849890000001,15.0,3.6669770000000006,61.0,891.536959,104.0,1961.562623143196,711.0,244.232,711.0,1665.9087015390396,711.0,0.0,711.0,0.0,711.0,0.0,711.0,0.0,711.0,126.062,711.0,0.0,711.0,0.0,711.0,0.0,711.0,0.0,711.0,0.10390328551788,24.0,6.0,7.0,698.0,1.0,45.0,2593.0,0.0,0.0,0.0,0.0,0.0,0.0,0.0,0.0,0.0,0.0,2.0,2.0,0.0,79.0,199.0,0.0,0.0,0.0,0.0,0.0,0.0,0.0,0.0,0.0,1.0,,2020-12-18 11:00:00,,,,
P006,1.0,0.0,0.0,0.0,0.0,0.0,0.0,9.566666666666666,1106.7660009999995,10.0,160.35799,15.0,1269.7079849999998,34.0,73.66984629631042,70.0,16.188,70.0,32.34654474258423,70.0,0.0,70.0,0.0,70.0,0.0,70.0,0.0,70.0,9.596,70.0,0.0,70.0,0.0,70.0,0.0,70.0,0.0,70.0,0.5431744482211265,21.0,6.0,5.0,59.0,1.0,17.0,2738.0,0.0,0.0,0.0,0.0,0.0,0.0,0.0,0.0,0.0,0.0,0.0,0.0,0.0,0.0,0.0,0.0,0.0,0.0,0.0,0.0,1.0,1.0,1.0,1195.0,,1.0,2020-12-18 12:00:00,,,,
P006,0.0,0.0,0.0,0.0,0.0,0.0,0.0,0.0,2603.853965,7.0,0.0,0.0,2603.872964,8.0,0.0,20.0,0.0,20.0,0.0,20.0,0.0,20.0,0.0,20.0,0.0,20.0,0.0,20.0,0.0,20.0,0.0,20.0,0.0,20.0,0.0,20.0,0.0,20.0,1.0888999753452238,18.0,6.0,6.0,8.0,1.0,44.0,2600.0,0.0,0.0,0.0,0.0,0.0,0.0,0.0,0.0,0.0,0.0,0.0,0.0,0.0,0.0,0.0,0.0,0.0,0.0,0.0,0.0,0.0,0.0,0.0,0.0,0.0,,2020-12-18 13:00:00,,,,
P006,1.0,0.0,0.0,0.0,0.0,0.0,0.0,0.0,2453.467998,41.0,0.265995,11.0,2501.639989,63.0,509.65495455265045,248.0,54.581,248.0,448.1899141073227,248.0,0.0,248.0,0.0,248.0,0.0,248.0,44.21434497833252,248.0,40.189,248.0,0.0,248.0,0.0,248.0,0.0,248.0,13.113,248.0,0.3850155396712688,41.0,12.0,12.0,224.0,1.0,55.0,2730.0,0.0,0.0,0.0,0.0,0.0,0.0,0.0,0.0,0.0,0.0,0.0,0.0,0.0,0.0,0.0,0.0,0.0,0.0,0.0,0.0,0.0,0.0,0.0,0.0,0.0,0.0,2020-12-18 14:00:00,,,,
P006,1.0,0.0,0.0,0.0,0.0,0.0,0.0,0.0,2565.695971,5.0,0.194994,9.0,2566.031963,20.0,133.30027067661285,60.0,10.544,60.0,80.32309150695801,60.0,0.0,60.0,0.0,60.0,0.0,60.0,0.0,60.0,5.275,60.0,0.0,60.0,0.0,60.0,0.0,60.0,0.0,60.0,0.3943976914474427,10.0,3.0,3.0,54.0,0.0,10.0,1785.0,0.0,0.0,0.0,0.0,0.0,0.0,0.0,0.0,0.0,0.0,0.0,0.0,0.0,0.0,0.0,0.0,0.0,0.0,0.0,0.0,0.0,0.0,0.0,0.0,,0.0,2020-12-18 15:00:00,,,,
P006,0.0,0.0,0.0,0.0,0.0,0.0,0.0,0.0,0.0,0.0,0.0,0.0,0.0,0.0,0.0,0.0,0.0,0.0,0.0,0.0,0.0,0.0,0.0,0.0,0.0,0.0,0.0,0.0,0.0,0.0,0.0,0.0,0.0,0.0,0.0,0.0,0.0,0.0,0.0,0.0,0.0,0.0,0.0,0.0,0.0,0.0,0.0,0.0,0.0,0.0,0.0,0.0,0.0,0.0,0.0,0.0,0.0,0.0,0.0,0.0,0.0,0.0,0.0,0.0,0.0,0.0,0.0,0.0,0.0,0.0,0.0,,2020-12-18 19:00:00,,,,
P006,0.0,0.0,0.0,0.0,0.0,0.0,0.0,0.0,0.0,0.0,0.0,0.0,0.0,0.0,0.0,0.0,0.0,0.0,0.0,0.0,0.0,0.0,0.0,0.0,0.0,0.0,0.0,0.0,0.0,0.0,0.0,0.0,0.0,0.0,0.0,0.0,0.0,0.0,0.0,0.0,0.0,0.0,0.0,0.0,0.0,0.0,0.0,0.0,0.0,0.0,0.0,0.0,0.0,0.0,0.0,0.0,0.0,0.0,0.0,0.0,0.0,0.0,0.0,0.0,0.0,0.0,0.0,0.0,0.0,0.0,,0.0,2020-12-18 20:00:00,,,,
P006,1.0,0.0,0.0,0.0,0.0,0.0,0.0,17.666666666666668,504.470001,4.0,976.343988,63.0,1481.650984,83.0,3039.205644726753,952.0,197.418,952.0,3039.205644726753,952.0,0.0,952.0,0.0,952.0,0.0,952.0,0.0,952.0,197.418,952.0,0.0,952.0,0.0,952.0,0.0,952.0,0.0,952.0,0.054353421629273,13.0,4.0,4.0,944.0,3.0,82.0,2785.0,0.0,0.0,0.0,0.0,0.0,0.0,0.0,0.0,0.0,0.0,0.0,0.0,0.0,0.0,0.0,0.0,0.0,0.0,0.0,0.0,0.0,0.0,0.0,0.0,1.0,,2020-12-19 10:00:00,12792.547,3.553485277777778,1.9,3.6666666666666665
P006,1.0,0.0,0.0,0.0,0.0,0.0,0.0,0.0,563.663993,22.0,1288.223989,29.0,1860.205976,75.0,1506.3387424945831,531.0,164.093,531.0,1109.2839304208755,531.0,0.0,531.0,0.0,531.0,0.0,531.0,0.0,531.0,101.282,531.0,0.0,531.0,0.0,531.0,0.0,531.0,0.0,531.0,0.1790500059007064,31.0,10.0,9.0,512.0,769.0,76.0,2427.0,0.0,0.0,0.0,0.0,0.0,0.0,0.0,0.0,0.0,0.0,0.0,0.0,0.0,0.0,0.0,0.0,0.0,0.0,0.0,0.0,0.0,0.0,0.0,0.0,1.0,1.0,2020-12-19 11:00:00,12792.547,3.553485277777778,1.9,3.6666666666666665
P006,1.0,0.0,0.0,0.0,0.0,0.0,0.0,29.03333333333333,2050.159973,18.0,21.837993,11.0,2072.171961,39.0,261.6310830116272,146.0,49.773,146.0,261.6310830116272,146.0,0.0,146.0,0.0,146.0,0.0,146.0,0.0,146.0,49.773,146.0,0.0,146.0,0.0,146.0,0.0,146.0,0.0,146.0,0.6503328669041953,48.0,15.0,15.0,116.0,6.0,76.0,3050.0,0.014999,1.0,0.0,0.0,0.0,0.0,0.0,0.0,0.0,0.0,2.0,2.0,0.0,217.0,165.0,0.0,0.0,0.0,0.0,0.0,0.0,0.0,0.0,0.0,,1.0,2020-12-19 12:00:00,12792.547,3.553485277777778,1.9,3.6666666666666665
P006,1.0,0.0,0.0,0.0,0.0,0.0,0.0,36.95,1998.316974,6.0,0.750992,12.0,1999.1819630000005,24.0,38.373334646224976,42.0,2.74,42.0,0.0,42.0,0.0,42.0,0.0,42.0,0.0,42.0,0.0,42.0,0.0,42.0,0.0,42.0,0.0,42.0,0.0,42.0,0.0,42.0,0.5643792263163833,13.0,3.0,4.0,35.0,1.0,25.0,2221.0,0.0,0.0,0.0,0.0,0.0,0.0,0.0,0.0,0.0,0.0,0.0,0.0,0.0,0.0,0.0,0.0,0.0,0.0,0.0,0.0,0.0,0.0,0.0,0.0,1.0,,2020-12-19 14:00:00,12792.547,3.553485277777778,1.9,3.6666666666666665
P006,1.0,0.0,0.0,0.0,0.0,0.0,0.0,53.53333333333333,2072.054933,16.0,0.4899949999999999,21.0,2073.1559179999995,54.0,1165.9490000009537,386.0,80.225,386.0,1157.2168756723404,386.0,0.0,386.0,0.0,386.0,0.0,386.0,8.732124328613281,386.0,71.143,386.0,0.0,386.0,0.0,386.0,0.0,386.0,9.082,386.0,0.1810413697850772,26.0,7.0,7.0,372.0,1.0,26.0,3537.0,0.0,0.0,0.0,0.0,0.0,0.0,0.0,0.0,0.0,0.0,0.0,0.0,0.0,0.0,0.0,0.0,0.0,0.0,0.0,0.0,0.0,0.0,0.0,0.0,1.0,1.0,2020-12-19 15:00:00,12792.547,3.553485277777778,1.9,3.6666666666666665
P006,1.0,0.0,0.0,0.0,0.0,0.0,0.0,34.733333333333334,93.210978,46.0,1.062979,50.0,126.48691800000002,214.0,1149.5598804950714,541.0,396.759,541.0,720.1357442140579,541.0,0.0,541.0,127.39949333667757,541.0,0.0,541.0,195.74415957927704,541.0,112.885,541.0,0.0,541.0,11.495,541.0,0.0,541.0,9.403,541.0,0.0587094053509656,8.0,3.0,2.0,536.0,0.0,21.0,2479.0,1.4509919999999998,19.0,0.8879860000000002,34.0,0.0,0.0,0.0,0.0,0.0,0.0,0.0,0.0,0.0,0.0,0.0,0.0,0.0,0.0,0.0,0.0,2.0,2.0,1.0,726.0,,1.0,2020-12-19 16:00:00,12792.547,3.553485277777778,1.9,3.6666666666666665
P006,0.0,0.0,0.0,0.0,0.0,0.0,0.0,0.0,0.0,0.0,0.0,0.0,0.0,0.0,0.0,0.0,0.0,0.0,0.0,0.0,0.0,0.0,0.0,0.0,0.0,0.0,0.0,0.0,0.0,0.0,0.0,0.0,0.0,0.0,0.0,0.0,0.0,0.0,0.0,0.0,0.0,0.0,0.0,0.0,0.0,0.0,0.0,0.0,0.0,0.0,0.0,0.0,0.0,0.0,0.0,0.0,0.0,0.0,0.0,0.0,0.0,0.0,0.0,0.0,0.0,0.0,0.0,0.0,0.0,0.0,1.0,,2020-12-19 18:00:00,12792.547,3.553485277777778,1.9,3.6666666666666665
P006,0.0,0.0,0.0,0.0,0.0,0.0,0.0,0.0,0.0,0.0,0.0,0.0,0.0,0.0,0.0,0.0,0.0,0.0,0.0,0.0,0.0,0.0,0.0,0.0,0.0,0.0,0.0,0.0,0.0,0.0,0.0,0.0,0.0,0.0,0.0,0.0,0.0,0.0,0.0,0.0,0.0,0.0,0.0,0.0,0.0,0.0,0.0,0.0,0.0,0.0,0.0,0.0,0.0,0.0,0.0,0.0,0.0,0.0,0.0,0.0,0.0,0.0,0.0,0.0,0.0,0.0,0.0,0.0,0.0,0.0,0.0,1.0,2020-12-19 19:00:00,12792.547,3.553485277777778,1.9,3.6666666666666665
P006,0.0,0.0,0.0,0.0,0.0,0.0,0.0,0.0,0.0,0.0,0.0,0.0,0.0,0.0,0.0,0.0,0.0,0.0,0.0,0.0,0.0,0.0,0.0,0.0,0.0,0.0,0.0,0.0,0.0,0.0,0.0,0.0,0.0,0.0,0.0,0.0,0.0,0.0,0.0,0.0,0.0,0.0,0.0,0.0,0.0,0.0,0.0,0.0,0.0,0.0,0.0,0.0,0.0,0.0,0.0,0.0,0.0,0.0,0.0,0.0,0.0,0.0,0.0,0.0,0.0,0.0,0.0,0.0,0.0,0.0,,0.0,2020-12-19 20:00:00,12792.547,3.553485277777778,1.9,3.6666666666666665
P006,1.0,0.0,0.0,0.0,0.0,0.0,0.0,43.5,2942.9039499999994,22.0,87.63400299999999,5.0,3030.81395,36.0,403.3750447034836,206.0,32.992,206.0,403.3750447034836,206.0,0.0,206.0,0.0,206.0,0.0,206.0,0.0,206.0,32.992,206.0,0.0,206.0,0.0,206.0,0.0,206.0,0.0,206.0,0.6164006700088029,60.0,20.0,19.0,167.0,2875.0,171.0,148.0,0.013,1.0,0.0,0.0,0.0,0.0,0.0,0.0,0.0,0.0,0.0,0.0,0.0,0.0,0.0,0.0,0.0,0.0,0.0,0.0,0.0,0.0,0.0,0.0,1.0,,2020-12-20 11:00:00,20326.359,5.646210833333334,2.35,5.166666666666667
P006,1.0,0.0,0.0,0.0,0.0,0.0,0.0,17.55,1110.490008,9.0,2041.78398,15.0,3152.2849870000005,25.0,266.45732963085175,117.0,49.429,117.0,266.45732963085175,117.0,0.0,117.0,0.0,117.0,0.0,117.0,0.0,117.0,49.429,117.0,0.0,117.0,0.0,117.0,0.0,117.0,0.0,117.0,0.3511733842698505,17.0,5.0,5.0,107.0,2080.0,36.0,358.0,0.0,0.0,0.0,0.0,0.0,0.0,0.0,0.0,0.0,0.0,1.0,2.0,0.0,955.0,52.0,0.0,0.0,0.0,0.0,0.0,1.0,1.0,1.0,18.0,,1.0,2020-12-20 12:00:00,20326.359,5.646210833333334,2.35,5.166666666666667
P006,2.0,0.0,20.0,0.0,0.0,0.0,0.0,39.2,2905.077985,37.0,0.351995,17.0,2909.958977,64.0,1784.9392083883286,628.0,186.582,628.0,1771.9786978960035,628.0,0.0,628.0,0.0,628.0,0.0,628.0,12.960510492324827,628.0,180.497,628.0,0.0,628.0,0.0,628.0,0.0,628.0,6.085,628.0,0.2536681965689347,66.0,17.0,18.0,593.0,2465.0,246.0,596.0,0.0,0.0,0.0,0.0,0.0,0.0,0.0,0.0,0.0,0.0,4.0,4.0,0.0,495.0,1645.0,0.0,0.0,1.0,111.0,0.0,0.0,0.0,0.0,0.0,1.0,,2020-12-20 13:00:00,20326.359,5.646210833333334,2.35,5.166666666666667
P006,1.0,0.0,0.0,0.0,0.0,0.0,0.0,0.0,48.690994,12.0,92.862978,46.0,193.254951,92.0,1929.9071263074875,686.0,163.345,686.0,1885.257155776024,686.0,0.0,686.0,0.0,686.0,0.0,686.0,0.0,686.0,149.574,686.0,0.0,686.0,0.0,686.0,0.0,686.0,0.0,686.0,0.0219516573850331,4.0,1.0,1.0,684.0,30.0,22.0,3473.0,0.053997,4.0,0.0,0.0,0.0,0.0,0.0,0.0,0.0,0.0,0.0,0.0,0.0,0.0,0.0,0.0,0.0,0.0,0.0,0.0,0.0,0.0,0.0,0.0,,1.0,2020-12-20 14:00:00,20326.359,5.646210833333334,2.35,5.166666666666667
P006,0.0,0.0,0.0,0.0,0.0,0.0,0.0,0.0,90.973999,5.0,134.35197300000002,58.0,400.370969,76.0,1751.1952130794523,624.0,205.287,624.0,1703.1542327404022,624.0,0.0,624.0,0.0,624.0,0.0,624.0,0.0,624.0,193.21,624.0,0.0,624.0,0.0,624.0,0.0,624.0,0.0,624.0,0.0691869035295106,12.0,4.0,3.0,617.0,156.0,82.0,2672.0,0.0,0.0,0.0,0.0,0.0,0.0,0.0,0.0,0.0,0.0,0.0,0.0,0.0,0.0,0.0,0.0,0.0,0.0,0.0,0.0,0.0,0.0,0.0,0.0,1.0,,2020-12-20 15:00:00,20326.359,5.646210833333334,2.35,5.166666666666667
P006,0.0,0.0,0.0,0.0,0.0,0.0,0.0,0.0,0.0,0.0,0.0,0.0,0.0,0.0,0.0,0.0,0.0,0.0,0.0,0.0,0.0,0.0,0.0,0.0,0.0,0.0,0.0,0.0,0.0,0.0,0.0,0.0,0.0,0.0,0.0,0.0,0.0,0.0,0.0,0.0,0.0,0.0,0.0,0.0,0.0,0.0,0.0,0.0,0.0,0.0,0.0,0.0,0.0,0.0,0.0,0.0,0.0,0.0,0.0,0.0,0.0,0.0,0.0,0.0,0.0,0.0,0.0,0.0,0.0,0.0,,1.0,2020-12-20 16:00:00,20326.359,5.646210833333334,2.35,5.166666666666667
P006,0.0,0.0,0.0,0.0,0.0,0.0,0.0,0.0,0.0,0.0,0.0,0.0,0.0,0.0,0.0,0.0,0.0,0.0,0.0,0.0,0.0,0.0,0.0,0.0,0.0,0.0,0.0,0.0,0.0,0.0,0.0,0.0,0.0,0.0,0.0,0.0,0.0,0.0,0.0,0.0,0.0,0.0,0.0,0.0,0.0,0.0,0.0,0.0,0.0,0.0,0.0,0.0,0.0,0.0,0.0,0.0,0.0,0.0,0.0,0.0,0.0,0.0,0.0,0.0,0.0,0.0,0.0,0.0,0.0,0.0,1.0,,2020-12-20 18:00:00,20326.359,5.646210833333334,2.35,5.166666666666667
P006,0.0,0.0,0.0,0.0,0.0,0.0,0.0,0.0,0.0,0.0,0.0,0.0,0.0,0.0,0.0,0.0,0.0,0.0,0.0,0.0,0.0,0.0,0.0,0.0,0.0,0.0,0.0,0.0,0.0,0.0,0.0,0.0,0.0,0.0,0.0,0.0,0.0,0.0,0.0,0.0,0.0,0.0,0.0,0.0,0.0,0.0,0.0,0.0,0.0,0.0,0.0,0.0,0.0,0.0,0.0,0.0,0.0,0.0,0.0,0.0,0.0,0.0,0.0,0.0,0.0,0.0,0.0,0.0,0.0,0.0,1.0,1.0,2020-12-20 19:00:00,20326.359,5.646210833333334,2.35,5.166666666666667
P006,0.0,0.0,0.0,0.0,0.0,0.0,0.0,0.0,0.0,0.0,0.0,0.0,0.0,0.0,0.0,0.0,0.0,0.0,0.0,0.0,0.0,0.0,0.0,0.0,0.0,0.0,0.0,0.0,0.0,0.0,0.0,0.0,0.0,0.0,0.0,0.0,0.0,0.0,0.0,0.0,0.0,0.0,0.0,0.0,0.0,0.0,0.0,0.0,0.0,0.0,0.0,0.0,0.0,0.0,0.0,0.0,0.0,0.0,0.0,0.0,0.0,0.0,0.0,0.0,0.0,0.0,0.0,0.0,0.0,0.0,,1.0,2020-12-20 20:00:00,20326.359,5.646210833333334,2.35,5.166666666666667
P006,1.0,59.45,0.0,0.0,0.0,0.0,0.0,0.0,556.5209869999999,30.0,106.037983,33.0,2190.1868960000006,107.0,223.5313011407852,201.0,26.329,201.0,215.6173986196518,201.0,0.0,201.0,0.0,201.0,0.0,201.0,0.0,201.0,25.308,201.0,0.0,201.0,0.0,201.0,0.0,201.0,0.0,201.0,0.4484976331313157,42.0,12.0,12.0,177.0,1689.0,98.0,1475.0,0.0,0.0,0.0,0.0,0.0,0.0,0.0,0.0,0.0,0.0,0.0,1.0,0.0,0.0,1.0,0.0,0.0,0.0,0.0,0.0,0.0,0.0,2.0,1380.0,0.0,,2020-12-21 10:00:00,20305.612,5.640447777777778,1.6833333333333331,4.5
P006,4.0,20.383333333333333,0.0,23.1,0.0,0.0,0.0,0.0,1699.201997,23.0,284.675988,10.0,2231.9759790000003,53.0,106.0303192138672,125.0,30.031,125.0,83.81183195114136,125.0,0.0,125.0,0.0,125.0,0.0,125.0,6.8007354736328125,125.0,8.46,125.0,0.0,125.0,0.0,125.0,0.0,125.0,10.736,125.0,0.6554693496437062,42.0,13.0,13.0,99.0,2090.0,124.0,527.0,0.0,0.0,0.140999,2.0,0.0,0.0,0.0,0.0,0.0,0.0,3.0,2.0,0.0,405.0,584.0,2.0,1715.0,0.0,0.0,0.0,0.0,0.0,0.0,0.0,0.0,0.0,2020-12-21 11:00:00,20305.612,5.640447777777778,1.6833333333333331,4.5
P006,0.0,0.0,0.0,0.0,0.0,0.0,0.0,0.0,1878.367995,7.0,0.0,0.0,1878.367995,7.0,0.0,19.0,0.0,19.0,0.0,19.0,0.0,19.0,0.0,19.0,0.0,19.0,0.0,19.0,0.0,19.0,0.0,19.0,0.0,19.0,0.0,19.0,0.0,19.0,1.0958871542125534,17.0,6.0,6.0,7.0,77.0,30.0,7.0,0.0,0.0,0.0,0.0,0.0,0.0,0.0,0.0,0.0,0.0,0.0,0.0,0.0,0.0,0.0,0.0,0.0,0.0,0.0,0.0,0.0,0.0,0.0,0.0,,0.0,2020-12-21 12:00:00,20305.612,5.640447777777778,1.6833333333333331,4.5
P006,2.0,25.98333333333333,0.0,1.5833333333333333,0.0,0.0,0.0,0.0,2718.73301,12.0,3.194994,16.0,2729.0949980000005,41.0,278.7721759080887,147.0,25.004,147.0,278.7721759080887,147.0,0.0,147.0,0.0,147.0,0.0,147.0,0.0,147.0,25.004,147.0,0.0,147.0,0.0,147.0,0.0,147.0,0.0,147.0,0.3599396544509972,21.0,6.0,7.0,134.0,2324.0,79.0,856.0,0.0,0.0,0.0,0.0,0.0,0.0,0.0,0.0,0.0,0.0,1.0,1.0,0.0,0.0,71.0,0.0,0.0,0.0,0.0,0.0,0.0,0.0,0.0,0.0,1.0,,2020-12-21 13:00:00,20305.612,5.640447777777778,1.6833333333333331,4.5
P006,2.0,46.766666666666666,0.0,7.7,0.0,0.0,0.0,0.0,0.024999,2.0,0.591991,19.0,8.867983,37.0,243.34907412528992,112.0,24.941,112.0,243.34907412528992,112.0,0.0,112.0,0.0,112.0,0.0,112.0,0.0,112.0,24.941,112.0,0.0,112.0,0.0,112.0,0.0,112.0,0.0,112.0,0.0,0.0,0.0,0.0,112.0,0.0,0.0,2693.0,0.0,0.0,0.0,0.0,0.0,0.0,0.0,0.0,0.0,0.0,0.0,0.0,0.0,0.0,0.0,0.0,0.0,0.0,0.0,0.0,0.0,0.0,0.0,0.0,,1.0,2020-12-21 14:00:00,20305.612,5.640447777777778,1.6833333333333331,4.5
P006,1.0,8.983333333333333,0.0,0.0,0.0,0.0,0.0,0.0,0.0,0.0,1.277981,27.0,2.1989560000000004,69.0,209.4504005908966,130.0,16.127,130.0,209.4504005908966,130.0,0.0,130.0,0.0,130.0,0.0,130.0,0.0,130.0,16.127,130.0,0.0,130.0,0.0,130.0,0.0,130.0,0.0,130.0,0.0,0.0,0.0,0.0,130.0,0.0,0.0,2002.0,0.6709830000000001,30.0,0.0,0.0,0.0,0.0,0.0,0.0,0.0,0.0,0.0,0.0,0.0,0.0,0.0,0.0,0.0,0.0,0.0,0.0,0.0,0.0,0.0,0.0,0.0,,2020-12-21 15:00:00,20305.612,5.640447777777778,1.6833333333333331,4.5
P006,0.0,0.0,0.0,0.0,0.0,0.0,0.0,0.0,1698.5150159999998,2.0,0.0,0.0,1698.5150159999998,2.0,0.0,5.0,0.0,5.0,0.0,5.0,0.0,5.0,0.0,5.0,0.0,5.0,0.0,5.0,0.0,5.0,0.0,5.0,0.0,5.0,0.0,5.0,0.0,5.0,1.0549201679861442,4.0,2.0,1.0,2.0,1689.0,6.0,1.0,0.0,0.0,0.0,0.0,0.0,0.0,0.0,0.0,0.0,0.0,0.0,0.0,0.0,0.0,0.0,0.0,0.0,0.0,0.0,0.0,0.0,0.0,0.0,0.0,0.0,0.0,2020-12-21 16:00:00,20305.612,5.640447777777778,1.6833333333333331,4.5
P006,1.0,0.0,0.0,0.0,0.0,0.0,0.0,0.0,0.0,0.0,0.0,0.0,0.0,0.0,0.0,0.0,0.0,0.0,0.0,0.0,0.0,0.0,0.0,0.0,0.0,0.0,0.0,0.0,0.0,0.0,0.0,0.0,0.0,0.0,0.0,0.0,0.0,0.0,0.0,0.0,0.0,0.0,0.0,0.0,0.0,0.0,0.0,0.0,0.0,0.0,0.0,0.0,0.0,0.0,0.0,0.0,0.0,0.0,0.0,0.0,0.0,0.0,0.0,0.0,0.0,0.0,0.0,0.0,0.0,0.0,,0.0,2020-12-21 17:00:00,20305.612,5.640447777777778,1.6833333333333331,4.5
P006,0.0,0.0,0.0,0.0,0.0,0.0,0.0,0.0,66.881,1.0,0.0,0.0,66.881,1.0,0.0,3.0,0.0,3.0,0.0,3.0,0.0,3.0,0.0,3.0,0.0,3.0,0.0,3.0,0.0,3.0,0.0,3.0,0.0,3.0,0.0,3.0,0.0,3.0,1.0986122886681096,2.0,1.0,1.0,1.0,0.0,6.0,1.0,0.0,0.0,0.0,0.0,0.0,0.0,0.0,0.0,0.0,0.0,0.0,0.0,0.0,0.0,0.0,0.0,0.0,0.0,0.0,0.0,0.0,0.0,0.0,0.0,0.0,,2020-12-21 18:00:00,20305.612,5.640447777777778,1.6833333333333331,4.5
P006,0.0,0.0,0.0,0.0,0.0,0.0,0.0,0.0,0.0,0.0,0.0,0.0,0.0,0.0,0.0,0.0,0.0,0.0,0.0,0.0,0.0,0.0,0.0,0.0,0.0,0.0,0.0,0.0,0.0,0.0,0.0,0.0,0.0,0.0,0.0,0.0,0.0,0.0,0.0,0.0,0.0,0.0,0.0,0.0,0.0,0.0,0.0,0.0,0.0,0.0,0.0,0.0,0.0,0.0,0.0,0.0,0.0,0.0,0.0,0.0,0.0,0.0,0.0,0.0,0.0,0.0,0.0,0.0,0.0,0.0,,0.0,2020-12-21 19:00:00,20305.612,5.640447777777778,1.6833333333333331,4.5
P006,1.0,30.05,0.0,0.0,0.0,0.0,0.0,0.0,1759.720051,3.0,0.153998,9.0,1759.912046,16.0,866.544683098793,261.0,48.73,261.0,845.7784308195114,261.0,0.0,261.0,0.0,261.0,0.0,261.0,0.0,261.0,47.521,261.0,0.0,261.0,0.0,261.0,0.0,261.0,0.0,261.0,0.1076332156985853,8.0,2.0,3.0,256.0,1690.0,21.0,1828.0,0.0,0.0,0.0,0.0,0.0,0.0,0.0,0.0,0.0,0.0,0.0,0.0,0.0,0.0,0.0,0.0,0.0,0.0,0.0,0.0,0.0,0.0,0.0,0.0,0.0,,2020-12-22 09:00:00,26070.881,7.241911388888889,0.9166666666666666,4.533333333333333
P006,2.0,28.7,0.0,7.766666666666667,0.0,0.0,0.0,0.0,213.606998,10.0,5.710984999999998,44.0,220.09597,90.0,1078.8686408996582,469.0,138.396,469.0,962.5241060256958,469.0,0.0,469.0,0.0,469.0,0.0,469.0,6.8007354736328125,469.0,118.907,469.0,0.0,469.0,0.0,469.0,0.0,469.0,5.567,469.0,0.0304838700851385,3.0,1.0,1.0,467.0,211.0,1.0,3340.0,0.0,0.0,0.0,0.0,0.0,0.0,0.0,0.0,0.0,0.0,0.0,0.0,0.0,0.0,0.0,0.0,0.0,0.0,0.0,0.0,0.0,0.0,0.0,0.0,0.0,0.0,2020-12-22 10:00:00,26070.881,7.241911388888889,0.9166666666666666,4.533333333333333
P006,2.0,54.333333333333336,0.0,1.6666666666666667,0.0,0.0,0.0,0.0,418.22599,12.0,287.447985,26.0,705.9429700000001,47.0,1319.3768397569656,448.0,90.314,448.0,1295.1653164625168,448.0,0.0,448.0,0.0,448.0,0.0,448.0,0.0,448.0,87.655,448.0,0.0,448.0,0.0,448.0,0.0,448.0,0.0,448.0,0.2048693700353295,33.0,10.0,9.0,429.0,635.0,143.0,2339.0,0.0,0.0,0.0,0.0,0.0,0.0,0.0,0.0,0.0,0.0,0.0,0.0,0.0,0.0,0.0,0.0,0.0,0.0,0.0,0.0,0.0,0.0,0.0,0.0,0.0,0.0,2020-12-22 11:00:00,26070.881,7.241911388888889,0.9166666666666666,4.533333333333333
P006,1.0,58.8,0.0,0.0,0.0,0.0,0.0,0.0,2938.937968,9.0,21.94699,28.0,2962.816953,52.0,848.8890283107758,312.0,70.806,312.0,848.8890283107758,312.0,0.0,312.0,0.0,312.0,0.0,312.0,0.0,312.0,70.806,312.0,0.0,312.0,0.0,312.0,0.0,312.0,0.0,312.0,0.1505243189761845,14.0,4.0,5.0,303.0,1462.0,23.0,1728.0,0.0,0.0,0.0,0.0,0.0,0.0,0.0,0.0,0.0,0.0,0.0,0.0,0.0,0.0,0.0,0.0,0.0,0.0,0.0,0.0,0.0,0.0,0.0,0.0,,0.0,2020-12-22 12:00:00,26070.881,7.241911388888889,0.9166666666666666,4.533333333333333
P006,1.0,0.0,0.0,0.0,0.0,0.0,0.0,0.0,1.478999,1.0,0.0,0.0,1.478999,1.0,0.0,2.0,0.0,2.0,0.0,2.0,0.0,2.0,0.0,2.0,0.0,2.0,0.0,2.0,0.0,2.0,0.0,2.0,0.0,2.0,0.0,2.0,0.0,2.0,0.6931471805599453,1.0,1.0,0.0,1.0,0.0,0.0,1.0,0.0,0.0,0.0,0.0,0.0,0.0,0.0,0.0,0.0,0.0,0.0,0.0,0.0,0.0,0.0,0.0,0.0,0.0,0.0,0.0,0.0,0.0,0.0,0.0,0.0,,2020-12-22 14:00:00,26070.881,7.241911388888889,0.9166666666666666,4.533333333333333
P006,2.0,17.233333333333334,0.0,6.666666666666667,0.0,0.0,0.0,0.0,1453.497003,9.0,0.568991,27.0,1455.749974,77.0,1226.5808700323105,464.0,105.196,464.0,1226.5808700323105,464.0,0.0,464.0,0.0,464.0,0.0,464.0,0.0,464.0,105.196,464.0,0.0,464.0,0.0,464.0,0.0,464.0,0.0,464.0,0.0990503366497053,11.0,4.0,4.0,456.0,343.0,21.0,1750.0,0.501989,24.0,0.0,0.0,0.0,0.0,0.0,0.0,0.0,0.0,0.0,0.0,0.0,0.0,0.0,0.0,0.0,0.0,0.0,0.0,0.0,0.0,0.0,0.0,1.0,0.0,2020-12-22 15:00:00,26070.881,7.241911388888889,0.9166666666666666,4.533333333333333
P006,1.0,10.266666666666667,0.0,0.0,0.0,0.0,0.0,0.0,1516.494963,5.0,4.058992,13.0,1612.6199519999998,27.0,1277.0024222135544,412.0,87.119,412.0,1277.0024222135544,412.0,0.0,412.0,0.0,412.0,0.0,412.0,0.0,412.0,87.119,412.0,0.0,412.0,0.0,412.0,0.0,412.0,0.0,412.0,0.0861421441788659,8.0,3.0,3.0,406.0,1123.0,23.0,1948.0,0.0,0.0,0.0,0.0,0.0,0.0,0.0,0.0,0.0,0.0,0.0,0.0,0.0,0.0,0.0,1.0,1.0,0.0,0.0,0.0,0.0,0.0,0.0,0.0,,1.0,2020-12-22 16:00:00,26070.881,7.241911388888889,0.9166666666666666,4.533333333333333
P006,0.0,0.0,0.0,0.0,0.0,0.0,0.0,0.0,0.0,0.0,0.0,0.0,0.0,0.0,0.0,0.0,0.0,0.0,0.0,0.0,0.0,0.0,0.0,0.0,0.0,0.0,0.0,0.0,0.0,0.0,0.0,0.0,0.0,0.0,0.0,0.0,0.0,0.0,0.0,0.0,0.0,0.0,0.0,0.0,0.0,0.0,0.0,0.0,0.0,0.0,0.0,0.0,0.0,0.0,0.0,0.0,0.0,0.0,0.0,0.0,0.0,0.0,0.0,0.0,0.0,0.0,0.0,0.0,0.0,0.0,0.0,,2020-12-22 18:00:00,26070.881,7.241911388888889,0.9166666666666666,4.533333333333333
P006,0.0,0.0,0.0,0.0,0.0,0.0,0.0,0.0,0.0,0.0,0.0,0.0,0.0,0.0,0.0,0.0,0.0,0.0,0.0,0.0,0.0,0.0,0.0,0.0,0.0,0.0,0.0,0.0,0.0,0.0,0.0,0.0,0.0,0.0,0.0,0.0,0.0,0.0,0.0,0.0,0.0,0.0,0.0,0.0,0.0,0.0,0.0,0.0,0.0,0.0,0.0,0.0,0.0,0.0,0.0,0.0,0.0,0.0,0.0,0.0,0.0,0.0,0.0,0.0,0.0,0.0,0.0,0.0,0.0,0.0,,0.0,2020-12-22 19:00:00,26070.881,7.241911388888889,0.9166666666666666,4.533333333333333
P006,1.0,18.016666666666666,0.0,0.0,0.0,0.0,0.0,0.0,2068.0909990000005,6.0,842.5929950000001,9.0,2916.0269910000006,22.0,320.49984097480774,139.0,34.949,139.0,320.49984097480774,139.0,0.0,139.0,0.0,139.0,0.0,139.0,0.0,139.0,34.949,139.0,0.0,139.0,0.0,139.0,0.0,139.0,0.0,139.0,0.3311817017691821,17.0,5.0,6.0,128.0,1890.0,221.0,526.0,0.0,0.0,0.0,0.0,0.0,0.0,0.0,0.0,0.0,0.0,0.0,0.0,0.0,0.0,0.0,0.0,0.0,0.0,0.0,0.0,3.0,3.0,0.0,0.0,0.0,,2020-12-23 09:00:00,18538.625,5.149618055555556,3.0166666666666666,5.583333333333333
P006,2.0,44.56666666666667,0.0,6.616666666666666,0.0,0.0,0.0,0.0,106.804998,10.0,10.499968,75.0,212.428936,158.0,1881.7077926397324,714.0,249.569,714.0,1728.3516758680344,714.0,0.0,714.0,0.0,714.0,0.0,714.0,54.99689018726349,714.0,137.755,714.0,0.0,714.0,0.0,714.0,0.0,714.0,101.053,714.0,0.0464352038824378,8.0,3.0,2.0,709.0,17.0,4.0,3105.0,0.0,0.0,0.0,0.0,0.0,0.0,0.0,0.0,0.0,0.0,0.0,0.0,0.0,0.0,0.0,0.0,0.0,0.0,0.0,0.0,0.0,0.0,0.0,0.0,0.0,0.0,2020-12-23 10:00:00,18538.625,5.149618055555556,3.0166666666666666,5.583333333333333
P006,2.0,34.05,0.0,2.35,0.0,0.0,0.0,0.0,909.797999,4.0,11.768987999999998,24.0,922.82598,51.0,103.93681263923644,85.0,15.252,85.0,47.836923241615295,85.0,0.0,85.0,0.0,85.0,0.0,85.0,0.0,85.0,7.993,85.0,0.0,85.0,0.0,85.0,0.0,85.0,0.0,85.0,0.0639617141039829,2.0,0.0,1.0,84.0,0.0,2.0,2623.0,0.0,0.0,0.0,0.0,0.0,0.0,0.0,0.0,0.0,0.0,0.0,0.0,0.0,0.0,0.0,0.0,0.0,0.0,0.0,0.0,0.0,0.0,0.0,0.0,,0.0,2020-12-23 11:00:00,18538.625,5.149618055555556,3.0166666666666666,5.583333333333333
P006,2.0,48.2,0.0,1.5,0.0,0.0,0.0,0.0,800.4179989999999,14.0,0.345995,17.0,1947.196976,63.0,739.7616219520569,289.0,93.625,289.0,587.0105817317963,289.0,0.0,289.0,0.0,289.0,0.0,289.0,0.0,289.0,49.035,289.0,0.0,289.0,0.0,289.0,0.0,289.0,0.0,289.0,0.3107616026188954,28.0,11.0,10.0,268.0,1868.0,98.0,1450.0,0.0,0.0,0.0,0.0,0.0,0.0,0.0,0.0,0.0,0.0,0.0,0.0,0.0,0.0,0.0,0.0,0.0,0.0,0.0,0.0,0.0,0.0,0.0,0.0,0.0,,2020-12-23 12:00:00,18538.625,5.149618055555556,3.0166666666666666,5.583333333333333
P006,1.0,0.0,0.0,0.0,0.0,0.0,0.0,0.0,1924.949954,6.0,0.082998,4.0,1925.188949,17.0,53.800270795822144,37.0,4.723,37.0,0.0,37.0,0.0,37.0,0.0,37.0,0.0,37.0,0.0,37.0,0.0,37.0,0.0,37.0,0.0,37.0,0.0,37.0,0.0,37.0,0.5556401539672464,9.0,3.0,3.0,31.0,1606.0,11.0,300.0,0.0,0.0,0.0,0.0,0.0,0.0,0.0,0.0,0.0,0.0,0.0,0.0,0.0,0.0,0.0,0.0,0.0,0.0,0.0,0.0,0.0,0.0,0.0,0.0,0.0,0.0,2020-12-23 13:00:00,18538.625,5.149618055555556,3.0166666666666666,5.583333333333333
P006,2.0,34.266666666666666,0.0,7.833333333333333,0.0,0.0,0.0,0.0,712.7149539999998,31.0,7.137987000000001,37.0,721.5239120000002,125.0,3369.8464670181274,1134.0,379.319,1134.0,3262.26311826706,1134.0,0.0,1134.0,0.0,1134.0,0.0,1134.0,61.20661926269531,1134.0,350.398,1134.0,0.0,1134.0,0.0,1134.0,0.0,1134.0,22.492,1134.0,0.041774145986717,12.0,3.0,4.0,1127.0,667.0,14.0,1986.0,0.415987,25.0,0.0,0.0,0.0,0.0,0.0,0.0,0.0,0.0,0.0,0.0,0.0,0.0,0.0,0.0,0.0,0.0,0.0,0.0,0.0,0.0,0.0,0.0,0.0,0.0,2020-12-23 14:00:00,18538.625,5.149618055555556,3.0166666666666666,5.583333333333333
P006,1.0,39.3,0.0,0.0,0.0,0.0,0.0,0.0,793.750982,32.0,210.841991,17.0,1005.224966,69.0,2313.621723890305,742.0,186.841,742.0,2313.621723890305,742.0,0.0,742.0,0.0,742.0,0.0,742.0,0.0,742.0,186.841,742.0,0.0,742.0,0.0,742.0,0.0,742.0,0.0,742.0,0.1368347691151522,30.0,10.0,9.0,723.0,678.0,58.0,2698.0,0.0,0.0,0.0,0.0,0.0,0.0,0.0,0.0,0.0,0.0,0.0,0.0,0.0,0.0,0.0,0.0,0.0,0.0,0.0,0.0,0.0,0.0,0.0,0.0,,0.0,2020-12-23 15:00:00,18538.625,5.149618055555556,3.0166666666666666,5.583333333333333
P006,2.0,13.283333333333331,0.0,5.033333333333333,0.0,0.0,0.0,0.0,720.779003,7.0,2.2779960000000004,11.0,747.9409939999999,29.0,269.5210055112839,109.0,34.701,109.0,269.5210055112839,109.0,0.0,109.0,0.0,109.0,0.0,109.0,0.0,109.0,34.701,109.0,0.0,109.0,0.0,109.0,0.0,109.0,0.0,109.0,0.2170471048178869,8.0,3.0,2.0,104.0,707.0,7.0,2594.0,0.0,0.0,0.0,0.0,0.0,0.0,0.0,0.0,0.0,0.0,1.0,0.0,0.0,0.0,0.0,1.0,666.0,0.0,0.0,0.0,0.0,0.0,0.0,0.0,1.0,,2020-12-23 17:00:00,18538.625,5.149618055555556,3.0166666666666666,5.583333333333333
P006,1.0,0.0,0.0,0.0,0.0,0.0,0.0,0.0,0.0,0.0,0.0,0.0,0.0,0.0,0.0,0.0,0.0,0.0,0.0,0.0,0.0,0.0,0.0,0.0,0.0,0.0,0.0,0.0,0.0,0.0,0.0,0.0,0.0,0.0,0.0,0.0,0.0,0.0,0.0,0.0,0.0,0.0,0.0,0.0,0.0,0.0,0.0,0.0,0.0,0.0,0.0,0.0,0.0,0.0,0.0,0.0,0.0,0.0,0.0,0.0,0.0,0.0,0.0,0.0,0.0,0.0,0.0,0.0,0.0,0.0,0.0,1.0,2020-12-23 18:00:00,18538.625,5.149618055555556,3.0166666666666666,5.583333333333333
P006,1.0,0.0,0.0,0.0,0.0,0.0,0.0,0.0,826.471,1.0,0.0,0.0,826.471,1.0,0.0,3.0,0.0,3.0,0.0,3.0,0.0,3.0,0.0,3.0,0.0,3.0,0.0,3.0,0.0,3.0,0.0,3.0,0.0,3.0,0.0,3.0,0.0,3.0,1.0986122886681096,2.0,1.0,1.0,1.0,0.0,6.0,1.0,0.0,0.0,0.0,0.0,0.0,0.0,0.0,0.0,0.0,0.0,0.0,0.0,0.0,0.0,0.0,0.0,0.0,0.0,0.0,0.0,0.0,0.0,0.0,0.0,0.0,0.0,2020-12-23 19:00:00,18538.625,5.149618055555556,3.0166666666666666,5.583333333333333
P006,1.0,36.3,0.0,0.0,0.0,0.0,0.0,0.0,0.0,0.0,0.0,0.0,0.0,0.0,0.0,0.0,0.0,0.0,0.0,0.0,0.0,0.0,0.0,0.0,0.0,0.0,0.0,0.0,0.0,0.0,0.0,0.0,0.0,0.0,0.0,0.0,0.0,0.0,0.0,0.0,0.0,0.0,0.0,0.0,0.0,0.0,0.0,0.0,0.0,0.0,0.0,0.0,0.0,0.0,0.0,0.0,0.0,0.0,0.0,0.0,0.0,0.0,0.0,0.0,0.0,0.0,0.0,0.0,0.0,0.0,,0.0,2020-12-23 20:00:00,18538.625,5.149618055555556,3.0166666666666666,5.583333333333333
P006,2.0,36.583333333333336,0.0,10.183333333333334,0.0,0.0,0.0,0.0,3043.975895,16.0,226.437999,7.0,3271.3598889999994,36.0,79.27067387104034,91.0,9.476,91.0,0.0,91.0,0.0,91.0,0.0,91.0,0.0,91.0,0.0,91.0,0.0,91.0,0.0,91.0,0.0,91.0,0.0,91.0,0.0,91.0,0.5868740869333263,29.0,8.0,8.0,75.0,2836.0,33.0,460.0,0.0,0.0,0.0,0.0,0.0,0.0,0.0,0.0,0.0,0.0,0.0,0.0,0.0,0.0,0.0,0.0,0.0,0.0,0.0,0.0,0.0,0.0,0.0,0.0,0.0,,2020-12-24 09:00:00,22345.945,6.207206944444445,1.95,5.05
P006,1.0,57.7,0.0,0.0,0.0,0.0,0.0,0.0,2676.3660790000004,5.0,677.4959990000001,15.0,3353.939076,27.0,554.575576543808,199.0,52.969,199.0,554.575576543808,199.0,0.0,199.0,0.0,199.0,0.0,199.0,0.0,199.0,52.969,199.0,0.0,199.0,0.0,199.0,0.0,199.0,0.0,199.0,0.1342766132400206,10.0,2.0,3.0,194.0,558.0,47.0,2678.0,0.0,0.0,0.0,0.0,0.0,0.0,0.0,0.0,0.0,0.0,0.0,0.0,0.0,0.0,0.0,0.0,0.0,0.0,0.0,0.0,2.0,2.0,0.0,0.0,0.0,0.0,2020-12-24 10:00:00,22345.945,6.207206944444445,1.95,5.05
P006,2.0,46.88333333333333,0.0,8.566666666666666,0.0,0.0,0.0,0.0,2358.367973,17.0,0.5359820000000001,25.0,2395.0259490000008,57.0,766.7480919361115,295.0,55.304,295.0,746.16286444664,295.0,0.0,295.0,0.0,295.0,0.0,295.0,0.0,295.0,53.337,295.0,0.0,295.0,0.0,295.0,0.0,295.0,0.0,295.0,0.2948948352612164,35.0,10.0,10.0,275.0,1612.0,84.0,1230.0,0.0,0.0,0.0,0.0,0.0,0.0,0.0,0.0,0.0,0.0,0.0,0.0,0.0,0.0,0.0,0.0,0.0,0.0,0.0,0.0,0.0,0.0,0.0,0.0,,0.0,2020-12-24 11:00:00,22345.945,6.207206944444445,1.95,5.05
P006,2.0,47.4,0.0,3.4833333333333334,0.0,0.0,0.0,0.0,12.064989,23.0,26.205978,53.0,185.404951,115.0,2790.201840162277,999.0,290.276,999.0,2728.434446811676,999.0,0.0,999.0,0.0,999.0,0.0,999.0,0.0,999.0,283.867,999.0,0.0,999.0,0.0,999.0,0.0,999.0,0.0,999.0,0.0,0.0,0.0,0.0,999.0,0.0,0.0,3336.0,0.0,0.0,0.0,0.0,0.0,0.0,0.0,0.0,0.0,0.0,0.0,0.0,0.0,0.0,0.0,0.0,0.0,0.0,0.0,0.0,0.0,0.0,0.0,0.0,1.0,,2020-12-24 12:00:00,22345.945,6.207206944444445,1.95,5.05
P006,2.0,52.9,0.0,4.283333333333333,0.0,0.0,0.0,0.0,1.561997,10.0,121.08598299999998,39.0,242.210961,98.0,2406.230087995529,963.0,296.044,963.0,2352.1537885665894,963.0,0.0,963.0,0.0,963.0,0.0,963.0,0.0,963.0,294.169,963.0,0.0,963.0,0.0,963.0,0.0,963.0,0.0,963.0,0.008171894102996,1.0,1.0,0.0,962.0,0.0,0.0,3533.0,0.0,0.0,0.0,0.0,0.0,0.0,0.0,0.0,0.0,0.0,0.0,0.0,0.0,0.0,0.0,0.0,0.0,0.0,0.0,0.0,0.0,0.0,0.0,0.0,0.0,1.0,2020-12-24 13:00:00,22345.945,6.207206944444445,1.95,5.05
P006,2.0,18.3,0.0,1.6833333333333331,0.0,0.0,0.0,0.0,1869.541992,14.0,166.30194600000002,103.0,2039.367918,167.0,5496.040693044663,1848.0,626.842,1848.0,5447.048755764961,1848.0,0.0,1848.0,0.0,1848.0,0.0,1848.0,0.0,1848.0,623.349,1848.0,0.0,1848.0,0.0,1848.0,0.0,1848.0,0.0,1848.0,0.0405356613370598,18.0,5.0,6.0,1837.0,1144.0,36.0,2135.0,0.311996,9.0,0.0,0.0,0.0,0.0,0.0,0.0,0.0,0.0,0.0,0.0,0.0,0.0,0.0,0.0,0.0,0.0,0.0,0.0,0.0,0.0,0.0,0.0,,0.0,2020-12-24 14:00:00,22345.945,6.207206944444445,1.95,5.05
P006,1.0,55.016666666666666,0.0,0.0,0.0,0.0,0.0,0.0,569.746993,21.0,12.57496,107.0,653.476924,201.0,1623.056056380272,675.0,222.243,675.0,1608.4495714902878,675.0,0.0,675.0,0.0,675.0,0.0,675.0,0.0,675.0,220.567,675.0,0.0,675.0,0.0,675.0,0.0,675.0,0.0,675.0,0.0404064988277323,6.0,2.0,2.0,671.0,536.0,30.0,2984.0,0.4379929999999999,12.0,0.0,0.0,0.0,0.0,0.0,0.0,0.0,0.0,0.0,0.0,0.0,0.0,0.0,0.0,0.0,0.0,0.0,0.0,0.0,0.0,0.0,0.0,0.0,,2020-12-24 15:00:00,22345.945,6.207206944444445,1.95,5.05
P006,2.0,31.366666666666667,0.0,2.6,0.0,0.0,0.0,0.0,23.186996,9.0,0.6239910000000001,23.0,246.655952,103.0,1481.2395515441897,579.0,218.211,579.0,1464.7300243377686,579.0,0.0,579.0,0.0,579.0,0.0,579.0,0.0,579.0,216.671,579.0,0.0,579.0,0.0,579.0,0.0,579.0,0.0,579.0,0.0460427846874748,6.0,2.0,2.0,575.0,14.0,5.0,3059.0,0.3529869999999999,20.0,7.164995999999999,11.0,0.0,0.0,0.0,0.0,0.0,0.0,0.0,0.0,0.0,0.0,0.0,0.0,0.0,0.0,0.0,0.0,0.0,0.0,0.0,0.0,0.0,0.0,2020-12-24 16:00:00,22345.945,6.207206944444445,1.95,5.05
P006,2.0,41.35,0.0,15.016666666666667,0.0,0.0,0.0,0.0,0.0,0.0,0.0719979999999999,5.0,0.396991,28.0,1060.6427744627,316.0,79.815,316.0,1060.6427744627,316.0,0.0,316.0,0.0,316.0,0.0,316.0,0.0,316.0,79.815,316.0,0.0,316.0,0.0,316.0,0.0,316.0,0.0,316.0,0.0,0.0,0.0,0.0,316.0,0.0,0.0,3386.0,0.0,0.0,0.0,0.0,0.0,0.0,0.0,0.0,0.0,0.0,0.0,0.0,0.0,0.0,0.0,0.0,0.0,0.0,0.0,0.0,0.0,0.0,0.0,0.0,,0.0,2020-12-24 17:00:00,22345.945,6.207206944444445,1.95,5.05
P006,1.0,29.0,0.0,0.0,0.0,0.0,0.0,0.0,0.174997,6.0,0.036998,4.0,0.739984,36.0,195.30195116996765,95.0,10.95,95.0,176.23088335990906,95.0,0.0,95.0,0.0,95.0,0.0,95.0,19.0710678100586,95.0,9.995,95.0,0.0,95.0,0.0,95.0,0.0,95.0,0.955,95.0,0.0,0.0,0.0,0.0,95.0,0.0,0.0,1193.0,0.0,0.0,0.0,0.0,0.0,0.0,0.0,0.0,0.0,0.0,0.0,0.0,0.0,0.0,0.0,0.0,0.0,0.0,0.0,0.0,0.0,0.0,0.0,0.0,1.0,,2020-12-24 18:00:00,22345.945,6.207206944444445,1.95,5.05
P006,1.0,0.0,0.0,0.0,0.0,0.0,0.0,0.0,191.864997,6.0,0.063999,2.0,192.025995,10.0,0.0,15.0,0.0,15.0,0.0,15.0,0.0,15.0,0.0,15.0,0.0,15.0,0.0,15.0,0.0,15.0,0.0,15.0,0.0,15.0,0.0,15.0,0.0,15.0,0.8608513906312316,8.0,3.0,2.0,10.0,174.0,16.0,10.0,0.0,0.0,0.0,0.0,0.0,0.0,0.0,0.0,0.0,0.0,0.0,0.0,0.0,0.0,0.0,0.0,0.0,0.0,0.0,0.0,0.0,0.0,0.0,0.0,0.0,1.0,2020-12-24 19:00:00,22345.945,6.207206944444445,1.95,5.05
P006,1.0,0.0,0.0,0.0,0.0,0.0,0.0,0.0,2059.047,1.0,0.0,0.0,2059.047,1.0,0.0,1.0,0.0,1.0,0.0,1.0,0.0,1.0,0.0,1.0,0.0,1.0,0.0,1.0,0.0,1.0,0.0,1.0,0.0,1.0,0.0,1.0,0.0,1.0,0.0,0.0,0.0,0.0,1.0,0.0,0.0,1.0,0.0,0.0,0.0,0.0,0.0,0.0,0.0,0.0,0.0,0.0,0.0,0.0,0.0,0.0,0.0,0.0,0.0,0.0,0.0,0.0,0.0,0.0,0.0,0.0,0.0,0.0,2020-12-24 20:00:00,22345.945,6.207206944444445,1.95,5.05
P006,1.0,0.0,0.0,0.0,0.0,0.0,0.0,0.0,0.0,0.0,0.0,0.0,0.0,0.0,0.0,0.0,0.0,0.0,0.0,0.0,0.0,0.0,0.0,0.0,0.0,0.0,0.0,0.0,0.0,0.0,0.0,0.0,0.0,0.0,0.0,0.0,0.0,0.0,0.0,0.0,0.0,0.0,0.0,0.0,0.0,0.0,0.0,0.0,0.0,0.0,0.0,0.0,0.0,0.0,0.0,0.0,0.0,0.0,0.0,0.0,0.0,0.0,0.0,0.0,0.0,0.0,0.0,0.0,0.0,0.0,,0.0,2020-12-24 21:00:00,22345.945,6.207206944444445,1.95,5.05
P006,2.0,28.666666666666668,0.0,1.9833333333333327,0.0,0.0,0.0,0.0,661.986989,9.0,0.499993,17.0,663.267967,53.0,376.9196466207504,188.0,32.778,188.0,355.5352438688278,188.0,0.0,188.0,0.0,188.0,0.0,188.0,0.0,188.0,29.937,188.0,0.0,188.0,0.0,188.0,0.0,188.0,0.0,188.0,0.2631640423878928,18.0,6.0,5.0,177.0,3.0,25.0,2251.0,0.109998,7.0,0.0,0.0,0.0,0.0,0.0,0.0,0.0,0.0,0.0,0.0,0.0,0.0,0.0,0.0,0.0,0.0,0.0,0.0,0.0,0.0,0.0,0.0,1.0,,2020-12-25 09:00:00,14180.975,3.939159722222222,4.216666666666667,6.183333333333334
P006,1.0,6.733333333333333,0.0,0.0,0.0,0.0,0.0,0.0,202.398,9.0,0.123998,2.0,2795.079994,21.0,355.60008692741394,148.0,47.57,148.0,355.60008692741394,148.0,0.0,148.0,0.0,148.0,0.0,148.0,0.0,148.0,47.57,148.0,0.0,148.0,0.0,148.0,0.0,148.0,0.0,148.0,0.1977587878763604,10.0,3.0,3.0,142.0,1.0,13.0,1251.0,0.0,0.0,0.0,0.0,0.0,0.0,0.0,0.0,0.0,0.0,0.0,0.0,0.0,0.0,0.0,0.0,0.0,0.0,0.0,0.0,0.0,0.0,0.0,0.0,0.0,1.0,2020-12-25 10:00:00,14180.975,3.939159722222222,4.216666666666667,6.183333333333334
P006,2.0,28.98333333333333,0.0,3.466666666666667,0.0,0.0,0.0,0.0,2733.9140190000003,13.0,624.4460029999999,18.0,3358.4010189999995,38.0,652.2351894378662,267.0,86.591,267.0,652.2351894378662,267.0,0.0,267.0,0.0,267.0,0.0,267.0,0.0,267.0,86.591,267.0,0.0,267.0,0.0,267.0,0.0,267.0,0.0,267.0,0.3867814514143027,38.0,13.0,13.0,241.0,1195.0,163.0,2024.0,0.0,0.0,0.0,0.0,0.0,0.0,0.0,0.0,0.0,0.0,1.0,1.0,0.0,0.0,182.0,0.0,0.0,0.0,0.0,0.0,2.0,2.0,0.0,0.0,0.0,0.0,2020-12-25 11:00:00,14180.975,3.939159722222222,4.216666666666667,6.183333333333334
P006,2.0,39.53333333333333,0.0,15.283333333333331,0.0,0.0,0.0,0.0,2343.787018,12.0,0.051998,3.0,2344.0110130000003,24.0,279.4024834632873,125.0,36.158,125.0,279.4024834632873,125.0,0.0,125.0,0.0,125.0,0.0,125.0,0.0,125.0,36.158,125.0,0.0,125.0,0.0,125.0,0.0,125.0,0.0,125.0,0.5119719158664939,29.0,9.0,9.0,107.0,5.0,43.0,2350.0,0.055999,2.0,0.0,0.0,0.0,0.0,0.0,0.0,0.0,0.0,2.0,0.0,0.0,1083.0,0.0,2.0,2146.0,0.0,0.0,0.0,0.0,0.0,0.0,0.0,,0.0,2020-12-25 12:00:00,14180.975,3.939159722222222,4.216666666666667,6.183333333333334
P006,2.0,50.45,0.0,4.55,0.0,0.0,0.0,0.0,665.5829889999999,51.0,79.48493600000002,131.0,750.2358790000001,284.0,9752.18414580822,3276.0,909.91,3276.0,7546.748271942139,3276.0,0.0,3276.0,0.0,3276.0,0.0,3276.0,11.082762718200684,3276.0,613.601,3276.0,0.0,3276.0,0.0,3276.0,0.0,3276.0,2.486,3276.0,0.0124499216807811,9.0,2.0,3.0,3271.0,1.0,10.0,3302.0,0.0,0.0,0.179997,4.0,0.0,0.0,0.0,0.0,0.0,0.0,0.0,0.0,0.0,0.0,0.0,0.0,0.0,0.0,0.0,0.0,0.0,0.0,0.0,0.0,0.0,,2020-12-25 13:00:00,14180.975,3.939159722222222,4.216666666666667,6.183333333333334
P006,2.0,48.13333333333333,0.0,7.516666666666667,0.0,0.0,0.0,0.0,88.211996,6.0,0.5919880000000001,29.0,89.98796000000002,103.0,2719.9946954250336,934.0,254.792,934.0,1180.5907011032104,934.0,0.0,934.0,0.0,934.0,0.0,934.0,66.54714906215668,934.0,83.594,934.0,0.0,934.0,0.0,934.0,0.0,934.0,5.881,934.0,0.0167845931678458,4.0,1.0,1.0,932.0,1.0,8.0,3511.0,0.136999,5.0,0.0,0.0,0.0,0.0,0.0,0.0,0.0,0.0,0.0,0.0,0.0,0.0,0.0,0.0,0.0,0.0,0.0,0.0,0.0,0.0,0.0,0.0,,0.0,2020-12-25 14:00:00,14180.975,3.939159722222222,4.216666666666667,6.183333333333334
P006,2.0,29.5,0.0,7.716666666666667,0.0,0.0,0.0,0.0,0.0,0.0,0.310996,12.0,0.8389860000000001,49.0,1036.4448146820068,382.0,67.355,382.0,925.4236978292464,382.0,0.0,382.0,0.0,382.0,0.0,382.0,0.0,382.0,58.981,382.0,0.0,382.0,0.0,382.0,0.0,382.0,0.0,382.0,0.0,0.0,0.0,0.0,382.0,0.0,0.0,2562.0,0.0,0.0,0.0,0.0,0.0,0.0,0.0,0.0,0.0,0.0,0.0,0.0,0.0,0.0,0.0,0.0,0.0,0.0,0.0,0.0,0.0,0.0,0.0,0.0,0.0,,2020-12-25 15:00:00,14180.975,3.939159722222222,4.216666666666667,6.183333333333334
P006,1.0,37.06666666666667,0.0,0.0,0.0,0.0,0.0,0.0,0.038999,2.0,3.774995,16.0,5.954983,48.0,1087.516953706741,393.0,102.666,393.0,1034.202377319336,393.0,0.0,393.0,0.0,393.0,0.0,393.0,0.0,393.0,73.071,393.0,0.0,393.0,0.0,393.0,0.0,393.0,0.0,393.0,0.0,0.0,0.0,0.0,393.0,0.0,0.0,2765.0,0.032,2.0,0.0,0.0,0.0,0.0,0.0,0.0,0.0,0.0,0.0,0.0,0.0,0.0,0.0,0.0,0.0,0.0,0.0,0.0,0.0,0.0,0.0,0.0,0.0,0.0,2020-12-25 16:00:00,14180.975,3.939159722222222,4.216666666666667,6.183333333333334
P006,2.0,17.183333333333334,0.0,13.533333333333331,0.0,0.0,0.0,0.0,2.67,1.0,0.1189979999999999,7.0,9.425993,18.0,2883.7943341732025,882.0,247.458,882.0,2883.7943341732025,882.0,0.0,882.0,0.0,882.0,0.0,882.0,0.0,882.0,247.458,882.0,0.0,882.0,0.0,882.0,0.0,882.0,0.0,882.0,0.0088227040229203,2.0,1.0,0.0,881.0,0.0,0.0,2083.0,0.0,0.0,0.0,0.0,0.0,0.0,0.0,0.0,0.0,0.0,0.0,0.0,0.0,0.0,0.0,0.0,0.0,0.0,0.0,0.0,0.0,0.0,0.0,0.0,,0.0,2020-12-25 17:00:00,14180.975,3.939159722222222,4.216666666666667,6.183333333333334
P006,1.0,0.0,0.0,0.0,0.0,0.0,0.0,0.0,0.0,0.0,0.0,0.0,0.0,0.0,0.0,0.0,0.0,0.0,0.0,0.0,0.0,0.0,0.0,0.0,0.0,0.0,0.0,0.0,0.0,0.0,0.0,0.0,0.0,0.0,0.0,0.0,0.0,0.0,0.0,0.0,0.0,0.0,0.0,0.0,0.0,0.0,0.0,0.0,0.0,0.0,0.0,0.0,0.0,0.0,0.0,0.0,0.0,0.0,0.0,0.0,0.0,0.0,0.0,0.0,0.0,0.0,0.0,0.0,0.0,0.0,0.0,,2020-12-25 18:00:00,14180.975,3.939159722222222,4.216666666666667,6.183333333333334
P006,2.0,20.2,0.0,3.75,0.0,0.0,0.0,0.0,0.0,0.0,0.0,0.0,0.0,0.0,0.0,0.0,0.0,0.0,0.0,0.0,0.0,0.0,0.0,0.0,0.0,0.0,0.0,0.0,0.0,0.0,0.0,0.0,0.0,0.0,0.0,0.0,0.0,0.0,0.0,0.0,0.0,0.0,0.0,0.0,0.0,0.0,0.0,0.0,0.0,0.0,0.0,0.0,0.0,0.0,0.0,0.0,0.0,0.0,0.0,0.0,0.0,0.0,0.0,0.0,0.0,0.0,0.0,0.0,0.0,0.0,0.0,0.0,2020-12-25 19:00:00,14180.975,3.939159722222222,4.216666666666667,6.183333333333334
P006,1.0,36.98333333333333,0.0,0.0,0.0,0.0,0.0,0.0,0.0,0.0,0.0,0.0,0.0,0.0,0.0,0.0,0.0,0.0,0.0,0.0,0.0,0.0,0.0,0.0,0.0,0.0,0.0,0.0,0.0,0.0,0.0,0.0,0.0,0.0,0.0,0.0,0.0,0.0,0.0,0.0,0.0,0.0,0.0,0.0,0.0,0.0,0.0,0.0,0.0,0.0,0.0,0.0,0.0,0.0,0.0,0.0,0.0,0.0,0.0,0.0,0.0,0.0,0.0,0.0,0.0,0.0,0.0,0.0,0.0,0.0,,0.0,2020-12-25 20:00:00,14180.975,3.939159722222222,4.216666666666667,6.183333333333334
P006,1.0,13.65,0.0,0.0,0.0,0.0,0.0,0.0,766.7990199999999,3.0,0.060998,4.0,3309.373014,13.0,0.0,18.0,0.0,18.0,0.0,18.0,0.0,18.0,0.0,18.0,0.0,18.0,0.0,18.0,0.0,18.0,0.0,18.0,0.0,18.0,0.0,18.0,0.0,18.0,0.7777899315559316,7.0,2.0,3.0,13.0,1219.0,104.0,829.0,0.0,0.0,0.0,0.0,0.0,0.0,0.0,0.0,0.0,0.0,0.0,0.0,0.0,0.0,0.0,0.0,0.0,0.0,0.0,0.0,0.0,0.0,0.0,0.0,0.0,,2020-12-26 10:00:00,22465.954,6.240542777777778,4.166666666666667,7.3
P006,1.0,31.466666666666665,0.0,0.0,0.0,0.0,0.0,0.0,3341.3520500000004,8.0,0.0,0.0,3341.486048,14.0,0.0,21.0,0.0,21.0,0.0,21.0,0.0,21.0,0.0,21.0,0.0,21.0,0.0,21.0,0.0,21.0,0.0,21.0,0.0,21.0,0.0,21.0,0.0,21.0,0.8641502031949702,12.0,4.0,3.0,14.0,1.0,9.0,3395.0,0.0,0.0,0.0,0.0,0.0,0.0,0.0,0.0,0.0,0.0,0.0,0.0,0.0,0.0,0.0,0.0,0.0,0.0,0.0,0.0,0.0,0.0,0.0,0.0,,0.0,2020-12-26 11:00:00,22465.954,6.240542777777778,4.166666666666667,7.3
P006,2.0,0.0,0.0,47.03333333333333,0.0,0.0,0.0,0.0,143.195998,5.0,1.522995,6.0,148.19999,16.0,0.0,18.0,0.0,18.0,0.0,18.0,0.0,18.0,0.0,18.0,0.0,18.0,0.0,18.0,0.0,18.0,0.0,18.0,0.0,18.0,0.0,18.0,0.0,18.0,0.4258484492385814,4.0,1.0,1.0,16.0,0.0,2.0,63.0,0.0,0.0,0.035,1.0,0.0,0.0,0.0,0.0,0.0,0.0,0.0,0.0,0.0,0.0,0.0,0.0,0.0,0.0,0.0,0.0,0.0,0.0,0.0,0.0,1.0,,2020-12-26 13:00:00,22465.954,6.240542777777778,4.166666666666667,7.3
P006,2.0,25.066666666666663,0.0,0.0,0.0,0.0,0.0,0.0,734.841003,7.0,877.360999,14.0,1776.408,34.0,82.93417453765869,64.0,7.732,64.0,82.93417453765869,64.0,0.0,64.0,0.0,64.0,0.0,64.0,0.0,64.0,7.732,64.0,0.0,64.0,0.0,64.0,0.0,64.0,0.0,64.0,0.5417031202532372,16.0,5.0,5.0,54.0,834.0,321.0,1898.0,0.062998,2.0,0.0,0.0,0.0,0.0,0.0,0.0,0.0,0.0,0.0,0.0,0.0,0.0,0.0,0.0,0.0,0.0,0.0,0.0,0.0,0.0,0.0,0.0,0.0,1.0,2020-12-26 14:00:00,22465.954,6.240542777777778,4.166666666666667,7.3
P006,2.0,0.0,0.0,36.18333333333333,0.0,0.0,0.0,0.0,2223.056982,12.0,0.088999,4.0,2223.718971,37.0,0.0,44.0,0.0,44.0,0.0,44.0,0.0,44.0,0.0,44.0,0.0,44.0,0.0,44.0,0.0,44.0,0.0,44.0,0.0,44.0,0.0,44.0,0.0,44.0,0.5468037912291658,13.0,3.0,4.0,37.0,1.0,74.0,2548.0,0.452993,15.0,0.0,0.0,0.0,0.0,0.0,0.0,0.0,0.0,0.0,0.0,0.0,0.0,0.0,0.0,0.0,0.0,0.0,0.0,0.0,0.0,0.0,0.0,0.0,0.0,2020-12-26 15:00:00,22465.954,6.240542777777778,4.166666666666667,7.3
P006,2.0,13.8,0.0,4.716666666666667,0.0,0.0,0.0,0.0,189.053981,26.0,1.558984,25.0,197.619943,100.0,600.0323896408081,291.0,103.216,291.0,301.10446190834045,291.0,0.0,291.0,0.0,291.0,0.0,291.0,0.0,291.0,18.391,291.0,0.0,291.0,0.0,291.0,0.0,291.0,0.0,291.0,0.0458410923794206,3.0,1.0,1.0,289.0,1.0,0.0,1752.0,0.0,0.0,0.0,0.0,0.0,0.0,0.0,0.0,0.0,0.0,0.0,0.0,0.0,0.0,0.0,0.0,0.0,0.0,0.0,0.0,0.0,0.0,0.0,0.0,1.0,0.0,2020-12-26 16:00:00,22465.954,6.240542777777778,4.166666666666667,7.3
P006,1.0,43.86666666666667,0.0,0.0,0.0,0.0,0.0,0.0,0.0,0.0,0.384996,12.0,0.5269919999999999,23.0,2658.5819940567017,898.0,411.419,898.0,2658.5819940567017,898.0,0.0,898.0,0.0,898.0,0.0,898.0,0.0,898.0,411.419,898.0,0.0,898.0,0.0,898.0,0.0,898.0,0.0,898.0,0.0,0.0,0.0,0.0,898.0,0.0,0.0,2465.0,0.090999,2.0,0.0,0.0,0.0,0.0,0.0,0.0,0.0,0.0,0.0,0.0,0.0,0.0,0.0,0.0,0.0,0.0,0.0,0.0,0.0,0.0,0.0,0.0,,1.0,2020-12-26 17:00:00,22465.954,6.240542777777778,4.166666666666667,7.3
P006,1.0,5.65,0.0,0.0,0.0,0.0,0.0,0.0,47.503,4.0,41.22199500000001,15.0,89.208994,34.0,125.0107547044754,72.0,11.67,72.0,88.08927142620087,72.0,0.0,72.0,0.0,72.0,0.0,72.0,0.0,72.0,8.774,72.0,0.0,72.0,0.0,72.0,0.0,72.0,0.0,72.0,0.1461846336902896,4.0,1.0,1.0,70.0,0.0,1.0,1409.0,0.0,0.0,0.0,0.0,0.0,0.0,0.0,0.0,0.0,0.0,0.0,0.0,0.0,0.0,0.0,0.0,0.0,0.0,0.0,0.0,0.0,0.0,0.0,0.0,0.0,,2020-12-26 18:00:00,22465.954,6.240542777777778,4.166666666666667,7.3
P006,1.0,36.0,0.0,0.0,0.0,0.0,0.0,0.0,2.73,1.0,0.0,0.0,2.739999,2.0,0.0,3.0,0.0,3.0,0.0,3.0,0.0,3.0,0.0,3.0,0.0,3.0,0.0,3.0,0.0,3.0,0.0,3.0,0.0,3.0,0.0,3.0,0.0,3.0,0.6365141682948128,2.0,1.0,0.0,2.0,1.0,0.0,4.0,0.0,0.0,0.0,0.0,0.0,0.0,0.0,0.0,0.0,0.0,0.0,0.0,0.0,0.0,0.0,0.0,0.0,0.0,0.0,0.0,0.0,0.0,0.0,0.0,,0.0,2020-12-26 19:00:00,22465.954,6.240542777777778,4.166666666666667,7.3
P006,2.0,59.35,0.0,0.0,0.0,0.0,0.0,0.0,73.891992,10.0,1574.808038,40.0,1649.118019,78.0,1955.063403725624,801.0,245.425,801.0,1819.4401717185967,801.0,0.0,801.0,0.0,801.0,0.0,801.0,0.0,801.0,220.908,801.0,0.0,801.0,0.0,801.0,0.0,801.0,0.0,801.0,0.094180019893872,18.0,7.0,6.0,788.0,728.0,673.0,2059.0,0.0,0.0,0.0,0.0,0.0,0.0,0.0,0.0,0.0,0.0,0.0,1.0,0.0,0.0,1.0,0.0,0.0,0.0,0.0,0.0,0.0,0.0,0.0,0.0,0.0,,2020-12-27 09:00:00,21122.32,5.867311111111111,2.783333333333333,5.716666666666667
P006,2.0,37.86666666666667,0.0,16.166666666666668,0.0,0.0,0.0,0.0,267.40100000000007,5.0,2.298994,16.0,682.517993,39.0,454.9132789373398,207.0,53.063,207.0,363.6138254404068,207.0,0.0,207.0,0.0,207.0,0.0,207.0,0.0,207.0,45.389,207.0,0.0,207.0,0.0,207.0,0.0,207.0,0.0,207.0,0.0849759280221804,5.0,1.0,2.0,204.0,178.0,8.0,2757.0,0.0,0.0,0.0,0.0,0.0,0.0,0.0,0.0,0.0,0.0,1.0,0.0,0.0,1.0,0.0,0.0,0.0,0.0,0.0,0.0,0.0,0.0,0.0,0.0,0.0,0.0,2020-12-27 10:00:00,21122.32,5.867311111111111,2.783333333333333,5.716666666666667
P006,2.0,27.7,0.0,2.1,0.0,0.0,0.0,0.0,54.413995,15.0,0.201998,7.0,57.510976,61.0,551.5261359214783,243.0,69.097,243.0,463.96224427223206,243.0,0.0,243.0,24.094242334365845,243.0,0.0,243.0,7.0,243.0,44.795,243.0,0.0,243.0,2.038,243.0,0.0,243.0,1.095,243.0,0.0743798138623682,4.0,2.0,1.0,240.0,50.0,1.0,2930.0,0.0,0.0,0.185997,5.0,0.0,0.0,0.0,0.0,0.0,0.0,0.0,0.0,0.0,0.0,0.0,0.0,0.0,0.0,0.0,0.0,0.0,0.0,0.0,0.0,0.0,0.0,2020-12-27 11:00:00,21122.32,5.867311111111111,2.783333333333333,5.716666666666667
P006,1.0,7.75,0.0,0.0,0.0,0.0,0.0,0.0,635.958983,18.0,15.895997,6.0,2394.647977,41.0,140.36884117126465,103.0,13.645,103.0,140.36884117126465,103.0,0.0,103.0,0.0,103.0,0.0,103.0,0.0,103.0,13.645,103.0,0.0,103.0,0.0,103.0,0.0,103.0,0.0,103.0,0.3859315902918317,16.0,5.0,5.0,93.0,1346.0,176.0,662.0,0.033,3.0,0.0,0.0,0.0,0.0,0.0,0.0,0.0,0.0,0.0,0.0,0.0,0.0,0.0,0.0,0.0,0.0,0.0,0.0,0.0,0.0,0.0,0.0,1.0,0.0,2020-12-27 12:00:00,21122.32,5.867311111111111,2.783333333333333,5.716666666666667
P006,0.0,0.0,0.0,0.0,0.0,0.0,0.0,0.0,3323.797007,7.0,0.0,0.0,3323.797007,7.0,0.0,15.0,0.0,15.0,0.0,15.0,0.0,15.0,0.0,15.0,0.0,15.0,0.0,15.0,0.0,15.0,0.0,15.0,0.0,15.0,0.0,15.0,0.0,15.0,1.0606018056124555,14.0,4.0,4.0,7.0,2675.0,31.0,4.0,0.0,0.0,0.0,0.0,0.0,0.0,0.0,0.0,0.0,0.0,0.0,0.0,0.0,0.0,0.0,0.0,0.0,0.0,0.0,0.0,0.0,0.0,0.0,0.0,0.0,1.0,2020-12-27 13:00:00,21122.32,5.867311111111111,2.783333333333333,5.716666666666667
P006,1.0,47.65,0.0,0.0,0.0,0.0,0.0,0.0,2572.312981,15.0,0.130997,7.0,2572.695971,40.0,0.0,47.0,0.0,47.0,0.0,47.0,0.0,47.0,0.0,47.0,0.0,47.0,0.0,47.0,0.0,47.0,0.0,47.0,0.0,47.0,0.0,47.0,0.0,47.0,0.5225690384113065,12.0,3.0,4.0,40.0,2380.0,6.0,1023.0,0.0,0.0,0.0,0.0,0.0,0.0,0.0,0.0,0.0,0.0,0.0,0.0,0.0,0.0,0.0,0.0,0.0,0.0,0.0,0.0,0.0,0.0,0.0,0.0,0.0,0.0,2020-12-27 14:00:00,21122.32,5.867311111111111,2.783333333333333,5.716666666666667
P006,2.0,50.333333333333336,0.0,3.616666666666666,0.0,0.0,0.0,0.0,0.177,8.0,2902.680018,15.0,2902.9640120000004,34.0,781.4441460371017,284.0,81.338,284.0,781.4441460371017,284.0,0.0,284.0,0.0,284.0,0.0,284.0,0.0,284.0,81.338,284.0,0.0,284.0,0.0,284.0,0.0,284.0,0.0,284.0,0.0,0.0,0.0,0.0,284.0,0.0,0.0,3222.0,0.0,0.0,0.0,0.0,0.0,0.0,0.0,0.0,0.0,0.0,0.0,0.0,0.0,0.0,0.0,0.0,0.0,0.0,0.0,0.0,0.0,0.0,0.0,0.0,0.0,0.0,2020-12-27 15:00:00,21122.32,5.867311111111111,2.783333333333333,5.716666666666667
P006,2.0,15.883333333333333,0.0,3.7666666666666666,0.0,0.0,0.0,0.0,0.0,0.0,0.3349879999999999,21.0,0.6019829999999999,37.0,1969.0238497257235,621.0,183.958,621.0,1969.0238497257235,621.0,0.0,621.0,0.0,621.0,0.0,621.0,0.0,621.0,183.958,621.0,0.0,621.0,0.0,621.0,0.0,621.0,0.0,621.0,0.0,0.0,0.0,0.0,621.0,0.0,0.0,2180.0,0.0,0.0,0.0,0.0,0.0,0.0,0.0,0.0,0.0,0.0,0.0,0.0,0.0,0.0,0.0,0.0,0.0,0.0,0.0,0.0,0.0,0.0,0.0,0.0,0.0,0.0,2020-12-27 16:00:00,21122.32,5.867311111111111,2.783333333333333,5.716666666666667
P006,0.0,0.0,0.0,0.0,0.0,0.0,0.0,0.0,2.193999,2.0,0.0,0.0,2.243997,5.0,40.83675229549408,21.0,4.363,21.0,0.0,21.0,0.0,21.0,0.0,21.0,0.0,21.0,0.0,21.0,0.0,21.0,0.0,21.0,0.0,21.0,0.0,21.0,0.0,21.0,0.3805062184775959,4.0,1.0,1.0,19.0,1.0,1.0,404.0,0.0,0.0,0.0,0.0,0.0,0.0,0.0,0.0,0.0,0.0,0.0,0.0,0.0,0.0,0.0,0.0,0.0,0.0,0.0,0.0,0.0,0.0,0.0,0.0,0.0,0.0,2020-12-27 17:00:00,21122.32,5.867311111111111,2.783333333333333,5.716666666666667
P006,0.0,0.0,0.0,0.0,0.0,0.0,0.0,0.0,72.811995,5.0,0.0,0.0,72.931992,12.0,41.46029341220856,33.0,5.161,33.0,0.0,33.0,0.0,33.0,0.0,33.0,0.0,33.0,0.0,33.0,0.0,33.0,0.0,33.0,0.0,33.0,0.0,33.0,0.0,33.0,0.5272997580716339,9.0,3.0,2.0,28.0,1.0,2.0,290.0,0.0,0.0,0.0,0.0,0.0,0.0,0.0,0.0,0.0,0.0,0.0,0.0,0.0,0.0,0.0,0.0,0.0,0.0,0.0,0.0,0.0,0.0,0.0,0.0,0.0,0.0,2020-12-27 18:00:00,21122.32,5.867311111111111,2.783333333333333,5.716666666666667
P006,1.0,0.0,0.0,0.0,0.0,0.0,0.0,0.0,0.0,0.0,0.0,0.0,0.0,0.0,0.0,0.0,0.0,0.0,0.0,0.0,0.0,0.0,0.0,0.0,0.0,0.0,0.0,0.0,0.0,0.0,0.0,0.0,0.0,0.0,0.0,0.0,0.0,0.0,0.0,0.0,0.0,0.0,0.0,0.0,0.0,0.0,0.0,0.0,0.0,0.0,0.0,0.0,0.0,0.0,0.0,0.0,0.0,0.0,0.0,0.0,0.0,0.0,0.0,0.0,0.0,0.0,0.0,0.0,0.0,0.0,0.0,0.0,2020-12-27 19:00:00,21122.32,5.867311111111111,2.783333333333333,5.716666666666667
P006,0.0,0.0,0.0,0.0,0.0,0.0,0.0,0.0,0.0,0.0,0.0,0.0,0.0,0.0,0.0,0.0,0.0,0.0,0.0,0.0,0.0,0.0,0.0,0.0,0.0,0.0,0.0,0.0,0.0,0.0,0.0,0.0,0.0,0.0,0.0,0.0,0.0,0.0,0.0,0.0,0.0,0.0,0.0,0.0,0.0,0.0,0.0,0.0,0.0,0.0,0.0,0.0,0.0,0.0,0.0,0.0,0.0,0.0,0.0,0.0,0.0,0.0,0.0,0.0,0.0,0.0,0.0,0.0,0.0,0.0,0.0,0.0,2020-12-27 20:00:00,21122.32,5.867311111111111,2.783333333333333,5.716666666666667
P006,0.0,0.0,0.0,0.0,0.0,0.0,0.0,0.0,0.0,0.0,0.0,0.0,0.0,0.0,0.0,0.0,0.0,0.0,0.0,0.0,0.0,0.0,0.0,0.0,0.0,0.0,0.0,0.0,0.0,0.0,0.0,0.0,0.0,0.0,0.0,0.0,0.0,0.0,0.0,0.0,0.0,0.0,0.0,0.0,0.0,0.0,0.0,0.0,0.0,0.0,0.0,0.0,0.0,0.0,0.0,0.0,0.0,0.0,0.0,0.0,0.0,0.0,0.0,0.0,0.0,0.0,0.0,0.0,0.0,0.0,,0.0,2020-12-27 21:00:00,21122.32,5.867311111111111,2.783333333333333,5.716666666666667
P006,2.0,17.483333333333334,0.0,23.416666666666668,0.0,0.0,0.0,0.0,2083.54599,12.0,110.240985,28.0,2194.162968,64.0,960.7394316196442,346.0,53.993,346.0,960.7394316196442,346.0,0.0,346.0,0.0,346.0,0.0,346.0,0.0,346.0,53.993,346.0,0.0,346.0,0.0,346.0,0.0,346.0,0.0,346.0,0.1509366684913149,18.0,5.0,5.0,336.0,1100.0,43.0,2021.0,0.0,0.0,0.0,0.0,0.0,0.0,0.0,0.0,0.0,0.0,0.0,0.0,0.0,0.0,0.0,0.0,0.0,0.0,0.0,0.0,2.0,2.0,0.0,0.0,0.0,,2020-12-28 10:00:00,21556.909,5.988030277777778,4.033333333333333,7.016666666666667
P006,1.0,22.7,0.0,0.0,0.0,0.0,0.0,0.0,684.436998,4.0,0.304994,15.0,685.3319759999999,61.0,439.98820304870605,213.0,52.491,213.0,439.98820304870605,213.0,0.0,213.0,0.0,213.0,0.0,213.0,0.0,213.0,52.491,213.0,0.0,213.0,0.0,213.0,0.0,213.0,0.0,213.0,0.0829875844334236,5.0,1.0,2.0,210.0,67.0,12.0,1645.0,0.138994,10.0,0.0,0.0,0.0,0.0,0.0,0.0,0.0,0.0,0.0,0.0,0.0,0.0,0.0,0.0,0.0,0.0,0.0,0.0,0.0,0.0,0.0,0.0,0.0,0.0,2020-12-28 11:00:00,21556.909,5.988030277777778,4.033333333333333,7.016666666666667
P006,2.0,9.6,0.0,0.0,0.0,0.0,0.0,0.0,0.0,0.0,13.963987,42.0,14.122984,49.0,160.54054009914398,114.0,14.05,114.0,148.8358405828476,114.0,0.0,114.0,0.0,114.0,0.0,114.0,0.0,114.0,12.255,114.0,0.0,114.0,0.0,114.0,0.0,114.0,0.0,114.0,0.3027344232643354,10.0,4.0,4.0,106.0,860.0,57.0,317.0,0.0,0.0,0.0,0.0,0.0,0.0,0.0,0.0,0.0,0.0,0.0,0.0,0.0,0.0,0.0,0.0,0.0,0.0,0.0,0.0,0.0,0.0,0.0,0.0,0.0,0.0,2020-12-28 12:00:00,21556.909,5.988030277777778,4.033333333333333,7.016666666666667
P006,2.0,13.316666666666666,0.0,26.666666666666668,0.0,0.0,0.0,0.0,1251.328015,34.0,33.25599600000001,15.0,1285.616996,86.0,150.9707157611847,140.0,10.492,140.0,150.9707157611847,140.0,0.0,140.0,0.0,140.0,0.0,140.0,0.0,140.0,10.492,140.0,0.0,140.0,0.0,140.0,0.0,140.0,0.0,140.0,0.2066266588562272,11.0,3.0,3.0,134.0,293.0,6.0,2701.0,0.0,0.0,0.0,0.0,0.0,0.0,0.0,0.0,0.0,0.0,0.0,0.0,0.0,0.0,0.0,0.0,0.0,0.0,0.0,0.0,0.0,0.0,0.0,0.0,0.0,0.0,2020-12-28 13:00:00,21556.909,5.988030277777778,4.033333333333333,7.016666666666667
P006,2.0,10.65,0.0,5.25,0.0,0.0,0.0,0.0,0.0,0.0,0.223992,14.0,0.33899,22.0,463.679878115654,182.0,42.968,182.0,463.679878115654,182.0,0.0,182.0,0.0,182.0,0.0,182.0,0.0,182.0,42.968,182.0,0.0,182.0,0.0,182.0,0.0,182.0,0.0,182.0,0.0,0.0,0.0,0.0,182.0,0.0,0.0,2053.0,0.0,0.0,0.0,0.0,0.0,0.0,0.0,0.0,0.0,0.0,0.0,0.0,0.0,0.0,0.0,0.0,0.0,0.0,0.0,0.0,0.0,0.0,0.0,0.0,0.0,0.0,2020-12-28 14:00:00,21556.909,5.988030277777778,4.033333333333333,7.016666666666667
P006,2.0,47.6,0.0,3.633333333333333,0.0,0.0,0.0,0.0,249.593993,6.0,0.117997,7.0,249.817985,24.0,536.1503403186798,193.0,35.207,193.0,536.1503403186798,193.0,0.0,193.0,0.0,193.0,0.0,193.0,0.0,193.0,35.207,193.0,0.0,193.0,0.0,193.0,0.0,193.0,0.0,193.0,0.1600529604913293,11.0,3.0,3.0,187.0,97.0,67.0,2921.0,0.0,0.0,0.0,0.0,0.0,0.0,0.0,0.0,0.0,0.0,0.0,0.0,0.0,0.0,0.0,0.0,0.0,0.0,0.0,0.0,0.0,0.0,0.0,0.0,0.0,0.0,2020-12-28 15:00:00,21556.909,5.988030277777778,4.033333333333333,7.016666666666667
P006,2.0,31.616666666666667,0.0,5.866666666666666,0.0,0.0,0.0,0.0,0.3659909999999999,13.0,9.990979,40.0,20.19695,109.0,2975.754480600357,1042.0,220.867,1042.0,2870.9232729673386,1042.0,0.0,1042.0,0.0,1042.0,0.0,1042.0,0.0,1042.0,204.891,1042.0,0.0,1042.0,0.0,1042.0,0.0,1042.0,0.0,1042.0,0.0,0.0,0.0,0.0,1042.0,0.0,0.0,3575.0,0.205999,10.0,0.0,0.0,0.0,0.0,0.0,0.0,0.0,0.0,0.0,0.0,0.0,0.0,0.0,0.0,0.0,0.0,0.0,0.0,0.0,0.0,0.0,0.0,,0.0,2020-12-28 16:00:00,21556.909,5.988030277777778,4.033333333333333,7.016666666666667
P006,1.0,4.883333333333334,0.0,0.0,0.0,0.0,0.0,0.0,33.584984000000006,30.0,6.8509860000000025,43.0,208.126954,123.0,1968.683490276337,685.0,193.231,685.0,1868.7015095949173,685.0,0.0,685.0,0.0,685.0,0.0,685.0,6.8007354736328125,685.0,177.663,685.0,0.0,685.0,0.0,685.0,0.0,685.0,2.815,685.0,0.0219794381354375,4.0,1.0,1.0,683.0,0.0,1.0,3185.0,0.116,4.0,0.0,0.0,0.0,0.0,0.0,0.0,0.0,0.0,0.0,0.0,0.0,0.0,0.0,0.0,0.0,0.0,0.0,0.0,0.0,0.0,0.0,0.0,0.0,,2020-12-28 17:00:00,21556.909,5.988030277777778,4.033333333333333,7.016666666666667
P006,2.0,3.55,0.0,35.25,0.0,0.0,0.0,0.0,5.186963,80.0,0.070999,3.0,7.126941,135.0,2713.2187259197235,919.0,181.79,919.0,2304.3118735551834,919.0,0.0,919.0,0.0,919.0,0.0,919.0,133.3631488084793,919.0,141.831,919.0,0.0,919.0,0.0,919.0,0.0,919.0,10.999,919.0,0.0085122327043157,2.0,1.0,0.0,918.0,0.0,0.0,1128.0,0.6229950000000001,11.0,0.0,0.0,0.0,0.0,0.0,0.0,0.0,0.0,0.0,0.0,0.0,0.0,0.0,0.0,0.0,0.0,0.0,0.0,0.0,0.0,0.0,0.0,0.0,0.0,2020-12-28 18:00:00,21556.909,5.988030277777778,4.033333333333333,7.016666666666667
P006,1.0,0.0,0.0,0.0,0.0,0.0,0.0,0.0,0.0,0.0,0.0,0.0,0.0,0.0,0.0,0.0,0.0,0.0,0.0,0.0,0.0,0.0,0.0,0.0,0.0,0.0,0.0,0.0,0.0,0.0,0.0,0.0,0.0,0.0,0.0,0.0,0.0,0.0,0.0,0.0,0.0,0.0,0.0,0.0,0.0,0.0,0.0,0.0,0.0,0.0,0.0,0.0,0.0,0.0,0.0,0.0,0.0,0.0,0.0,0.0,0.0,0.0,0.0,0.0,0.0,0.0,0.0,0.0,0.0,0.0,1.0,0.0,2020-12-28 19:00:00,21556.909,5.988030277777778,4.033333333333333,7.016666666666667
P006,1.0,0.0,0.0,0.0,0.0,0.0,0.0,0.0,1265.744,1.0,0.0,0.0,1265.744,1.0,0.0,1.0,0.0,1.0,0.0,1.0,0.0,1.0,0.0,1.0,0.0,1.0,0.0,1.0,0.0,1.0,0.0,1.0,0.0,1.0,0.0,1.0,0.0,1.0,0.0,0.0,0.0,0.0,1.0,0.0,0.0,1.0,0.0,0.0,0.0,0.0,0.0,0.0,0.0,0.0,0.0,0.0,0.0,0.0,0.0,0.0,0.0,0.0,0.0,0.0,0.0,0.0,0.0,0.0,0.0,0.0,0.0,1.0,2020-12-28 20:00:00,21556.909,5.988030277777778,4.033333333333333,7.016666666666667
P006,1.0,0.0,0.0,0.0,0.0,0.0,0.0,0.0,0.0,0.0,0.0,0.0,0.0,0.0,0.0,0.0,0.0,0.0,0.0,0.0,0.0,0.0,0.0,0.0,0.0,0.0,0.0,0.0,0.0,0.0,0.0,0.0,0.0,0.0,0.0,0.0,0.0,0.0,0.0,0.0,0.0,0.0,0.0,0.0,0.0,0.0,0.0,0.0,0.0,0.0,0.0,0.0,0.0,0.0,0.0,0.0,0.0,0.0,0.0,0.0,0.0,0.0,0.0,0.0,0.0,0.0,0.0,0.0,0.0,0.0,,0.0,2020-12-28 21:00:00,21556.909,5.988030277777778,4.033333333333333,7.016666666666667
P006,1.0,0.0,0.0,20.816666666666663,0.0,0.0,0.0,0.0,2784.316959,4.0,0.0,0.0,2784.346957999999,5.0,0.0,11.0,0.0,11.0,0.0,11.0,0.0,11.0,0.0,11.0,0.0,11.0,0.0,11.0,0.0,11.0,0.0,11.0,0.0,11.0,0.0,11.0,0.0,11.0,1.0670895187820832,9.0,3.0,3.0,5.0,2.0,97.0,2005.0,0.0,0.0,0.0,0.0,0.0,0.0,0.0,0.0,0.0,0.0,0.0,0.0,0.0,0.0,0.0,0.0,0.0,0.0,0.0,0.0,0.0,0.0,0.0,0.0,1.0,,2020-12-29 10:00:00,19494.815,5.415226388888889,3.083333333333333,5.783333333333333
P006,1.0,17.433333333333334,0.0,0.0,0.0,0.0,0.0,0.0,1826.979001,30.0,0.121999,3.0,1827.604993,49.0,585.4626830816269,232.0,59.613,232.0,438.9265513420105,232.0,0.0,232.0,0.0,232.0,0.0,232.0,121.77752029895782,232.0,36.732,232.0,0.0,232.0,0.0,232.0,0.0,232.0,20.233,232.0,0.2545880755948909,21.0,6.0,7.0,219.0,269.0,39.0,2972.0,0.0,0.0,0.0,0.0,0.0,0.0,0.0,0.0,0.0,0.0,0.0,0.0,0.0,0.0,0.0,0.0,0.0,0.0,0.0,0.0,0.0,0.0,0.0,0.0,1.0,1.0,2020-12-29 11:00:00,19494.815,5.415226388888889,3.083333333333333,5.783333333333333
P006,0.0,0.0,0.0,0.0,0.0,0.0,0.0,0.0,2287.747984,9.0,0.0,0.0,2287.8229840000004,10.0,0.0,19.0,0.0,19.0,0.0,19.0,0.0,19.0,0.0,19.0,0.0,19.0,0.0,19.0,0.0,19.0,0.0,19.0,0.0,19.0,0.0,19.0,0.0,19.0,1.017164350924834,14.0,5.0,4.0,10.0,1.0,76.0,2286.0,0.0,0.0,0.0,0.0,0.0,0.0,0.0,0.0,0.0,0.0,0.0,0.0,0.0,0.0,0.0,0.0,0.0,0.0,0.0,0.0,0.0,0.0,0.0,0.0,,1.0,2020-12-29 12:00:00,19494.815,5.415226388888889,3.083333333333333,5.783333333333333
P006,1.0,29.65,0.0,0.0,0.0,0.0,0.0,0.0,3056.266057,8.0,0.057,2.0,3056.670055,15.0,17.442519664764404,23.0,4.084,23.0,0.0,23.0,0.0,23.0,0.0,23.0,0.0,23.0,0.0,23.0,0.0,23.0,0.0,23.0,0.0,23.0,0.0,23.0,0.0,23.0,0.5825842452160127,7.0,2.0,2.0,19.0,0.0,12.0,1792.0,0.0,0.0,0.0,0.0,0.0,0.0,0.0,0.0,0.0,0.0,0.0,0.0,0.0,0.0,0.0,0.0,0.0,0.0,0.0,0.0,0.0,0.0,0.0,0.0,0.0,,2020-12-29 13:00:00,19494.815,5.415226388888889,3.083333333333333,5.783333333333333
P006,2.0,10.366666666666667,0.0,14.383333333333333,0.0,0.0,0.0,0.0,1121.073999,11.0,3.243984,46.0,1148.874949,144.0,1548.68845641613,606.0,173.489,606.0,1437.891307473183,606.0,0.0,606.0,0.0,606.0,0.0,606.0,68.45858836174011,606.0,162.701,606.0,0.0,606.0,0.0,606.0,0.0,606.0,8.946,606.0,0.0122212119626162,1.0,0.0,1.0,605.0,0.0,3.0,2395.0,0.67498,35.0,0.046,3.0,0.0,0.0,0.0,0.0,0.0,0.0,0.0,0.0,0.0,0.0,0.0,0.0,0.0,0.0,0.0,0.0,0.0,0.0,0.0,0.0,0.0,0.0,2020-12-29 14:00:00,19494.815,5.415226388888889,3.083333333333333,5.783333333333333
P006,1.0,32.25,0.0,0.0,0.0,0.0,0.0,0.0,132.02999,18.0,0.580989,25.0,201.592954,120.0,659.1023485660553,350.0,64.712,350.0,639.5863146781921,350.0,0.0,350.0,0.0,350.0,0.0,350.0,0.0,350.0,61.667,350.0,0.0,350.0,0.0,350.0,0.0,350.0,0.0,350.0,0.0703891405057097,8.0,2.0,2.0,346.0,0.0,0.0,3075.0,0.186997,10.0,0.0,0.0,0.0,0.0,0.0,0.0,0.0,0.0,0.0,0.0,0.0,0.0,0.0,0.0,0.0,0.0,0.0,0.0,0.0,0.0,0.0,0.0,1.0,0.0,2020-12-29 15:00:00,19494.815,5.415226388888889,3.083333333333333,5.783333333333333
P006,2.0,24.33333333333333,0.0,0.0,0.0,0.0,0.0,0.0,0.0,0.0,0.306992,18.0,0.6819820000000001,39.0,501.2116360664368,183.0,38.082,183.0,501.2116360664368,183.0,0.0,183.0,0.0,183.0,0.0,183.0,0.0,183.0,38.082,183.0,0.0,183.0,0.0,183.0,0.0,183.0,0.0,183.0,0.0,0.0,0.0,0.0,183.0,0.0,0.0,2641.0,0.0,0.0,0.0,0.0,0.0,0.0,0.0,0.0,0.0,0.0,0.0,0.0,0.0,0.0,0.0,0.0,0.0,0.0,0.0,0.0,0.0,0.0,0.0,0.0,,1.0,2020-12-29 16:00:00,19494.815,5.415226388888889,3.083333333333333,5.783333333333333
P006,2.0,28.25,0.0,5.116666666666666,0.0,0.0,0.0,0.0,5.165996,9.0,254.631995,17.0,341.761969,68.0,991.8041833639144,348.0,73.574,348.0,894.7328310012817,348.0,0.0,348.0,0.0,348.0,0.0,348.0,0.0,348.0,65.836,348.0,0.0,348.0,0.0,348.0,0.0,348.0,0.0,348.0,0.0,0.0,0.0,0.0,348.0,0.0,0.0,2932.0,0.0,0.0,0.0,0.0,0.0,0.0,0.0,0.0,0.0,0.0,0.0,0.0,0.0,0.0,0.0,0.0,0.0,0.0,0.0,0.0,0.0,0.0,0.0,0.0,0.0,,2020-12-29 17:00:00,19494.815,5.415226388888889,3.083333333333333,5.783333333333333
P006,1.0,0.0,0.0,0.0,0.0,0.0,0.0,0.0,2.444999,1.0,0.0,0.0,2.444999,1.0,0.0,2.0,0.0,2.0,0.0,2.0,0.0,2.0,0.0,2.0,0.0,2.0,0.0,2.0,0.0,2.0,0.0,2.0,0.0,2.0,0.0,2.0,0.0,2.0,0.6931471805599453,1.0,1.0,0.0,1.0,1.0,0.0,0.0,0.0,0.0,0.0,0.0,0.0,0.0,0.0,0.0,0.0,0.0,0.0,0.0,0.0,0.0,0.0,0.0,0.0,0.0,0.0,0.0,0.0,0.0,0.0,0.0,1.0,0.0,2020-12-29 18:00:00,19494.815,5.415226388888889,3.083333333333333,5.783333333333333
P006,1.0,0.0,0.0,0.0,0.0,0.0,0.0,0.0,0.0,0.0,0.0,0.0,0.0,0.0,0.0,0.0,0.0,0.0,0.0,0.0,0.0,0.0,0.0,0.0,0.0,0.0,0.0,0.0,0.0,0.0,0.0,0.0,0.0,0.0,0.0,0.0,0.0,0.0,0.0,0.0,0.0,0.0,0.0,0.0,0.0,0.0,0.0,0.0,0.0,0.0,0.0,0.0,0.0,0.0,0.0,0.0,0.0,0.0,0.0,0.0,0.0,0.0,0.0,0.0,0.0,0.0,0.0,0.0,0.0,0.0,1.0,1.0,2020-12-29 19:00:00,19494.815,5.415226388888889,3.083333333333333,5.783333333333333
P006,1.0,0.0,0.0,0.0,0.0,0.0,0.0,0.0,0.0,0.0,0.0,0.0,0.0,0.0,0.0,0.0,0.0,0.0,0.0,0.0,0.0,0.0,0.0,0.0,0.0,0.0,0.0,0.0,0.0,0.0,0.0,0.0,0.0,0.0,0.0,0.0,0.0,0.0,0.0,0.0,0.0,0.0,0.0,0.0,0.0,0.0,0.0,0.0,0.0,0.0,0.0,0.0,0.0,0.0,0.0,0.0,0.0,0.0,0.0,0.0,0.0,0.0,0.0,0.0,0.0,0.0,0.0,0.0,0.0,0.0,,1.0,2020-12-29 20:00:00,19494.815,5.415226388888889,3.083333333333333,5.783333333333333
P006,1.0,36.18333333333333,0.0,0.0,0.0,0.0,0.0,0.0,2980.028022,4.0,0.0,0.0,2980.028022,4.0,0.0,10.0,0.0,10.0,0.0,10.0,0.0,10.0,0.0,10.0,0.0,10.0,0.0,10.0,0.0,10.0,0.0,10.0,0.0,10.0,0.0,10.0,0.0,10.0,1.0888999753452238,9.0,3.0,3.0,4.0,0.0,105.0,1762.0,0.0,0.0,0.0,0.0,0.0,0.0,0.0,0.0,0.0,0.0,0.0,0.0,0.0,0.0,0.0,0.0,0.0,0.0,0.0,0.0,0.0,0.0,0.0,0.0,0.0,,2020-12-30 09:00:00,18679.177,5.188660277777777,3.3,5.9
P006,2.0,37.35,0.0,11.366666666666667,0.0,0.0,0.0,0.0,351.92099700000006,7.0,1982.2389760000003,16.0,2642.96297,38.0,1629.6726849079132,640.0,205.899,640.0,1629.6726849079132,640.0,0.0,640.0,0.0,640.0,0.0,640.0,0.0,640.0,205.899,640.0,0.0,640.0,0.0,640.0,0.0,640.0,0.0,640.0,0.1204118101108486,23.0,7.0,7.0,626.0,392.0,665.0,2201.0,307.548,1.0,0.0,0.0,0.0,0.0,0.0,0.0,0.0,0.0,0.0,0.0,0.0,0.0,0.0,0.0,0.0,0.0,0.0,0.0,0.0,0.0,0.0,0.0,0.0,0.0,2020-12-30 10:00:00,18679.177,5.188660277777777,3.3,5.9
P006,1.0,0.0,0.0,0.0,0.0,0.0,0.0,0.0,2720.5881000000004,5.0,0.0,0.0,2720.987096,10.0,17.442519664764404,18.0,12.588,18.0,0.0,18.0,0.0,18.0,0.0,18.0,0.0,18.0,0.0,18.0,0.0,18.0,0.0,18.0,0.0,18.0,0.0,18.0,0.0,18.0,0.6837389058487535,7.0,2.0,2.0,14.0,0.0,4.0,2693.0,0.0,0.0,0.0,0.0,0.0,0.0,0.0,0.0,0.0,0.0,0.0,0.0,0.0,0.0,0.0,0.0,0.0,0.0,0.0,0.0,0.0,0.0,0.0,0.0,0.0,0.0,2020-12-30 11:00:00,18679.177,5.188660277777777,3.3,5.9
P006,2.0,41.25,0.0,5.316666666666666,0.0,0.0,0.0,0.0,11.469993,19.0,3.953997,5.0,1699.518984,47.0,186.86663591861725,98.0,9.045,98.0,186.86663591861725,98.0,0.0,98.0,0.0,98.0,0.0,98.0,0.0,98.0,9.045,98.0,0.0,98.0,0.0,98.0,0.0,98.0,0.0,98.0,0.15634912088311,3.0,1.0,2.0,95.0,36.0,542.0,1581.0,0.0,0.0,0.0,0.0,0.0,0.0,0.0,0.0,0.0,0.0,0.0,0.0,0.0,0.0,0.0,0.0,0.0,0.0,0.0,0.0,0.0,0.0,0.0,0.0,1.0,0.0,2020-12-30 12:00:00,18679.177,5.188660277777777,3.3,5.9
P006,2.0,42.21666666666667,0.0,4.783333333333333,0.0,0.0,0.0,0.0,816.015995,7.0,1.588989,29.0,818.1469819999999,45.0,3519.9952520132065,1132.0,282.527,1132.0,3519.9952520132065,1132.0,0.0,1132.0,0.0,1132.0,0.0,1132.0,0.0,1132.0,282.527,1132.0,0.0,1132.0,0.0,1132.0,0.0,1132.0,0.0,1132.0,0.0566949940024701,17.0,5.0,5.0,1122.0,1.0,21.0,3323.0,0.0,0.0,0.0,0.0,0.0,0.0,0.0,0.0,0.0,0.0,0.0,0.0,0.0,0.0,0.0,0.0,0.0,0.0,0.0,0.0,0.0,0.0,0.0,0.0,,1.0,2020-12-30 13:00:00,18679.177,5.188660277777777,3.3,5.9
P006,1.0,56.25,0.0,0.0,0.0,0.0,0.0,0.0,0.133996,5.0,0.271997,10.0,0.49699,22.0,533.0831960439682,196.0,34.799,196.0,533.0831960439682,196.0,0.0,196.0,0.0,196.0,0.0,196.0,0.0,196.0,34.799,196.0,0.0,196.0,0.0,196.0,0.0,196.0,0.0,196.0,0.0,0.0,0.0,0.0,196.0,0.0,0.0,2829.0,0.0,0.0,0.0,0.0,0.0,0.0,0.0,0.0,0.0,0.0,0.0,0.0,0.0,0.0,0.0,0.0,0.0,0.0,0.0,0.0,0.0,0.0,0.0,0.0,0.0,,2020-12-30 14:00:00,18679.177,5.188660277777777,3.3,5.9
P006,2.0,23.85,0.0,17.7,0.0,0.0,0.0,0.0,1242.1969820000002,13.0,0.6459860000000001,25.0,1290.582944,98.0,350.5540488958359,216.0,30.523,216.0,288.3970526456833,216.0,0.0,216.0,0.0,216.0,0.0,216.0,39.26285171508789,216.0,26.127,216.0,0.0,216.0,0.0,216.0,0.0,216.0,1.869,216.0,0.1651447365215289,13.0,4.0,3.0,209.0,5.0,7.0,2785.0,0.726986,29.0,0.0,0.0,0.0,0.0,0.0,0.0,0.0,0.0,0.0,0.0,0.0,0.0,0.0,0.0,0.0,0.0,0.0,0.0,0.0,0.0,0.0,0.0,,0.0,2020-12-30 15:00:00,18679.177,5.188660277777777,3.3,5.9
P006,1.0,32.86666666666667,0.0,0.0,0.0,0.0,0.0,0.0,1849.860998,3.0,0.139996,7.0,1850.14999,23.0,232.43610107898712,102.0,18.078,102.0,165.27168262004852,102.0,0.0,102.0,0.0,102.0,0.0,102.0,0.0,102.0,13.121,102.0,0.0,102.0,0.0,102.0,0.0,102.0,0.0,102.0,0.1514124257897192,6.0,1.0,2.0,99.0,0.0,5.0,1628.0,0.0,0.0,0.0,0.0,0.0,0.0,0.0,0.0,0.0,0.0,0.0,0.0,0.0,0.0,0.0,0.0,0.0,0.0,0.0,0.0,0.0,0.0,0.0,0.0,1.0,,2020-12-30 16:00:00,18679.177,5.188660277777777,3.3,5.9
P006,2.0,29.23333333333333,0.0,15.583333333333334,0.0,0.0,0.0,0.0,6.895992000000001,21.0,0.359992,17.0,1194.229954,87.0,2495.743708372116,824.0,357.054,824.0,2397.568436861038,824.0,0.0,824.0,0.0,824.0,0.0,824.0,0.0,824.0,326.817,824.0,0.0,824.0,0.0,824.0,0.0,824.0,0.0,824.0,0.0,0.0,0.0,0.0,824.0,0.0,0.0,2790.0,0.0,0.0,0.0,0.0,0.0,0.0,0.0,0.0,0.0,0.0,0.0,0.0,0.0,0.0,0.0,0.0,0.0,0.0,0.0,0.0,0.0,0.0,0.0,0.0,0.0,1.0,2020-12-30 17:00:00,18679.177,5.188660277777777,3.3,5.9
P006,1.0,47.73333333333333,0.0,0.0,0.0,0.0,0.0,0.0,13.958998,2.0,0.0,0.0,15.667996,4.0,0.0,7.0,0.0,7.0,0.0,7.0,0.0,7.0,0.0,7.0,0.0,7.0,0.0,7.0,0.0,7.0,0.0,7.0,0.0,7.0,0.0,7.0,0.0,7.0,0.9556998911125344,5.0,2.0,1.0,4.0,0.0,7.0,20.0,0.0,0.0,0.0,0.0,0.0,0.0,0.0,0.0,0.0,0.0,0.0,0.0,0.0,0.0,0.0,0.0,0.0,0.0,0.0,0.0,0.0,0.0,0.0,0.0,0.0,0.0,2020-12-30 18:00:00,18679.177,5.188660277777777,3.3,5.9
P006,1.0,0.0,0.0,0.0,0.0,0.0,0.0,0.0,0.0,0.0,0.0,0.0,0.0,0.0,0.0,0.0,0.0,0.0,0.0,0.0,0.0,0.0,0.0,0.0,0.0,0.0,0.0,0.0,0.0,0.0,0.0,0.0,0.0,0.0,0.0,0.0,0.0,0.0,0.0,0.0,0.0,0.0,0.0,0.0,0.0,0.0,0.0,0.0,0.0,0.0,0.0,0.0,0.0,0.0,0.0,0.0,0.0,0.0,0.0,0.0,0.0,0.0,0.0,0.0,0.0,0.0,0.0,0.0,0.0,0.0,,0.0,2020-12-30 19:00:00,18679.177,5.188660277777777,3.3,5.9
P006,0.0,0.0,0.0,0.0,0.0,0.0,0.0,0.0,0.0,0.0,0.0,0.0,0.0,0.0,0.0,0.0,0.0,0.0,0.0,0.0,0.0,0.0,0.0,0.0,0.0,0.0,0.0,0.0,0.0,0.0,0.0,0.0,0.0,0.0,0.0,0.0,0.0,0.0,0.0,0.0,0.0,0.0,0.0,0.0,0.0,0.0,0.0,0.0,0.0,0.0,0.0,0.0,0.0,0.0,0.0,0.0,0.0,0.0,0.0,0.0,0.0,0.0,0.0,0.0,0.0,0.0,0.0,0.0,0.0,0.0,0.0,,2020-12-30 20:00:00,18679.177,5.188660277777777,3.3,5.9
P006,1.0,36.5,0.0,0.0,0.0,0.0,0.0,0.0,0.0,0.0,0.0,0.0,0.0,0.0,0.0,0.0,0.0,0.0,0.0,0.0,0.0,0.0,0.0,0.0,0.0,0.0,0.0,0.0,0.0,0.0,0.0,0.0,0.0,0.0,0.0,0.0,0.0,0.0,0.0,0.0,0.0,0.0,0.0,0.0,0.0,0.0,0.0,0.0,0.0,0.0,0.0,0.0,0.0,0.0,0.0,0.0,0.0,0.0,0.0,0.0,0.0,0.0,0.0,0.0,0.0,0.0,0.0,0.0,0.0,0.0,,0.0,2020-12-30 21:00:00,18679.177,5.188660277777777,3.3,5.9
P006,2.0,29.816666666666663,0.0,15.516666666666667,0.0,0.0,0.0,0.0,900.326005,9.0,0.183998,7.0,943.979,31.0,816.4663681983948,283.0,55.97,283.0,816.4663681983948,283.0,0.0,283.0,0.0,283.0,0.0,283.0,0.0,283.0,55.97,283.0,0.0,283.0,0.0,283.0,0.0,283.0,0.0,283.0,0.304357808163969,29.0,10.0,10.0,263.0,545.0,124.0,2888.0,0.093999,6.0,0.05,1.0,0.0,0.0,0.0,0.0,0.0,0.0,0.0,0.0,0.0,0.0,0.0,0.0,0.0,0.0,0.0,0.0,6.0,6.0,0.0,0.0,0.0,,2020-12-31 11:00:00,13117.151,3.6436530555555553,3.1666666666666665,4.983333333333333
P006,2.0,35.06666666666667,0.0,2.0,0.0,0.0,0.0,0.0,1227.886011,8.0,39.844986,30.0,1284.770993,48.0,862.9247039556503,362.0,160.217,362.0,851.6002181768417,362.0,0.0,362.0,0.0,362.0,0.0,362.0,11.324485778808594,362.0,99.712,362.0,0.0,362.0,0.0,362.0,0.0,362.0,60.505,362.0,0.1086529699079354,12.0,3.0,4.0,355.0,307.0,16.0,3004.0,0.0,0.0,0.0,0.0,0.0,0.0,0.0,0.0,0.0,0.0,0.0,0.0,0.0,0.0,0.0,0.0,0.0,0.0,0.0,0.0,0.0,0.0,0.0,0.0,0.0,0.0,2020-12-31 12:00:00,13117.151,3.6436530555555553,3.1666666666666665,4.983333333333333
P006,2.0,40.25,0.0,12.966666666666669,0.0,0.0,0.0,0.0,0.0,0.0,1.681984,34.0,1.891984,41.0,1404.5941437482834,454.0,114.09,454.0,1404.5941437482834,454.0,0.0,454.0,0.0,454.0,0.0,454.0,0.0,454.0,114.09,454.0,0.0,454.0,0.0,454.0,0.0,454.0,0.0,454.0,0.0,0.0,0.0,0.0,454.0,0.0,0.0,2587.0,0.0,0.0,0.0,0.0,0.0,0.0,0.0,0.0,0.0,0.0,0.0,0.0,0.0,0.0,0.0,0.0,0.0,0.0,0.0,0.0,0.0,0.0,0.0,0.0,,0.0,2020-12-31 13:00:00,13117.151,3.6436530555555553,3.1666666666666665,4.983333333333333
P006,2.0,48.78333333333333,0.0,3.333333333333333,0.0,0.0,0.0,0.0,357.74899400000004,13.0,28.38695,98.0,386.553934,139.0,4863.833864331245,1559.0,461.159,1559.0,4863.833864331245,1559.0,0.0,1559.0,0.0,1559.0,0.0,1559.0,0.0,1559.0,461.159,1559.0,0.0,1559.0,0.0,1559.0,0.0,1559.0,0.0,1559.0,0.0318190160341238,13.0,3.0,4.0,1552.0,26.0,15.0,3203.0,0.0,0.0,0.0,0.0,0.0,0.0,0.0,0.0,0.0,0.0,0.0,0.0,0.0,0.0,0.0,0.0,0.0,0.0,0.0,0.0,0.0,0.0,0.0,0.0,0.0,,2020-12-31 15:00:00,13117.151,3.6436530555555553,3.1666666666666665,4.983333333333333
P006,2.0,41.41666666666666,0.0,8.966666666666667,0.0,0.0,0.0,0.0,1373.5830090000002,14.0,1.4589720000000002,64.0,1377.5399639999996,134.0,3457.1719534397125,1172.0,421.03,1172.0,3295.390813589096,1172.0,0.0,1172.0,0.0,1172.0,0.0,1172.0,74.20719313621521,1172.0,412.2,1172.0,0.0,1172.0,0.0,1172.0,0.0,1172.0,2.947,1172.0,0.0730408214981186,25.0,7.0,7.0,1158.0,0.0,78.0,3442.0,0.0,0.0,1.314998,9.0,0.0,0.0,0.0,0.0,0.0,0.0,0.0,0.0,0.0,0.0,0.0,0.0,0.0,0.0,0.0,0.0,0.0,0.0,0.0,0.0,,0.0,2020-12-31 16:00:00,13117.151,3.6436530555555553,3.1666666666666665,4.983333333333333
P006,2.0,52.15,0.0,7.066666666666666,0.0,0.0,0.0,0.0,6.449992,15.0,51.191973,70.0,97.323886,267.0,6517.5267552137375,2176.0,687.245,2176.0,4738.830703735352,2176.0,0.0,2176.0,0.0,2176.0,0.0,2176.0,1522.7207896709442,2176.0,322.321,2176.0,0.0,2176.0,2.309,2176.0,0.0,2176.0,156.416,2176.0,0.0,0.0,0.0,0.0,2176.0,0.0,0.0,2989.0,0.0,0.0,1.654994,9.0,0.0,0.0,0.0,0.0,0.0,0.0,0.0,0.0,0.0,0.0,0.0,0.0,0.0,0.0,0.0,0.0,0.0,0.0,0.0,0.0,0.0,,2020-12-31 17:00:00,13117.151,3.6436530555555553,3.1666666666666665,4.983333333333333
P006,2.0,21.516666666666666,0.0,2.033333333333333,0.0,0.0,0.0,0.0,3.125,1.0,0.0,0.0,3.125,1.0,0.0,2.0,0.0,2.0,0.0,2.0,0.0,2.0,0.0,2.0,0.0,2.0,0.0,2.0,0.0,2.0,0.0,2.0,0.0,2.0,0.0,2.0,0.0,2.0,0.6931471805599453,1.0,1.0,0.0,1.0,1.0,0.0,0.0,0.0,0.0,0.0,0.0,0.0,0.0,0.0,0.0,0.0,0.0,0.0,0.0,0.0,0.0,0.0,0.0,0.0,0.0,0.0,0.0,0.0,0.0,0.0,0.0,,0.0,2020-12-31 18:00:00,13117.151,3.6436530555555553,3.1666666666666665,4.983333333333333
P006,1.0,0.0,0.0,0.0,0.0,0.0,0.0,0.0,0.0,0.0,0.0,0.0,0.0,0.0,0.0,0.0,0.0,0.0,0.0,0.0,0.0,0.0,0.0,0.0,0.0,0.0,0.0,0.0,0.0,0.0,0.0,0.0,0.0,0.0,0.0,0.0,0.0,0.0,0.0,0.0,0.0,0.0,0.0,0.0,0.0,0.0,0.0,0.0,0.0,0.0,0.0,0.0,0.0,0.0,0.0,0.0,0.0,0.0,0.0,0.0,0.0,0.0,0.0,0.0,0.0,0.0,0.0,0.0,0.0,0.0,0.0,,2020-12-31 19:00:00,13117.151,3.6436530555555553,3.1666666666666665,4.983333333333333
P006,0.0,0.0,0.0,0.0,0.0,0.0,0.0,0.0,0.0,0.0,0.0,0.0,0.0,0.0,0.0,0.0,0.0,0.0,0.0,0.0,0.0,0.0,0.0,0.0,0.0,0.0,0.0,0.0,0.0,0.0,0.0,0.0,0.0,0.0,0.0,0.0,0.0,0.0,0.0,0.0,0.0,0.0,0.0,0.0,0.0,0.0,0.0,0.0,0.0,0.0,0.0,0.0,0.0,0.0,0.0,0.0,0.0,0.0,0.0,0.0,0.0,0.0,0.0,0.0,0.0,0.0,0.0,0.0,0.0,0.0,,0.0,2020-12-31 20:00:00,13117.151,3.6436530555555553,3.1666666666666665,4.983333333333333
P006,3.0,12.75,0.0,9.733333333333333,0.0,0.0,0.0,0.0,3215.189006,28.0,0.375988,22.0,3221.165991,62.0,498.46764147281647,231.0,39.877,231.0,490.9012686014176,231.0,0.0,231.0,0.0,231.0,0.0,231.0,7.566372871398926,231.0,36.49,231.0,0.0,231.0,0.0,231.0,0.0,231.0,3.387,231.0,0.5198186271482218,57.0,17.0,17.0,197.0,1.0,152.0,2004.0,0.0,0.0,0.0,0.0,0.0,0.0,0.0,0.0,0.0,0.0,1.0,0.0,0.0,0.0,0.0,1.0,866.0,1.0,153.0,0.0,0.0,0.0,0.0,0.0,0.0,,2021-01-01 11:00:00,18716.86,5.199127777777778,3.066666666666667,5.666666666666667
P006,1.0,2.7666666666666666,0.0,0.0,0.0,0.0,0.0,0.0,2796.008996,20.0,0.392992,22.0,2826.205983,55.0,418.6117025613785,231.0,57.965,231.0,292.856768488884,231.0,0.0,231.0,0.0,231.0,0.0,231.0,11.773505687713625,231.0,44.798,231.0,0.0,231.0,0.0,231.0,0.0,231.0,5.545,231.0,0.2852010895841073,25.0,7.0,8.0,216.0,91.0,67.0,1172.0,0.0,0.0,0.0,0.0,0.0,0.0,0.0,0.0,0.0,0.0,0.0,0.0,0.0,0.0,0.0,0.0,0.0,0.0,0.0,0.0,0.0,0.0,0.0,0.0,,0.0,2021-01-01 12:00:00,18716.86,5.199127777777778,3.066666666666667,5.666666666666667
P006,2.0,17.533333333333335,0.0,16.916666666666668,0.0,0.0,0.0,0.0,1.026999,3.0,26.535996000000004,16.0,52.806988,40.0,294.75996696949005,129.0,20.168,129.0,294.75996696949005,129.0,0.0,129.0,0.0,129.0,0.0,129.0,0.0,129.0,20.168,129.0,0.0,129.0,0.0,129.0,0.0,129.0,0.0,129.0,0.0,0.0,0.0,0.0,129.0,0.0,0.0,2641.0,0.0,0.0,0.0,0.0,0.0,0.0,0.0,0.0,0.0,0.0,0.0,0.0,0.0,0.0,0.0,1.0,1.0,0.0,0.0,0.0,0.0,0.0,0.0,0.0,1.0,,2021-01-01 13:00:00,18716.86,5.199127777777778,3.066666666666667,5.666666666666667
P006,2.0,6.05,0.0,11.0,0.0,0.0,0.0,0.0,581.583991,8.0,0.206999,6.0,595.022983,29.0,390.4493954181671,163.0,52.358,163.0,390.4493954181671,163.0,0.0,163.0,0.0,163.0,0.0,163.0,0.0,163.0,52.358,163.0,0.0,163.0,0.0,163.0,0.0,163.0,0.0,163.0,0.1831841568086456,10.0,3.0,3.0,157.0,1.0,21.0,707.0,0.092998,6.0,0.0,0.0,0.0,0.0,0.0,0.0,0.0,0.0,1.0,0.0,0.0,1.0,0.0,0.0,0.0,0.0,0.0,0.0,0.0,0.0,0.0,0.0,,1.0,2021-01-01 14:00:00,18716.86,5.199127777777778,3.066666666666667,5.666666666666667
P006,2.0,47.333333333333336,0.0,1.8666666666666667,0.0,0.0,0.0,0.0,72.42099,25.0,0.986981,45.0,86.13590500000001,229.0,948.4302413463593,522.0,85.276,522.0,763.9932616949081,522.0,0.0,522.0,0.0,522.0,0.0,522.0,17.848857879638672,522.0,70.562,522.0,0.0,522.0,0.0,522.0,0.0,522.0,1.301,522.0,0.0707274255828398,12.0,3.0,3.0,516.0,5.0,8.0,3463.0,0.444992,15.0,0.089,3.0,0.0,0.0,0.0,0.0,0.0,0.0,0.0,0.0,0.0,0.0,0.0,0.0,0.0,0.0,0.0,0.0,0.0,0.0,0.0,0.0,0.0,,2021-01-01 15:00:00,18716.86,5.199127777777778,3.066666666666667,5.666666666666667
P006,2.0,0.0,0.0,25.5,0.0,0.0,0.0,0.0,2218.285002,10.0,0.052999,3.0,2375.754006,18.0,253.37669205665588,89.0,55.044,89.0,187.37811541557312,89.0,0.0,89.0,0.0,89.0,0.0,89.0,0.0,89.0,52.847,89.0,0.0,89.0,0.0,89.0,0.0,89.0,0.0,89.0,0.4591865398520612,19.0,6.0,5.0,78.0,1.0,81.0,3201.0,0.0,0.0,0.0,0.0,0.0,0.0,0.0,0.0,0.0,0.0,0.0,0.0,0.0,0.0,0.0,0.0,0.0,0.0,0.0,0.0,0.0,0.0,0.0,0.0,,0.0,2021-01-01 16:00:00,18716.86,5.199127777777778,3.066666666666667,5.666666666666667
P006,1.0,29.1,0.0,0.0,0.0,0.0,0.0,0.0,492.126,2.0,27.179993,16.0,544.9899790000001,52.0,4995.69712305069,1554.0,1213.229,1554.0,4926.923552632332,1554.0,0.0,1554.0,0.0,1554.0,0.0,1554.0,0.0,1554.0,535.91,1554.0,0.0,1554.0,0.0,1554.0,0.0,1554.0,0.0,1554.0,0.0053721143575084,2.0,0.0,1.0,1553.0,0.0,1.0,2537.0,2.941999,2.0,0.0,0.0,0.0,0.0,0.0,0.0,0.0,0.0,1.0,0.0,0.0,0.0,0.0,1.0,929.0,0.0,0.0,0.0,0.0,0.0,0.0,0.0,0.0,,2021-01-01 17:00:00,18716.86,5.199127777777778,3.066666666666667,5.666666666666667
P006,1.0,0.0,0.0,0.0,0.0,0.0,0.0,0.0,2.434999,1.0,0.0,0.0,2.434999,1.0,0.0,2.0,0.0,2.0,0.0,2.0,0.0,2.0,0.0,2.0,0.0,2.0,0.0,2.0,0.0,2.0,0.0,2.0,0.0,2.0,0.0,2.0,0.0,2.0,0.6931471805599453,1.0,1.0,0.0,1.0,1.0,0.0,0.0,0.0,0.0,0.0,0.0,0.0,0.0,0.0,0.0,0.0,0.0,0.0,0.0,0.0,0.0,0.0,0.0,0.0,0.0,0.0,0.0,0.0,0.0,0.0,0.0,,0.0,2021-01-01 18:00:00,18716.86,5.199127777777778,3.066666666666667,5.666666666666667
P006,2.0,6.266666666666667,0.0,47.266666666666666,0.0,0.0,0.0,0.0,2977.357019,26.0,101.694987,25.0,3190.262997,61.0,1648.08715903759,580.0,141.838,580.0,1648.08715903759,580.0,0.0,580.0,0.0,580.0,0.0,580.0,0.0,580.0,141.838,580.0,0.0,580.0,0.0,580.0,0.0,580.0,0.0,580.0,0.275645735309612,60.0,18.0,18.0,544.0,791.0,113.0,2238.0,0.072999,1.0,107.057998,1.0,0.0,0.0,0.0,0.0,0.0,0.0,2.0,1.0,0.0,749.0,172.0,1.0,489.0,0.0,0.0,0.0,0.0,0.0,0.0,0.0,1.0,,2021-01-02 10:00:00,20106.274,5.585076111111111,3.4,6.2
P006,4.0,41.25,0.0,17.016666666666666,0.0,0.0,0.0,0.0,2493.250993,21.0,19.153985,31.0,2515.3519639999995,96.0,676.9429568052292,303.0,51.494,303.0,658.0363385677338,303.0,0.0,303.0,0.0,303.0,0.0,303.0,0.0,303.0,49.475,303.0,0.0,303.0,0.0,303.0,0.0,303.0,0.0,303.0,0.3721299768376386,44.0,14.0,14.0,275.0,283.0,82.0,2959.0,0.0,0.0,0.0,0.0,0.0,0.0,0.0,0.0,0.0,1.0,2.0,2.0,0.0,524.0,590.0,1.0,725.0,0.0,0.0,0.0,0.0,0.0,0.0,0.0,0.0,1.0,2021-01-02 11:00:00,20106.274,5.585076111111111,3.4,6.2
P006,1.0,56.28333333333333,0.0,0.0,0.0,0.0,0.0,0.0,28.824,3.0,0.901984,39.0,337.008936,136.0,655.1045770645142,326.0,49.702,326.0,576.3174645900726,326.0,0.0,326.0,0.0,326.0,0.0,326.0,0.0,326.0,43.004,326.0,0.0,326.0,0.0,326.0,0.0,326.0,0.0,326.0,0.0581612011150574,5.0,1.0,2.0,323.0,0.0,12.0,2822.0,0.0,0.0,0.0,0.0,0.0,0.0,0.0,0.0,0.0,0.0,1.0,0.0,0.0,57.0,0.0,3.0,1983.0,0.0,0.0,0.0,0.0,0.0,0.0,0.0,,0.0,2021-01-02 12:00:00,20106.274,5.585076111111111,3.4,6.2
P006,1.0,41.3,0.0,0.0,0.0,0.0,0.0,0.0,325.08398,8.0,0.4279929999999999,15.0,327.5629660000001,54.0,717.9115903377533,274.0,86.375,274.0,683.1498413085938,274.0,0.0,274.0,0.0,274.0,0.0,274.0,0.0,274.0,83.241,274.0,0.0,274.0,0.0,274.0,0.0,274.0,0.0,274.0,0.1819421853845356,18.0,5.0,5.0,264.0,2.0,25.0,2783.0,0.0,0.0,0.0,0.0,0.0,0.0,0.0,0.0,0.0,0.0,2.0,2.0,0.0,180.0,471.0,5.0,2104.0,0.0,0.0,0.0,0.0,0.0,0.0,0.0,1.0,,2021-01-02 13:00:00,20106.274,5.585076111111111,3.4,6.2
P006,3.0,7.066666666666666,18.116666666666667,0.0,0.0,0.0,0.0,4.516666666666667,1240.593988,20.0,48.343986,39.0,1790.116931,129.0,1347.6738880872726,558.0,124.991,558.0,1229.2920460700989,558.0,0.0,558.0,0.0,558.0,0.0,558.0,10.852349758148192,558.0,111.089,558.0,0.0,558.0,0.0,558.0,0.0,558.0,3.851,558.0,0.1934456893785976,39.0,11.0,11.0,536.0,30.0,65.0,3428.0,0.43699,21.0,0.0,0.0,0.0,0.0,0.0,0.0,0.0,0.0,2.0,3.0,0.0,42.0,646.0,1.0,229.0,0.0,0.0,0.0,0.0,0.0,2.0,95.0,,1.0,2021-01-02 14:00:00,20106.274,5.585076111111111,3.4,6.2
P006,1.0,0.0,31.666666666666668,0.0,0.0,0.0,0.0,0.0,1098.032011,15.0,0.173998,7.0,1099.2989819999998,79.0,86.05821800231934,107.0,2815.406,107.0,44.058218002319336,107.0,0.0,107.0,0.0,107.0,0.0,107.0,0.0,107.0,3.208,107.0,0.0,107.0,0.0,107.0,0.0,107.0,0.0,107.0,0.1854486988554363,8.0,2.0,2.0,103.0,3.0,9.0,3451.0,0.719979,39.0,0.0,0.0,0.0,0.0,0.0,0.0,0.0,0.0,1.0,0.0,0.0,0.0,0.0,1.0,527.0,0.0,0.0,0.0,0.0,0.0,0.0,0.0,0.0,,2021-01-02 17:00:00,20106.274,5.585076111111111,3.4,6.2
P006,1.0,0.0,0.0,0.0,0.0,0.0,0.0,0.0,2.233,1.0,0.0,0.0,3.34197,61.0,0.0,62.0,0.0,62.0,0.0,62.0,0.0,62.0,0.0,62.0,0.0,62.0,0.0,62.0,0.0,62.0,0.0,62.0,0.0,62.0,0.0,62.0,0.0,62.0,0.0825649380358659,2.0,1.0,0.0,61.0,1.0,0.0,2817.0,1.093971,59.0,0.0,0.0,0.0,0.0,0.0,0.0,0.0,0.0,0.0,0.0,0.0,0.0,0.0,0.0,0.0,0.0,0.0,0.0,0.0,0.0,0.0,0.0,,0.0,2021-01-02 18:00:00,20106.274,5.585076111111111,3.4,6.2
P006,0.0,0.0,0.0,0.0,0.0,0.0,0.0,0.0,2995.819,1.0,0.0,0.0,2995.819,1.0,0.0,1.0,0.0,1.0,0.0,1.0,0.0,1.0,0.0,1.0,0.0,1.0,0.0,1.0,0.0,1.0,0.0,1.0,0.0,1.0,0.0,1.0,0.0,1.0,0.0,0.0,0.0,0.0,1.0,0.0,0.0,1.0,0.0,0.0,0.0,0.0,0.0,0.0,0.0,0.0,0.0,0.0,0.0,0.0,0.0,0.0,0.0,0.0,0.0,0.0,0.0,0.0,0.0,0.0,0.0,0.0,0.0,,2021-01-02 20:00:00,20106.274,5.585076111111111,3.4,6.2
P006,1.0,0.0,0.0,0.0,0.0,0.0,0.0,0.0,0.0,0.0,0.0,0.0,0.0,0.0,0.0,0.0,0.0,0.0,0.0,0.0,0.0,0.0,0.0,0.0,0.0,0.0,0.0,0.0,0.0,0.0,0.0,0.0,0.0,0.0,0.0,0.0,0.0,0.0,0.0,0.0,0.0,0.0,0.0,0.0,0.0,0.0,0.0,0.0,0.0,0.0,0.0,0.0,0.0,0.0,0.0,0.0,0.0,0.0,0.0,0.0,0.0,0.0,0.0,0.0,0.0,0.0,0.0,0.0,0.0,0.0,,0.0,2021-01-02 21:00:00,20106.274,5.585076111111111,3.4,6.2
P006,1.0,0.0,0.0,19.016666666666666,0.0,0.0,0.0,0.0,2050.807959,29.0,0.150996,4.0,2776.58395,40.0,0.0,65.0,0.0,65.0,0.0,65.0,0.0,65.0,0.0,65.0,0.0,65.0,0.0,65.0,0.0,65.0,0.0,65.0,0.0,65.0,0.0,65.0,0.0,65.0,0.9325657374492766,41.0,13.0,12.0,40.0,693.0,92.0,2216.0,0.0,0.0,0.0,0.0,0.0,0.0,0.0,0.0,0.0,0.0,1.0,1.0,0.0,629.0,199.0,2.0,306.0,0.0,0.0,0.0,0.0,0.0,0.0,0.0,1.0,,2021-01-04 10:00:00,15288.353,4.246764722222222,4.083333333333333,6.2
P006,2.0,0.0,1.4833333333333334,38.61666666666667,0.0,0.0,0.0,0.0,460.283988,15.0,2866.020057,5.0,3326.384042,25.0,60.3237087726593,60.0,30.777,60.0,0.0,60.0,0.0,60.0,0.0,60.0,0.0,60.0,0.0,60.0,0.0,60.0,0.0,60.0,0.0,60.0,0.0,60.0,0.0,60.0,0.8896511767257882,28.0,10.0,11.0,39.0,896.0,600.0,1851.0,0.0,0.0,0.0,0.0,0.0,0.0,0.0,0.0,0.0,2.0,2.0,3.0,221.0,1460.0,132.0,0.0,0.0,0.0,0.0,0.0,0.0,0.0,0.0,0.0,0.0,1.0,2021-01-04 11:00:00,15288.353,4.246764722222222,4.083333333333333,6.2
P006,1.0,0.0,55.73333333333333,0.0,0.0,0.0,0.0,0.0,0.208992,12.0,6.777985,32.0,885.238994,82.0,520.4099571704865,232.0,46.32,232.0,458.33214688301086,232.0,0.0,232.0,0.0,232.0,0.0,232.0,52.16390776634216,232.0,42.563,232.0,0.0,232.0,0.0,232.0,0.0,232.0,2.222,232.0,0.0,0.0,0.0,0.0,232.0,0.0,0.0,2670.0,0.0,0.0,0.0,0.0,0.0,0.0,0.0,0.0,0.0,0.0,1.0,0.0,0.0,0.0,0.0,1.0,589.0,0.0,0.0,0.0,0.0,0.0,0.0,0.0,,0.0,2021-01-04 12:00:00,15288.353,4.246764722222222,4.083333333333333,6.2
P006,1.0,0.0,21.6,0.0,0.0,0.0,0.0,0.0,330.30401,6.0,0.0,0.0,1892.5579460000004,17.0,40.0777473449707,38.0,962.255,38.0,0.0,38.0,0.0,38.0,0.0,38.0,0.0,38.0,0.0,38.0,0.0,38.0,0.0,38.0,0.0,38.0,0.0,38.0,0.0,38.0,0.6605788876520756,13.0,4.0,4.0,30.0,317.0,12.0,1721.0,0.0,0.0,0.0,0.0,0.0,0.0,0.0,0.0,0.0,0.0,0.0,0.0,0.0,0.0,0.0,0.0,0.0,0.0,0.0,0.0,0.0,0.0,0.0,0.0,0.0,,2021-01-04 13:00:00,15288.353,4.246764722222222,4.083333333333333,6.2
P006,1.0,0.0,13.0,0.0,0.0,0.0,0.0,0.0,1842.733947,29.0,46.47399500000001,20.0,2090.482911,105.0,854.4516450166702,368.0,94.848,368.0,854.4516450166702,368.0,0.0,368.0,0.0,368.0,0.0,368.0,0.0,368.0,94.848,368.0,0.0,368.0,0.0,368.0,0.0,368.0,0.0,368.0,0.229206181480717,30.0,9.0,9.0,350.0,1582.0,32.0,1456.0,0.26799,18.0,200.509994,1.0,0.0,0.0,0.0,0.0,0.0,0.0,0.0,0.0,0.0,0.0,0.0,0.0,0.0,0.0,0.0,0.0,0.0,0.0,0.0,0.0,0.0,0.0,2021-01-04 14:00:00,15288.353,4.246764722222222,4.083333333333333,6.2
P006,1.0,0.0,34.55,0.0,0.0,0.0,0.0,0.0,1452.621992,18.0,3.399964,70.0,1458.1759229999998,158.0,1471.7462276220322,592.0,138.95,592.0,1344.7732926607132,592.0,0.0,592.0,61.55186414718628,592.0,0.0,592.0,0.0,592.0,115.339,592.0,0.0,592.0,17.398,592.0,0.0,592.0,0.0,592.0,0.0544159246370177,8.0,2.0,3.0,587.0,1157.0,13.0,2144.0,0.0,0.0,0.712991,21.0,0.0,0.0,0.0,0.0,0.0,0.0,0.0,0.0,0.0,0.0,0.0,0.0,0.0,0.0,0.0,0.0,0.0,0.0,0.0,0.0,0.0,0.0,2021-01-04 15:00:00,15288.353,4.246764722222222,4.083333333333333,6.2
P006,1.0,0.0,8.916666666666666,0.0,0.0,0.0,0.0,0.0,1062.535997,4.0,0.308995,14.0,1084.025984,36.0,729.3506406545639,297.0,73.493,297.0,729.3506406545639,297.0,0.0,297.0,0.0,297.0,0.0,297.0,0.0,297.0,73.493,297.0,0.0,297.0,0.0,297.0,0.0,297.0,0.0,297.0,0.0967818307573714,9.0,3.0,2.0,292.0,111.0,15.0,3132.0,0.0,0.0,0.0,0.0,0.0,0.0,0.0,0.0,0.0,0.0,0.0,0.0,0.0,0.0,0.0,0.0,0.0,0.0,0.0,0.0,0.0,0.0,0.0,0.0,,0.0,2021-01-04 16:00:00,15288.353,4.246764722222222,4.083333333333333,6.2
P006,0.0,0.0,0.0,0.0,0.0,0.0,0.0,0.0,727.038002,16.0,0.240995,8.0,731.291986,52.0,740.9170529842377,272.0,48.246,272.0,740.9170529842377,272.0,0.0,272.0,0.0,272.0,0.0,272.0,0.0,272.0,48.246,272.0,0.0,272.0,0.0,272.0,0.0,272.0,0.0,272.0,0.1212370226638627,10.0,3.0,3.0,266.0,232.0,20.0,2082.0,0.0,0.0,0.0,0.0,0.0,0.0,0.0,0.0,0.0,0.0,0.0,0.0,0.0,0.0,0.0,0.0,0.0,0.0,0.0,0.0,0.0,0.0,0.0,0.0,0.0,,2021-01-04 17:00:00,15288.353,4.246764722222222,4.083333333333333,6.2
P006,1.0,0.0,0.0,0.0,0.0,0.0,0.0,0.0,0.0,0.0,0.0,0.0,0.0,0.0,0.0,0.0,0.0,0.0,0.0,0.0,0.0,0.0,0.0,0.0,0.0,0.0,0.0,0.0,0.0,0.0,0.0,0.0,0.0,0.0,0.0,0.0,0.0,0.0,0.0,0.0,0.0,0.0,0.0,0.0,0.0,0.0,0.0,0.0,0.0,0.0,0.0,0.0,0.0,0.0,0.0,0.0,0.0,0.0,0.0,0.0,0.0,0.0,0.0,0.0,0.0,0.0,0.0,0.0,0.0,0.0,0.0,0.0,2021-01-04 18:00:00,15288.353,4.246764722222222,4.083333333333333,6.2
P006,0.0,0.0,0.0,0.0,0.0,0.0,0.0,0.0,0.0,0.0,0.0,0.0,0.0,0.0,0.0,0.0,0.0,0.0,0.0,0.0,0.0,0.0,0.0,0.0,0.0,0.0,0.0,0.0,0.0,0.0,0.0,0.0,0.0,0.0,0.0,0.0,0.0,0.0,0.0,0.0,0.0,0.0,0.0,0.0,0.0,0.0,0.0,0.0,0.0,0.0,0.0,0.0,0.0,0.0,0.0,0.0,0.0,0.0,0.0,0.0,0.0,0.0,0.0,0.0,0.0,0.0,0.0,0.0,0.0,0.0,,0.0,2021-01-04 19:00:00,15288.353,4.246764722222222,4.083333333333333,6.2
P006,2.0,8.933333333333334,0.0,37.73333333333333,0.0,0.0,0.0,0.0,2415.953997,3.0,0.099998,3.0,2416.056995,7.0,0.0,11.0,0.0,11.0,0.0,11.0,0.0,11.0,0.0,11.0,0.0,11.0,0.0,11.0,0.0,11.0,0.0,11.0,0.0,11.0,0.0,11.0,0.0,11.0,0.9075352941050092,5.0,2.0,2.0,7.0,645.0,11.0,21.0,0.0,0.0,0.0,0.0,0.0,0.0,0.0,0.0,0.0,0.0,3.0,1.0,0.0,740.0,680.0,2.0,1555.0,0.0,0.0,0.0,0.0,0.0,0.0,0.0,0.0,,2021-01-05 10:00:00,22696.4,6.304555555555556,2.0166666666666666,5.166666666666667
P006,3.0,16.966666666666665,0.0,8.266666666666667,0.0,0.0,0.0,0.0,2991.0890320000003,8.0,0.0,0.0,2991.115031,10.0,0.0,22.0,0.0,22.0,0.0,22.0,0.0,22.0,0.0,22.0,0.0,22.0,0.0,22.0,0.0,22.0,0.0,22.0,0.0,22.0,0.0,22.0,0.0,22.0,1.0670895187820832,18.0,6.0,6.0,10.0,2823.0,40.0,54.0,0.0,0.0,0.0,0.0,0.0,0.0,0.0,0.0,0.0,1.0,1.0,2.0,148.0,0.0,1142.0,0.0,0.0,0.0,0.0,0.0,0.0,0.0,0.0,0.0,,0.0,2021-01-05 11:00:00,22696.4,6.304555555555556,2.0166666666666666,5.166666666666667
P006,2.0,0.0,48.21666666666667,0.0,0.0,0.0,0.0,2.966666666666667,863.3129960000001,24.0,146.353967,70.0,1013.507915,200.0,801.1119906902313,486.0,78.78,486.0,647.6251883506775,486.0,0.0,486.0,67.90857136249542,486.0,0.0,486.0,18.199942111969,486.0,49.646,486.0,0.0,486.0,21.592,486.0,0.0,486.0,1.182,486.0,0.1417147008234571,22.0,6.0,7.0,473.0,508.0,29.0,2668.0,0.732983,35.0,0.614995,13.0,0.0,0.0,0.0,0.0,0.0,0.0,0.0,0.0,0.0,0.0,0.0,1.0,1.0,0.0,0.0,0.0,0.0,0.0,0.0,0.0,1.0,,2021-01-05 14:00:00,22696.4,6.304555555555556,2.0166666666666666,5.166666666666667
P006,2.0,0.0,48.4,0.0,0.0,0.0,0.0,2.1166666666666667,0.7489979999999999,4.0,7.593982000000001,35.0,116.798969,73.0,3072.118960738182,1025.0,326.509,1025.0,3050.95362341404,1025.0,0.0,1025.0,0.0,1025.0,0.0,1025.0,0.0,1025.0,325.56,1025.0,0.0,1025.0,0.0,1025.0,0.0,1025.0,0.0,1025.0,0.0,0.0,0.0,0.0,1025.0,0.0,0.0,3134.0,0.136998,2.0,0.0,0.0,0.0,0.0,0.0,0.0,0.0,0.0,1.0,0.0,0.0,1.0,0.0,0.0,0.0,0.0,0.0,0.0,0.0,0.0,0.0,0.0,1.0,1.0,2021-01-05 15:00:00,22696.4,6.304555555555556,2.0166666666666666,5.166666666666667
P006,2.0,0.0,33.93333333333333,0.0,0.0,0.0,0.0,23.33333333333333,1051.075997,11.0,0.259995,13.0,1108.358971,73.0,1170.8447124958038,395.0,91.295,395.0,1170.8447124958038,395.0,0.0,395.0,0.0,395.0,0.0,395.0,0.0,395.0,91.295,395.0,0.0,395.0,0.0,395.0,0.0,395.0,0.0,395.0,0.0892046550287566,11.0,3.0,3.0,389.0,67.0,21.0,3155.0,0.302992,18.0,0.0,0.0,0.0,0.0,0.0,0.0,0.0,0.0,0.0,0.0,0.0,0.0,0.0,0.0,0.0,0.0,0.0,0.0,0.0,0.0,0.0,0.0,,1.0,2021-01-05 16:00:00,22696.4,6.304555555555556,2.0166666666666666,5.166666666666667
P006,5.0,18.716666666666665,8.133333333333333,5.95,1.5166666666666666,0.0,0.0,7.9,1890.372001,13.0,360.285973,37.0,2260.070966,71.0,584.2777547836304,307.0,56.295,307.0,578.6209006309509,307.0,0.0,307.0,0.0,307.0,0.0,307.0,5.656854152679443,307.0,55.536,307.0,0.0,307.0,0.0,307.0,0.0,307.0,0.759,307.0,0.1791469500058919,21.0,5.0,6.0,296.0,2.0,77.0,3274.0,0.0,0.0,0.0,0.0,0.0,0.0,0.0,0.0,0.0,0.0,2.0,2.0,0.0,268.0,2138.0,1.0,0.0,0.0,0.0,0.0,0.0,0.0,0.0,0.0,1.0,,2021-01-06 10:00:00,20443.218,5.678671666666667,2.65,5.483333333333333
P006,2.0,0.0,40.21666666666667,0.0,0.0,0.0,0.0,7.95,279.917995,6.0,2.12199,25.0,282.939977,51.0,1464.788164615631,530.0,150.229,530.0,1464.788164615631,530.0,0.0,530.0,0.0,530.0,0.0,530.0,0.0,530.0,150.229,530.0,0.0,530.0,0.0,530.0,0.0,530.0,0.0,530.0,0.0597331969466832,9.0,3.0,2.0,525.0,1.0,2.0,2482.0,0.0,0.0,0.0,0.0,0.0,0.0,0.0,0.0,0.0,0.0,1.0,0.0,0.0,1.0,0.0,0.0,0.0,0.0,0.0,0.0,0.0,0.0,0.0,0.0,,1.0,2021-01-06 11:00:00,20443.218,5.678671666666667,2.65,5.483333333333333
P006,2.0,0.0,34.2,0.0,0.0,0.0,0.0,22.85,2643.433018,20.0,0.038999,2.0,2663.511005,57.0,153.9459662437439,122.0,8.823,122.0,153.9459662437439,122.0,0.0,122.0,0.0,122.0,0.0,122.0,0.0,122.0,8.823,122.0,0.0,122.0,0.0,122.0,0.0,122.0,0.0,122.0,0.5206874717598574,31.0,9.0,9.0,104.0,2.0,51.0,2674.0,0.475991,28.0,0.0,0.0,0.0,0.0,0.0,0.0,0.0,0.0,0.0,0.0,0.0,0.0,0.0,0.0,0.0,0.0,0.0,0.0,0.0,0.0,0.0,0.0,1.0,,2021-01-06 14:00:00,20443.218,5.678671666666667,2.65,5.483333333333333
P006,3.0,5.4,44.266666666666666,0.0,0.0,0.0,0.0,8.05,726.0549950000001,18.0,23.943987,43.0,1361.480976,85.0,1487.162940621376,563.0,848.368,563.0,1475.162940621376,563.0,0.0,563.0,0.0,563.0,0.0,563.0,0.0,563.0,142.088,563.0,0.0,563.0,0.0,563.0,0.0,563.0,590.163,563.0,0.1178853235677676,22.0,6.0,6.0,551.0,0.0,468.0,2589.0,611.130004,1.0,0.0,0.0,0.0,0.0,0.0,0.0,0.0,0.0,0.0,1.0,0.0,0.0,1.0,0.0,0.0,0.0,0.0,0.0,0.0,0.0,0.0,0.0,1.0,1.0,2021-01-06 15:00:00,20443.218,5.678671666666667,2.65,5.483333333333333
P006,2.0,0.0,39.4,0.0,0.0,0.0,0.0,16.166666666666668,1174.886947,40.0,2.916962,79.0,1243.595882,178.0,3462.597277402878,1250.0,271.29,1250.0,3354.408969759941,1250.0,0.0,1250.0,0.0,1250.0,0.0,1250.0,0.0,1250.0,263.288,1250.0,0.0,1250.0,0.0,1250.0,0.0,1250.0,0.0,1250.0,0.0813588791514658,30.0,8.0,9.0,1233.0,4.0,65.0,3218.0,0.143998,3.0,0.0,0.0,0.0,0.0,0.0,0.0,0.0,0.0,1.0,0.0,0.0,1.0,0.0,0.0,0.0,0.0,0.0,0.0,0.0,0.0,0.0,0.0,,1.0,2021-01-06 16:00:00,20443.218,5.678671666666667,2.65,5.483333333333333
P007,0.0,0.0,0.0,0.0,0.0,0.0,0.0,0.0,0.0,0.0,0.0,0.0,356.596,1.0,0.0,1.0,0.0,1.0,0.0,1.0,0.0,1.0,0.0,1.0,0.0,1.0,0.0,1.0,0.0,1.0,0.0,1.0,0.0,1.0,0.0,1.0,0.0,1.0,0.0,0.0,0.0,0.0,1.0,0.0,0.0,1.0,0.0,0.0,356.596,1.0,0.0,0.0,0.0,0.0,0.0,0.0,0.0,0.0,0.0,0.0,0.0,0.0,0.0,0.0,0.0,0.0,0.0,0.0,0.0,0.0,1.0,,2020-12-07 13:00:00,,,,
P007,2.0,0.0,0.0,14.633333333333333,0.0,0.0,0.0,27.166666666666668,222.150989,4.0,0.115998,6.0,2105.6299550000003,74.0,0.0,82.0,0.0,82.0,0.0,82.0,0.0,82.0,0.0,82.0,0.0,82.0,0.0,82.0,0.0,82.0,0.0,82.0,0.0,82.0,0.0,82.0,0.0,82.0,0.38423335305348,12.0,3.0,5.0,74.0,104.0,916.0,1713.0,0.631983,31.0,0.0,0.0,0.0,0.0,0.0,0.0,0.0,0.0,0.0,0.0,0.0,0.0,0.0,0.0,0.0,0.0,0.0,0.0,0.0,0.0,0.0,0.0,1.0,1.0,2020-12-07 14:00:00,,,,
P007,1.0,0.0,0.0,0.0,0.0,0.0,0.0,57.53333333333333,0.0,0.0,0.234996,6.0,0.888981,33.0,0.0,35.0,0.0,35.0,0.0,35.0,0.0,35.0,0.0,35.0,0.0,35.0,0.0,35.0,0.0,35.0,0.0,35.0,0.0,35.0,0.0,35.0,0.0,35.0,0.2586409321067323,3.0,1.0,1.0,33.0,82.0,221.0,2922.0,0.372987,19.0,0.0,0.0,0.0,0.0,0.0,0.0,0.0,0.0,0.0,0.0,0.0,0.0,0.0,0.0,0.0,0.0,0.0,0.0,0.0,0.0,0.0,0.0,0.0,1.0,2020-12-07 15:00:00,,,,
P007,1.0,0.0,0.0,0.0,0.0,0.0,0.0,53.28333333333333,257.133999,5.0,3.781995,13.0,262.026975,50.0,0.0,57.0,0.0,57.0,0.0,57.0,0.0,57.0,0.0,57.0,0.0,57.0,0.0,57.0,0.0,57.0,0.0,57.0,0.0,57.0,0.0,57.0,0.0,57.0,0.4563466260469854,12.0,4.0,3.0,50.0,663.0,36.0,1633.0,0.0,0.0,0.0,0.0,0.0,0.0,0.0,0.0,0.0,0.0,0.0,0.0,0.0,0.0,0.0,0.0,0.0,0.0,0.0,0.0,0.0,0.0,0.0,0.0,,0.0,2020-12-07 16:00:00,,,,
P007,1.0,0.0,0.0,0.0,0.0,0.0,0.0,48.083333333333336,2367.544019,4.0,0.0,0.0,2367.565018,6.0,0.0,10.0,0.0,10.0,0.0,10.0,0.0,10.0,0.0,10.0,0.0,10.0,0.0,10.0,0.0,10.0,0.0,10.0,0.0,10.0,0.0,10.0,0.0,10.0,0.9502705392332348,7.0,2.0,2.0,6.0,913.0,2.0,185.0,0.0,0.0,0.0,0.0,0.0,0.0,0.0,0.0,0.0,0.0,0.0,0.0,0.0,0.0,0.0,0.0,0.0,0.0,0.0,0.0,0.0,0.0,0.0,0.0,0.0,,2020-12-07 17:00:00,,,,
P007,1.0,0.0,0.0,0.0,0.0,0.0,0.0,47.25,1472.669998,5.0,0.0,0.0,2339.6940040000004,27.0,0.0,29.0,0.0,29.0,0.0,29.0,0.0,29.0,0.0,29.0,0.0,29.0,0.0,29.0,0.0,29.0,0.0,29.0,0.0,29.0,0.0,29.0,0.0,29.0,0.2987580581893401,3.0,1.0,1.0,27.0,0.0,5.0,938.0,0.0,0.0,0.0,0.0,0.0,0.0,0.0,0.0,0.0,0.0,0.0,0.0,0.0,0.0,0.0,0.0,0.0,0.0,0.0,0.0,0.0,0.0,0.0,0.0,0.0,0.0,2020-12-07 18:00:00,,,,
P007,1.0,0.0,0.0,0.0,0.0,0.0,0.0,52.13333333333333,2686.6159970000003,6.0,18.03298,42.0,2704.7949760000006,54.0,0.0,55.0,0.0,55.0,0.0,55.0,0.0,55.0,0.0,55.0,0.0,55.0,0.0,55.0,0.0,55.0,0.0,55.0,0.0,55.0,0.0,55.0,0.0,55.0,0.0908761213330015,2.0,0.0,1.0,54.0,0.0,1.0,909.0,0.0,0.0,0.0,0.0,0.0,0.0,0.0,0.0,0.0,0.0,0.0,0.0,0.0,0.0,0.0,0.0,0.0,0.0,0.0,0.0,0.0,0.0,0.0,0.0,,0.0,2020-12-07 19:00:00,,,,
P007,1.0,0.0,0.0,19.03333333333333,0.0,0.0,0.0,0.0,0.0,0.0,84.107999,4.0,3423.4161040000004,5.0,0.0,8.0,0.0,8.0,0.0,8.0,0.0,8.0,0.0,8.0,0.0,8.0,0.0,8.0,0.0,8.0,0.0,8.0,0.0,8.0,0.0,8.0,0.0,8.0,0.9002560512685369,4.0,1.0,2.0,5.0,17.0,1146.0,2306.0,0.0,0.0,0.0,0.0,0.0,0.0,0.0,0.0,0.0,0.0,0.0,0.0,0.0,0.0,0.0,0.0,0.0,0.0,0.0,0.0,2.0,2.0,0.0,0.0,1.0,,2020-12-08 09:00:00,,,,
P007,2.0,3.2333333333333334,0.0,45.73333333333333,0.0,0.0,0.0,0.0,0.13,6.0,183.573978,43.0,1918.8139950000004,78.0,0.0,117.0,0.0,117.0,0.0,117.0,0.0,117.0,0.0,117.0,0.0,117.0,0.0,117.0,0.0,117.0,0.0,117.0,0.0,117.0,0.0,117.0,0.0,117.0,0.8674536394385224,64.0,20.0,19.0,78.0,1615.0,512.0,878.0,0.0,0.0,0.0,0.0,0.0,0.0,0.0,0.0,0.0,0.0,1.0,1.0,0.0,2029.0,0.0,1.0,915.0,0.0,0.0,0.0,0.0,0.0,0.0,0.0,1.0,1.0,2020-12-08 10:00:00,,,,
P007,2.0,3.0,0.0,0.0,0.0,0.0,0.0,41.016666666666666,0.0,0.0,1.064994,24.0,1530.126004,32.0,0.0,38.0,0.0,38.0,0.0,38.0,0.0,38.0,0.0,38.0,0.0,38.0,0.0,38.0,0.0,38.0,0.0,38.0,0.0,38.0,0.0,38.0,0.0,38.0,0.5456066170527041,9.0,3.0,3.0,32.0,346.0,9.0,1221.0,0.0,0.0,0.0,0.0,0.0,0.0,0.0,0.0,0.0,0.0,1.0,0.0,0.0,1.0,0.0,0.0,0.0,0.0,0.0,0.0,0.0,0.0,0.0,0.0,,1.0,2020-12-08 11:00:00,,,,
P007,1.0,0.0,0.0,0.0,0.0,0.0,0.0,51.71666666666667,0.0,0.0,80.58198,38.0,1085.257976,58.0,0.0,61.0,0.0,61.0,0.0,61.0,0.0,61.0,0.0,61.0,0.0,61.0,0.0,61.0,0.0,61.0,0.0,61.0,0.0,61.0,0.0,61.0,0.0,61.0,0.227398635110816,5.0,2.0,1.0,58.0,999.0,8.0,2541.0,0.0,0.0,0.0,0.0,0.0,0.0,0.0,0.0,0.0,0.0,0.0,0.0,0.0,0.0,0.0,0.0,0.0,0.0,0.0,0.0,0.0,0.0,0.0,0.0,0.0,,2020-12-08 15:00:00,,,,
P007,1.0,0.0,0.0,0.0,0.0,0.0,0.0,43.75,626.8739939999999,5.0,7.645987999999999,40.0,2077.890941,72.0,0.0,82.0,0.0,82.0,0.0,82.0,0.0,82.0,0.0,82.0,0.0,82.0,0.0,82.0,0.0,82.0,0.0,82.0,0.0,82.0,0.0,82.0,0.0,82.0,0.4553248607581923,14.0,5.0,5.0,72.0,1898.0,24.0,722.0,0.0,0.0,0.0,0.0,0.0,0.0,0.0,0.0,0.0,0.0,0.0,0.0,0.0,0.0,0.0,0.0,0.0,0.0,0.0,0.0,0.0,0.0,0.0,0.0,0.0,0.0,2020-12-08 16:00:00,,,,
P007,1.0,0.0,0.0,0.0,0.0,0.0,0.0,40.7,0.0,0.0,0.115999,8.0,1954.847989,20.0,0.0,30.0,0.0,30.0,0.0,30.0,0.0,30.0,0.0,30.0,0.0,30.0,0.0,30.0,0.0,30.0,0.0,30.0,0.0,30.0,0.0,30.0,0.0,30.0,0.8675632284814612,18.0,5.0,5.0,20.0,1762.0,20.0,1473.0,0.0,0.0,0.0,0.0,0.0,0.0,0.0,0.0,0.0,0.0,0.0,0.0,0.0,0.0,0.0,0.0,0.0,0.0,0.0,0.0,0.0,0.0,0.0,0.0,,0.0,2020-12-08 17:00:00,,,,
P007,1.0,0.0,0.0,0.0,0.0,0.0,0.0,56.766666666666666,0.0,0.0,0.271996,8.0,1850.20498,18.0,0.0,28.0,0.0,28.0,0.0,28.0,0.0,28.0,0.0,28.0,0.0,28.0,0.0,28.0,0.0,28.0,0.0,28.0,0.0,28.0,0.0,28.0,0.0,28.0,0.899309125658348,15.0,5.0,5.0,18.0,1898.0,111.0,1404.0,0.0,0.0,0.0,0.0,0.0,0.0,0.0,0.0,0.0,0.0,0.0,0.0,0.0,0.0,0.0,0.0,0.0,0.0,0.0,0.0,0.0,0.0,0.0,0.0,0.0,,2020-12-08 18:00:00,,,,
P007,1.0,0.0,0.0,0.0,0.0,0.0,0.0,0.0,0.0,0.0,0.123998,5.0,1122.3950109999998,11.0,0.0,19.0,0.0,19.0,0.0,19.0,0.0,19.0,0.0,19.0,0.0,19.0,0.0,19.0,0.0,19.0,0.0,19.0,0.0,19.0,0.0,19.0,0.0,19.0,0.9724809323379562,13.0,4.0,4.0,11.0,914.0,167.0,32.0,0.0,0.0,0.0,0.0,0.0,0.0,0.0,0.0,0.0,0.0,0.0,0.0,0.0,0.0,0.0,0.0,0.0,0.0,0.0,0.0,0.0,0.0,0.0,0.0,,0.0,2020-12-08 19:00:00,,,,
P007,1.0,0.0,0.0,0.0,0.0,0.0,0.0,5.166666666666667,0.0,0.0,0.0,0.0,0.0,0.0,0.0,0.0,0.0,0.0,0.0,0.0,0.0,0.0,0.0,0.0,0.0,0.0,0.0,0.0,0.0,0.0,0.0,0.0,0.0,0.0,0.0,0.0,0.0,0.0,0.0,0.0,0.0,0.0,0.0,0.0,0.0,0.0,0.0,0.0,0.0,0.0,0.0,0.0,0.0,0.0,0.0,0.0,0.0,0.0,0.0,0.0,0.0,0.0,0.0,0.0,0.0,0.0,0.0,0.0,0.0,0.0,1.0,,2020-12-08 21:00:00,,,,
P007,0.0,0.0,0.0,0.0,0.0,0.0,0.0,0.0,0.0,0.0,0.0,0.0,987.735,1.0,0.0,2.0,0.0,2.0,0.0,2.0,0.0,2.0,0.0,2.0,0.0,2.0,0.0,2.0,0.0,2.0,0.0,2.0,0.0,2.0,0.0,2.0,0.0,2.0,0.6931471805599453,1.0,0.0,1.0,1.0,0.0,5.0,0.0,0.0,0.0,0.0,0.0,0.0,0.0,0.0,0.0,0.0,0.0,0.0,0.0,0.0,0.0,0.0,0.0,0.0,0.0,0.0,0.0,0.0,0.0,0.0,0.0,,1.0,2020-12-08 22:00:00,,,,
P007,3.0,6.666666666666667,0.0,4.383333333333334,0.0,0.0,0.0,32.95,0.0,0.0,23.168957,105.0,2167.080942,141.0,0.0,160.0,0.0,160.0,0.0,160.0,0.0,160.0,0.0,160.0,0.0,160.0,0.0,160.0,0.0,160.0,0.0,160.0,0.0,160.0,0.0,160.0,0.0,160.0,0.4465737110507759,34.0,10.0,9.0,141.0,1318.0,13.0,1423.0,0.248999,2.0,0.143,1.0,0.0,0.0,0.0,0.0,0.0,0.0,1.0,1.0,0.0,0.0,751.0,0.0,0.0,0.0,0.0,0.0,0.0,0.0,0.0,0.0,0.0,,2020-12-09 09:00:00,15564.241,4.323400277777778,5.083333333333333,7.25
P007,1.0,0.0,0.0,52.03333333333333,0.0,0.0,0.0,0.0,0.134998,2.0,1405.3719159999998,99.0,1729.352903,120.0,0.0,135.0,0.0,135.0,0.0,135.0,0.0,135.0,0.0,135.0,0.0,135.0,0.0,135.0,0.0,135.0,0.0,135.0,0.0,135.0,0.0,135.0,0.0,135.0,0.4256013524334561,24.0,7.0,8.0,120.0,1575.0,124.0,1853.0,0.0,0.0,0.0,0.0,0.0,0.0,0.0,0.0,0.0,0.0,1.0,1.0,0.0,0.0,650.0,0.0,0.0,0.0,0.0,0.0,0.0,0.0,0.0,0.0,1.0,0.0,2020-12-09 10:00:00,15564.241,4.323400277777778,5.083333333333333,7.25
P007,1.0,0.0,0.0,1.5166666666666666,0.0,0.0,0.0,0.0,0.176999,3.0,9.328952999999998,112.0,1110.544948,140.0,0.0,151.0,0.0,151.0,0.0,151.0,0.0,151.0,0.0,151.0,0.0,151.0,0.0,151.0,0.0,151.0,0.0,151.0,0.0,151.0,0.0,151.0,0.0,151.0,0.3111362239484248,19.0,6.0,5.0,140.0,1326.0,13.0,1297.0,0.0,0.0,0.0,0.0,0.0,0.0,0.0,0.0,0.0,0.0,0.0,0.0,0.0,0.0,0.0,0.0,0.0,0.0,0.0,0.0,0.0,0.0,0.0,0.0,0.0,1.0,2020-12-09 11:00:00,15564.241,4.323400277777778,5.083333333333333,7.25
P007,1.0,0.0,0.0,11.35,0.0,0.0,0.0,0.0,0.0,0.0,51.590977,60.0,2626.479977,86.0,0.0,102.0,0.0,102.0,0.0,102.0,0.0,102.0,0.0,102.0,0.0,102.0,0.0,102.0,0.0,102.0,0.0,102.0,0.0,102.0,0.0,102.0,0.0,102.0,0.5431597530423198,28.0,8.0,8.0,86.0,2444.0,71.0,475.0,0.136999,2.0,0.0,0.0,0.0,0.0,0.0,0.0,0.0,0.0,0.0,0.0,0.0,0.0,0.0,0.0,0.0,0.0,0.0,0.0,0.0,0.0,0.0,0.0,0.0,0.0,2020-12-09 12:00:00,15564.241,4.323400277777778,5.083333333333333,7.25
P007,1.0,0.0,0.0,8.65,0.0,0.0,0.0,0.0,0.252997,3.0,566.5119650000001,77.0,2453.386002,114.0,0.0,125.0,0.0,125.0,0.0,125.0,0.0,125.0,0.0,125.0,0.0,125.0,0.0,125.0,0.0,125.0,0.0,125.0,0.0,125.0,0.0,125.0,0.0,125.0,0.3585187813462105,21.0,5.0,6.0,114.0,1880.0,13.0,1109.0,0.0,0.0,0.0,0.0,0.0,0.0,0.0,0.0,0.0,0.0,0.0,0.0,0.0,0.0,0.0,0.0,0.0,0.0,0.0,0.0,0.0,0.0,0.0,0.0,,0.0,2020-12-09 13:00:00,15564.241,4.323400277777778,5.083333333333333,7.25
P007,1.0,0.0,0.0,0.0,0.0,0.0,0.0,48.0,0.0,0.0,0.0,0.0,0.0,0.0,0.0,0.0,0.0,0.0,0.0,0.0,0.0,0.0,0.0,0.0,0.0,0.0,0.0,0.0,0.0,0.0,0.0,0.0,0.0,0.0,0.0,0.0,0.0,0.0,0.0,0.0,0.0,0.0,0.0,0.0,0.0,0.0,0.0,0.0,0.0,0.0,0.0,0.0,0.0,0.0,0.0,0.0,0.0,0.0,0.0,0.0,0.0,0.0,0.0,0.0,0.0,0.0,0.0,0.0,0.0,0.0,0.0,,2020-12-09 17:00:00,15564.241,4.323400277777778,5.083333333333333,7.25
P007,2.0,1.7,0.0,0.0,0.0,0.0,0.0,26.8,0.0,0.0,86.166979,43.0,1749.4949769999998,50.0,0.0,51.0,0.0,51.0,0.0,51.0,0.0,51.0,0.0,51.0,0.0,51.0,0.0,51.0,0.0,51.0,0.0,51.0,0.0,51.0,0.0,51.0,0.0,51.0,0.0965089607359473,2.0,0.0,1.0,50.0,0.0,2.0,1175.0,0.0,0.0,0.0,0.0,0.0,0.0,0.0,0.0,0.0,0.0,0.0,0.0,0.0,0.0,0.0,0.0,0.0,0.0,0.0,0.0,0.0,0.0,0.0,0.0,0.0,0.0,2020-12-09 18:00:00,15564.241,4.323400277777778,5.083333333333333,7.25
P007,1.0,0.0,0.0,0.0,0.0,0.0,0.0,40.8,0.0,0.0,0.333994,9.0,0.719992,18.0,0.0,19.0,0.0,19.0,0.0,19.0,0.0,19.0,0.0,19.0,0.0,19.0,0.0,19.0,0.0,19.0,0.0,19.0,0.0,19.0,0.0,19.0,0.0,19.0,0.2061920506332318,1.0,1.0,0.0,18.0,0.0,0.0,672.0,0.122,1.0,0.0,0.0,0.0,0.0,0.0,0.0,0.0,0.0,0.0,0.0,0.0,0.0,0.0,0.0,0.0,0.0,0.0,0.0,0.0,0.0,0.0,0.0,,0.0,2020-12-09 19:00:00,15564.241,4.323400277777778,5.083333333333333,7.25
P007,1.0,0.0,0.0,0.0,0.0,0.0,0.0,47.75,0.0,0.0,0.0,0.0,0.0,0.0,0.0,0.0,0.0,0.0,0.0,0.0,0.0,0.0,0.0,0.0,0.0,0.0,0.0,0.0,0.0,0.0,0.0,0.0,0.0,0.0,0.0,0.0,0.0,0.0,0.0,0.0,0.0,0.0,0.0,0.0,0.0,0.0,0.0,0.0,0.0,0.0,0.0,0.0,0.0,0.0,0.0,0.0,0.0,0.0,0.0,0.0,0.0,0.0,0.0,0.0,0.0,0.0,0.0,0.0,0.0,0.0,1.0,,2020-12-09 20:00:00,15564.241,4.323400277777778,5.083333333333333,7.25
P007,1.0,0.0,0.0,0.0,0.0,0.0,0.0,41.0,0.0,0.0,0.0,0.0,0.0,0.0,0.0,0.0,0.0,0.0,0.0,0.0,0.0,0.0,0.0,0.0,0.0,0.0,0.0,0.0,0.0,0.0,0.0,0.0,0.0,0.0,0.0,0.0,0.0,0.0,0.0,0.0,0.0,0.0,0.0,0.0,0.0,0.0,0.0,0.0,0.0,0.0,0.0,0.0,0.0,0.0,0.0,0.0,0.0,0.0,0.0,0.0,0.0,0.0,0.0,0.0,0.0,0.0,0.0,0.0,0.0,0.0,,1.0,2020-12-09 21:00:00,15564.241,4.323400277777778,5.083333333333333,7.25
P007,1.0,0.0,0.0,0.0,0.0,0.0,0.0,48.86666666666667,0.0,0.0,261.565971,72.0,2492.1919569999995,117.0,0.0,146.0,0.0,146.0,0.0,146.0,0.0,146.0,0.0,146.0,0.0,146.0,0.0,146.0,0.0,146.0,0.0,146.0,0.0,146.0,0.0,146.0,0.0,146.0,0.6360593203214581,54.0,14.0,15.0,117.0,2019.0,93.0,988.0,0.0,0.0,0.0,0.0,0.0,0.0,0.0,0.0,0.0,0.0,0.0,0.0,0.0,0.0,0.0,0.0,0.0,0.0,0.0,0.0,0.0,0.0,0.0,0.0,0.0,,2020-12-10 09:00:00,5939.59,1.6498861111111112,5.616666666666667,6.433333333333334
P007,1.0,0.0,0.0,0.0,0.0,0.0,0.0,50.56666666666667,0.0,0.0,0.669987,26.0,643.616983,32.0,0.0,47.0,0.0,47.0,0.0,47.0,0.0,47.0,0.0,47.0,0.0,47.0,0.0,47.0,0.0,47.0,0.0,47.0,0.0,47.0,0.0,47.0,0.0,47.0,0.8467337237011835,20.0,8.0,7.0,32.0,1683.0,221.0,1036.0,0.0,0.0,0.043,1.0,0.0,0.0,0.0,0.0,0.0,0.0,0.0,0.0,0.0,0.0,0.0,0.0,0.0,0.0,0.0,0.0,0.0,0.0,0.0,0.0,0.0,0.0,2020-12-10 10:00:00,5939.59,1.6498861111111112,5.616666666666667,6.433333333333334
P007,1.0,0.0,0.0,0.0,0.0,0.0,0.0,32.266666666666666,0.0,0.0,0.1659979999999999,5.0,3399.337003,9.0,0.0,23.0,0.0,23.0,0.0,23.0,0.0,23.0,0.0,23.0,0.0,23.0,0.0,23.0,0.0,23.0,0.0,23.0,0.0,23.0,0.0,23.0,0.0,23.0,1.0912436384160906,17.0,7.0,7.0,9.0,987.0,947.0,39.0,0.0,0.0,0.0,0.0,0.0,0.0,0.0,0.0,0.0,0.0,0.0,0.0,0.0,0.0,0.0,0.0,0.0,0.0,0.0,0.0,0.0,0.0,0.0,0.0,0.0,0.0,2020-12-10 11:00:00,5939.59,1.6498861111111112,5.616666666666667,6.433333333333334
P007,1.0,0.0,0.0,0.0,0.0,0.0,0.0,56.083333333333336,8.022998,2.0,103.25997699999998,47.0,798.1979739999999,57.0,0.0,77.0,0.0,77.0,0.0,77.0,0.0,77.0,0.0,77.0,0.0,77.0,0.0,77.0,0.0,77.0,0.0,77.0,0.0,77.0,0.0,77.0,0.0,77.0,0.7528232903413427,24.0,10.0,10.0,57.0,2071.0,198.0,614.0,0.0,0.0,0.0,0.0,0.0,0.0,0.0,0.0,0.0,0.0,0.0,0.0,0.0,0.0,0.0,0.0,0.0,0.0,0.0,0.0,0.0,0.0,0.0,0.0,1.0,0.0,2020-12-10 12:00:00,5939.59,1.6498861111111112,5.616666666666667,6.433333333333334
P007,1.0,0.0,0.0,0.0,0.0,0.0,0.0,38.15,0.0,0.0,0.4109929999999999,15.0,2208.357973,26.0,0.0,38.0,0.0,38.0,0.0,38.0,0.0,38.0,0.0,38.0,0.0,38.0,0.0,38.0,0.0,38.0,0.0,38.0,0.0,38.0,0.0,38.0,0.0,38.0,0.8425434329028281,19.0,6.0,6.0,26.0,2807.0,70.0,98.0,0.0,0.0,0.072,2.0,0.0,0.0,0.0,0.0,0.0,0.0,0.0,0.0,0.0,0.0,0.0,0.0,0.0,0.0,0.0,0.0,0.0,0.0,0.0,0.0,,1.0,2020-12-10 13:00:00,5939.59,1.6498861111111112,5.616666666666667,6.433333333333334
P007,1.0,0.0,0.0,0.0,0.0,0.0,0.0,47.98333333333333,1522.01,1.0,0.706989,29.0,2735.6059200000004,145.0,0.0,154.0,0.0,154.0,0.0,154.0,0.0,154.0,0.0,154.0,0.0,154.0,0.0,154.0,0.0,154.0,0.0,154.0,0.0,154.0,0.0,154.0,0.0,154.0,0.262804812428997,17.0,4.0,5.0,145.0,1127.0,15.0,917.0,1.6339450000000002,84.0,0.0,0.0,0.0,0.0,0.0,0.0,0.0,0.0,0.0,0.0,0.0,0.0,0.0,0.0,0.0,0.0,0.0,0.0,0.0,0.0,0.0,0.0,0.0,,2020-12-10 15:00:00,5939.59,1.6498861111111112,5.616666666666667,6.433333333333334
P007,1.0,0.0,0.0,0.0,0.0,0.0,0.0,0.0,0.0,0.0,36.917996,10.0,37.298992,18.0,0.0,19.0,0.0,19.0,0.0,19.0,0.0,19.0,0.0,19.0,0.0,19.0,0.0,19.0,0.0,19.0,0.0,19.0,0.0,19.0,0.0,19.0,0.0,19.0,0.2061920506332318,1.0,1.0,0.0,18.0,0.0,0.0,704.0,0.0,0.0,0.0,0.0,0.0,0.0,0.0,0.0,0.0,0.0,0.0,0.0,0.0,0.0,0.0,0.0,0.0,0.0,0.0,0.0,0.0,0.0,0.0,0.0,,0.0,2020-12-10 16:00:00,5939.59,1.6498861111111112,5.616666666666667,6.433333333333334
P007,1.0,0.0,0.0,0.0,0.0,0.0,0.0,33.5,0.0,0.0,0.0,0.0,0.0,0.0,0.0,0.0,0.0,0.0,0.0,0.0,0.0,0.0,0.0,0.0,0.0,0.0,0.0,0.0,0.0,0.0,0.0,0.0,0.0,0.0,0.0,0.0,0.0,0.0,0.0,0.0,0.0,0.0,0.0,0.0,0.0,0.0,0.0,0.0,0.0,0.0,0.0,0.0,0.0,0.0,0.0,0.0,0.0,0.0,0.0,0.0,0.0,0.0,0.0,0.0,0.0,0.0,0.0,0.0,0.0,0.0,0.0,,2020-12-10 17:00:00,5939.59,1.6498861111111112,5.616666666666667,6.433333333333334
P007,1.0,0.0,0.0,0.0,0.0,0.0,0.0,50.7,0.0,0.0,0.0,0.0,0.0,0.0,0.0,0.0,0.0,0.0,0.0,0.0,0.0,0.0,0.0,0.0,0.0,0.0,0.0,0.0,0.0,0.0,0.0,0.0,0.0,0.0,0.0,0.0,0.0,0.0,0.0,0.0,0.0,0.0,0.0,0.0,0.0,0.0,0.0,0.0,0.0,0.0,0.0,0.0,0.0,0.0,0.0,0.0,0.0,0.0,0.0,0.0,0.0,0.0,0.0,0.0,0.0,0.0,0.0,0.0,0.0,0.0,1.0,0.0,2020-12-10 18:00:00,5939.59,1.6498861111111112,5.616666666666667,6.433333333333334
P007,1.0,0.0,0.0,0.0,0.0,0.0,0.0,49.333333333333336,0.0,0.0,0.0,0.0,0.0,0.0,0.0,0.0,0.0,0.0,0.0,0.0,0.0,0.0,0.0,0.0,0.0,0.0,0.0,0.0,0.0,0.0,0.0,0.0,0.0,0.0,0.0,0.0,0.0,0.0,0.0,0.0,0.0,0.0,0.0,0.0,0.0,0.0,0.0,0.0,0.0,0.0,0.0,0.0,0.0,0.0,0.0,0.0,0.0,0.0,0.0,0.0,0.0,0.0,0.0,0.0,0.0,0.0,0.0,0.0,0.0,0.0,1.0,1.0,2020-12-10 19:00:00,5939.59,1.6498861111111112,5.616666666666667,6.433333333333334
P007,1.0,0.0,0.0,0.0,0.0,0.0,0.0,28.5,0.0,0.0,0.0,0.0,0.0,0.0,0.0,0.0,0.0,0.0,0.0,0.0,0.0,0.0,0.0,0.0,0.0,0.0,0.0,0.0,0.0,0.0,0.0,0.0,0.0,0.0,0.0,0.0,0.0,0.0,0.0,0.0,0.0,0.0,0.0,0.0,0.0,0.0,0.0,0.0,0.0,0.0,0.0,0.0,0.0,0.0,0.0,0.0,0.0,0.0,0.0,0.0,0.0,0.0,0.0,0.0,0.0,0.0,0.0,0.0,0.0,0.0,0.0,1.0,2020-12-10 20:00:00,5939.59,1.6498861111111112,5.616666666666667,6.433333333333334
P007,1.0,0.0,0.0,0.0,0.0,0.0,0.0,55.05,0.0,0.0,0.0,0.0,0.0,0.0,0.0,0.0,0.0,0.0,0.0,0.0,0.0,0.0,0.0,0.0,0.0,0.0,0.0,0.0,0.0,0.0,0.0,0.0,0.0,0.0,0.0,0.0,0.0,0.0,0.0,0.0,0.0,0.0,0.0,0.0,0.0,0.0,0.0,0.0,0.0,0.0,0.0,0.0,0.0,0.0,0.0,0.0,0.0,0.0,0.0,0.0,0.0,0.0,0.0,0.0,0.0,0.0,0.0,0.0,0.0,0.0,,0.0,2020-12-10 21:00:00,5939.59,1.6498861111111112,5.616666666666667,6.433333333333334
P007,1.0,0.0,0.0,50.38333333333333,0.0,0.0,0.0,0.0,0.0,0.0,76.17999699999999,6.0,2869.640999,9.0,0.0,21.0,0.0,21.0,0.0,21.0,0.0,21.0,0.0,21.0,0.0,21.0,0.0,21.0,0.0,21.0,0.0,21.0,0.0,21.0,0.0,21.0,0.0,21.0,1.078992207877583,15.0,6.0,6.0,9.0,2508.0,212.0,104.0,0.0,0.0,0.0,0.0,0.0,0.0,0.0,0.0,0.0,0.0,1.0,0.0,0.0,1.0,0.0,0.0,0.0,0.0,0.0,0.0,0.0,0.0,0.0,0.0,1.0,,2020-12-11 09:00:00,14216.801,3.949111388888889,4.266666666666667,6.25
P007,1.0,0.0,0.0,56.3,0.0,0.0,0.0,0.0,0.0,0.0,418.693,15.0,2971.1429930000004,28.0,0.0,44.0,0.0,44.0,0.0,44.0,0.0,44.0,0.0,44.0,0.0,44.0,0.0,44.0,0.0,44.0,0.0,44.0,0.0,44.0,0.0,44.0,0.0,44.0,0.9075352941050092,27.0,8.0,8.0,28.0,2260.0,141.0,219.0,0.123,1.0,0.0,0.0,0.0,0.0,0.0,0.0,0.0,0.0,0.0,0.0,0.0,0.0,0.0,0.0,0.0,0.0,0.0,0.0,0.0,0.0,0.0,0.0,1.0,1.0,2020-12-11 10:00:00,14216.801,3.949111388888889,4.266666666666667,6.25
P007,1.0,0.0,0.0,58.016666666666666,0.0,0.0,0.0,0.0,0.0,0.0,0.70799,28.0,2595.8280050000008,46.0,0.0,63.0,0.0,63.0,0.0,63.0,0.0,63.0,0.0,63.0,0.0,63.0,0.0,63.0,0.0,63.0,0.0,63.0,0.0,63.0,0.0,63.0,0.0,63.0,0.7696734919794211,26.0,9.0,8.0,46.0,1963.0,164.0,836.0,0.0,0.0,0.0,0.0,0.0,0.0,0.0,0.0,0.0,0.0,0.0,0.0,0.0,0.0,0.0,0.0,0.0,0.0,0.0,0.0,0.0,0.0,0.0,0.0,1.0,1.0,2020-12-11 11:00:00,14216.801,3.949111388888889,4.266666666666667,6.25
P007,1.0,0.0,0.0,51.03333333333333,0.0,0.0,0.0,0.0,231.216003,1.0,226.122987,12.0,2907.846944,31.0,0.0,39.0,0.0,39.0,0.0,39.0,0.0,39.0,0.0,39.0,0.0,39.0,0.0,39.0,0.0,39.0,0.0,39.0,0.0,39.0,0.0,39.0,0.0,39.0,0.649613999257886,14.0,4.0,4.0,31.0,2474.0,19.0,576.0,0.0,0.0,0.0,0.0,0.0,0.0,0.0,0.0,0.0,0.0,0.0,0.0,0.0,0.0,0.0,0.0,0.0,0.0,0.0,0.0,0.0,0.0,0.0,0.0,1.0,1.0,2020-12-11 12:00:00,14216.801,3.949111388888889,4.266666666666667,6.25
P007,1.0,0.0,0.0,26.15,0.0,0.0,0.0,0.0,0.0,0.0,2464.572987,24.0,3345.076979000001,31.0,0.0,44.0,0.0,44.0,0.0,44.0,0.0,44.0,0.0,44.0,0.0,44.0,0.0,44.0,0.0,44.0,0.0,44.0,0.0,44.0,0.0,44.0,0.0,44.0,0.8108821066956462,19.0,7.0,6.0,31.0,1320.0,35.0,187.0,0.0,0.0,0.0,0.0,0.0,0.0,0.0,0.0,0.0,0.0,0.0,0.0,0.0,0.0,0.0,0.0,0.0,0.0,0.0,0.0,0.0,0.0,0.0,0.0,1.0,1.0,2020-12-11 13:00:00,14216.801,3.949111388888889,4.266666666666667,6.25
P007,1.0,0.0,0.0,57.88333333333333,0.0,0.0,0.0,0.0,0.0,0.0,1977.6159040000005,105.0,2032.381902,111.0,0.0,122.0,0.0,122.0,0.0,122.0,0.0,122.0,0.0,122.0,0.0,122.0,0.0,122.0,0.0,122.0,0.0,122.0,0.0,122.0,0.0,122.0,0.0,122.0,0.3650407273299129,20.0,5.0,6.0,111.0,1219.0,112.0,2222.0,0.0,0.0,7.337999,1.0,0.0,0.0,0.0,0.0,0.0,0.0,0.0,1.0,0.0,0.0,1.0,0.0,0.0,0.0,0.0,0.0,0.0,0.0,0.0,0.0,1.0,1.0,2020-12-11 14:00:00,14216.801,3.949111388888889,4.266666666666667,6.25
P007,1.0,0.0,0.0,58.43333333333333,0.0,0.0,0.0,0.0,0.0,0.0,298.60296200000005,94.0,1473.0029450000002,123.0,0.0,173.0,0.0,173.0,0.0,173.0,0.0,173.0,0.0,173.0,0.0,173.0,0.0,173.0,0.0,173.0,0.0,173.0,0.0,173.0,0.0,173.0,0.0,173.0,0.8013697584994172,76.0,24.0,26.0,123.0,1279.0,266.0,2053.0,144.277,2.0,0.0,0.0,0.0,0.0,0.0,0.0,0.0,0.0,0.0,0.0,0.0,0.0,0.0,0.0,0.0,0.0,0.0,0.0,0.0,0.0,0.0,0.0,,1.0,2020-12-11 15:00:00,14216.801,3.949111388888889,4.266666666666667,6.25
P007,3.0,7.1,0.0,7.5,0.0,0.0,0.0,40.38333333333333,61.11,1.0,181.470989,35.0,3092.3540430000003,71.0,0.0,88.0,0.0,88.0,0.0,88.0,0.0,88.0,0.0,88.0,0.0,88.0,0.0,88.0,0.0,88.0,0.0,88.0,0.0,88.0,0.0,88.0,0.0,88.0,0.6243728963032287,31.0,9.0,8.0,71.0,1115.0,85.0,2185.0,0.0,0.0,0.0,0.0,0.0,0.0,0.0,0.0,0.0,0.0,1.0,1.0,0.0,0.0,3359.0,0.0,0.0,0.0,0.0,0.0,0.0,0.0,0.0,0.0,0.0,,2020-12-11 16:00:00,14216.801,3.949111388888889,4.266666666666667,6.25
P007,1.0,0.0,0.0,0.0,0.0,0.0,0.0,58.3,0.0,0.0,166.156975,48.0,2513.336947,59.0,0.0,64.0,0.0,64.0,0.0,64.0,0.0,64.0,0.0,64.0,0.0,64.0,0.0,64.0,0.0,64.0,0.0,64.0,0.0,64.0,0.0,64.0,0.0,64.0,0.3267449518352708,9.0,2.0,3.0,59.0,862.0,25.0,1447.0,0.0,0.0,0.0,0.0,0.0,0.0,0.0,0.0,0.0,0.0,0.0,0.0,0.0,0.0,0.0,0.0,0.0,0.0,0.0,0.0,0.0,0.0,0.0,0.0,1.0,0.0,2020-12-11 17:00:00,14216.801,3.949111388888889,4.266666666666667,6.25
P007,1.0,0.0,0.0,0.0,0.0,0.0,0.0,57.13333333333333,0.0,0.0,133.914972,55.0,493.5909419999999,106.0,0.0,108.0,0.0,108.0,0.0,108.0,0.0,108.0,0.0,108.0,0.0,108.0,0.0,108.0,0.0,108.0,0.0,108.0,0.0,108.0,0.0,108.0,0.0,108.0,0.10505211623645,3.0,1.0,1.0,106.0,14.0,1.0,3452.0,0.0,0.0,0.0,0.0,0.0,0.0,0.0,0.0,0.0,0.0,1.0,0.0,0.0,0.0,0.0,1.0,2125.0,0.0,0.0,0.0,0.0,0.0,0.0,0.0,1.0,1.0,2020-12-11 18:00:00,14216.801,3.949111388888889,4.266666666666667,6.25
P007,1.0,0.0,0.0,0.0,0.0,0.0,0.0,59.31666666666667,0.0,0.0,0.2669939999999999,9.0,0.68099,15.0,0.0,15.0,0.0,15.0,0.0,15.0,0.0,15.0,0.0,15.0,0.0,15.0,0.0,15.0,0.0,15.0,0.0,15.0,0.0,15.0,0.0,15.0,0.0,15.0,0.0,0.0,0.0,0.0,15.0,0.0,0.0,1564.0,0.0,0.0,0.0,0.0,0.0,0.0,0.0,0.0,0.0,0.0,0.0,0.0,0.0,0.0,0.0,1.0,1.0,0.0,0.0,0.0,0.0,0.0,0.0,0.0,1.0,1.0,2020-12-11 19:00:00,14216.801,3.949111388888889,4.266666666666667,6.25
P007,1.0,0.0,0.0,0.0,0.0,0.0,0.0,56.0,0.0,0.0,0.427992,18.0,0.45799,20.0,0.0,20.0,0.0,20.0,0.0,20.0,0.0,20.0,0.0,20.0,0.0,20.0,0.0,20.0,0.0,20.0,0.0,20.0,0.0,20.0,0.0,20.0,0.0,20.0,0.0,0.0,0.0,0.0,20.0,0.0,0.0,591.0,0.0,0.0,0.0,0.0,0.0,0.0,0.0,0.0,0.0,0.0,1.0,0.0,0.0,1.0,0.0,0.0,0.0,0.0,0.0,0.0,0.0,0.0,0.0,0.0,,1.0,2020-12-11 20:00:00,14216.801,3.949111388888889,4.266666666666667,6.25
P007,1.0,0.0,0.0,0.0,0.0,0.0,0.0,58.11666666666667,0.0,0.0,8.947991000000002,19.0,1852.147037,27.0,0.0,33.0,0.0,33.0,0.0,33.0,0.0,33.0,0.0,33.0,0.0,33.0,0.0,33.0,0.0,33.0,0.0,33.0,0.0,33.0,0.0,33.0,0.0,33.0,0.6001660731596457,10.0,3.0,3.0,27.0,1833.0,13.0,821.0,0.0,0.0,0.0,0.0,0.0,0.0,0.0,0.0,0.0,0.0,0.0,0.0,0.0,0.0,0.0,0.0,0.0,0.0,0.0,0.0,2.0,2.0,0.0,0.0,1.0,,2020-12-12 09:00:00,29892.622,8.30350611111111,1.1833333333333331,5.333333333333333
P007,1.0,0.0,0.0,0.0,0.0,0.0,0.0,59.31666666666667,0.0,0.0,0.321992,18.0,2882.410985,29.0,0.0,39.0,0.0,39.0,0.0,39.0,0.0,39.0,0.0,39.0,0.0,39.0,0.0,39.0,0.0,39.0,0.0,39.0,0.0,39.0,0.0,39.0,0.0,39.0,0.7469986155155759,17.0,5.0,5.0,29.0,1569.0,78.0,371.0,0.0,0.0,0.0,0.0,0.0,0.0,0.0,0.0,0.0,0.0,0.0,0.0,0.0,0.0,0.0,0.0,0.0,0.0,0.0,0.0,0.0,0.0,0.0,0.0,,1.0,2020-12-12 10:00:00,29892.622,8.30350611111111,1.1833333333333331,5.333333333333333
P007,1.0,0.0,0.0,0.0,0.0,0.0,0.0,54.06666666666667,676.8549840000001,2.0,0.589989,32.0,1387.4879630000005,62.0,0.0,68.0,0.0,68.0,0.0,68.0,0.0,68.0,0.0,68.0,0.0,68.0,0.0,68.0,0.0,68.0,0.0,68.0,0.0,68.0,0.0,68.0,0.0,68.0,0.3595958580466312,11.0,3.0,3.0,62.0,832.0,7.0,716.0,0.0,0.0,0.0,0.0,0.0,0.0,0.0,0.0,0.0,0.0,0.0,0.0,0.0,0.0,0.0,0.0,0.0,0.0,0.0,0.0,0.0,0.0,0.0,0.0,1.0,,2020-12-12 15:00:00,29892.622,8.30350611111111,1.1833333333333331,5.333333333333333
P007,1.0,0.0,0.0,0.0,0.0,0.0,0.0,58.06666666666667,0.0,0.0,61.85896299999999,80.0,635.5899210000002,153.0,0.0,155.0,0.0,155.0,0.0,155.0,0.0,155.0,0.0,155.0,0.0,155.0,0.0,155.0,0.0,155.0,0.0,155.0,0.0,155.0,0.0,155.0,0.0,155.0,0.0778960719318748,3.0,1.0,1.0,153.0,0.0,5.0,1228.0,1.166962,60.0,0.0,0.0,0.0,0.0,0.0,0.0,0.0,0.0,0.0,0.0,0.0,0.0,0.0,0.0,0.0,0.0,0.0,0.0,0.0,0.0,0.0,0.0,1.0,1.0,2020-12-12 16:00:00,29892.622,8.30350611111111,1.1833333333333331,5.333333333333333
P007,1.0,0.0,0.0,0.0,0.0,0.0,0.0,56.73333333333333,0.0,0.0,0.016,2.0,2351.1040000000003,3.0,0.0,5.0,0.0,5.0,0.0,5.0,0.0,5.0,0.0,5.0,0.0,5.0,0.0,5.0,0.0,5.0,0.0,5.0,0.0,5.0,0.0,5.0,0.0,5.0,0.9502705392332348,3.0,1.0,1.0,3.0,0.0,3.0,13.0,0.0,0.0,0.0,0.0,0.0,0.0,0.0,0.0,0.0,0.0,0.0,0.0,0.0,0.0,0.0,0.0,0.0,0.0,0.0,0.0,0.0,0.0,0.0,0.0,,1.0,2020-12-12 17:00:00,29892.622,8.30350611111111,1.1833333333333331,5.333333333333333
P007,1.0,0.0,0.0,0.0,0.0,0.0,0.0,52.266666666666666,0.0,0.0,766.448997,10.0,2028.478043,13.0,0.0,17.0,0.0,17.0,0.0,17.0,0.0,17.0,0.0,17.0,0.0,17.0,0.0,17.0,0.0,17.0,0.0,17.0,0.0,17.0,0.0,17.0,0.0,17.0,0.7086880282185832,7.0,2.0,2.0,13.0,1260.0,14.0,47.0,0.0,0.0,0.0,0.0,0.0,0.0,0.0,0.0,0.0,0.0,0.0,0.0,0.0,0.0,0.0,0.0,0.0,0.0,0.0,0.0,0.0,0.0,0.0,0.0,1.0,,2020-12-12 18:00:00,29892.622,8.30350611111111,1.1833333333333331,5.333333333333333
P007,1.0,0.0,0.0,0.0,0.0,0.0,0.0,59.266666666666666,0.0,0.0,0.139996,9.0,922.068998,24.0,0.0,30.0,0.0,30.0,0.0,30.0,0.0,30.0,0.0,30.0,0.0,30.0,0.0,30.0,0.0,30.0,0.0,30.0,0.0,30.0,0.0,30.0,0.0,30.0,0.6277052571971504,10.0,2.0,4.0,24.0,435.0,17.0,1784.0,0.0,0.0,0.0,0.0,0.0,0.0,0.0,0.0,0.0,0.0,0.0,0.0,0.0,0.0,0.0,0.0,0.0,0.0,0.0,0.0,0.0,0.0,0.0,0.0,1.0,1.0,2020-12-12 19:00:00,29892.622,8.30350611111111,1.1833333333333331,5.333333333333333
P007,1.0,0.0,0.0,0.0,0.0,0.0,0.0,57.06666666666667,0.0,0.0,0.0,0.0,356.89699,7.0,0.0,11.0,0.0,11.0,0.0,11.0,0.0,11.0,0.0,11.0,0.0,11.0,0.0,11.0,0.0,11.0,0.0,11.0,0.0,11.0,0.0,11.0,0.0,11.0,0.9075352941050092,5.0,2.0,2.0,7.0,447.0,4.0,19.0,0.0,0.0,0.0,0.0,0.0,0.0,0.0,0.0,0.0,0.0,0.0,0.0,0.0,0.0,0.0,0.0,0.0,0.0,0.0,0.0,0.0,0.0,0.0,0.0,,1.0,2020-12-12 20:00:00,29892.622,8.30350611111111,1.1833333333333331,5.333333333333333
P007,1.0,0.0,0.0,0.0,0.0,0.0,0.0,58.16666666666666,0.0,0.0,0.104999,4.0,151.53999800000005,10.0,0.0,11.0,0.0,11.0,0.0,11.0,0.0,11.0,0.0,11.0,0.0,11.0,0.0,11.0,0.0,11.0,0.0,11.0,0.0,11.0,0.0,11.0,0.0,11.0,0.3046360973492381,1.0,1.0,0.0,10.0,0.0,0.0,725.0,0.0,0.0,0.0,0.0,0.0,0.0,0.0,0.0,0.0,0.0,0.0,0.0,0.0,0.0,0.0,0.0,0.0,0.0,0.0,0.0,0.0,0.0,0.0,0.0,1.0,,2020-12-12 21:00:00,29892.622,8.30350611111111,1.1833333333333331,5.333333333333333
P007,1.0,0.0,0.0,0.0,0.0,0.0,0.0,58.25,0.0,0.0,0.0,0.0,0.0,0.0,0.0,0.0,0.0,0.0,0.0,0.0,0.0,0.0,0.0,0.0,0.0,0.0,0.0,0.0,0.0,0.0,0.0,0.0,0.0,0.0,0.0,0.0,0.0,0.0,0.0,0.0,0.0,0.0,0.0,0.0,0.0,0.0,0.0,0.0,0.0,0.0,0.0,0.0,0.0,0.0,0.0,0.0,0.0,0.0,0.0,0.0,0.0,0.0,0.0,0.0,0.0,0.0,0.0,0.0,0.0,0.0,,1.0,2020-12-12 22:00:00,29892.622,8.30350611111111,1.1833333333333331,5.333333333333333
P007,1.0,0.0,0.0,0.0,0.0,0.0,0.0,56.7,0.0,0.0,2.012972,50.0,3342.5410170000005,60.0,0.0,72.0,0.0,72.0,0.0,72.0,0.0,72.0,0.0,72.0,0.0,72.0,0.0,72.0,0.0,72.0,0.0,72.0,0.0,72.0,0.0,72.0,0.0,72.0,0.5660857389596289,19.0,6.0,6.0,60.0,2350.0,69.0,226.0,0.0,0.0,0.0,0.0,0.0,0.0,0.0,0.0,0.0,0.0,1.0,1.0,0.0,0.0,328.0,0.0,0.0,0.0,0.0,0.0,0.0,0.0,0.0,0.0,0.0,,2020-12-13 12:00:00,2798.194,0.7772761111111111,21.766666666666666,22.166666666666668
P007,1.0,0.0,0.0,0.0,0.0,0.0,0.0,57.55,1.0829700000000002,50.0,709.0869720000001,70.0,1910.138942,156.0,0.0,166.0,0.0,166.0,0.0,166.0,0.0,166.0,0.0,166.0,0.0,166.0,0.0,166.0,0.0,166.0,0.0,166.0,0.0,166.0,0.0,166.0,0.0,166.0,0.2693858832043216,17.0,5.0,5.0,156.0,1447.0,100.0,1751.0,0.0,0.0,0.0,0.0,0.0,0.0,0.0,0.0,0.0,0.0,0.0,0.0,0.0,0.0,0.0,0.0,0.0,0.0,0.0,0.0,0.0,0.0,0.0,0.0,,0.0,2020-12-13 13:00:00,2798.194,0.7772761111111111,21.766666666666666,22.166666666666668
P007,1.0,0.0,0.0,0.0,0.0,0.0,0.0,56.8,0.017,1.0,5.777980000000001,29.0,1628.8889320000003,53.0,0.0,63.0,0.0,63.0,0.0,63.0,0.0,63.0,0.0,63.0,0.0,63.0,0.0,63.0,0.0,63.0,0.0,63.0,0.0,63.0,0.0,63.0,0.0,63.0,0.5475815431756047,18.0,5.0,5.0,53.0,1500.0,12.0,1335.0,0.136999,2.0,0.0,0.0,0.0,0.0,0.0,0.0,0.0,0.0,0.0,0.0,0.0,0.0,0.0,0.0,0.0,0.0,0.0,0.0,0.0,0.0,0.0,0.0,0.0,,2020-12-13 15:00:00,2798.194,0.7772761111111111,21.766666666666666,22.166666666666668
P007,1.0,0.0,0.0,0.0,0.0,0.0,0.0,58.38333333333333,0.0,0.0,2.7359560000000007,86.0,572.545939,177.0,0.0,181.0,0.0,181.0,0.0,181.0,0.0,181.0,0.0,181.0,0.0,181.0,0.0,181.0,0.0,181.0,0.0,181.0,0.0,181.0,0.0,181.0,0.0,181.0,0.1214191782945134,8.0,2.0,2.0,177.0,548.0,6.0,2604.0,0.0,0.0,0.0,0.0,0.0,0.0,0.0,0.0,0.0,0.0,0.0,0.0,0.0,0.0,0.0,0.0,0.0,0.0,0.0,0.0,0.0,0.0,0.0,0.0,,0.0,2020-12-13 16:00:00,2798.194,0.7772761111111111,21.766666666666666,22.166666666666668
P007,1.0,0.0,0.0,0.0,0.0,0.0,0.0,59.583333333333336,0.020999,1.0,96.587979,51.0,704.6259499999999,121.0,0.0,125.0,0.0,125.0,0.0,125.0,0.0,125.0,0.0,125.0,0.0,125.0,0.0,125.0,0.0,125.0,0.0,125.0,0.0,125.0,0.0,125.0,0.0,125.0,0.1638077793867375,7.0,2.0,2.0,121.0,94.0,22.0,2870.0,0.0,0.0,0.0,0.0,0.0,0.0,0.0,0.0,0.0,0.0,0.0,0.0,0.0,0.0,0.0,0.0,0.0,0.0,0.0,0.0,0.0,0.0,0.0,0.0,1.0,,2020-12-13 19:00:00,2798.194,0.7772761111111111,21.766666666666666,22.166666666666668
P007,1.0,0.0,0.0,0.0,0.0,0.0,0.0,55.766666666666666,0.0,0.0,0.328999,3.0,148.25599200000005,12.0,0.0,13.0,0.0,13.0,0.0,13.0,0.0,13.0,0.0,13.0,0.0,13.0,0.0,13.0,0.0,13.0,0.0,13.0,0.0,13.0,0.0,13.0,0.0,13.0,0.2711893730418441,2.0,0.0,1.0,12.0,0.0,1.0,47.0,0.0,0.0,0.0,0.0,0.0,0.0,0.0,0.0,0.0,0.0,0.0,0.0,0.0,0.0,0.0,0.0,0.0,0.0,0.0,0.0,0.0,0.0,0.0,0.0,1.0,1.0,2020-12-13 20:00:00,2798.194,0.7772761111111111,21.766666666666666,22.166666666666668
P007,1.0,0.0,0.0,0.0,0.0,0.0,0.0,59.266666666666666,0.0,0.0,0.0,0.0,0.0,0.0,0.0,0.0,0.0,0.0,0.0,0.0,0.0,0.0,0.0,0.0,0.0,0.0,0.0,0.0,0.0,0.0,0.0,0.0,0.0,0.0,0.0,0.0,0.0,0.0,0.0,0.0,0.0,0.0,0.0,0.0,0.0,0.0,0.0,0.0,0.0,0.0,0.0,0.0,0.0,0.0,0.0,0.0,0.0,0.0,0.0,0.0,0.0,0.0,0.0,0.0,0.0,0.0,0.0,0.0,0.0,0.0,,1.0,2020-12-13 21:00:00,2798.194,0.7772761111111111,21.766666666666666,22.166666666666668
P007,1.0,0.0,0.0,0.0,0.0,0.0,0.0,57.56666666666667,0.0,0.0,0.3719989999999999,8.0,3283.715002,15.0,0.0,22.0,0.0,22.0,0.0,22.0,0.0,22.0,0.0,22.0,0.0,22.0,0.0,22.0,0.0,22.0,0.0,22.0,0.0,22.0,0.0,22.0,0.0,22.0,0.8427803021302686,13.0,3.0,4.0,15.0,2724.0,16.0,146.0,0.105999,1.0,0.0,0.0,0.0,0.0,0.0,0.0,0.0,0.0,0.0,0.0,0.0,0.0,0.0,0.0,0.0,0.0,0.0,0.0,0.0,0.0,0.0,0.0,0.0,,2020-12-14 14:00:00,19039.743,5.2888175,6.2,8.85
P007,1.0,0.0,0.0,0.0,0.0,0.0,0.0,57.45,1399.2959790000002,12.0,0.020999,1.0,1942.1809690000007,47.0,0.0,54.0,0.0,54.0,0.0,54.0,0.0,54.0,0.0,54.0,0.0,54.0,0.0,54.0,0.0,54.0,0.0,54.0,0.0,54.0,0.0,54.0,0.0,54.0,0.4742071652521142,11.0,4.0,3.0,47.0,1547.0,19.0,672.0,0.0,0.0,0.0,0.0,0.0,0.0,0.0,0.0,0.0,0.0,0.0,0.0,0.0,0.0,0.0,0.0,0.0,0.0,0.0,0.0,0.0,0.0,0.0,0.0,0.0,0.0,2020-12-14 15:00:00,19039.743,5.2888175,6.2,8.85
P007,1.0,0.0,0.0,0.0,0.0,0.0,0.0,56.91666666666666,0.0,0.0,0.34599,18.0,2922.7369980000003,29.0,0.0,39.0,0.0,39.0,0.0,39.0,0.0,39.0,0.0,39.0,0.0,39.0,0.0,39.0,0.0,39.0,0.0,39.0,0.0,39.0,0.0,39.0,0.0,39.0,0.7469986155155759,19.0,5.0,5.0,29.0,1928.0,30.0,208.0,0.0,0.0,0.0,0.0,0.0,0.0,0.0,0.0,0.0,0.0,0.0,0.0,0.0,0.0,0.0,0.0,0.0,0.0,0.0,0.0,0.0,0.0,0.0,0.0,,0.0,2020-12-14 16:00:00,19039.743,5.2888175,6.2,8.85
P007,1.0,0.0,0.0,0.0,0.0,0.0,0.0,57.1,1462.958,1.0,0.0,0.0,1988.799995,9.0,0.0,13.0,0.0,13.0,0.0,13.0,0.0,13.0,0.0,13.0,0.0,13.0,0.0,13.0,0.0,13.0,0.0,13.0,0.0,13.0,0.0,13.0,0.0,13.0,0.8305178252872478,5.0,2.0,2.0,9.0,460.0,5.0,95.0,0.0,0.0,0.0,0.0,0.0,0.0,0.0,0.0,0.0,0.0,0.0,0.0,0.0,0.0,0.0,0.0,0.0,0.0,0.0,0.0,0.0,0.0,0.0,0.0,1.0,,2020-12-14 17:00:00,19039.743,5.2888175,6.2,8.85
P007,1.0,0.0,0.0,0.0,0.0,0.0,0.0,57.7,0.0,0.0,0.0,0.0,0.0,0.0,0.0,0.0,0.0,0.0,0.0,0.0,0.0,0.0,0.0,0.0,0.0,0.0,0.0,0.0,0.0,0.0,0.0,0.0,0.0,0.0,0.0,0.0,0.0,0.0,0.0,0.0,0.0,0.0,0.0,0.0,0.0,0.0,0.0,0.0,0.0,0.0,0.0,0.0,0.0,0.0,0.0,0.0,0.0,0.0,0.0,0.0,0.0,0.0,0.0,0.0,0.0,0.0,0.0,0.0,0.0,0.0,1.0,1.0,2020-12-14 18:00:00,19039.743,5.2888175,6.2,8.85
P007,1.0,0.0,0.0,0.0,0.0,0.0,0.0,57.03333333333333,0.0,0.0,208.04797800000009,38.0,1807.885958,48.0,0.0,52.0,0.0,52.0,0.0,52.0,0.0,52.0,0.0,52.0,0.0,52.0,0.0,52.0,0.0,52.0,0.0,52.0,0.0,52.0,0.0,52.0,0.0,52.0,0.3245083869310707,7.0,2.0,2.0,48.0,441.0,20.0,1821.0,0.0,0.0,0.0,0.0,0.0,0.0,0.0,0.0,0.0,0.0,0.0,0.0,0.0,0.0,0.0,0.0,0.0,0.0,0.0,0.0,0.0,0.0,0.0,0.0,1.0,1.0,2020-12-14 19:00:00,19039.743,5.2888175,6.2,8.85
P007,1.0,0.0,0.0,0.0,0.0,0.0,0.0,57.68333333333333,0.0,0.0,0.041999,1.0,55.95599899999999,3.0,0.0,5.0,0.0,5.0,0.0,5.0,0.0,5.0,0.0,5.0,0.0,5.0,0.0,5.0,0.0,5.0,0.0,5.0,0.0,5.0,0.0,5.0,0.0,5.0,0.9502705392332348,3.0,1.0,1.0,3.0,0.0,8.0,140.0,0.0,0.0,0.0,0.0,0.0,0.0,0.0,0.0,0.0,0.0,0.0,0.0,0.0,0.0,0.0,0.0,0.0,0.0,0.0,0.0,0.0,0.0,0.0,0.0,,1.0,2020-12-14 20:00:00,19039.743,5.2888175,6.2,8.85
P007,1.0,0.0,0.0,0.0,0.0,0.0,0.0,56.86666666666667,0.0,0.0,0.0,0.0,0.0,0.0,0.0,0.0,0.0,0.0,0.0,0.0,0.0,0.0,0.0,0.0,0.0,0.0,0.0,0.0,0.0,0.0,0.0,0.0,0.0,0.0,0.0,0.0,0.0,0.0,0.0,0.0,0.0,0.0,0.0,0.0,0.0,0.0,0.0,0.0,0.0,0.0,0.0,0.0,0.0,0.0,0.0,0.0,0.0,0.0,0.0,0.0,0.0,0.0,0.0,0.0,0.0,0.0,0.0,0.0,0.0,0.0,1.0,,2020-12-14 21:00:00,19039.743,5.2888175,6.2,8.85
P007,1.0,0.0,0.0,0.0,0.0,0.0,0.0,53.98333333333333,0.0,0.0,0.0,0.0,0.0,0.0,0.0,0.0,0.0,0.0,0.0,0.0,0.0,0.0,0.0,0.0,0.0,0.0,0.0,0.0,0.0,0.0,0.0,0.0,0.0,0.0,0.0,0.0,0.0,0.0,0.0,0.0,0.0,0.0,0.0,0.0,0.0,0.0,0.0,0.0,0.0,0.0,0.0,0.0,0.0,0.0,0.0,0.0,0.0,0.0,0.0,0.0,0.0,0.0,0.0,0.0,0.0,0.0,0.0,0.0,0.0,0.0,,1.0,2020-12-14 22:00:00,19039.743,5.2888175,6.2,8.85
P007,1.0,0.0,0.0,0.0,0.0,0.0,0.0,53.516666666666666,0.0,0.0,116.657983,35.0,2719.971946,44.0,111.31635200977324,144.0,28.249,144.0,111.31635200977324,144.0,0.0,144.0,0.0,144.0,0.0,144.0,0.0,144.0,28.249,144.0,0.0,144.0,0.0,144.0,0.0,144.0,0.0,144.0,0.3224926021382778,20.0,6.0,5.0,133.0,2679.0,10.0,377.0,0.0,0.0,0.0,0.0,0.0,0.0,0.0,0.0,0.0,0.0,0.0,0.0,0.0,0.0,0.0,0.0,0.0,0.0,0.0,0.0,0.0,0.0,0.0,0.0,1.0,,2020-12-15 12:00:00,1672.913,0.4646980555555555,21.416666666666668,21.65
P007,1.0,0.0,0.0,0.0,0.0,0.0,0.0,53.18333333333333,0.0,0.0,27.22498,47.0,2378.1729120000005,77.0,288.9468569755554,424.0,275.721,424.0,288.9468569755554,424.0,0.0,424.0,0.0,424.0,0.0,424.0,0.0,424.0,275.721,424.0,0.0,424.0,0.0,424.0,0.0,424.0,0.0,424.0,0.2399989372451403,35.0,11.0,11.0,402.0,2288.0,152.0,1091.0,0.0,0.0,0.0,0.0,0.0,0.0,0.0,0.0,0.0,0.0,0.0,0.0,0.0,0.0,0.0,0.0,0.0,0.0,0.0,0.0,0.0,0.0,0.0,0.0,,1.0,2020-12-15 13:00:00,1672.913,0.4646980555555555,21.416666666666668,21.65
P007,1.0,0.0,0.0,0.0,0.0,0.0,0.0,53.15,0.0,0.0,0.367989,23.0,2785.468043,64.0,699.5469932556152,835.0,203.732,835.0,699.5469932556152,835.0,0.0,835.0,0.0,835.0,0.0,835.0,0.0,835.0,203.732,835.0,0.0,835.0,0.0,835.0,0.0,835.0,0.0,835.0,0.1502662739735957,34.0,12.0,12.0,811.0,2352.0,291.0,508.0,0.0,0.0,0.0,0.0,0.0,0.0,0.0,0.0,0.0,0.0,0.0,0.0,0.0,0.0,0.0,0.0,0.0,0.0,0.0,0.0,0.0,0.0,0.0,0.0,1.0,,2020-12-15 14:00:00,1672.913,0.4646980555555555,21.416666666666668,21.65
P007,1.0,0.0,0.0,0.0,0.0,0.0,0.0,17.35,0.0,0.0,0.1539979999999999,6.0,1234.777986,26.0,22.17748320102692,48.0,4.526,48.0,22.17748320102692,48.0,0.0,48.0,0.0,48.0,0.0,48.0,0.0,48.0,4.526,48.0,0.0,48.0,0.0,48.0,0.0,48.0,0.0,48.0,0.6113828607890102,11.0,4.0,5.0,39.0,2051.0,210.0,901.0,0.240999,4.0,0.0,0.0,0.0,0.0,0.0,0.0,0.0,0.0,0.0,0.0,0.0,0.0,0.0,0.0,0.0,0.0,0.0,0.0,0.0,0.0,0.0,0.0,,1.0,2020-12-15 15:00:00,1672.913,0.4646980555555555,21.416666666666668,21.65
P007,1.0,0.0,0.0,0.0,0.0,0.0,0.0,48.85,0.0,0.0,0.0,0.0,0.0,0.0,0.0,0.0,0.0,0.0,0.0,0.0,0.0,0.0,0.0,0.0,0.0,0.0,0.0,0.0,0.0,0.0,0.0,0.0,0.0,0.0,0.0,0.0,0.0,0.0,0.0,0.0,0.0,0.0,0.0,0.0,0.0,0.0,0.0,0.0,0.0,0.0,0.0,0.0,0.0,0.0,0.0,0.0,0.0,0.0,0.0,0.0,0.0,0.0,0.0,0.0,0.0,0.0,0.0,0.0,0.0,0.0,1.0,,2020-12-15 18:00:00,1672.913,0.4646980555555555,21.416666666666668,21.65
P007,1.0,0.0,0.0,0.0,0.0,0.0,0.0,49.2,0.0,0.0,0.0,0.0,0.0,0.0,0.0,0.0,0.0,0.0,0.0,0.0,0.0,0.0,0.0,0.0,0.0,0.0,0.0,0.0,0.0,0.0,0.0,0.0,0.0,0.0,0.0,0.0,0.0,0.0,0.0,0.0,0.0,0.0,0.0,0.0,0.0,0.0,0.0,0.0,0.0,0.0,0.0,0.0,0.0,0.0,0.0,0.0,0.0,0.0,0.0,0.0,0.0,0.0,0.0,0.0,0.0,0.0,0.0,0.0,0.0,0.0,0.0,1.0,2020-12-15 19:00:00,1672.913,0.4646980555555555,21.416666666666668,21.65
P007,1.0,0.0,0.0,0.0,0.0,0.0,0.0,55.1,0.0,0.0,0.0,0.0,0.0,0.0,0.0,0.0,0.0,0.0,0.0,0.0,0.0,0.0,0.0,0.0,0.0,0.0,0.0,0.0,0.0,0.0,0.0,0.0,0.0,0.0,0.0,0.0,0.0,0.0,0.0,0.0,0.0,0.0,0.0,0.0,0.0,0.0,0.0,0.0,0.0,0.0,0.0,0.0,0.0,0.0,0.0,0.0,0.0,0.0,0.0,0.0,0.0,0.0,0.0,0.0,0.0,0.0,0.0,0.0,0.0,0.0,,0.0,2020-12-15 20:00:00,1672.913,0.4646980555555555,21.416666666666668,21.65
P007,1.0,0.0,0.0,0.0,0.0,0.0,0.0,37.15,0.0,0.0,0.0,0.0,0.0,0.0,0.0,0.0,0.0,0.0,0.0,0.0,0.0,0.0,0.0,0.0,0.0,0.0,0.0,0.0,0.0,0.0,0.0,0.0,0.0,0.0,0.0,0.0,0.0,0.0,0.0,0.0,0.0,0.0,0.0,0.0,0.0,0.0,0.0,0.0,0.0,0.0,0.0,0.0,0.0,0.0,0.0,0.0,0.0,0.0,0.0,0.0,0.0,0.0,0.0,0.0,0.0,0.0,0.0,0.0,0.0,0.0,0.0,,2020-12-15 21:00:00,1672.913,0.4646980555555555,21.416666666666668,21.65
P007,1.0,0.0,0.0,0.0,0.0,0.0,0.0,11.266666666666667,0.0,0.0,0.0,0.0,0.0,0.0,0.0,0.0,0.0,0.0,0.0,0.0,0.0,0.0,0.0,0.0,0.0,0.0,0.0,0.0,0.0,0.0,0.0,0.0,0.0,0.0,0.0,0.0,0.0,0.0,0.0,0.0,0.0,0.0,0.0,0.0,0.0,0.0,0.0,0.0,0.0,0.0,0.0,0.0,0.0,0.0,0.0,0.0,0.0,0.0,0.0,0.0,0.0,0.0,0.0,0.0,0.0,0.0,0.0,0.0,0.0,0.0,1.0,0.0,2020-12-15 22:00:00,1672.913,0.4646980555555555,21.416666666666668,21.65
P007,1.0,0.0,0.0,0.0,0.0,0.0,0.0,50.5,0.0,0.0,0.0,0.0,3003.319,1.0,0.0,2.0,0.0,2.0,0.0,2.0,0.0,2.0,0.0,2.0,0.0,2.0,0.0,2.0,0.0,2.0,0.0,2.0,0.0,2.0,0.0,2.0,0.0,2.0,0.6931471805599453,1.0,0.0,1.0,1.0,0.0,0.0,2.0,0.0,0.0,0.0,0.0,0.0,0.0,0.0,0.0,0.0,0.0,0.0,0.0,0.0,0.0,0.0,0.0,0.0,0.0,0.0,0.0,0.0,0.0,0.0,0.0,,1.0,2020-12-15 23:00:00,1672.913,0.4646980555555555,21.416666666666668,21.65
P007,0.0,0.0,0.0,0.0,0.0,0.0,0.0,0.0,0.0,0.0,0.359999,2.0,2445.8319870000005,5.0,0.0,5.0,0.0,5.0,0.0,5.0,0.0,5.0,0.0,5.0,0.0,5.0,0.0,5.0,0.0,5.0,0.0,5.0,0.0,5.0,0.0,5.0,0.0,5.0,0.0,0.0,0.0,0.0,5.0,0.0,0.0,934.0,0.0,0.0,0.0,0.0,0.0,0.0,0.0,0.0,0.0,0.0,0.0,0.0,0.0,0.0,0.0,0.0,0.0,0.0,0.0,0.0,0.0,0.0,0.0,0.0,1.0,,2020-12-16 16:00:00,13601.812,3.778281111111111,5.05,6.933333333333334
P007,0.0,0.0,0.0,0.0,0.0,0.0,0.0,0.0,0.0,0.0,0.453986,17.0,1521.711963,25.0,0.0,25.0,0.0,25.0,0.0,25.0,0.0,25.0,0.0,25.0,0.0,25.0,0.0,25.0,0.0,25.0,0.0,25.0,0.0,25.0,0.0,25.0,0.0,25.0,0.0,0.0,0.0,0.0,25.0,0.0,0.0,1523.0,0.0,0.0,0.0,0.0,0.0,0.0,0.0,0.0,0.0,0.0,0.0,0.0,0.0,0.0,0.0,0.0,0.0,0.0,0.0,0.0,0.0,0.0,0.0,0.0,1.0,1.0,2020-12-16 17:00:00,13601.812,3.778281111111111,5.05,6.933333333333334
P007,0.0,0.0,0.0,0.0,0.0,0.0,0.0,0.0,0.0,0.0,0.0,0.0,3058.035998,5.0,0.0,5.0,0.0,5.0,0.0,5.0,0.0,5.0,0.0,5.0,0.0,5.0,0.0,5.0,0.0,5.0,0.0,5.0,0.0,5.0,0.0,5.0,0.0,5.0,0.0,0.0,0.0,0.0,5.0,0.0,0.0,1590.0,0.105999,1.0,0.0,0.0,0.0,0.0,0.0,0.0,0.0,0.0,0.0,0.0,0.0,0.0,0.0,0.0,0.0,0.0,0.0,0.0,0.0,0.0,0.0,0.0,1.0,1.0,2020-12-16 18:00:00,13601.812,3.778281111111111,5.05,6.933333333333334
P007,0.0,0.0,0.0,0.0,0.0,0.0,0.0,0.0,0.0,0.0,0.0,0.0,905.02,2.0,0.0,2.0,0.0,2.0,0.0,2.0,0.0,2.0,0.0,2.0,0.0,2.0,0.0,2.0,0.0,2.0,0.0,2.0,0.0,2.0,0.0,2.0,0.0,2.0,0.0,0.0,0.0,0.0,2.0,0.0,0.0,3.0,905.012,1.0,0.0,0.0,0.0,0.0,0.0,0.0,0.0,0.0,0.0,0.0,0.0,0.0,0.0,0.0,0.0,0.0,0.0,0.0,0.0,0.0,0.0,0.0,1.0,1.0,2020-12-16 19:00:00,13601.812,3.778281111111111,5.05,6.933333333333334
P007,0.0,0.0,0.0,0.0,0.0,0.0,0.0,0.0,0.0,0.0,0.661987,24.0,608.866984,33.0,0.0,33.0,0.0,33.0,0.0,33.0,0.0,33.0,0.0,33.0,0.0,33.0,0.0,33.0,0.0,33.0,0.0,33.0,0.0,33.0,0.0,33.0,0.0,33.0,0.0,0.0,0.0,0.0,33.0,0.0,0.0,966.0,0.0,0.0,0.0,0.0,0.0,0.0,0.0,0.0,0.0,0.0,0.0,0.0,0.0,0.0,0.0,0.0,0.0,0.0,0.0,0.0,0.0,0.0,0.0,0.0,,1.0,2020-12-16 20:00:00,13601.812,3.778281111111111,5.05,6.933333333333334
P007,0.0,0.0,0.0,0.0,0.0,0.0,0.0,0.0,0.0,0.0,0.0,0.0,0.0,0.0,0.0,0.0,0.0,0.0,0.0,0.0,0.0,0.0,0.0,0.0,0.0,0.0,0.0,0.0,0.0,0.0,0.0,0.0,0.0,0.0,0.0,0.0,0.0,0.0,0.0,0.0,0.0,0.0,0.0,0.0,0.0,0.0,0.0,0.0,0.0,0.0,0.0,0.0,0.0,0.0,0.0,0.0,0.0,0.0,0.0,0.0,0.0,0.0,0.0,0.0,0.0,0.0,0.0,0.0,0.0,0.0,1.0,,2020-12-16 21:00:00,13601.812,3.778281111111111,5.05,6.933333333333334
P007,0.0,0.0,0.0,0.0,0.0,0.0,0.0,0.0,0.0,0.0,0.0,0.0,0.0,0.0,0.0,0.0,0.0,0.0,0.0,0.0,0.0,0.0,0.0,0.0,0.0,0.0,0.0,0.0,0.0,0.0,0.0,0.0,0.0,0.0,0.0,0.0,0.0,0.0,0.0,0.0,0.0,0.0,0.0,0.0,0.0,0.0,0.0,0.0,0.0,0.0,0.0,0.0,0.0,0.0,0.0,0.0,0.0,0.0,0.0,0.0,0.0,0.0,0.0,0.0,0.0,0.0,0.0,0.0,0.0,0.0,1.0,1.0,2020-12-16 22:00:00,13601.812,3.778281111111111,5.05,6.933333333333334
P007,0.0,0.0,0.0,0.0,0.0,0.0,0.0,0.0,0.0,0.0,0.003,1.0,3004.811998,5.0,0.0,5.0,0.0,5.0,0.0,5.0,0.0,5.0,0.0,5.0,0.0,5.0,0.0,5.0,0.0,5.0,0.0,5.0,0.0,5.0,0.0,5.0,0.0,5.0,0.0,0.0,0.0,0.0,5.0,0.0,0.0,597.0,0.0,0.0,0.0,0.0,0.0,0.0,0.0,0.0,0.0,0.0,0.0,0.0,0.0,0.0,0.0,0.0,0.0,0.0,0.0,0.0,0.0,0.0,0.0,0.0,,1.0,2020-12-16 23:00:00,13601.812,3.778281111111111,5.05,6.933333333333334
P007,1.0,0.0,0.0,0.0,0.0,0.0,0.0,50.833333333333336,1.205,1.0,0.110997,7.0,3236.9219659999994,19.0,1287.8915263414383,771.0,261.016,771.0,1184.9106912612915,771.0,0.0,771.0,0.0,771.0,0.0,771.0,0.0,771.0,244.559,771.0,0.0,771.0,0.0,771.0,0.0,771.0,0.0,771.0,0.0846277306701709,12.0,5.0,6.0,760.0,1586.0,832.0,622.0,0.0,0.0,0.0,0.0,0.0,0.0,0.0,0.0,0.0,0.0,1.0,1.0,0.0,0.0,230.0,0.0,0.0,0.0,0.0,0.0,0.0,0.0,0.0,0.0,1.0,,2020-12-17 11:00:00,25666.821,7.1296725,1.7,5.266666666666667
P007,1.0,0.0,0.0,0.0,0.0,0.0,0.0,39.61666666666667,0.0,0.0,1.360985,35.0,1.702981,46.0,4763.444776773453,3714.0,1271.699,3714.0,4763.444776773453,3714.0,0.0,3714.0,0.0,3714.0,0.0,3714.0,0.0,3714.0,1271.699,3714.0,0.0,3714.0,0.0,3714.0,0.0,3714.0,0.0,3714.0,0.0,0.0,0.0,0.0,3714.0,0.0,0.0,3553.0,0.178,1.0,0.0,0.0,0.0,0.0,0.0,0.0,0.0,0.0,0.0,0.0,0.0,0.0,0.0,0.0,0.0,0.0,0.0,0.0,0.0,0.0,0.0,0.0,,1.0,2020-12-17 12:00:00,25666.821,7.1296725,1.7,5.266666666666667
P007,1.0,0.0,0.0,0.0,0.0,0.0,0.0,47.63333333333333,1108.019025,6.0,410.0199779999999,75.0,2191.147981,131.0,2231.244140982628,1929.0,466.365,1929.0,2231.244140982628,1929.0,0.0,1929.0,0.0,1929.0,0.0,1929.0,0.0,1929.0,466.365,1929.0,0.0,1929.0,0.0,1929.0,0.0,1929.0,0.0,1929.0,0.0264901858515036,14.0,3.0,4.0,1922.0,1105.0,4.0,2193.0,0.047999,3.0,0.0,0.0,0.0,0.0,0.0,0.0,0.0,0.0,0.0,0.0,0.0,0.0,0.0,0.0,0.0,0.0,0.0,0.0,0.0,0.0,0.0,0.0,0.0,,2020-12-17 16:00:00,25666.821,7.1296725,1.7,5.266666666666667
P007,1.0,0.0,0.0,0.0,0.0,0.0,0.0,55.75,865.7539850000001,19.0,0.592986,28.0,866.863961,74.0,311.6484919786453,334.0,44.867,334.0,311.6484919786453,334.0,0.0,334.0,0.0,334.0,0.0,334.0,0.0,334.0,44.867,334.0,0.0,334.0,0.0,334.0,0.0,334.0,0.0,334.0,0.1796837735274903,24.0,6.0,6.0,322.0,656.0,4.0,2471.0,0.094996,7.0,0.0,0.0,0.0,0.0,0.0,0.0,0.0,0.0,0.0,0.0,0.0,0.0,0.0,0.0,0.0,0.0,0.0,0.0,0.0,0.0,0.0,0.0,1.0,0.0,2020-12-17 17:00:00,25666.821,7.1296725,1.7,5.266666666666667
P007,1.0,0.0,0.0,0.0,0.0,0.0,0.0,45.8,179.771992,3.0,16.691954,86.0,196.967936,109.0,75.31836223602295,170.0,41.839,170.0,75.31836223602295,170.0,0.0,170.0,0.0,170.0,0.0,170.0,0.0,170.0,17.712,170.0,0.0,170.0,0.0,170.0,0.0,170.0,0.0,170.0,0.0999674897872147,5.0,2.0,1.0,167.0,176.0,1.0,1810.0,0.0,0.0,0.0,0.0,0.0,0.0,0.0,0.0,0.0,0.0,1.0,0.0,0.0,0.0,0.0,1.0,1119.0,0.0,0.0,0.0,0.0,0.0,0.0,0.0,0.0,1.0,2020-12-17 18:00:00,25666.821,7.1296725,1.7,5.266666666666667
P007,1.0,0.0,0.0,0.0,0.0,0.0,0.0,32.483333333333334,0.0,0.0,0.0,0.0,0.0,0.0,0.0,0.0,0.0,0.0,0.0,0.0,0.0,0.0,0.0,0.0,0.0,0.0,0.0,0.0,0.0,0.0,0.0,0.0,0.0,0.0,0.0,0.0,0.0,0.0,0.0,0.0,0.0,0.0,0.0,0.0,0.0,0.0,0.0,0.0,0.0,0.0,0.0,0.0,0.0,0.0,0.0,0.0,0.0,0.0,0.0,0.0,0.0,0.0,0.0,0.0,0.0,0.0,0.0,0.0,0.0,0.0,1.0,0.0,2020-12-17 19:00:00,25666.821,7.1296725,1.7,5.266666666666667
P007,1.0,0.0,0.0,0.0,0.0,0.0,0.0,5.616666666666666,0.0,0.0,0.0,0.0,0.0,0.0,0.0,0.0,0.0,0.0,0.0,0.0,0.0,0.0,0.0,0.0,0.0,0.0,0.0,0.0,0.0,0.0,0.0,0.0,0.0,0.0,0.0,0.0,0.0,0.0,0.0,0.0,0.0,0.0,0.0,0.0,0.0,0.0,0.0,0.0,0.0,0.0,0.0,0.0,0.0,0.0,0.0,0.0,0.0,0.0,0.0,0.0,0.0,0.0,0.0,0.0,0.0,0.0,0.0,0.0,0.0,0.0,,1.0,2020-12-17 20:00:00,25666.821,7.1296725,1.7,5.266666666666667
P007,1.0,0.0,0.0,0.0,0.0,0.0,0.0,25.716666666666665,0.0,0.0,0.0,0.0,0.0,0.0,0.0,0.0,0.0,0.0,0.0,0.0,0.0,0.0,0.0,0.0,0.0,0.0,0.0,0.0,0.0,0.0,0.0,0.0,0.0,0.0,0.0,0.0,0.0,0.0,0.0,0.0,0.0,0.0,0.0,0.0,0.0,0.0,0.0,0.0,0.0,0.0,0.0,0.0,0.0,0.0,0.0,0.0,0.0,0.0,0.0,0.0,0.0,0.0,0.0,0.0,0.0,0.0,0.0,0.0,0.0,0.0,0.0,,2020-12-17 21:00:00,25666.821,7.1296725,1.7,5.266666666666667
P007,1.0,0.0,0.0,0.0,0.0,0.0,0.0,41.91666666666666,0.0,0.0,0.0,0.0,0.0,0.0,0.0,0.0,0.0,0.0,0.0,0.0,0.0,0.0,0.0,0.0,0.0,0.0,0.0,0.0,0.0,0.0,0.0,0.0,0.0,0.0,0.0,0.0,0.0,0.0,0.0,0.0,0.0,0.0,0.0,0.0,0.0,0.0,0.0,0.0,0.0,0.0,0.0,0.0,0.0,0.0,0.0,0.0,0.0,0.0,0.0,0.0,0.0,0.0,0.0,0.0,0.0,0.0,0.0,0.0,0.0,0.0,1.0,0.0,2020-12-17 22:00:00,25666.821,7.1296725,1.7,5.266666666666667
P007,1.0,0.0,0.0,0.0,0.0,0.0,0.0,43.583333333333336,0.0,0.0,0.0,0.0,0.0,0.0,0.0,0.0,0.0,0.0,0.0,0.0,0.0,0.0,0.0,0.0,0.0,0.0,0.0,0.0,0.0,0.0,0.0,0.0,0.0,0.0,0.0,0.0,0.0,0.0,0.0,0.0,0.0,0.0,0.0,0.0,0.0,0.0,0.0,0.0,0.0,0.0,0.0,0.0,0.0,0.0,0.0,0.0,0.0,0.0,0.0,0.0,0.0,0.0,0.0,0.0,0.0,0.0,0.0,0.0,0.0,0.0,,1.0,2020-12-17 23:00:00,25666.821,7.1296725,1.7,5.266666666666667
P007,1.0,0.0,0.0,0.0,0.0,0.0,0.0,36.95,1095.880978,9.0,137.256985,36.0,1753.332959,56.0,52.86236083507538,128.0,20.678,128.0,52.86236083507538,128.0,0.0,128.0,0.0,128.0,0.0,128.0,0.0,128.0,20.678,128.0,0.0,128.0,0.0,128.0,0.0,128.0,0.0,128.0,0.3283180388314184,18.0,5.0,5.0,118.0,1092.0,52.0,782.0,0.0,0.0,0.0,0.0,0.0,0.0,0.0,0.0,0.0,0.0,0.0,0.0,0.0,0.0,0.0,0.0,0.0,0.0,0.0,0.0,0.0,0.0,0.0,0.0,0.0,,2020-12-18 13:00:00,,,,
P007,1.0,0.0,0.0,0.0,0.0,0.0,0.0,32.75,1448.741027,9.0,0.4359930000000001,21.0,2525.450056,39.0,0.0,49.0,0.0,49.0,0.0,49.0,0.0,49.0,0.0,49.0,0.0,49.0,0.0,49.0,0.0,49.0,0.0,49.0,0.0,49.0,0.0,49.0,0.0,49.0,0.6474675772249692,18.0,5.0,5.0,39.0,2378.0,16.0,183.0,0.0,0.0,0.0,0.0,0.0,0.0,0.0,0.0,0.0,0.0,0.0,0.0,0.0,0.0,0.0,0.0,0.0,0.0,0.0,0.0,0.0,0.0,0.0,0.0,,0.0,2020-12-18 14:00:00,,,,
P007,1.0,0.0,0.0,0.0,0.0,0.0,0.0,50.45,0.0,0.0,0.0,0.0,0.0,0.0,0.0,0.0,0.0,0.0,0.0,0.0,0.0,0.0,0.0,0.0,0.0,0.0,0.0,0.0,0.0,0.0,0.0,0.0,0.0,0.0,0.0,0.0,0.0,0.0,0.0,0.0,0.0,0.0,0.0,0.0,0.0,0.0,0.0,0.0,0.0,0.0,0.0,0.0,0.0,0.0,0.0,0.0,0.0,0.0,0.0,0.0,0.0,0.0,0.0,0.0,0.0,0.0,0.0,0.0,0.0,0.0,0.0,,2020-12-18 16:00:00,,,,
P007,1.0,0.0,0.0,0.0,0.0,0.0,0.0,35.1,0.0,0.0,0.573988,26.0,2103.65103,33.0,66.35255920886993,95.0,87.868,95.0,66.35255920886993,95.0,0.0,95.0,0.0,95.0,0.0,95.0,0.0,95.0,87.868,95.0,0.0,95.0,0.0,95.0,0.0,95.0,0.0,95.0,0.2037631672292446,7.0,2.0,2.0,91.0,1164.0,8.0,203.0,0.0,0.0,0.0,0.0,0.0,0.0,0.0,0.0,0.0,0.0,0.0,0.0,0.0,0.0,0.0,0.0,0.0,0.0,0.0,0.0,0.0,0.0,0.0,0.0,0.0,0.0,2020-12-18 17:00:00,,,,
P007,1.0,0.0,0.0,0.0,0.0,0.0,0.0,47.43333333333333,0.0,0.0,2016.8270020000004,7.0,2651.855005,10.0,0.0,18.0,0.0,18.0,0.0,18.0,0.0,18.0,0.0,18.0,0.0,18.0,0.0,18.0,0.0,18.0,0.0,18.0,0.0,18.0,0.0,18.0,0.0,18.0,0.9950269901795212,13.0,4.0,4.0,10.0,1555.0,84.0,80.0,0.0,0.0,0.0,0.0,0.0,0.0,0.0,0.0,0.0,0.0,0.0,0.0,0.0,0.0,0.0,0.0,0.0,0.0,0.0,0.0,0.0,0.0,0.0,0.0,1.0,0.0,2020-12-18 18:00:00,,,,
P007,1.0,0.0,0.0,0.0,0.0,0.0,0.0,37.18333333333333,0.0,0.0,0.6519900000000001,34.0,742.5149899999999,50.0,0.0,58.0,292.356,58.0,0.0,58.0,0.0,58.0,0.0,58.0,0.0,58.0,0.0,58.0,0.0,58.0,0.0,58.0,0.0,58.0,0.0,58.0,0.0,58.0,0.404299095059473,11.0,3.0,3.0,52.0,525.0,9.0,1309.0,0.0,0.0,0.0,0.0,0.0,0.0,0.0,0.0,0.0,0.0,1.0,0.0,0.0,0.0,0.0,1.0,954.0,0.0,0.0,0.0,0.0,0.0,0.0,0.0,,1.0,2020-12-18 19:00:00,,,,
P007,0.0,0.0,0.0,0.0,0.0,0.0,0.0,0.0,0.0,0.0,0.0,0.0,0.0,0.0,0.0,0.0,0.0,0.0,0.0,0.0,0.0,0.0,0.0,0.0,0.0,0.0,0.0,0.0,0.0,0.0,0.0,0.0,0.0,0.0,0.0,0.0,0.0,0.0,0.0,0.0,0.0,0.0,0.0,0.0,0.0,0.0,0.0,0.0,0.0,0.0,0.0,0.0,0.0,0.0,0.0,0.0,0.0,0.0,0.0,0.0,0.0,0.0,0.0,0.0,0.0,0.0,0.0,0.0,0.0,0.0,1.0,,2020-12-18 21:00:00,,,,
P007,1.0,0.0,0.0,0.0,0.0,0.0,0.0,0.0,0.0,0.0,0.0,0.0,0.0,0.0,0.0,0.0,0.0,0.0,0.0,0.0,0.0,0.0,0.0,0.0,0.0,0.0,0.0,0.0,0.0,0.0,0.0,0.0,0.0,0.0,0.0,0.0,0.0,0.0,0.0,0.0,0.0,0.0,0.0,0.0,0.0,0.0,0.0,0.0,0.0,0.0,0.0,0.0,0.0,0.0,0.0,0.0,0.0,0.0,0.0,0.0,0.0,0.0,0.0,0.0,0.0,0.0,0.0,0.0,0.0,0.0,0.0,1.0,2020-12-18 22:00:00,,,,
P007,1.0,0.0,0.0,0.0,0.0,0.0,0.0,56.18333333333333,0.0,0.0,0.0,0.0,0.0,0.0,0.0,0.0,0.0,0.0,0.0,0.0,0.0,0.0,0.0,0.0,0.0,0.0,0.0,0.0,0.0,0.0,0.0,0.0,0.0,0.0,0.0,0.0,0.0,0.0,0.0,0.0,0.0,0.0,0.0,0.0,0.0,0.0,0.0,0.0,0.0,0.0,0.0,0.0,0.0,0.0,0.0,0.0,0.0,0.0,0.0,0.0,0.0,0.0,0.0,0.0,0.0,0.0,0.0,0.0,0.0,0.0,,0.0,2020-12-18 23:00:00,,,,
P007,1.0,0.0,0.0,0.0,0.0,0.0,0.0,41.43333333333333,0.0,0.0,0.0,0.0,467.542998,2.0,0.0,6.0,0.0,6.0,0.0,6.0,0.0,6.0,0.0,6.0,0.0,6.0,0.0,6.0,0.0,6.0,0.0,6.0,0.0,6.0,0.0,6.0,0.0,6.0,1.0986122886681096,5.0,2.0,2.0,2.0,375.0,42.0,1.0,0.0,0.0,0.0,0.0,0.0,0.0,0.0,0.0,0.0,0.0,0.0,0.0,0.0,0.0,0.0,0.0,0.0,0.0,0.0,0.0,0.0,0.0,0.0,0.0,1.0,,2020-12-19 13:00:00,22500.088,6.250024444444445,3.583333333333333,6.7
P007,1.0,0.0,0.0,0.0,0.0,0.0,0.0,45.45,0.0,0.0,0.032999,2.0,3293.811999,3.0,0.0,4.0,0.0,4.0,0.0,4.0,0.0,4.0,0.0,4.0,0.0,4.0,0.0,4.0,0.0,4.0,0.0,4.0,0.0,4.0,0.0,4.0,0.0,4.0,0.5623351446188083,2.0,0.0,1.0,3.0,0.0,4.0,48.0,0.0,0.0,0.0,0.0,0.0,0.0,0.0,0.0,0.0,0.0,0.0,0.0,0.0,0.0,0.0,0.0,0.0,0.0,0.0,0.0,0.0,0.0,0.0,0.0,1.0,1.0,2020-12-19 14:00:00,22500.088,6.250024444444445,3.583333333333333,6.7
P007,1.0,0.0,0.0,0.0,0.0,0.0,0.0,52.06666666666667,0.0,0.0,0.6729890000000001,21.0,1529.0039690000003,32.0,21.36531293392181,52.0,6.582,52.0,21.36531293392181,52.0,0.0,52.0,0.0,52.0,0.0,52.0,0.0,52.0,6.582,52.0,0.0,52.0,0.0,52.0,0.0,52.0,0.0,52.0,0.4376056806870614,8.0,3.0,3.0,46.0,142.0,106.0,2111.0,0.0,0.0,0.0,0.0,0.0,0.0,0.0,0.0,0.0,0.0,1.0,0.0,0.0,0.0,0.0,1.0,930.0,0.0,0.0,0.0,0.0,0.0,0.0,0.0,,1.0,2020-12-19 15:00:00,22500.088,6.250024444444445,3.583333333333333,6.7
P007,1.0,0.0,0.0,0.0,0.0,0.0,0.0,36.78333333333333,693.338989,1.0,0.775988,25.0,956.102923,114.0,0.0,117.0,0.0,117.0,0.0,117.0,0.0,117.0,0.0,117.0,0.0,117.0,0.0,117.0,0.0,117.0,0.0,117.0,0.0,117.0,0.0,117.0,0.0,117.0,0.1355678025063683,5.0,2.0,1.0,114.0,692.0,1.0,987.0,1.2079590000000002,60.0,0.0,0.0,0.0,0.0,0.0,0.0,0.0,0.0,0.0,0.0,0.0,0.0,0.0,0.0,0.0,0.0,0.0,0.0,0.0,0.0,0.0,0.0,1.0,,2020-12-19 16:00:00,22500.088,6.250024444444445,3.583333333333333,6.7
P007,1.0,0.0,0.0,0.0,0.0,0.0,0.0,36.8,0.0,0.0,0.925981,37.0,1844.918995,49.0,380.6358165740967,385.0,125.068,385.0,380.6358165740967,385.0,0.0,385.0,0.0,385.0,0.0,385.0,0.0,385.0,125.068,385.0,0.0,385.0,0.0,385.0,0.0,385.0,0.0,385.0,0.0780557829608019,9.0,2.0,3.0,380.0,1641.0,11.0,633.0,0.0,0.0,0.0,0.0,0.0,0.0,0.0,0.0,0.0,0.0,0.0,0.0,0.0,0.0,0.0,0.0,0.0,0.0,0.0,0.0,0.0,0.0,0.0,0.0,0.0,1.0,2020-12-19 17:00:00,22500.088,6.250024444444445,3.583333333333333,6.7
P007,1.0,0.0,0.0,0.0,0.0,0.0,0.0,39.8,0.097999,1.0,0.184995,7.0,0.60799,17.0,0.0,20.0,12.253,20.0,0.0,20.0,0.0,20.0,0.0,20.0,0.0,20.0,0.0,20.0,0.0,20.0,0.0,20.0,0.0,20.0,0.0,20.0,0.0,20.0,0.1985152433458726,1.0,1.0,0.0,19.0,0.0,0.0,52.0,0.0,0.0,0.0,0.0,0.0,0.0,0.0,0.0,0.0,0.0,1.0,0.0,0.0,0.0,0.0,1.0,1111.0,0.0,0.0,0.0,0.0,0.0,0.0,0.0,0.0,0.0,2020-12-19 18:00:00,22500.088,6.250024444444445,3.583333333333333,6.7
P007,1.0,0.0,0.0,0.0,0.0,0.0,0.0,22.516666666666666,0.0,0.0,0.0,0.0,0.0,0.0,0.0,0.0,0.0,0.0,0.0,0.0,0.0,0.0,0.0,0.0,0.0,0.0,0.0,0.0,0.0,0.0,0.0,0.0,0.0,0.0,0.0,0.0,0.0,0.0,0.0,0.0,0.0,0.0,0.0,0.0,0.0,0.0,0.0,0.0,0.0,0.0,0.0,0.0,0.0,0.0,0.0,0.0,0.0,0.0,0.0,0.0,0.0,0.0,0.0,0.0,0.0,0.0,0.0,0.0,0.0,0.0,,0.0,2020-12-19 19:00:00,22500.088,6.250024444444445,3.583333333333333,6.7
P007,1.0,0.0,0.0,0.0,0.0,0.0,0.0,42.25,0.0,0.0,0.5249889999999999,23.0,2640.212994,28.0,0.0,39.0,0.0,39.0,0.0,39.0,0.0,39.0,0.0,39.0,0.0,39.0,0.0,39.0,0.0,39.0,0.0,39.0,0.0,39.0,0.0,39.0,0.0,39.0,0.7892161932464531,12.0,6.0,5.0,28.0,2400.0,104.0,521.0,0.0,0.0,0.0,0.0,0.0,0.0,0.0,0.0,0.0,0.0,0.0,0.0,0.0,0.0,0.0,0.0,0.0,0.0,0.0,0.0,0.0,0.0,0.0,0.0,0.0,,2020-12-20 11:00:00,21468.429,5.9634525,4.566666666666666,7.55
P007,1.0,0.0,0.0,0.0,0.0,0.0,0.0,33.35,0.0,0.0,757.546958,55.0,2832.6009500000005,72.0,25.72947371006012,110.0,16.017,110.0,25.72947371006012,110.0,0.0,110.0,0.0,110.0,0.0,110.0,0.0,110.0,16.017,110.0,0.0,110.0,0.0,110.0,0.0,110.0,0.0,110.0,0.6001660731596457,35.0,10.0,10.0,90.0,2443.0,17.0,187.0,0.0,0.0,0.0,0.0,0.0,0.0,0.0,0.0,0.0,0.0,0.0,0.0,0.0,0.0,0.0,0.0,0.0,0.0,0.0,0.0,0.0,0.0,0.0,0.0,1.0,0.0,2020-12-20 12:00:00,21468.429,5.9634525,4.566666666666666,7.55
P007,1.0,0.0,0.0,0.0,0.0,0.0,0.0,0.0,0.0,0.0,0.0,0.0,499.167,1.0,0.0,7.0,0.0,7.0,0.0,7.0,0.0,7.0,0.0,7.0,0.0,7.0,0.0,7.0,0.0,7.0,0.0,7.0,0.0,7.0,0.0,7.0,0.0,7.0,1.0042424730540764,6.0,3.0,3.0,1.0,361.0,92.0,3.0,0.0,0.0,0.0,0.0,0.0,0.0,0.0,0.0,0.0,0.0,0.0,0.0,0.0,0.0,0.0,0.0,0.0,0.0,0.0,0.0,0.0,0.0,0.0,0.0,1.0,1.0,2020-12-20 13:00:00,21468.429,5.9634525,4.566666666666666,7.55
P007,1.0,0.0,0.0,0.0,0.0,0.0,0.0,0.0,0.0,0.0,0.0,0.0,1732.687,1.0,0.0,3.0,0.0,3.0,0.0,3.0,0.0,3.0,0.0,3.0,0.0,3.0,0.0,3.0,0.0,3.0,0.0,3.0,0.0,3.0,0.0,3.0,0.0,3.0,1.0986122886681096,2.0,1.0,1.0,1.0,0.0,28.0,5.0,0.0,0.0,0.0,0.0,0.0,0.0,0.0,0.0,0.0,0.0,0.0,0.0,0.0,0.0,0.0,0.0,0.0,0.0,0.0,0.0,0.0,0.0,0.0,0.0,,1.0,2020-12-20 14:00:00,21468.429,5.9634525,4.566666666666666,7.55
P007,1.0,0.0,0.0,0.0,0.0,0.0,0.0,52.63333333333333,0.179,1.0,0.925987,39.0,1737.8829959999996,69.0,451.264501452446,544.0,155.215,544.0,451.264501452446,544.0,0.0,544.0,0.0,544.0,0.0,544.0,0.0,544.0,110.96,544.0,0.0,544.0,0.0,544.0,0.0,544.0,0.0,544.0,0.0868421416667716,14.0,4.0,4.0,536.0,1516.0,15.0,1319.0,0.112,1.0,0.0,0.0,0.0,0.0,0.0,0.0,0.0,0.0,0.0,0.0,0.0,0.0,0.0,0.0,0.0,0.0,0.0,0.0,0.0,0.0,0.0,0.0,1.0,,2020-12-20 16:00:00,21468.429,5.9634525,4.566666666666666,7.55
P007,1.0,0.0,0.0,0.0,0.0,0.0,0.0,44.85,0.0,0.0,0.0,0.0,0.0,0.0,0.0,0.0,0.0,0.0,0.0,0.0,0.0,0.0,0.0,0.0,0.0,0.0,0.0,0.0,0.0,0.0,0.0,0.0,0.0,0.0,0.0,0.0,0.0,0.0,0.0,0.0,0.0,0.0,0.0,0.0,0.0,0.0,0.0,0.0,0.0,0.0,0.0,0.0,0.0,0.0,0.0,0.0,0.0,0.0,0.0,0.0,0.0,0.0,0.0,0.0,0.0,0.0,0.0,0.0,0.0,0.0,1.0,1.0,2020-12-20 17:00:00,21468.429,5.9634525,4.566666666666666,7.55
P007,1.0,0.0,0.0,0.0,0.0,0.0,0.0,25.03333333333333,0.0,0.0,0.0,0.0,0.0,0.0,0.0,0.0,0.0,0.0,0.0,0.0,0.0,0.0,0.0,0.0,0.0,0.0,0.0,0.0,0.0,0.0,0.0,0.0,0.0,0.0,0.0,0.0,0.0,0.0,0.0,0.0,0.0,0.0,0.0,0.0,0.0,0.0,0.0,0.0,0.0,0.0,0.0,0.0,0.0,0.0,0.0,0.0,0.0,0.0,0.0,0.0,0.0,0.0,0.0,0.0,0.0,0.0,0.0,0.0,0.0,0.0,0.0,1.0,2020-12-20 18:00:00,21468.429,5.9634525,4.566666666666666,7.55
P007,1.0,0.0,0.0,0.0,0.0,0.0,0.0,5.633333333333334,0.0,0.0,0.0,0.0,0.0,0.0,0.0,0.0,0.0,0.0,0.0,0.0,0.0,0.0,0.0,0.0,0.0,0.0,0.0,0.0,0.0,0.0,0.0,0.0,0.0,0.0,0.0,0.0,0.0,0.0,0.0,0.0,0.0,0.0,0.0,0.0,0.0,0.0,0.0,0.0,0.0,0.0,0.0,0.0,0.0,0.0,0.0,0.0,0.0,0.0,0.0,0.0,0.0,0.0,0.0,0.0,0.0,0.0,0.0,0.0,0.0,0.0,1.0,0.0,2020-12-20 19:00:00,21468.429,5.9634525,4.566666666666666,7.55
P007,1.0,0.0,0.0,0.0,0.0,0.0,0.0,48.91666666666666,0.0,0.0,0.0,0.0,0.0,0.0,0.0,0.0,0.0,0.0,0.0,0.0,0.0,0.0,0.0,0.0,0.0,0.0,0.0,0.0,0.0,0.0,0.0,0.0,0.0,0.0,0.0,0.0,0.0,0.0,0.0,0.0,0.0,0.0,0.0,0.0,0.0,0.0,0.0,0.0,0.0,0.0,0.0,0.0,0.0,0.0,0.0,0.0,0.0,0.0,0.0,0.0,0.0,0.0,0.0,0.0,0.0,0.0,0.0,0.0,0.0,0.0,,1.0,2020-12-20 20:00:00,21468.429,5.9634525,4.566666666666666,7.55
P007,1.0,0.0,0.0,0.0,0.0,0.0,0.0,37.5,0.0,0.0,0.0,0.0,0.0,0.0,0.0,0.0,0.0,0.0,0.0,0.0,0.0,0.0,0.0,0.0,0.0,0.0,0.0,0.0,0.0,0.0,0.0,0.0,0.0,0.0,0.0,0.0,0.0,0.0,0.0,0.0,0.0,0.0,0.0,0.0,0.0,0.0,0.0,0.0,0.0,0.0,0.0,0.0,0.0,0.0,0.0,0.0,0.0,0.0,0.0,0.0,0.0,0.0,0.0,0.0,0.0,0.0,0.0,0.0,0.0,0.0,1.0,,2020-12-20 21:00:00,21468.429,5.9634525,4.566666666666666,7.55
P007,1.0,0.0,0.0,0.0,0.0,0.0,0.0,49.98333333333333,0.0,0.0,0.0,0.0,0.0,0.0,0.0,0.0,0.0,0.0,0.0,0.0,0.0,0.0,0.0,0.0,0.0,0.0,0.0,0.0,0.0,0.0,0.0,0.0,0.0,0.0,0.0,0.0,0.0,0.0,0.0,0.0,0.0,0.0,0.0,0.0,0.0,0.0,0.0,0.0,0.0,0.0,0.0,0.0,0.0,0.0,0.0,0.0,0.0,0.0,0.0,0.0,0.0,0.0,0.0,0.0,0.0,0.0,0.0,0.0,0.0,0.0,1.0,1.0,2020-12-20 22:00:00,21468.429,5.9634525,4.566666666666666,7.55
P007,1.0,0.0,0.0,0.0,0.0,0.0,0.0,45.81666666666667,0.0,0.0,0.718985,27.0,1803.759983,38.0,0.0,40.0,0.0,40.0,0.0,40.0,0.0,40.0,0.0,40.0,0.0,40.0,0.0,40.0,0.0,40.0,0.0,40.0,0.0,40.0,0.0,40.0,0.0,40.0,0.2331726023738698,3.0,1.0,1.0,38.0,0.0,664.0,997.0,0.0,0.0,0.0,0.0,0.0,0.0,0.0,0.0,0.0,0.0,0.0,0.0,0.0,0.0,0.0,0.0,0.0,0.0,0.0,0.0,0.0,0.0,0.0,0.0,,1.0,2020-12-20 23:00:00,21468.429,5.9634525,4.566666666666666,7.55
P007,2.0,3.0166666666666666,0.0,39.333333333333336,0.0,0.0,0.0,0.0,0.020999,1.0,0.3439919999999999,13.0,3349.626995,26.0,13.738768935203552,41.0,4.064,41.0,13.738768935203552,41.0,0.0,41.0,0.0,41.0,0.0,41.0,0.0,41.0,4.064,41.0,0.0,41.0,0.0,41.0,0.0,41.0,0.0,41.0,0.0,0.0,0.0,0.0,41.0,0.0,0.0,3224.0,0.0,0.0,0.0,0.0,0.0,0.0,0.0,0.0,0.0,0.0,1.0,1.0,0.0,0.0,466.0,0.0,0.0,0.0,0.0,0.0,0.0,0.0,0.0,0.0,1.0,,2020-12-21 11:00:00,22853.379,6.348160833333334,3.3666666666666667,6.533333333333333
P007,0.0,0.0,0.0,0.0,0.0,0.0,0.0,0.0,0.0,0.0,2095.5738990000004,12.0,3006.457897,16.0,0.0,24.0,1.654,24.0,0.0,24.0,0.0,24.0,0.0,24.0,0.0,24.0,0.0,24.0,0.0,24.0,0.0,24.0,0.0,24.0,0.0,24.0,0.0,24.0,0.0,0.0,0.0,0.0,24.0,0.0,0.0,2147.0,0.0,0.0,0.0,0.0,0.0,0.0,0.0,0.0,0.0,0.0,0.0,0.0,0.0,0.0,0.0,0.0,0.0,0.0,0.0,0.0,0.0,0.0,0.0,0.0,1.0,1.0,2020-12-21 12:00:00,22853.379,6.348160833333334,3.3666666666666667,6.533333333333333
P007,3.0,30.383333333333333,0.0,17.216666666666665,0.0,0.0,0.0,2.316666666666667,0.0,0.0,818.892977,56.0,2060.0439610000003,84.0,70.82390177249908,117.0,13.206,117.0,70.82390177249908,117.0,0.0,117.0,0.0,117.0,0.0,117.0,0.0,117.0,13.206,117.0,0.0,117.0,0.0,117.0,0.0,117.0,0.0,117.0,0.0,0.0,0.0,0.0,117.0,0.0,0.0,2429.0,0.0,0.0,0.0,0.0,0.0,0.0,0.0,0.0,0.0,0.0,0.0,1.0,0.0,0.0,1.0,0.0,0.0,0.0,0.0,0.0,0.0,0.0,0.0,0.0,,1.0,2020-12-21 13:00:00,22853.379,6.348160833333334,3.3666666666666667,6.533333333333333
P007,1.0,0.0,0.0,0.0,0.0,0.0,0.0,20.53333333333333,0.0,0.0,40.84698,50.0,1792.4269639999998,80.0,107.0953756570816,169.0,16.525,169.0,107.0953756570816,169.0,0.0,169.0,0.0,169.0,0.0,169.0,0.0,169.0,16.525,169.0,0.0,169.0,0.0,169.0,0.0,169.0,0.0,169.0,0.0,0.0,0.0,0.0,169.0,0.0,0.0,1533.0,1.1599989999999998,2.0,0.0,0.0,0.0,0.0,0.0,0.0,0.0,0.0,1.0,1.0,0.0,0.0,115.0,0.0,0.0,0.0,0.0,0.0,0.0,0.0,0.0,0.0,0.0,,2020-12-21 16:00:00,22853.379,6.348160833333334,3.3666666666666667,6.533333333333333
P007,1.0,0.0,0.0,0.0,0.0,0.0,0.0,31.08333333333333,0.0,0.0,19.877994,19.0,421.405934,122.0,0.0,122.0,0.0,122.0,0.0,122.0,0.0,122.0,0.0,122.0,0.0,122.0,0.0,122.0,0.0,122.0,0.0,122.0,0.0,122.0,0.0,122.0,0.0,122.0,0.0,0.0,0.0,0.0,122.0,0.0,0.0,1919.0,1.585946,81.0,0.0,0.0,0.0,0.0,0.0,0.0,0.0,0.0,0.0,0.0,0.0,0.0,0.0,0.0,0.0,0.0,0.0,0.0,0.0,0.0,0.0,0.0,0.0,0.0,2020-12-21 17:00:00,22853.379,6.348160833333334,3.3666666666666667,6.533333333333333
P007,0.0,0.0,0.0,0.0,0.0,0.0,0.0,0.0,0.0,0.0,0.0,0.0,0.0,0.0,0.0,0.0,0.0,0.0,0.0,0.0,0.0,0.0,0.0,0.0,0.0,0.0,0.0,0.0,0.0,0.0,0.0,0.0,0.0,0.0,0.0,0.0,0.0,0.0,0.0,0.0,0.0,0.0,0.0,0.0,0.0,0.0,0.0,0.0,0.0,0.0,0.0,0.0,0.0,0.0,0.0,0.0,0.0,0.0,0.0,0.0,0.0,0.0,0.0,0.0,0.0,0.0,0.0,0.0,0.0,0.0,,0.0,2020-12-21 18:00:00,22853.379,6.348160833333334,3.3666666666666667,6.533333333333333
P007,1.0,0.0,0.0,0.0,0.0,0.0,0.0,30.58333333333333,0.0,0.0,0.0,0.0,0.0,0.0,0.0,0.0,0.0,0.0,0.0,0.0,0.0,0.0,0.0,0.0,0.0,0.0,0.0,0.0,0.0,0.0,0.0,0.0,0.0,0.0,0.0,0.0,0.0,0.0,0.0,0.0,0.0,0.0,0.0,0.0,0.0,0.0,0.0,0.0,0.0,0.0,0.0,0.0,0.0,0.0,0.0,0.0,0.0,0.0,0.0,0.0,0.0,0.0,0.0,0.0,0.0,0.0,0.0,0.0,0.0,0.0,0.0,,2020-12-21 19:00:00,22853.379,6.348160833333334,3.3666666666666667,6.533333333333333
P007,1.0,0.0,0.0,0.0,0.0,0.0,0.0,19.616666666666667,0.0,0.0,0.0,0.0,0.0,0.0,0.0,0.0,0.0,0.0,0.0,0.0,0.0,0.0,0.0,0.0,0.0,0.0,0.0,0.0,0.0,0.0,0.0,0.0,0.0,0.0,0.0,0.0,0.0,0.0,0.0,0.0,0.0,0.0,0.0,0.0,0.0,0.0,0.0,0.0,0.0,0.0,0.0,0.0,0.0,0.0,0.0,0.0,0.0,0.0,0.0,0.0,0.0,0.0,0.0,0.0,0.0,0.0,0.0,0.0,0.0,0.0,,0.0,2020-12-21 20:00:00,22853.379,6.348160833333334,3.3666666666666667,6.533333333333333
P007,1.0,0.0,0.0,0.0,0.0,0.0,0.0,7.7,0.0,0.0,0.0,0.0,0.0,0.0,0.0,0.0,0.0,0.0,0.0,0.0,0.0,0.0,0.0,0.0,0.0,0.0,0.0,0.0,0.0,0.0,0.0,0.0,0.0,0.0,0.0,0.0,0.0,0.0,0.0,0.0,0.0,0.0,0.0,0.0,0.0,0.0,0.0,0.0,0.0,0.0,0.0,0.0,0.0,0.0,0.0,0.0,0.0,0.0,0.0,0.0,0.0,0.0,0.0,0.0,0.0,0.0,0.0,0.0,0.0,0.0,0.0,,2020-12-21 21:00:00,22853.379,6.348160833333334,3.3666666666666667,6.533333333333333
P007,1.0,0.0,0.0,0.0,0.0,0.0,0.0,8.55,0.0,0.0,0.0,0.0,0.0,0.0,0.0,0.0,0.0,0.0,0.0,0.0,0.0,0.0,0.0,0.0,0.0,0.0,0.0,0.0,0.0,0.0,0.0,0.0,0.0,0.0,0.0,0.0,0.0,0.0,0.0,0.0,0.0,0.0,0.0,0.0,0.0,0.0,0.0,0.0,0.0,0.0,0.0,0.0,0.0,0.0,0.0,0.0,0.0,0.0,0.0,0.0,0.0,0.0,0.0,0.0,0.0,0.0,0.0,0.0,0.0,0.0,,0.0,2020-12-21 22:00:00,22853.379,6.348160833333334,3.3666666666666667,6.533333333333333
P007,0.0,0.0,0.0,0.0,0.0,0.0,0.0,0.0,0.0,0.0,3140.0349949999995,10.0,3140.052993999999,13.0,125.08860552310944,115.0,27.513,115.0,125.08860552310944,115.0,0.0,115.0,0.0,115.0,0.0,115.0,0.0,115.0,27.513,115.0,0.0,115.0,0.0,115.0,0.0,115.0,0.0,115.0,0.0,0.0,0.0,0.0,115.0,0.0,0.0,123.0,0.0,0.0,0.0,0.0,0.0,0.0,0.0,0.0,0.0,0.0,0.0,0.0,0.0,0.0,0.0,0.0,0.0,0.0,0.0,0.0,0.0,0.0,0.0,0.0,0.0,,2020-12-22 12:00:00,23940.051,6.650014166666667,1.85,5.166666666666667
P007,1.0,0.0,0.0,0.0,0.0,0.0,0.0,37.91666666666666,0.0,0.0,0.0,0.0,0.0,0.0,0.0,0.0,0.0,0.0,0.0,0.0,0.0,0.0,0.0,0.0,0.0,0.0,0.0,0.0,0.0,0.0,0.0,0.0,0.0,0.0,0.0,0.0,0.0,0.0,0.0,0.0,0.0,0.0,0.0,0.0,0.0,0.0,0.0,0.0,0.0,0.0,0.0,0.0,0.0,0.0,0.0,0.0,0.0,0.0,0.0,0.0,0.0,0.0,0.0,0.0,0.0,0.0,0.0,0.0,0.0,0.0,1.0,0.0,2020-12-22 13:00:00,23940.051,6.650014166666667,1.85,5.166666666666667
P007,1.0,0.0,0.0,0.0,0.0,0.0,0.0,35.983333333333334,0.0,0.0,38.92094900000001,102.0,2564.986925,115.0,355.1582142114639,407.0,131.031,407.0,355.1582142114639,407.0,0.0,407.0,0.0,407.0,0.0,407.0,0.0,407.0,131.031,407.0,0.0,407.0,0.0,407.0,0.0,407.0,0.0,407.0,0.0,0.0,0.0,0.0,407.0,0.0,0.0,2189.0,0.0,0.0,0.0,0.0,0.0,0.0,0.0,0.0,0.0,0.0,0.0,0.0,0.0,0.0,0.0,0.0,0.0,0.0,0.0,0.0,0.0,0.0,0.0,0.0,,1.0,2020-12-22 14:00:00,23940.051,6.650014166666667,1.85,5.166666666666667
P007,1.0,0.0,0.0,0.0,0.0,0.0,0.0,12.0,0.0,0.0,0.0,0.0,250.675,1.0,0.0,1.0,0.0,1.0,0.0,1.0,0.0,1.0,0.0,1.0,0.0,1.0,0.0,1.0,0.0,1.0,0.0,1.0,0.0,1.0,0.0,1.0,0.0,1.0,0.0,0.0,0.0,0.0,1.0,0.0,0.0,1.0,0.0,0.0,0.0,0.0,0.0,0.0,0.0,0.0,0.0,0.0,0.0,0.0,0.0,0.0,0.0,0.0,0.0,0.0,0.0,0.0,0.0,0.0,0.0,0.0,0.0,,2020-12-22 16:00:00,23940.051,6.650014166666667,1.85,5.166666666666667
P007,1.0,0.0,0.0,0.0,0.0,0.0,0.0,43.15,0.0,0.0,0.424988,19.0,3426.579919,31.0,0.0,31.0,0.0,31.0,0.0,31.0,0.0,31.0,0.0,31.0,0.0,31.0,0.0,31.0,0.0,31.0,0.0,31.0,0.0,31.0,0.0,31.0,0.0,31.0,0.0,0.0,0.0,0.0,31.0,0.0,0.0,2764.0,0.0,0.0,0.0,0.0,0.0,0.0,0.0,0.0,0.0,0.0,0.0,0.0,0.0,0.0,0.0,0.0,0.0,0.0,0.0,0.0,0.0,0.0,0.0,0.0,0.0,0.0,2020-12-22 17:00:00,23940.051,6.650014166666667,1.85,5.166666666666667
P007,1.0,0.0,0.0,0.0,0.0,0.0,0.0,41.75,0.130996,7.0,1.155984,47.0,2201.180936,94.0,1.0,116.0,29.937,116.0,1.0,116.0,0.0,116.0,0.0,116.0,0.0,116.0,0.0,116.0,1.824,116.0,0.0,116.0,0.0,116.0,0.0,116.0,0.0,116.0,0.0,0.0,0.0,0.0,116.0,0.0,0.0,3505.0,0.169998,5.0,0.0,0.0,0.0,0.0,0.0,0.0,0.0,0.0,0.0,0.0,0.0,0.0,0.0,0.0,0.0,0.0,0.0,0.0,0.0,0.0,0.0,0.0,0.0,0.0,2020-12-22 18:00:00,23940.051,6.650014166666667,1.85,5.166666666666667
P007,1.0,0.0,0.0,0.0,0.0,0.0,0.0,58.16666666666666,0.0,0.0,0.0,0.0,1959.511,1.0,0.0,2.0,0.0,2.0,0.0,2.0,0.0,2.0,0.0,2.0,0.0,2.0,0.0,2.0,0.0,2.0,0.0,2.0,0.0,2.0,0.0,2.0,0.0,2.0,0.6931471805599453,1.0,1.0,0.0,1.0,0.0,0.0,6.0,0.0,0.0,0.0,0.0,0.0,0.0,0.0,0.0,0.0,0.0,0.0,0.0,0.0,0.0,0.0,0.0,0.0,0.0,0.0,0.0,0.0,0.0,0.0,0.0,0.0,0.0,2020-12-22 19:00:00,23940.051,6.650014166666667,1.85,5.166666666666667
P007,1.0,0.0,0.0,0.0,0.0,0.0,0.0,47.45,0.0,0.0,0.0,0.0,0.0,0.0,0.0,0.0,0.0,0.0,0.0,0.0,0.0,0.0,0.0,0.0,0.0,0.0,0.0,0.0,0.0,0.0,0.0,0.0,0.0,0.0,0.0,0.0,0.0,0.0,0.0,0.0,0.0,0.0,0.0,0.0,0.0,0.0,0.0,0.0,0.0,0.0,0.0,0.0,0.0,0.0,0.0,0.0,0.0,0.0,0.0,0.0,0.0,0.0,0.0,0.0,0.0,0.0,0.0,0.0,0.0,0.0,,0.0,2020-12-22 20:00:00,23940.051,6.650014166666667,1.85,5.166666666666667
P007,1.0,0.0,0.0,0.0,0.0,0.0,0.0,13.35,0.0,0.0,0.0,0.0,0.0,0.0,0.0,0.0,0.0,0.0,0.0,0.0,0.0,0.0,0.0,0.0,0.0,0.0,0.0,0.0,0.0,0.0,0.0,0.0,0.0,0.0,0.0,0.0,0.0,0.0,0.0,0.0,0.0,0.0,0.0,0.0,0.0,0.0,0.0,0.0,0.0,0.0,0.0,0.0,0.0,0.0,0.0,0.0,0.0,0.0,0.0,0.0,0.0,0.0,0.0,0.0,0.0,0.0,0.0,0.0,0.0,0.0,0.0,,2020-12-22 22:00:00,23940.051,6.650014166666667,1.85,5.166666666666667
P007,1.0,0.0,0.0,0.0,0.0,0.0,0.0,34.28333333333333,0.0,0.0,0.050999,1.0,2402.2179980000005,4.0,0.0,5.0,0.0,5.0,0.0,5.0,0.0,5.0,0.0,5.0,0.0,5.0,0.0,5.0,0.0,5.0,0.0,5.0,0.0,5.0,0.0,5.0,0.0,5.0,0.5004024235381879,2.0,0.0,1.0,4.0,0.0,1188.0,2.0,0.0,0.0,0.0,0.0,0.0,0.0,0.0,0.0,0.0,0.0,0.0,0.0,0.0,0.0,0.0,0.0,0.0,0.0,0.0,0.0,0.0,0.0,0.0,0.0,,0.0,2020-12-22 23:00:00,23940.051,6.650014166666667,1.85,5.166666666666667
P007,1.0,0.0,0.0,0.0,0.0,0.0,0.0,57.05,0.0,0.0,711.3459820000002,58.0,2164.617971,70.0,6.0,86.0,3.351,86.0,6.0,86.0,0.0,86.0,0.0,86.0,0.0,86.0,0.0,86.0,3.351,86.0,0.0,86.0,0.0,86.0,0.0,86.0,0.0,86.0,0.0,0.0,0.0,0.0,86.0,0.0,0.0,2697.0,0.0,0.0,0.0,0.0,0.0,0.0,0.0,0.0,0.0,0.0,0.0,0.0,0.0,0.0,0.0,0.0,0.0,0.0,0.0,0.0,0.0,0.0,0.0,0.0,0.0,,2020-12-23 11:00:00,,,,
P007,1.0,0.0,0.0,0.0,0.0,0.0,0.0,30.016666666666666,0.0,0.0,468.503996,11.0,1805.712989,35.0,0.0,35.0,0.0,35.0,0.0,35.0,0.0,35.0,0.0,35.0,0.0,35.0,0.0,35.0,0.0,35.0,0.0,35.0,0.0,35.0,0.0,35.0,0.0,35.0,0.0,0.0,0.0,0.0,35.0,0.0,0.0,3119.0,956.799994,20.0,0.0,0.0,0.0,0.0,0.0,0.0,0.0,0.0,0.0,0.0,0.0,0.0,0.0,0.0,0.0,0.0,0.0,0.0,0.0,0.0,0.0,0.0,,0.0,2020-12-23 12:00:00,,,,
P007,1.0,0.0,0.0,0.0,0.0,0.0,0.0,55.11666666666667,0.0,0.0,0.176998,9.0,859.8359870000002,23.0,0.0,23.0,0.0,23.0,0.0,23.0,0.0,23.0,0.0,23.0,0.0,23.0,0.0,23.0,0.0,23.0,0.0,23.0,0.0,23.0,0.0,23.0,0.0,23.0,0.0,0.0,0.0,0.0,23.0,0.0,0.0,1719.0,859.658989,14.0,0.0,0.0,0.0,0.0,0.0,0.0,0.0,0.0,0.0,0.0,0.0,0.0,0.0,0.0,0.0,0.0,0.0,0.0,0.0,0.0,0.0,0.0,1.0,,2020-12-23 13:00:00,,,,
P007,1.0,0.0,0.0,0.0,0.0,0.0,0.0,50.5,0.0,0.0,0.0,0.0,720.6419940000001,6.0,0.0,6.0,0.0,6.0,0.0,6.0,0.0,6.0,0.0,6.0,0.0,6.0,0.0,6.0,0.0,6.0,0.0,6.0,0.0,6.0,0.0,6.0,0.0,6.0,0.0,0.0,0.0,0.0,6.0,0.0,0.0,2973.0,720.6419940000001,6.0,0.0,0.0,0.0,0.0,0.0,0.0,0.0,0.0,0.0,0.0,0.0,0.0,0.0,0.0,0.0,0.0,0.0,0.0,0.0,0.0,0.0,0.0,,1.0,2020-12-23 14:00:00,,,,
P007,1.0,0.0,0.0,0.0,0.0,0.0,0.0,35.416666666666664,0.5619890000000001,25.0,0.276992,11.0,1629.3259480000002,135.0,0.0,145.0,4.13,145.0,0.0,145.0,0.0,145.0,0.0,145.0,0.0,145.0,0.0,145.0,0.0,145.0,0.0,145.0,0.0,145.0,0.0,145.0,0.0,145.0,0.0,0.0,0.0,0.0,145.0,0.0,0.0,2598.0,1.4699570000000002,75.0,0.0,0.0,0.0,0.0,0.0,0.0,0.0,0.0,0.0,0.0,0.0,0.0,0.0,0.0,0.0,0.0,0.0,0.0,3.0,3.0,0.0,0.0,0.0,,2020-12-23 16:00:00,,,,
P007,1.0,0.0,0.0,0.0,0.0,0.0,0.0,48.88333333333333,0.0,0.0,0.0,0.0,0.0,0.0,0.0,0.0,0.0,0.0,0.0,0.0,0.0,0.0,0.0,0.0,0.0,0.0,0.0,0.0,0.0,0.0,0.0,0.0,0.0,0.0,0.0,0.0,0.0,0.0,0.0,0.0,0.0,0.0,0.0,0.0,0.0,0.0,0.0,0.0,0.0,0.0,0.0,0.0,0.0,0.0,0.0,0.0,0.0,0.0,0.0,0.0,0.0,0.0,0.0,0.0,0.0,0.0,0.0,0.0,0.0,0.0,,0.0,2020-12-23 17:00:00,,,,
P007,1.0,0.0,0.0,0.0,0.0,0.0,0.0,45.98333333333333,0.0,0.0,0.0,0.0,0.0,0.0,0.0,0.0,0.0,0.0,0.0,0.0,0.0,0.0,0.0,0.0,0.0,0.0,0.0,0.0,0.0,0.0,0.0,0.0,0.0,0.0,0.0,0.0,0.0,0.0,0.0,0.0,0.0,0.0,0.0,0.0,0.0,0.0,0.0,0.0,0.0,0.0,0.0,0.0,0.0,0.0,0.0,0.0,0.0,0.0,0.0,0.0,0.0,0.0,0.0,0.0,0.0,0.0,0.0,0.0,0.0,0.0,1.0,,2020-12-23 18:00:00,,,,
P007,1.0,0.0,0.0,0.0,0.0,0.0,0.0,8.616666666666667,0.0,0.0,0.0,0.0,0.0,0.0,0.0,0.0,0.0,0.0,0.0,0.0,0.0,0.0,0.0,0.0,0.0,0.0,0.0,0.0,0.0,0.0,0.0,0.0,0.0,0.0,0.0,0.0,0.0,0.0,0.0,0.0,0.0,0.0,0.0,0.0,0.0,0.0,0.0,0.0,0.0,0.0,0.0,0.0,0.0,0.0,0.0,0.0,0.0,0.0,0.0,0.0,0.0,0.0,0.0,0.0,0.0,0.0,0.0,0.0,0.0,0.0,1.0,1.0,2020-12-23 19:00:00,,,,
P007,1.0,0.0,0.0,0.0,0.0,0.0,0.0,22.1,0.0,0.0,0.0,0.0,0.0,0.0,0.0,0.0,0.0,0.0,0.0,0.0,0.0,0.0,0.0,0.0,0.0,0.0,0.0,0.0,0.0,0.0,0.0,0.0,0.0,0.0,0.0,0.0,0.0,0.0,0.0,0.0,0.0,0.0,0.0,0.0,0.0,0.0,0.0,0.0,0.0,0.0,0.0,0.0,0.0,0.0,0.0,0.0,0.0,0.0,0.0,0.0,0.0,0.0,0.0,0.0,0.0,0.0,0.0,0.0,0.0,0.0,,1.0,2020-12-23 20:00:00,,,,
P007,1.0,0.0,43.5,0.0,0.0,0.0,0.0,0.0,0.0,0.0,0.267996,6.0,2139.780082,8.0,0.0,13.0,0.0,13.0,0.0,13.0,0.0,13.0,0.0,13.0,0.0,13.0,0.0,13.0,0.0,13.0,0.0,13.0,0.0,13.0,0.0,13.0,0.0,13.0,0.9251290835720822,6.0,3.0,2.0,8.0,2070.0,68.0,400.0,0.0,0.0,0.0,0.0,0.0,0.0,0.0,0.0,0.0,0.0,0.0,0.0,0.0,0.0,0.0,0.0,0.0,0.0,0.0,0.0,0.0,0.0,0.0,0.0,0.0,,2020-12-24 11:00:00,14839.247,4.122013055555556,4.533333333333333,6.6
P007,1.0,0.0,11.966666666666669,0.0,0.0,0.0,0.0,0.0,0.0,0.0,0.0,0.0,0.0,0.0,0.0,0.0,0.0,0.0,0.0,0.0,0.0,0.0,0.0,0.0,0.0,0.0,0.0,0.0,0.0,0.0,0.0,0.0,0.0,0.0,0.0,0.0,0.0,0.0,0.0,0.0,0.0,0.0,0.0,0.0,0.0,0.0,0.0,0.0,0.0,0.0,0.0,0.0,0.0,0.0,0.0,0.0,0.0,0.0,0.0,0.0,0.0,0.0,0.0,0.0,0.0,0.0,0.0,0.0,0.0,0.0,0.0,0.0,2020-12-24 12:00:00,14839.247,4.122013055555556,4.533333333333333,6.6
P007,1.0,0.0,0.0,0.0,0.0,0.0,0.0,0.0,0.0,0.0,0.0,0.0,1217.050014,4.0,0.0,10.0,0.0,10.0,0.0,10.0,0.0,10.0,0.0,10.0,0.0,10.0,0.0,10.0,0.0,10.0,0.0,10.0,0.0,10.0,0.0,10.0,0.0,10.0,1.0888999753452238,8.0,3.0,3.0,4.0,1095.0,39.0,18.0,0.172,1.0,0.0,0.0,0.0,0.0,0.0,0.0,0.0,0.0,0.0,0.0,0.0,0.0,0.0,0.0,0.0,0.0,0.0,0.0,0.0,0.0,0.0,0.0,0.0,0.0,2020-12-24 13:00:00,14839.247,4.122013055555556,4.533333333333333,6.6
P007,1.0,0.0,0.0,0.0,0.0,0.0,0.0,0.0,0.0,0.0,0.0,0.0,375.039,1.0,0.0,3.0,0.0,3.0,0.0,3.0,0.0,3.0,0.0,3.0,0.0,3.0,0.0,3.0,0.0,3.0,0.0,3.0,0.0,3.0,0.0,3.0,0.0,3.0,1.0986122886681096,2.0,1.0,1.0,1.0,0.0,82.0,3.0,0.0,0.0,0.0,0.0,0.0,0.0,0.0,0.0,0.0,0.0,0.0,0.0,0.0,0.0,0.0,0.0,0.0,0.0,0.0,0.0,0.0,0.0,0.0,0.0,,0.0,2020-12-24 14:00:00,14839.247,4.122013055555556,4.533333333333333,6.6
P007,1.0,0.0,40.6,0.0,0.0,0.0,0.0,0.0,0.0,0.0,3.3119850000000004,30.0,4.598973000000001,52.0,63.78011548519135,109.0,16.673,109.0,63.78011548519135,109.0,0.0,109.0,0.0,109.0,0.0,109.0,0.0,109.0,16.673,109.0,0.0,109.0,0.0,109.0,0.0,109.0,0.0,109.0,0.0521719874638617,1.0,1.0,0.0,108.0,0.0,0.0,2281.0,0.0,0.0,0.0,0.0,0.0,0.0,0.0,0.0,0.0,0.0,1.0,0.0,0.0,0.0,0.0,1.0,922.0,0.0,0.0,0.0,0.0,0.0,0.0,0.0,1.0,,2020-12-24 16:00:00,14839.247,4.122013055555556,4.533333333333333,6.6
P007,1.0,0.0,3.6,0.0,0.0,0.0,0.0,0.0,0.0,0.0,0.411994,12.0,2057.593022,19.0,0.0,25.0,0.0,25.0,0.0,25.0,0.0,25.0,0.0,25.0,0.0,25.0,0.0,25.0,0.0,25.0,0.0,25.0,0.0,25.0,0.0,25.0,0.0,25.0,0.7174352514213597,9.0,3.0,3.0,19.0,651.0,8.0,827.0,0.0,0.0,0.0,0.0,0.0,0.0,0.0,0.0,0.0,0.0,1.0,0.0,0.0,0.0,0.0,1.0,1431.0,0.0,0.0,0.0,0.0,0.0,0.0,0.0,,1.0,2020-12-24 17:00:00,14839.247,4.122013055555556,4.533333333333333,6.6
P007,1.0,0.0,36.41666666666666,0.0,0.0,0.0,0.0,0.0,0.0,0.0,0.0,0.0,0.0,0.0,0.0,0.0,0.0,0.0,0.0,0.0,0.0,0.0,0.0,0.0,0.0,0.0,0.0,0.0,0.0,0.0,0.0,0.0,0.0,0.0,0.0,0.0,0.0,0.0,0.0,0.0,0.0,0.0,0.0,0.0,0.0,0.0,0.0,0.0,0.0,0.0,0.0,0.0,0.0,0.0,0.0,0.0,0.0,0.0,0.0,0.0,0.0,0.0,0.0,0.0,0.0,0.0,0.0,0.0,0.0,0.0,0.0,,2020-12-24 18:00:00,14839.247,4.122013055555556,4.533333333333333,6.6
P007,1.0,0.0,0.0,0.0,0.0,0.0,0.0,0.0,0.0,0.0,0.0,0.0,0.0,0.0,0.0,0.0,0.0,0.0,0.0,0.0,0.0,0.0,0.0,0.0,0.0,0.0,0.0,0.0,0.0,0.0,0.0,0.0,0.0,0.0,0.0,0.0,0.0,0.0,0.0,0.0,0.0,0.0,0.0,0.0,0.0,0.0,0.0,0.0,0.0,0.0,0.0,0.0,0.0,0.0,0.0,0.0,0.0,0.0,0.0,0.0,0.0,0.0,0.0,0.0,0.0,0.0,0.0,0.0,0.0,0.0,0.0,0.0,2020-12-24 19:00:00,14839.247,4.122013055555556,4.533333333333333,6.6
P007,1.0,0.0,0.0,0.0,0.0,0.0,0.0,0.0,0.0,0.0,0.0,0.0,0.0,0.0,0.0,0.0,0.0,0.0,0.0,0.0,0.0,0.0,0.0,0.0,0.0,0.0,0.0,0.0,0.0,0.0,0.0,0.0,0.0,0.0,0.0,0.0,0.0,0.0,0.0,0.0,0.0,0.0,0.0,0.0,0.0,0.0,0.0,0.0,0.0,0.0,0.0,0.0,0.0,0.0,0.0,0.0,0.0,0.0,0.0,0.0,0.0,0.0,0.0,0.0,0.0,0.0,0.0,0.0,0.0,0.0,,0.0,2020-12-24 20:00:00,14839.247,4.122013055555556,4.533333333333333,6.6
P007,0.0,0.0,0.0,0.0,0.0,0.0,0.0,0.0,0.0,0.0,0.0,0.0,0.0,0.0,0.0,2.0,0.0,2.0,0.0,2.0,0.0,2.0,0.0,2.0,0.0,2.0,0.0,2.0,0.0,2.0,0.0,2.0,0.0,2.0,0.0,2.0,0.0,2.0,0.6931471805599453,1.0,1.0,1.0,0.0,0.0,7.0,0.0,0.0,0.0,0.0,0.0,0.0,0.0,0.0,0.0,0.0,0.0,0.0,0.0,0.0,0.0,0.0,0.0,0.0,0.0,0.0,0.0,0.0,0.0,0.0,0.0,1.0,,2020-12-24 21:00:00,14839.247,4.122013055555556,4.533333333333333,6.6
P007,0.0,0.0,0.0,0.0,0.0,0.0,0.0,0.0,0.0,0.0,0.0,0.0,0.0,0.0,0.0,0.0,0.0,0.0,0.0,0.0,0.0,0.0,0.0,0.0,0.0,0.0,0.0,0.0,0.0,0.0,0.0,0.0,0.0,0.0,0.0,0.0,0.0,0.0,0.0,0.0,0.0,0.0,0.0,0.0,0.0,0.0,0.0,0.0,0.0,0.0,0.0,0.0,0.0,0.0,0.0,0.0,0.0,0.0,0.0,0.0,0.0,0.0,0.0,0.0,0.0,0.0,0.0,0.0,0.0,0.0,1.0,1.0,2020-12-24 22:00:00,14839.247,4.122013055555556,4.533333333333333,6.6
P007,0.0,0.0,0.0,0.0,0.0,0.0,0.0,0.0,0.0,0.0,0.0,0.0,0.0,0.0,0.0,0.0,0.0,0.0,0.0,0.0,0.0,0.0,0.0,0.0,0.0,0.0,0.0,0.0,0.0,0.0,0.0,0.0,0.0,0.0,0.0,0.0,0.0,0.0,0.0,0.0,0.0,0.0,0.0,0.0,0.0,0.0,0.0,0.0,0.0,0.0,0.0,0.0,0.0,0.0,0.0,0.0,0.0,0.0,0.0,0.0,0.0,0.0,0.0,0.0,0.0,0.0,0.0,0.0,0.0,0.0,,1.0,2020-12-24 23:00:00,14839.247,4.122013055555556,4.533333333333333,6.6
P007,0.0,0.0,0.0,0.0,0.0,0.0,0.0,0.0,0.0,0.0,0.0,0.0,0.0,0.0,0.0,0.0,0.0,0.0,0.0,0.0,0.0,0.0,0.0,0.0,0.0,0.0,0.0,0.0,0.0,0.0,0.0,0.0,0.0,0.0,0.0,0.0,0.0,0.0,0.0,0.0,0.0,0.0,0.0,0.0,0.0,0.0,0.0,0.0,0.0,0.0,0.0,0.0,0.0,0.0,0.0,0.0,0.0,0.0,0.0,0.0,0.0,0.0,0.0,0.0,0.0,0.0,0.0,0.0,0.0,0.0,0.0,,2020-12-25 16:00:00,,,,
P007,0.0,0.0,0.0,0.0,0.0,0.0,0.0,0.0,0.0,0.0,0.0,0.0,0.0,0.0,0.0,0.0,0.0,0.0,0.0,0.0,0.0,0.0,0.0,0.0,0.0,0.0,0.0,0.0,0.0,0.0,0.0,0.0,0.0,0.0,0.0,0.0,0.0,0.0,0.0,0.0,0.0,0.0,0.0,0.0,0.0,0.0,0.0,0.0,0.0,0.0,0.0,0.0,0.0,0.0,0.0,0.0,0.0,0.0,0.0,0.0,0.0,0.0,0.0,0.0,0.0,0.0,0.0,0.0,0.0,0.0,0.0,0.0,2020-12-25 17:00:00,,,,
P007,0.0,0.0,0.0,0.0,0.0,0.0,0.0,0.0,0.0,0.0,0.0,0.0,0.0,0.0,0.0,0.0,0.0,0.0,0.0,0.0,0.0,0.0,0.0,0.0,0.0,0.0,0.0,0.0,0.0,0.0,0.0,0.0,0.0,0.0,0.0,0.0,0.0,0.0,0.0,0.0,0.0,0.0,0.0,0.0,0.0,0.0,0.0,0.0,0.0,0.0,0.0,0.0,0.0,0.0,0.0,0.0,0.0,0.0,0.0,0.0,0.0,0.0,0.0,0.0,0.0,0.0,0.0,0.0,0.0,0.0,0.0,0.0,2020-12-25 18:00:00,,,,
P007,1.0,0.0,4.633333333333334,0.0,0.0,0.0,0.0,0.0,1.473,1.0,0.741985,26.0,3188.806982,31.0,44.34919035434723,79.0,22430.957,79.0,44.34919035434723,79.0,0.0,79.0,0.0,79.0,0.0,79.0,0.0,79.0,22430.957,79.0,0.0,79.0,0.0,79.0,0.0,79.0,0.0,79.0,0.1356121881286208,3.0,1.0,1.0,77.0,0.0,4.0,134.0,0.0,0.0,0.0,0.0,0.0,0.0,0.0,0.0,0.0,0.0,0.0,0.0,0.0,0.0,0.0,0.0,0.0,0.0,0.0,0.0,0.0,0.0,0.0,0.0,1.0,0.0,2020-12-25 19:00:00,,,,
P007,1.0,0.0,39.98333333333333,0.0,0.0,0.0,0.0,0.0,0.0,0.0,0.0,0.0,0.0,0.0,0.0,0.0,0.0,0.0,0.0,0.0,0.0,0.0,0.0,0.0,0.0,0.0,0.0,0.0,0.0,0.0,0.0,0.0,0.0,0.0,0.0,0.0,0.0,0.0,0.0,0.0,0.0,0.0,0.0,0.0,0.0,0.0,0.0,0.0,0.0,0.0,0.0,0.0,0.0,0.0,0.0,0.0,0.0,0.0,0.0,0.0,0.0,0.0,0.0,0.0,0.0,0.0,0.0,0.0,0.0,0.0,,1.0,2020-12-25 20:00:00,,,,
P007,1.0,0.0,53.13333333333333,0.0,0.0,0.0,0.0,0.0,456.432985,5.0,80.82098699999999,33.0,2794.430932,45.0,250.46795082092285,287.0,57.421,287.0,250.46795082092285,287.0,0.0,287.0,0.0,287.0,0.0,287.0,0.0,287.0,57.421,287.0,0.0,287.0,0.0,287.0,0.0,287.0,0.0,287.0,0.1160350526418817,11.0,3.0,3.0,281.0,2742.0,30.0,243.0,0.0,0.0,0.0,0.0,0.0,0.0,0.0,0.0,0.0,0.0,0.0,0.0,0.0,0.0,0.0,0.0,0.0,0.0,0.0,0.0,0.0,0.0,0.0,0.0,0.0,,2020-12-26 12:00:00,22777.941,6.327205833333333,6.116666666666666,9.283333333333331
P007,1.0,0.0,49.7,0.0,0.0,0.0,0.0,0.0,2423.347029,6.0,177.48599,20.0,2601.620000000001,61.0,0.0,67.0,0.0,67.0,0.0,67.0,0.0,67.0,0.0,67.0,0.0,67.0,0.0,67.0,0.0,67.0,0.0,67.0,0.0,67.0,0.0,67.0,0.0,67.0,0.3635735231733445,10.0,3.0,3.0,61.0,2423.0,6.0,520.0,0.6949830000000001,29.0,0.0,0.0,0.0,0.0,0.0,0.0,0.0,0.0,0.0,0.0,0.0,0.0,0.0,0.0,0.0,0.0,0.0,0.0,0.0,0.0,0.0,0.0,,0.0,2020-12-26 13:00:00,22777.941,6.327205833333333,6.116666666666666,9.283333333333331
P007,1.0,0.0,14.283333333333331,0.0,0.0,0.0,0.0,0.0,157.07399999999998,2.0,0.0,0.0,157.10699899999997,3.0,0.0,5.0,0.0,5.0,0.0,5.0,0.0,5.0,0.0,5.0,0.0,5.0,0.0,5.0,0.0,5.0,0.0,5.0,0.0,5.0,0.0,5.0,0.0,5.0,0.9502705392332348,3.0,1.0,1.0,3.0,0.0,1.0,6.0,0.0,0.0,0.0,0.0,0.0,0.0,0.0,0.0,0.0,0.0,0.0,0.0,0.0,0.0,0.0,0.0,0.0,0.0,0.0,0.0,0.0,0.0,0.0,0.0,0.0,,2020-12-26 14:00:00,22777.941,6.327205833333333,6.116666666666666,9.283333333333331
P007,1.0,0.0,0.0,0.0,0.0,0.0,0.0,0.0,0.0,0.0,0.417997,15.0,3435.784999,19.0,0.0,23.0,0.0,23.0,0.0,23.0,0.0,23.0,0.0,23.0,0.0,23.0,0.0,23.0,0.0,23.0,0.0,23.0,0.0,23.0,0.0,23.0,0.0,23.0,0.5825842452160127,6.0,2.0,2.0,19.0,546.0,20.0,114.0,0.0,0.0,0.0,0.0,0.0,0.0,0.0,0.0,0.0,0.0,0.0,0.0,0.0,0.0,0.0,0.0,0.0,0.0,0.0,0.0,0.0,0.0,0.0,0.0,,0.0,2020-12-26 15:00:00,22777.941,6.327205833333333,6.116666666666666,9.283333333333331
P007,1.0,0.0,48.91666666666666,0.0,0.0,0.0,0.0,0.0,0.0,0.0,51.122978,33.0,2142.098962,114.0,55.498122215271,147.0,1636.175,147.0,0.0,147.0,0.0,147.0,0.0,147.0,0.0,147.0,0.0,147.0,0.0,147.0,0.0,147.0,0.0,147.0,0.0,147.0,0.0,147.0,0.3599396544509972,22.0,6.0,7.0,134.0,1714.0,71.0,1475.0,1.1489619999999996,62.0,0.0,0.0,0.0,0.0,0.0,0.0,0.0,0.0,0.0,0.0,0.0,0.0,0.0,0.0,0.0,0.0,0.0,0.0,0.0,0.0,0.0,0.0,0.0,,2020-12-26 16:00:00,22777.941,6.327205833333333,6.116666666666666,9.283333333333331
P007,1.0,0.0,26.266666666666666,0.0,0.0,0.0,0.0,0.0,0.0,0.0,0.4089929999999999,18.0,1623.3489980000002,33.0,19.349056124687195,61.0,3.04,61.0,19.349056124687195,61.0,0.0,61.0,0.0,61.0,0.0,61.0,0.0,61.0,3.04,61.0,0.0,61.0,0.0,61.0,0.0,61.0,0.0,61.0,0.7844001359459645,24.0,9.0,8.0,44.0,1545.0,72.0,1741.0,0.083998,4.0,0.0,0.0,0.0,0.0,0.0,0.0,0.0,0.0,0.0,0.0,0.0,0.0,0.0,0.0,0.0,0.0,0.0,0.0,0.0,0.0,0.0,0.0,,0.0,2020-12-26 17:00:00,22777.941,6.327205833333333,6.116666666666666,9.283333333333331
P007,1.0,0.0,45.43333333333333,0.0,0.0,0.0,0.0,0.0,0.0,0.0,1.801994,9.0,989.486026,20.0,22.999337673187256,46.0,9.691,46.0,22.999337673187256,46.0,0.0,46.0,0.0,46.0,0.0,46.0,0.0,46.0,9.691,46.0,0.0,46.0,0.0,46.0,0.0,46.0,0.0,46.0,0.6742705071682045,12.0,5.0,5.0,36.0,287.0,53.0,2846.0,0.0,0.0,0.0,0.0,0.0,0.0,0.0,0.0,0.0,0.0,0.0,0.0,0.0,0.0,0.0,0.0,0.0,0.0,0.0,0.0,0.0,0.0,0.0,0.0,0.0,,2020-12-26 18:00:00,22777.941,6.327205833333333,6.116666666666666,9.283333333333331
P007,0.0,0.0,0.0,0.0,0.0,0.0,0.0,0.0,0.0,0.0,0.0,0.0,362.477997,4.0,0.0,6.0,0.0,6.0,0.0,6.0,0.0,6.0,0.0,6.0,0.0,6.0,0.0,6.0,0.0,6.0,0.0,6.0,0.0,6.0,0.0,6.0,0.0,6.0,0.8675632284814612,3.0,1.0,1.0,4.0,0.0,4.0,214.0,0.0,0.0,0.0,0.0,0.0,0.0,0.0,0.0,0.0,0.0,0.0,0.0,0.0,0.0,0.0,0.0,0.0,0.0,0.0,0.0,0.0,0.0,0.0,0.0,0.0,0.0,2020-12-26 19:00:00,22777.941,6.327205833333333,6.116666666666666,9.283333333333331
P007,0.0,0.0,0.0,0.0,0.0,0.0,0.0,0.0,0.0,0.0,0.0,0.0,0.0,0.0,0.0,0.0,0.0,0.0,0.0,0.0,0.0,0.0,0.0,0.0,0.0,0.0,0.0,0.0,0.0,0.0,0.0,0.0,0.0,0.0,0.0,0.0,0.0,0.0,0.0,0.0,0.0,0.0,0.0,0.0,0.0,0.0,0.0,0.0,0.0,0.0,0.0,0.0,0.0,0.0,0.0,0.0,0.0,0.0,0.0,0.0,0.0,0.0,0.0,0.0,0.0,0.0,0.0,0.0,0.0,0.0,1.0,0.0,2020-12-26 20:00:00,22777.941,6.327205833333333,6.116666666666666,9.283333333333331
P007,0.0,0.0,0.0,0.0,0.0,0.0,0.0,0.0,0.0,0.0,0.0,0.0,0.0,0.0,0.0,0.0,0.0,0.0,0.0,0.0,0.0,0.0,0.0,0.0,0.0,0.0,0.0,0.0,0.0,0.0,0.0,0.0,0.0,0.0,0.0,0.0,0.0,0.0,0.0,0.0,0.0,0.0,0.0,0.0,0.0,0.0,0.0,0.0,0.0,0.0,0.0,0.0,0.0,0.0,0.0,0.0,0.0,0.0,0.0,0.0,0.0,0.0,0.0,0.0,0.0,0.0,0.0,0.0,0.0,0.0,,1.0,2020-12-26 21:00:00,22777.941,6.327205833333333,6.116666666666666,9.283333333333331
P007,1.0,0.0,0.0,0.0,0.0,0.0,0.0,19.5,0.0,0.0,179.93898699999997,22.0,3067.3859850000003,26.0,0.0,37.0,1.073,37.0,0.0,37.0,0.0,37.0,0.0,37.0,0.0,37.0,0.0,37.0,1.073,37.0,0.0,37.0,0.0,37.0,0.0,37.0,0.0,37.0,0.7708645476048219,15.0,5.0,5.0,27.0,226.0,89.0,1081.0,0.0,0.0,0.0,0.0,0.0,0.0,0.0,0.0,0.0,0.0,0.0,0.0,0.0,0.0,0.0,0.0,0.0,0.0,0.0,0.0,0.0,0.0,0.0,0.0,0.0,,2020-12-27 12:00:00,27124.427,7.534563055555555,4.916666666666667,8.683333333333334
P007,1.0,0.0,0.0,0.0,0.0,0.0,0.0,36.71666666666667,0.1619979999999999,5.0,0.141998,5.0,2852.175956,13.0,63.08256101608277,74.0,11.238,74.0,63.08256101608277,74.0,0.0,74.0,0.0,74.0,0.0,74.0,0.0,74.0,11.238,74.0,0.0,74.0,0.0,74.0,0.0,74.0,0.0,74.0,0.3776405011814858,10.0,3.0,4.0,67.0,1342.0,566.0,416.0,0.0,0.0,0.0,0.0,0.0,0.0,0.0,0.0,0.0,0.0,0.0,0.0,0.0,0.0,0.0,0.0,0.0,0.0,0.0,0.0,0.0,0.0,0.0,0.0,1.0,0.0,2020-12-27 13:00:00,27124.427,7.534563055555555,4.916666666666667,8.683333333333334
P007,1.0,0.0,0.0,0.0,0.0,0.0,0.0,23.33333333333333,1396.909982,3.0,0.133999,5.0,1397.1459809999997,11.0,24.28352451324463,35.0,6.578,35.0,24.28352451324463,35.0,0.0,35.0,0.0,35.0,0.0,35.0,0.0,35.0,6.578,35.0,0.0,35.0,0.0,35.0,0.0,35.0,0.0,35.0,0.4345997168814333,7.0,2.0,2.0,31.0,0.0,31.0,1435.0,0.0,0.0,0.0,0.0,0.0,0.0,0.0,0.0,0.0,0.0,0.0,0.0,0.0,0.0,0.0,0.0,0.0,0.0,0.0,0.0,0.0,0.0,0.0,0.0,1.0,1.0,2020-12-27 14:00:00,27124.427,7.534563055555555,4.916666666666667,8.683333333333334
P007,1.0,0.0,0.0,0.0,0.0,0.0,0.0,42.38333333333333,1429.3030009999998,4.0,0.0,0.0,2766.8659619999994,30.0,0.0,34.0,0.0,34.0,0.0,34.0,0.0,34.0,0.0,34.0,0.0,34.0,0.0,34.0,0.0,34.0,0.0,34.0,0.0,34.0,0.0,34.0,0.0,34.0,0.4437572842601484,8.0,2.0,2.0,30.0,0.0,3.0,1471.0,0.239999,3.0,0.0,0.0,0.0,0.0,0.0,0.0,0.0,0.0,0.0,0.0,0.0,0.0,0.0,0.0,0.0,0.0,0.0,0.0,0.0,0.0,0.0,0.0,,1.0,2020-12-27 15:00:00,27124.427,7.534563055555555,4.916666666666667,8.683333333333334
P007,1.0,0.0,0.0,0.0,0.0,0.0,0.0,8.466666666666667,3470.937999,6.0,0.594991,14.0,3472.0349830000005,37.0,57.20263051986694,89.0,8.933,89.0,57.20263051986694,89.0,0.0,89.0,0.0,89.0,0.0,89.0,0.0,89.0,8.933,89.0,0.0,89.0,0.0,89.0,0.0,89.0,0.0,89.0,0.29363137895544,12.0,3.0,3.0,83.0,4.0,2.0,2989.0,0.067998,5.0,0.0,0.0,0.0,0.0,0.0,0.0,0.0,0.0,0.0,0.0,0.0,0.0,0.0,0.0,0.0,0.0,0.0,0.0,0.0,0.0,0.0,0.0,0.0,,2020-12-27 16:00:00,27124.427,7.534563055555555,4.916666666666667,8.683333333333334
P007,1.0,0.0,0.0,0.0,0.0,0.0,0.0,56.55,1649.4969920000003,7.0,70.303963,77.0,1721.435927,151.0,366.3347908258438,490.0,167.358,490.0,366.3347908258438,490.0,0.0,490.0,0.0,490.0,0.0,490.0,0.0,490.0,167.358,490.0,0.0,490.0,0.0,490.0,0.0,490.0,0.0,490.0,0.08463180329921,14.0,3.0,4.0,483.0,4.0,4.0,2638.0,0.647983,32.0,0.0,0.0,0.0,0.0,0.0,0.0,0.0,0.0,0.0,0.0,0.0,0.0,0.0,0.0,0.0,0.0,0.0,0.0,0.0,0.0,0.0,0.0,1.0,0.0,2020-12-27 17:00:00,27124.427,7.534563055555555,4.916666666666667,8.683333333333334
P007,1.0,0.0,0.0,0.0,0.0,0.0,0.0,34.333333333333336,0.74,1.0,0.0,0.0,0.768999,2.0,0.0,3.0,0.0,3.0,0.0,3.0,0.0,3.0,0.0,3.0,0.0,3.0,0.0,3.0,0.0,3.0,0.0,3.0,0.0,3.0,0.0,3.0,0.0,3.0,0.6365141682948128,2.0,1.0,0.0,2.0,0.0,0.0,10.0,0.0,0.0,0.0,0.0,0.0,0.0,0.0,0.0,0.0,0.0,0.0,0.0,0.0,0.0,0.0,0.0,0.0,0.0,0.0,0.0,0.0,0.0,0.0,0.0,1.0,1.0,2020-12-27 18:00:00,27124.427,7.534563055555555,4.916666666666667,8.683333333333334
P007,1.0,0.0,0.0,0.0,0.0,0.0,0.0,12.55,0.0,0.0,0.0,0.0,0.0,0.0,0.0,0.0,0.0,0.0,0.0,0.0,0.0,0.0,0.0,0.0,0.0,0.0,0.0,0.0,0.0,0.0,0.0,0.0,0.0,0.0,0.0,0.0,0.0,0.0,0.0,0.0,0.0,0.0,0.0,0.0,0.0,0.0,0.0,0.0,0.0,0.0,0.0,0.0,0.0,0.0,0.0,0.0,0.0,0.0,0.0,0.0,0.0,0.0,0.0,0.0,0.0,0.0,0.0,0.0,0.0,0.0,0.0,1.0,2020-12-27 19:00:00,27124.427,7.534563055555555,4.916666666666667,8.683333333333334
P007,0.0,0.0,0.0,0.0,0.0,0.0,0.0,0.0,0.0,0.0,0.0,0.0,0.0,0.0,0.0,0.0,0.0,0.0,0.0,0.0,0.0,0.0,0.0,0.0,0.0,0.0,0.0,0.0,0.0,0.0,0.0,0.0,0.0,0.0,0.0,0.0,0.0,0.0,0.0,0.0,0.0,0.0,0.0,0.0,0.0,0.0,0.0,0.0,0.0,0.0,0.0,0.0,0.0,0.0,0.0,0.0,0.0,0.0,0.0,0.0,0.0,0.0,0.0,0.0,0.0,0.0,0.0,0.0,0.0,0.0,0.0,0.0,2020-12-27 20:00:00,27124.427,7.534563055555555,4.916666666666667,8.683333333333334
P007,1.0,0.0,0.0,0.0,0.0,0.0,0.0,6.333333333333333,0.0,0.0,0.0,0.0,0.0,0.0,0.0,0.0,0.0,0.0,0.0,0.0,0.0,0.0,0.0,0.0,0.0,0.0,0.0,0.0,0.0,0.0,0.0,0.0,0.0,0.0,0.0,0.0,0.0,0.0,0.0,0.0,0.0,0.0,0.0,0.0,0.0,0.0,0.0,0.0,0.0,0.0,0.0,0.0,0.0,0.0,0.0,0.0,0.0,0.0,0.0,0.0,0.0,0.0,0.0,0.0,0.0,0.0,0.0,0.0,0.0,0.0,,0.0,2020-12-27 21:00:00,27124.427,7.534563055555555,4.916666666666667,8.683333333333334
P007,1.0,0.0,0.0,0.0,0.0,0.0,0.0,56.63333333333333,0.0,0.0,0.0,0.0,0.0,0.0,0.0,0.0,0.0,0.0,0.0,0.0,0.0,0.0,0.0,0.0,0.0,0.0,0.0,0.0,0.0,0.0,0.0,0.0,0.0,0.0,0.0,0.0,0.0,0.0,0.0,0.0,0.0,0.0,0.0,0.0,0.0,0.0,0.0,0.0,0.0,0.0,0.0,0.0,0.0,0.0,0.0,0.0,0.0,0.0,0.0,0.0,0.0,0.0,0.0,0.0,0.0,0.0,0.0,0.0,0.0,0.0,1.0,,2020-12-27 22:00:00,27124.427,7.534563055555555,4.916666666666667,8.683333333333334
P007,1.0,0.0,0.0,0.0,0.0,0.0,0.0,50.0,0.0,0.0,0.0,0.0,1803.051,2.0,0.0,3.0,0.0,3.0,0.0,3.0,0.0,3.0,0.0,3.0,0.0,3.0,0.0,3.0,0.0,3.0,0.0,3.0,0.0,3.0,0.0,3.0,0.0,3.0,0.6365141682948128,1.0,0.0,1.0,2.0,0.0,0.0,2.0,0.0,0.0,0.0,0.0,0.0,0.0,0.0,0.0,0.0,0.0,0.0,0.0,0.0,0.0,0.0,0.0,0.0,0.0,0.0,0.0,0.0,0.0,0.0,0.0,,1.0,2020-12-27 23:00:00,27124.427,7.534563055555555,4.916666666666667,8.683333333333334
P007,1.0,0.0,0.0,0.0,0.0,0.0,0.0,18.35,1.08,1.0,0.0,0.0,87.862999,4.0,0.0,5.0,0.0,5.0,0.0,5.0,0.0,5.0,0.0,5.0,0.0,5.0,0.0,5.0,0.0,5.0,0.0,5.0,0.0,5.0,0.0,5.0,0.0,5.0,0.5004024235381879,2.0,1.0,0.0,4.0,0.0,0.0,92.0,0.0,0.0,0.0,0.0,0.0,0.0,0.0,0.0,0.0,0.0,0.0,0.0,0.0,0.0,0.0,0.0,0.0,0.0,0.0,0.0,0.0,0.0,0.0,0.0,0.0,,2020-12-28 11:00:00,15928.485,4.424579166666667,4.15,6.366666666666666
P007,1.0,0.0,0.0,0.0,0.0,0.0,0.0,0.0,0.0,0.0,2990.704,1.0,2990.704,1.0,0.0,1.0,0.0,1.0,0.0,1.0,0.0,1.0,0.0,1.0,0.0,1.0,0.0,1.0,0.0,1.0,0.0,1.0,0.0,1.0,0.0,1.0,0.0,1.0,0.0,0.0,0.0,0.0,1.0,0.0,0.0,1.0,0.0,0.0,0.0,0.0,0.0,0.0,0.0,0.0,0.0,0.0,0.0,0.0,0.0,0.0,0.0,0.0,0.0,0.0,0.0,0.0,0.0,0.0,0.0,0.0,,0.0,2020-12-28 12:00:00,15928.485,4.424579166666667,4.15,6.366666666666666
P007,1.0,0.0,0.0,0.0,0.0,0.0,0.0,52.53333333333333,1805.628039,4.0,0.117998,5.0,3472.8319720000004,32.0,0.0,36.0,0.0,36.0,0.0,36.0,0.0,36.0,0.0,36.0,0.0,36.0,0.0,36.0,0.0,36.0,0.0,36.0,0.0,36.0,0.0,36.0,0.0,36.0,0.4258484492385814,8.0,2.0,2.0,32.0,0.0,10.0,3179.0,0.0,0.0,0.0,0.0,0.0,0.0,0.0,0.0,0.0,0.0,0.0,0.0,0.0,0.0,0.0,0.0,0.0,0.0,0.0,0.0,0.0,0.0,0.0,0.0,0.0,,2020-12-28 16:00:00,15928.485,4.424579166666667,4.15,6.366666666666666
P007,0.0,0.0,0.0,0.0,0.0,0.0,0.0,0.0,0.0,0.0,0.0,0.0,0.0,0.0,0.0,0.0,0.0,0.0,0.0,0.0,0.0,0.0,0.0,0.0,0.0,0.0,0.0,0.0,0.0,0.0,0.0,0.0,0.0,0.0,0.0,0.0,0.0,0.0,0.0,0.0,0.0,0.0,0.0,0.0,0.0,0.0,0.0,0.0,0.0,0.0,0.0,0.0,0.0,0.0,0.0,0.0,0.0,0.0,0.0,0.0,0.0,0.0,0.0,0.0,0.0,0.0,0.0,0.0,0.0,0.0,,0.0,2020-12-28 17:00:00,15928.485,4.424579166666667,4.15,6.366666666666666
P007,0.0,0.0,0.0,0.0,0.0,0.0,0.0,0.0,0.0,0.0,0.0,0.0,0.0,0.0,0.0,0.0,0.0,0.0,0.0,0.0,0.0,0.0,0.0,0.0,0.0,0.0,0.0,0.0,0.0,0.0,0.0,0.0,0.0,0.0,0.0,0.0,0.0,0.0,0.0,0.0,0.0,0.0,0.0,0.0,0.0,0.0,0.0,0.0,0.0,0.0,0.0,0.0,0.0,0.0,0.0,0.0,0.0,0.0,0.0,0.0,0.0,0.0,0.0,0.0,0.0,0.0,0.0,0.0,0.0,0.0,1.0,,2020-12-28 18:00:00,15928.485,4.424579166666667,4.15,6.366666666666666
P007,0.0,0.0,0.0,0.0,0.0,0.0,0.0,0.0,2754.510956,4.0,0.153997,8.0,2754.701953,15.0,11.576491236686708,56.0,10.03,56.0,11.576491236686708,56.0,0.0,56.0,0.0,56.0,0.0,56.0,0.0,56.0,10.03,56.0,0.0,56.0,0.0,56.0,0.0,56.0,0.0,56.0,0.3068291534409705,8.0,2.0,2.0,52.0,0.0,1.0,1938.0,0.0,0.0,0.0,0.0,0.0,0.0,0.0,0.0,0.0,0.0,0.0,0.0,0.0,0.0,0.0,0.0,0.0,0.0,0.0,0.0,0.0,0.0,0.0,0.0,,1.0,2020-12-28 19:00:00,15928.485,4.424579166666667,4.15,6.366666666666666
P007,1.0,0.0,0.0,0.0,0.0,0.0,0.0,12.766666666666667,0.0,0.0,0.0,0.0,0.0,0.0,0.0,0.0,0.0,0.0,0.0,0.0,0.0,0.0,0.0,0.0,0.0,0.0,0.0,0.0,0.0,0.0,0.0,0.0,0.0,0.0,0.0,0.0,0.0,0.0,0.0,0.0,0.0,0.0,0.0,0.0,0.0,0.0,0.0,0.0,0.0,0.0,0.0,0.0,0.0,0.0,0.0,0.0,0.0,0.0,0.0,0.0,0.0,0.0,0.0,0.0,0.0,0.0,0.0,0.0,0.0,0.0,0.0,,2020-12-28 22:00:00,15928.485,4.424579166666667,4.15,6.366666666666666
P007,1.0,0.0,0.0,0.0,0.0,0.0,0.0,57.56666666666667,0.0,0.0,0.0,0.0,1802.058983,3.0,0.0,4.0,0.0,4.0,0.0,4.0,0.0,4.0,0.0,4.0,0.0,4.0,0.0,4.0,0.0,4.0,0.0,4.0,0.0,4.0,0.0,4.0,0.0,4.0,0.5623351446188083,1.0,0.0,1.0,3.0,0.0,6.0,699.0,0.0,0.0,0.0,0.0,0.0,0.0,0.0,0.0,0.0,0.0,0.0,0.0,0.0,0.0,0.0,0.0,0.0,0.0,0.0,0.0,0.0,0.0,0.0,0.0,,0.0,2020-12-28 23:00:00,15928.485,4.424579166666667,4.15,6.366666666666666
P007,2.0,15.05,0.0,0.0,0.0,0.0,0.0,15.0,0.0,0.0,0.5359909999999999,18.0,2880.595015000001,29.0,0.0,37.0,0.0,37.0,0.0,37.0,0.0,37.0,0.0,37.0,0.0,37.0,0.0,37.0,0.0,37.0,0.0,37.0,0.0,37.0,0.0,37.0,0.0,37.0,0.6719467245748495,12.0,4.0,4.0,29.0,1560.0,191.0,697.0,0.0,0.0,0.0,0.0,0.0,0.0,0.0,0.0,0.0,0.0,1.0,1.0,0.0,0.0,760.0,0.0,0.0,0.0,0.0,0.0,0.0,0.0,0.0,0.0,1.0,,2020-12-29 11:00:00,19794.841,5.498566944444445,3.0,5.75
P007,1.0,0.0,0.0,0.0,0.0,0.0,0.0,26.933333333333334,0.0,0.0,569.149008,15.0,3179.322967,19.0,0.0,25.0,0.0,25.0,0.0,25.0,0.0,25.0,0.0,25.0,0.0,25.0,0.0,25.0,0.0,25.0,0.0,25.0,0.0,25.0,0.0,25.0,0.0,25.0,0.7174352514213597,10.0,3.0,3.0,19.0,2885.0,14.0,159.0,0.0,0.0,0.0,0.0,0.0,0.0,0.0,0.0,0.0,0.0,0.0,0.0,0.0,0.0,0.0,0.0,0.0,0.0,0.0,0.0,0.0,0.0,0.0,0.0,,1.0,2020-12-29 12:00:00,19794.841,5.498566944444445,3.0,5.75
P007,1.0,0.0,0.0,0.0,0.0,0.0,0.0,2.7,0.0,0.0,1617.3709990000002,6.0,2517.832998,10.0,0.0,16.0,0.0,16.0,0.0,16.0,0.0,16.0,0.0,16.0,0.0,16.0,0.0,16.0,0.0,16.0,0.0,16.0,0.0,16.0,0.0,16.0,0.0,16.0,0.9214934308679616,10.0,3.0,3.0,10.0,899.0,10.0,21.0,0.0,0.0,0.0,0.0,0.0,0.0,0.0,0.0,0.0,0.0,0.0,0.0,0.0,0.0,0.0,0.0,0.0,0.0,0.0,0.0,0.0,0.0,0.0,0.0,0.0,,2020-12-29 13:00:00,19794.841,5.498566944444445,3.0,5.75
P007,1.0,0.0,0.0,0.0,0.0,0.0,0.0,44.56666666666667,0.0,0.0,0.339993,16.0,527.11799,22.0,40.94416165351868,47.0,6.679,47.0,40.94416165351868,47.0,0.0,47.0,0.0,47.0,0.0,47.0,0.0,47.0,6.679,47.0,0.0,47.0,0.0,47.0,0.0,47.0,0.0,47.0,0.2780063622733909,4.0,1.0,2.0,44.0,1.0,39.0,1794.0,2.053999,1.0,0.0,0.0,0.0,0.0,0.0,0.0,0.0,0.0,1.0,0.0,0.0,0.0,0.0,1.0,974.0,0.0,0.0,0.0,0.0,0.0,0.0,0.0,0.0,0.0,2020-12-29 14:00:00,19794.841,5.498566944444445,3.0,5.75
P007,1.0,0.0,0.0,0.0,0.0,0.0,0.0,55.61666666666667,0.0,0.0,0.106999,7.0,0.122999,8.0,0.0,8.0,0.0,8.0,0.0,8.0,0.0,8.0,0.0,8.0,0.0,8.0,0.0,8.0,0.0,8.0,0.0,8.0,0.0,8.0,0.0,8.0,0.0,8.0,0.0,0.0,0.0,0.0,8.0,0.0,0.0,1220.0,0.0,0.0,0.0,0.0,0.0,0.0,0.0,0.0,0.0,0.0,0.0,0.0,0.0,0.0,0.0,0.0,0.0,0.0,0.0,0.0,0.0,0.0,0.0,0.0,,0.0,2020-12-29 15:00:00,19794.841,5.498566944444445,3.0,5.75
P007,1.0,0.0,0.0,0.0,0.0,0.0,0.0,51.4,0.0,0.0,3.5339980000000004,3.0,311.91899900000004,8.0,10.226772785186768,17.0,13.651,17.0,10.226772785186768,17.0,0.0,17.0,0.0,17.0,0.0,17.0,0.0,17.0,13.651,17.0,0.0,17.0,0.0,17.0,0.0,17.0,0.0,17.0,0.5783252866601273,4.0,2.0,1.0,14.0,306.0,14.0,1023.0,0.0,0.0,0.0,0.0,0.0,0.0,0.0,0.0,0.0,0.0,0.0,0.0,0.0,0.0,0.0,0.0,0.0,0.0,0.0,0.0,0.0,0.0,0.0,0.0,0.0,,2020-12-29 16:00:00,19794.841,5.498566944444445,3.0,5.75
P007,1.0,0.0,0.0,0.0,0.0,0.0,0.0,56.0,0.0,0.0,1755.945022,52.0,3007.195993,61.0,15.892922163009644,85.0,13.225,85.0,15.892922163009644,85.0,0.0,85.0,0.0,85.0,0.0,85.0,0.0,85.0,13.225,85.0,0.0,85.0,0.0,85.0,0.0,85.0,0.0,85.0,0.561556981705519,26.0,7.0,7.0,71.0,2538.0,137.0,522.0,0.0,0.0,0.0,0.0,0.0,0.0,0.0,0.0,0.0,0.0,0.0,1.0,0.0,0.0,1.0,0.0,0.0,0.0,0.0,0.0,0.0,0.0,0.0,0.0,,0.0,2020-12-29 17:00:00,19794.841,5.498566944444445,3.0,5.75
P007,1.0,0.0,0.0,0.0,0.0,0.0,0.0,5.2,1180.176025,1.0,56.241992,13.0,1238.0300069999998,35.0,0.0,39.0,0.0,39.0,0.0,39.0,0.0,39.0,0.0,39.0,0.0,39.0,0.0,39.0,0.0,39.0,0.0,39.0,0.0,39.0,0.0,39.0,0.0,39.0,0.4017726493509475,8.0,2.0,2.0,35.0,1189.0,5.0,292.0,0.0,0.0,0.0,0.0,0.0,0.0,0.0,0.0,0.0,0.0,1.0,0.0,0.0,1.0,0.0,0.0,0.0,0.0,0.0,0.0,0.0,0.0,0.0,0.0,0.0,,2020-12-29 18:00:00,19794.841,5.498566944444445,3.0,5.75
P007,0.0,0.0,0.0,0.0,0.0,0.0,0.0,0.0,0.0,0.0,0.0,0.0,487.067,1.0,0.0,3.0,0.0,3.0,0.0,3.0,0.0,3.0,0.0,3.0,0.0,3.0,0.0,3.0,0.0,3.0,0.0,3.0,0.0,3.0,0.0,3.0,0.0,3.0,1.0986122886681096,2.0,1.0,1.0,1.0,0.0,6.0,1.0,0.0,0.0,0.0,0.0,0.0,0.0,0.0,0.0,0.0,0.0,0.0,0.0,0.0,0.0,0.0,0.0,0.0,0.0,0.0,0.0,0.0,0.0,0.0,0.0,0.0,0.0,2020-12-29 19:00:00,19794.841,5.498566944444445,3.0,5.75
P007,1.0,0.0,0.0,0.0,0.0,0.0,0.0,0.0166666666666666,0.0,0.0,0.172998,11.0,3484.2089920000008,21.0,3.0,25.0,6.998,25.0,3.0,25.0,0.0,25.0,0.0,25.0,0.0,25.0,0.0,25.0,6.998,25.0,0.0,25.0,0.0,25.0,0.0,25.0,0.0,25.0,0.4433066914680872,5.0,1.0,2.0,22.0,2329.0,9.0,81.0,0.148,2.0,0.0,0.0,0.0,0.0,0.0,0.0,0.0,0.0,0.0,0.0,0.0,0.0,0.0,0.0,0.0,0.0,0.0,0.0,0.0,0.0,0.0,0.0,,0.0,2020-12-29 20:00:00,19794.841,5.498566944444445,3.0,5.75
P007,1.0,0.0,0.0,0.0,0.0,0.0,0.0,9.966666666666669,0.0,0.0,0.0,0.0,0.0,0.0,0.0,0.0,0.0,0.0,0.0,0.0,0.0,0.0,0.0,0.0,0.0,0.0,0.0,0.0,0.0,0.0,0.0,0.0,0.0,0.0,0.0,0.0,0.0,0.0,0.0,0.0,0.0,0.0,0.0,0.0,0.0,0.0,0.0,0.0,0.0,0.0,0.0,0.0,0.0,0.0,0.0,0.0,0.0,0.0,0.0,0.0,0.0,0.0,0.0,0.0,0.0,0.0,0.0,0.0,0.0,0.0,0.0,,2020-12-29 22:00:00,19794.841,5.498566944444445,3.0,5.75
P007,1.0,0.0,0.0,0.0,0.0,0.0,0.0,24.433333333333334,0.0,0.0,0.0,0.0,3002.718999,2.0,0.0,3.0,0.0,3.0,0.0,3.0,0.0,3.0,0.0,3.0,0.0,3.0,0.0,3.0,0.0,3.0,0.0,3.0,0.0,3.0,0.0,3.0,0.0,3.0,0.6365141682948128,1.0,0.0,1.0,2.0,0.0,0.0,2.0,0.0,0.0,0.0,0.0,0.0,0.0,0.0,0.0,0.0,0.0,0.0,0.0,0.0,0.0,0.0,0.0,0.0,0.0,0.0,0.0,0.0,0.0,0.0,0.0,,0.0,2020-12-29 23:00:00,19794.841,5.498566944444445,3.0,5.75
P007,1.0,0.0,0.0,0.0,0.0,0.0,0.0,12.433333333333334,0.0,0.0,0.996977,43.0,3083.792015,67.0,823.5108543634415,751.0,180.209,751.0,823.5108543634415,751.0,0.0,751.0,0.0,751.0,0.0,751.0,0.0,751.0,180.209,751.0,0.0,751.0,0.0,751.0,0.0,751.0,0.0,751.0,0.2157350373728709,56.0,17.0,17.0,717.0,2802.0,94.0,638.0,0.0,0.0,0.0,0.0,0.0,0.0,0.0,0.0,0.0,0.0,1.0,1.0,0.0,0.0,307.0,0.0,0.0,0.0,0.0,1.0,2.0,3.0,0.0,0.0,0.0,,2020-12-30 11:00:00,8620.894,2.394692777777778,5.9,7.1
P007,1.0,0.0,0.0,0.0,0.0,0.0,0.0,5.566666666666666,0.0,0.0,13.070999,2.0,3529.54606,11.0,0.0,33.0,0.0,33.0,0.0,33.0,0.0,33.0,0.0,33.0,0.0,33.0,0.0,33.0,0.0,33.0,0.0,33.0,0.0,33.0,0.0,33.0,0.0,33.0,1.0986122886681096,29.0,11.0,11.0,11.0,2066.0,471.0,43.0,0.0,0.0,0.0,0.0,0.0,0.0,0.0,0.0,0.0,0.0,0.0,0.0,0.0,0.0,0.0,0.0,0.0,0.0,0.0,0.0,0.0,0.0,0.0,0.0,,0.0,2020-12-30 12:00:00,8620.894,2.394692777777778,5.9,7.1
P007,1.0,0.0,0.0,0.0,0.0,0.0,0.0,24.883333333333333,0.0,0.0,124.376989,24.0,3220.453022,33.0,13.88634955883026,76.0,7.094,76.0,13.88634955883026,76.0,0.0,76.0,0.0,76.0,0.0,76.0,0.0,76.0,7.094,76.0,0.0,76.0,0.0,76.0,0.0,76.0,0.0,76.0,0.5131949334342885,19.0,5.0,6.0,65.0,2786.0,215.0,281.0,0.0,0.0,0.0,0.0,0.0,0.0,0.0,0.0,0.0,0.0,0.0,0.0,0.0,0.0,0.0,0.0,0.0,0.0,0.0,0.0,0.0,0.0,0.0,0.0,0.0,,2020-12-30 14:00:00,8620.894,2.394692777777778,5.9,7.1
P007,1.0,0.0,0.0,0.0,0.0,0.0,0.0,18.216666666666665,0.0,0.0,157.33087700000004,226.0,987.015881,238.0,88.75969362258911,317.0,900.333,317.0,79.28755760192871,317.0,0.0,317.0,0.0,317.0,0.0,317.0,0.0,317.0,34.762,317.0,0.0,317.0,0.0,317.0,0.0,317.0,0.0,317.0,0.1994432594096247,24.0,7.0,6.0,304.0,971.0,104.0,1897.0,0.0,0.0,0.0,0.0,0.0,0.0,0.0,0.0,0.0,0.0,0.0,0.0,0.0,0.0,0.0,0.0,0.0,0.0,0.0,0.0,0.0,0.0,0.0,0.0,,0.0,2020-12-30 15:00:00,8620.894,2.394692777777778,5.9,7.1
P007,1.0,0.0,0.0,0.0,0.0,0.0,0.0,31.766666666666666,165.94699500000002,10.0,855.2760069999999,21.0,1124.816976,80.0,50.38754916191101,117.0,9.653,117.0,0.0,117.0,0.0,117.0,0.0,117.0,0.0,117.0,0.0,117.0,0.0,117.0,0.0,117.0,0.0,117.0,0.0,117.0,0.0,117.0,0.2378190110569207,11.0,3.0,3.0,111.0,1017.0,7.0,296.0,0.0,0.0,0.0,0.0,0.0,0.0,0.0,0.0,0.0,0.0,0.0,0.0,0.0,0.0,0.0,0.0,0.0,0.0,0.0,0.0,0.0,0.0,0.0,0.0,0.0,,2020-12-30 16:00:00,8620.894,2.394692777777778,5.9,7.1
P007,1.0,0.0,0.0,0.0,0.0,0.0,0.0,48.61666666666667,0.0,0.0,1.194972,49.0,1746.2209360000004,113.0,39.06839203834534,145.0,5.654,145.0,39.06839203834534,145.0,0.0,145.0,0.0,145.0,0.0,145.0,0.0,145.0,5.654,145.0,0.0,145.0,0.0,145.0,0.0,145.0,0.0,145.0,0.0411950173244082,2.0,0.0,1.0,144.0,0.0,3.0,1834.0,1.080968,56.0,0.0,0.0,0.0,0.0,0.0,0.0,0.0,0.0,0.0,0.0,0.0,0.0,0.0,1.0,1.0,0.0,0.0,0.0,0.0,0.0,0.0,0.0,0.0,0.0,2020-12-30 17:00:00,8620.894,2.394692777777778,5.9,7.1
P007,1.0,0.0,0.0,0.0,0.0,0.0,0.0,55.833333333333336,0.0,0.0,0.953976,43.0,27.748966000000003,64.0,9.398345708847046,71.0,405.459,71.0,9.398345708847046,71.0,0.0,71.0,0.0,71.0,0.0,71.0,0.0,71.0,405.459,71.0,0.0,71.0,0.0,71.0,0.0,71.0,0.0,71.0,0.0,0.0,0.0,0.0,71.0,0.0,0.0,3587.0,0.0,0.0,0.0,0.0,0.0,0.0,0.0,0.0,0.0,0.0,2.0,1.0,0.0,171.0,135.0,1.0,232.0,0.0,0.0,0.0,0.0,0.0,0.0,0.0,0.0,0.0,2020-12-30 18:00:00,8620.894,2.394692777777778,5.9,7.1
P007,1.0,0.0,0.0,0.0,0.0,0.0,0.0,3.816666666666667,0.0,0.0,0.092999,5.0,3181.10496,27.0,0.0,34.0,0.0,34.0,0.0,34.0,0.0,34.0,0.0,34.0,0.0,34.0,0.0,34.0,0.0,34.0,0.0,34.0,0.0,34.0,0.0,34.0,0.0,34.0,0.6490484748337857,10.0,4.0,3.0,27.0,3170.0,28.0,186.0,0.0,0.0,0.0,0.0,0.0,0.0,0.0,0.0,0.0,0.0,0.0,0.0,0.0,0.0,0.0,0.0,0.0,0.0,0.0,0.0,0.0,0.0,0.0,0.0,0.0,0.0,2020-12-30 19:00:00,8620.894,2.394692777777778,5.9,7.1
P007,0.0,0.0,0.0,0.0,0.0,0.0,0.0,0.0,0.0,0.0,0.0,0.0,724.4540030000001,2.0,0.0,6.0,0.0,6.0,0.0,6.0,0.0,6.0,0.0,6.0,0.0,6.0,0.0,6.0,0.0,6.0,0.0,6.0,0.0,6.0,0.0,6.0,0.0,6.0,1.0986122886681096,5.0,2.0,2.0,2.0,156.0,11.0,1.0,0.0,0.0,0.0,0.0,0.0,0.0,0.0,0.0,0.0,0.0,0.0,0.0,0.0,0.0,0.0,0.0,0.0,0.0,0.0,0.0,0.0,0.0,0.0,0.0,1.0,0.0,2020-12-30 20:00:00,8620.894,2.394692777777778,5.9,7.1
P007,1.0,0.0,0.0,0.0,0.0,0.0,0.0,5.45,0.0,0.0,0.0,0.0,2172.329916,151.0,0.0,204.0,9069.75,204.0,0.0,204.0,0.0,204.0,0.0,204.0,0.0,204.0,0.0,204.0,0.0,204.0,0.0,204.0,0.0,204.0,0.0,204.0,0.0,204.0,0.1530781026210466,9.0,3.0,3.0,198.0,492.0,12.0,1065.0,2.558915,136.0,0.0,0.0,0.0,0.0,0.0,0.0,0.0,0.0,0.0,0.0,0.0,0.0,0.0,0.0,0.0,0.0,0.0,0.0,0.0,0.0,0.0,0.0,,1.0,2020-12-30 21:00:00,8620.894,2.394692777777778,5.9,7.1
P007,1.0,0.0,40.28333333333333,0.0,0.0,0.0,0.0,0.0,0.0,0.0,0.44199,19.0,3309.1830279999995,28.0,252.7358520030976,261.0,49.846,261.0,252.7358520030976,261.0,0.0,261.0,0.0,261.0,0.0,261.0,0.0,261.0,49.846,261.0,0.0,261.0,0.0,261.0,0.0,261.0,0.0,261.0,0.2730287358654693,25.0,8.0,8.0,245.0,2217.0,75.0,137.0,0.0,0.0,0.0,0.0,0.0,0.0,0.0,0.0,0.0,0.0,0.0,0.0,0.0,0.0,0.0,0.0,0.0,0.0,0.0,0.0,0.0,0.0,0.0,0.0,0.0,,2020-12-31 14:00:00,9984.642,2.773511666666667,6.05,7.433333333333334
P007,1.0,0.0,55.083333333333336,0.0,0.0,0.0,0.0,0.0,0.0,0.0,274.604931,151.0,2767.923911,170.0,224.7131340503693,368.0,50.813,368.0,224.7131340503693,368.0,0.0,368.0,0.0,368.0,0.0,368.0,0.0,368.0,50.813,368.0,0.0,368.0,0.0,368.0,0.0,368.0,0.0,368.0,0.2770542651416016,43.0,11.0,12.0,345.0,2517.0,36.0,793.0,0.0,0.0,0.0,0.0,0.0,0.0,0.0,0.0,0.0,0.0,0.0,0.0,0.0,0.0,0.0,0.0,0.0,0.0,0.0,0.0,0.0,0.0,0.0,0.0,1.0,0.0,2020-12-31 15:00:00,9984.642,2.773511666666667,6.05,7.433333333333334
P007,1.0,0.0,31.78333333333333,0.0,0.0,0.0,0.0,0.0,0.0,0.0,1480.59294,40.0,2367.5059409999994,45.0,939.1972281932832,805.0,540.655,805.0,939.1972281932832,805.0,0.0,805.0,0.0,805.0,0.0,805.0,0.0,805.0,540.655,805.0,0.0,805.0,0.0,805.0,0.0,805.0,0.0,805.0,0.0937931467654195,24.0,7.0,6.0,792.0,2361.0,78.0,652.0,0.0,0.0,0.0,0.0,0.0,0.0,0.0,0.0,0.0,0.0,0.0,0.0,0.0,0.0,0.0,0.0,0.0,0.0,0.0,0.0,0.0,0.0,0.0,0.0,,1.0,2020-12-31 16:00:00,9984.642,2.773511666666667,6.05,7.433333333333334
P007,1.0,0.0,51.3,0.0,0.0,0.0,0.0,0.0,684.567993,1.0,164.806977,52.0,2902.953946,89.0,54.213250041008,147.0,8.404,147.0,54.213250041008,147.0,0.0,147.0,0.0,147.0,0.0,147.0,0.0,147.0,8.404,147.0,0.0,147.0,0.0,147.0,0.0,147.0,0.0,147.0,0.3599396544509972,26.0,6.0,7.0,134.0,2352.0,18.0,1033.0,0.0,0.0,0.0,0.0,0.0,0.0,0.0,0.0,0.0,0.0,0.0,0.0,0.0,0.0,0.0,0.0,0.0,0.0,0.0,0.0,0.0,0.0,0.0,0.0,1.0,,2020-12-31 17:00:00,9984.642,2.773511666666667,6.05,7.433333333333334
P007,1.0,0.0,9.333333333333334,0.0,0.0,0.0,0.0,0.0,0.0,0.0,291.8439729999999,31.0,2686.371946,35.0,0.0,42.0,0.0,42.0,0.0,42.0,0.0,42.0,0.0,42.0,0.0,42.0,0.0,42.0,0.0,42.0,0.0,42.0,0.0,42.0,0.0,42.0,0.0,42.0,0.5643792263163833,13.0,4.0,3.0,35.0,2682.0,50.0,637.0,0.0,0.0,0.0,0.0,0.0,0.0,0.0,0.0,0.0,0.0,0.0,0.0,0.0,0.0,0.0,0.0,0.0,0.0,0.0,0.0,0.0,0.0,0.0,0.0,0.0,1.0,2020-12-31 18:00:00,9984.642,2.773511666666667,6.05,7.433333333333334
P007,0.0,0.0,0.0,0.0,0.0,0.0,0.0,0.0,0.0,0.0,2389.1839859999995,16.0,3210.643977,45.0,3.0,58.0,29.938,58.0,0.0,58.0,0.0,58.0,0.0,58.0,0.0,58.0,0.0,58.0,0.0,58.0,0.0,58.0,0.0,58.0,0.0,58.0,0.0,58.0,0.2364840528066643,6.0,1.0,2.0,55.0,820.0,7.0,2034.0,0.0,0.0,0.0,0.0,0.0,0.0,0.0,0.0,0.0,0.0,0.0,0.0,0.0,0.0,0.0,0.0,0.0,0.0,0.0,0.0,0.0,0.0,0.0,0.0,1.0,0.0,2020-12-31 19:00:00,9984.642,2.773511666666667,6.05,7.433333333333334
P007,1.0,0.0,12.25,0.0,0.0,0.0,0.0,0.0,0.0,0.0,0.569987,24.0,898.7639899999999,37.0,577.1455986499786,628.0,138.492,628.0,577.1455986499786,628.0,0.0,628.0,0.0,628.0,0.0,628.0,0.0,628.0,138.492,628.0,0.0,628.0,0.0,628.0,0.0,628.0,0.0,628.0,0.0849135250694486,15.0,5.0,4.0,619.0,888.0,49.0,858.0,0.0,0.0,0.0,0.0,0.0,0.0,0.0,0.0,0.0,0.0,0.0,0.0,0.0,0.0,0.0,0.0,0.0,0.0,0.0,0.0,0.0,0.0,0.0,0.0,1.0,1.0,2020-12-31 20:00:00,9984.642,2.773511666666667,6.05,7.433333333333334
P007,0.0,0.0,0.0,0.0,0.0,0.0,0.0,0.0,0.0,0.0,0.0,0.0,0.0,0.0,0.0,0.0,0.0,0.0,0.0,0.0,0.0,0.0,0.0,0.0,0.0,0.0,0.0,0.0,0.0,0.0,0.0,0.0,0.0,0.0,0.0,0.0,0.0,0.0,0.0,0.0,0.0,0.0,0.0,0.0,0.0,0.0,0.0,0.0,0.0,0.0,0.0,0.0,0.0,0.0,0.0,0.0,0.0,0.0,0.0,0.0,0.0,0.0,0.0,0.0,0.0,0.0,0.0,0.0,0.0,0.0,1.0,1.0,2020-12-31 21:00:00,9984.642,2.773511666666667,6.05,7.433333333333334
P007,0.0,0.0,0.0,0.0,0.0,0.0,0.0,0.0,0.0,0.0,0.0,0.0,0.0,0.0,0.0,0.0,0.0,0.0,0.0,0.0,0.0,0.0,0.0,0.0,0.0,0.0,0.0,0.0,0.0,0.0,0.0,0.0,0.0,0.0,0.0,0.0,0.0,0.0,0.0,0.0,0.0,0.0,0.0,0.0,0.0,0.0,0.0,0.0,0.0,0.0,0.0,0.0,0.0,0.0,0.0,0.0,0.0,0.0,0.0,0.0,0.0,0.0,0.0,0.0,0.0,0.0,0.0,0.0,0.0,0.0,0.0,1.0,2020-12-31 22:00:00,9984.642,2.773511666666667,6.05,7.433333333333334
P007,0.0,0.0,0.0,0.0,0.0,0.0,0.0,0.0,0.0,0.0,0.0,0.0,0.0,0.0,0.0,0.0,0.0,0.0,0.0,0.0,0.0,0.0,0.0,0.0,0.0,0.0,0.0,0.0,0.0,0.0,0.0,0.0,0.0,0.0,0.0,0.0,0.0,0.0,0.0,0.0,0.0,0.0,0.0,0.0,0.0,0.0,0.0,0.0,0.0,0.0,0.0,0.0,0.0,0.0,0.0,0.0,0.0,0.0,0.0,0.0,0.0,0.0,0.0,0.0,0.0,0.0,0.0,0.0,0.0,0.0,,0.0,2020-12-31 23:00:00,9984.642,2.773511666666667,6.05,7.433333333333334
P007,2.0,1.55,40.13333333333333,0.0,0.0,0.0,0.0,0.0,0.0,0.0,2.757978,34.0,1872.806939,68.0,18.40312433242798,106.0,14.099,106.0,0.0,106.0,0.0,106.0,0.0,106.0,0.0,106.0,0.0,106.0,0.0,106.0,0.0,106.0,0.0,106.0,0.0,106.0,0.0,106.0,0.4818608754772926,19.0,7.0,7.0,92.0,491.0,265.0,1693.0,0.131998,2.0,0.0,0.0,0.0,0.0,0.0,0.0,0.0,0.0,0.0,0.0,0.0,0.0,0.0,0.0,0.0,0.0,0.0,0.0,0.0,0.0,0.0,0.0,0.0,,2021-01-01 12:00:00,15793.647,4.387124166666667,6.9,9.083333333333334
P007,1.0,0.0,58.23333333333333,0.0,0.0,0.0,0.0,0.0,0.0,0.0,2.505962,64.0,1931.72488,213.0,459.5523040294647,649.0,255.082,649.0,459.5523040294647,649.0,0.0,649.0,0.0,649.0,0.0,649.0,0.0,649.0,255.082,649.0,0.0,649.0,0.0,649.0,0.0,649.0,0.0,649.0,0.1258858130214596,28.0,7.0,8.0,634.0,1882.0,115.0,1554.0,2.462924,128.0,0.0,0.0,0.0,0.0,0.0,0.0,0.0,0.0,0.0,0.0,0.0,0.0,0.0,0.0,0.0,0.0,0.0,0.0,0.0,0.0,0.0,0.0,0.0,0.0,2021-01-01 13:00:00,15793.647,4.387124166666667,6.9,9.083333333333334
P007,1.0,0.0,17.2,0.0,0.0,0.0,0.0,0.0,0.0,0.0,38.985991000000006,17.0,38.985991000000006,17.0,1001.4578738212584,1001.0,426.976,1001.0,1001.4578738212584,1001.0,0.0,1001.0,0.0,1001.0,0.0,1001.0,0.0,1001.0,426.976,1001.0,0.0,1001.0,0.0,1001.0,0.0,1001.0,0.0,1001.0,0.0223131568177571,5.0,2.0,1.0,998.0,37.0,1.0,982.0,0.0,0.0,0.0,0.0,0.0,0.0,0.0,0.0,0.0,0.0,0.0,0.0,0.0,0.0,0.0,0.0,0.0,0.0,0.0,0.0,0.0,0.0,0.0,0.0,0.0,0.0,2021-01-01 14:00:00,15793.647,4.387124166666667,6.9,9.083333333333334
P007,0.0,0.0,0.0,0.0,0.0,0.0,0.0,0.0,0.0,0.0,1506.038,1.0,1506.042999,2.0,0.0,4.0,0.0,4.0,0.0,4.0,0.0,4.0,0.0,4.0,0.0,4.0,0.0,4.0,0.0,4.0,0.0,4.0,0.0,4.0,0.0,4.0,0.0,4.0,1.039720770839918,3.0,1.0,1.0,2.0,0.0,8.0,4.0,0.0,0.0,0.0,0.0,0.0,0.0,0.0,0.0,0.0,0.0,0.0,0.0,0.0,0.0,0.0,0.0,0.0,0.0,0.0,0.0,0.0,0.0,0.0,0.0,,0.0,2021-01-01 15:00:00,15793.647,4.387124166666667,6.9,9.083333333333334
P007,0.0,0.0,0.0,0.0,0.0,0.0,0.0,0.0,0.0,0.0,0.025,1.0,1506.978015,3.0,0.0,6.0,0.0,6.0,0.0,6.0,0.0,6.0,0.0,6.0,0.0,6.0,0.0,6.0,0.0,6.0,0.0,6.0,0.0,6.0,0.0,6.0,0.0,6.0,1.0114042647073518,4.0,2.0,1.0,3.0,1506.0,4.0,4.0,0.0,0.0,0.0,0.0,0.0,0.0,0.0,0.0,0.0,0.0,0.0,0.0,0.0,0.0,0.0,0.0,0.0,0.0,0.0,0.0,0.0,0.0,0.0,0.0,0.0,,2021-01-01 17:00:00,15793.647,4.387124166666667,6.9,9.083333333333334
P007,1.0,0.0,22.85,0.0,0.0,0.0,0.0,0.0,0.0,0.0,998.957003,38.0,2737.482957,50.0,0.0,56.0,0.0,56.0,0.0,56.0,0.0,56.0,0.0,56.0,0.0,56.0,0.0,56.0,0.0,56.0,0.0,56.0,0.0,56.0,0.0,56.0,0.0,56.0,0.414765547817007,11.0,3.0,3.0,50.0,1956.0,9.0,733.0,0.0,0.0,0.0,0.0,0.0,0.0,0.0,0.0,0.0,0.0,0.0,0.0,0.0,0.0,0.0,0.0,0.0,0.0,0.0,0.0,0.0,0.0,0.0,0.0,1.0,0.0,2021-01-01 18:00:00,15793.647,4.387124166666667,6.9,9.083333333333334
P007,1.0,0.0,19.366666666666667,0.0,0.0,0.0,0.0,0.0,0.0,0.0,0.267997,8.0,1283.056001,26.0,0.0,34.0,0.0,34.0,0.0,34.0,0.0,34.0,0.0,34.0,0.0,34.0,0.0,34.0,0.0,34.0,0.0,34.0,0.0,34.0,0.0,34.0,0.0,34.0,0.7086880282185832,13.0,4.0,4.0,26.0,1262.0,12.0,1323.0,0.623998,5.0,0.0,0.0,0.0,0.0,0.0,0.0,0.0,0.0,0.0,0.0,0.0,0.0,0.0,0.0,0.0,0.0,0.0,0.0,0.0,0.0,0.0,0.0,,1.0,2021-01-01 19:00:00,15793.647,4.387124166666667,6.9,9.083333333333334
P007,1.0,0.0,9.8,0.0,0.0,0.0,0.0,0.0,0.0,0.0,0.322992,15.0,0.4409900000000001,22.0,0.0,23.0,0.0,23.0,0.0,23.0,0.0,23.0,0.0,23.0,0.0,23.0,0.0,23.0,0.0,23.0,0.0,23.0,0.0,23.0,0.0,23.0,0.0,23.0,0.1788449127168475,1.0,1.0,0.0,22.0,0.0,0.0,146.0,0.076998,4.0,0.0,0.0,0.0,0.0,0.0,0.0,0.0,0.0,1.0,0.0,0.0,1.0,0.0,0.0,0.0,0.0,0.0,0.0,0.0,0.0,0.0,0.0,1.0,,2021-01-01 21:00:00,15793.647,4.387124166666667,6.9,9.083333333333334
P007,1.0,0.0,19.98333333333333,0.0,0.0,0.0,0.0,0.0,0.0,0.0,0.0,0.0,0.0,0.0,0.0,0.0,0.0,0.0,0.0,0.0,0.0,0.0,0.0,0.0,0.0,0.0,0.0,0.0,0.0,0.0,0.0,0.0,0.0,0.0,0.0,0.0,0.0,0.0,0.0,0.0,0.0,0.0,0.0,0.0,0.0,0.0,0.0,0.0,0.0,0.0,0.0,0.0,0.0,0.0,0.0,0.0,0.0,0.0,0.0,0.0,0.0,0.0,0.0,0.0,0.0,0.0,0.0,0.0,0.0,0.0,,1.0,2021-01-01 22:00:00,15793.647,4.387124166666667,6.9,9.083333333333334
P007,0.0,0.0,0.0,0.0,0.0,0.0,0.0,0.0,0.0,0.0,3218.736,1.0,3218.736,1.0,0.0,3.0,0.0,3.0,0.0,3.0,0.0,3.0,0.0,3.0,0.0,3.0,0.0,3.0,0.0,3.0,0.0,3.0,0.0,3.0,0.0,3.0,0.0,3.0,1.0986122886681096,2.0,1.0,1.0,1.0,0.0,9.0,1.0,0.0,0.0,0.0,0.0,0.0,0.0,0.0,0.0,0.0,0.0,0.0,0.0,0.0,0.0,0.0,0.0,0.0,0.0,0.0,0.0,0.0,0.0,0.0,0.0,0.0,,2021-01-02 13:00:00,20253.412,5.625947777777778,5.5,8.3
P007,0.0,0.0,0.0,0.0,0.0,0.0,0.0,0.0,0.0,0.0,3034.612,1.0,3474.2719890000003,4.0,0.0,16.0,6.605,16.0,0.0,16.0,0.0,16.0,0.0,16.0,0.0,16.0,0.0,16.0,0.0,16.0,0.0,16.0,0.0,16.0,0.0,16.0,0.0,16.0,0.7356219397587946,5.0,2.0,2.0,12.0,425.0,9.0,37.0,0.0,0.0,0.0,0.0,0.0,0.0,0.0,0.0,0.0,0.0,0.0,0.0,0.0,0.0,0.0,0.0,0.0,0.0,0.0,0.0,0.0,0.0,0.0,0.0,1.0,0.0,2021-01-02 14:00:00,20253.412,5.625947777777778,5.5,8.3
P007,1.0,0.0,23.78333333333333,0.0,0.0,0.0,0.0,0.0,0.0,0.0,121.134971,43.0,674.878907,151.0,0.0,157.0,0.0,157.0,0.0,157.0,0.0,157.0,0.0,157.0,0.0,157.0,0.0,157.0,0.0,157.0,0.0,157.0,0.0,157.0,0.0,157.0,0.0,157.0,0.1887239640039626,11.0,3.0,3.0,151.0,178.0,22.0,2866.0,1.926945,94.0,0.0,0.0,0.0,0.0,0.0,0.0,0.0,0.0,0.0,0.0,0.0,0.0,0.0,0.0,0.0,0.0,0.0,0.0,0.0,0.0,0.0,0.0,0.0,1.0,2021-01-02 15:00:00,20253.412,5.625947777777778,5.5,8.3
P007,0.0,0.0,0.0,0.0,0.0,0.0,0.0,0.0,1811.134,1.0,0.0,0.0,1812.539992,21.0,0.0,21.0,0.0,21.0,0.0,21.0,0.0,21.0,0.0,21.0,0.0,21.0,0.0,21.0,0.0,21.0,0.0,21.0,0.0,21.0,0.0,21.0,0.0,21.0,0.0,0.0,0.0,0.0,21.0,0.0,0.0,3.0,0.0,0.0,0.0,0.0,0.0,0.0,0.0,0.0,0.0,0.0,0.0,0.0,0.0,0.0,0.0,0.0,0.0,0.0,0.0,0.0,0.0,0.0,0.0,0.0,,0.0,2021-01-02 16:00:00,20253.412,5.625947777777778,5.5,8.3
P007,1.0,0.0,13.666666666666666,0.0,0.0,0.0,0.0,0.0,0.0,0.0,14.056984000000002,37.0,3251.246962,44.0,184.03080117702484,184.0,18.094,184.0,184.03080117702484,184.0,0.0,184.0,0.0,184.0,0.0,184.0,0.0,184.0,18.094,184.0,0.0,184.0,0.0,184.0,0.0,184.0,0.0,184.0,0.1662990962828997,11.0,3.0,3.0,178.0,756.0,10.0,298.0,0.0,0.0,0.0,0.0,0.0,0.0,0.0,0.0,0.0,0.0,0.0,0.0,0.0,0.0,0.0,0.0,0.0,0.0,0.0,0.0,0.0,0.0,0.0,0.0,0.0,,2021-01-02 17:00:00,20253.412,5.625947777777778,5.5,8.3
P007,1.0,0.0,5.083333333333333,0.0,0.0,0.0,0.0,0.0,0.0,0.0,2.645993,24.0,45.70898900000001,35.0,56.0800359249115,70.0,5.493,70.0,56.0800359249115,70.0,0.0,70.0,0.0,70.0,0.0,70.0,0.0,70.0,5.493,70.0,0.0,70.0,0.0,70.0,0.0,70.0,0.0,70.0,0.2586409321067323,6.0,2.0,2.0,66.0,11.0,6.0,1146.0,0.0,0.0,0.0,0.0,0.0,0.0,0.0,0.0,0.0,0.0,0.0,0.0,0.0,0.0,0.0,0.0,0.0,0.0,0.0,0.0,0.0,0.0,0.0,0.0,0.0,0.0,2021-01-02 18:00:00,20253.412,5.625947777777778,5.5,8.3
P007,0.0,0.0,0.0,0.0,0.0,0.0,0.0,0.0,0.0,0.0,0.0,0.0,0.0,0.0,0.0,0.0,0.0,0.0,0.0,0.0,0.0,0.0,0.0,0.0,0.0,0.0,0.0,0.0,0.0,0.0,0.0,0.0,0.0,0.0,0.0,0.0,0.0,0.0,0.0,0.0,0.0,0.0,0.0,0.0,0.0,0.0,0.0,0.0,0.0,0.0,0.0,0.0,0.0,0.0,0.0,0.0,0.0,0.0,0.0,0.0,0.0,0.0,0.0,0.0,0.0,0.0,0.0,0.0,0.0,0.0,,0.0,2021-01-02 19:00:00,20253.412,5.625947777777778,5.5,8.3
P007,1.0,0.0,4.716666666666667,0.0,0.0,0.0,0.0,0.0,0.0,0.0,0.017,1.0,3369.486,2.0,19.349056124687195,15.0,4.961,15.0,19.349056124687195,15.0,0.0,15.0,0.0,15.0,0.0,15.0,0.0,15.0,4.961,15.0,0.0,15.0,0.0,15.0,0.0,15.0,0.0,15.0,0.2449300267946353,1.0,0.0,1.0,14.0,0.0,432.0,13.0,0.0,0.0,0.0,0.0,0.0,0.0,0.0,0.0,0.0,0.0,0.0,0.0,0.0,0.0,0.0,1.0,1.0,0.0,0.0,0.0,0.0,0.0,0.0,0.0,1.0,,2021-01-02 20:00:00,20253.412,5.625947777777778,5.5,8.3
P007,1.0,0.0,35.25,0.0,0.0,0.0,0.0,0.0,0.0,0.0,1.599997,6.0,1.847995,10.0,80.26813495159149,72.0,90.201,72.0,80.26813495159149,72.0,0.0,72.0,0.0,72.0,0.0,72.0,0.0,72.0,90.201,72.0,0.0,72.0,0.0,72.0,0.0,72.0,0.0,72.0,0.0,0.0,0.0,0.0,72.0,0.0,0.0,2355.0,0.0,0.0,0.0,0.0,0.0,0.0,0.0,0.0,0.0,0.0,1.0,0.0,0.0,1.0,0.0,0.0,0.0,0.0,0.0,0.0,0.0,0.0,0.0,0.0,,1.0,2021-01-02 21:00:00,20253.412,5.625947777777778,5.5,8.3
P007,1.0,0.0,0.0,0.0,0.0,0.0,0.0,19.933333333333334,122.960998,1.0,0.297992,14.0,1213.25698,37.0,0.0,39.0,0.0,39.0,0.0,39.0,0.0,39.0,0.0,39.0,0.0,39.0,0.0,39.0,0.0,39.0,0.0,39.0,0.0,39.0,0.0,39.0,0.0,39.0,0.2378190110569207,4.0,1.0,1.0,37.0,122.0,7.0,201.0,0.0,0.0,0.0,0.0,0.0,0.0,0.0,0.0,0.0,0.0,0.0,0.0,0.0,0.0,0.0,0.0,0.0,0.0,0.0,0.0,0.0,0.0,0.0,0.0,1.0,,2021-01-03 15:00:00,28752.602,7.986833888888889,6.033333333333333,10.033333333333331
P007,0.0,0.0,0.0,0.0,0.0,0.0,0.0,0.0,0.046,4.0,0.0,0.0,1114.8279369999998,118.0,0.0,120.0,0.0,120.0,0.0,120.0,0.0,120.0,0.0,120.0,0.0,120.0,0.0,120.0,0.0,120.0,0.0,120.0,0.0,120.0,0.0,120.0,0.0,120.0,0.0963185287241423,3.0,1.0,1.0,118.0,0.0,3.0,1033.0,2.3119399999999994,110.0,0.0,0.0,0.0,0.0,0.0,0.0,0.0,0.0,0.0,0.0,0.0,0.0,0.0,0.0,0.0,0.0,0.0,0.0,0.0,0.0,0.0,0.0,1.0,1.0,2021-01-03 16:00:00,28752.602,7.986833888888889,6.033333333333333,10.033333333333331
P007,0.0,0.0,0.0,0.0,0.0,0.0,0.0,0.0,0.0,0.0,0.0,0.0,0.0,0.0,0.0,0.0,0.0,0.0,0.0,0.0,0.0,0.0,0.0,0.0,0.0,0.0,0.0,0.0,0.0,0.0,0.0,0.0,0.0,0.0,0.0,0.0,0.0,0.0,0.0,0.0,0.0,0.0,0.0,0.0,0.0,0.0,0.0,0.0,0.0,0.0,0.0,0.0,0.0,0.0,0.0,0.0,0.0,0.0,0.0,0.0,0.0,0.0,0.0,0.0,0.0,0.0,0.0,0.0,0.0,0.0,,1.0,2021-01-03 17:00:00,28752.602,7.986833888888889,6.033333333333333,10.033333333333331
P007,1.0,0.0,0.0,0.0,0.0,0.0,0.0,8.583333333333334,0.0,0.0,0.0,0.0,2088.002,1.0,0.0,3.0,0.0,3.0,0.0,3.0,0.0,3.0,0.0,3.0,0.0,3.0,0.0,3.0,0.0,3.0,0.0,3.0,0.0,3.0,0.0,3.0,0.0,3.0,1.0986122886681096,2.0,1.0,1.0,1.0,0.0,12.0,1.0,0.0,0.0,0.0,0.0,0.0,0.0,0.0,0.0,0.0,0.0,0.0,0.0,0.0,0.0,0.0,0.0,0.0,0.0,0.0,0.0,0.0,0.0,0.0,0.0,1.0,,2021-01-03 18:00:00,28752.602,7.986833888888889,6.033333333333333,10.033333333333331
P007,1.0,0.0,0.0,0.0,0.0,0.0,0.0,17.316666666666666,0.0,0.0,0.0,0.0,1169.726007,2.0,0.0,6.0,0.0,6.0,0.0,6.0,0.0,6.0,0.0,6.0,0.0,6.0,0.0,6.0,0.0,6.0,0.0,6.0,0.0,6.0,0.0,6.0,0.0,6.0,1.0986122886681096,5.0,2.0,2.0,2.0,712.0,12.0,1.0,0.0,0.0,0.0,0.0,0.0,0.0,0.0,0.0,0.0,0.0,0.0,0.0,0.0,0.0,0.0,0.0,0.0,0.0,0.0,0.0,0.0,0.0,0.0,0.0,0.0,1.0,2021-01-03 19:00:00,28752.602,7.986833888888889,6.033333333333333,10.033333333333331
P007,1.0,0.0,0.0,0.0,0.0,0.0,0.0,53.35,0.0,0.0,229.067995,6.0,1792.914995,8.0,0.0,12.0,0.0,12.0,0.0,12.0,0.0,12.0,0.0,12.0,0.0,12.0,0.0,12.0,0.0,12.0,0.0,12.0,0.0,12.0,0.0,12.0,0.0,12.0,0.8675632284814612,6.0,2.0,2.0,8.0,228.0,13.0,206.0,0.0,0.0,0.0,0.0,0.0,0.0,0.0,0.0,0.0,0.0,0.0,0.0,0.0,0.0,0.0,0.0,0.0,0.0,0.0,0.0,0.0,0.0,0.0,0.0,0.0,0.0,2021-01-03 20:00:00,28752.602,7.986833888888889,6.033333333333333,10.033333333333331
P007,1.0,0.0,0.0,0.0,0.0,0.0,0.0,48.65,0.0,0.0,0.626996,17.0,1552.741983,32.0,0.0,38.0,0.0,38.0,0.0,38.0,0.0,38.0,0.0,38.0,0.0,38.0,0.0,38.0,0.0,38.0,0.0,38.0,0.0,38.0,0.0,38.0,0.0,38.0,0.5456066170527041,10.0,3.0,3.0,32.0,598.0,23.0,286.0,0.0,0.0,0.0,0.0,0.0,0.0,0.0,0.0,0.0,0.0,0.0,0.0,0.0,0.0,0.0,0.0,0.0,0.0,0.0,0.0,0.0,0.0,0.0,0.0,0.0,0.0,2021-01-03 21:00:00,28752.602,7.986833888888889,6.033333333333333,10.033333333333331
P007,1.0,0.0,0.0,0.0,0.0,0.0,0.0,10.6,0.0,0.0,0.0,0.0,0.0,0.0,0.0,0.0,0.0,0.0,0.0,0.0,0.0,0.0,0.0,0.0,0.0,0.0,0.0,0.0,0.0,0.0,0.0,0.0,0.0,0.0,0.0,0.0,0.0,0.0,0.0,0.0,0.0,0.0,0.0,0.0,0.0,0.0,0.0,0.0,0.0,0.0,0.0,0.0,0.0,0.0,0.0,0.0,0.0,0.0,0.0,0.0,0.0,0.0,0.0,0.0,0.0,0.0,0.0,0.0,0.0,0.0,,0.0,2021-01-03 22:00:00,28752.602,7.986833888888889,6.033333333333333,10.033333333333331
P007,1.0,0.0,0.0,0.0,0.0,0.0,0.0,45.41666666666666,0.0,0.0,0.0,0.0,828.712985,4.0,0.0,10.0,0.0,10.0,0.0,10.0,0.0,10.0,0.0,10.0,0.0,10.0,0.0,10.0,0.0,10.0,0.0,10.0,0.0,10.0,0.0,10.0,0.0,10.0,1.0888999753452238,8.0,3.0,3.0,4.0,2348.0,63.0,64.0,0.17,1.0,0.0,0.0,0.0,0.0,0.0,0.0,0.0,0.0,0.0,0.0,0.0,0.0,0.0,0.0,0.0,0.0,0.0,0.0,0.0,0.0,0.0,0.0,0.0,,2021-01-04 14:00:00,8944.431,2.484564166666667,3.3166666666666664,4.566666666666666
P007,1.0,0.0,0.0,0.0,0.0,0.0,0.0,34.983333333333334,0.0,0.0,0.0,0.0,0.0,0.0,0.0,1.0,0.0,1.0,0.0,1.0,0.0,1.0,0.0,1.0,0.0,1.0,0.0,1.0,0.0,1.0,0.0,1.0,0.0,1.0,0.0,1.0,0.0,1.0,0.0,0.0,0.0,1.0,0.0,0.0,1.0,0.0,0.0,0.0,0.0,0.0,0.0,0.0,0.0,0.0,0.0,0.0,0.0,0.0,0.0,0.0,0.0,0.0,0.0,0.0,0.0,0.0,0.0,0.0,0.0,0.0,0.0,0.0,2021-01-04 15:00:00,8944.431,2.484564166666667,3.3166666666666664,4.566666666666666
P007,1.0,0.0,0.0,0.0,0.0,0.0,0.0,3.3,0.0,0.0,109.058973,42.0,1376.769972,46.0,1263.2479445934296,1247.0,401.439,1247.0,1263.2479445934296,1247.0,0.0,1247.0,0.0,1247.0,0.0,1247.0,0.0,1247.0,401.439,1247.0,0.0,1247.0,0.0,1247.0,0.0,1247.0,0.0,1247.0,0.0184407232700676,5.0,2.0,1.0,1244.0,107.0,11.0,1669.0,0.0,0.0,0.0,0.0,0.0,0.0,0.0,0.0,0.0,0.0,0.0,0.0,0.0,0.0,0.0,0.0,0.0,0.0,0.0,0.0,0.0,0.0,0.0,0.0,,0.0,2021-01-04 16:00:00,8944.431,2.484564166666667,3.3166666666666664,4.566666666666666
P007,1.0,0.0,0.0,0.0,0.0,0.0,0.0,29.08333333333333,0.0,0.0,0.478996,9.0,0.650992,16.0,668.799297451973,571.0,336.569,571.0,668.799297451973,571.0,0.0,571.0,0.0,571.0,0.0,571.0,0.0,571.0,336.569,571.0,0.0,571.0,0.0,571.0,0.0,571.0,0.0,571.0,0.0465900609066666,5.0,2.0,2.0,567.0,86.0,34.0,2377.0,0.0,0.0,0.044999,3.0,0.0,0.0,0.0,0.0,0.0,0.0,2.0,0.0,0.0,738.0,0.0,2.0,2016.0,0.0,0.0,0.0,0.0,0.0,0.0,0.0,0.0,,2021-01-04 18:00:00,8944.431,2.484564166666667,3.3166666666666664,4.566666666666666
P007,1.0,0.0,0.0,0.0,0.0,0.0,0.0,23.65,0.0,0.0,0.201996,7.0,1.871994,17.0,10.761297225952148,21.0,1.824,21.0,0.0,21.0,0.0,21.0,0.0,21.0,0.0,21.0,0.0,21.0,0.0,21.0,0.0,21.0,0.0,21.0,0.0,21.0,0.0,21.0,0.1914440819577173,1.0,1.0,0.0,20.0,0.0,0.0,948.0,0.0,0.0,0.0,0.0,0.0,0.0,0.0,0.0,0.0,0.0,0.0,0.0,0.0,0.0,0.0,0.0,0.0,0.0,0.0,0.0,0.0,0.0,0.0,0.0,0.0,0.0,2021-01-04 19:00:00,8944.431,2.484564166666667,3.3166666666666664,4.566666666666666
P007,1.0,0.0,0.0,0.0,0.0,0.0,0.0,2.5166666666666666,0.0,0.0,0.0,0.0,0.0,0.0,0.0,0.0,0.0,0.0,0.0,0.0,0.0,0.0,0.0,0.0,0.0,0.0,0.0,0.0,0.0,0.0,0.0,0.0,0.0,0.0,0.0,0.0,0.0,0.0,0.0,0.0,0.0,0.0,0.0,0.0,0.0,0.0,0.0,0.0,0.0,0.0,0.0,0.0,0.0,0.0,0.0,0.0,0.0,0.0,0.0,0.0,0.0,0.0,0.0,0.0,0.0,0.0,0.0,0.0,0.0,0.0,1.0,0.0,2021-01-04 20:00:00,8944.431,2.484564166666667,3.3166666666666664,4.566666666666666
P007,1.0,0.0,0.0,0.0,0.0,0.0,0.0,17.95,0.0,0.0,0.0,0.0,0.0,0.0,0.0,0.0,0.0,0.0,0.0,0.0,0.0,0.0,0.0,0.0,0.0,0.0,0.0,0.0,0.0,0.0,0.0,0.0,0.0,0.0,0.0,0.0,0.0,0.0,0.0,0.0,0.0,0.0,0.0,0.0,0.0,0.0,0.0,0.0,0.0,0.0,0.0,0.0,0.0,0.0,0.0,0.0,0.0,0.0,0.0,0.0,0.0,0.0,0.0,0.0,0.0,0.0,0.0,0.0,0.0,0.0,1.0,1.0,2021-01-04 21:00:00,8944.431,2.484564166666667,3.3166666666666664,4.566666666666666
P007,0.0,0.0,0.0,0.0,0.0,0.0,0.0,0.0,0.0,0.0,0.0,0.0,0.0,0.0,0.0,0.0,0.0,0.0,0.0,0.0,0.0,0.0,0.0,0.0,0.0,0.0,0.0,0.0,0.0,0.0,0.0,0.0,0.0,0.0,0.0,0.0,0.0,0.0,0.0,0.0,0.0,0.0,0.0,0.0,0.0,0.0,0.0,0.0,0.0,0.0,0.0,0.0,0.0,0.0,0.0,0.0,0.0,0.0,0.0,0.0,0.0,0.0,0.0,0.0,0.0,0.0,0.0,0.0,0.0,0.0,,1.0,2021-01-04 22:00:00,8944.431,2.484564166666667,3.3166666666666664,4.566666666666666
P007,1.0,0.0,0.0,0.0,0.0,0.0,0.0,50.63333333333333,0.0,0.0,1.162976,53.0,1381.8939409999996,70.0,147.36353290081024,248.0,63.427,248.0,147.36353290081024,248.0,0.0,248.0,0.0,248.0,0.0,248.0,0.0,248.0,63.427,248.0,0.0,248.0,0.0,248.0,0.0,248.0,0.0,248.0,0.0731281173561999,5.0,1.0,2.0,245.0,1066.0,178.0,1851.0,0.0,0.0,0.0,0.0,0.0,0.0,0.0,0.0,0.0,0.0,0.0,0.0,0.0,0.0,0.0,1.0,1.0,0.0,0.0,0.0,0.0,0.0,0.0,0.0,0.0,,2021-01-05 13:00:00,8963.222,2.489783888888889,6.5,7.75
P007,1.0,0.0,0.0,0.0,0.0,0.0,0.0,16.95,0.106995,5.0,0.402995,20.0,419.191972,51.0,39.4880074262619,77.0,11.144,77.0,39.4880074262619,77.0,0.0,77.0,0.0,77.0,0.0,77.0,0.0,77.0,11.144,77.0,0.0,77.0,0.0,77.0,0.0,77.0,0.0,77.0,0.2840379959279669,8.0,3.0,2.0,72.0,416.0,28.0,684.0,0.0,0.0,0.0,0.0,0.0,0.0,0.0,0.0,0.0,0.0,1.0,0.0,0.0,1.0,0.0,0.0,0.0,0.0,0.0,0.0,0.0,0.0,0.0,0.0,1.0,0.0,2021-01-05 14:00:00,8963.222,2.489783888888889,6.5,7.75
P007,1.0,0.0,0.0,0.0,0.0,0.0,0.0,45.333333333333336,1415.601,1.0,0.0,0.0,1417.132988,21.0,0.0,21.0,0.0,21.0,0.0,21.0,0.0,21.0,0.0,21.0,0.0,21.0,0.0,21.0,0.0,21.0,0.0,21.0,0.0,21.0,0.0,21.0,0.0,21.0,0.0,0.0,0.0,0.0,21.0,0.0,0.0,3.0,0.0,0.0,0.0,0.0,0.0,0.0,0.0,0.0,0.0,0.0,0.0,0.0,0.0,0.0,0.0,0.0,0.0,0.0,0.0,0.0,0.0,0.0,0.0,0.0,1.0,1.0,2021-01-05 15:00:00,8963.222,2.489783888888889,6.5,7.75
P007,1.0,0.0,0.0,0.0,0.0,0.0,0.0,53.63333333333333,0.0,0.0,0.0,0.0,0.0,0.0,0.0,0.0,0.0,0.0,0.0,0.0,0.0,0.0,0.0,0.0,0.0,0.0,0.0,0.0,0.0,0.0,0.0,0.0,0.0,0.0,0.0,0.0,0.0,0.0,0.0,0.0,0.0,0.0,0.0,0.0,0.0,0.0,0.0,0.0,0.0,0.0,0.0,0.0,0.0,0.0,0.0,0.0,0.0,0.0,0.0,0.0,0.0,0.0,0.0,0.0,0.0,0.0,0.0,0.0,0.0,0.0,1.0,1.0,2021-01-05 16:00:00,8963.222,2.489783888888889,6.5,7.75
P007,1.0,0.0,0.0,0.0,0.0,0.0,0.0,30.23333333333333,0.0,0.0,0.0,0.0,0.0,0.0,0.0,0.0,0.0,0.0,0.0,0.0,0.0,0.0,0.0,0.0,0.0,0.0,0.0,0.0,0.0,0.0,0.0,0.0,0.0,0.0,0.0,0.0,0.0,0.0,0.0,0.0,0.0,0.0,0.0,0.0,0.0,0.0,0.0,0.0,0.0,0.0,0.0,0.0,0.0,0.0,0.0,0.0,0.0,0.0,0.0,0.0,0.0,0.0,0.0,0.0,0.0,0.0,0.0,0.0,0.0,0.0,,1.0,2021-01-05 17:00:00,8963.222,2.489783888888889,6.5,7.75
P007,1.0,0.0,0.0,0.0,0.0,0.0,0.0,22.966666666666665,0.0,0.0,0.0,0.0,0.0,0.0,0.0,0.0,0.0,0.0,0.0,0.0,0.0,0.0,0.0,0.0,0.0,0.0,0.0,0.0,0.0,0.0,0.0,0.0,0.0,0.0,0.0,0.0,0.0,0.0,0.0,0.0,0.0,0.0,0.0,0.0,0.0,0.0,0.0,0.0,0.0,0.0,0.0,0.0,0.0,0.0,0.0,0.0,0.0,0.0,0.0,0.0,0.0,0.0,0.0,0.0,0.0,0.0,0.0,0.0,0.0,0.0,0.0,,2021-01-05 18:00:00,8963.222,2.489783888888889,6.5,7.75
P007,1.0,0.0,0.0,0.0,0.0,0.0,0.0,48.46666666666667,0.0,0.0,0.0,0.0,0.0,0.0,0.0,0.0,0.0,0.0,0.0,0.0,0.0,0.0,0.0,0.0,0.0,0.0,0.0,0.0,0.0,0.0,0.0,0.0,0.0,0.0,0.0,0.0,0.0,0.0,0.0,0.0,0.0,0.0,0.0,0.0,0.0,0.0,0.0,0.0,0.0,0.0,0.0,0.0,0.0,0.0,0.0,0.0,0.0,0.0,0.0,0.0,0.0,0.0,0.0,0.0,0.0,0.0,0.0,0.0,0.0,0.0,0.0,0.0,2021-01-05 19:00:00,8963.222,2.489783888888889,6.5,7.75
P007,1.0,0.0,0.0,0.0,0.0,0.0,0.0,0.0,0.0,0.0,0.0,0.0,0.0,0.0,0.0,0.0,0.0,0.0,0.0,0.0,0.0,0.0,0.0,0.0,0.0,0.0,0.0,0.0,0.0,0.0,0.0,0.0,0.0,0.0,0.0,0.0,0.0,0.0,0.0,0.0,0.0,0.0,0.0,0.0,0.0,0.0,0.0,0.0,0.0,0.0,0.0,0.0,0.0,0.0,0.0,0.0,0.0,0.0,0.0,0.0,0.0,0.0,0.0,0.0,0.0,0.0,0.0,0.0,0.0,0.0,1.0,0.0,2021-01-05 20:00:00,8963.222,2.489783888888889,6.5,7.75
P007,1.0,0.0,0.0,0.0,0.0,0.0,0.0,38.61666666666667,0.2709979999999999,4.0,2.015967,59.0,1523.2529210000002,171.0,107.17461478710176,268.0,38.541,268.0,86.37135076522827,268.0,0.0,268.0,0.0,268.0,0.0,268.0,20.80326402187348,268.0,16.835,268.0,0.0,268.0,0.0,268.0,0.0,268.0,15.241,268.0,0.068544076602391,5.0,1.0,2.0,265.0,289.0,10.0,2079.0,1.820953,88.0,0.0,0.0,0.0,0.0,0.0,0.0,0.0,0.0,1.0,0.0,0.0,0.0,0.0,1.0,1086.0,0.0,0.0,0.0,0.0,0.0,0.0,0.0,0.0,1.0,2021-01-05 21:00:00,8963.222,2.489783888888889,6.5,7.75
P007,1.0,0.0,0.0,0.0,0.0,0.0,0.0,2.3666666666666667,2595.180897,18.0,3.820962,72.0,2726.266856,94.0,3.605551242828369,123.0,24.263,123.0,0.0,123.0,0.0,123.0,0.0,123.0,0.0,123.0,3.605551242828369,123.0,0.0,123.0,0.0,123.0,0.0,123.0,0.0,123.0,24.263,123.0,0.1973638926563796,9.0,3.0,2.0,118.0,2719.0,5.0,825.0,0.0,0.0,0.0,0.0,0.0,0.0,0.0,0.0,0.0,0.0,0.0,0.0,0.0,0.0,0.0,0.0,0.0,0.0,0.0,0.0,0.0,0.0,0.0,0.0,,0.0,2021-01-05 22:00:00,8963.222,2.489783888888889,6.5,7.75
P007,1.0,0.0,0.0,0.0,0.0,0.0,0.0,52.25,0.0,0.0,0.032999,1.0,3592.780999,2.0,28.487475752830505,34.0,9.133,34.0,28.487475752830505,34.0,0.0,34.0,0.0,34.0,0.0,34.0,0.0,34.0,9.133,34.0,0.0,34.0,0.0,34.0,0.0,34.0,0.0,34.0,0.0,0.0,0.0,0.0,34.0,0.0,0.0,42.0,0.0,0.0,0.0,0.0,0.0,0.0,0.0,0.0,0.0,0.0,0.0,0.0,0.0,0.0,0.0,0.0,0.0,0.0,0.0,0.0,0.0,0.0,0.0,0.0,0.0,,2021-01-06 14:00:00,13570.877,3.769688055555556,4.4,6.283333333333333
P007,1.0,0.0,0.0,0.0,0.0,0.0,0.0,0.0,584.835021,1.0,92.062998,11.0,678.6250019999999,38.0,0.0,39.0,0.0,39.0,0.0,39.0,0.0,39.0,0.0,39.0,0.0,39.0,0.0,39.0,0.0,39.0,0.0,39.0,0.0,39.0,0.0,39.0,0.0,39.0,0.1192469263962449,2.0,1.0,0.0,38.0,583.0,0.0,919.0,0.0,0.0,0.0,0.0,0.0,0.0,0.0,0.0,0.0,0.0,0.0,0.0,0.0,0.0,0.0,0.0,0.0,0.0,0.0,0.0,0.0,0.0,0.0,0.0,1.0,0.0,2021-01-06 15:00:00,13570.877,3.769688055555556,4.4,6.283333333333333
P007,0.0,0.0,0.0,0.0,0.0,0.0,0.0,0.0,0.0,0.0,0.0,0.0,0.0,0.0,0.0,0.0,0.0,0.0,0.0,0.0,0.0,0.0,0.0,0.0,0.0,0.0,0.0,0.0,0.0,0.0,0.0,0.0,0.0,0.0,0.0,0.0,0.0,0.0,0.0,0.0,0.0,0.0,0.0,0.0,0.0,0.0,0.0,0.0,0.0,0.0,0.0,0.0,0.0,0.0,0.0,0.0,0.0,0.0,0.0,0.0,0.0,0.0,0.0,0.0,0.0,0.0,0.0,0.0,0.0,0.0,,1.0,2021-01-06 16:00:00,13570.877,3.769688055555556,4.4,6.283333333333333
P007,0.0,0.0,0.0,0.0,0.0,0.0,0.0,0.0,0.0,0.0,0.0,0.0,0.0,0.0,0.0,0.0,0.0,0.0,0.0,0.0,0.0,0.0,0.0,0.0,0.0,0.0,0.0,0.0,0.0,0.0,0.0,0.0,0.0,0.0,0.0,0.0,0.0,0.0,0.0,0.0,0.0,0.0,0.0,0.0,0.0,0.0,0.0,0.0,0.0,0.0,0.0,0.0,0.0,0.0,0.0,0.0,0.0,0.0,0.0,0.0,0.0,0.0,0.0,0.0,0.0,0.0,0.0,0.0,0.0,0.0,0.0,,2021-01-06 17:00:00,13570.877,3.769688055555556,4.4,6.283333333333333
P007,0.0,0.0,0.0,0.0,0.0,0.0,0.0,0.0,0.0,0.0,0.0709989999999999,2.0,2986.521082,4.0,0.0,8.0,0.0,8.0,0.0,8.0,0.0,8.0,0.0,8.0,0.0,8.0,0.0,8.0,0.0,8.0,0.0,8.0,0.0,8.0,0.0,8.0,0.0,8.0,1.039720770839918,6.0,2.0,2.0,4.0,2775.0,26.0,42.0,0.0,0.0,0.0,0.0,0.0,0.0,0.0,0.0,0.0,0.0,0.0,0.0,0.0,0.0,0.0,0.0,0.0,0.0,0.0,0.0,0.0,0.0,0.0,0.0,0.0,0.0,2021-01-06 18:00:00,13570.877,3.769688055555556,4.4,6.283333333333333
P007,1.0,0.0,0.0,0.0,0.0,0.0,0.0,43.71666666666667,0.0,0.0,0.926986,38.0,2753.4169649999994,53.0,0.0,110.0,31.045,110.0,0.0,110.0,0.0,110.0,0.0,110.0,0.0,110.0,0.0,110.0,0.0,110.0,0.0,110.0,0.0,110.0,0.0,110.0,0.0,110.0,0.2154988385772873,8.0,2.0,3.0,105.0,2114.0,9.0,804.0,0.0,0.0,0.119999,1.0,0.0,0.0,0.0,0.0,0.0,0.0,0.0,0.0,0.0,0.0,0.0,0.0,0.0,0.0,0.0,0.0,0.0,0.0,0.0,0.0,1.0,0.0,2021-01-06 19:00:00,13570.877,3.769688055555556,4.4,6.283333333333333
P007,1.0,0.0,0.0,0.0,0.0,0.0,0.0,0.0,0.0,0.0,0.0,0.0,0.037,1.0,0.0,2.0,0.0,2.0,0.0,2.0,0.0,2.0,0.0,2.0,0.0,2.0,0.0,2.0,0.0,2.0,0.0,2.0,0.0,2.0,0.0,2.0,0.0,2.0,0.6931471805599453,1.0,1.0,0.0,1.0,0.0,0.0,7.0,0.0,0.0,0.0,0.0,0.0,0.0,0.0,0.0,0.0,0.0,0.0,0.0,0.0,0.0,0.0,0.0,0.0,0.0,0.0,0.0,0.0,0.0,0.0,0.0,,1.0,2021-01-06 20:00:00,13570.877,3.769688055555556,4.4,6.283333333333333
P007,1.0,0.0,0.0,0.0,0.0,0.0,0.0,21.58333333333333,0.0,0.0,2750.992,1.0,2750.992,1.0,0.0,1.0,0.0,1.0,0.0,1.0,0.0,1.0,0.0,1.0,0.0,1.0,0.0,1.0,0.0,1.0,0.0,1.0,0.0,1.0,0.0,1.0,0.0,1.0,0.0,0.0,0.0,0.0,1.0,0.0,0.0,1.0,0.0,0.0,0.0,0.0,0.0,0.0,0.0,0.0,0.0,0.0,0.0,0.0,0.0,0.0,0.0,0.0,0.0,0.0,0.0,0.0,0.0,0.0,0.0,0.0,0.0,,2021-01-06 21:00:00,13570.877,3.769688055555556,4.4,6.283333333333333
P007,1.0,0.0,0.0,0.0,0.0,0.0,0.0,36.03333333333333,0.0,0.0,0.0,0.0,0.0,0.0,0.0,0.0,0.0,0.0,0.0,0.0,0.0,0.0,0.0,0.0,0.0,0.0,0.0,0.0,0.0,0.0,0.0,0.0,0.0,0.0,0.0,0.0,0.0,0.0,0.0,0.0,0.0,0.0,0.0,0.0,0.0,0.0,0.0,0.0,0.0,0.0,0.0,0.0,0.0,0.0,0.0,0.0,0.0,0.0,0.0,0.0,0.0,0.0,0.0,0.0,0.0,0.0,0.0,0.0,0.0,0.0,1.0,0.0,2021-01-06 22:00:00,13570.877,3.769688055555556,4.4,6.283333333333333
P007,1.0,0.0,0.0,0.0,0.0,0.0,0.0,29.6,0.0,0.0,0.0,0.0,0.0,0.0,0.0,0.0,0.0,0.0,0.0,0.0,0.0,0.0,0.0,0.0,0.0,0.0,0.0,0.0,0.0,0.0,0.0,0.0,0.0,0.0,0.0,0.0,0.0,0.0,0.0,0.0,0.0,0.0,0.0,0.0,0.0,0.0,0.0,0.0,0.0,0.0,0.0,0.0,0.0,0.0,0.0,0.0,0.0,0.0,0.0,0.0,0.0,0.0,0.0,0.0,0.0,0.0,0.0,0.0,0.0,0.0,,1.0,2021-01-06 23:00:00,13570.877,3.769688055555556,4.4,6.283333333333333
P008,3.0,12.366666666666667,0.0,2.0166666666666666,0.0,0.0,0.0,1.5,0.0,0.0,3249.987996,36.0,3300.461992,43.0,0.0,55.0,0.0,55.0,0.0,55.0,0.0,55.0,0.0,55.0,0.0,55.0,0.0,55.0,0.0,55.0,0.0,55.0,0.0,55.0,0.0,55.0,0.0,55.0,0.6758292105859283,15.0,6.0,6.0,43.0,2467.0,30.0,970.0,0.0,0.0,0.0,0.0,0.0,0.0,0.0,0.0,0.0,1.0,1.0,2.0,197.0,0.0,395.0,1.0,109.0,0.0,0.0,0.0,2.0,2.0,0.0,0.0,0.0,,2020-12-08 09:00:00,,,,
P008,2.0,11.666666666666666,0.0,0.0,0.0,0.0,0.0,5.283333333333333,0.0,0.0,0.110997,9.0,3370.6009630000003,15.0,0.0,27.0,0.0,27.0,0.0,27.0,0.0,27.0,0.0,27.0,0.0,27.0,0.0,27.0,0.0,27.0,0.0,27.0,0.0,27.0,0.0,27.0,0.0,27.0,0.9950269901795212,13.0,6.0,6.0,15.0,735.0,220.0,103.0,0.0,0.0,0.0,0.0,0.0,0.0,0.0,0.0,0.0,1.0,0.0,1.0,62.0,0.0,254.0,1.0,0.0,0.0,0.0,0.0,0.0,0.0,0.0,0.0,,0.0,2020-12-08 10:00:00,,,,
P008,2.0,2.05,0.0,0.0,56.45,0.0,0.0,0.0,0.0,0.0,2932.2760809999995,18.0,3376.341075,22.0,0.0,32.0,0.0,32.0,0.0,32.0,0.0,32.0,0.0,32.0,0.0,32.0,0.0,32.0,0.0,32.0,0.0,32.0,0.0,32.0,0.0,32.0,0.0,32.0,0.8376948684802281,12.0,5.0,5.0,22.0,3031.0,16.0,156.0,0.0,0.0,0.0,0.0,0.0,0.0,0.0,0.0,0.0,0.0,1.0,1.0,0.0,0.0,395.0,0.0,0.0,0.0,0.0,0.0,0.0,0.0,0.0,0.0,0.0,,2020-12-08 11:00:00,,,,
P008,1.0,0.0,0.0,0.0,45.93333333333333,0.0,0.0,0.0,0.0,0.0,376.42301,10.0,3007.4639890000003,17.0,0.0,35.0,0.0,35.0,0.0,35.0,0.0,35.0,0.0,35.0,0.0,35.0,0.0,35.0,0.0,35.0,0.0,35.0,0.0,35.0,0.0,35.0,0.0,35.0,1.0492146546034815,23.0,9.0,9.0,17.0,1146.0,106.0,49.0,0.0,0.0,0.0,0.0,0.0,0.0,0.0,0.0,0.0,0.0,2.0,2.0,0.0,64.0,311.0,0.0,0.0,0.0,0.0,0.0,0.0,0.0,0.0,0.0,1.0,0.0,2020-12-08 12:00:00,,,,
P008,1.0,0.0,0.0,0.0,0.0,0.0,0.0,0.0,0.0,0.0,2515.286,1.0,3249.614017,7.0,0.0,17.0,0.0,17.0,0.0,17.0,0.0,17.0,0.0,17.0,0.0,17.0,0.0,17.0,0.0,17.0,0.0,17.0,0.0,17.0,0.0,17.0,0.0,17.0,1.0852280400722043,12.0,5.0,5.0,7.0,720.0,16.0,244.0,0.0,0.0,732.356018,1.0,0.0,0.0,0.0,0.0,0.0,0.0,0.0,0.0,0.0,0.0,0.0,0.0,0.0,0.0,0.0,0.0,0.0,0.0,0.0,0.0,0.0,1.0,2020-12-08 13:00:00,,,,
P008,3.0,8.316666666666666,0.0,0.0,3.3833333333333333,0.0,0.0,32.166666666666664,0.0,0.0,0.283992,15.0,1801.184995,21.0,0.0,37.0,0.0,37.0,0.0,37.0,0.0,37.0,0.0,37.0,0.0,37.0,0.0,37.0,0.0,37.0,0.0,37.0,0.0,37.0,0.0,37.0,0.0,37.0,0.9837277542910012,18.0,8.0,8.0,21.0,2012.0,97.0,200.0,0.0,0.0,0.0,0.0,0.0,0.0,0.0,0.0,0.0,0.0,1.0,2.0,0.0,0.0,246.0,1.0,200.0,0.0,0.0,0.0,0.0,0.0,0.0,0.0,,0.0,2020-12-08 14:00:00,,,,
P008,0.0,0.0,0.0,0.0,0.0,0.0,0.0,0.0,0.0,0.0,0.0,0.0,0.0,0.0,0.0,0.0,0.0,0.0,0.0,0.0,0.0,0.0,0.0,0.0,0.0,0.0,0.0,0.0,0.0,0.0,0.0,0.0,0.0,0.0,0.0,0.0,0.0,0.0,0.0,0.0,0.0,0.0,0.0,0.0,0.0,0.0,0.0,0.0,0.0,0.0,0.0,0.0,0.0,0.0,0.0,0.0,0.0,0.0,0.0,0.0,0.0,0.0,0.0,0.0,0.0,0.0,0.0,0.0,0.0,0.0,0.0,,2020-12-08 16:00:00,,,,
P008,0.0,0.0,0.0,0.0,0.0,0.0,0.0,0.0,0.0,0.0,0.0,0.0,0.0,0.0,0.0,0.0,0.0,0.0,0.0,0.0,0.0,0.0,0.0,0.0,0.0,0.0,0.0,0.0,0.0,0.0,0.0,0.0,0.0,0.0,0.0,0.0,0.0,0.0,0.0,0.0,0.0,0.0,0.0,0.0,0.0,0.0,0.0,0.0,0.0,0.0,0.0,0.0,0.0,0.0,0.0,0.0,0.0,0.0,0.0,0.0,0.0,0.0,0.0,0.0,0.0,0.0,0.0,0.0,0.0,0.0,,0.0,2020-12-08 17:00:00,,,,
P008,1.0,0.0,0.0,0.0,0.0,0.0,0.0,0.0,0.0,0.0,0.0,0.0,0.0,0.0,0.0,0.0,0.0,0.0,0.0,0.0,0.0,0.0,0.0,0.0,0.0,0.0,0.0,0.0,0.0,0.0,0.0,0.0,0.0,0.0,0.0,0.0,0.0,0.0,0.0,0.0,0.0,0.0,0.0,0.0,0.0,0.0,0.0,0.0,0.0,0.0,0.0,0.0,0.0,0.0,0.0,0.0,0.0,0.0,0.0,0.0,0.0,0.0,0.0,0.0,0.0,0.0,0.0,0.0,0.0,0.0,0.0,,2020-12-08 18:00:00,,,,
P008,1.0,0.0,0.0,0.0,0.0,0.0,0.0,0.0,0.0,0.0,0.0,0.0,0.0,0.0,0.0,0.0,0.0,0.0,0.0,0.0,0.0,0.0,0.0,0.0,0.0,0.0,0.0,0.0,0.0,0.0,0.0,0.0,0.0,0.0,0.0,0.0,0.0,0.0,0.0,0.0,0.0,0.0,0.0,0.0,0.0,0.0,0.0,0.0,0.0,0.0,0.0,0.0,0.0,0.0,0.0,0.0,0.0,0.0,0.0,0.0,0.0,0.0,0.0,0.0,0.0,0.0,0.0,0.0,0.0,0.0,,0.0,2020-12-08 19:00:00,,,,
P008,0.0,0.0,0.0,0.0,0.0,0.0,0.0,0.0,0.0,0.0,0.0,0.0,0.0,0.0,0.0,0.0,0.0,0.0,0.0,0.0,0.0,0.0,0.0,0.0,0.0,0.0,0.0,0.0,0.0,0.0,0.0,0.0,0.0,0.0,0.0,0.0,0.0,0.0,0.0,0.0,0.0,0.0,0.0,0.0,0.0,0.0,0.0,0.0,0.0,0.0,0.0,0.0,0.0,0.0,0.0,0.0,0.0,0.0,0.0,0.0,0.0,0.0,0.0,0.0,0.0,0.0,0.0,0.0,0.0,0.0,0.0,,2020-12-08 20:00:00,,,,
P008,1.0,0.0,0.0,0.0,0.0,0.0,0.0,14.65,0.0,0.0,0.5669759999999999,54.0,3044.970967,71.0,0.0,83.0,0.0,83.0,0.0,83.0,0.0,83.0,0.0,83.0,0.0,83.0,0.0,83.0,0.0,83.0,0.0,83.0,0.0,83.0,0.0,83.0,0.0,83.0,0.5134022354993684,14.0,6.0,6.0,71.0,1994.0,79.0,511.0,0.0,0.0,0.0,0.0,0.0,0.0,0.0,0.0,0.0,0.0,0.0,0.0,0.0,0.0,0.0,0.0,0.0,0.0,0.0,0.0,0.0,0.0,0.0,0.0,,0.0,2020-12-08 21:00:00,,,,
P008,3.0,2.9,31.15,0.0,7.283333333333333,0.0,0.0,0.0,496.711992,7.0,127.106988,38.0,1768.6709819999996,57.0,0.0,89.0,0.0,89.0,0.0,89.0,0.0,89.0,0.0,89.0,0.0,89.0,0.0,89.0,0.0,89.0,0.0,89.0,0.0,89.0,0.0,89.0,0.0,89.0,0.902380623909192,38.0,16.0,16.0,57.0,1563.0,213.0,470.0,0.0,0.0,0.0,0.0,0.0,0.0,0.0,0.0,0.0,0.0,4.0,4.0,0.0,903.0,548.0,0.0,0.0,0.0,0.0,0.0,0.0,0.0,0.0,0.0,0.0,,2020-12-09 10:00:00,24275.152,6.743097777777777,21.716666666666665,1.1
P008,1.0,0.0,41.25,0.0,0.0,0.0,0.0,0.0,1382.672,1.0,7.566996,7.0,1390.398996,11.0,0.0,15.0,0.0,15.0,0.0,15.0,0.0,15.0,0.0,15.0,0.0,15.0,0.0,15.0,0.0,15.0,0.0,15.0,0.0,15.0,0.0,15.0,0.0,15.0,0.7647544195674196,5.0,2.0,2.0,11.0,998.0,378.0,369.0,0.078,1.0,0.0,0.0,0.0,0.0,0.0,0.0,0.0,0.0,1.0,1.0,0.0,484.0,1.0,1.0,0.0,0.0,0.0,0.0,0.0,0.0,0.0,0.0,,0.0,2020-12-09 11:00:00,24275.152,6.743097777777777,21.716666666666665,1.1
P008,1.0,0.0,0.0,0.0,0.0,0.0,0.0,0.0,0.0,0.0,0.037998,3.0,3125.68699,6.0,0.0,9.0,0.0,9.0,0.0,9.0,0.0,9.0,0.0,9.0,0.0,9.0,0.0,9.0,0.0,9.0,0.0,9.0,0.0,9.0,0.0,9.0,0.0,9.0,0.8486855577264172,4.0,2.0,1.0,6.0,175.0,0.0,31.0,0.0,0.0,0.0,0.0,0.0,0.0,0.0,0.0,0.0,0.0,0.0,0.0,0.0,0.0,0.0,0.0,0.0,0.0,0.0,0.0,0.0,0.0,0.0,0.0,0.0,,2020-12-09 13:00:00,24275.152,6.743097777777777,21.716666666666665,1.1
P008,1.0,0.0,0.0,0.0,0.0,0.0,0.0,0.0,0.0,0.0,0.0,0.0,0.0,0.0,0.0,6.0,0.0,6.0,0.0,6.0,0.0,6.0,0.0,6.0,0.0,6.0,0.0,6.0,0.0,6.0,0.0,6.0,0.0,6.0,0.0,6.0,0.0,6.0,0.6931471805599453,5.0,3.0,3.0,0.0,364.0,34.0,0.0,0.0,0.0,0.0,0.0,0.0,0.0,0.0,0.0,0.0,0.0,0.0,0.0,0.0,0.0,0.0,0.0,0.0,0.0,0.0,0.0,0.0,0.0,0.0,0.0,1.0,0.0,2020-12-09 14:00:00,24275.152,6.743097777777777,21.716666666666665,1.1
P008,1.0,0.0,0.0,0.0,0.0,0.0,0.0,0.0,0.0,0.0,0.0,0.0,0.0,0.0,0.0,0.0,0.0,0.0,0.0,0.0,0.0,0.0,0.0,0.0,0.0,0.0,0.0,0.0,0.0,0.0,0.0,0.0,0.0,0.0,0.0,0.0,0.0,0.0,0.0,0.0,0.0,0.0,0.0,0.0,0.0,0.0,0.0,0.0,0.0,0.0,0.0,0.0,0.0,0.0,0.0,0.0,0.0,0.0,0.0,0.0,0.0,0.0,0.0,0.0,0.0,0.0,0.0,0.0,0.0,0.0,0.0,1.0,2020-12-09 15:00:00,24275.152,6.743097777777777,21.716666666666665,1.1
P008,1.0,0.0,0.0,0.0,0.0,0.0,0.0,27.53333333333333,0.0,0.0,0.0,0.0,0.0,0.0,0.0,0.0,0.0,0.0,0.0,0.0,0.0,0.0,0.0,0.0,0.0,0.0,0.0,0.0,0.0,0.0,0.0,0.0,0.0,0.0,0.0,0.0,0.0,0.0,0.0,0.0,0.0,0.0,0.0,0.0,0.0,0.0,0.0,0.0,0.0,0.0,0.0,0.0,0.0,0.0,0.0,0.0,0.0,0.0,0.0,0.0,0.0,0.0,0.0,0.0,0.0,0.0,0.0,0.0,0.0,0.0,,0.0,2020-12-09 16:00:00,24275.152,6.743097777777777,21.716666666666665,1.1
P008,1.0,0.0,0.0,0.0,0.0,0.0,0.0,31.3,0.0,0.0,0.0,0.0,524.489,1.0,0.0,1.0,0.0,1.0,0.0,1.0,0.0,1.0,0.0,1.0,0.0,1.0,0.0,1.0,0.0,1.0,0.0,1.0,0.0,1.0,0.0,1.0,0.0,1.0,0.0,0.0,0.0,0.0,1.0,0.0,0.0,1.0,0.0,0.0,0.0,0.0,0.0,0.0,0.0,0.0,0.0,0.0,0.0,0.0,0.0,0.0,0.0,0.0,0.0,0.0,0.0,0.0,0.0,0.0,0.0,0.0,1.0,,2020-12-09 18:00:00,24275.152,6.743097777777777,21.716666666666665,1.1
P008,0.0,0.0,0.0,0.0,0.0,0.0,0.0,0.0,0.0,0.0,0.0,0.0,0.0,0.0,0.0,0.0,0.0,0.0,0.0,0.0,0.0,0.0,0.0,0.0,0.0,0.0,0.0,0.0,0.0,0.0,0.0,0.0,0.0,0.0,0.0,0.0,0.0,0.0,0.0,0.0,0.0,0.0,0.0,0.0,0.0,0.0,0.0,0.0,0.0,0.0,0.0,0.0,0.0,0.0,0.0,0.0,0.0,0.0,0.0,0.0,0.0,0.0,0.0,0.0,0.0,0.0,0.0,0.0,0.0,0.0,,1.0,2020-12-09 19:00:00,24275.152,6.743097777777777,21.716666666666665,1.1
P008,1.0,0.0,0.0,0.0,0.0,0.0,0.0,0.0,0.0,0.0,0.0,0.0,94.130997,6.0,0.0,10.0,0.0,10.0,0.0,10.0,0.0,10.0,0.0,10.0,0.0,10.0,0.0,10.0,0.0,10.0,0.0,10.0,0.0,10.0,0.0,10.0,0.0,10.0,0.9502705392332348,4.0,2.0,2.0,6.0,79.0,11.0,13.0,0.0,0.0,0.0,0.0,0.0,0.0,0.0,0.0,0.0,0.0,1.0,0.0,0.0,1.0,0.0,0.0,0.0,0.0,0.0,0.0,0.0,0.0,0.0,0.0,1.0,,2020-12-10 09:00:00,22448.728,6.235757777777778,0.0333333333333333,3.15
P008,0.0,0.0,0.0,0.0,0.0,0.0,0.0,0.0,0.0,0.0,0.062995,7.0,916.771994,9.0,0.0,13.0,0.0,13.0,0.0,13.0,0.0,13.0,0.0,13.0,0.0,13.0,0.0,13.0,0.0,13.0,0.0,13.0,0.0,13.0,0.0,13.0,0.0,13.0,0.8305178252872478,4.0,2.0,2.0,9.0,2355.0,6.0,25.0,0.0,0.0,0.0,0.0,0.0,0.0,0.0,0.0,0.0,0.0,0.0,0.0,0.0,0.0,0.0,0.0,0.0,0.0,0.0,0.0,0.0,0.0,0.0,0.0,0.0,1.0,2020-12-10 10:00:00,22448.728,6.235757777777778,0.0333333333333333,3.15
P008,2.0,9.95,0.0,0.0,0.0,0.0,0.0,45.71666666666667,0.0,0.0,0.0,0.0,997.803984,6.0,0.0,22.0,0.0,22.0,0.0,22.0,0.0,22.0,0.0,22.0,0.0,22.0,0.0,22.0,0.0,22.0,0.0,22.0,0.0,22.0,0.0,22.0,0.0,22.0,1.0900596587107838,17.0,8.0,8.0,6.0,3031.0,376.0,70.0,0.0,0.0,0.0,0.0,0.0,0.0,0.0,0.0,0.0,0.0,2.0,1.0,0.0,106.0,352.0,1.0,933.0,0.0,0.0,0.0,0.0,0.0,0.0,0.0,1.0,0.0,2020-12-10 11:00:00,22448.728,6.235757777777778,0.0333333333333333,3.15
P008,1.0,0.0,0.0,0.0,0.0,0.0,0.0,41.583333333333336,275.069993,2.0,2434.155984,31.0,2892.254971,54.0,0.0,70.0,0.0,70.0,0.0,70.0,0.0,70.0,0.0,70.0,0.0,70.0,0.0,70.0,0.0,70.0,0.0,70.0,0.0,70.0,0.0,70.0,0.0,70.0,0.6959780537443848,22.0,8.0,8.0,54.0,2780.0,62.0,236.0,0.089,1.0,0.0,0.0,0.0,0.0,0.0,0.0,0.0,0.0,0.0,0.0,0.0,0.0,0.0,0.0,0.0,0.0,0.0,0.0,0.0,0.0,0.0,0.0,,1.0,2020-12-10 12:00:00,22448.728,6.235757777777778,0.0333333333333333,3.15
P008,1.0,0.0,0.0,0.0,0.0,0.0,0.0,20.666666666666668,0.0,0.0,832.345999,45.0,832.376999,47.0,0.0,50.0,0.0,50.0,0.0,50.0,0.0,50.0,0.0,50.0,0.0,50.0,0.0,50.0,0.0,50.0,0.0,50.0,0.0,50.0,0.0,50.0,0.0,50.0,0.2651583725982932,4.0,2.0,1.0,47.0,821.0,8.0,490.0,0.0,0.0,0.0,0.0,0.0,0.0,0.0,0.0,0.0,0.0,0.0,0.0,0.0,0.0,0.0,0.0,0.0,0.0,0.0,0.0,0.0,0.0,0.0,0.0,0.0,,2020-12-10 14:00:00,22448.728,6.235757777777778,0.0333333333333333,3.15
P008,0.0,0.0,0.0,0.0,0.0,0.0,0.0,0.0,0.0,0.0,0.0,0.0,1645.252,2.0,0.0,4.0,0.0,4.0,0.0,4.0,0.0,4.0,0.0,4.0,0.0,4.0,0.0,4.0,0.0,4.0,0.0,4.0,0.0,4.0,0.0,4.0,0.0,4.0,1.039720770839918,2.0,1.0,1.0,2.0,0.0,39.0,2.0,0.0,0.0,0.0,0.0,0.0,0.0,0.0,0.0,0.0,0.0,0.0,0.0,0.0,0.0,0.0,0.0,0.0,0.0,0.0,0.0,0.0,0.0,0.0,0.0,1.0,0.0,2020-12-10 15:00:00,22448.728,6.235757777777778,0.0333333333333333,3.15
P008,1.0,0.0,0.0,0.0,0.0,0.0,0.0,0.0,0.0,0.0,0.133993,11.0,206.981992,15.0,0.0,17.0,0.0,17.0,0.0,17.0,0.0,17.0,0.0,17.0,0.0,17.0,0.0,17.0,0.0,17.0,0.0,17.0,0.0,17.0,0.0,17.0,0.0,17.0,0.4437572842601484,2.0,1.0,1.0,15.0,0.0,4.0,73.0,0.0,0.0,0.0,0.0,0.0,0.0,0.0,0.0,0.0,0.0,0.0,0.0,0.0,0.0,0.0,0.0,0.0,0.0,0.0,0.0,0.0,0.0,0.0,0.0,,1.0,2020-12-10 16:00:00,22448.728,6.235757777777778,0.0333333333333333,3.15
P008,0.0,0.0,0.0,0.0,0.0,0.0,0.0,0.0,0.0,0.0,0.0,0.0,0.0,0.0,0.0,0.0,0.0,0.0,0.0,0.0,0.0,0.0,0.0,0.0,0.0,0.0,0.0,0.0,0.0,0.0,0.0,0.0,0.0,0.0,0.0,0.0,0.0,0.0,0.0,0.0,0.0,0.0,0.0,0.0,0.0,0.0,0.0,0.0,0.0,0.0,0.0,0.0,0.0,0.0,0.0,0.0,0.0,0.0,0.0,0.0,0.0,0.0,0.0,0.0,0.0,0.0,0.0,0.0,0.0,0.0,0.0,,2020-12-10 19:00:00,22448.728,6.235757777777778,0.0333333333333333,3.15
P008,0.0,0.0,0.0,0.0,0.0,0.0,0.0,0.0,0.0,0.0,0.0,0.0,0.0,0.0,0.0,0.0,0.0,0.0,0.0,0.0,0.0,0.0,0.0,0.0,0.0,0.0,0.0,0.0,0.0,0.0,0.0,0.0,0.0,0.0,0.0,0.0,0.0,0.0,0.0,0.0,0.0,0.0,0.0,0.0,0.0,0.0,0.0,0.0,0.0,0.0,0.0,0.0,0.0,0.0,0.0,0.0,0.0,0.0,0.0,0.0,0.0,0.0,0.0,0.0,0.0,0.0,0.0,0.0,0.0,0.0,,0.0,2020-12-10 20:00:00,22448.728,6.235757777777778,0.0333333333333333,3.15
P008,2.0,8.483333333333333,0.0,0.0,0.0,0.0,0.0,47.96666666666667,0.048,1.0,2175.460972,53.0,2175.63097,60.0,0.0,94.0,0.0,94.0,0.0,94.0,0.0,94.0,0.0,94.0,0.0,94.0,0.0,94.0,0.0,94.0,0.0,94.0,0.0,94.0,0.0,94.0,0.0,94.0,0.9051040649164146,37.0,17.0,17.0,60.0,1899.0,120.0,408.0,0.0,0.0,0.054999,2.0,0.0,0.0,0.0,0.0,0.0,0.0,5.0,3.0,0.0,1789.0,327.0,2.0,786.0,0.0,0.0,0.0,0.0,0.0,0.0,0.0,0.0,,2020-12-11 09:00:00,13932.416,3.870115555555556,2.6,4.533333333333333
P008,1.0,0.0,0.0,0.0,0.0,0.0,0.0,0.0,0.0,0.0,0.0,0.0,1154.386993,4.0,0.0,12.0,0.0,12.0,0.0,12.0,0.0,12.0,0.0,12.0,0.0,12.0,0.0,12.0,0.0,12.0,0.0,12.0,0.0,12.0,0.0,12.0,0.0,12.0,1.0986122886681096,9.0,4.0,4.0,4.0,2236.0,80.0,3.0,0.0,0.0,0.0,0.0,0.0,0.0,0.0,0.0,0.0,0.0,0.0,0.0,0.0,0.0,0.0,0.0,0.0,0.0,0.0,0.0,0.0,0.0,2.0,42.0,,0.0,2020-12-11 10:00:00,13932.416,3.870115555555556,2.6,4.533333333333333
P008,0.0,0.0,0.0,0.0,0.0,0.0,0.0,0.0,0.0,0.0,0.098999,1.0,1211.1069980000002,3.0,0.0,9.0,0.0,9.0,0.0,9.0,0.0,9.0,0.0,9.0,0.0,9.0,0.0,9.0,0.0,9.0,0.0,9.0,0.0,9.0,0.0,9.0,0.0,9.0,1.0986122886681096,6.0,3.0,3.0,3.0,2070.0,36.0,126.0,0.0,0.0,0.0,0.0,0.0,0.0,0.0,0.0,0.0,0.0,0.0,0.0,0.0,0.0,0.0,0.0,0.0,0.0,0.0,0.0,0.0,0.0,0.0,0.0,0.0,,2020-12-11 11:00:00,13932.416,3.870115555555556,2.6,4.533333333333333
P008,2.0,24.866666666666667,0.0,0.0,0.0,0.0,0.0,8.116666666666667,0.0,0.0,442.31999,43.0,2650.189936,62.0,0.0,74.0,0.0,74.0,0.0,74.0,0.0,74.0,0.0,74.0,0.0,74.0,0.0,74.0,0.0,74.0,0.0,74.0,0.0,74.0,0.0,74.0,0.0,74.0,0.5556401539672464,15.0,6.0,6.0,62.0,1982.0,49.0,223.0,0.061,1.0,0.0,0.0,0.0,0.0,0.0,0.0,0.0,0.0,2.0,2.0,0.0,59.0,1169.0,1.0,385.0,0.0,0.0,0.0,0.0,0.0,0.0,0.0,1.0,0.0,2020-12-11 12:00:00,13932.416,3.870115555555556,2.6,4.533333333333333
P008,1.0,0.0,0.0,0.0,0.0,0.0,0.0,7.2,0.0,0.0,3.7149840000000007,53.0,3054.452988,64.0,0.0,74.0,0.0,74.0,0.0,74.0,0.0,74.0,0.0,74.0,0.0,74.0,0.0,74.0,0.0,74.0,0.0,74.0,0.0,74.0,0.0,74.0,0.0,74.0,0.4897016275371426,13.0,5.0,5.0,64.0,2528.0,45.0,341.0,0.0,0.0,0.0,0.0,0.0,0.0,0.0,0.0,0.0,0.0,0.0,0.0,0.0,0.0,0.0,0.0,0.0,0.0,0.0,0.0,0.0,0.0,0.0,0.0,,1.0,2020-12-11 13:00:00,13932.416,3.870115555555556,2.6,4.533333333333333
P008,1.0,0.0,0.0,0.0,0.0,0.0,0.0,37.583333333333336,0.0,0.0,1884.580979,94.0,2237.441971,111.0,0.0,135.0,0.0,135.0,0.0,135.0,0.0,135.0,0.0,135.0,0.0,135.0,0.0,135.0,0.0,135.0,0.0,135.0,0.0,135.0,0.0,135.0,0.0,135.0,0.5912332085081992,29.0,12.0,12.0,111.0,652.0,73.0,518.0,0.034998,2.0,0.0,0.0,0.0,0.0,0.0,0.0,0.0,0.0,1.0,0.0,0.0,0.0,0.0,1.0,661.0,0.0,0.0,0.0,0.0,0.0,0.0,0.0,0.0,,2020-12-11 14:00:00,13932.416,3.870115555555556,2.6,4.533333333333333
P008,1.0,0.0,0.0,0.0,0.0,0.0,0.0,42.083333333333336,0.0,0.0,43.768998,6.0,2857.493996,9.0,0.0,17.0,0.0,17.0,0.0,17.0,0.0,17.0,0.0,17.0,0.0,17.0,0.0,17.0,0.0,17.0,0.0,17.0,0.0,17.0,0.0,17.0,0.0,17.0,1.0176029861159162,10.0,4.0,4.0,9.0,1851.0,22.0,43.0,0.0,0.0,0.0,0.0,0.0,0.0,0.0,0.0,0.0,0.0,0.0,0.0,0.0,0.0,0.0,0.0,0.0,0.0,0.0,0.0,0.0,0.0,0.0,0.0,,0.0,2020-12-11 15:00:00,13932.416,3.870115555555556,2.6,4.533333333333333
P008,1.0,0.0,0.0,0.0,0.0,0.0,0.0,0.0,0.0,0.0,0.0,0.0,0.0,0.0,0.0,0.0,0.0,0.0,0.0,0.0,0.0,0.0,0.0,0.0,0.0,0.0,0.0,0.0,0.0,0.0,0.0,0.0,0.0,0.0,0.0,0.0,0.0,0.0,0.0,0.0,0.0,0.0,0.0,0.0,0.0,0.0,0.0,0.0,0.0,0.0,0.0,0.0,0.0,0.0,0.0,0.0,0.0,0.0,0.0,0.0,0.0,0.0,0.0,0.0,0.0,0.0,0.0,0.0,0.0,0.0,1.0,,2020-12-11 16:00:00,13932.416,3.870115555555556,2.6,4.533333333333333
P008,1.0,0.0,0.0,0.0,0.0,0.0,0.0,0.0,0.0,0.0,0.0,0.0,0.0,0.0,0.0,0.0,0.0,0.0,0.0,0.0,0.0,0.0,0.0,0.0,0.0,0.0,0.0,0.0,0.0,0.0,0.0,0.0,0.0,0.0,0.0,0.0,0.0,0.0,0.0,0.0,0.0,0.0,0.0,0.0,0.0,0.0,0.0,0.0,0.0,0.0,0.0,0.0,0.0,0.0,0.0,0.0,0.0,0.0,0.0,0.0,0.0,0.0,0.0,0.0,0.0,0.0,0.0,0.0,0.0,0.0,,1.0,2020-12-11 17:00:00,13932.416,3.870115555555556,2.6,4.533333333333333
P008,1.0,0.0,0.0,0.0,0.0,0.0,0.0,24.916666666666668,0.0,0.0,0.127996,9.0,1600.734017,13.0,0.0,23.0,0.0,23.0,0.0,23.0,0.0,23.0,0.0,23.0,0.0,23.0,0.0,23.0,0.0,23.0,0.0,23.0,0.0,23.0,0.0,23.0,0.0,23.0,0.985984617175194,12.0,5.0,5.0,13.0,1438.0,94.0,37.0,0.0,0.0,0.0,0.0,0.0,0.0,0.0,0.0,0.0,0.0,1.0,0.0,0.0,0.0,0.0,1.0,518.0,0.0,0.0,0.0,0.0,0.0,0.0,0.0,0.0,,2020-12-12 11:00:00,31865.605,8.851556944444445,1.0666666666666669,5.5
P008,1.0,0.0,0.0,0.0,0.0,0.0,0.0,0.0,0.0,0.0,1196.435058,1.0,2992.248057,4.0,0.0,6.0,0.0,6.0,0.0,6.0,0.0,6.0,0.0,6.0,0.0,6.0,0.0,6.0,0.0,6.0,0.0,6.0,0.0,6.0,0.0,6.0,0.0,6.0,0.8675632284814612,3.0,1.0,1.0,4.0,1181.0,1.0,40.0,1795.8129990000002,3.0,0.0,0.0,0.0,0.0,0.0,0.0,0.0,0.0,0.0,0.0,0.0,0.0,0.0,0.0,0.0,0.0,0.0,0.0,0.0,0.0,0.0,0.0,0.0,0.0,2020-12-12 12:00:00,31865.605,8.851556944444445,1.0666666666666669,5.5
P008,1.0,0.0,0.0,0.0,0.0,0.0,0.0,48.45,0.090999,1.0,1551.6289580000002,67.0,2409.494976,94.0,0.0,104.0,0.0,104.0,0.0,104.0,0.0,104.0,0.0,104.0,0.0,104.0,0.0,104.0,0.0,104.0,0.0,104.0,0.0,104.0,0.0,104.0,0.0,104.0,0.3831977389709748,14.0,5.0,5.0,94.0,1716.0,46.0,645.0,0.0,0.0,15.194998000000002,2.0,0.0,0.0,0.0,0.0,0.0,0.0,0.0,0.0,0.0,0.0,0.0,0.0,0.0,0.0,0.0,0.0,0.0,0.0,0.0,0.0,,0.0,2020-12-12 13:00:00,31865.605,8.851556944444445,1.0666666666666669,5.5
P008,1.0,0.0,0.0,0.0,0.0,0.0,0.0,43.4,0.0,0.0,0.2629879999999999,23.0,1916.032958,33.0,0.0,47.0,0.0,47.0,0.0,47.0,0.0,47.0,0.0,47.0,0.0,47.0,0.0,47.0,0.0,47.0,0.0,47.0,0.0,47.0,0.0,47.0,0.0,47.0,0.8155201205362663,16.0,7.0,7.0,33.0,3243.0,43.0,165.0,0.0,0.0,0.0,0.0,0.0,0.0,0.0,0.0,0.0,0.0,1.0,1.0,0.0,0.0,148.0,0.0,0.0,0.0,0.0,0.0,0.0,0.0,0.0,0.0,0.0,,2020-12-12 14:00:00,31865.605,8.851556944444445,1.0666666666666669,5.5
P008,1.0,0.0,0.0,0.0,0.0,0.0,0.0,14.433333333333334,0.0,0.0,0.0,0.0,0.0,0.0,0.0,8.0,0.0,8.0,0.0,8.0,0.0,8.0,0.0,8.0,0.0,8.0,0.0,8.0,0.0,8.0,0.0,8.0,0.0,8.0,0.0,8.0,0.0,8.0,0.6931471805599453,7.0,4.0,4.0,0.0,2736.0,44.0,0.0,0.0,0.0,0.0,0.0,0.0,0.0,0.0,0.0,0.0,0.0,0.0,0.0,0.0,0.0,0.0,0.0,0.0,0.0,0.0,0.0,0.0,0.0,0.0,0.0,0.0,0.0,2020-12-12 15:00:00,31865.605,8.851556944444445,1.0666666666666669,5.5
P008,1.0,0.0,0.0,0.0,0.0,0.0,0.0,45.583333333333336,0.0,0.0,0.0,0.0,250.455,1.0,0.0,5.0,0.0,5.0,0.0,5.0,0.0,5.0,0.0,5.0,0.0,5.0,0.0,5.0,0.0,5.0,0.0,5.0,0.0,5.0,0.0,5.0,0.0,5.0,1.0549201679861442,4.0,2.0,2.0,1.0,1962.0,6.0,18.0,0.0,0.0,0.0,0.0,0.0,0.0,0.0,0.0,0.0,0.0,0.0,0.0,0.0,0.0,0.0,0.0,0.0,0.0,0.0,0.0,0.0,0.0,0.0,0.0,,0.0,2020-12-12 16:00:00,31865.605,8.851556944444445,1.0666666666666669,5.5
P008,1.0,0.0,0.0,0.0,0.0,0.0,0.0,13.766666666666667,0.0,0.0,424.584982,13.0,1935.015982,14.0,0.0,22.0,0.0,22.0,0.0,22.0,0.0,22.0,0.0,22.0,0.0,22.0,0.0,22.0,0.0,22.0,0.0,22.0,0.0,22.0,0.0,22.0,0.0,22.0,0.9075352941050092,10.0,4.0,4.0,14.0,1843.0,13.0,30.0,0.0,0.0,0.0,0.0,0.0,0.0,0.0,0.0,0.0,0.0,0.0,0.0,0.0,0.0,0.0,0.0,0.0,0.0,0.0,0.0,0.0,0.0,0.0,0.0,0.0,,2020-12-12 17:00:00,31865.605,8.851556944444445,1.0666666666666669,5.5
P008,1.0,0.0,0.0,0.0,0.0,0.0,0.0,35.8,0.0,0.0,399.2280009999999,22.0,399.2559999999999,25.0,0.0,33.0,0.0,33.0,0.0,33.0,0.0,33.0,0.0,33.0,0.0,33.0,0.0,33.0,0.0,33.0,0.0,33.0,0.0,33.0,0.0,33.0,0.0,33.0,0.7218939096281729,9.0,4.0,4.0,25.0,285.0,28.0,101.0,0.0,0.0,0.0,0.0,0.0,0.0,0.0,0.0,0.0,0.0,1.0,1.0,0.0,0.0,278.0,0.0,0.0,0.0,0.0,0.0,0.0,0.0,0.0,0.0,0.0,0.0,2020-12-12 18:00:00,31865.605,8.851556944444445,1.0666666666666669,5.5
P008,0.0,0.0,0.0,0.0,0.0,0.0,0.0,0.0,0.0,0.0,0.0,0.0,0.0,0.0,0.0,0.0,0.0,0.0,0.0,0.0,0.0,0.0,0.0,0.0,0.0,0.0,0.0,0.0,0.0,0.0,0.0,0.0,0.0,0.0,0.0,0.0,0.0,0.0,0.0,0.0,0.0,0.0,0.0,0.0,0.0,0.0,0.0,0.0,0.0,0.0,0.0,0.0,0.0,0.0,0.0,0.0,0.0,0.0,0.0,0.0,0.0,0.0,0.0,0.0,0.0,0.0,0.0,0.0,0.0,0.0,0.0,0.0,2020-12-12 19:00:00,31865.605,8.851556944444445,1.0666666666666669,5.5
P008,1.0,0.0,0.0,0.0,0.0,0.0,0.0,0.0,0.0,0.0,0.0,0.0,0.0,0.0,0.0,0.0,0.0,0.0,0.0,0.0,0.0,0.0,0.0,0.0,0.0,0.0,0.0,0.0,0.0,0.0,0.0,0.0,0.0,0.0,0.0,0.0,0.0,0.0,0.0,0.0,0.0,0.0,0.0,0.0,0.0,0.0,0.0,0.0,0.0,0.0,0.0,0.0,0.0,0.0,0.0,0.0,0.0,0.0,0.0,0.0,0.0,0.0,0.0,0.0,0.0,0.0,0.0,0.0,0.0,0.0,,0.0,2020-12-12 20:00:00,31865.605,8.851556944444445,1.0666666666666669,5.5
P008,1.0,0.0,0.0,0.0,0.0,0.0,0.0,54.43333333333333,0.062,9.0,978.605004,39.0,1955.945997,95.0,0.0,116.0,0.0,116.0,0.0,116.0,0.0,116.0,0.0,116.0,0.0,116.0,0.0,116.0,0.0,116.0,0.0,116.0,0.0,116.0,0.0,116.0,0.0,116.0,0.5982367115134861,29.0,10.0,11.0,95.0,1948.0,886.0,735.0,350.282009,4.0,0.0,0.0,0.0,0.0,0.0,0.0,0.0,0.0,0.0,0.0,0.0,0.0,0.0,0.0,0.0,0.0,0.0,0.0,0.0,0.0,0.0,0.0,0.0,,2020-12-13 10:00:00,22307.414,6.1965038888888895,0.8,3.9
P008,1.0,0.0,0.0,0.0,0.0,0.0,0.0,56.083333333333336,0.076999,6.0,1915.6089320000003,69.0,3035.22992,92.0,0.0,117.0,0.0,117.0,0.0,117.0,0.0,117.0,0.0,117.0,0.0,117.0,0.0,117.0,0.0,117.0,0.0,117.0,0.0,117.0,0.0,117.0,0.0,117.0,0.6667229046014511,29.0,13.0,12.0,92.0,2950.0,87.0,541.0,0.0,0.0,0.0,0.0,0.0,0.0,0.0,0.0,0.0,0.0,0.0,0.0,0.0,0.0,0.0,0.0,0.0,0.0,0.0,0.0,0.0,0.0,0.0,0.0,0.0,0.0,2020-12-13 11:00:00,22307.414,6.1965038888888895,0.8,3.9
P008,1.0,0.0,0.0,0.0,0.0,0.0,0.0,13.75,0.0,0.0,1135.821993,8.0,3121.708993,10.0,0.0,24.0,0.0,24.0,0.0,24.0,0.0,24.0,0.0,24.0,0.0,24.0,0.0,24.0,0.0,24.0,0.0,24.0,0.0,24.0,0.0,24.0,0.0,24.0,1.0835291213181606,16.0,7.0,7.0,10.0,2738.0,216.0,11.0,0.0,0.0,0.0,0.0,0.0,0.0,0.0,0.0,0.0,0.0,0.0,0.0,0.0,0.0,0.0,0.0,0.0,0.0,0.0,0.0,0.0,0.0,0.0,0.0,,0.0,2020-12-13 12:00:00,22307.414,6.1965038888888895,0.8,3.9
P008,0.0,0.0,0.0,0.0,0.0,0.0,0.0,0.0,0.0,0.0,0.0,0.0,0.0,0.0,0.0,0.0,0.0,0.0,0.0,0.0,0.0,0.0,0.0,0.0,0.0,0.0,0.0,0.0,0.0,0.0,0.0,0.0,0.0,0.0,0.0,0.0,0.0,0.0,0.0,0.0,0.0,0.0,0.0,0.0,0.0,0.0,0.0,0.0,0.0,0.0,0.0,0.0,0.0,0.0,0.0,0.0,0.0,0.0,0.0,0.0,0.0,0.0,0.0,0.0,0.0,0.0,0.0,0.0,0.0,0.0,0.0,,2020-12-13 14:00:00,22307.414,6.1965038888888895,0.8,3.9
P008,0.0,0.0,0.0,0.0,0.0,0.0,0.0,0.0,0.0,0.0,0.0,0.0,0.0,0.0,0.0,0.0,0.0,0.0,0.0,0.0,0.0,0.0,0.0,0.0,0.0,0.0,0.0,0.0,0.0,0.0,0.0,0.0,0.0,0.0,0.0,0.0,0.0,0.0,0.0,0.0,0.0,0.0,0.0,0.0,0.0,0.0,0.0,0.0,0.0,0.0,0.0,0.0,0.0,0.0,0.0,0.0,0.0,0.0,0.0,0.0,0.0,0.0,0.0,0.0,0.0,0.0,0.0,0.0,0.0,0.0,0.0,0.0,2020-12-13 15:00:00,22307.414,6.1965038888888895,0.8,3.9
P008,1.0,0.0,0.0,0.0,0.0,0.0,0.0,30.25,0.0,0.0,203.901,1.0,203.901,1.0,0.0,5.0,0.0,5.0,0.0,5.0,0.0,5.0,0.0,5.0,0.0,5.0,0.0,5.0,0.0,5.0,0.0,5.0,0.0,5.0,0.0,5.0,0.0,5.0,1.0549201679861442,4.0,2.0,2.0,1.0,1.0,40.0,1.0,0.0,0.0,0.0,0.0,0.0,0.0,0.0,0.0,0.0,0.0,0.0,0.0,0.0,0.0,0.0,0.0,0.0,0.0,0.0,0.0,0.0,0.0,0.0,0.0,,0.0,2020-12-13 16:00:00,22307.414,6.1965038888888895,0.8,3.9
P008,0.0,0.0,0.0,0.0,0.0,0.0,0.0,0.0,0.0,0.0,0.0,0.0,0.0,0.0,0.0,0.0,0.0,0.0,0.0,0.0,0.0,0.0,0.0,0.0,0.0,0.0,0.0,0.0,0.0,0.0,0.0,0.0,0.0,0.0,0.0,0.0,0.0,0.0,0.0,0.0,0.0,0.0,0.0,0.0,0.0,0.0,0.0,0.0,0.0,0.0,0.0,0.0,0.0,0.0,0.0,0.0,0.0,0.0,0.0,0.0,0.0,0.0,0.0,0.0,0.0,0.0,0.0,0.0,0.0,0.0,0.0,,2020-12-13 18:00:00,22307.414,6.1965038888888895,0.8,3.9
P008,0.0,0.0,0.0,0.0,0.0,0.0,0.0,0.0,0.0,0.0,0.0,0.0,0.0,0.0,0.0,0.0,0.0,0.0,0.0,0.0,0.0,0.0,0.0,0.0,0.0,0.0,0.0,0.0,0.0,0.0,0.0,0.0,0.0,0.0,0.0,0.0,0.0,0.0,0.0,0.0,0.0,0.0,0.0,0.0,0.0,0.0,0.0,0.0,0.0,0.0,0.0,0.0,0.0,0.0,0.0,0.0,0.0,0.0,0.0,0.0,0.0,0.0,0.0,0.0,0.0,0.0,0.0,0.0,0.0,0.0,,0.0,2020-12-13 19:00:00,22307.414,6.1965038888888895,0.8,3.9
P008,0.0,0.0,0.0,0.0,0.0,0.0,0.0,0.0,0.0,0.0,0.0,0.0,0.0,0.0,0.0,0.0,0.0,0.0,0.0,0.0,0.0,0.0,0.0,0.0,0.0,0.0,0.0,0.0,0.0,0.0,0.0,0.0,0.0,0.0,0.0,0.0,0.0,0.0,0.0,0.0,0.0,0.0,0.0,0.0,0.0,0.0,0.0,0.0,0.0,0.0,0.0,0.0,0.0,0.0,0.0,0.0,0.0,0.0,0.0,0.0,0.0,0.0,0.0,0.0,0.0,0.0,0.0,0.0,0.0,0.0,0.0,,2020-12-13 20:00:00,22307.414,6.1965038888888895,0.8,3.9
P008,0.0,0.0,0.0,0.0,0.0,0.0,0.0,0.0,0.0,0.0,0.1199959999999999,12.0,3496.432995,14.0,0.0,15.0,0.0,15.0,0.0,15.0,0.0,15.0,0.0,15.0,0.0,15.0,0.0,15.0,0.0,15.0,0.0,15.0,0.0,15.0,0.0,15.0,0.0,15.0,0.2449300267946353,1.0,0.0,1.0,14.0,0.0,5.0,82.0,0.0,0.0,0.0,0.0,0.0,0.0,0.0,0.0,0.0,0.0,0.0,0.0,0.0,0.0,0.0,0.0,0.0,0.0,0.0,0.0,0.0,0.0,0.0,0.0,,0.0,2020-12-13 21:00:00,22307.414,6.1965038888888895,0.8,3.9
P008,2.0,2.0166666666666666,49.25,0.0,0.0,0.0,0.0,0.0,24.299,3.0,892.3079799999998,27.0,2082.786954,48.0,0.0,80.0,0.0,80.0,0.0,80.0,0.0,80.0,0.0,80.0,0.0,80.0,0.0,80.0,0.0,80.0,0.0,80.0,0.0,80.0,0.0,80.0,0.0,80.0,0.9502705392332348,40.0,16.0,16.0,48.0,1862.0,400.0,746.0,450.901989,3.0,0.0,0.0,0.0,0.0,0.0,0.0,0.0,0.0,2.0,1.0,0.0,2087.0,583.0,0.0,0.0,0.0,0.0,0.0,1.0,1.0,1.0,325.0,1.0,,2020-12-14 11:00:00,18069.53,5.019313888888888,3.1333333333333333,5.65
P008,1.0,0.0,57.21666666666667,0.0,0.0,0.0,0.0,0.0,0.0,0.0,1934.453949,20.0,3230.181968,26.0,0.0,42.0,0.0,42.0,0.0,42.0,0.0,42.0,0.0,42.0,0.0,42.0,0.0,42.0,0.0,42.0,0.0,42.0,0.0,42.0,0.0,42.0,0.0,42.0,0.928584507439656,19.0,8.0,8.0,26.0,3064.0,35.0,338.0,0.0,0.0,0.0,0.0,0.0,0.0,0.0,0.0,0.0,0.0,0.0,0.0,0.0,0.0,0.0,0.0,0.0,0.0,0.0,0.0,0.0,0.0,0.0,0.0,1.0,1.0,2020-12-14 12:00:00,18069.53,5.019313888888888,3.1333333333333333,5.65
P008,1.0,0.0,37.61666666666667,0.0,0.0,0.0,0.0,0.0,0.0,0.0,916.790983,51.0,2761.5549799999994,69.0,0.0,87.0,0.0,87.0,0.0,87.0,0.0,87.0,0.0,87.0,0.0,87.0,0.0,87.0,0.0,87.0,0.0,87.0,0.0,87.0,0.0,87.0,0.0,87.0,0.6532254610768498,23.0,9.0,9.0,69.0,2769.0,20.0,578.0,0.0,0.0,0.0,0.0,0.0,0.0,0.0,0.0,0.0,0.0,0.0,1.0,0.0,0.0,1.0,0.0,0.0,0.0,0.0,0.0,0.0,0.0,0.0,0.0,0.0,1.0,2020-12-14 13:00:00,18069.53,5.019313888888888,3.1333333333333333,5.65
P008,3.0,17.016666666666666,2.0166666666666666,0.0,0.0,0.0,0.0,3.7666666666666666,0.0,0.0,0.212997,18.0,847.6859999999999,28.0,0.0,50.0,0.0,50.0,0.0,50.0,0.0,50.0,0.0,50.0,0.0,50.0,0.0,50.0,0.0,50.0,0.0,50.0,0.0,50.0,0.0,50.0,0.0,50.0,0.9909145596987488,25.0,11.0,11.0,28.0,1008.0,68.0,552.0,0.0,0.0,0.0,0.0,0.0,0.0,0.0,0.0,0.0,0.0,1.0,1.0,0.0,0.0,130.0,1.0,764.0,0.0,0.0,0.0,0.0,0.0,0.0,0.0,0.0,0.0,2020-12-14 14:00:00,18069.53,5.019313888888888,3.1333333333333333,5.65
P008,0.0,0.0,0.0,0.0,0.0,0.0,0.0,0.0,0.0,0.0,0.0,0.0,0.0,0.0,0.0,0.0,0.0,0.0,0.0,0.0,0.0,0.0,0.0,0.0,0.0,0.0,0.0,0.0,0.0,0.0,0.0,0.0,0.0,0.0,0.0,0.0,0.0,0.0,0.0,0.0,0.0,0.0,0.0,0.0,0.0,0.0,0.0,0.0,0.0,0.0,0.0,0.0,0.0,0.0,0.0,0.0,0.0,0.0,0.0,0.0,0.0,0.0,0.0,0.0,0.0,0.0,0.0,0.0,0.0,0.0,,0.0,2020-12-14 15:00:00,18069.53,5.019313888888888,3.1333333333333333,5.65
P008,0.0,0.0,0.0,0.0,0.0,0.0,0.0,0.0,0.0,0.0,0.0,0.0,0.0,0.0,0.0,0.0,0.0,0.0,0.0,0.0,0.0,0.0,0.0,0.0,0.0,0.0,0.0,0.0,0.0,0.0,0.0,0.0,0.0,0.0,0.0,0.0,0.0,0.0,0.0,0.0,0.0,0.0,0.0,0.0,0.0,0.0,0.0,0.0,0.0,0.0,0.0,0.0,0.0,0.0,0.0,0.0,0.0,0.0,0.0,0.0,0.0,0.0,0.0,0.0,0.0,0.0,0.0,0.0,0.0,0.0,0.0,,2020-12-14 17:00:00,18069.53,5.019313888888888,3.1333333333333333,5.65
P008,0.0,0.0,0.0,0.0,0.0,0.0,0.0,0.0,0.0,0.0,0.0,0.0,0.0,0.0,0.0,0.0,0.0,0.0,0.0,0.0,0.0,0.0,0.0,0.0,0.0,0.0,0.0,0.0,0.0,0.0,0.0,0.0,0.0,0.0,0.0,0.0,0.0,0.0,0.0,0.0,0.0,0.0,0.0,0.0,0.0,0.0,0.0,0.0,0.0,0.0,0.0,0.0,0.0,0.0,0.0,0.0,0.0,0.0,0.0,0.0,0.0,0.0,0.0,0.0,0.0,0.0,0.0,0.0,0.0,0.0,0.0,0.0,2020-12-14 18:00:00,18069.53,5.019313888888888,3.1333333333333333,5.65
P008,0.0,0.0,0.0,0.0,0.0,0.0,0.0,0.0,0.0,0.0,0.0,0.0,0.0,0.0,0.0,0.0,0.0,0.0,0.0,0.0,0.0,0.0,0.0,0.0,0.0,0.0,0.0,0.0,0.0,0.0,0.0,0.0,0.0,0.0,0.0,0.0,0.0,0.0,0.0,0.0,0.0,0.0,0.0,0.0,0.0,0.0,0.0,0.0,0.0,0.0,0.0,0.0,0.0,0.0,0.0,0.0,0.0,0.0,0.0,0.0,0.0,0.0,0.0,0.0,0.0,0.0,0.0,0.0,0.0,0.0,,0.0,2020-12-14 19:00:00,18069.53,5.019313888888888,3.1333333333333333,5.65
P008,1.0,0.0,0.0,0.0,45.4,0.0,0.0,0.0,0.0,0.0,0.0,0.0,0.0,0.0,0.0,42.0,0.0,42.0,0.0,42.0,0.0,42.0,0.0,42.0,0.0,42.0,0.0,42.0,0.0,42.0,0.0,42.0,0.0,42.0,0.0,42.0,0.0,42.0,0.6931471805599453,41.0,21.0,21.0,0.0,2857.0,383.0,0.0,0.0,0.0,0.0,0.0,0.0,0.0,0.0,0.0,0.0,0.0,2.0,2.0,0.0,31.0,431.0,0.0,0.0,0.0,0.0,0.0,0.0,0.0,0.0,0.0,1.0,,2020-12-15 10:00:00,21246.392,5.901775555555555,1.0666666666666669,4.016666666666667
P008,3.0,5.866666666666666,0.0,0.0,27.03333333333333,0.0,0.0,15.266666666666667,0.0,0.0,0.0,0.0,0.0,0.0,0.0,16.0,0.0,16.0,0.0,16.0,0.0,16.0,0.0,16.0,0.0,16.0,0.0,16.0,0.0,16.0,0.0,16.0,0.0,16.0,0.0,16.0,0.0,16.0,0.6931471805599453,15.0,8.0,8.0,0.0,2204.0,111.0,0.0,0.0,0.0,0.0,0.0,0.0,0.0,0.0,0.0,0.0,0.0,1.0,3.0,0.0,0.0,514.0,2.0,488.0,0.0,0.0,0.0,0.0,0.0,0.0,0.0,0.0,1.0,2020-12-15 11:00:00,21246.392,5.901775555555555,1.0666666666666669,4.016666666666667
P008,1.0,0.0,0.0,0.0,0.0,0.0,0.0,11.233333333333333,0.0,0.0,0.0,0.0,0.0,0.0,0.0,20.0,0.0,20.0,0.0,20.0,0.0,20.0,0.0,20.0,0.0,20.0,0.0,20.0,0.0,20.0,0.0,20.0,0.0,20.0,0.0,20.0,0.0,20.0,0.6931471805599453,19.0,10.0,10.0,0.0,2462.0,285.0,0.0,0.0,0.0,0.0,0.0,0.0,0.0,0.0,0.0,0.0,0.0,0.0,0.0,0.0,0.0,0.0,0.0,0.0,0.0,0.0,0.0,0.0,0.0,0.0,0.0,,0.0,2020-12-15 12:00:00,21246.392,5.901775555555555,1.0666666666666669,4.016666666666667
P008,1.0,0.0,0.0,0.0,0.0,0.0,0.0,25.616666666666667,0.0,0.0,0.0,0.0,0.0,0.0,0.0,18.0,0.0,18.0,0.0,18.0,0.0,18.0,0.0,18.0,0.0,18.0,0.0,18.0,0.0,18.0,0.0,18.0,0.0,18.0,0.0,18.0,0.0,18.0,0.6931471805599453,17.0,9.0,9.0,0.0,656.0,856.0,0.0,0.0,0.0,0.0,0.0,0.0,0.0,0.0,0.0,0.0,0.0,0.0,0.0,0.0,0.0,0.0,0.0,0.0,0.0,0.0,0.0,0.0,0.0,0.0,0.0,1.0,,2020-12-15 13:00:00,21246.392,5.901775555555555,1.0666666666666669,4.016666666666667
P008,1.0,0.0,0.0,0.0,0.0,0.0,0.0,31.433333333333334,0.0,0.0,0.0,0.0,0.0,0.0,0.0,6.0,0.0,6.0,0.0,6.0,0.0,6.0,0.0,6.0,0.0,6.0,0.0,6.0,0.0,6.0,0.0,6.0,0.0,6.0,0.0,6.0,0.0,6.0,0.6931471805599453,5.0,3.0,3.0,0.0,1.0,44.0,0.0,0.0,0.0,0.0,0.0,0.0,0.0,0.0,0.0,0.0,0.0,0.0,0.0,0.0,0.0,0.0,0.0,0.0,0.0,0.0,0.0,0.0,0.0,0.0,0.0,,1.0,2020-12-15 14:00:00,21246.392,5.901775555555555,1.0666666666666669,4.016666666666667
P008,1.0,0.0,0.0,0.0,0.0,0.0,0.0,32.166666666666664,0.0,0.0,0.0,0.0,0.0,0.0,0.0,0.0,0.0,0.0,0.0,0.0,0.0,0.0,0.0,0.0,0.0,0.0,0.0,0.0,0.0,0.0,0.0,0.0,0.0,0.0,0.0,0.0,0.0,0.0,0.0,0.0,0.0,0.0,0.0,0.0,0.0,0.0,0.0,0.0,0.0,0.0,0.0,0.0,0.0,0.0,0.0,0.0,0.0,0.0,0.0,0.0,0.0,0.0,0.0,0.0,0.0,0.0,0.0,0.0,0.0,0.0,0.0,,2020-12-17 20:00:00,16574.615,4.604059722222223,23.933333333333334,2.2333333333333334
P008,0.0,0.0,0.0,0.0,0.0,0.0,0.0,0.0,0.0,0.0,0.0,0.0,3169.585,1.0,0.0,5.0,0.0,5.0,0.0,5.0,0.0,5.0,0.0,5.0,0.0,5.0,0.0,5.0,0.0,5.0,0.0,5.0,0.0,5.0,0.0,5.0,0.0,5.0,1.0549201679861442,4.0,2.0,2.0,1.0,1.0,13.0,8.0,0.0,0.0,0.0,0.0,0.0,0.0,0.0,0.0,0.0,0.0,0.0,0.0,0.0,0.0,0.0,0.0,0.0,0.0,0.0,0.0,0.0,0.0,0.0,0.0,,0.0,2020-12-17 21:00:00,16574.615,4.604059722222223,23.933333333333334,2.2333333333333334
P008,4.0,23.4,0.0,25.716666666666665,0.0,0.0,0.0,3.5166666666666666,0.002,1.0,1037.032971,43.0,1929.853955,60.0,0.0,120.0,0.0,120.0,0.0,120.0,0.0,120.0,0.0,120.0,0.0,120.0,0.0,120.0,0.0,120.0,0.0,120.0,0.0,120.0,0.0,120.0,0.0,120.0,1.039720770839918,70.0,30.0,30.0,60.0,2340.0,174.0,393.0,157.901992,1.0,0.0,0.0,0.0,0.0,0.0,0.0,0.0,0.0,3.0,4.0,0.0,1028.0,1887.0,1.0,40.0,0.0,0.0,0.0,2.0,2.0,0.0,0.0,0.0,,2020-12-18 09:00:00,25753.207,7.153668611111111,23.183333333333334,2.7666666666666666
P008,1.0,0.0,0.0,0.0,0.0,0.0,0.0,50.9,0.0,0.0,28.972995000000004,11.0,3135.872874,17.0,0.0,29.0,0.0,29.0,0.0,29.0,0.0,29.0,0.0,29.0,0.0,29.0,0.0,29.0,0.0,29.0,0.0,29.0,0.0,29.0,0.0,29.0,0.0,29.0,0.9650289168936348,14.0,6.0,6.0,17.0,2830.0,22.0,141.0,0.0,0.0,0.0,0.0,0.0,0.0,0.0,0.0,0.0,0.0,0.0,0.0,0.0,0.0,0.0,0.0,0.0,0.0,0.0,0.0,0.0,0.0,0.0,0.0,0.0,0.0,2020-12-18 10:00:00,25753.207,7.153668611111111,23.183333333333334,2.7666666666666666
P008,1.0,0.0,0.0,0.0,0.0,0.0,0.0,54.6,0.002,1.0,140.76399999999998,6.0,978.319978,21.0,0.0,33.0,0.0,33.0,0.0,33.0,0.0,33.0,0.0,33.0,0.0,33.0,0.0,33.0,0.0,33.0,0.0,33.0,0.0,33.0,0.0,33.0,0.0,33.0,0.9075352941050092,17.0,6.0,6.0,21.0,796.0,273.0,353.0,0.0,0.0,0.0,0.0,0.0,0.0,0.0,0.0,0.0,0.0,0.0,0.0,0.0,0.0,0.0,0.0,0.0,0.0,0.0,0.0,1.0,1.0,1.0,443.0,,0.0,2020-12-18 11:00:00,25753.207,7.153668611111111,23.183333333333334,2.7666666666666666
P008,1.0,0.0,0.0,0.0,0.0,0.0,0.0,47.03333333333333,0.030999,1.0,957.290969,15.0,2878.113952,34.0,0.0,54.0,0.0,54.0,0.0,54.0,0.0,54.0,0.0,54.0,0.0,54.0,0.0,54.0,0.0,54.0,0.0,54.0,0.0,54.0,0.0,54.0,0.0,54.0,0.915873681808156,28.0,10.0,10.0,34.0,3178.0,46.0,257.0,663.7179840000001,8.0,0.0,0.0,0.0,0.0,0.0,0.0,0.0,0.0,0.0,0.0,0.0,0.0,0.0,0.0,0.0,0.0,0.0,0.0,0.0,0.0,0.0,0.0,0.0,,2020-12-18 12:00:00,25753.207,7.153668611111111,23.183333333333334,2.7666666666666666
P008,1.0,0.0,0.0,0.0,0.0,0.0,0.0,50.68333333333333,0.0,0.0,27.093968,76.0,1374.7429619999996,93.0,0.0,105.0,0.0,105.0,0.0,105.0,0.0,105.0,0.0,105.0,0.0,105.0,0.0,105.0,0.0,105.0,0.0,105.0,0.0,105.0,0.0,105.0,0.0,105.0,0.4345997168814333,15.0,6.0,6.0,93.0,628.0,46.0,2163.0,0.0,0.0,0.0,0.0,0.0,0.0,0.0,0.0,0.0,0.0,0.0,0.0,0.0,0.0,0.0,0.0,0.0,0.0,0.0,0.0,0.0,0.0,0.0,0.0,1.0,0.0,2020-12-18 13:00:00,25753.207,7.153668611111111,23.183333333333334,2.7666666666666666
P008,0.0,0.0,0.0,0.0,0.0,0.0,0.0,0.0,0.0,0.0,0.0,0.0,0.0,0.0,0.0,0.0,0.0,0.0,0.0,0.0,0.0,0.0,0.0,0.0,0.0,0.0,0.0,0.0,0.0,0.0,0.0,0.0,0.0,0.0,0.0,0.0,0.0,0.0,0.0,0.0,0.0,0.0,0.0,0.0,0.0,0.0,0.0,0.0,0.0,0.0,0.0,0.0,0.0,0.0,0.0,0.0,0.0,0.0,0.0,0.0,0.0,0.0,0.0,0.0,0.0,0.0,0.0,0.0,0.0,0.0,,1.0,2020-12-18 14:00:00,25753.207,7.153668611111111,23.183333333333334,2.7666666666666666
P008,0.0,0.0,0.0,0.0,0.0,0.0,0.0,0.0,0.0,0.0,0.0,0.0,0.0,0.0,0.0,0.0,0.0,0.0,0.0,0.0,0.0,0.0,0.0,0.0,0.0,0.0,0.0,0.0,0.0,0.0,0.0,0.0,0.0,0.0,0.0,0.0,0.0,0.0,0.0,0.0,0.0,0.0,0.0,0.0,0.0,0.0,0.0,0.0,0.0,0.0,0.0,0.0,0.0,0.0,0.0,0.0,0.0,0.0,0.0,0.0,0.0,0.0,0.0,0.0,0.0,0.0,0.0,0.0,0.0,0.0,0.0,,2020-12-18 15:00:00,25753.207,7.153668611111111,23.183333333333334,2.7666666666666666
P008,0.0,0.0,0.0,0.0,0.0,0.0,0.0,0.0,0.0,0.0,0.0,0.0,0.0,0.0,0.0,0.0,0.0,0.0,0.0,0.0,0.0,0.0,0.0,0.0,0.0,0.0,0.0,0.0,0.0,0.0,0.0,0.0,0.0,0.0,0.0,0.0,0.0,0.0,0.0,0.0,0.0,0.0,0.0,0.0,0.0,0.0,0.0,0.0,0.0,0.0,0.0,0.0,0.0,0.0,0.0,0.0,0.0,0.0,0.0,0.0,0.0,0.0,0.0,0.0,0.0,0.0,0.0,0.0,0.0,0.0,,0.0,2020-12-18 16:00:00,25753.207,7.153668611111111,23.183333333333334,2.7666666666666666
P008,0.0,0.0,0.0,0.0,0.0,0.0,0.0,0.0,0.0,0.0,0.0,0.0,0.0,0.0,0.0,0.0,0.0,0.0,0.0,0.0,0.0,0.0,0.0,0.0,0.0,0.0,0.0,0.0,0.0,0.0,0.0,0.0,0.0,0.0,0.0,0.0,0.0,0.0,0.0,0.0,0.0,0.0,0.0,0.0,0.0,0.0,0.0,0.0,0.0,0.0,0.0,0.0,0.0,0.0,0.0,0.0,0.0,0.0,0.0,0.0,0.0,0.0,0.0,0.0,0.0,0.0,0.0,0.0,0.0,0.0,0.0,,2020-12-18 17:00:00,25753.207,7.153668611111111,23.183333333333334,2.7666666666666666
P008,0.0,0.0,0.0,0.0,0.0,0.0,0.0,0.0,0.0,0.0,0.0,0.0,0.0,0.0,0.0,0.0,0.0,0.0,0.0,0.0,0.0,0.0,0.0,0.0,0.0,0.0,0.0,0.0,0.0,0.0,0.0,0.0,0.0,0.0,0.0,0.0,0.0,0.0,0.0,0.0,0.0,0.0,0.0,0.0,0.0,0.0,0.0,0.0,0.0,0.0,0.0,0.0,0.0,0.0,0.0,0.0,0.0,0.0,0.0,0.0,0.0,0.0,0.0,0.0,0.0,0.0,0.0,0.0,0.0,0.0,,0.0,2020-12-18 18:00:00,25753.207,7.153668611111111,23.183333333333334,2.7666666666666666
P008,2.0,0.0,0.0,41.48333333333333,0.0,0.0,0.0,0.0,0.0,0.0,695.2859810000001,51.0,1791.882968999999,75.0,0.0,99.0,0.0,99.0,0.0,99.0,0.0,99.0,0.0,99.0,0.0,99.0,0.0,99.0,0.0,99.0,0.0,99.0,0.0,99.0,0.0,99.0,0.0,99.0,0.7218939096281729,33.0,12.0,12.0,75.0,2050.0,68.0,890.0,0.0,0.0,57.801,5.0,0.0,0.0,0.0,0.0,0.0,0.0,1.0,2.0,0.0,2872.0,67.0,0.0,0.0,0.0,0.0,0.0,0.0,0.0,0.0,0.0,0.0,,2020-12-19 10:00:00,18133.827,5.037174166666667,23.03333333333333,1.55
P008,2.0,7.5,0.0,0.0,0.0,0.0,0.0,48.7,0.0,0.0,0.316987,28.0,3185.7759479999995,54.0,0.0,77.0,0.0,77.0,0.0,77.0,0.0,77.0,0.0,77.0,0.0,77.0,0.0,77.0,0.0,77.0,0.0,77.0,0.0,77.0,0.0,77.0,0.0,77.0,0.8165214437665553,32.0,11.0,12.0,54.0,3105.0,40.0,399.0,0.109,3.0,280.092004,10.0,0.0,0.0,0.0,0.0,0.0,1.0,1.0,1.0,218.0,0.0,63.0,0.0,0.0,0.0,0.0,0.0,0.0,0.0,0.0,0.0,,0.0,2020-12-19 11:00:00,18133.827,5.037174166666667,23.03333333333333,1.55
P008,1.0,0.0,0.0,0.0,0.0,0.0,0.0,35.083333333333336,0.0,0.0,435.472983,16.0,3002.872911,21.0,0.0,32.0,0.0,32.0,0.0,32.0,0.0,32.0,0.0,32.0,0.0,32.0,0.0,32.0,0.0,32.0,0.0,32.0,0.0,32.0,0.0,32.0,0.0,32.0,0.8803384787456416,15.0,6.0,5.0,21.0,2980.0,18.0,29.0,0.0,0.0,0.0,0.0,0.0,0.0,0.0,0.0,0.0,0.0,0.0,0.0,0.0,0.0,0.0,0.0,0.0,0.0,0.0,0.0,0.0,0.0,0.0,0.0,0.0,,2020-12-19 12:00:00,18133.827,5.037174166666667,23.03333333333333,1.55
P008,1.0,0.0,0.0,0.0,0.0,0.0,0.0,21.83333333333333,0.0,0.0,225.602986,33.0,2328.950931,38.0,0.0,52.0,0.0,52.0,0.0,52.0,0.0,52.0,0.0,52.0,0.0,52.0,0.0,52.0,0.0,52.0,0.0,52.0,0.0,52.0,0.0,52.0,0.0,52.0,0.7691087924972535,17.0,7.0,7.0,38.0,2056.0,53.0,197.0,0.0,0.0,0.0,0.0,0.0,0.0,0.0,0.0,0.0,0.0,0.0,0.0,0.0,0.0,0.0,0.0,0.0,0.0,0.0,0.0,0.0,0.0,0.0,0.0,,0.0,2020-12-19 13:00:00,18133.827,5.037174166666667,23.03333333333333,1.55
P008,1.0,0.0,0.0,0.0,0.0,0.0,0.0,0.0,0.0,0.0,0.0,0.0,0.0,0.0,0.0,0.0,0.0,0.0,0.0,0.0,0.0,0.0,0.0,0.0,0.0,0.0,0.0,0.0,0.0,0.0,0.0,0.0,0.0,0.0,0.0,0.0,0.0,0.0,0.0,0.0,0.0,0.0,0.0,0.0,0.0,0.0,0.0,0.0,0.0,0.0,0.0,0.0,0.0,0.0,0.0,0.0,0.0,0.0,0.0,0.0,0.0,0.0,0.0,0.0,0.0,0.0,0.0,0.0,0.0,0.0,0.0,,2020-12-19 15:00:00,18133.827,5.037174166666667,23.03333333333333,1.55
P008,1.0,0.0,0.0,0.0,0.0,0.0,0.0,0.0,0.0,0.0,0.0,0.0,0.0,0.0,0.0,0.0,0.0,0.0,0.0,0.0,0.0,0.0,0.0,0.0,0.0,0.0,0.0,0.0,0.0,0.0,0.0,0.0,0.0,0.0,0.0,0.0,0.0,0.0,0.0,0.0,0.0,0.0,0.0,0.0,0.0,0.0,0.0,0.0,0.0,0.0,0.0,0.0,0.0,0.0,0.0,0.0,0.0,0.0,0.0,0.0,0.0,0.0,0.0,0.0,0.0,0.0,0.0,0.0,0.0,0.0,0.0,0.0,2020-12-19 16:00:00,18133.827,5.037174166666667,23.03333333333333,1.55
P008,1.0,0.0,0.0,0.0,0.0,0.0,0.0,0.0,0.0,0.0,0.0,0.0,0.0,0.0,0.0,0.0,0.0,0.0,0.0,0.0,0.0,0.0,0.0,0.0,0.0,0.0,0.0,0.0,0.0,0.0,0.0,0.0,0.0,0.0,0.0,0.0,0.0,0.0,0.0,0.0,0.0,0.0,0.0,0.0,0.0,0.0,0.0,0.0,0.0,0.0,0.0,0.0,0.0,0.0,0.0,0.0,0.0,0.0,0.0,0.0,0.0,0.0,0.0,0.0,0.0,0.0,0.0,0.0,0.0,0.0,,0.0,2020-12-19 17:00:00,18133.827,5.037174166666667,23.03333333333333,1.55
P008,0.0,0.0,0.0,0.0,0.0,0.0,0.0,0.0,0.0,0.0,0.0,0.0,0.0,0.0,0.0,0.0,0.0,0.0,0.0,0.0,0.0,0.0,0.0,0.0,0.0,0.0,0.0,0.0,0.0,0.0,0.0,0.0,0.0,0.0,0.0,0.0,0.0,0.0,0.0,0.0,0.0,0.0,0.0,0.0,0.0,0.0,0.0,0.0,0.0,0.0,0.0,0.0,0.0,0.0,0.0,0.0,0.0,0.0,0.0,0.0,0.0,0.0,0.0,0.0,0.0,0.0,0.0,0.0,0.0,0.0,1.0,,2020-12-19 18:00:00,18133.827,5.037174166666667,23.03333333333333,1.55
P008,1.0,0.0,0.0,0.0,0.0,0.0,0.0,29.9,0.0,0.0,0.0,0.0,0.0,0.0,0.0,0.0,0.0,0.0,0.0,0.0,0.0,0.0,0.0,0.0,0.0,0.0,0.0,0.0,0.0,0.0,0.0,0.0,0.0,0.0,0.0,0.0,0.0,0.0,0.0,0.0,0.0,0.0,0.0,0.0,0.0,0.0,0.0,0.0,0.0,0.0,0.0,0.0,0.0,0.0,0.0,0.0,0.0,0.0,0.0,0.0,0.0,0.0,0.0,0.0,0.0,0.0,0.0,0.0,0.0,0.0,,1.0,2020-12-19 19:00:00,18133.827,5.037174166666667,23.03333333333333,1.55
P008,1.0,0.0,0.0,0.0,0.0,0.0,0.0,55.25,0.061997,4.0,0.7219840000000001,40.0,721.826953,131.0,0.0,144.0,0.0,144.0,0.0,144.0,0.0,144.0,0.0,144.0,0.0,144.0,0.0,144.0,0.0,144.0,0.0,144.0,0.0,144.0,0.0,144.0,0.0,144.0,0.3654884579224841,22.0,7.0,6.0,131.0,696.0,838.0,1692.0,0.0,0.0,0.6879740000000001,64.0,0.0,0.0,0.0,0.0,0.0,0.0,0.0,0.0,0.0,0.0,0.0,0.0,0.0,0.0,0.0,0.0,1.0,1.0,1.0,60.0,0.0,,2020-12-20 09:00:00,32193.095,8.94252638888889,22.883333333333333,3.35
P008,1.0,0.0,0.0,0.0,0.0,0.0,0.0,27.33333333333333,0.0,0.0,0.0569989999999999,6.0,3535.627004,9.0,0.0,17.0,0.0,17.0,0.0,17.0,0.0,17.0,0.0,17.0,0.0,17.0,0.0,17.0,0.0,17.0,0.0,17.0,0.0,17.0,0.0,17.0,0.0,17.0,1.0176029861159162,10.0,4.0,4.0,9.0,1670.0,32.0,33.0,1646.130004,1.0,0.0,0.0,0.0,0.0,0.0,0.0,0.0,0.0,0.0,0.0,0.0,0.0,0.0,0.0,0.0,0.0,0.0,0.0,0.0,0.0,0.0,0.0,,0.0,2020-12-20 10:00:00,32193.095,8.94252638888889,22.883333333333333,3.35
P008,0.0,0.0,0.0,0.0,0.0,0.0,0.0,0.0,0.0,0.0,0.0,0.0,0.0,0.0,0.0,0.0,0.0,0.0,0.0,0.0,0.0,0.0,0.0,0.0,0.0,0.0,0.0,0.0,0.0,0.0,0.0,0.0,0.0,0.0,0.0,0.0,0.0,0.0,0.0,0.0,0.0,0.0,0.0,0.0,0.0,0.0,0.0,0.0,0.0,0.0,0.0,0.0,0.0,0.0,0.0,0.0,0.0,0.0,0.0,0.0,0.0,0.0,0.0,0.0,0.0,0.0,0.0,0.0,0.0,0.0,0.0,,2020-12-20 15:00:00,32193.095,8.94252638888889,22.883333333333333,3.35
P008,0.0,0.0,0.0,0.0,0.0,0.0,0.0,0.0,0.0,0.0,0.0,0.0,0.0,0.0,0.0,2.0,0.0,2.0,0.0,2.0,0.0,2.0,0.0,2.0,0.0,2.0,0.0,2.0,0.0,2.0,0.0,2.0,0.0,2.0,0.0,2.0,0.0,2.0,0.6931471805599453,1.0,1.0,1.0,0.0,0.0,8.0,0.0,0.0,0.0,0.0,0.0,0.0,0.0,0.0,0.0,0.0,0.0,0.0,0.0,0.0,0.0,0.0,0.0,0.0,0.0,0.0,0.0,0.0,0.0,0.0,0.0,,0.0,2020-12-20 16:00:00,32193.095,8.94252638888889,22.883333333333333,3.35
P008,1.0,0.0,0.0,0.0,0.0,0.0,0.0,41.55,0.092,7.0,1515.71194,66.0,2191.196936,83.0,0.0,99.0,0.0,99.0,0.0,99.0,0.0,99.0,0.0,99.0,0.0,99.0,0.0,99.0,0.0,99.0,0.0,99.0,0.0,99.0,0.0,99.0,0.0,99.0,0.5543639398922162,22.0,8.0,8.0,83.0,1493.0,21.0,891.0,5.588999,2.0,0.0,0.0,0.0,0.0,0.0,0.0,0.0,0.0,0.0,0.0,0.0,0.0,0.0,0.0,0.0,0.0,0.0,0.0,1.0,1.0,1.0,113.0,0.0,,2020-12-21 12:00:00,26142.985,7.261940277777778,22.7,2.333333333333333
P008,1.0,0.0,0.0,0.0,0.0,0.0,0.0,37.71666666666667,629.042983,6.0,1208.2509770000006,54.0,2968.6119579999995,66.0,0.0,88.0,0.0,88.0,0.0,88.0,0.0,88.0,0.0,88.0,0.0,88.0,0.0,88.0,0.0,88.0,0.0,88.0,0.0,88.0,0.0,88.0,0.0,88.0,0.7356219397587946,30.0,11.0,11.0,66.0,1748.0,37.0,363.0,0.0,0.0,0.0,0.0,0.0,0.0,0.0,0.0,0.0,0.0,0.0,0.0,0.0,0.0,0.0,0.0,0.0,0.0,0.0,0.0,0.0,0.0,0.0,0.0,1.0,0.0,2020-12-21 13:00:00,26142.985,7.261940277777778,22.7,2.333333333333333
